{
  "LSTM": {
    "epochs": 10,
    "training_loss": [
      0.472492516040802,
      0.19583041965961456,
      0.1440766453742981,
      0.1034867912530899,
      0.1069963276386261,
      0.09446828067302704,
      0.09293907880783081,
      0.08395841717720032,
      0.08001911640167236,
      0.07144362479448318
    ],
    "validation_loss": [
      0.22096478939056396,
      0.0991135686635971,
      0.21848814189434052,
      0.06609758734703064,
      0.061941295862197876,
      0.06662290543317795,
      0.1081734225153923,
      0.14998126029968262,
      0.10106092691421509,
      0.13807696104049683
    ],
    "training_time_seconds": 15.570764064788818,
    "final_metrics": {
      "rmse": 4.9604158582340485,
      "mae": 3.8201714463121337,
      "r2": 0.7048451741186597,
      "mape": 2.1092532391377437
    }
  },
  "GRU": {
    "epochs": 13,
    "training_loss": [
      0.49996015429496765,
      0.14022816717624664,
      0.10373060405254364,
      0.0871153473854065,
      0.0801624059677124,
      0.07091482728719711,
      0.07703955471515656,
      0.07039660960435867,
      0.06535715609788895,
      0.06880491226911545,
      0.060394078493118286,
      0.06286773830652237,
      0.058615315705537796
    ],
    "validation_loss": [
      0.1405947357416153,
      0.16320088505744934,
      0.07852183282375336,
      0.09211665391921997,
      0.06245584040880203,
      0.05696171149611473,
      0.061206988990306854,
      0.05542607605457306,
      0.06420019268989563,
      0.10989142209291458,
      0.10332101583480835,
      0.09414710104465485,
      0.08198332786560059
    ],
    "training_time_seconds": 23.103036165237427,
    "final_metrics": {
      "rmse": 4.692291747594843,
      "mae": 3.632981908602978,
      "r2": 0.7358906794971081,
      "mape": 1.9921181920081257
    }
  },
  "Metadata": {
    "timesteps": 30,
    "features": 21,
    "training_samples": 710,
    "validation_samples": 127,
    "batch_size": 32,
    "optimizer": "Adam (lr=0.001)",
    "loss_function": "MSE"
  }
}