{
  "LSTM": {
    "epochs": 13,
    "training_loss": [
      0.3272896111011505,
      0.13256800174713135,
      0.11994914710521698,
      0.09709449112415314,
      0.09103143960237503,
      0.08010100573301315,
      0.07382193207740784,
      0.07245820015668869,
      0.07778650522232056,
      0.06928343325853348,
      0.06268290430307388,
      0.05097378417849541,
      0.05523309484124184
    ],
    "validation_loss": [
      0.14720997214317322,
      0.21670961380004883,
      0.08902005851268768,
      0.07482323050498962,
      0.09678810089826584,
      0.10570933669805527,
      0.06377553194761276,
      0.059065014123916626,
      0.10612981021404266,
      0.12143845111131668,
      0.1804814636707306,
      0.36284711956977844,
      0.17170539498329163
    ],
    "training_mae": [
      0.4410648047924042,
      0.2870660722255707,
      0.268809050321579,
      0.24414309859275818,
      0.24002094566822052,
      0.2180107831954956,
      0.21393559873104095,
      0.21288931369781494,
      0.21416930854320526,
      0.2050551325082779,
      0.19857841730117798,
      0.17777423560619354,
      0.18430139124393463
    ],
    "validation_mae": [
      0.29469040036201477,
      0.3796221613883972,
      0.24117766320705414,
      0.2199941724538803,
      0.2403506487607956,
      0.26565486192703247,
      0.2033213973045349,
      0.1969449669122696,
      0.25330933928489685,
      0.2756880819797516,
      0.3372531831264496,
      0.4500715732574463,
      0.3388504981994629
    ],
    "training_time_seconds": 19.593254327774048,
    "final_metrics": {
      "rmse": 178.9013035766879,
      "mae": 178.79008605243322,
      "r2": -152508.38611690715,
      "mape": 11911.29102495027
    }
  },
  "GRU": {
    "epochs": 11,
    "training_loss": [
      0.41153615713119507,
      0.14045357704162598,
      0.10337904840707779,
      0.09281431138515472,
      0.07931634783744812,
      0.07623638957738876,
      0.07073864340782166,
      0.06328846514225006,
      0.0640372782945633,
      0.06914255768060684,
      0.061396434903144836
    ],
    "validation_loss": [
      0.13578665256500244,
      0.10189700871706009,
      0.08621659874916077,
      0.07130783051252365,
      0.11817394942045212,
      0.06005782634019852,
      0.06395772844552994,
      0.07243295758962631,
      0.073818139731884,
      0.08927655965089798,
      0.06694430857896805
    ],
    "training_mae": [
      0.4810950458049774,
      0.2902158498764038,
      0.24623160064220428,
      0.23366323113441467,
      0.21800842881202698,
      0.21718208491802216,
      0.20732684433460236,
      0.19739513099193573,
      0.1953999549150467,
      0.1996520310640335,
      0.1952204555273056
    ],
    "validation_mae": [
      0.30873754620552063,
      0.2596903145313263,
      0.23964551091194153,
      0.21644945442676544,
      0.28785380721092224,
      0.19892963767051697,
      0.20632655918598175,
      0.2226196974515915,
      0.22289852797985077,
      0.2495412528514862,
      0.21275413036346436
    ],
    "training_time_seconds": 20.62294840812683,
    "final_metrics": {
      "rmse": 177.03318714227106,
      "mae": 176.8932581744574,
      "r2": -149339.96004834562,
      "mape": 11765.773785231037
    }
  },
  "Metadata": {
    "timesteps": 30,
    "features": 21,
    "training_samples": 710,
    "validation_samples": 127,
    "batch_size": 32,
    "optimizer": "Adam (lr=0.001)",
    "loss_function": "MSE",
    "improvement_note": "Target variable normalized separately"
  }
}