Date,Close_AAPL,High_AAPL,Low_AAPL,Open_AAPL,Volume_AAPL,SMA_10,SMA_20,SMA_50,SMA_200,EMA_10,EMA_20,EMA_50,RSI_14,MACD,MACD_Signal,MACD_Histogram,ROC_12,BB_Middle,BB_Upper,BB_Lower,ATR_14,Volatility_20,Sentiment_1d,Sentiment_3d,Sentiment_7d,News_Volume_7d,Sentiment_Momentum
2020-10-15 04:00:00,117.1933822631836,117.66910513115165,114.70796452850907,115.26135855246798,112559200,114.2807861328125,111.41187553405761,113.51273468017578,85.80222173690795,115.08819262756387,113.50781600253784,110.02892471635867,56.82412317792956,1.6447591462515163,0.7725008194977296,0.8722583267537867,5.8024131657882005,111.41187553405761,120.64764238486296,102.17610868325227,3.4306263914707733,43.18122850883342,0.0,0.0,0.0,0.0,0.0
2020-10-16 04:00:00,115.5526351928711,118.00893594757436,115.34875392683747,117.74679760043794,115393800,114.86330795288086,112.00313415527344,113.61608383178711,86.01798227310181,115.172636730347,113.70256068733147,110.24554081347681,54.01894761474069,1.597627373129015,0.9375261302239868,0.6601012429050281,2.7717825689235642,112.00313415527344,120.6637048808423,103.34256342970458,3.4098226863382117,41.62069388522683,0.0,0.0,0.0,0.0,0.0
2020-10-19 04:00:00,112.60118865966797,116.9118342796432,112.29051143113706,116.46523622657561,120639300,114.81282348632813,112.28953971862794,113.71059799194336,86.22250509262085,114.70510071749626,113.59766811326828,110.33791916038626,49.30389543149878,1.3070511622148047,1.0114311366221505,0.2956200255926542,-0.6935501951360612,112.28953971862794,120.60788569550148,103.97119374175439,3.619252366922215,41.96617123064482,0.0,0.0,0.0,0.0,0.0
2020-10-20 04:00:00,114.08662414550781,115.51380033230909,112.26138879057609,112.81478288268985,124423700,115.23515167236329,112.56623764038086,113.80346145629883,86.43159860610962,114.59265043168018,113.64423535443395,110.48492719901849,51.59393870357696,1.1829928458422927,1.045743478466179,0.1372493673761137,3.9727602023391206,112.56623764038086,120.72789032767899,104.40458495308273,3.5991419990241575,41.87376080346623,0.0,0.0,0.0,0.0,0.0
2020-10-21 04:00:00,113.46526336669922,115.25165563302974,113.05749347361974,113.27108546353527,89946000,115.40893630981445,113.03953628540039,113.94899444580078,86.63928468704223,114.38767096532,113.6271904032211,110.60180312716282,50.56498994100694,1.0227475176586722,1.0411442863046776,-0.018396768646005368,0.31760466788810504,113.03953628540039,120.13801885888896,105.94105371191182,3.6234145993808844,38.5728898228867,0.0,0.0,0.0,0.0,0.0
2020-10-22 04:00:00,112.37789916992188,114.60118635769001,111.25168945435153,114.02837075211397,101988000,115.48466644287109,113.40506782531739,114.00219802856445,86.83574861526489,114.02225791161123,113.50821028576404,110.67145395236906,48.73336177562777,0.7988026377985733,0.9926759566034569,-0.19387331880488357,2.2888042839976253,113.40506782531739,119.44970185051908,107.3604338001157,3.5457457431627586,38.831643678952915,0.0,0.0,0.0,0.0,0.0
2020-10-23 04:00:00,111.6885757446289,113.15458745033783,110.95071451824744,112.99924512599237,82572600,115.29728851318359,113.53904762268067,114.00278076171875,87.02100408554077,113.59795206306899,113.33491175803688,110.71134108147729,47.5572811444253,0.5592553203600232,0.9059918293547702,-0.34673650899474695,-0.03476429385395052,113.53904762268067,119.28480753779222,107.79328770756912,3.4514332454363523,36.82173862491166,0.0,0.0,0.0,0.0,0.0
2020-10-26 04:00:00,111.69828033447266,113.15458121285103,109.591492767667,110.6885775032748,111850700,114.38952865600587,113.54341659545898,114.00554733276367,87.20546434402466,113.25255720332419,113.1790420986498,110.75004458159475,47.576462349209336,0.36597667346141805,0.7979887981760998,-0.43201212471468176,0.06959512547046742,113.54341659545898,119.28313304444904,107.80370014646891,3.411212148753137,35.857842870308225,0.0,0.0,0.0,0.0,0.0
2020-10-27 04:00:00,113.20313262939453,113.86332273009963,111.20314823922772,112.12546926784462,92276800,113.95264053344727,113.66525993347167,114.04423690795899,87.38945791244507,113.24357091715515,113.1813364349112,110.84624411288101,50.59412476119503,0.33042205712766304,0.7044754499664124,-0.3740533928387494,-0.3163217352951997,113.66525993347167,119.25833741015455,108.0721824567888,3.435482930313526,36.02462336309023,0.0,0.0,0.0,0.0,0.0
2020-10-28 04:00:00,107.96044921875,112.06722147724142,107.86336396260268,111.69829454102945,143937800,112.98274307250976,113.44147491455078,113.95952865600586,87.55239656448364,112.28300333562694,112.68410908099109,110.7330756856602,41.608116276513755,-0.11941937654283663,0.5396964846645627,-0.6591158612073993,-10.610918176341933,113.44147491455078,119.57377950004363,107.30917032905793,3.691375364731563,39.35444603776688,0.0,0.0,0.0,0.0,0.0
2020-10-29 04:00:00,111.96043395996094,113.52353114594587,108.93132485149748,109.09637794730227,146129200,112.4594482421875,113.3701171875,113.95200515747071,87.73695013046265,112.22435435823311,112.61518764089298,110.7812073826916,49.044281815600556,-0.15141123978872884,0.4014749397739044,-0.5528861795626332,-4.772887450870023,113.3701171875,119.5381715224265,107.2020628525735,3.944495083501934,41.58258477757478,0.0,0.0,0.0,0.0,0.0
2020-10-30 04:00:00,105.68862915039062,108.7274415434045,104.58184087142044,107.82453453612558,190272600,111.47304763793946,113.16817779541016,113.76919067382812,87.8854442024231,111.03604068407992,111.95551540370228,110.5814984324053,40.36439777468628,-0.6750655192799968,0.1861668479631242,-0.861232367243121,-10.174106151684981,113.16817779541016,120.06033430176079,106.27602128905953,3.9021946554358755,44.73725891737957,0.0,0.0,0.0,0.0,0.0
2020-11-02 05:00:00,105.60123443603516,107.4555945603439,104.19347979423505,105.9313331743507,122866900,110.77305221557617,112.79293785095214,113.46627990722656,88.02929502487183,110.04789409352632,111.35034578773399,110.3861939619594,40.25748011404435,-1.0846145699493235,-0.06798943561936535,-1.0166251343299582,-9.891469640423644,112.79293785095214,120.47164827946638,105.1142274224379,3.7371474579047512,43.08812076112051,0.0,0.0,0.0,0.0,0.0
2020-11-03 05:00:00,107.22257995605469,108.24198610997585,105.56239787070092,106.4653046968192,107624400,110.08664779663086,112.66089973449706,113.16691299438476,88.18385583877563,109.53420061398602,110.95722523233596,110.26213066761021,43.26019371590475,-1.2637879491337145,-0.30714913832223517,-0.9566388108114794,-7.208883832820046,112.66089973449706,120.63678439261096,104.68501507638317,3.6920713308875293,42.44903904907521,0.0,0.0,0.0,0.0,0.0
2020-11-04 05:00:00,111.6011962890625,112.22255078584597,109.07694271998845,110.81479612438059,138235500,109.90024108886719,112.65458869934082,112.97516723632812,88.35894784927368,109.91001800945446,111.01855580916705,110.31464304492206,50.49643225208676,-1.0404724794896936,-0.4538138065557269,-0.5866586729339667,-0.8880833164451762,112.65458869934082,120.63378244777616,104.67539495090548,3.8377020613981503,44.572290828308425,0.0,0.0,0.0,0.0,0.0
2020-11-05 05:00:00,115.56232452392578,116.13514003797306,113.46525517113334,114.513786143965,126387100,110.21868362426758,112.85167503356934,112.82968231201171,88.55200128555298,110.9377101029947,111.45129568676312,110.52043447547123,55.96742122445683,-0.5376655431756348,-0.4705841538797085,-0.06708138929592627,1.293491142779235,112.85167503356934,120.91758394532913,104.78576612180954,3.971542184839127,46.27935659174057,0.0,0.0,0.0,0.0,0.0
2020-11-06 05:00:00,115.43106079101562,115.92705207680842,112.94134718075708,115.07121742885344,114457900,110.59293212890626,112.94511032104492,112.71094100952149,88.74550748825074,111.75468295536214,111.83032093478717,110.71300805647299,55.74755138068559,-0.1480724231255266,-0.4060818077288721,0.2580093846033455,1.732510343684046,112.94511032104492,121.08860333822328,104.80161730386656,3.854712331092356,45.93531991575582,0.0,0.0,0.0,0.0,0.0
2020-11-09 05:00:00,113.12611389160156,118.64042665215963,112.86353074963101,117.19134078148167,154515300,110.73571548461913,112.5626220703125,112.55003280639649,88.93877012252807,112.0040340346784,111.95372978781711,110.80763965785057,51.89245330021596,-0.025018621066578817,-0.32986917039641345,0.30485054932983463,0.6658023750278019,112.5626220703125,119.82882579052885,105.29641835009615,4.035032642577758,40.10526409669936,0.0,0.0,0.0,0.0,0.0
2020-11-10 05:00:00,112.78572845458984,114.36124218625869,110.99624681601809,112.37726248118744,138023400,110.69397506713867,112.32330780029297,112.30013305664062,89.11979681015015,112.14616029284412,112.03296775608118,110.88521176752663,51.32796054383955,0.044522911167433676,-0.254990754083644,0.2995136652510777,0.9823320806503277,112.32330780029297,119.19965164831684,105.44696395226909,4.118663586208515,39.12935494190567,0.0,0.0,0.0,0.0,0.0
2020-11-11 05:00:00,116.20907592773438,116.34523125447596,113.24282640096855,113.97223311704505,112295000,111.5188377380371,112.25079040527343,112.01889526367188,89.30992528915405,112.88487222646052,112.43069234385767,111.09399075420144,56.458069040528116,0.37158718173078853,-0.12967516692075753,0.5012623486515461,4.038375147544304,112.25079040527343,118.91758765777561,105.58399315277126,4.1336640073904904,40.760685285426646,0.0,0.0,0.0,0.0,0.0
2020-11-12 05:00:00,115.93675994873047,117.22051541325983,115.31433350652887,116.33550583009225,103162300,111.91647033691406,112.18795928955078,111.78619140625,89.499258518219,113.43976090323686,112.76460354432174,111.28390327163395,55.95285422554142,0.6018762935994033,0.016635125183274632,0.5852411684161287,2.414798297398102,112.18795928955078,118.68002057680104,105.69589800230051,4.112400362721959,40.74548321332318,0.0,0.0,0.0,0.0,0.0
2020-11-13 05:00:00,115.98539733886719,116.38413582545107,114.63356412889462,116.16045525051373,81581900,112.94614715576172,112.20959739685058,111.75873107910157,89.7061427116394,113.90260389153327,113.07134581046894,111.46827558799603,56.02853800003889,0.7793231526116671,0.16917273066895314,0.610150421942714,7.433229648625295,112.20959739685058,118.75157056608188,105.66762422761929,3.9829348806771327,40.41904003261789,0.0,0.0,0.0,0.0,0.0
2020-11-16 05:00:00,116.9968490600586,117.66789824397613,114.90588149878657,115.65473585240478,91183000,114.08570861816406,112.42938041687012,111.74994598388672,89.91910860061645,114.46519392217424,113.44520326281082,111.68508239082202,57.65789783143866,0.9901529013617676,0.3333687648075161,0.6567841365542515,4.498388334131298,112.42938041687012,119.31316846140628,105.54559237233396,3.9902093274141075,39.305922884147996,0.0,0.0,0.0,0.0,0.0
2020-11-17 05:00:00,116.11182403564453,117.35667698637204,115.69363055189307,116.26743436443991,74271000,114.97463302612304,112.53064041137695,111.88151748657226,90.11536764144897,114.76458121553246,113.69916714593785,111.85868010238369,55.71256321055296,1.073448823348187,0.4813847765156503,0.5920640468325367,9.862172467410968,112.53064041137695,119.5747856809505,105.4864951418034,3.7275863108203304,39.227218262957,0.0,0.0,0.0,0.0,0.0
2020-11-18 05:00:00,114.78916931152344,116.53002096182686,114.75999422898965,115.35324564020682,76322100,115.29343032836914,112.59683570861816,111.89925796508788,90.30187971115112,114.7690517784399,113.80297687599362,111.97360124784015,52.843107783359606,1.0209652078994225,0.5893008627924048,0.4316643451070177,8.70059419717637,112.59683570861816,119.70257414020631,105.49109727703001,3.456653796937569,39.41655493611721,0.0,0.0,0.0,0.0,0.0
2020-11-19 05:00:00,115.3824234008789,115.7908894056509,113.60266912591757,114.36125096903965,74113000,115.27544021606445,112.74706192016602,112.00323196411132,90.48682626724244,114.88057389161062,113.95340035455412,112.10728054795932,53.98782455721092,1.0155357475630922,0.6745478397465423,0.34098790781654986,7.6101912938193905,112.74706192016602,119.95954993408341,105.53457390624862,3.0859128820227713,39.24487010084801,0.0,0.0,0.0,0.0,0.0
2020-11-20 05:00:00,114.11811828613281,115.50885417388024,114.06949561951376,115.38242633677936,73604300,115.14414596557617,112.86853904724121,112.11085174560547,90.67077917098999,114.74194559970556,113.96908777660923,112.18613692984849,51.13878105627806,0.898852591450165,0.7194087900872669,0.17944380136289817,2.255282273633652,112.86853904724121,120.08779968358706,105.64927841089536,2.955716009755459,39.40816139182708,0.0,0.0,0.0,0.0,0.0
2020-11-23 05:00:00,110.72396087646484,114.39045021474055,110.62670811155763,113.9625291452564,127959300,114.9039306640625,112.81982307434082,112.08534591674805,90.83592500686646,114.0114029227527,113.66002807183357,112.1287966924609,44.36936463973019,0.5264318342776306,0.6808133989253397,-0.15438156464770902,-4.186800211395203,112.81982307434082,120.08533547774417,105.55431067093747,3.033155571463172,40.93019413366644,0.0,0.0,0.0,0.0,0.0
2020-11-24 05:00:00,112.00770568847656,112.66903481291116,109.49854453224738,110.78230761489361,113874200,114.82612838745118,112.76005172729492,112.08201950073243,91.00983320236206,113.64709433470249,113.50266403532338,112.12404802563799,47.21539506795751,0.3310569601373885,0.6108621111677495,-0.27980515103036097,-2.9657139760128737,112.76005172729492,120.03195281738006,105.48815063720978,2.9024783893826367,40.8528173493938,0.0,0.0,0.0,0.0,0.0
2020-11-25 05:00:00,112.84408569335938,113.54431736019659,112.00769869351593,112.37726952874067,76499200,114.48962936401367,113.0042335510254,112.16163436889649,91.17875356674195,113.50109276354918,113.43994228846967,112.15228479692118,49.044449541743056,0.24093252112770358,0.5368761931597403,-0.29594367203203675,-0.24930423979067085,113.0042335510254,119.91663237541908,106.0918347266317,2.688383740651929,37.09110812894461,0.0,0.0,0.0,0.0,0.0
2020-11-27 05:00:00,113.3886947631836,114.26398425207363,113.02885888768483,113.36924718338975,46691300,114.23482284545898,113.07564659118653,112.28689849853515,91.3532119178772,113.4806567634827,113.43506157177575,112.20077146226481,50.253237427502775,0.21102113407044953,0.4717051813418822,-0.2606840472714327,0.5346122393814268,113.07564659118653,119.9721334092666,106.17915977310645,2.5765404308421367,34.800013114628406,0.0,0.0,0.0,0.0,0.0
2020-11-30 05:00:00,115.78117370605469,117.6484533013128,113.60267342501068,113.75828376790362,169410200,114.21440048217774,113.58027381896973,112.52797271728515,91.53953607559204,113.89893257122304,113.65850082265946,112.34117939339383,55.27292863236781,0.37603450849599085,0.452571046772704,-0.07653653827671314,-0.36821755810688694,113.58027381896973,119.62530043194553,107.53524720599393,2.4681734762421783,28.227280729931163,0.0,0.0,0.0,0.0,0.0
2020-12-01 05:00:00,119.35039520263672,120.07980194572332,116.71480639467286,117.68734871878834,127728200,114.44975509643555,114.26773185729981,112.77751907348633,91.75089479446412,114.89010759511643,114.2005860017049,112.61605060159944,61.51234155092357,0.7857574197134625,0.5192083213608557,0.26654909835260676,2.9443942157912906,114.26773185729981,119.5742007454354,108.96126296916421,2.53486153834418,29.605020548004894,0.0,0.0,0.0,0.0,0.0
2020-12-02 05:00:00,119.70051574707031,119.98255392256038,117.57064559900594,118.66961579736986,89004200,114.80862426757812,114.89162864685059,113.00047607421875,91.95842245101929,115.76472725910804,114.72438883459685,112.89387276416693,62.07128792057924,1.1257407420784062,0.6405148055043659,0.48522593657404034,3.2030915041389996,114.89162864685059,119.61223161212087,110.17102568158032,2.452890504320489,29.4291350442914,0.0,0.0,0.0,0.0,0.0
2020-12-03 05:00:00,119.56436920166016,120.38130128460415,118.85440996013128,120.1284381742077,78967600,115.2861442565918,115.28978729248047,113.31177764892578,92.16928045272827,116.45557124866298,115.18533934574575,113.1554608597549,61.696073183798724,1.3684197945301548,0.7860958033095238,0.582323991220631,2.1945207603698558,115.28978729248047,120.18202371443135,110.39755087052959,2.4257983198734823,26.393901520964008,0.0,0.0,0.0,0.0,0.0
2020-12-04 05:00:00,118.89330291748047,119.48655434771668,118.18334373345853,119.23369125780223,78260400,115.63723220825196,115.4563362121582,113.58829833984375,92.38554208755494,116.89879518844796,115.53847873353,113.38047427378335,59.77796228051972,1.4894260745560217,0.9267618575588235,0.5626642169971983,2.395517342817799,115.4563362121582,120.60757866225399,110.30509376206243,2.399402160705281,23.697828778651427,0.0,0.0,0.0,0.0,0.0
2020-12-07 05:00:00,120.35208129882812,121.14956550033519,118.89326819217565,118.95161834207147,86712000,116.26062850952148,115.70238723754883,113.81516036987304,92.62706228256225,117.52666539033527,115.9969170730822,113.65387062770667,62.50679749606509,1.6836278334922525,1.0781350527455094,0.6054927807467432,4.846199358937464,115.70238723754883,121.2993700369215,110.10540443817617,2.3632793437745647,23.974150339638847,0.0,0.0,0.0,0.0,0.0
2020-12-08 05:00:00,120.9648208618164,121.54835223688058,119.7102402772839,120.95510078016575,82225500,117.28471450805664,116.09432258605958,114.00223876953125,92.88384843826294,118.1517845669682,116.47005076724737,113.94057455845606,63.6231706197008,1.8654730760483034,1.2356026574060683,0.629870418642235,4.838169711119944,116.09432258605958,122.01988336550505,110.1687618066141,2.3757840241401147,22.50646717088287,0.0,0.0,0.0,0.0,0.0
2020-12-09 05:00:00,118.4361801147461,122.49167904039832,117.67759843598037,121.1106709882911,115089200,117.9275619506836,116.37684516906738,114.15563705444336,93.12247022628785,118.20349284838235,116.65730118129487,114.11687281556547,56.18791892187011,1.7849705361074228,1.3454762331463392,0.4394943029610836,3.7838529879947957,116.37684516906738,122.1756546018002,110.57803573633456,2.5932164435387395,24.032329684344607,0.0,0.0,0.0,0.0,0.0
2020-12-10 05:00:00,119.85608673095703,120.46879300476571,116.85093519336976,117.19132344553715,81312200,118.62876205444336,116.55919570922852,114.30403579711914,93.39130308151245,118.50396446339593,116.96194742411984,114.34194002793377,59.07976902196866,1.814826104841714,1.4393462074854142,0.37547989735629983,8.247650989184653,116.55919570922852,122.56158729248702,110.55680412597002,2.6953334100860693,22.014508110599717,0.0,0.0,0.0,0.0,0.0
2020-12-11 05:00:00,119.04890441894531,119.38929273400028,117.23997517904313,119.0683519998447,86939800,119.19478302001953,116.71480293273926,114.41726211547852,93.65629331588745,118.603044455314,117.16070523315085,114.52652686679698,56.78513669656669,1.7531448291899494,1.5021059318263215,0.25103889736362794,6.286352074786894,116.71480293273926,122.80989670495151,110.61970916052701,2.7793871956251714,22.17443268883349,0.0,0.0,0.0,0.0,0.0
2020-12-14 05:00:00,118.4361801147461,119.96307097121003,118.20277207971995,119.23366436933412,79184500,119.46028366088868,116.8373420715332,114.5914373779297,93.88747301101685,118.57270548430165,117.28217903139802,114.67984660201067,55.03765594070856,1.6359618928977255,1.5288771240406025,0.10708476885712304,4.955593717673934,116.8373420715332,122.9691244776173,110.7055596654491,2.6362841090756826,22.295378687223884,0.0,0.0,0.0,0.0,0.0
2020-12-15 05:00:00,124.36872100830078,124.38817601169539,120.72168696233577,120.92591997852064,157243700,119.96211624145508,117.20593566894532,114.8166911315918,94.15978052139282,119.62652648866512,117.95708779110304,115.05980246108086,65.96022355837492,1.998759585113035,1.6228536162550893,0.3759059688579458,9.68352821068217,117.20593566894532,124.20327486124819,110.20859647664244,2.8349630816675053,28.21208678625669,0.0,0.0,0.0,0.0,0.0
2020-12-16 05:00:00,124.30061340332031,124.84523464866267,123.08493568074685,123.91160246802319,98208600,120.42212600708008,117.6153751373291,115.10543655395507,94.4155346107483,120.47636047314788,118.56123308750468,115.4221872039138,65.76271084470488,2.25479181895723,1.7492412567955176,0.5055505621617125,7.358225369950722,117.6153751373291,125.27054398954581,109.96020628511238,2.8509402460414455,27.965586356339543,0.0,0.0,0.0,0.0,0.0
2020-12-17 05:00:00,125.16619110107422,126.02203307421959,124.52430962121518,125.3606965932024,94359800,120.98230819702148,118.13422622680665,115.37421203613282,94.6874801826477,121.32905695095266,119.19027670784463,115.80430500380244,67.11062934208127,2.4987401738530366,1.8991410402070215,0.5995991336460151,4.872875274994493,118.13422622680665,126.36767407565046,109.90077837796284,2.8724774683403758,27.41773660034467,0.0,0.0,0.0,0.0,0.0
2020-12-18 05:00:00,123.18220520019531,125.5552106694522,122.65703149372492,125.41905534776451,192541500,121.41119842529297,118.52421531677246,115.6054441833496,94.954205493927,121.6659929962695,119.5704603737828,116.09363442326882,61.16641456255134,2.5031254492841555,2.0199379220224483,0.4831875272617072,2.908667044076796,118.52421531677246,126.9456009340458,110.10282969949911,2.7752217995973814,28.346857465092167,0.0,0.0,0.0,0.0,0.0
2020-12-21 05:00:00,124.70909881591797,124.78690398309315,120.0603476658836,121.58723882712805,121251600,121.84690017700196,119.05376434326172,115.8283790588379,95.25618310928344,122.2192849634783,120.059854511129,116.43149577200018,63.822241195577774,2.5998390395595408,2.135918145529867,0.46392089402967374,4.302895292811337,119.05376434326172,127.6389338578296,110.46859482869384,2.8057880908503043,27.984977683580382,0.0,0.0,0.0,0.0,0.0
2020-12-22 05:00:00,128.25888061523438,130.71941139606707,126.09010064650239,127.99629004452623,168904800,122.57630615234375,119.93051033020019,115.97803909301757,95.55274984359741,123.31739326379758,120.84071414009142,116.89531478546034,69.1112067230247,2.9291574770192312,2.29456601182774,0.6345914651914915,7.877296254654653,119.93051033020019,128.51537171023764,111.34564895016273,3.062816966321352,26.0748788225171,0.0,0.0,0.0,0.0,0.0
2020-12-23 05:00:00,127.3641586303711,128.79378229896713,127.18909328249408,128.53120653688052,88223700,123.46910400390625,120.69833297729492,116.1738819885254,95.85681554794311,124.05316878499276,121.4619945677371,117.30585768133919,66.473370012045,3.0824159522818206,2.452135999918556,0.6302799523632645,5.826303339227135,120.69833297729492,129.0431583471755,112.35350760741434,3.0683739443213645,26.51795136834086,0.0,0.0,0.0,0.0,0.0
2020-12-24 05:00:00,128.3463897705078,129.79548292817182,127.50028284184114,127.71424330377316,54930100,124.31813430786133,121.47344818115235,116.38762130737305,96.19865352630615,124.83375441872276,122.11765125371525,117.73881972405168,67.92091374831512,3.245717629808638,2.610852325896573,0.6348653039120653,6.102244318721151,121.47344818115235,129.62412171335416,113.32277464895054,3.143395289292729,26.51918571200989,0.0,0.0,0.0,0.0,0.0
2020-12-28 05:00:00,132.9368438720703,133.5689905952499,129.8441508384951,130.3109819483543,124486200,125.70692825317383,122.45085563659669,116.70249053955078,96.52751403808594,126.3070434102405,123.14805055070144,118.33482067103282,73.6474398043245,3.7028623752342327,2.8292543357641047,0.873608039470128,12.243440934413252,122.45085563659669,131.18673111338867,113.71498015980471,3.3552741119057674,28.450445488859167,0.0,0.0,0.0,0.0,0.0
2020-12-29 05:00:00,131.1667938232422,134.97915839822994,130.6513475184492,134.25948649182007,121047300,126.97998962402343,123.22013664245605,117.0147737121582,96.89072694778443,127.19063439442262,123.91174038618152,118.83803530445279,68.56484671447188,3.8776257772966716,3.038928624070618,0.8386971532260534,9.436906711024594,123.22013664245605,132.18962618661135,114.25064709830076,3.533109749061772,28.98794103267306,0.0,0.0,0.0,0.0,0.0
2020-12-30 05:00:00,130.04835510253906,132.2560302372561,129.73713444926724,131.85728434018318,96452100,127.54795303344727,123.75503463745117,117.36371704101562,97.23548105239868,127.7102199777165,124.49617988297747,119.27765568869147,65.48938766704683,3.881139020254764,3.2073707033074474,0.6737683169473168,9.239438814897083,123.75503463745117,133.02380653099885,114.4862627439035,3.369167976459695,27.93897970633025,0.0,0.0,0.0,0.0,0.0
2020-12-31 05:00:00,129.04661560058594,131.040329904096,128.10324856194674,130.39844854670574,99116600,128.02255325317384,124.22233963012695,117.66291687011719,97.58270483016967,127.9532010000564,124.92955471322591,119.66075215582458,62.77349838786533,3.759751213068938,3.317846805259746,0.44190440780919227,8.958778876150841,124.22233963012695,133.57245761984464,114.87222164040926,3.3205410857992175,28.268518050775697,0.0,0.0,0.0,0.0,0.0
2021-01-04 05:00:00,125.85668182373047,129.94135584132596,123.27944367028935,129.85383061033397,143301900,128.09160232543945,124.53695526123047,117.9107452392578,97.91626232147217,127.57201569526987,125.01785253327395,119.90372978986011,54.957575799670494,3.3673329863443513,3.327744041476667,0.03958894486768427,1.1964108043937882,124.53695526123047,133.6475284304366,115.42638209202434,3.609526844307982,30.012979687109002,0.0,0.0,0.0,0.0,0.0
2021-01-05 05:00:00,127.41275024414062,128.12271674575476,124.90358954867594,125.35096549709283,97664900,128.514656829834,124.96292762756347,118.21144226074219,98.2763744354248,127.5430583405191,125.24593802954698,120.19820118022406,57.722868663776325,3.1456394577883486,3.291323124739004,-0.14568366695065516,2.503718007184985,124.96292762756347,133.7535017344177,116.17235352070924,3.713728866135749,30.028142070791176,0.0,0.0,0.0,0.0,0.0
2021-01-06 05:00:00,123.12384796142578,127.45166544679954,122.90988747820573,124.21309795786028,155088000,128.35613174438475,125.10151596069336,118.44014770507812,98.62092561721802,126.7395655443203,125.04383421353543,120.3129324265457,48.82538500668186,2.593965548671349,3.151851609525473,-0.5578860608541238,-1.6317051127642035,125.10151596069336,133.67062317928972,116.53240874209702,3.6129990141103567,32.59284544852287,0.0,0.0,0.0,0.0,0.0
2021-01-07 05:00:00,127.32523345947266,128.01574500748134,124.34925645838389,124.83552759816486,109578200,128.26276702880858,125.41953659057617,118.75268676757813,98.95928876876832,126.84605061980254,125.26111033219611,120.58792462391538,55.98303490571116,2.4673347986526863,3.014948247350916,-0.5476134486982298,3.3633334072434407,125.41953659057617,133.8125226816146,117.02655049953773,3.8366845911203384,34.603486076653354,0.0,0.0,0.0,0.0,0.0
2021-01-08 05:00:00,128.42417907714844,128.9882552399278,126.65414544499792,128.79373496048996,105158200,128.36876907348633,125.91893653869629,119.05710769653321,99.30478967666626,127.1329830665927,125.56235497457251,120.8952287201206,57.651518952632934,2.4276700745648725,2.897492612793708,-0.46982253822883546,2.9789969589262055,125.91893653869629,133.7308454823093,118.10702759508328,3.880448171408239,33.49161731088024,0.0,0.0,0.0,0.0,0.0
2021-01-11 05:00:00,125.43850708007812,126.59583484109754,124.97169091120101,125.64274750135974,100384500,128.07798080444337,126.19805755615235,119.40666885375977,99.61975317001342,126.82489652359004,125.55055993700161,121.07339649894246,51.89597689788801,2.130754703224781,2.7441450308799227,-0.6133903276551416,-2.1989693981636527,126.19805755615235,133.47871137593165,118.91740373637305,3.9200416707096783,34.72681217816318,0.0,0.0,0.0,0.0,0.0
2021-01-12 05:00:00,125.2634506225586,126.12901267192076,123.37671619500519,124.97168496595856,91951100,127.31064147949219,126.508784866333,119.67272918701173,99.94676839828492,126.54099726885704,125.52321619276894,121.23771234692741,51.57088898703576,1.859881977464184,2.567292420196775,-0.7074104427325909,-1.6493714011875604,126.508784866333,132.99146934149994,120.02610039116608,3.7790231106886796,34.589867661958394,0.0,0.0,0.0,0.0,0.0
2021-01-13 05:00:00,127.29602813720703,127.84064931000806,124.96193315668431,125.22450882511869,88636800,126.92356491088867,126.95177726745605,120.10487716674805,100.27540502548217,126.67827560855703,125.69205542557256,121.47529335831092,55.0887294053818,1.788607455857715,2.411555427328963,-0.6229479714712483,-0.8183803495983799,126.95177726745605,132.20630212783956,121.69725240707255,3.5553376516297255,34.77250943590281,0.0,0.0,0.0,0.0,0.0
2021-01-14 05:00:00,125.37042999267578,127.40303981441828,125.22453974548624,127.20853432464988,90221800,126.45577239990234,127.00186271667481,120.50026107788086,100.59504190444946,126.44048549657862,125.66142443196335,121.62804381456053,51.287823389218154,1.5587736344557754,2.2409990687543258,-0.6822254342985503,-5.691735758881078,127.00186271667481,132.17112323970127,121.83260219364836,3.5963241553767964,30.73944921446186,0.0,0.0,0.0,0.0,0.0
2021-01-15 05:00:00,123.64903259277344,126.64446478265978,123.51287725867944,125.24400143779671,111598500,125.9160140991211,126.96928367614746,120.82879013061523,100.9222365951538,125.93294860497767,125.46976806632621,121.70729827645123,48.09327897440045,1.2236211483571253,2.0375234846748858,-0.8139023363177604,-5.731451544511746,126.96928367614746,132.21783139096848,121.72073596132641,3.646342957246769,31.156860205791105,0.0,0.0,0.0,0.0,0.0
2021-01-19 05:00:00,124.32007598876953,125.17591790643084,123.4545139910682,124.27144590893572,90757300,125.762353515625,126.92697792053222,121.08316772460938,101.24792985916137,125.63969903839437,125.36027358274939,121.80976014752254,49.41598136494219,1.0006234184919975,1.830143471438308,-0.8295200529463105,-4.404730155374104,126.92697792053222,132.24983459899653,121.60412124206792,3.396257463719667,31.115531918270307,0.0,0.0,0.0,0.0,0.0
2021-01-20 05:00:00,128.40476989746094,128.85214592405728,125.02032655299224,125.12730680892926,104319500,125.86155548095704,127.1881061553955,121.34001663208008,101.59829916000366,126.14243919458829,125.65022561272191,122.06838798085346,56.656306289542165,1.1403515098210022,1.692185079114847,-0.5518335692938448,-0.4973750765472129,127.1881061553955,132.24312143657872,122.13309087421229,3.410847396255882,32.62409677827862,0.0,0.0,0.0,0.0,0.0
2021-01-21 05:00:00,133.1118621826172,135.83498363825382,129.9219245699571,130.12616498605254,120150900,126.86035690307617,127.60824432373047,121.69363265991211,101.94676078796387,127.40960701059353,126.36085766699766,122.50146540053046,63.194212942030525,1.6123241681132185,1.6762128969145214,-0.06388872880130281,5.764636611863017,127.60824432373047,133.16735612447806,122.04913252298289,3.7616558214561686,34.69324119329756,0.0,0.0,0.0,0.0,0.0
2021-01-22 05:00:00,135.25148010253906,136.01006199526975,131.31268037347158,132.53807846792435,114459400,127.65298156738281,127.9578742980957,122.13613998413086,102.30959308624267,128.83540211821997,127.20758361323969,123.00146597707983,65.72501547846672,2.134411023143741,1.7678525221603656,0.3665585009833756,6.1522334643733245,127.9578742980957,134.48463850436121,121.43111009183019,3.887391555716804,33.77697424309189,0.0,0.0,0.0,0.0,0.0
2021-01-25 05:00:00,138.99575805664062,141.106173284309,132.79093279458516,139.1416483205631,157611700,128.71013946533202,128.5394542694092,122.66034057617188,102.68312480926514,130.68273956156918,128.3302668935636,123.62869311745477,69.65704333841943,2.8178184982311194,1.9778457173745165,0.8399727808566029,12.891012064687457,128.5394542694092,136.70950569722234,120.36940284159603,4.005486435623035,34.665666625869655,0.0,0.0,0.0,0.0,0.0
2021-01-26 05:00:00,139.22915649414062,140.3378541007655,137.48829750104505,139.65707747210416,98390600,130.08920440673828,129.0835926055908,123.1207421875,103.05550392150879,132.23663354930943,129.36825637933282,124.24047599497187,69.88893227105292,3.339758492265588,2.250228272352731,1.0895302199128571,9.349225374447844,129.0835926055908,138.54678440892653,119.6204008022551,3.9790885358117225,34.66008831826753,0.0,0.0,0.0,0.0,0.0
2021-01-27 05:00:00,138.1593780517578,140.33787848176394,136.55468894542827,139.4917564593141,140843800,131.3787971496582,129.3447193145752,123.56519454956054,103.41617942810059,133.31349618611821,130.2055060624209,124.78631529131643,67.34837027788402,3.625287460937102,2.525240110069605,1.1000473508674968,7.580503176711861,129.3447193145752,139.51723738752418,119.17220124162623,3.924903647793284,32.81103122256167,0.0,0.0,0.0,0.0,0.0
2021-01-28 05:00:00,133.3258056640625,138.09127131319642,132.94651480242143,135.68909090953088,142621100,131.98177490234374,129.45266990661622,123.91200271606445,103.73601497650147,133.31573427301717,130.50267745305345,125.12119726671824,57.22616575773577,3.4220945540580203,2.704610998867288,0.7174835551907321,6.287780975382007,129.45266990661622,139.75163883954446,119.15370097368799,3.9478298051704854,34.99317098886334,0.0,0.0,0.0,0.0,0.0
2021-01-29 05:00:00,128.33670043945312,132.98545188101477,126.63475125528835,132.1004347436925,177523800,132.27840194702148,129.36708717346193,124.13879974365234,104.0340701675415,132.41045539418732,130.29639392794866,125.24729543035491,49.034230660728845,2.8259083036391246,2.7288704598216555,0.09703784381746905,2.453428994347906,129.36708717346193,139.67365813879596,119.0605162081279,4.25904013473079,37.457843286940054,0.0,0.0,0.0,0.0,0.0
2021-02-01 05:00:00,130.4568634033203,131.66282156626298,127.33499513658295,130.07757238398048,106239800,132.95918502807618,129.43759956359864,124.42570053100586,104.33999588012695,132.0552568503933,130.3116767351269,125.45159221360845,52.167828203809144,2.495736539845751,2.682243675826475,-0.18650713598072377,2.4830588293818234,129.43759956359864,139.75423043255918,119.12096869463808,4.321564296425976,37.81642477824639,0.0,0.0,0.0,0.0,0.0
2021-02-02 05:00:00,131.28347778320312,132.56722577893618,130.9139069960329,132.00314951845078,83305400,133.65552520751953,129.70893936157228,124.75558670043945,104.6547541809082,131.91493338363145,130.40422921589607,125.68029360849452,53.371571301882895,2.2745542647293746,2.6007057936070552,-0.3261515288776806,4.716461282674711,129.70893936157228,139.91387040012802,119.50400832301655,4.275711860618854,36.62329528798436,0.0,0.0,0.0,0.0,0.0
2021-02-03 05:00:00,130.26231384277344,132.0420679752551,129.9413731133275,132.0323330550851,89880900,133.84127960205078,129.8514175415039,125.05318450927734,104.97149841308594,131.61445710347544,130.39071346607486,125.85998067650546,51.64255677085501,1.993882090803595,2.4793410530463635,-0.4854589622427685,5.348429430726087,129.8514175415039,140.0007827936426,119.70205228936523,4.220138911233414,36.59191900586874,0.0,0.0,0.0,0.0,0.0
2021-02-04 05:00:00,133.61761474609375,133.62733482885022,130.89449275235532,132.55754697261725,84183100,133.89185485839843,130.3761058807373,125.44317443847656,105.31536071777344,131.9786675839515,130.69803739750523,126.16420162041089,56.61581268136494,2.018919267727142,2.3872566959825194,-0.3683374282553773,7.478710645386122,130.3761058807373,140.13869573571873,120.61351602575587,4.304890405315182,35.097636190554944,0.0,0.0,0.0,0.0,0.0
2021-02-05 05:00:00,133.20364379882812,133.84648451427685,132.32705363193958,133.77831254493844,75693800,133.68707122802735,130.67002639770507,125.89276809692383,105.64781433105469,132.20139053211088,130.9366665785836,126.44025817642726,55.852602832008756,1.9825043391221016,2.3063062246104358,-0.3238018854883342,3.7373018971175176,130.67002639770507,140.39977595855734,120.94027683685279,4.1897363594835335,33.35038481067697,0.0,0.0,0.0,0.0,0.0
2021-02-08 05:00:00,133.34974670410156,133.39844945852406,131.41149002924152,132.49262578464683,71297200,133.12247009277343,130.91630477905272,126.31960891723632,105.98229122161865,132.4101825633819,131.16648373339484,126.71121851084587,56.077645828815555,1.9430364149761772,2.2336522626835844,-0.2906158477074072,0.1787102348234093,130.91630477905272,140.65604578788836,121.17656377021707,4.208704610477811,33.272897083380016,0.0,0.0,0.0,0.0,0.0
2021-02-09 05:00:00,132.47311401367188,134.29449558670797,132.3172860388913,133.06725182462114,76774200,132.44686584472657,131.2680351257324,126.71218948364258,106.30279239654541,132.4216246452528,131.29092471246884,126.9371751972312,54.28943303281898,1.8200405741440875,2.150929924975685,-0.33088935083159754,-2.0542223173903973,131.2680351257324,140.677327716098,121.8587425353668,4.026214582801306,32.09411171908042,0.0,0.0,0.0,0.0,0.0
2021-02-10 05:00:00,131.86927795410156,133.4276770274743,130.90501685547775,132.9309297060643,73046600,131.81785583496094,131.59832649230958,127.08180114746094,106.62003269195557,132.32119797413438,131.34600597357672,127.13059099161828,53.03491370318796,1.6547658499464433,2.0516971099698367,-0.3969312600233934,-5.127120569848631,131.59832649230958,140.57390562493933,122.62274735967983,3.6756750421729953,32.170139793887365,0.0,0.0,0.0,0.0,0.0
2021-02-11 05:00:00,131.61602783203125,132.84325691578465,130.291393245221,132.3659937299951,64280000,131.64687805175782,131.81432647705077,127.39849822998048,106.94155204772949,132.1929852210247,131.37172234104858,127.30649047555605,52.48710369543582,1.4862170864931556,1.9386011052745005,-0.4523840187813448,-5.468056299277924,131.81432647705077,140.5589160340513,123.06973692005025,3.522423759941958,31.806072757341138,0.0,0.0,0.0,0.0,0.0
2021-02-12 05:00:00,131.84971618652344,132.00555897442973,130.213411499466,130.85625185308982,60145100,131.99817962646483,132.13829078674317,127.6484846496582,107.25318550109863,132.1305726692972,131.41724556442713,127.48465618971163,52.96984735049876,1.3558680711944646,1.8220544984584934,-0.4661864272640288,-4.566944317649302,132.13829078674317,140.3409946288086,123.93558694467774,3.0564885446019514,31.168219238385607,0.0,0.0,0.0,0.0,0.0
2021-02-16 05:00:00,129.72650146484375,132.47316186052734,129.3368942321961,131.96669475107984,80576300,131.92514343261718,132.4421642303467,127.84900436401367,107.54686962127685,131.69346881394202,131.25622231684775,127.57257169069722,48.180083045573284,1.0689180321660956,1.6714272052000139,-0.6025091730339183,-2.6996305638593454,132.4421642303467,139.71870339728312,125.16562506341025,3.0769679037884368,31.345056946002416,0.0,0.0,0.0,0.0,0.0
2021-02-17 05:00:00,127.43759155273438,128.78171035064747,126.10322222332451,127.83693334950489,97918500,131.54055480957032,132.59804000854493,128.00646881103515,107.83482349395751,130.91967294826787,130.892543196456,127.56727835195358,43.60269032455928,0.6493271193440648,1.4670071880288242,-0.8176800686847594,-0.7005859459063513,132.59804000854493,139.24863698681085,125.94744303027902,3.0655457398729777,32.12786883573271,0.0,0.0,0.0,0.0,0.0
2021-02-18 05:00:00,126.33694458007812,126.61939669496834,124.09675228153843,125.84019743521674,96856700,131.14801788330078,132.4946487426758,128.15534164428712,108.11233299255372,130.086449608597,130.45867666156286,127.51902996874279,41.5580818729263,0.2253871628261095,1.2186831829882814,-0.9932960201621719,-3.1580698138549024,132.4946487426758,139.4758052967971,125.5134921885545,2.9318297414343752,30.054532170930276,0.0,0.0,0.0,0.0,0.0
2021-02-19 05:00:00,126.49279022216797,127.31095773335569,125.45062277040475,126.85317866159306,87668800,130.4355354309082,132.16369514465333,128.27815582275392,108.38530590057373,129.43305699288263,130.0809731911443,127.47878527279869,41.97299608899417,-0.09689591043664336,0.9555673643032965,-1.0524632747399398,-3.6491168895954496,132.16369514465333,139.6322163827191,124.69517390658757,2.5867783524470034,26.66265648741573,0.0,0.0,0.0,0.0,0.0
2021-02-22 05:00:00,122.72344970703125,126.34671464924598,122.33384996779367,124.68117557823038,103916400,129.38751602172852,131.53729362487792,128.3133283996582,108.63572319030762,128.2131283954551,129.3802566688478,127.29230152512154,35.42257301047641,-0.6489807991242174,0.6346577316177937,-1.283638530742011,-5.787448351978142,131.53729362487792,139.95638953512488,123.11819771463095,2.57471505421088,27.40610337377452,0.0,0.0,0.0,0.0,0.0
2021-02-23 05:00:00,122.58709716796875,123.41499201171895,115.31134823227501,120.54170772135137,158273000,128.31125106811524,130.71686058044435,128.39634674072266,108.88170143127441,127.1902136268212,128.73328909733553,127.10778370719399,35.208515909272435,-1.0850072728744635,0.29072473071934224,-1.3757320035938059,-8.255286998713219,130.71686058044435,139.2725690850214,122.1611520758673,3.002806583055743,24.66104121233283,0.0,0.0,0.0,0.0,0.0
2021-02-24 05:00:00,122.09034729003906,122.29488547484925,119.0514857660057,121.691012957123,111039900,127.27297439575196,129.85992012023925,128.4410319519043,109.11646171569824,126.26296520195172,128.1006279728311,126.91102149475655,34.393098348279,-1.453885471654658,-0.05819730975545784,-1.3956881618992003,-8.343087465064404,129.85992012023925,138.25755529930348,121.46228494117501,3.1053006216297043,24.50325738263418,0.0,0.0,0.0,0.0,0.0
2021-02-25 05:00:00,117.84371185302734,123.17146835413952,117.4054168564186,121.43775757680415,148199500,125.87041778564453,128.84413681030273,128.41692810058595,109.3240771484375,124.73219186578365,127.12377881856406,126.55544072449266,28.348650618643205,-2.065087052891883,-0.4595752583827429,-1.6055117945091402,-11.628094716581327,128.84413681030273,137.90351123232296,119.7847623882825,3.276802801032857,26.49405239799044,0.0,0.0,0.0,0.0,0.0
2021-02-26 05:00:00,118.106689453125,121.60332952526318,118.04824467349069,119.4020977442568,164560400,124.51948394775391,128.08318099975585,128.4103382873535,109.5373685836792,123.52755506348208,126.26500840280796,126.22411714522335,29.178707085227074,-2.4994366649315793,-0.8675475396925102,-1.631889125239069,-10.8447851230131,128.08318099975585,138.06705856609662,118.09930343341509,3.436816143168468,24.65660790603759,0.0,0.0,0.0,0.0,0.0
2021-03-01 05:00:00,124.46687316894531,124.60323193058755,119.59689616459342,120.53193085770955,116307900,123.7811996459961,127.88968963623047,128.4123013305664,109.7870157623291,123.6983401735663,126.09375742815438,126.15520561674187,45.594493927684624,-2.3038903760661213,-1.1548161069672325,-1.1490742690988889,-5.613441508137118,127.88968963623047,138.00205034295902,117.77732892950192,3.7589292180384697,29.918029329356656,0.0,0.0,0.0,0.0,0.0
2021-03-02 05:00:00,121.86634063720703,125.37272355528646,121.75920051926317,125.07078727617044,102260900,122.99518356323242,127.46016349792481,128.36361587524414,110.02137077331543,123.36524934877369,125.69114630520701,125.9870148332307,41.37188840297468,-2.331879321782367,-1.3902287499302592,-0.9416505718521075,-7.407674699974076,127.46016349792481,137.83964460748894,117.0806823883607,3.87580875291037,29.899521371173044,0.0,0.0,0.0,0.0,0.0
2021-03-03 05:00:00,118.88589477539062,122.44098002866822,118.6716145648539,121.56438254510716,112966300,122.14001388549805,126.84028434753418,128.23800994873048,110.24304035186768,122.55082124452221,125.04302711189116,125.70853953684481,37.127918074355144,-2.5649902246761087,-1.625181044879429,-0.9398091797966797,-9.832271002232062,126.84028434753418,137.72678088197617,115.9537878130922,3.9648591308973553,30.58247376912564,0.0,0.0,0.0,0.0,0.0
2021-03-04 05:00:00,117.00608825683594,120.38585416346811,115.53536025738819,118.58396379730593,178155000,121.20692825317383,126.1774730682373,128.1144876098633,110.44652820587159,121.5426879740338,124.27760436379066,125.36726693762878,34.70949703719026,-2.868352389680666,-1.8738153138396765,-0.9945370758409897,-9.80556252143675,126.1774730682373,137.77751692766657,114.57742920880806,4.129047004862803,30.81920900090745,0.0,0.0,0.0,0.0,0.0
2021-03-05 05:00:00,118.26253509521484,118.7690169305712,114.5126538027712,117.83398211644732,153766600,120.38390274047852,125.40971908569335,127.98555633544922,110.65850311279297,120.94629654152126,123.70474062392628,125.08865000263216,37.633632027787435,-2.9731121456434124,-2.0936746802004236,-0.8794374654429888,-7.199646780614843,125.40971908569335,136.96887080010035,113.85056737128636,4.305062408636822,29.240493816880992,0.0,0.0,0.0,0.0,0.0
2021-03-08 05:00:00,113.33412170410156,117.85346041822143,113.18802088680535,117.78528102761602,154376600,119.44496994018554,124.41624298095704,127.68706115722657,110.83845840454102,119.5622647528995,122.71706263156203,124.62768810857214,31.646477416454275,-3.4144570438153607,-2.357831152923411,-1.05662589089195,-10.292177730904973,124.41624298095704,136.55579416462183,112.27669179729224,4.443508592928126,31.836585101553418,0.0,0.0,0.0,0.0,0.0
2021-03-09 05:00:00,117.94110870361328,118.88588550494669,115.70092356585985,115.93468039958287,129525800,118.98037109375,123.64581108093262,127.4986001586914,111.0443318939209,119.26750910757471,122.2622098765193,124.36546930837768,41.08239174005667,-3.353819957877178,-2.557028913914164,-0.7967910439630139,-6.760607860364831,123.64581108093262,135.34601267933596,111.94560948252929,4.581257490022831,36.11927031057006,0.0,0.0,0.0,0.0,0.0
2021-03-10 05:00:00,116.8600082397461,118.99305378580543,116.34378427280272,118.52554000762703,111943300,118.4573371887207,122.86515579223632,127.26887252807617,111.24232856750488,118.82978167706042,121.74771448254089,124.07113750176468,39.69748714801849,-3.3543337314491737,-2.716489877421166,-0.6378438540280076,-4.777767803368082,122.86515579223632,134.16198625031572,111.56832533415694,4.531859650151886,36.13762472523832,0.0,0.0,0.0,0.0,0.0
2021-03-11 05:00:00,118.78849792480469,120.00599237807343,118.10670400337277,119.35341713456053,103026500,118.55181579589843,122.21111679077148,126.98590560913085,111.45258438110352,118.82227554028665,121.46588433418505,123.86397516541331,43.365105852552574,-3.1626706021752824,-2.8057260223719895,-0.35694457980329286,-3.0986941781966038,122.21111679077148,132.8058213324591,111.61641224908388,4.623691734107342,37.01225487984497,0.0,0.0,0.0,0.0,0.0
2021-03-12 05:00:00,117.88269805908203,118.01905686222865,116.06133086091033,117.26908344492222,88105100,118.52941665649413,121.52445030212402,126.72022369384766,111.65663944244385,118.65144327097673,121.12462849846095,123.62941527889052,42.07082243754697,-3.0487228907257418,-2.85432539604274,-0.1943974946830016,-3.4463406193458446,121.52445030212402,131.30121674891885,111.7476838553292,4.521422220501632,37.005647461596865,0.0,0.0,0.0,0.0,0.0
2021-03-15 04:00:00,120.76571655273438,120.77545858975141,117.28855243734995,118.25281346511821,92403800,118.15930099487305,120.97025032043457,126.53457092285156,111.87493991851807,119.03585659493265,121.09044640839176,123.51711336806086,47.447143118355626,-2.6947199561565327,-2.8224043080654986,0.12768435190896588,2.4795592855657134,120.97025032043457,129.45368717563605,112.48681346523311,4.191655247141455,38.42443916827608,0.0,0.0,0.0,0.0,0.0
2021-03-16 04:00:00,122.30461883544922,123.91171295180644,121.47672411823375,122.43123557963636,115227900,118.20312881469727,120.59915618896484,126.39973098754882,112.1013104248047,119.63017700229929,121.20608187763533,123.46956456286041,50.108846442344294,-2.2638967346546224,-2.7107027933833234,0.44680605872870105,3.554353611774319,120.59915618896484,128.05718919200507,113.1411231859246,4.163825604077813,38.593660941016,0.0,0.0,0.0,0.0,0.0
2021-03-17 04:00:00,121.51569366455078,122.58708734300565,119.15861865475401,120.82415767726631,111932600,118.46610870361329,120.30306129455566,126.31291122436524,112.31899982452393,119.97299821361774,121.23556871448442,123.39294217469141,48.74580208342597,-1.9634919823284207,-2.5612606311723427,0.597768648843922,-2.371056192910659,120.30306129455566,127.05471787557924,113.55140471353208,3.9968554034014354,38.220064571424714,0.0,0.0,0.0,0.0,0.0
2021-03-18 04:00:00,117.39570617675781,119.97679639206342,117.19116796164273,119.68459469561455,121229700,118.50507049560547,119.85599937438965,126.11257034301758,112.514284324646,119.50439966146138,120.86986752041521,123.15775644928225,42.27802499098693,-2.0344161271694077,-2.455891730371756,0.4214756032023481,-3.6684735400057567,119.85599937438965,126.0896228937749,113.6223758550044,4.0372059770208795,39.81229210967969,0.0,0.0,0.0,0.0,0.0
2021-03-19 04:00:00,116.8697280883789,118.27228410779664,116.56779183514182,116.7820720526636,185549500,118.36578979492188,119.37484626770019,125.98748794555664,112.70478260040284,119.02536846635546,120.48890186022128,122.91116710179584,41.520602994136105,-2.1087576137711324,-2.3864649070516313,0.2777072932804989,-1.695883847971058,119.37484626770019,124.8964107400647,113.85328179533569,3.6949166766774693,39.776384285617226,0.0,0.0,0.0,0.0,0.0
2021-03-22 04:00:00,120.18131256103516,120.64883370339138,117.13270910784668,117.20088850037816,111912300,119.05050888061524,119.24773941040038,125.84460952758789,112.9152307510376,119.23554011993357,120.45960764125118,122.80411398255033,47.85478520002354,-1.8787989617085117,-2.2849317179830075,0.40613275627449585,2.7137257141947924,119.24773941040038,124.55772151725306,113.93775730354771,3.7067440037481254,40.05970972991517,0.0,0.0,0.0,0.0,0.0
2021-03-23 04:00:00,119.35342407226562,121.0092136525593,118.96382433837393,120.12288150317761,95467100,119.19174041748047,119.08605575561523,125.66319442749024,113.11041885375977,119.25697356581212,120.35425682515732,122.668792809598,46.49881470902,-1.743263498806769,-2.1765980741477597,0.43333457534099074,0.9224298939410458,119.08605575561523,124.15957004292781,114.01254146830266,3.5836028502032002,40.119163564305296,0.0,0.0,0.0,0.0,0.0
2021-03-24 04:00:00,116.96713256835938,119.7040653634643,116.94765592524341,119.62614392900645,88530500,119.2024528503418,118.82989501953125,125.49376693725586,113.29130111694336,118.84063883900252,120.03167356260514,122.44519829033374,42.73964357178522,-1.8075679313314765,-2.1027920455845033,0.29522411425302675,3.2055755227389238,118.82989501953125,123.78058451340121,113.87920552566129,3.434025388213269,40.67345875485904,0.0,0.0,0.0,0.0,0.0
2021-03-25 04:00:00,117.45411682128906,118.4962991670475,115.90546750304253,116.43142597838931,98844700,119.06901473999024,118.81041526794434,125.33758026123047,113.4618622970581,118.58854392669099,119.78619196819409,122.24946960527316,43.73925632899836,-1.7985020855677476,-2.0419340535811523,0.24343196801340472,-0.412911060169896,118.81041526794434,123.78047128596641,113.84035924992226,3.3150588550850526,38.7946321888003,0.0,0.0,0.0,0.0,0.0
2021-03-26 04:00:00,118.05799865722656,118.32098161470867,115.82754797615723,117.22036189731419,94071200,119.08654479980468,118.80798072814942,125.15281967163087,113.62472187042236,118.49208115042472,119.62160212905432,122.08509819554585,45.020985953374506,-1.7227305547029346,-1.978093353805509,0.2553627991025744,1.0251500368053224,118.80798072814942,123.77953564957949,113.83642580671935,3.1306959572380486,38.829409741718024,0.0,0.0,0.0,0.0,0.0
2021-03-29 04:00:00,118.23332214355469,119.39237925463331,117.59048892877756,118.4865630734955,80819200,118.83330535888672,118.49630317687988,125.01007751464844,113.80897926330566,118.44503405826653,119.48938498757816,121.9340481542913,45.409832454622425,-1.6297472190225335,-1.908424126848914,0.27867690782638044,-0.467364930905545,118.49630317687988,122.69572702239476,114.29687933136499,2.8628478518816647,33.2992883119141,0.0,0.0,0.0,0.0,0.0
2021-03-30 04:00:00,116.78206634521484,117.26906411360106,115.76911009525196,116.98660451621751,85671900,118.28105010986329,118.24208946228028,124.87273818969726,113.98246723175049,118.14267629225714,119.23154511687689,121.73200965197458,42.716642932916294,-1.6540941026843967,-1.8575581220160107,0.20346401933161395,-0.9336668841050444,118.24208946228028,122.1905995394465,114.29357938511406,2.849629461545952,32.79972869013522,0.0,0.0,0.0,0.0,0.0
2021-03-31 04:00:00,118.97356414794922,120.30793336547684,117.99956854695249,118.48656634745086,118323800,118.02683715820312,118.2464729309082,124.76580795288086,114.16183689117432,118.29374681147388,119.20697550078853,121.62383531848339,47.75557734802061,-1.4794988836522407,-1.7819462743432568,0.3024473906910161,-1.4839910331692407,118.2464729309082,122.19818573287105,114.29476012894534,2.8767639531127136,32.44820061884494,0.0,0.0,0.0,0.0,0.0
2021-04-01 04:00:00,119.80145263671875,120.95076768283118,119.30471282559485,120.44429326652572,75089100,118.26741180419921,118.38624114990235,124.59374160766602,114.33433444976806,118.56787514333658,119.26359237087713,121.55236933096322,49.560652114052495,-1.2598049849228943,-1.6775180164591843,0.41771303153629,-2.0466653038658134,118.38624114990235,122.35095037727534,114.42153192252935,2.8231951296118285,31.95757749857979,0.0,0.0,0.0,0.0,0.0
2021-04-05 04:00:00,122.62605285644531,122.87929380413213,119.86964340519192,120.64884289146045,88651200,118.84304428100586,118.60441703796387,124.38402542114258,114.52154861450195,119.30572563662906,119.583826702836,121.59447456725664,55.242515166547115,-0.8479991494738925,-1.511614243062126,0.6636150935882335,0.9137578516892786,118.60441703796387,122.99755887568323,114.21127520024451,2.79397620211268,32.77115502499912,0.0,0.0,0.0,0.0,0.0
2021-04-06 04:00:00,122.92797088623047,123.82404496077191,122.38253578537845,123.21043047231339,80171300,119.11771011352539,119.08410949707032,124.13755523681641,114.71010261535645,119.96431568201113,119.90231662506406,121.64676854054973,55.815454234251135,-0.4916108127777079,-1.3076135570052423,0.8160027442275344,4.712493233051429,119.08410949707032,123.1361021217915,115.03211687234914,2.672227114707066,28.4234559507122,0.0,0.0,0.0,0.0,0.0
2021-04-07 04:00:00,124.57404327392578,124.59351991699825,121.88581323910961,122.55787260556289,83466700,119.6397720336914,119.41575622558594,123.84912094116211,114.90932209014892,120.80244797145015,120.3472429725747,121.7615636281331,58.90421722791585,-0.0754761612163719,-1.0611860778474684,0.9857099166310965,6.592224788715817,119.41575622558594,124.10890220458633,114.72261024658555,2.6207441139668513,25.26108520520563,0.0,0.0,0.0,0.0,0.0
2021-04-08 04:00:00,126.97004699707031,126.9992656715053,125.17789894243262,125.59670985066151,88844600,120.6400634765625,119.92125816345215,123.60393875122071,115.1094372177124,121.92382961247199,120.97798621300285,121.96581787789535,62.96280987132351,0.44254958827728785,-0.7604389446225173,1.2029885328998051,5.648743794995115,119.92125816345215,125.54164414411522,114.30087218278908,2.4850795921576707,25.478402740034294,0.0,0.0,0.0,0.0,0.0
2021-04-09 04:00:00,129.54144287109375,129.58039616425768,126.10323884700867,126.42465924809835,106686700,121.84879608154297,120.4589054107666,123.43158004760743,115.31312995910645,123.30885020494867,121.79355351377342,122.26290121096196,66.75719968006041,1.048492514859376,-0.3986526527261387,1.4471451675855147,8.536008814174888,120.4589054107666,127.5005862061635,113.4172246153697,2.6116985239143986,25.75027803499002,0.0,0.0,0.0,0.0,0.0
2021-04-12 04:00:00,127.8271713256836,129.39530463290586,127.23303349221449,129.07388434312833,91420000,122.82571334838867,120.95612907409668,123.32160736083985,115.51608913421632,124.13036313599137,122.36818378157439,122.48110788212752,62.183433394656575,1.3745344848854444,-0.04401522520382212,1.4185497100892666,9.284692647293259,120.95612907409668,128.60967858928427,113.30257955890907,2.5066487927620265,26.173054793327566,0.0,0.0,0.0,0.0,0.0
2021-04-13 04:00:00,130.93421936035156,131.15824904554103,128.49923039780398,128.99597765783932,91266500,124.09580307006836,121.46455421447754,123.37355773925782,115.72879314422607,125.36742790405685,123.18399669383888,122.81260244990101,66.64411622401153,1.8621719458208617,0.33722220900111466,1.5249497368197469,11.476909370127064,121.46455421447754,130.32126148223102,112.60784694672405,2.59848367888146,26.157692895243954,0.0,0.0,0.0,0.0,0.0
2021-04-14 04:00:00,128.59664916992188,131.48941754486856,128.2362755221187,131.43098018165665,87222800,125.27726135253906,121.77915573120117,123.33635345458984,115.94338901519775,125.95455904330504,123.69948740584678,123.03942781147046,60.83055313444581,2.036529919159662,0.6770837510328241,1.359446168126838,8.926672171780226,121.77915573120117,131.19110323174016,112.36720823066217,2.633964577776387,27.06795415082821,0.0,0.0,0.0,0.0,0.0
2021-04-15 04:00:00,131.0023956298828,131.48939338315375,130.1647588997771,130.34008581919048,89347100,126.48014450073242,122.25349082946778,123.33073181152344,116.16014072418213,126.8723475135919,124.3950024748026,123.35170105925134,64.28371354099545,2.341838249274872,1.0100346506812337,1.3318035985936383,10.799894018730495,122.25349082946778,132.5263621657429,111.98061949319265,2.6555297598640237,27.41703183912761,0.0,0.0,0.0,0.0,0.0
2021-04-16 04:00:00,130.6712646484375,131.16799709740084,129.81414368991753,130.8076234498389,84922400,127.5671257019043,122.91726875305176,123.33891082763672,116.3715784072876,127.56305971992745,124.9927417294345,123.6387427686312,63.45450000144972,2.527937309970369,1.3136151825390607,1.2143221274313083,11.893263013659428,122.91726875305176,133.57683601773417,112.25770148836934,2.574131171930586,23.685903359805323,0.0,0.0,0.0,0.0,0.0
2021-04-19 04:00:00,131.33358764648438,131.9472097448359,129.87259397383497,130.0381714732957,94264200,128.4378791809082,123.64046173095703,123.29323028564453,116.5871635055542,128.2486102520287,125.59663181677259,123.94050139129212,64.4424876154385,2.6977678979951207,1.5904457256302726,1.107322172364848,10.388882258889787,123.64046173095703,134.53253312781908,112.74839033409498,2.5936115608695283,23.394241217079422,0.0,0.0,0.0,0.0,0.0
2021-04-20 04:00:00,129.64854431152344,132.00561168739057,128.3823471626382,131.50887932231677,94812300,129.1099365234375,124.11382331848145,123.22212829589844,116.794323387146,128.50314371739137,125.98252824484409,124.16434621169334,59.9983945626254,2.6656628459607106,1.8054891496963603,0.8601736962643503,8.219509411680193,124.11382331848145,135.19416827993055,113.03347835703235,2.676401023473073,22.724644955753114,0.0,0.0,0.0,0.0,0.0
2021-04-21 04:00:00,130.02841186523438,130.27191076385841,127.88562452974153,128.9180574819885,68847100,129.65537338256837,124.64757270812989,123.15570159912109,116.99158359527588,128.78046519881735,126.36785049440506,124.39430957065574,60.6570877331222,2.640434215791487,1.9724781629153858,0.667956052876101,6.036530440602861,124.64757270812989,135.790660248535,113.50448516772475,2.595002395891279,22.37115946120012,0.0,0.0,0.0,0.0,0.0
2021-04-22 04:00:00,128.50897216796875,130.66149395921403,127.99275572778816,129.58035833012048,84566500,129.80926589965821,125.22466468811035,123.07641876220703,117.18265190124512,128.73110282957214,126.57176684426827,124.55566888819742,56.63953686395136,2.4693689118509212,2.071856312702493,0.39751259914842807,4.5400580856439055,125.22466468811035,135.87766467737023,114.57166469885046,2.6443977313587004,21.34096147644479,0.0,0.0,0.0,0.0,0.0
2021-04-23 04:00:00,130.8271026611328,131.60628729046172,128.72326849315886,128.72326849315886,78657500,129.9378318786621,125.89331398010253,123.05557525634765,117.37479583740235,129.11219370803772,126.97703692206488,124.80160746752821,60.895038716982455,2.492124523182923,2.155909954798579,0.33621456838434405,5.019552406641559,125.89331398010253,136.1646281607702,115.62199979943486,2.6457887281500994,21.848212951565635,0.0,0.0,0.0,0.0,0.0
2021-04-26 04:00:00,131.2166748046875,131.54782970744535,130.0868364590517,131.32381490404939,66905100,130.2767822265625,126.55124778747559,123.04758819580078,117.56690086364746,129.49482663470133,127.38081195850513,125.05317873565211,61.57749872037769,2.512629694245902,2.227253902688044,0.2853757915578581,3.3445902463241417,126.55124778747559,136.38580519974775,116.71669037520343,2.6471804476501117,21.866357548079765,0.0,0.0,0.0,0.0,0.0
2021-04-27 04:00:00,130.89523315429688,131.8887125625008,130.62251564804316,131.49910550928877,66015800,130.27288360595702,127.1843433380127,123.02849853515625,117.7565870666504,129.7494460019005,127.71551873905673,125.2822789089323,60.6371625278823,2.474418973603136,2.2766869168710624,0.1977320567320735,1.0450634586109064,127.1843433380127,136.3733423663672,117.9953443096582,2.5442154645478987,22.003670845637345,0.0,0.0,0.0,0.0,0.0
2021-04-28 04:00:00,130.10633850097656,131.50889459107745,129.61934068424674,130.81735115204378,107760100,130.4238525390625,127.85055694580078,123.0360952758789,117.94447299957275,129.81433554718706,127.94321585923957,125.47145771646345,58.28472860491426,2.3533515252722452,2.292019838551299,0.061331686720946355,1.7830068143227518,127.85055694580078,135.69822461947666,120.00288927212489,2.5059534294944124,21.45076212585314,0.0,0.0,0.0,0.0,0.0
2021-04-29 04:00:00,130.0089111328125,133.5055661641117,129.0056969879915,132.92116293750138,151101000,130.32450408935546,128.40232429504394,123.08752166748047,118.12421573638916,129.84971292639167,128.13994874243699,125.6493970661242,57.985540094718665,2.223907306751812,2.2783973321914015,-0.05449002543958947,-0.7066970208853274,128.40232429504394,135.08776039250446,121.7168881975834,2.5790042765566406,20.96341224952014,0.0,0.0,0.0,0.0,0.0
2021-04-30 04:00:00,128.0414581298828,130.08683981317637,127.66160046998598,128.3531289693404,109839500,130.0615234375,128.81432456970214,123.12161193847656,118.2908867263794,129.5209393270264,128.13056868409848,125.74320338235002,52.16241762706322,1.9401994053211666,2.2107577468173547,-0.27055834149618807,-0.4317305650052061,128.81432456970214,134.14668578644455,123.48196335295971,2.5873492740074346,22.061542396264862,0.0,0.0,0.0,0.0,0.0
2021-05-03 04:00:00,129.0933380126953,130.5835645811877,128.40180963228673,128.6063403344398,75135100,129.8374984741211,129.13768882751464,123.1736228942871,118.46864398956299,129.44319363351167,128.2222610011077,125.87458121099101,54.777226084041985,1.7797212463583065,2.124550446725545,-0.34482920036723863,-1.457269241534409,129.13768882751464,133.60402406211725,124.67135359291204,2.5309941833965377,20.840276248076748,0.0,0.0,0.0,0.0,0.0
2021-05-04 04:00:00,124.52533721923828,128.070688075214,123.40524078183631,127.77848641989287,137564700,129.32517776489257,129.21755714416503,123.20966064453125,118.62450614929199,128.5490379218256,127.87017302188205,125.82166968190268,43.62522010210427,1.2693098477343199,1.9535023269273002,-0.6841924791929803,-4.703350385208593,129.21755714416503,133.2526486391238,125.18246564920625,2.704919555404333,24.834171605238513,0.0,0.0,0.0,0.0,0.0
2021-05-05 04:00:00,124.76882934570312,127.05770985077288,124.64220517501703,125.84021547722773,84000900,128.79921951293946,129.2272964477539,123.25329528808594,118.77174922943115,127.8617272716215,127.57480695748407,125.78038182558113,44.27645124310559,0.8743736811487963,1.7376765977715996,-0.8633029166228032,-4.99853725038858,129.2272964477539,133.2158692541409,125.23872364136692,2.6791787281402413,24.390710196121486,0.0,0.0,0.0,0.0,0.0
2021-05-06 04:00:00,126.36616516113281,126.3758997645555,123.8240292097585,124.56426777460713,78128300,128.58493881225587,129.19710235595704,123.33881164550782,118.93355674743653,127.58980688789627,127.45969821497442,125.80335372109296,48.48094918183869,0.6824091862667956,1.526623115470639,-0.8442139292038433,-2.5317516427362463,129.19710235595704,133.26595840609068,125.1282463058234,2.76475138151979,23.82501920413993,0.0,0.0,0.0,0.0,0.0
2021-05-07 04:00:00,127.03939819335938,128.06381882504127,126.3271629457147,127.66381362314827,78973300,128.2061683654785,129.0720001220703,123.52272537231445,119.09741020202637,127.48973257979864,127.41966964148727,125.85182605333871,50.18692396932709,0.5779381095281337,1.3368861142821378,-0.758948004754004,-2.2987388902149353,129.0720001220703,133.24870635088965,124.89529389325095,2.7406113892573347,22.693668713413047,0.0,0.0,0.0,0.0,0.0
2021-05-10 04:00:00,123.76119995117188,126.38569336703041,123.7221730582719,126.25886899143829,88071200,127.46062088012695,128.86870155334472,123.63581558227538,119.26632652282714,126.81181755641194,127.07124395669533,125.76984071599884,42.761632409176144,0.22799266986288558,1.1151074253982873,-0.8871147555354018,-3.6945064120435522,128.86870155334472,133.65226000508582,124.08514310160362,2.7187514328526996,24.002476849015984,0.0,0.0,0.0,0.0,0.0
2021-05-11 04:00:00,122.84407043457031,123.19529751599676,119.78052320088503,120.4927508332285,126142800,126.6555046081543,128.46419410705568,123.60335952758788,119.4317716217041,126.09040898880436,126.66865600220723,125.65510462653106,40.93682421467372,-0.12194064367625401,0.8676978115833791,-0.9896384552596331,-6.101971276731611,128.46419410705568,133.84346896065117,123.08491925346019,2.832636469721983,22.038655739568114,0.0,0.0,0.0,0.0,0.0
2021-05-12 04:00:00,119.78053283691406,121.60500079746393,119.27319817304675,120.39519702699735,112172300,125.62292404174805,128.02338829040528,123.56164337158204,119.57126300811768,124.94315877936974,126.0126442721793,125.42472926223236,35.48888200658534,-0.6391000493256342,0.5663382394015765,-1.2054382887272106,-8.715463933829925,128.02338829040528,134.6558614119969,121.39091516881365,2.8970746147289614,22.79850829762868,0.0,0.0,0.0,0.0,0.0
2021-05-13 04:00:00,121.92696380615234,123.07823093502375,121.23425330099667,121.5464609574558,105861300,124.81472930908203,127.56961669921876,123.62246475219726,119.72903347015381,124.3947596933302,125.6235318468434,125.28756198944491,41.375623627121975,-0.8657734658999914,0.27991589834126285,-1.1456893642412542,-6.851486591244238,127.56961669921876,134.57525063109176,120.56398276734573,2.91138768441587,22.69844825574753,0.0,0.0,0.0,0.0,0.0
2021-05-14 04:00:00,124.34661102294922,124.7758994791342,122.78557224175847,123.17583379796118,81918000,124.44524459838867,127.25338401794434,123.76927520751953,119.89024066925049,124.38600538962456,125.50192033980586,125.25066195154312,47.22231962240115,-0.8404799434613466,0.05583672998074096,-0.8963166734420875,-4.4269384139068,127.25338401794434,134.2404742285731,120.26629380731558,3.0105264290293143,24.165481775353268,0.0,0.0,0.0,0.0,0.0
2021-05-17 04:00:00,123.1953125,123.83924502210618,122.12209907344122,123.73192293508849,74244600,123.85544204711914,126.84647026062012,123.86793075561523,120.04011894226075,124.16951577332918,125.28224340268149,125.17006001226692,44.92641108085908,-0.9029264397522496,-0.13591590396585715,-0.7670105357863924,-5.240870470680248,126.84647026062012,133.7807572665193,119.91218325472096,3.078977502961482,24.11591073964808,0.0,0.0,0.0,0.0,0.0
2021-05-18 04:00:00,121.80990600585938,123.89779649597985,121.74161080080381,123.47826668103308,63342900,123.58389892578126,126.45453834533691,124.03744644165039,120.13427501678467,123.7404958156074,124.95154460298414,125.0382892669176,42.26355758122295,-1.0520787547292514,-0.31914847411853603,-0.7329302806107154,-4.866823773361184,126.45453834533691,133.60471309936037,119.30436359131345,3.0980226307004335,24.037394158151614,0.0,0.0,0.0,0.0,0.0
2021-05-19 04:00:00,121.65382385253906,121.87821922648271,119.86838222894484,120.16108026165938,92612000,123.27239837646485,126.03580894470215,124.1117007446289,120.21467666625976,123.36110091323134,124.63747596008461,124.9055651330204,41.961798496767535,-1.1693974780703655,-0.48919827490890194,-0.6801992031614637,-5.762895494595266,126.03580894470215,133.28493007906442,118.78668781033988,2.9201631893731244,23.945820046801302,0.0,0.0,0.0,0.0,0.0
2021-05-20 04:00:00,124.2099838256836,124.61000384937135,122.05379848438088,122.18063773268084,76857100,123.05678024291993,125.82085952758788,124.25870025634765,120.30433406829835,123.51544326094992,124.59676242347498,124.87828743469348,48.45289474501841,-1.0440771924819643,-0.6001740584235145,-0.44390313405844983,-0.2532443602216272,125.82085952758788,133.01595117026662,118.62576788490914,2.958087521776118,25.191999339712794,0.0,0.0,0.0,0.0,0.0
2021-05-21 04:00:00,122.37577819824219,124.8831983677244,122.16113401006866,124.70758107227505,79295400,122.59041824340821,125.39829330444336,124.3304458618164,120.38289417266846,123.30823143136669,124.38524011630996,124.78014981757774,44.598395113120425,-1.0803118655920088,-0.6962016198572134,-0.38411024573479535,-1.9179879782556863,125.39829330444336,132.34378413384042,118.45280247504631,2.9709416579440364,24.485090008934048,0.0,0.0,0.0,0.0,0.0
2021-05-24 04:00:00,124.00509643554688,124.82464619337513,122.87334646207267,122.94164165492356,63092900,122.6148078918457,125.03771438598633,124.4528938293457,120.45099376678466,123.43493415939945,124.34903595623729,124.74975556730203,48.51635636121986,-0.9664155037639972,-0.7502443966385701,-0.2161711071254271,-1.868434262110652,125.03771438598633,131.43880548862438,118.63662328334827,2.739568141106461,25.099282310797715,0.0,0.0,0.0,0.0,0.0
2021-05-25 04:00:00,123.80998992919922,125.19541862484827,123.24411112700588,124.70758616767343,72009500,122.71139984130859,124.68345222473144,124.513779296875,120.53066631317138,123.50312611754485,124.29769823937652,124.71290201286664,48.07789257449893,-0.881731232139984,-0.776541763738853,-0.10518946840113097,-2.5420525522679704,124.68345222473144,130.47479044546725,118.89211400399562,2.698063488699875,25.102382437407083,0.0,0.0,0.0,0.0,0.0
2021-05-26 04:00:00,123.76119995117188,124.28805183989326,123.3416701570207,123.86852204574208,56575900,123.10946655273438,124.3661952972412,124.54291091918945,120.60225505828858,123.55004863274976,124.2466031643094,124.67558036338842,47.96116356047328,-0.8092270149308831,-0.7830788139772591,-0.026148200953624023,0.0,124.3661952972412,129.57232340428925,119.16006719019317,2.5833857121338437,25.081773461149265,0.0,0.0,0.0,0.0,0.0
2021-05-27 04:00:00,122.22943878173828,124.53197352741631,122.03431174645816,123.36119642849698,94625600,123.13971405029297,123.9772216796875,124.55718582153321,120.68245918273925,123.30993775074768,124.0544922707312,124.5796532425394,44.322803050736525,-0.8653915304633699,-0.7995413572744814,-0.06585017318888853,-0.5003348152318066,123.9772216796875,128.52966194538914,119.42478141398585,2.6377432765361,25.32011217758367,0.0,0.0,0.0,0.0,0.0
2021-05-28 04:00:00,121.57574462890625,122.73677048730885,121.51720801205188,122.51236771666937,71311100,122.86262741088868,123.65393600463867,124.64078659057617,120.7417493057251,122.99462991041287,123.81842106674787,124.46185290474986,42.82956878183174,-0.9516795986368294,-0.829969005546951,-0.12171059308987842,1.4987508816949768,123.65393600463867,127.89908643453698,119.40878557474035,2.48791022940535,24.93135229554779,0.0,0.0,0.0,0.0,0.0
2021-06-01 04:00:00,121.2537841796875,122.2977294109628,120.92206674340329,122.03430717883234,67637100,122.66847457885743,123.26195831298828,124.72846771240235,120.78972103118896,122.67811250482643,123.57416993464687,124.33604628808075,42.07766040698723,-1.0341223135407631,-0.8707996671457134,-0.16332264639504968,-0.5521171080214105,123.26195831298828,126.77739463933229,119.74652198664428,2.301837794924826,24.610000227585235,0.0,0.0,0.0,0.0,0.0
2021-06-02 04:00:00,122.0147705078125,122.19038778236961,121.02936949732552,121.25376479927095,59278900,122.68896102905273,123.136429977417,124.76513687133789,120.84199512481689,122.55750486900571,123.4256557035198,124.24501586532514,44.55531167930542,-1.0262238524493483,-0.9018845042064405,-0.12433934824290782,-1.8752746825616007,123.136429977417,126.64119646357167,119.63166349126232,2.1297053680334352,21.600715954343546,0.0,0.0,0.0,0.0,0.0
2021-06-03 04:00:00,120.53178405761719,121.80988298653327,120.13176404387289,121.64402429754462,76229200,122.57675704956054,122.9245777130127,124.78870407104492,120.88831077575684,122.18919199420779,123.1500488801005,124.09939893168954,40.88499881648727,-1.1266416541460273,-0.9468359341943579,-0.1798057199516695,-2.1620371654829107,122.9245777130127,126.5248092439601,119.32434618206528,2.028655965592715,21.92889968264352,0.0,0.0,0.0,0.0,0.0
2021-06-04 04:00:00,122.8245849609375,123.08801464449839,120.83425795335646,121.04890215666704,75169300,122.43821716308594,122.74749870300293,124.90585311889649,120.9414543914795,122.30471798815864,123.1190523163707,124.04940622695416,48.01508504475967,-1.0095758523142138,-0.9593839178183291,-0.05019193449588466,0.8330020015197448,122.74749870300293,125.96279940874768,119.53219799725818,2.0077484594426687,22.573713584883144,0.0,0.0,0.0,0.0,0.0
2021-06-07 04:00:00,122.83434295654297,123.2441141916509,121.79039769931899,123.09776519522116,71057600,122.48407363891602,122.53724594116211,125.01345764160156,120.99394306182862,122.4010134369558,123.09193713924424,124.00175668693804,48.043806957510014,-0.905574077983843,-0.9486219498514319,0.04304787186758885,0.9703921065685961,122.53724594116211,125.04236783951112,120.03212404281311,1.9526916410729476,22.445102782627153,0.0,0.0,0.0,0.0,0.0
2021-06-08 04:00:00,123.65386962890625,125.33199613747028,123.13677635872094,123.51727923465421,74403800,122.44895095825196,122.53187942504883,125.12537506103516,121.03806564331055,122.62880547185586,123.14545451921205,123.9881140572113,50.51657256532385,-0.7483959267617308,-0.9085767452334917,0.1601808184717609,-0.4477210121513253,122.53187942504883,125.02639883865392,120.03736001144374,1.9770821757694677,20.689230330354018,0.0,0.0,0.0,0.0,0.0
2021-06-09 04:00:00,124.03438568115234,124.63929137968418,123.43923856713752,124.11243947005046,56877900,122.47139053344726,122.59139518737793,125.24139633178712,121.05450370788574,122.88436550990976,123.23011462987304,123.9899286306992,51.66680525296616,-0.5863673662032909,-0.8441348694274516,0.25776750322416075,1.3553396818635877,122.59139518737793,125.17256987107858,120.01022050367727,1.919240448270095,20.5227637617805,0.0,0.0,0.0,0.0,0.0
2021-06-10 04:00:00,123.03921508789062,125.06856875877892,122.87335638380547,123.92705266664278,71186400,122.39919204711914,122.75432929992675,125.36653930664062,121.05874515533448,122.91251997863355,123.21193372111281,123.9526457466675,48.49208113886926,-0.5321264915393158,-0.7817331938498245,0.24960670231050874,-0.7789045574899234,122.75432929992675,124.97458737223508,120.53407122761843,1.8648856181373208,18.515338415767452,0.0,0.0,0.0,0.0,0.0
2021-06-11 04:00:00,124.24901580810547,124.3368281715762,123.02945340825438,123.44898317154788,53522400,122.60114974975586,122.87043190002441,125.47204833984375,121.07404781341553,123.15551922035571,123.31070344368354,123.96426810201801,52.32709540088213,-0.38705764064255277,-0.7027980832083702,0.31574044256581746,0.354596490281045,122.87043190002441,125.15056582424407,120.59029797580476,1.7638363613991836,17.76614564232138,0.0,0.0,0.0,0.0,0.0
2021-06-14 04:00:00,127.30280303955078,127.36133965538929,123.97584053546844,124.70757800792384,96906500,123.17385559082031,123.01824150085449,125.62207534790039,121.09637897491456,123.90957082384573,123.6909034051947,124.0951910407448,60.35175422265964,-0.025381837110785455,-0.5673148339888533,0.5419329968780678,2.8616424935894225,123.01824150085449,125.9820639416398,120.05441906006918,1.83073858459832,18.496322538558214,0.0,0.0,0.0,0.0,0.0
2021-06-15 04:00:00,126.48326110839844,127.4198916269695,126.23934861668313,126.77595907590421,62746300,123.69680328369141,123.18263893127441,125.69921951293945,121.1219546508789,124.3775145119462,123.95684223407125,124.18884084731944,57.551922766442615,0.19289508382202314,-0.41527285042667805,0.6081679342487012,3.480194598828268,123.18263893127441,126.52800911381934,119.83726874872949,1.7756839783443183,18.31012074197208,0.0,0.0,0.0,0.0,0.0
2021-06-16 04:00:00,126.9808349609375,127.70282128290683,125.33199905171192,127.19547914078684,91815000,124.1934097290039,123.44118537902833,125.78027679443359,121.15100120544433,124.85084550267189,124.24484154139185,124.29833081255936,58.80158753621082,0.401404031948303,-0.25193747395168187,0.6533415058999849,4.445862411560442,123.44118537902833,127.12227803600834,119.76009272204831,1.877429731795915,17.704591497995853,0.0,0.0,0.0,0.0,0.0
2021-06-17 04:00:00,128.5808563232422,129.3223595591208,126.49296674080024,126.63932311551761,96721700,124.99831695556641,123.78753700256348,125.86041305541993,121.16750190734864,125.52902928823012,124.65779533013949,124.46627298944888,62.613183866069065,0.6878283702715748,-0.06398430510703054,0.7518126753786054,6.042757504950624,123.78753700256348,128.02240410928232,119.55266989584464,1.9011248058932293,18.031531982350767,0.0,0.0,0.0,0.0,0.0
2021-06-18 04:00:00,127.2833023071289,128.30772287123602,127.06865812161917,127.52721480091387,108953300,125.44418869018554,123.94120292663574,125.8666781616211,121.15256359100341,125.84798801893899,124.9078436136623,124.57674472739713,57.93226338115643,0.8008878207178469,0.10899012005794496,0.691897700659902,4.317945915391497,123.94120292663574,128.45449607901574,119.42790977425572,1.9220273577765192,17.235172214671266,0.0,0.0,0.0,0.0,0.0
2021-06-21 04:00:00,129.07852172851562,129.1858438437529,126.06376624672313,127.12722136946698,79663300,126.06860656738282,124.27634010314941,125.85741973876954,121.16009643554688,126.43535778431655,125.30505105317214,124.7532850019508,62.14850322825971,1.0235486223950119,0.29190182052535835,0.7316468018696536,7.090858015353763,124.27634010314941,129.27005769263954,119.28262251365928,2.0467712813101095,16.709076671734117,0.0,0.0,0.0,0.0,0.0
2021-06-22 04:00:00,130.71759033203125,130.8151612925248,128.41505560442437,128.91264666080772,74783600,126.77497863769531,124.61196479797363,125.91522811889648,121.22689231872559,127.21394552026467,125.82053098449205,124.98717932862063,65.54401406257892,1.3170855080647499,0.4969385580332367,0.8201469500315132,6.426242249142544,124.61196479797363,130.37235633520268,118.85157326074457,2.1352775243855624,16.658654420078157,0.0,0.0,0.0,0.0,0.0
2021-06-23 04:00:00,130.4444122314453,131.0493254021088,129.98585550457855,130.51271488266488,60214200,127.41598129272461,124.94368591308594,125.90543197631835,121.29193386077881,127.80130310411569,126.26090062705903,125.20118846206474,64.50540618984857,1.5102630428525288,0.6996034549970951,0.8106595878554337,6.1953921775725895,124.94368591308594,131.24804575879992,118.63932606737197,2.0767391982134646,16.677189010987714,0.0,0.0,0.0,0.0,0.0
2021-06-24 04:00:00,130.16143798828125,131.3614830240449,129.69311538491124,131.17610718778187,68711000,128.12820358276366,125.26369781494141,125.93672775268554,121.39507480621337,128.23041853760034,126.63238037574686,125.39570805132813,63.38496126477578,1.621828544523865,0.8840484729024491,0.7377800716214158,5.262729244870923,125.26369781494141,131.95331330820582,118.574082321677,2.013320416231498,16.732199563065127,0.0,0.0,0.0,0.0,0.0
2021-06-25 04:00:00,129.8687744140625,130.6297802366699,129.5760764313894,130.21025787505408,70783700,128.69017944335937,125.64566459655762,125.91405532836914,121.47490795135498,128.52830142422982,126.94060837939597,125.57112241849418,62.181962252217666,1.667408654789952,1.0407205092799499,0.6266881455100022,4.703847808710293,125.64566459655762,132.47669393310582,118.81463526000941,1.9847480814421112,15.897069598792305,0.0,0.0,0.0,0.0,0.0
2021-06-28 04:00:00,131.49810791015625,131.9566646084623,130.1029355337376,130.1614721527149,62111300,129.1097099304199,126.14178276062012,125.93059219360352,121.58147987365723,129.0682662398528,127.37465595375409,125.80355322208878,66.04563753119767,1.8140930809855007,1.19539502362106,0.6186980573644407,6.874956749539707,126.14178276062012,133.16674948578955,119.11681603545068,1.955479296690145,15.907280293925291,0.0,0.0,0.0,0.0,0.0
2021-06-29 04:00:00,133.01036071777344,133.16646828417475,131.07857796707717,131.51761747124857,64556100,129.7624198913574,126.72961158752442,125.9641276550293,121.70284603118897,129.7850106903838,127.91138974080354,126.08617312388034,69.19170734824083,2.028978902903191,1.3621117994774863,0.6668671034257045,7.051440088023964,126.72961158752442,133.99578739352697,119.46343578152188,2.018896261300926,15.918409819039717,0.0,0.0,0.0,0.0,0.0
2021-06-30 04:00:00,133.625,134.06403942217588,132.56153042883813,132.85422833936676,63261400,130.42683639526368,127.31012306213378,126.04365676879883,121.81097476959229,130.48319056485948,128.45554309882226,126.3818133935321,70.39246569371265,2.223245527741085,1.5343385451302063,0.6889069826108787,4.966266892399074,127.31012306213378,134.84060861321765,119.77963751104991,1.9694174483269475,15.907311780468458,0.0,0.0,0.0,0.0,0.0
2021-07-01 04:00:00,133.927490234375,133.98602685703514,132.45424909031448,133.27380646927242,52485800,130.96149978637695,127.97990837097169,126.12163833618165,121.91974208831788,131.10942686840775,128.97668092125585,126.67772228925143,70.99168556335903,2.374242867575731,1.7023194096193113,0.6719234579564197,5.885544901942974,127.97990837097169,135.35319488306942,120.60662185887395,1.9854462342840082,14.667932534113948,0.0,0.0,0.0,0.0,0.0
2021-07-02 04:00:00,136.55198669433594,136.59100614570704,134.39579354693674,134.54213509862615,78852600,131.88836822509765,128.6662784576416,126.28249862670899,122.05818531036377,132.09898320039468,129.69813861393015,127.06494834435279,75.60492002029893,2.6748502688951987,1.8968255814744888,0.77802468742071,7.537477396760517,128.6662784576416,136.55653255070675,120.77602436457643,1.933876005099093,14.740273266466106,0.0,0.0,0.0,0.0,0.0
2021-07-06 04:00:00,138.5618133544922,139.66428770082487,136.65929888430668,136.65929888430668,108181800,132.83669738769532,129.45265197753906,126.43719284057617,122.21536693572997,133.2740432284124,130.5422981130313,127.51580579573081,78.43345125578077,3.0402143166776625,2.1255033285151237,0.9147109881625388,7.762397386869679,129.45265197753906,138.00292428840436,120.90237966667375,2.071858719113562,14.960028939720257,0.0,0.0,0.0,0.0,0.0
2021-07-07 04:00:00,141.04971313476562,141.36191336128311,139.1862182535438,140.04478004189397,104911600,133.86990966796876,130.32244415283202,126.63385360717774,122.40197818756104,134.6878013932039,131.54300430557743,128.0465472600067,81.32066597600114,3.490286823005647,2.398460027413228,1.0918267955924188,10.815566989626802,130.32244415283202,139.87004430316878,120.77484400249526,2.1025214173704208,15.543586126754533,0.0,0.0,0.0,0.0,0.0
2021-07-08 04:00:00,139.75210571289062,140.55213093920304,137.24467816832617,138.13252320539087,105575500,134.8006790161133,131.10833015441895,126.81099105834961,122.5663733291626,135.6085839967833,132.3248234872263,128.50558876796293,75.63335567707085,3.699619541340894,2.6586919301987617,1.0409276111421324,8.269062770043355,131.10833015441895,141.05577814917774,121.16088215966015,2.172210142236056,16.499196901026405,0.0,0.0,0.0,0.0,0.0
2021-07-09 04:00:00,141.5765380859375,142.1033824089943,139.1764331121068,139.2740040435633,99890800,135.94218902587892,132.0351963043213,127.04039505004883,122.73149269104005,136.6936665584477,133.20593916329403,129.01817501572665,77.96658265991346,3.967004515193139,2.9203544471976373,1.0466500679955018,8.307181708539613,132.0351963043213,142.267362507901,121.80303010074157,2.2732637918978043,15.798834892095872,0.0,0.0,0.0,0.0,0.0
2021-07-12 04:00:00,140.98141479492188,142.75710481226085,140.49358983023356,142.64978272453996,76299700,137.05345306396484,132.8718162536621,127.25984512329102,122.9164033126831,137.47325714689754,133.94646065202048,129.4873216737343,75.42932061317212,4.083811915763391,3.153045940910788,0.9307659748526032,8.077772273434714,132.8718162536621,143.1595031150787,122.5841293922455,2.2119378908261984,16.25451240608687,0.0,0.0,0.0,0.0,0.0
2021-07-13 04:00:00,142.09365844726562,143.86934850619764,140.1326074026889,140.5228614286861,100827100,138.11300811767578,133.61135902404786,127.54088912963867,123.10153526306152,138.31333011060082,134.72238425156763,129.98168782171592,76.93974373469884,4.217514507670501,3.3659396542627307,0.8515748534077701,9.167246953785702,133.61135902404786,144.33087761725807,122.89184043083765,2.307411849069648,14.790881596053977,0.0,0.0,0.0,0.0,0.0
2021-07-14 04:00:00,145.5182342529297,145.92802047396597,144.0840271410284,144.4938133620647,127050800,139.3637954711914,134.5631076812744,127.86938705444337,123.28408153533935,139.62331268193333,135.75056044217354,130.59096415235177,80.84429501987282,4.547389941580377,3.60222971172626,0.9451602298541171,12.050209844109094,134.5631076812744,145.9755732788361,123.1506420837127,2.5053327154389415,15.464528540181439,0.0,0.0,0.0,0.0,0.0
2021-07-15 04:00:00,144.86451721191406,146.34750947636803,143.50836421958925,145.60602078776031,106820300,140.4877471923828,135.45729179382323,128.27617065429686,123.45034961700439,140.57625896011163,136.61855632500598,131.15071133115813,78.12494910717304,4.701868880071686,3.8221575453953456,0.8797113346763403,10.164716066401635,135.45729179382323,147.166915694417,123.74766789322945,2.5889596881278782,15.97271778184858,0.0,0.0,0.0,0.0,0.0
2021-07-16 04:00:00,142.8253936767578,146.1133292004128,142.32781756831105,144.8449961921481,93251400,141.3775375366211,136.169518661499,128.63730194091798,123.61064525604247,140.9851925449564,137.20968369183947,131.60854201137775,70.19353532346082,4.606651710785229,3.979056378473323,0.6275953323119063,7.37914919260334,136.169518661499,147.8508655093036,124.48817181369442,2.7840888186151114,17.399461017093746,0.0,0.0,0.0,0.0,0.0
2021-07-19 04:00:00,138.9813232421875,140.56188618036083,138.22031752231123,140.2496710710599,121434600,141.62047119140624,136.75441970825196,128.88960510253906,123.74337112426758,140.6208526717257,137.3784112680631,131.89767068709577,58.19841748812673,4.1729044157285955,4.017825985924377,0.1550784298042185,4.008473894995324,136.75441970825196,147.71132163364115,125.79751778286277,2.9638878157613107,20.179018019856468,0.0,0.0,0.0,0.0,0.0
2021-07-20 04:00:00,142.59124755859375,143.518127007473,139.47893643261804,139.96676145319105,96350000,142.0234146118164,137.43005599975587,129.20064208984374,123.88938941955567,140.97910628751987,137.87487186716126,132.3170266428408,64.3581165113332,4.073490618167,4.028958912372902,0.04453170579409793,6.468991025708792,137.43005599975587,148.05549256692154,126.80461943259019,3.13881020491759,21.336369954891428,0.0,0.0,0.0,0.0,0.0
2021-07-21 04:00:00,141.8595428466797,142.57177826030212,141.10830286001075,141.98638214528893,74993500,142.10439758300782,137.98715362548828,129.56260894775392,124.05005004882813,141.13918566191256,138.2543643414011,132.69124296455996,62.352521558311935,3.890811163079519,4.001329362514225,-0.11051819943470598,3.8868392037564536,137.98715362548828,148.29433598331747,127.67997126765908,3.13741275529225,21.43005222086434,0.0,0.0,0.0,0.0,0.0
2021-07-22 04:00:00,143.2254180908203,144.59132208932277,142.25951926436974,142.38635852395822,77338200,142.45172882080078,138.62620391845704,129.97023590087892,124.20064697265624,141.51850064898667,138.72779803182198,133.10434787147213,64.57197822757479,3.8123052144600535,3.9635245329033912,-0.1512193184433377,3.3657214952844905,138.62620391845704,148.54173453388225,128.71067330303183,3.2231271464295657,21.378612095411555,0.0,0.0,0.0,0.0,0.0
2021-07-23 04:00:00,144.94253540039062,145.09864294509043,143.3424702853048,143.9571344380385,71447400,142.7883285522461,139.3652587890625,130.47347595214845,124.37604293823242,142.1410524219692,139.31967778120946,133.568590519665,67.19065532095976,3.8443306501858956,3.9396857563598924,-0.09535510617399678,2.7598937843323457,139.3652587890625,148.81684221733406,129.91367536079093,3.166677785210857,21.35973636821344,0.0,0.0,0.0,0.0,0.0
2021-07-26 04:00:00,145.36207580566406,146.1816181027515,144.10347916841854,144.65960672609336,72434100,143.2263946533203,140.1399238586426,130.94217819213867,124.5442162322998,142.72669303718644,139.89514425972894,134.0310801387238,67.81658519491437,3.859079378309872,3.9235644807498886,-0.06448510244001682,4.014229384349077,140.1399238586426,148.8227019567293,131.45714576055587,3.092809065771143,21.190316561968555,0.0,0.0,0.0,0.0,0.0
2021-07-27 04:00:00,143.19613647460938,145.57672455410125,142.00584243486344,145.48890475095865,104818600,143.33664245605468,140.72482528686524,131.31916870117186,124.70209392547608,142.81204638944516,140.20952447066992,134.3904941126801,61.31320262142022,3.6538750519603695,3.869626594991985,-0.21575154303161526,1.1439737194935296,140.72482528686524,148.48332185419005,132.96632871954043,3.1478649309459206,22.234275277105787,0.0,0.0,0.0,0.0,0.0
2021-07-28 04:00:00,141.4497528076172,143.39130194121526,139.06916408946387,141.2838940706625,118931200,142.92979431152344,141.14679489135742,131.68425750732422,124.84153091430665,142.5643566472946,140.32764145514108,134.66732778699136,56.60018270531964,3.312150172673398,3.7581313105282677,-0.4459811378548695,0.3321984059931449,141.14679489135742,148.0043557138122,134.28923406890263,3.184800851325345,22.8090378200637,0.0,0.0,0.0,0.0,0.0
2021-07-29 04:00:00,142.09365844726562,142.98150347673163,141.05947187985987,141.16679397009463,56699500,142.6527084350586,141.5702278137207,132.08993255615235,124.94811981201173,142.47877515638024,140.4958335496291,134.95855644033546,57.88559713808928,3.0580373960794702,3.618112527638508,-0.5600751315590378,0.0,141.5702278137207,147.44806147249324,135.69239415494815,3.113021015609935,22.808473826871552,0.0,0.0,0.0,0.0,0.0
2021-07-30 04:00:00,142.3083038330078,142.76686050541852,140.60091640214495,140.86434605990442,70440600,142.6009994506836,141.98926849365233,132.50302215576173,125.07180126190185,142.4477803703125,140.66844976709376,135.24678182828342,58.32867150755524,2.8412194691653383,3.4627339159438746,-0.6215144467785363,-2.2058613041872066,141.98926849365233,146.63976540305427,137.3387715842504,3.106051667127527,22.814031462696345,0.0,0.0,0.0,0.0,0.0
2021-08-02 04:00:00,141.97657775878906,143.37174997131473,141.71314811709883,142.7961201026742,62880000,142.90052490234376,142.260498046875,132.85835403442383,125.19338703155518,142.36210716821734,140.79303338535047,135.5106953941856,57.3249064545581,2.6125068257004784,3.2926884978951954,-0.6801816721947169,-1.993545078330261,142.260498046875,146.1455204453592,138.3754756483908,2.957613149320896,22.03017353528417,0.0,0.0,0.0,0.0,0.0
2021-08-03 04:00:00,143.77178955078125,144.43522442777342,141.64486473611035,142.25952902121162,64786600,143.0185791015625,142.52099685668946,133.2862742614746,125.32627906799317,142.6184130559562,141.07672444872483,135.83465987091483,61.214792444237894,2.546751628891741,3.1435011240945046,-0.5967494952027637,0.6626243762823503,142.52099685668946,146.04356130478703,138.9984324085919,2.8830415539610903,21.883695372891758,0.0,0.0,0.0,0.0,0.0
2021-08-04 04:00:00,143.37176513671875,144.19130756729243,142.71808142038705,143.68398028393023,56368300,143.1698013305664,142.6370994567871,133.67360763549806,125.46537471771241,142.75538616154938,141.2952997523433,136.13023262643657,59.90447315992404,2.4343004344993915,3.0016609861754824,-0.5673605516760909,3.1590157526997453,142.6370994567871,146.10817455137183,139.16602436220236,2.7854759032558474,21.094307632062957,0.0,0.0,0.0,0.0,0.0
2021-08-05 04:00:00,143.47906494140625,144.24007063545545,142.6107371680816,143.40101116673,46397700,143.195166015625,142.82344741821288,134.06698913574218,125.6197640991211,142.88696412152336,141.50327738939694,136.4184221289844,60.15087089018032,2.327015859956248,2.8667319609316357,-0.5397161009753879,0.6226310506524335,142.82344741821288,146.0326751234268,139.61421971299896,2.631463177203853,20.7553924901058,0.0,0.0,0.0,0.0,0.0
2021-08-06 04:00:00,142.79507446289062,143.74287381363573,142.29675296375655,143.00027443873307,54126800,142.980419921875,142.88437423706054,134.44766662597655,125.763306350708,142.87025691086285,141.62630568211063,136.6684869263925,57.71601681702923,2.161878951586914,2.725761359062692,-0.563882407475778,0.6594773939332832,142.88437423706054,146.03974417283885,139.72900430128223,2.4058235125918963,20.388697644534126,0.0,0.0,0.0,0.0,0.0
2021-08-09 04:00:00,142.74624633789062,143.34228507821692,142.18930041536296,142.8537292225246,48908700,142.71883697509764,142.97261581420898,134.8580027770996,125.90971126556397,142.8477095339588,141.73296669694682,136.90683043272574,57.536963392835084,2.003966264669799,2.5814023401841135,-0.5774360755143144,-0.3345577616857387,142.97261581420898,146.0000274395701,139.94520418884787,2.1641221481325,20.316319623904675,0.0,0.0,0.0,0.0,0.0
2021-08-10 04:00:00,142.26744079589844,144.3291466635416,141.9743043631005,143.08821088010203,69023100,142.62596740722657,142.98130493164064,135.27183670043945,126.05915897369385,142.74220612703874,141.78386899208508,137.11705044696782,55.711777518898906,1.8192129622861444,2.42896446460452,-0.6097515023183755,-1.8456242655770283,142.98130493164064,145.99907672022294,139.96353314305833,2.226400548265222,20.18016791957248,0.0,0.0,0.0,0.0,0.0
2021-08-11 04:00:00,142.52151489257812,143.36183156118472,142.19906623850963,142.70716850336376,48493500,142.73314361572267,142.83146896362305,135.69719131469728,126.21332366943359,142.7020804480459,141.85412098260824,137.32899022914862,56.50033254324752,1.6739994714097008,2.2779714659655563,-0.6039719945558555,-1.9541279232167197,142.83146896362305,145.60671201036772,140.0562259168784,2.1143281254103647,18.114533525038752,0.0,0.0,0.0,0.0,0.0
2021-08-12 04:00:00,145.48216247558594,145.6385039280885,142.50196876649986,142.84396383015653,72282600,143.07199401855468,142.86235122680665,136.16653915405274,126.38224308013916,143.20754990759863,142.1996487438442,137.64872247410696,64.44469678145717,1.7773283159896494,2.177842835970375,-0.40051451998072585,1.5964299437519536,142.86235122680665,145.74453581424405,139.98016663936926,2.204564575933117,19.621814434857303,0.0,0.0,0.0,0.0,0.0
2021-08-13 04:00:00,145.6873779296875,146.01959236929383,144.87637333214747,145.56034862237908,59375000,143.40990142822267,143.0054504394531,136.66965103149414,126.54466430664063,143.65842772979659,142.53181342821023,137.9639638645219,64.9228917751758,1.8543999732841598,2.113154263433132,-0.2587542901489721,2.995851910631342,143.0054504394531,146.1519791968242,139.85892168208204,2.1377845832769333,18.8742662431244,0.0,0.0,0.0,0.0,0.0
2021-08-16 04:00:00,147.66110229492188,147.72950726446174,143.11753925492116,145.1401525423691,103296000,143.97835388183594,143.43943939208984,137.16638137817384,126.74316757202149,144.38618674163754,143.0203171298018,138.34424380296895,69.21179399431423,2.051099084650019,2.1007432276765097,-0.04964414302649045,3.9181508228408823,143.43943939208984,146.64281332326442,140.23606546091526,2.2121478611557035,16.19487334190656,0.0,0.0,0.0,0.0,0.0
2021-08-17 04:00:00,146.75242614746094,148.20831321235303,145.67759718518755,146.7915040599331,92229700,144.27641754150392,143.6474983215332,137.6447430419922,126.91712753295899,144.81641208815088,143.3757560838646,138.67397644392943,65.25585869244206,2.109346740371109,2.1024639302154298,0.006882810155679042,3.1228833418379454,143.6474983215332,147.1458679589904,140.14912868407598,2.084189159399567,14.044314089781645,0.0,0.0,0.0,0.0,0.0
2021-08-18 04:00:00,143.0100860595703,147.27029417589944,142.80488601790597,146.37135309386304,86326000,144.24024963378906,143.70502548217775,138.03186737060548,127.10373481750489,144.4879891738635,143.34093036726512,138.8440199582683,52.05868156047911,1.8324099765559367,2.0484531394835312,-0.2160431629275945,0.7279428178196712,143.70502548217775,147.11635722394192,140.29369374041357,2.265858913765403,16.888651952143626,0.0,0.0,0.0,0.0,0.0
2021-08-19 04:00:00,143.34231567382812,144.61256415166383,141.19267243186096,141.71054055666755,86960300,144.22657470703126,143.71087036132812,138.41802597045898,127.29244022369384,144.27968490112977,143.3410623012235,139.02042371181966,52.968038534528255,1.6210572108688552,1.9629739537605961,-0.3419167428917409,-0.2987191564458036,143.71087036132812,147.11914132602342,140.30259939663281,2.3554266006603535,16.558382983723487,0.0,0.0,0.0,0.0,0.0
2021-08-20 04:00:00,144.79818725585938,145.10108950161558,143.42045616108942,144.06535347049768,60549600,144.42688598632813,143.70365295410156,138.85320541381836,127.48031826019287,144.37395805653514,143.47983610642692,139.24700267433104,56.8321876627855,1.5531317547134336,1.8810055139511637,-0.3278737592377301,0.9949114581803364,143.70365295410156,147.1015375760104,140.3057683321927,2.3625817416297497,16.395759961132566,0.0,0.0,0.0,0.0,0.0
2021-08-23 04:00:00,146.2834014892578,146.75241093803115,144.50505101044897,144.91543614181833,60131800,144.78060150146484,143.74971923828124,139.2938931274414,127.65372928619385,144.72112958975742,143.7468423333632,139.52293988275954,60.406068982682235,1.6006929258632,1.824942996333571,-0.22425007047037115,1.9545266405219364,143.74971923828124,147.26521841350862,140.23422006305387,2.3237960441954004,16.77206952608918,0.0,0.0,0.0,0.0,0.0
2021-08-24 04:00:00,146.19546508789062,147.40708910674365,145.7362213417673,146.02935786837372,48606400,145.17340393066405,143.89968566894532,139.6717463684082,127.80689498901367,144.989190589418,143.98004450046105,139.7846075378627,60.088865199365934,1.6126995672433964,1.7824943105155362,-0.16979474327213984,2.381308065274812,143.89968566894532,147.56831251432345,140.2310588235672,2.3379133026290413,15.784406823480026,0.0,0.0,0.0,0.0,0.0
2021-08-25 04:00:00,144.96429443359375,146.87943995254733,144.41711425947602,146.3811034364789,58991300,145.4176818847656,144.07541275024414,140.0413670349121,127.95456115722656,144.98466401563175,144.07378258933082,139.98773251416588,55.68033449819063,1.5055150937113808,1.7270984671547054,-0.22158337344332457,1.5538398750275073,144.07541275024414,147.58308943147378,140.5677360690145,2.3974127473217175,15.4157961717245,0.0,0.0,0.0,0.0,0.0
2021-08-26 04:00:00,144.16305541992188,145.70689371393732,144.13374326132688,144.95452843061085,48597200,145.28577117919923,144.17888259887695,140.3850114440918,128.10974586486816,144.83528063459357,144.08228476367285,140.1514706673328,52.95729359337802,1.340465284654499,1.6497718306546643,-0.30930654600016516,1.3324303954711292,144.17888259887695,147.56023208045977,140.79753311729414,2.4064862903739503,15.546042699940354,0.0,0.0,0.0,0.0,0.0
2021-08-27 04:00:00,145.19879150390625,145.3453522818871,143.4692997760321,144.1044163600025,55802400,145.2369125366211,144.3234069824219,140.71737014770508,128.27181118011475,144.90137351992314,144.18861873893317,140.34940481778668,55.95585027392118,1.2784996200456646,1.5755173885328644,-0.29701776848719974,1.87850698425851,144.3234069824219,147.61398823999573,141.03282572484804,2.4581339934454536,15.71152992079723,0.0,0.0,0.0,0.0,0.0
2021-08-30 04:00:00,149.61532592773438,149.976867364279,145.2085579053338,145.58963083933705,90956700,145.43233489990234,144.70534439086913,141.16401062011718,128.43884243011473,145.75845577588882,144.70544799500948,140.71277427307874,65.92881705021935,1.5676973625516268,1.5739533833366168,-0.006256020784989991,2.8410104591633623,144.70534439086913,148.57185155529748,140.83883722644077,2.6312221048691424,18.77731538116621,0.0,0.0,0.0,0.0,0.0
2021-08-31 04:00:00,148.35487365722656,149.3026732146875,147.8272249811444,149.16587817080352,86453100,145.59257965087892,144.93449859619142,141.5495376586914,128.6009329986572,146.23053175431386,145.05301234379206,141.01246444500612,61.63916231356642,1.675862394359882,1.59433518554127,0.08152720881861208,1.830972432509892,144.93449859619142,149.09974895399054,140.7692482383923,2.6758889351487767,18.785245846148506,0.0,0.0,0.0,0.0,0.0
2021-09-01 04:00:00,149.01931762695312,151.43278500420377,148.85321040744938,149.33200056452,80313700,146.1935028076172,145.2168762207031,141.91557220458984,128.76610260009767,146.73758373115737,145.43075570409312,141.32645868743543,63.00562990110256,1.7945130078133786,1.6343707499956919,0.16014225781768676,0.9198193098399754,145.2168762207031,149.69037934046955,140.74337310093668,2.671701519819387,18.735461322370362,0.0,0.0,0.0,0.0,0.0
2021-09-02 04:00:00,150.1332244873047,151.17874128646721,148.91183471793337,150.34819027947748,71115500,146.87259368896486,145.54958419799806,142.30934844970704,128.9317844772339,147.35497295954778,145.87860987392278,141.6718220521362,65.2410207295618,1.9558812663840683,1.6986728532733673,0.2572084131107011,2.3037427241213937,145.54958419799806,150.44844966375658,140.65071873223954,2.7519649149184926,18.827801816373434,0.0,0.0,0.0,0.0,0.0
2021-09-03 04:00:00,150.7683563232422,151.0908050119508,149.58604446464392,150.24070759279422,57808700,147.46961059570313,145.94824829101563,142.72148681640624,129.10506713867187,147.97558811658314,146.3443000119532,142.02854888629724,66.48456810418912,2.110685931477093,1.7810754689141126,0.3296104625629803,5.424981186599798,145.94824829101563,151.18906564346614,140.70743093856512,2.5300215247589426,18.647617805877584,0.0,0.0,0.0,0.0,0.0
2021-09-07 04:00:00,153.1036834716797,153.6606295652861,150.85632286325858,151.4230496190897,82278300,148.15163879394532,146.46612014770508,143.1861849975586,129.29663970947266,148.90796909023703,146.98805081764144,142.46286788964557,70.64338522838213,2.3942121403970873,1.9037028032107077,0.49050933718637957,6.809829848195914,146.46612014770508,152.3786029621212,140.55363733328898,2.555847040107401,19.135802231245826,0.0,0.0,0.0,0.0,0.0
2021-09-08 04:00:00,151.55978393554688,153.4456022050819,150.45564303417842,153.38697789342345,74420200,148.68807067871094,146.9307373046875,143.5874185180664,129.477526512146,149.39011724392972,147.42345397172767,142.8196096953672,64.90901154110783,2.4659035132737017,2.0161429452233066,0.4497605680503951,4.66966942599889,146.9307373046875,152.91399503956154,140.94747956981348,2.4504578267438313,19.602534933766723,0.0,0.0,0.0,0.0,0.0
2021-09-09 04:00:00,150.54364013671875,152.53694188624507,150.42637656824454,151.93113726904932,57305700,149.24600524902343,147.33184356689452,143.9380841064453,129.65965412139892,149.59984867898226,147.72061455886967,143.12251284993002,61.37762401454845,2.4129105990879225,2.09549647599623,0.3174141230916927,2.9123185570536503,147.33184356689452,153.14364865385292,141.52003847993612,2.3569345123293783,19.915302420146194,0.0,0.0,0.0,0.0,0.0
2021-09-10 04:00:00,145.5603485107422,151.92134106933233,145.2965241455898,151.45233157203938,140893200,149.38573455810547,147.33575286865235,144.17679107666015,129.8338360595703,148.8653941029386,147.51487493523848,143.21811424839325,47.67810831501597,1.9463668403278405,2.065670548862552,-0.11930370853471173,-0.4344297388202967,147.33575286865235,153.1424221955811,141.5290835417236,2.7045090191833117,22.488085682099623,0.0,0.0,0.0,0.0,0.0
2021-09-13 04:00:00,146.12704467773438,147.9542386226374,145.3453524055779,147.18232700871462,102404300,149.4785598754883,147.35773620605468,144.42078216552736,130.0044327545166,148.3675123892651,147.382700625,143.3321899515047,49.070255940636194,1.6038668165541878,1.9733098024008795,-0.36944298584669166,0.8020942320202007,147.35773620605468,153.14141308067016,141.5740593314392,2.730332325574549,22.52418317822901,0.0,0.0,0.0,0.0,0.0
2021-09-14 04:00:00,144.7297821044922,147.61227358439965,143.5474852815467,146.9087519585389,109296300,148.99000549316406,147.2111701965332,144.58433807373046,130.16386123657227,147.70610688294275,147.13004171828499,143.38699748691596,45.832195507303474,1.2057861161133019,1.8198050651433642,-0.6140189490300623,0.3931150619134183,147.2111701965332,153.10990050193612,141.31243989113028,2.9013266497085914,22.20569401478564,0.0,0.0,0.0,0.0,0.0
2021-09-15 04:00:00,145.61892700195312,146.01954629895556,143.01980680957314,145.1596833999334,83281300,148.7164108276367,147.1544952392578,144.7254803466797,130.3250123977661,147.32661963185373,146.9861260310153,143.47452413456446,48.17576958661973,0.9510873128175774,1.646061514678207,-0.6949742018606295,0.2893519248302834,147.1544952392578,153.09342820292463,141.215562275591,2.9397133494450998,22.2494439641602,0.0,0.0,0.0,0.0,0.0
2021-09-16 04:00:00,145.3844451904297,145.56033305169905,143.8503875542624,145.04246503666727,68034100,148.35292358398436,147.2732131958008,144.81217498779296,130.47302875518798,146.97349700614026,146.83358499857857,143.54942299950034,47.591001583770684,0.721993264725711,1.4612478646877078,-0.7392545999619968,-2.827839134172816,147.2732131958008,152.95257496888524,141.59385142271634,2.9536697062365493,20.17941247680905,0.0,0.0,0.0,0.0,0.0
2021-09-17 04:00:00,142.7169189453125,145.4137565229727,142.423782481279,145.4137565229727,129868800,147.61129302978514,147.241943359375,144.8714712524414,130.58986137390136,146.1995737223534,146.4415215649342,143.51677578168903,41.42996570988768,0.32148166601504613,1.2332946249531755,-0.9118129589381294,-3.800316479619359,147.241943359375,153.01848884181567,141.46539787693433,3.033235530225028,21.289625078121528,0.0,0.0,0.0,0.0,0.0
2021-09-20 04:00:00,139.66835021972656,141.52485650500037,138.0365754530921,140.50866688674913,123478900,146.50129241943358,146.98545150756837,144.8333074951172,130.68970054626465,145.0120785400576,145.79645762729538,143.3658571322003,35.73609095651689,-0.2391637488735796,0.9388029501878246,-1.1779666990614042,-6.275003507018651,146.98545150756837,153.6119037118852,140.35899930325155,3.026254646785574,22.18976201196856,0.0,0.0,0.0,0.0,0.0
2021-09-21 04:00:00,140.14710998535156,141.29034368063373,139.51199340756355,140.63566578658538,75834000,145.20563507080078,146.67863693237305,144.81662139892578,130.7926142501831,144.1275388028383,145.25842451853885,143.2396317538925,37.19587247782735,-0.6374986795327402,0.6235426242437117,-1.2610413037764518,-6.651502048300806,146.67863693237305,153.97620990673528,139.38106395801083,3.0255581701055894,21.83082626788993,0.0,0.0,0.0,0.0,0.0
2021-09-22 04:00:00,142.5117645263672,143.07847626004042,140.41096517330857,141.14379903633161,76404300,144.30083312988282,146.49445190429688,144.8249835205078,130.91070655822753,143.83376166166173,144.99683785261772,143.21108794104836,43.96614241294713,-0.7536860985204896,0.34809687969087144,-1.101782978211361,-5.476342647904941,146.49445190429688,154.02558171227545,138.9633220963183,3.015090664942136,22.842376845904326,0.0,0.0,0.0,0.0,0.0
2021-09-23 04:00:00,143.46932983398438,143.71360778815728,142.30656438659437,143.29344195401745,64838200,143.59340209960936,146.4197036743164,144.7840054321289,131.02629280090332,143.76750132935675,144.85136089846216,143.2212150741047,46.48209408056098,-0.7597401361680056,0.12652947651909602,-0.8862696126871017,-6.292698790279216,146.4197036743164,154.04388042123767,138.79552692739512,2.9536718673013547,22.837718112346288,0.0,0.0,0.0,0.0,0.0
2021-09-24 04:00:00,143.5572509765625,144.09466540021555,142.2283784515029,142.32609558654582,53477900,143.3930923461914,146.38941345214843,144.75786010742186,131.13925495147706,143.72927399248505,144.72811233447172,143.23439295263245,46.71865150502325,-0.7488116684079102,-0.04853875246630525,-0.700272915941605,-5.280116368064746,146.38941345214843,154.05603504703402,138.72279185726285,2.9794951816874806,22.759454392398986,0.0,0.0,0.0,0.0,0.0
2021-09-27 04:00:00,142.04273986816406,142.6192471706429,140.52822848156046,142.14045701354505,74150700,142.9846618652344,146.23161087036132,144.74220703125,131.25728775024413,143.42263142442667,144.47236257577578,143.1876614591239,43.178145917158396,-0.8525317132155976,-0.20933734461616374,-0.6431943685994339,-5.646801326734529,146.23161087036132,154.12790072868603,138.33532101203662,2.989262985470205,22.875604121495016,0.0,0.0,0.0,0.0,0.0
2021-09-28 04:00:00,138.66195678710938,141.43695107445913,138.4469909709511,139.9712831876772,108972300,142.37787933349608,145.68394241333007,144.73581970214843,131.3513171005249,142.5570542176417,143.91899059590278,143.01018284453508,36.52412278755711,-1.1937704930981567,-0.4062239743125624,-0.7875465187855943,-4.739197036975851,145.68394241333007,154.09471795584014,137.27316687082,3.0325336802065954,21.020243139269034,0.0,0.0,0.0,0.0,0.0
2021-09-29 04:00:00,139.5608673095703,141.14378350850296,138.77917495976774,139.2091064976362,74602000,141.7720733642578,145.24424209594727,144.67521209716796,131.45387691497803,142.0122929616287,143.5039312352997,142.8749155686541,39.20674522808354,-1.3758106294696688,-0.6001413053439837,-0.7756693241256851,-4.493471679143979,145.24424209594727,153.98027621314907,136.50820797874547,3.059052351877528,21.24168294793514,0.0,0.0,0.0,0.0,0.0
2021-09-30 04:00:00,138.2613067626953,141.075393254431,138.04634099404652,140.37187163149707,89056700,141.05975952148438,144.7063415527344,144.60324737548828,131.55300254821776,141.33029547091354,143.00463366648023,142.6939897331263,36.78626638651939,-1.6064245619391784,-0.8013979566630227,-0.8050266052761557,-4.469346424585064,144.7063415527344,153.78187648753985,135.63080661792893,2.802212018780525,21.164640193409824,0.0,0.0,0.0,0.0,0.0
2021-10-01 04:00:00,139.38497924804688,139.64880358400276,135.9260103602956,138.65214546670163,94639600,140.7265655517578,144.16892929077147,144.5264385986328,131.6280838394165,140.9766016122105,142.65990467424848,142.56422461606437,40.222675671272064,-1.6791604696072966,-0.9769504592518776,-0.702210010355419,-4.281001022499387,144.16892929077147,153.16395642899118,135.17390215255176,2.881776804969643,21.211345216591702,0.0,0.0,0.0,0.0,0.0
2021-10-04 04:00:00,135.95535278320312,138.95509355251514,135.1052701786628,138.51538125819243,98322000,140.35526580810546,143.42827911376952,144.34669494628906,131.6863575363159,140.06364727966368,142.02137592272035,142.30505317163843,34.125076958914576,-1.990599995948969,-1.179680366591296,-0.810919629357673,-6.485626708466652,143.42827911376952,152.57347153472168,134.28308669281736,2.8971282882932945,22.240249006426712,0.0,0.0,0.0,0.0,0.0
2021-10-05 04:00:00,137.88023376464844,138.9843747661612,136.17028827499877,136.29731756814027,80861100,140.12857818603516,142.66710662841797,144.19705810546876,131.7499277496338,139.66666300420636,141.6269814314754,142.13153084195255,39.65443816020243,-2.0583686634124945,-1.3554180259555357,-0.7029506374569587,-3.3890061643759406,142.66710662841797,150.9113233909972,134.42288986583873,2.8992198949772705,22.08152345077097,0.0,0.0,0.0,0.0,0.0
2021-10-06 04:00:00,138.7498321533203,138.89639291361067,135.20291265891208,136.2777412661686,83221100,139.75238494873048,142.02660903930663,144.10813201904296,131.8277658843994,139.49996648586344,141.35296721450825,141.99891520710423,42.02208520019237,-2.018636908472331,-1.4880618024588947,-0.5305751060134363,-0.6576422396063486,142.02660903930663,149.29448151488822,134.75873656372505,3.036715666906403,22.358581011946658,0.0,0.0,0.0,0.0,0.0
2021-10-07 04:00:00,140.0103302001953,140.9190518423827,139.45338427911526,139.7855986818326,61732700,139.40648498535157,141.49994354248048,144.07934356689452,131.9042720413208,139.59275988846923,141.22509702266893,141.9209314813431,45.36808697645225,-1.8639510806804935,-1.5632396581032146,-0.3007114225772789,-0.09759729270946149,141.49994354248048,147.60227079065444,135.39761629430652,2.9780903560041656,22.831804232178616,0.0,0.0,0.0,0.0,0.0
2021-10-08 04:00:00,139.62924194335938,140.87994360098938,139.29702757701324,140.73338282452485,58773200,139.01368408203126,141.20338821411133,144.0300552368164,131.96112384796143,139.59939298935834,141.07311082463946,141.83106130338297,44.531333834738824,-1.7519170756261815,-1.6009751416078082,-0.1509419340183733,-2.022655878683266,141.20338821411133,147.0458124490379,135.36096397918476,2.756845536843861,19.979971415482815,0.0,0.0,0.0,0.0,0.0
2021-10-11 04:00:00,139.54135131835938,141.49557516408288,138.56423939549762,139.0137174402137,64452200,138.76354522705077,140.87410354614258,143.97471618652344,132.02200981140138,139.5888399582676,140.9272289668985,141.74126875495068,44.32827151091752,-1.6511874967303584,-1.6110176126323184,-0.04016988409804001,-2.7378524177747665,140.87410354614258,146.27366552231405,135.4745415699711,2.839201643666367,19.867156896415246,0.0,0.0,0.0,0.0,0.0
2021-10-12 04:00:00,138.2710418701172,139.97122123368786,137.81179827609876,139.95167482917654,73035900,138.72445373535157,140.55116653442383,143.90060546875,132.0716330718994,139.3492403058766,140.67425876720506,141.6051814261337,41.390512853942056,-1.6547865860964635,-1.6197714073251475,-0.03501517877131599,-3.6823003160657897,140.55116653442383,145.74856339220554,135.35376967664212,2.7840628353020986,19.845363331738966,0.0,0.0,0.0,0.0,0.0
2021-10-13 04:00:00,137.684814453125,138.16358964828814,136.0139468710265,138.00726310614547,78762700,138.53684844970704,140.15446090698242,143.77886596679687,132.09537292480468,139.04661742355813,140.3895497849117,141.45144154483924,40.070725966536116,-1.6855129989371278,-1.6329197256475436,-0.052593273289584186,-3.06803812647084,140.15446090698242,144.91609945651604,135.3928223574488,2.844780806554084,19.60682613012599,0.0,0.0,0.0,0.0,0.0
2021-10-14 04:00:00,140.46961975097656,140.58688333280563,138.27111768839706,138.85739086890345,69907100,138.75767974853517,139.90871963500976,143.72082305908202,132.14188705444337,139.3053451194524,140.3971754959655,141.41293872939366,48.47556888126348,-1.4682285635969095,-1.5999814932374168,0.13175292964050733,1.303647377948458,139.90871963500976,143.99300329956827,135.82443597045125,2.9187652301946536,21.235840509649396,0.0,0.0,0.0,0.0,0.0
2021-10-15 04:00:00,141.5248565673828,141.58348088448486,140.22529620330172,140.47935479013262,67940300,138.97166748046874,139.84911651611327,143.68173889160155,132.19926956176758,139.70889265543974,140.50457369324334,141.41732766421677,51.26473085069591,-1.1970810854421643,-1.5194014116783663,0.322320326236202,1.4072635801668065,139.84911651611327,143.79323636541608,135.90499666681046,2.7994196720647317,20.507558793169963,0.0,0.0,0.0,0.0,0.0
2021-10-18 04:00:00,143.19570922851562,143.4790650348245,139.883301471598,140.16665727790686,85589200,139.695703125,140.02548446655274,143.68975158691407,132.27001502990723,140.3428593050899,140.76087231565023,141.4870681177187,55.38316556911596,-0.8377142610944759,-1.3830639815615884,0.5453497204671125,3.568896158553936,140.02548446655274,144.24165084277288,135.8093180903326,2.7994207196371264,19.344803467309628,0.0,0.0,0.0,0.0,0.0
2021-10-19 04:00:00,145.35513305664062,145.75575243725564,143.1957245202807,143.64518755891186,76378900,140.4431930541992,140.2858856201172,143.74192932128906,132.36750728607177,141.25418180537184,141.19842095764932,141.6387569388529,60.078631133314474,-0.3743507256884868,-1.181321330386968,0.8069706046984813,4.283211749789317,140.2858856201172,145.13020874253368,135.44156249770072,2.8050076115904425,19.946146445888164,0.0,0.0,0.0,0.0,0.0
2021-10-20 04:00:00,145.8436737060547,146.3224637629304,144.7297670657769,145.29649358936246,58418800,141.15257720947267,140.45248107910157,143.81345397949218,132.45966190338135,142.08863487822327,141.64082598130696,141.80365563560594,61.076647458383604,0.031921392040800356,-0.9386727859014145,0.9705941779422148,7.273211918783118,140.45248107910157,145.8200220530263,135.08494010517686,2.702410785645372,19.162265886992202,0.0,0.0,0.0,0.0,0.0
2021-10-21 04:00:00,146.0586700439453,146.21501151275598,144.48551942420278,145.40400691653662,61421000,141.75741119384764,140.58194808959962,143.88419708251953,132.57433601379395,142.81045945380907,142.06157303489155,141.9705189457369,61.532413745738836,0.3670126862525933,-0.6775356914706129,1.0445483777232063,5.931550923576823,140.58194808959962,146.36472834736605,134.7991678318332,2.5600321331343747,19.052967862325357,0.0,0.0,0.0,0.0,0.0
2021-10-22 04:00:00,145.28675842285156,146.74264548774926,145.23789985010384,146.26387023963363,58883400,142.3231628417969,140.66842346191407,143.88028900146483,132.66414363861085,143.26069562999862,142.3687335480306,142.10056755268258,58.86723233330665,0.5637891243511888,-0.42927072830625257,0.9930598526574413,4.711303911566445,140.66842346191407,146.68551934951947,134.65132757430868,2.3618204594387566,19.181941921105455,0.0,0.0,0.0,0.0,0.0
2021-10-25 04:00:00,145.2378692626953,145.95115656405432,144.24121124480388,145.27694716693773,50720600,142.89281463623047,140.82817993164062,143.871298828125,132.74821208953858,143.6201817450344,142.64198456847487,142.22359899229093,58.693833973832426,0.7076337610900225,-0.20188983042699757,0.9095235915170201,3.7336809755575517,140.82817993164062,147.1603284922948,134.49603137098643,2.2676006977453533,18.7269039756303,0.0,0.0,0.0,0.0,0.0
2021-10-26 04:00:00,145.90235900878906,147.3875583918874,145.59944178965912,145.91212476055014,60893400,143.65594635009765,141.1902000427246,143.83612396240235,132.85053134918212,144.03512306571704,142.95249641993337,142.36786409097712,60.40115155809562,0.8652760771853139,0.011543351095464727,0.8537327260898491,4.492695783576894,141.1902000427246,147.8217053890306,134.5586946964186,2.1573299030663184,16.25182120594304,0.0,0.0,0.0,0.0,0.0
2021-10-27 04:00:00,145.4430694580078,146.30291753836434,145.09130868119013,145.94139101285785,56094900,144.43177185058593,141.48431015014648,143.80993682861327,132.9514294433594,144.2911133188608,143.18969385213094,142.4884603798803,58.598270040608476,0.9422858355772803,0.19769184799182785,0.7445939875854525,4.229368630796659,141.48431015014648,148.32985819253787,134.6387621077551,2.088929129360021,16.30595374729287,0.0,0.0,0.0,0.0,0.0
2021-10-28 04:00:00,149.07797241210938,149.66423061689264,146.29319748336883,146.39091463893837,100077900,145.29260711669923,142.0251434326172,143.93129455566407,133.06033916473388,145.16145133581506,143.7504822864146,142.74687261643834,66.99472961925707,1.281846584666539,0.4145227953267701,0.867323789339769,7.815758379938664,142.0251434326172,149.48052934769393,134.56975751754047,2.2773752104249274,17.611412609622786,0.0,0.0,0.0,0.0,0.0
2021-10-29 04:00:00,146.37132263183594,146.5081176612954,143.05891485963772,143.85037288076313,124953200,145.77725372314453,142.37446060180665,143.99187469482422,133.1653436279297,145.38142793509158,144.00008612883568,142.8890079111598,57.62341285667029,1.3173611881230158,0.5950904738860193,0.7222707142369965,6.308980560574651,142.37446060180665,149.96249214662302,134.78642905699027,2.4979267664168128,19.163904669461367,0.0,0.0,0.0,0.0,0.0
2021-11-01 04:00:00,145.55059814453125,146.2736514231289,144.41714473918745,145.57991030936387,74588300,146.0127426147461,142.85422286987304,144.00692291259764,133.27485145568846,145.41218615498968,144.1477539398543,142.993383998743,55.10625259257142,1.2647024575062176,0.729012870610059,0.5356895868961585,3.617136860313419,142.85422286987304,149.92939853472737,135.7790472050187,2.4832664046353403,16.614617301710865,0.0,0.0,0.0,0.0,0.0
2021-11-02 04:00:00,146.58633422851562,148.10086068451773,145.24768076131065,145.25746142260692,69122000,146.1358627319336,143.2895278930664,144.0129815673828,133.38618274688721,145.62566762290348,144.37999968163157,143.1342840077537,57.622118728989335,1.2916558751755076,0.8415414715231488,0.4501144036523588,3.576387769538525,143.2895278930664,150.14402014391777,136.43503564221504,2.525843899215082,16.1964055043753,0.0,0.0,0.0,0.0,0.0
2021-11-03 04:00:00,148.02267456054688,148.49168405814817,146.3908996149076,146.9478455977698,54511500,146.3537628173828,143.75317001342773,144.04952575683595,133.48427227020264,146.06148706611137,144.72692109867114,143.32598559805933,60.89497664978719,1.4126333556747284,0.9557598483534648,0.45687350732126353,3.3708868499182865,143.75317001342773,150.56907808872222,136.93726193813325,2.468609296612221,16.334496667607926,0.0,0.0,0.0,0.0,0.0
2021-11-04 04:00:00,147.50477600097656,148.94111635864294,147.19209312751175,148.1105804313896,60394600,146.49837341308594,144.1278923034668,144.1003353881836,133.55623683929443,146.32390323608686,144.99147870841452,143.48985973150707,59.12197604147726,1.450004050964253,1.0546086888756225,0.3953953620886306,1.4788902869348863,144.1278923034668,150.90131133371568,137.35447327321793,2.4965263358942247,16.353124252833233,0.0,0.0,0.0,0.0,0.0
2021-11-05 04:00:00,148.03323364257812,148.93348684850864,146.83941603809723,148.6301424448186,65463900,146.77302093505858,144.54809188842773,144.17773895263673,133.62014560699464,146.63469058272165,145.2811696545253,143.66803125743144,60.38930693049805,1.5049149881882045,1.144669948738139,0.36024503945006536,1.5013060771744247,144.54809188842773,151.18782408888185,137.90835968797361,2.3892625678360053,16.23056054089924,0.0,0.0,0.0,0.0,0.0
2021-11-08 05:00:00,147.21121215820312,148.31696452355757,146.93722280009231,148.1603949099799,55020900,146.97035522460936,144.93158493041992,144.21798736572265,133.66122287750244,146.73951268735465,145.46498322630416,143.80697952804994,57.407846488191026,1.4652119859697734,1.208778356184466,0.25643362978530737,0.7890953093787845,144.93158493041992,151.2309938870809,138.63217597375893,2.3049553188878087,16.467976527682783,0.0,0.0,0.0,0.0,0.0
2021-11-09 05:00:00,147.5732879638672,148.17997664131613,146.83938459031998,146.97637928946335,56787900,147.1374481201172,145.3966972351074,144.17714660644532,133.70294353485107,146.8911081921751,145.6657741536911,143.95467789808197,58.38249070907058,1.4462916127636163,1.2562810075002961,0.19001060526332014,1.5738044993479416,145.3966972351074,150.9555933704135,139.8378010998013,2.2869478441622846,15.866483253537902,0.0,0.0,0.0,0.0,0.0
2021-11-10 05:00:00,144.7453155517578,146.9078907486886,144.67682566721112,146.8002509889988,65187100,147.0676727294922,145.74972229003907,144.10495544433593,133.73587322235107,146.50096407573557,145.57811142969746,143.98568329626534,48.95904383501498,1.1893927619892395,1.2429033583980849,-0.05351059640884537,-0.3391358696171798,145.74972229003907,149.98590547580525,141.5135391042729,2.370302859026775,17.597879883394345,0.0,0.0,0.0,0.0,0.0
2021-11-11 05:00:00,144.69642639160156,146.22294346309567,144.51050176060812,145.76304428551546,41000000,146.6295181274414,145.9610626220703,144.0184976196289,133.79272632598878,146.17286631498393,145.49414142606926,144.01355557451382,48.812361074539766,0.9706644101508175,1.1884555687486313,-0.21779115859781384,-0.8265340090319317,145.9610626220703,149.44264068619387,142.47948455794673,2.3851382922297852,16.328266426654096,0.0,0.0,0.0,0.0,0.0
2021-11-12 05:00:00,146.77088928222656,147.1720784304826,144.31474986015922,145.24435777936998,63804000,146.66947479248046,146.2233642578125,143.95125091552734,133.88489727020263,146.2815977635735,145.615736459989,144.1216863081496,54.976384628236985,0.953718559841235,1.141508166967152,-0.18778960712591708,0.9129481584559951,146.2233642578125,149.02097356526266,143.42575495036235,2.467094238734995,16.831618303811272,0.0,0.0,0.0,0.0,0.0
2021-11-15 05:00:00,146.78067016601562,148.62032601011296,146.22289645235986,147.14272437440852,59222800,146.7924819946289,146.4026123046875,143.8714971923828,133.96651630401612,146.37233820038117,145.72668252722963,144.22596018492868,55.0038972009932,0.9303535503585749,1.0992772436454368,-0.16892369328686185,-1.5410071715646345,146.4026123046875,148.81650770987346,143.98871689950153,2.484789983632209,16.423816547120833,0.0,0.0,0.0,0.0,0.0
2021-11-16 05:00:00,147.75924682617188,148.2387358500832,146.13487006562903,146.72199887322225,59256200,146.90977325439454,146.52281799316407,143.76460845947267,134.04889514923096,146.62450340507039,145.92026007950983,144.3645204453696,57.78345052388705,0.9795084069831148,1.0753234763129724,-0.09581506932985762,0.9482213929479455,146.52281799316407,148.9564416148895,144.08919437143862,2.5485226212950636,15.744191573099101,0.0,0.0,0.0,0.0,0.0
2021-11-17 05:00:00,150.19577026367188,151.6733569463972,147.7494257967945,147.7592057993934,88807000,147.12708282470703,146.74042282104492,143.73732818603514,134.14856243133545,147.27382465208882,146.3274515256205,144.59319690883245,63.782459212568924,1.2012240998430173,1.1005036010189815,0.10072049882403578,3.1914483199361188,146.74042282104492,149.65009065791733,143.8307549841725,2.527291906346341,16.68180210100473,0.0,0.0,0.0,0.0,0.0
2021-11-18 05:00:00,154.4817657470703,155.2645990140686,149.7652210699027,150.411059635024,137827700,147.8247817993164,147.16157760620118,143.8160906982422,134.25288318634034,148.5843593966309,147.1040528800443,144.98098392209667,71.46410189538085,1.7031465860887067,1.2210321980329266,0.4821143880557801,5.386198897808847,147.16157760620118,151.6602433560583,142.66291185634407,2.4901719343245015,19.240657484856804,0.0,0.0,0.0,0.0,0.0
2021-11-19 05:00:00,157.10426330566406,157.56417731455713,153.17053675502055,154.26649442831288,117305600,148.731884765625,147.7524528503418,144.04696899414063,134.3723862838745,150.13343283463692,148.05645387296047,145.4564066430209,74.96324179125014,2.2861837057862715,1.4340624995835958,0.8521212062026757,6.135268648589687,147.7524528503418,153.98462489931018,141.52028080137342,2.664419267673651,19.607336630935716,0.0,0.0,0.0,0.0,0.0
2021-11-22 05:00:00,157.5641632080078,162.14371301680876,157.54458827093626,158.20998681834752,117467900,149.76717987060547,148.36876754760743,144.2757113647461,134.49345836639404,151.48447472070436,148.96195000010783,145.93122062596154,75.52992197071826,2.7536129660691984,1.6979725928807161,1.0556403731884823,6.819702710483533,148.36876754760743,155.86388179525153,140.87365329996334,2.820581395383481,19.545952800060736,0.0,0.0,0.0,0.0,0.0
2021-11-23 05:00:00,157.94580078125,158.32742995233392,155.64623082003743,157.6620164381372,96041900,150.80443115234374,148.97093963623047,144.54003173828124,134.62082180023194,152.6592612771672,149.81755483640708,146.4023806320513,76.01506628042134,3.1188962901840114,1.9821573323413753,1.1367389578426361,6.696176861613035,148.97093963623047,157.49611811587442,140.4457611565865,2.862039587458903,19.554724372649286,0.0,0.0,0.0,0.0,0.0
2021-11-24 05:00:00,158.46441650390625,158.66012108108276,156.2137765381209,157.29995411244806,69463600,152.17634124755858,149.62200698852538,144.7969415283203,134.75379749298096,153.71474404566519,150.64106547140702,146.87540164663383,76.69135455861428,3.410915005868418,2.267908867046784,1.143006138821634,7.644257649077479,149.62200698852538,158.96264975486403,140.28136422218674,2.911848252589666,19.37336221038411,0.0,0.0,0.0,0.0,0.0
2021-11-26 05:00:00,153.4445037841797,157.00638063396804,153.00416477836077,156.14527755829806,76959800,153.0511489868164,149.8403335571289,144.9581427001953,134.8629398727417,153.6656094526678,150.908059596433,147.13301349516507,59.270573039727594,3.200384893724248,2.454404072382277,0.7459808213419712,3.978508510124157,149.8403335571289,159.33036503554123,140.35030207871657,3.1522897465278135,21.677950711108128,0.0,0.0,0.0,0.0,0.0
2021-11-29 05:00:00,156.80088806152344,157.7304958999759,155.38199643665857,155.94955010034442,88748200,154.05414886474608,150.36181182861327,145.23982208251954,134.9876957321167,154.23566010882337,151.46928135501304,147.5121458311007,64.99590049093007,3.266713780764377,2.616866014058697,0.6498477667056801,8.328817042410485,150.36181182861327,160.18942923432738,140.53419442289916,3.359879060265738,21.511928435263,0.0,0.0,0.0,0.0,0.0
2021-11-30 05:00:00,161.75230407714844,161.9675835913138,156.48776584559891,156.55627065978888,174048100,155.5513122558594,151.17189712524413,145.68150115966796,135.1478247451782,155.60232264851882,152.44861685235927,148.07058340937706,71.38606500656151,3.676438103415279,2.8287804319300136,0.8476576714852655,11.787352397624119,151.17189712524413,161.95429580565582,140.38949844483244,3.6555380384599334,23.38397768414015,0.0,0.0,0.0,0.0,0.0
2021-12-01 05:00:00,161.23367309570312,166.6449857878265,160.99881865483053,163.88550209995378,152052500,156.8987548828125,151.9042640686035,146.103232421875,135.31680515289307,156.62620454800685,153.2852888755349,148.58678300491928,69.94571523565737,3.914178185565902,3.0458599826571913,0.8683182029087106,9.853986634683398,151.9042640686035,163.34491456534874,140.46361357185828,3.8519455267699265,23.569493159241325,0.0,0.0,0.0,0.0,0.0
2021-12-02 05:00:00,160.24534606933594,160.6759050938818,154.4132690949476,155.33309702351337,136739200,157.9037124633789,152.51539764404296,146.45790405273436,135.48634716033936,157.28423027915758,153.94815146542072,149.04398155646504,67.16458234316444,3.9769948610954486,3.232086958344843,0.7449079027506058,9.173330444731697,152.51539764404296,164.38093841854942,140.6498568695365,4.21679997664621,23.80542533418008,0.0,0.0,0.0,0.0,0.0
2021-12-03 05:00:00,158.3665771484375,161.41962568459428,156.29208148681235,160.4997976289517,118023100,158.2921936035156,153.05848770141603,146.75584899902344,135.6457160949707,157.48102061902665,154.36895391142232,149.40957354046395,62.1089854279723,3.831015022181191,3.3518725711121125,0.4791424510690785,7.178792901363651,153.05848770141603,164.95265753394395,141.1643178688881,4.378958235750393,24.32618398881952,0.0,0.0,0.0,0.0,0.0
2021-12-06 05:00:00,161.77186584472656,164.27692006238982,160.75417823673777,160.76395823883925,107497000,158.7589538574219,153.74541931152345,147.12014129638672,135.84095817565918,158.26117429642662,155.07399314316558,149.8943693171017,66.96296981071771,3.9446320241924298,3.470424461728176,0.47420756246425366,7.707337936835779,153.74541931152345,165.9990618685411,141.4917767545058,4.629880618336052,25.135794726585203,0.0,0.0,0.0,0.0,0.0
2021-12-07 05:00:00,167.506103515625,167.89752761795768,164.72705957992557,165.4511829707639,120405400,159.7531478881836,154.76016387939453,147.62940856933594,136.06555320739747,159.94207051809903,156.2580036548284,150.58502556018104,73.1909823382543,4.446127187273561,3.6655650068372534,0.7805621804363074,8.430987117197475,154.76016387939453,168.05272037564856,141.4676073831405,4.9171517603915476,27.084216865195764,0.0,0.0,0.0,0.0,0.0
2021-12-08 05:00:00,171.32237243652344,172.18349034092375,167.03637277945757,168.43568937410808,116998900,161.09080505371094,155.94761810302734,148.28261688232422,136.3117133331299,162.01121632144893,157.69270544356127,151.3982548494494,76.38206700937039,5.092800095773214,3.951012024624446,1.1417880711487678,9.050110309989767,155.94761810302734,170.69990172770667,141.195334478348,5.004522218381796,27.625867583788597,0.0,0.0,0.0,0.0,0.0
2021-12-09 05:00:00,170.81353759765625,172.9565375380552,170.18727407030087,171.15603176332104,108923700,162.32571716308593,157.25102920532225,148.90767028808594,136.57656246185303,163.61163837166842,158.942308505856,152.15963848663398,75.09852122685459,5.500824238126597,4.260974467324877,1.2398497708017207,8.408875546247984,157.25102920532225,172.43598202481152,142.066076385833,4.809514041495254,26.09844917577531,0.0,0.0,0.0,0.0,0.0
2021-12-10 05:00:00,175.59860229492188,175.77474686026093,170.9407678198788,171.4496116481563,115402700,164.54112701416017,158.79613800048827,149.65441619873047,136.864022026062,165.7910863577145,160.52862220005275,153.07881353793937,78.72000923123035,6.139528379773623,4.636685249814626,1.5028431299589968,11.176493092159156,158.79613800048827,174.86530707675587,142.72696892422067,4.850054663142976,26.765225745680034,0.0,0.0,0.0,0.0,0.0
2021-12-13 05:00:00,171.96824645996094,178.22110269969062,171.76274694249355,177.2327699190323,153237000,166.0578628540039,160.056005859375,150.30608154296874,137.10152889251708,166.91420637630478,161.61811022480592,153.81957561331276,70.3595345702132,6.280370436910147,4.96542228723373,1.3149481496764164,8.521679664104154,160.056005859375,176.10651114345532,144.0055005752947,4.951405095003859,28.79660425810457,0.0,0.0,0.0,0.0,0.0
2021-12-14 05:00:00,170.58847045898438,173.92528743178815,168.51397541726456,171.48872330598167,139380400,166.9414794921875,161.24639587402345,150.99874389648437,137.34513954162597,167.58225439133741,162.47243024710863,154.47717933275086,67.42841959502675,6.209078003683828,5.2141534305237505,0.9949245731600778,11.172747313854758,161.24639587402345,176.67055071350896,145.82224103453794,5.146413158020081,29.236110163892988,0.0,0.0,0.0,0.0,0.0
2021-12-15 05:00:00,175.4518585205078,175.6475631254731,168.6118728318842,171.3517820953112,131063300,168.36329803466796,162.63102645874022,151.75017639160157,137.62796936035156,169.013091505732,163.70856627314663,155.29971577148643,71.87580722164844,6.470425965423658,5.465407937503732,1.0050180279199257,11.894684200810367,162.63102645874022,177.92873572566563,147.3333171918148,5.4742235687791565,30.147173779123776,0.0,0.0,0.0,0.0,0.0
2021-12-16 05:00:00,168.56288146972656,177.25230012898882,167.0852950701425,175.43221959715143,150185800,169.19505157470704,163.54938201904298,152.34643737792967,137.88575332641602,168.9312351355492,164.17088200615424,155.81983991651546,59.48560175716346,6.051900689625626,5.582706487928111,0.4691942016975146,4.210497916202649,163.54938201904298,177.87843484266065,149.2203291954253,5.810420235443502,34.449201469769996,0.0,0.0,0.0,0.0,0.0
2021-12-17 05:00:00,167.46697998046875,169.74697513874438,166.0481029746897,166.28294252078598,195432700,170.10509185791017,164.1986427307129,152.89557037353515,138.1317755508423,168.66500692553456,164.4847960989461,156.27659050725873,57.77924781803008,5.567606401015411,5.579686470545572,-0.012080069530161275,3.8660081142390945,164.1986427307129,177.96338376601088,150.4339016954149,5.768483096033393,33.64607787040513,0.0,0.0,0.0,0.0,0.0
2021-12-20 05:00:00,166.10679626464844,166.91898445345717,163.8659512088188,164.66834446331637,107499100,170.53858489990233,164.6487693786621,153.42512145996093,138.395638923645,168.19987771446435,164.6392723052035,156.6620887722544,55.64571312153172,5.0162203639361,5.466993249223678,-0.4507728852875781,3.6577974581404327,164.6487693786621,178.0198458255109,151.2776929318133,5.634283883600182,33.56710268166085,0.0,0.0,0.0,0.0,0.0
2021-12-21 05:00:00,169.2772674560547,169.48275204230814,165.49031583648394,167.8779505711604,91185900,170.7157012939453,165.23442459106445,154.01983978271485,138.65231971740724,168.39576675838984,165.08098612909407,157.15680166181522,59.40821637814801,4.779972932901416,5.329589185959226,-0.5496162530578106,6.889515770357635,165.23442459106445,178.32201223982034,152.14683694230857,5.516160245945055,34.04896582703748,0.0,0.0,0.0,0.0,0.0
2021-12-22 05:00:00,171.87039184570312,172.08567137280502,168.45528928513505,169.32618739702795,92135300,170.77050323486327,165.9306541442871,154.69182678222657,138.927371635437,169.027516774265,165.72759619734256,157.7338051984383,62.23029493560722,4.747265091431387,5.213124367053658,-0.4658592756222708,6.24244886355545,165.9306541442871,178.8662909849679,152.99501730360632,5.288301537867516,34.28615227238058,0.0,0.0,0.0,0.0,0.0
2021-12-23 05:00:00,172.49664306640625,173.05441678226669,171.50832525865067,172.07587897729215,68356600,170.93881378173828,166.63226547241212,155.38806335449217,139.19591236114502,169.65826700919976,166.3722673277296,158.31274001678997,62.9011084702296,4.7174967649633,5.113998846635587,-0.3965020816722866,2.9793180344116488,166.63226547241212,179.38367954598033,153.8808513988439,5.032483489712807,34.28475811006739,0.0,0.0,0.0,0.0,0.0
2021-12-27 05:00:00,176.459716796875,176.54778161213417,173.26968906108772,173.2892490658333,74919600,171.0249252319336,167.78302612304688,156.10786529541016,139.48879745483399,170.8948942433225,167.33297680098153,159.02438616502863,66.90669909040408,4.956555988936373,5.0825102750957445,-0.12595428615937188,2.998641851200712,167.78302612304688,179.64645869498293,155.91959355111084,4.899683177696779,32.0577150770991,0.0,0.0,0.0,0.0,0.0
2021-12-28 05:00:00,175.44203186035156,177.43825729141835,174.69834852343934,176.29336988152778,79144300,171.37230377197267,168.71508331298827,156.78620880126954,139.76217903137206,171.72164653732779,168.10526775901678,159.66821540798247,64.96687008231387,5.00618528926168,5.067245277928932,-0.06105998866725226,2.7096764857112987,168.71508331298827,179.85248643298667,157.57768019298987,4.657843677321629,31.881292647978487,0.0,0.0,0.0,0.0,0.0
2021-12-29 05:00:00,175.53012084960938,176.75329313798875,174.3167285642682,175.48119097181373,62348900,171.86646881103516,169.40397415161132,157.4328970336914,140.02830654144287,172.41409641228807,168.8123966247875,160.29025091549724,65.0612965174999,4.995045141488561,5.0528052506408585,-0.0577601091522979,-0.03899885558170668,169.40397415161132,180.43189407200228,158.37605423122037,4.464232749625511,30.42693063313896,0.0,0.0,0.0,0.0,0.0
2021-12-30 05:00:00,174.3754425048828,176.69458737092964,174.26780274374727,175.61818975957434,59773000,171.75882720947266,170.06106262207032,158.01330322265625,140.29260528564453,172.77070479275983,169.34221051812992,160.84261136998293,62.6765415791853,4.837282421101378,5.009700684732962,-0.17241826363158452,1.3997910047203632,170.06106262207032,180.59419538436237,159.52792985977828,4.439769975298944,30.56006798926663,0.0,0.0,0.0,0.0,0.0
2021-12-31 05:00:00,173.7589569091797,175.38331824017646,173.45559766181222,174.2677857929612,64062300,172.27843475341797,170.7367431640625,158.57160888671876,140.57442153930663,172.95038699574525,169.76285303156322,161.34913472446124,61.38289686077706,4.609375086427377,4.9296355650718455,-0.32026047864446827,1.8585584604075667,170.7367431640625,180.30855434736526,161.16493198075972,4.223092212138913,30.45857602078491,0.0,0.0,0.0,0.0,0.0
2022-01-03 05:00:00,178.10366821289062,178.9550062933326,173.89596741451703,174.0133871781769,104487900,173.34210357666015,171.72359771728514,159.21250885009766,140.8805912399292,173.88734721704438,170.55721638216582,162.00617525341926,66.61299804751837,4.724873374526624,4.8886831269628015,-0.1638097524361779,1.5114172712356044,171.72359771728514,179.8924202639966,163.5547751705737,4.132927471207187,30.696066876989477,0.0,0.0,0.0,0.0,0.0
2022-01-04 05:00:00,175.8432159423828,179.01368336177322,175.2756623032222,178.7103390737201,99310400,174.31574554443358,172.42716522216796,159.82363800048827,141.15890075683595,174.24295971256046,171.0606449117103,162.5488043000453,61.9146727587876,4.581197796620586,4.827186060894359,-0.24598826427377318,4.319061473782271,172.42716522216796,179.3096377877676,165.54469265656832,4.013406688637717,30.815097344242748,0.0,0.0,0.0,0.0,0.0
2022-01-05 05:00:00,171.16583251953125,176.3031560396219,170.89184312629723,175.7551772531539,94537600,174.50460205078124,172.6101516723633,160.342197265625,141.41796279907226,173.6834820411006,171.07066277912185,162.88672697531928,53.50513910025829,4.043299474824352,4.670408743680358,-0.6271092688560067,2.208705584524129,172.6101516723633,179.12659996192673,166.09370338279984,3.897379732904558,30.380264754877402,0.0,0.0,0.0,0.0,0.0
2022-01-06 05:00:00,168.30848693847656,171.53766438344002,167.95621276391145,168.99346035254746,96904000,174.1484115600586,172.45945739746094,160.79031982421876,141.67466957092284,172.70621020425986,170.8075984133461,163.09934501309016,49.11631117230763,3.3478552792038556,4.4058980507850585,-1.0580427715812029,1.3254669425568189,172.45945739746094,179.23551797955315,165.68339681536872,3.426983058667576,29.897980962636932,0.0,0.0,0.0,0.0,0.0
2022-01-07 05:00:00,168.474853515625,170.40257420223315,167.35932100577125,169.17940193566972,86709100,173.74623260498046,172.34252319335937,161.25095550537108,141.92977325439452,171.93687262450808,170.58543223261077,163.31014926809152,49.37668160338413,2.778110804126044,4.080340601453256,-1.302229797327212,-0.47402344832746524,172.34252319335937,179.31601857536944,165.3690278113493,3.3801531324109493,29.891458881550815,0.0,0.0,0.0,0.0,0.0
2022-01-10 05:00:00,168.49440002441406,168.79774430633347,164.5606744980765,165.45114734140734,106765600,172.94970092773437,171.987313079834,161.63928405761717,142.18195526123046,171.31096851540008,170.3862863080206,163.51345321931987,49.40943605974324,2.301629688408667,3.724598418844338,-1.422968730435671,-1.9642660873897766,171.987313079834,178.98615954217982,164.98846661748817,3.4255846350257366,27.935746503287184,0.0,0.0,0.0,0.0,0.0
2022-01-11 05:00:00,171.32237243652344,171.42021724210562,167.15380744997546,168.62161391540354,76138300,172.53773498535156,171.95501937866212,162.13830505371095,142.4474005126953,171.31304195560432,170.47543736787802,163.81968534548471,54.0424858534308,2.127682115654096,3.40521515820629,-1.2775330425521938,-0.6807498447553906,171.95501937866212,178.9601937207881,164.94984503653612,3.4451541769047345,27.763364332125747,0.0,0.0,0.0,0.0,0.0
2022-01-12 05:00:00,171.76272583007812,173.37730710526796,171.06797240622825,172.34005950483805,74805200,172.16099548339844,172.01373214721679,162.66254760742189,142.72230381011963,171.3948026600541,170.59803626903994,164.13117712919427,54.73758385979543,2.0022792212079423,3.1246279708066207,-1.1223487495986784,-2.661792193741097,172.01373214721679,178.9903064536426,165.03715784079097,3.35079364914543,27.613717682162008,0.0,0.0,0.0,0.0,0.0
2022-01-13 05:00:00,168.49440002441406,172.82931463870656,168.10297600637327,172.0073465977702,84505800,171.57289123535156,171.6658592224121,163.10070892333985,142.96990798950196,170.86745672630136,170.39768996002795,164.30228390939897,48.83394234232743,1.6204899465181768,2.8238003659489324,-1.2033104194307556,-3.960072601910858,171.6658592224121,178.61438382457754,164.71733462024667,3.5779541569109505,26.34190139585891,0.0,0.0,0.0,0.0,0.0
2022-01-14 05:00:00,169.35552978515625,170.0502832024392,167.4180143556812,167.66264878484014,80440800,171.1325485229492,171.7054916381836,163.52736602783204,143.21767837524413,170.59256091882042,170.29843661004017,164.50045041433063,50.353275087957606,1.371594285478352,2.5333591498548165,-1.1617648643764644,-3.517681771405712,171.7054916381836,178.58822684731234,164.82275642905483,3.4766063212702414,22.406903074134473,0.0,0.0,0.0,0.0,0.0
2022-01-18 05:00:00,166.1557159423828,168.83689986985863,165.77408681023036,167.82900716362772,90956700,169.93775329589843,171.6399284362793,163.90038482666014,143.43532669067383,169.7858618321954,169.903891784549,164.56536278797975,45.005453808971986,0.9057040532119345,2.20782813052624,-1.3021240773143057,-4.713809722530071,171.6399284362793,178.71495891547562,164.56489795708296,3.5367159074807324,23.3211097853454,0.0,0.0,0.0,0.0,0.0
2022-01-19 05:00:00,162.662353515625,167.40826837840387,162.37858408989868,166.3514456378891,94815000,168.61966705322266,171.46770629882812,164.1929672241211,143.6339986038208,168.49067850190985,169.2142214732229,164.4907349733776,40.0095257028326,0.25169613858136586,1.8166017321372654,-1.5649055935558995,-6.386205114798571,171.46770629882812,179.242894336792,163.69251826086423,3.7219387442510645,24.32394247921905,0.0,0.0,0.0,0.0,0.0
2022-01-20 05:00:00,160.979248046875,166.03828667936338,160.65632878123083,163.3962376065405,91420500,167.60100860595702,171.05280532836915,164.46832794189453,143.81602462768555,167.1249638737217,168.4299382897612,164.35302960371084,37.830580019046906,-0.3978363805147467,1.373714109606863,-1.7715504901216097,-9.614861017655452,171.05280532836915,180.10146019490904,162.00415046182925,3.9330225493189346,23.33419248406556,0.0,0.0,0.0,0.0,0.0
2022-01-21 05:00:00,158.92434692382812,162.76021377251277,158.81670715554318,160.89120276470334,122848900,166.6625946044922,170.4055030822754,164.69534912109376,143.97579612731934,165.63394261010467,167.52464387395804,164.1401400868527,35.302706799945184,-1.06611936819192,0.8857474140471064,-1.9518667822390265,-9.621564828579087,170.4055030822754,180.93838180455555,159.87262435999526,4.077007266362173,22.62317599246902,0.0,0.0,0.0,0.0,0.0
2022-01-24 05:00:00,158.15130615234375,158.81671975397313,151.37982501105924,156.58565431735994,162294600,165.63023986816407,169.68823623657227,164.96346893310547,144.11884544372558,164.27346325414814,166.63194504332813,163.90528385412688,34.37220788186059,-1.639220467166325,0.3807538378044202,-2.019974304970745,-7.60346044278577,169.68823623657227,181.49791405874907,157.87855841439546,4.244755304120458,22.452243087884025,0.0,0.0,0.0,0.0,0.0
2022-01-25 05:00:00,156.35076904296875,159.26680751652682,153.65001008067688,155.56793581393717,115798400,164.41587677001954,168.68278884887695,165.19655578613282,144.261463432312,162.83297339757007,165.6527854242463,163.60902837133636,32.24065513068409,-2.2131833144933637,-0.1380335926551366,-2.075149721838227,-7.104643451449267,168.68278884887695,181.45027981885804,155.91529787889587,4.378953616784666,20.120634497066813,0.0,0.0,0.0,0.0,0.0
2022-01-26 05:00:00,156.26272583007812,160.8618511560036,154.43286466260852,159.99095298775666,108275300,162.909912109375,167.72382354736328,165.38639251708983,144.38810596466064,161.63838293075335,164.75849403432554,163.32093807560076,32.13571174589521,-2.6446712339175917,-0.6393611209076278,-2.0053101130099638,-7.248635289309968,167.72382354736328,181.214328841932,154.23331825279456,4.451644586789696,20.211666525910207,0.0,0.0,0.0,0.0,0.0
2022-01-27 05:00:00,155.80282592773438,160.3236668366123,154.88299779290693,158.96349957568594,121954600,161.3139221191406,166.73745880126953,165.56683563232423,144.5241368484497,160.57737256656807,163.90557326226923,163.02611014823347,31.55786726074966,-2.9892800378253526,-1.1093449042911727,-1.8799351335341798,-7.532341783964769,166.73745880126953,180.70120004830804,152.773717554231,4.584445831373752,20.108302446035896,0.0,0.0,0.0,0.0,0.0
2022-01-28 05:00:00,166.67431640625,166.69389133962514,159.3059292425837,162.15347733104576,179935700,161.1319137573242,166.3524024963379,165.94513702392578,144.70249645233153,161.68590781014657,164.1692630855055,163.16917706031256,53.04964653708471,-2.357965415389174,-1.3590690065107731,-0.9988964088784007,-2.7130467341593634,166.3524024963379,179.8461332466078,152.858671746068,5.1450038467615276,33.53412574003089,0.0,0.0,0.0,0.0,0.0
2022-01-31 05:00:00,171.02882385253906,171.2441033483954,165.87192581665457,166.5079843021577,115541600,161.2992431640625,166.21589584350585,166.36179809570314,144.90428424835204,163.3846198178543,164.82255458712774,163.47739850314497,58.650494556224025,-1.489106180837581,-1.385076441376135,-0.104029739461446,-0.4272766247696236,166.21589584350585,179.44682326868104,152.98496841833065,5.2260829698675195,34.981389101498806,0.0,0.0,0.0,0.0,0.0
2022-02-01 05:00:00,170.8624725341797,171.0875320298687,168.61183278338754,170.27534392743365,86213900,161.7699188232422,165.8538360595703,166.68941223144532,145.10192867279054,164.7442294026407,165.39778486779934,163.76700924946005,58.36405547211825,-0.8046763309487801,-1.268996419290664,0.4643200883418839,1.4054309872746584,165.8538360595703,178.07265364222874,153.63501847691188,5.098175073749734,33.65299556369886,0.0,0.0,0.0,0.0,0.0
2022-02-02 05:00:00,172.06610107421875,172.10525095182186,169.6099763158955,170.99949834473722,84914300,162.71029357910157,165.66498031616212,166.9886489868164,145.314016456604,166.0754787974731,166.03286260174403,164.09246383082314,59.890424607694385,-0.16325606552339877,-1.047848348537211,0.8845922830138122,1.60052127763477,165.66498031616212,177.33828622182898,153.99167441049525,5.111456497813066,33.53985621478876,0.0,0.0,0.0,0.0,0.0
2022-02-03 05:00:00,169.18917846679688,172.45750604377838,168.4259201826274,170.73526997176376,89418100,163.53128662109376,165.5661476135254,167.2211492919922,145.5098202896118,166.6416060100774,166.33346411270145,164.2923349930182,54.72618141682995,0.11164354771381113,-0.8159499692870066,0.9275935170008177,1.8256744928750734,165.5661476135254,177.0756775387563,154.0566176882945,5.061831299871471,32.70796316320777,0.0,0.0,0.0,0.0,0.0
2022-02-04 05:00:00,168.9050750732422,170.5805134014752,167.22963674500915,168.20942139418403,82465400,164.52935943603515,165.59597702026366,167.44033477783202,145.7118008041382,167.0531458397437,166.57837944227674,164.4732267608701,54.22888776394843,0.30308492785582075,-0.5921429898584412,0.8952279177142619,3.8378404238553765,165.59597702026366,177.13847781161306,154.05347622891426,5.113160429136333,32.14435304388344,0.0,0.0,0.0,0.0,0.0
2022-02-07 05:00:00,168.18978881835938,170.43348845120025,167.49413533637534,169.36552707422473,77251200,165.53320770263673,165.58172378540038,167.6348422241211,145.8986142349243,167.259808199492,166.73184700190365,164.61897429253634,52.92492214726658,0.3925607816761101,-0.39520223555153094,0.7877630172276411,4.479174091672222,165.58172378540038,177.1099514588913,154.05349611190948,5.0672968677005485,32.18439630962599,0.0,0.0,0.0,0.0,0.0
2022-02-08 05:00:00,171.2957763671875,171.8052686432988,167.96449911609582,168.25843754271116,74829200,167.0277084350586,165.72179260253907,167.99186767578124,146.09900974273683,167.99362059361843,167.1665069414545,164.88080966801286,57.683229324477054,0.7059604057247384,-0.1749697072962771,0.8809301130210154,7.784477131933065,165.72179260253907,177.46509516590118,153.97849003917696,4.982374384750391,32.83777574761693,0.0,0.0,0.0,0.0,0.0
2022-02-09 05:00:00,172.7164306640625,173.07894618735656,171.36432311182244,172.49108438879807,71285000,168.67307891845704,165.791495513916,168.31017852783202,146.30811573028564,168.85231333369916,167.6950711055124,165.1880889227599,59.69021948632289,1.0567848367873012,0.07138120152043856,0.9854036352668626,9.209613797111782,165.791495513916,177.69028611073017,153.89270491710184,4.725318093467284,32.43310703298472,0.0,0.0,0.0,0.0,0.0
2022-02-10 05:00:00,168.64051818847656,171.93259499604034,168.08204874852603,170.61968723864308,90865900,169.95684814453125,165.63538513183593,168.4479428100586,146.50078662872315,168.81380512547688,167.78511368484232,165.3234783057292,52.06121073252981,0.994460135586877,0.25599698833372625,0.7384631472531507,7.860370128483551,165.63538513183593,177.28360355085067,153.9871667128212,4.774666329079204,33.53365704861736,0.0,0.0,0.0,0.0,0.0
2022-02-11 05:00:00,165.23086547851562,169.58111126110254,164.64298876993468,168.8462728505392,98670700,169.8125030517578,165.47220840454102,168.52788665771484,146.67689640045165,168.1623615533021,167.54185195090645,165.3198464301522,46.68571044423737,0.6623022744718696,0.33725804556135497,0.32504422891051465,5.739141948790505,165.47220840454102,177.0429687462811,153.90144806280094,4.588494941821987,33.62244191314574,0.0,0.0,0.0,0.0,0.0
2022-02-14 05:00:00,165.46600341796875,166.1518495458794,163.19289630795137,163.98651932384257,86185500,169.25622100830077,165.27773208618163,168.6322998046875,146.8640191268921,167.6721146196051,167.34415209062666,165.32557807673325,47.09143181092826,0.4132744721931658,0.35246133088771714,0.06081314130544868,6.202183710529363,165.27773208618163,176.7035134921175,153.85195068024575,4.398648927684708,33.56232946619143,0.0,0.0,0.0,0.0,0.0
2022-02-15 05:00:00,169.29698181152344,169.45375094241317,166.80833539753965,167.51378153621621,62527400,169.09967193603515,165.43479537963867,168.8509078979492,147.06503734588622,167.96754501813572,167.53013587356924,165.4813193996662,53.32377874540481,0.5190626531165492,0.3857815953334836,0.1332810577830656,1.573527020732457,165.43479537963867,176.99694249982514,153.8726482594522,4.224274715616803,33.89829773621677,0.0,0.0,0.0,0.0,0.0
2022-02-16 05:00:00,169.0618133544922,169.83583650795123,166.612352178537,168.37596721528965,61177400,168.7992431640625,165.75476837158203,168.99670684814453,147.2877197265625,168.16650289747326,167.67600991937144,165.62173092730646,52.911745977856455,0.577270010223657,0.4240792783115183,0.15319073191213867,-1.1501046746031696,165.75476837158203,177.34802040002356,154.1615163431405,4.065904378881721,32.89657063527262,0.0,0.0,0.0,0.0,0.0
2022-02-17 05:00:00,165.46600341796875,168.43474911832254,165.06428820364812,167.57253401447812,69589300,168.4269256591797,165.9791061401367,168.9559048461914,147.49120559692383,167.6755029921088,167.46553310971404,165.61562396615597,46.93932979140873,0.32945025222053914,0.4051534730933225,-0.07570322087278336,-3.158370024834689,165.9791061401367,177.35486829588575,154.60334398438766,3.573508645949815,33.66547650865639,0.0,0.0,0.0,0.0,0.0
2022-02-18 05:00:00,163.9179229736328,167.09241466512012,162.83036175887298,166.38698369504047,82772700,167.92821044921874,166.22878494262696,168.8078158569336,147.67896438598632,166.99230662511314,167.1276654777063,165.54904745664527,44.60499600563402,0.008041457630355353,0.3257310700007291,-0.31768961237037374,-4.735492958645771,166.22878494262696,177.16322970096402,155.2943401842899,3.4942140298431212,33.494068264776,0.0,0.0,0.0,0.0,0.0
2022-02-22 05:00:00,160.99818420410156,163.32026851174712,158.872038841447,161.64483056360834,91162800,167.20904998779298,166.37112884521486,168.6115087890625,147.84875831604003,165.9024661849292,166.54390535641062,165.37058223105532,40.512825162828044,-0.476779824106643,0.16522889117925468,-0.6420087152858976,-4.841322794355185,166.37112884521486,176.9305165374774,155.81174115295232,3.6777986645363114,34.14248750846432,0.0,0.0,0.0,0.0,0.0
2022-02-23 05:00:00,156.83412170410156,162.7911986729469,156.52058346872764,162.19352949330056,90009200,165.76288452148438,166.3952964782715,168.23621917724608,148.0141229248047,164.25367627932417,165.6191640561907,165.03581907313557,35.50935856071038,-1.183368095278297,-0.10449050611225566,-1.0788775891660414,-7.146590097370553,166.3952964782715,176.85990739941727,155.9306855571257,3.9474658479858045,35.215109015172786,0.0,0.0,0.0,0.0,0.0
2022-02-24 05:00:00,159.4501495361328,159.5579264390306,148.9272576589058,149.49553451506446,141147500,164.4362564086914,166.5546676635742,167.98585723876954,148.1971533203125,163.3803077805621,165.03163886380423,164.81677320893937,40.482522712983524,-1.5147912374270618,-0.3865506523752169,-1.1282405850518449,-5.196296007996748,166.5546676635742,176.4512006326205,156.65813469452792,4.418828913626792,35.682481371865634,0.0,0.0,0.0,0.0,0.0
2022-02-25 05:00:00,161.51747131347656,161.78200234869726,157.61791846840168,160.5278794584224,91974200,163.7239517211914,166.84039993286132,167.80443725585937,148.4058380126953,163.041610241092,164.69695623996353,164.687388820882,44.14795800131796,-1.592276107442956,-0.6276957433887647,-0.9645803640541912,-5.708433249836986,166.84039993286132,175.70618123067197,157.97461863505066,4.47691514390033,35.88108666388269,0.0,0.0,0.0,0.0,0.0
2022-02-28 05:00:00,161.78201293945312,162.07595128148682,159.14639022474867,159.76365924798694,95056600,163.37906646728516,166.59578475952148,167.53104034423828,148.60511325836183,162.81259254988493,164.41934259229586,164.57345251180638,44.61798243750325,-1.6137349943297181,-0.8249035935769553,-0.7888314007527628,-6.330849753302903,166.59578475952148,175.7462559487077,157.44531357033526,4.476215711179847,25.458583346572787,0.0,0.0,0.0,0.0,0.0
2022-03-01 05:00:00,159.90084838867188,163.23212509592508,158.6957174816516,161.37052533149114,83474400,162.82255096435546,166.0393859863281,167.35779968261718,148.78288444519043,162.28318452057346,163.98900981099834,164.39021313442854,41.916606963039094,-1.762221778769657,-1.0123672306154958,-0.7498545481541612,-5.182425845037453,166.0393859863281,175.40563648240956,156.67313549024666,4.525904145970598,23.503374945092567,0.0,0.0,0.0,0.0,0.0
2022-03-02 05:00:00,163.19290161132812,163.97673219026618,159.65587901852524,161.0667710705488,79724800,162.21214294433594,165.65590744018556,167.27231811523438,148.98287239074708,162.4485876279834,163.9131899824583,164.34325974136578,47.86536256871795,-1.5958613467797136,-1.1290660538483395,-0.4667952929313741,-1.2334038566495842,165.65590744018556,174.81647250239268,156.49534237797843,4.707167242511446,24.98056677821103,0.0,0.0,0.0,0.0,0.0
2022-03-03 05:00:00,162.86959838867188,165.4954290281514,162.20335200198932,165.06432138955572,76678400,161.5929214477539,165.1960823059082,167.20757415771484,149.18817085266113,162.52513503901764,163.8138003068596,164.28546910008367,47.35244867912224,-1.4731260933609462,-1.1978780617508609,-0.2752480316100854,-1.5691471212599062,165.1960823059082,173.91442263387148,156.4777419779449,4.611288321841847,24.74304044300307,0.0,0.0,0.0,0.0,0.0
2022-03-04 05:00:00,159.87144470214844,162.20333673673338,158.82308299816066,161.16476749621853,83737200,161.03346557617186,164.73019561767578,167.0194577026367,149.37925895690918,162.0426458868596,163.4383378683157,164.1123701040862,42.77482688282029,-1.599347187831171,-1.278171886966923,-0.32117530086424795,-5.56745726268667,164.73019561767578,173.54538426106717,155.91500697428438,4.547602100366372,24.87748219570251,0.0,0.0,0.0,0.0,0.0
2022-03-07 05:00:00,156.07969665527344,161.68406601052743,155.8249430798264,160.05761991470098,96418800,160.24964294433593,164.08892669677735,166.70364379882812,149.53860752105712,160.95847329929848,162.73751489564503,163.797363302172,37.79816184890798,-1.9824878076046843,-1.4190350710944755,-0.5634527365102089,-7.678917220648518,164.08892669677735,173.4729878043997,154.704865589155,4.754757078421586,25.96248207476759,0.0,0.0,0.0,0.0,0.0
2022-03-08 05:00:00,154.25729370117188,159.58732445146612,152.65044751471495,155.6094012673305,131148300,159.57555389404297,163.39230194091797,166.33885681152344,149.69801509857177,159.74007700873,161.92987478188567,163.42324292566218,35.65124850294049,-2.4054536250466754,-1.6163187818849154,-0.78913484316176,-6.77402577282511,163.39230194091797,173.53264429837517,153.25195958346077,4.96540917930064,26.11243288629921,0.0,0.0,0.0,0.0,0.0
2022-03-09 05:00:00,159.65589904785156,160.10660654613918,156.1874681101056,158.2156144765831,91454900,159.85773162841798,162.81030807495117,166.00278045654298,149.8762691116333,159.72477192493392,161.71330566435861,163.27550395006176,45.5227047634627,-2.278766546953591,-1.7488083348986507,-0.5299582120549402,-2.600096346063896,162.81030807495117,172.3595989411305,153.26101720877182,5.152968358983003,28.55901843441834,0.0,0.0,0.0,0.0,0.0
2022-03-10 05:00:00,155.31546020507812,157.1476526374479,152.82679892923494,156.96149116992498,105342000,159.4442626953125,161.94025955200195,165.6002490234375,150.0337964630127,158.92307888496012,161.10398704918904,162.9633453718271,40.1851381251803,-2.4997872732619726,-1.8990041225713152,-0.6007831506906574,-3.529682044003246,161.94025955200195,170.83791545169157,153.04260365231232,5.355223713823899,29.403403292436252,0.0,0.0,0.0,0.0,0.0
2022-03-11 05:00:00,151.60203552246094,156.0600575177212,151.37668929729986,155.7171269987306,96970100,158.45271911621094,161.08833541870118,165.12168731689454,150.17300064086913,157.59198009177842,160.19903928473875,162.51780380910688,36.26722142824025,-2.9406916657264617,-2.1073416312023445,-0.8333500345241172,-3.3360636861358484,161.08833541870118,170.53089582225832,151.64577501514404,5.385317664836342,29.429423301211266,0.0,0.0,0.0,0.0,0.0
2022-03-14 04:00:00,147.57516479492188,151.00441119995835,147.06568752183824,148.38838787929845,108732100,157.03203430175782,160.20555038452147,164.58568176269532,150.29972927093505,155.77074094689542,158.99676552380382,161.93181796541336,32.559974301455966,-3.573849277224781,-2.400643160406832,-1.173206116817949,-7.447459143661672,160.20555038452147,171.19241608201304,149.2186846870299,5.348922226867548,29.94194714479666,0.0,0.0,0.0,0.0,0.0
2022-03-15 04:00:00,151.9547576904297,152.42506496258488,147.33998157862231,147.8494586979721,92964300,156.2374252319336,159.52998809814454,164.1495977783203,150.45162433624267,155.07692580935617,158.32609811110154,161.54056069972773,39.77094959253278,-3.6798160720365445,-2.6564777427327746,-1.02333832930377,-5.920544412491058,159.52998809814454,170.8125205753221,148.24745562096697,5.2642413825634975,32.38415794107603,0.0,0.0,0.0,0.0,0.0
2022-03-16 04:00:00,156.3638153076172,156.76553056777536,151.3375306500096,153.8751690879972,102300200,155.5545166015625,158.88332977294922,163.71480072021484,150.62717449188233,155.3109057181309,158.13921403457923,161.3375510765077,46.02763661676815,-3.3691835677740016,-2.79901890774102,-0.5701646600329817,-3.3490729490822324,158.88332977294922,169.25455469039932,148.51210485549913,4.89262217810928,33.096458810509866,0.0,0.0,0.0,0.0,0.0
2022-03-17 04:00:00,157.3730010986328,157.74532403885397,154.4434546489776,155.40363939181822,75615400,155.0048568725586,158.29888916015625,163.34539642333985,150.80396564483644,155.6858321509494,158.06624137401292,161.18207852835576,47.375168863159274,-3.0069104193644876,-2.8405972100657135,-0.16631320929877402,-1.580884226389223,158.29888916015625,167.5072275205395,149.090550799773,4.831035428793622,33.28751870927435,0.0,0.0,0.0,0.0,0.0
2022-03-18 04:00:00,160.66510009765625,161.1549924756406,156.530407231442,157.26524579841853,123511700,155.08422241210937,158.05884399414063,163.13538177490236,151.00463222503663,156.5911535958052,158.31375172864563,161.16180486440675,51.61873875639006,-2.426193811208549,-2.7577165302942808,0.33152271908573194,-1.5489653586111651,158.05884399414063,166.71421162278722,149.40347636549404,4.952108585040796,33.644975332907784,0.0,0.0,0.0,0.0,0.0
2022-03-21 04:00:00,162.03677368164062,162.9871658912754,159.71467413165345,160.2045664067095,95811400,155.6799301147461,157.96478652954102,163.00994750976562,151.20069316864013,157.58126633868437,158.6683252479785,161.1961173670434,53.30818347764168,-1.834146224771871,-2.573002469189799,0.7388562444179279,-0.5113444837285042,157.96478652954102,166.38989035481023,149.5396827042718,4.861828881137114,33.673300545959876,0.0,0.0,0.0,0.0,0.0
2022-03-22 04:00:00,165.40721130371094,165.9950729796282,161.57625067180703,162.16411234772428,81532000,156.794921875,158.18523788452148,162.94859466552734,151.41355751037597,159.00416542323464,159.310123919953,161.36125830573627,57.25770795857003,-1.0805225079994045,-2.27450647695172,1.1939839689523155,3.4626362524439624,158.18523788452148,167.15750495454378,149.2129708144992,4.868826676571416,33.808752194478885,0.0,0.0,0.0,0.0,0.0
2022-03-23 04:00:00,166.76913452148438,169.15000379737148,164.2608735199057,164.5940116285297,98062700,157.5062454223633,158.68198852539064,162.91408935546875,151.62913383483885,160.41597798655275,160.02050588200362,161.57333188282445,58.77515682391575,-0.36911948166869024,-1.8934290778951142,1.524309596226424,6.848704921448068,158.68198852539064,168.4077549580988,148.95622209268248,4.9829019088073965,32.270976683631275,0.0,0.0,0.0,0.0,0.0
2022-03-24 04:00:00,170.5510711669922,170.6196482982035,166.76910292949728,167.60191066747961,90131400,159.0298065185547,159.2370346069336,162.89866333007814,151.86171726226806,162.25872220117807,161.02341686152633,161.9254000900467,62.73191611835516,0.49414700335080397,-1.4159138616459306,1.9100608649967346,10.562727424341256,159.2370346069336,170.31977185863872,148.1542973552285,4.968904050107038,32.669242693058905,0.0,0.0,0.0,0.0,0.0
2022-03-25 04:00:00,171.18795776367188,171.73663471959298,169.25778100424003,170.36494232979024,80546200,160.98839874267577,159.72055892944337,162.88716796875,152.10246097564698,163.88221957617694,161.9914683760164,162.28863764587513,63.369526954746675,1.2156698525644458,-0.8895971188038554,2.105266971368301,7.223070857133784,159.72055892944337,172.00128251536506,147.43983534352168,4.727456249010747,32.480988875369185,0.0,0.0,0.0,0.0,0.0
2022-03-28 04:00:00,172.05015563964844,172.17751745210523,168.52292563460833,168.68948719730128,90371900,163.43589782714844,160.2339660644531,162.95828308105467,152.34146667480468,165.3672988604445,162.94943859160043,162.67144227308194,64.26096460850914,1.8358910623959162,-0.34449948256390106,2.1803905449598173,10.77464884208814,160.2339660644531,173.68073786014673,146.7871942687595,4.493007311921157,32.48295948438543,0.0,0.0,0.0,0.0,0.0
2022-03-29 04:00:00,175.3422393798828,175.39121664425457,172.7751938429614,173.11812439551318,100589400,165.77464599609374,161.00603561401368,163.0780172729492,152.58166385650634,167.18092440943326,164.1297053333416,163.1683362772702,67.511988669452,2.5635138919703593,0.23710319234295102,2.326410699627408,15.65955481772181,161.00603561401368,176.05054199444558,145.96152923358179,4.313846466181074,32.44577217904821,0.0,0.0,0.0,0.0,0.0
2022-03-30 04:00:00,174.1763153076172,175.97911541230812,173.12793859273035,174.94054611178674,92633200,167.55589599609374,161.55520629882812,163.2384292602539,152.82012912750244,168.45281366364853,165.08652533089167,163.6000217294407,65.24822977689092,3.01136673681836,0.7919559012380328,2.219410835580327,18.025492669895815,161.55520629882812,177.69762301995468,145.41278957770157,4.029709087678299,32.128907619554425,0.0,0.0,0.0,0.0,0.0
2022-03-31 04:00:00,171.0801544189453,174.4310152677539,170.87439311711938,174.24485383998842,103049300,168.926611328125,161.9657341003418,163.4067852783203,153.04062572479248,168.9305119827934,165.65734714880153,163.89336026628402,59.53886544548478,3.080943832268872,1.2497534874442007,1.8311903448246714,12.586244102655142,161.9657341003418,178.65717553916346,145.27429266152012,3.9492272255506697,32.96184484216925,0.0,0.0,0.0,0.0,0.0
2022-04-01 04:00:00,170.78622436523438,171.34470867552832,168.46414001265768,170.51188591642043,78751300,169.9387237548828,162.5114730834961,163.6029248046875,153.25165256500244,169.2679142341463,166.14581164560465,164.16366866232127,59.01095913361865,3.076897918923862,1.615182373740133,1.4617155451837291,9.223623144039905,162.5114730834961,179.6230475711847,145.39989859580749,3.830957272854095,32.066758069985376,0.0,0.0,0.0,0.0,0.0
2022-04-04 04:00:00,174.83274841308594,174.8817406281064,170.9136104166494,171.0409871856376,76468400,171.21832122802735,163.44912567138672,163.92109283447266,153.48939979553222,170.27970226668077,166.97313895679335,164.582063946665,63.77317801006615,3.3614633191924383,1.964438562830594,1.3970247563618443,11.09449981417734,163.44912567138672,181.12271966498423,145.77553167778922,3.760273907061913,31.131777807348932,0.0,0.0,0.0,0.0,0.0
2022-04-05 04:00:00,171.52110290527344,174.69561063609092,170.89404131095085,173.91177990560575,73401800,171.8297103881836,164.31231613159179,164.18848876953126,153.70161270141602,170.50541147369762,167.4062783804581,164.8541831215124,57.84954749208329,3.28192929519912,2.2279367093042994,1.0539925858948207,6.756914103323397,164.31231613159179,181.78081848160465,146.84381378157892,3.6538958488025792,31.775138378726187,0.0,0.0,0.0,0.0,0.0
2022-04-06 04:00:00,168.35635375976562,170.1199686542609,166.69072328453476,168.87563829115544,89058800,171.98843231201172,164.7473388671875,164.42860046386718,153.88980651855468,170.11467370752817,167.49676174991598,164.99152314654194,52.8020000660755,2.929756788494899,2.3683007251424195,0.5614560633524794,3.900090044091664,164.7473388671875,182.16084150976528,147.3338362246097,3.7630751510070297,30.846664064748254,0.0,0.0,0.0,0.0,0.0
2022-04-07 04:00:00,168.6601104736328,169.85544881098227,166.41641045043957,167.69992580849703,77594700,171.7993362426758,165.41457138061523,164.67654815673828,154.08088500976564,169.85020766500173,167.60755686646044,165.13538931623177,53.22386752857051,2.6446819209468515,2.423576964303306,0.22110495664354568,1.9666005758050664,165.41457138061523,182.32167555453847,148.50746720669198,3.6783932307458946,28.749591813960855,0.0,0.0,0.0,0.0,0.0
2022-04-08 04:00:00,166.65155029296875,168.30738857225097,165.77954264267717,168.30738857225097,76575500,171.34569549560547,166.16704711914062,164.89352264404297,154.26333557128908,169.26863359735938,167.516508621366,165.19484660943715,50.03890808991747,2.230966817476485,2.3850549349379415,-0.15408811746145634,-0.0705071887870723,166.16704711914062,181.7754651589974,150.55862907928383,3.6503986644125876,27.476092125489938,0.0,0.0,0.0,0.0,0.0
2022-04-11 04:00:00,162.3992919921875,165.61298417615765,162.1543458504195,165.29946088886413,72246700,170.38060913085937,166.90825347900392,164.8080221557617,154.4259881591797,168.01966239641905,167.02915465668235,165.08521701660385,44.03158162142173,1.5421954409918328,2.2164830361487198,-0.674287595156887,-4.779670464117469,166.90825347900392,180.00512368036715,153.8113832776407,3.6559973883217367,27.319330830300192,0.0,0.0,0.0,0.0,0.0
2022-04-12 04:00:00,164.2706756591797,166.4359910689201,163.27129126604743,164.62339868320723,79265200,169.27345275878906,167.5240493774414,164.67285919189453,154.5898509979248,167.3380284441937,166.76644237120593,165.0532742182735,47.044664085033894,1.1342690375118423,2.000040236421344,-0.8657711989095018,-4.040752746195864,167.5240493774414,178.67397249990475,156.37412625497805,3.595109445412222,25.859975065365703,0.0,0.0,0.0,0.0,0.0
2022-04-13 04:00:00,166.9552764892578,167.58233798502656,163.39866884231074,164.00613046155772,70618900,168.5513488769531,168.05362243652343,164.5947152709961,154.75957557678223,167.26843717965988,166.78442657292516,165.1278625426258,51.110805114976095,1.0158986276404391,1.8032119146651633,-0.7873132870247241,-2.961275525412266,168.05362243652343,177.90181176924054,158.2054331038063,3.6189040006986226,24.596368586798086,0.0,0.0,0.0,0.0,0.0
2022-04-14 04:00:00,161.94857788085938,167.80770011623432,161.70363174912274,167.17083120352376,75329400,167.63819122314453,168.28240127563475,164.3923648071289,154.90119346618653,166.3011900344234,166.32386955463318,165.00318471275259,44.28184154658405,0.5121863249044054,1.5450067967130119,-1.0328204718086065,-7.638582435351349,168.28240127563475,177.25999395613584,159.30480859513366,3.8778479043956673,27.2535871134363,0.0,0.0,0.0,0.0,0.0
2022-04-18 04:00:00,161.73304748535156,163.23211669383912,160.2633706181813,160.60628625032533,69023900,166.73287353515624,168.33579864501954,164.2432421875,155.0402212524414,165.47061866186488,165.88664840517777,164.87494403716823,44.00924038206894,0.09450974477263685,1.2549073863249371,-1.1603976415523003,-7.144064220378787,168.33579864501954,177.13352911018177,159.5380681798573,3.8288589228357313,26.286146124877334,0.0,0.0,0.0,0.0,0.0
2022-04-19 04:00:00,164.0159454345703,164.42746814637917,160.59650655333354,161.68406811950865,67723800,165.65119323730468,168.43475723266602,164.14545959472656,155.17754104614258,165.20613262053857,165.70848621750088,164.8412578174585,47.68297458821576,-0.05169525789742124,0.9935868574804655,-1.0452821153778866,-4.129180855820358,168.43475723266602,176.9749144059144,159.89460005941763,3.863851822009981,26.58627264121488,0.0,0.0,0.0,0.0,0.0
2022-04-20 04:00:00,163.849365234375,165.4660187034269,162.74221886501599,165.34843439183405,67929800,164.88401947021484,168.35686492919922,164.05865112304687,155.303978805542,164.9594476412361,165.5314270762508,164.8023600691023,47.43838227295958,-0.17894266618276333,0.7590809527478198,-0.9380236189305832,-4.061720526138323,168.35686492919922,177.0405009950569,159.67322886334154,3.854753466212348,25.509080661317295,0.0,0.0,0.0,0.0,0.0
2022-04-21 04:00:00,163.05572509765625,168.062424195949,162.55604041418727,165.4953937411617,87227800,164.3539566040039,168.17119445800782,163.89385009765624,155.41400886535644,164.6133162696761,165.29564593543228,164.73386458002597,46.221882521988725,-0.33990902071798246,0.5392829580546594,-0.8791919787726419,-6.736165519519,168.17119445800782,177.15150060656714,159.1908883094485,3.9940221541500063,25.347285464354126,0.0,0.0,0.0,0.0,0.0
2022-04-22 04:00:00,158.51931762695312,164.47640880332085,158.23518671810965,163.09492410815207,84882400,163.33987731933593,167.56960678100586,163.60990783691406,155.50784492492676,163.50531651645372,164.65028133462474,164.49015685637607,39.92030702475698,-0.8240273130085711,0.2666209038420133,-1.0906482168505844,-7.580283159385259,167.56960678100586,177.4459450810278,157.69326848098393,4.234068827174332,25.42785687396702,0.0,0.0,0.0,0.0,0.0
2022-04-25 04:00:00,159.58731079101562,159.87144172970685,155.2566649146805,157.862880430984,96046400,162.63345336914062,166.98957443237305,163.42884368896483,155.59789878845214,162.79295183910133,164.16809366380483,164.2978883832247,41.927607253999625,-1.1087356108266135,-0.008450399091712052,-1.1002852117349016,-5.208620151789988,166.98957443237305,177.32317431927373,156.65597454547236,4.271158866613926,25.56360542145318,0.0,0.0,0.0,0.0,0.0
2022-04-26 04:00:00,153.63021850585938,159.0582182667308,153.55183394880203,158.9700412464134,95623200,161.7565460205078,166.0685775756836,163.19683074951172,155.66114280700683,161.12700032396643,163.16448650590524,163.8795483880339,34.91946714131683,-1.7943721448466476,-0.36563474824269915,-1.4287373966039485,-8.911349533429313,166.0685775756836,177.70444604006974,154.43270911129747,4.420928133762392,28.019093831048398,0.0,0.0,0.0,0.0,0.0
2022-04-27 04:00:00,153.40489196777344,156.55978483050606,152.2389458259476,152.75823050166923,88063200,160.6699676513672,164.97171020507812,162.9556085205078,155.71769897460936,159.7229806228404,162.23500131179745,163.4687775480237,34.68331818141742,-2.329077846677194,-0.7583233679295982,-1.5707544787475958,-7.948715929679661,164.97171020507812,177.05409917428904,152.88932123586721,4.384532375463804,26.53189311608628,0.0,0.0,0.0,0.0,0.0
2022-04-28 04:00:00,160.33192443847656,161.19413952588084,155.71713316880462,156.0306713643422,130216800,160.00763244628905,164.27949066162108,162.77630737304688,155.7917674255371,159.8336976802288,162.0537558952907,163.34576370059048,46.63197578724919,-2.168880830828215,-1.0404348605093214,-1.1284459703188934,-1.2730151273137258,164.27949066162108,175.71023483921994,152.84874648402223,4.695261603861283,32.255349805577204,0.0,0.0,0.0,0.0,0.0
2022-04-29 04:00:00,154.4630584716797,162.8402209990939,154.07115055532702,158.56835892940364,131747600,159.2590805053711,163.44863586425782,162.4843322753906,155.83976013183593,158.85721782412895,161.33083233113726,162.99742231906458,39.961873493669486,-2.4868254017357003,-1.3297129687545972,-1.1571124329811031,-5.970400467487169,163.44863586425782,175.20897065781517,151.68830107070048,5.1158689333478,33.97346278653697,0.0,0.0,0.0,0.0,0.0
2022-05-02 04:00:00,154.7667694091797,155.03130046543404,150.17157761678854,153.54203875876948,123055300,158.5624526977539,162.64766311645508,162.27034759521484,155.89946701049806,158.1134999305018,160.705683481427,162.67465161671615,40.43668199301073,-2.6833597297773224,-1.6004423209591423,-1.08291740881818,-7.300462337207025,162.64766311645508,174.48564353585846,150.8096826970517,5.141763105211818,34.044014416813845,0.0,0.0,0.0,0.0,0.0
2022-05-03 04:00:00,156.25604248046875,157.46118829235783,153.15993453329665,154.95292717961667,88966500,157.78646240234374,161.7188278198242,162.11710998535156,155.98584060668946,157.77578039413214,160.2819081480024,162.42294145451038,42.82449308009435,-2.687957608114232,-1.8179453783901602,-0.8700122297240716,-3.5150264824050814,161.7188278198242,172.38876855315942,151.048887086489,5.16065986823529,32.83269896620959,0.0,0.0,0.0,0.0,0.0
2022-05-04 04:00:00,162.66384887695312,163.11454143572888,156.04049519291306,156.44221048032446,108256500,157.66791076660155,161.2759651184082,162.1504232788086,156.08620361328124,158.66452011828142,160.5087596459977,162.4323888044101,51.781353837594175,-2.1497638958881,-1.8843090818897483,-0.26545481399835147,0.5755171290430683,161.2759651184082,170.91865733859242,151.633272898224,5.36711537538529,36.26904634199039,0.0,0.0,0.0,0.0,0.0
2022-05-05 04:00:00,153.600830078125,160.76305283929582,151.8176149978829,160.53770657596968,130525300,156.72242126464843,160.53818893432617,162.08575744628905,156.14491004943847,157.74384920188933,159.85086159191462,162.0860531680852,41.80592047805353,-2.4265792802796966,-1.9927631215677382,-0.43381615871195844,-6.350062689849956,160.53818893432617,170.15781480045786,150.9185630681945,5.705841483382335,40.608931457276135,0.0,0.0,0.0,0.0,0.0
2022-05-06 04:00:00,154.3269500732422,156.44639806349898,151.28514888506098,153.08079107355962,116124600,156.30318450927734,159.82153091430663,161.98329345703124,156.20041770935057,157.12259481486257,159.3247747806125,161.78177461534625,42.75739671379319,-2.557880003138081,-2.105786497881807,-0.4520935052562738,-5.81168877127578,159.82153091430663,169.01985585239117,150.6232059762221,5.862448847866635,40.68005069998411,0.0,0.0,0.0,0.0,0.0
2022-05-09 04:00:00,149.20492553710938,152.90414437032265,148.6456356183626,152.02103374851995,131577900,155.26494598388672,158.94919967651367,161.7370425415039,156.22172966003419,155.6830185825438,158.36097961456457,161.28856484757225,38.03347112955997,-3.040195860076011,-2.292668370320648,-0.7475274897553632,-8.49451900707654,158.94919967651367,168.7120457042914,149.18635364873595,5.994616909426203,41.90359586072555,0.0,0.0,0.0,0.0,0.0
2022-05-10 04:00:00,151.60891723632812,153.7970575708187,150.05858149525076,152.599963074193,115366700,155.06281585693358,158.4096809387207,161.5335806274414,156.2529638671875,154.94227288323185,157.71792605473252,160.9089708236019,41.31084253133312,-3.1916611297042436,-2.472466922197367,-0.7191942075068765,-4.35934275650075,158.4096809387207,168.55486410602663,148.26449777141477,6.128069209090376,41.82954631125536,0.0,0.0,0.0,0.0,0.0
2022-05-11 04:00:00,143.7493133544922,152.53126499841446,143.0722664113859,150.61788122808568,142689800,154.09725799560547,157.38361282348632,161.2105499267578,156.25572975158693,152.9071893325519,156.38758198804294,160.23604307971524,34.825684924335306,-3.900935241728007,-2.7581605861034952,-1.1427746556245117,-9.924346339330059,157.38361282348632,169.06726154310022,145.69996410387242,6.410398838038006,44.83103752474835,0.0,0.0,0.0,0.0,0.0
2022-05-12 04:00:00,139.88330078125,143.45495579096956,136.19390367446763,140.08936442340104,182602000,152.05239562988282,156.03001403808594,160.74435791015625,156.2478974914551,150.53920959595155,154.8157456826341,159.43789632291268,32.15199127230038,-4.720579093267673,-3.150644287536331,-1.5699348057313425,-8.948055830621026,156.03001403808594,169.2202090246668,142.8398190515051,6.504269380524674,44.56507192190875,0.0,0.0,0.0,0.0,0.0
2022-05-13 04:00:00,144.34788513183594,145.31930242919321,140.422988536555,141.8751960845671,113990900,151.04087829589844,155.14997940063478,160.37392364501954,156.25916862487793,149.4135142388396,153.81880658255807,158.84613117816457,38.06552269651478,-4.95280524991702,-3.511076480012469,-1.4417287699045511,-5.9039882755760775,155.14997940063478,169.0091540288509,141.29080477241865,6.5629282971615925,45.98793096842937,0.0,0.0,0.0,0.0,0.0
2022-05-16 04:00:00,142.80735778808594,144.75019240669823,141.47289233038416,142.81717961196202,86643800,149.84493713378907,154.20369491577148,160.0326419067383,156.2616638946533,148.2123948841571,152.77009717356074,158.21715967267127,36.87133730414524,-5.201197665027848,-3.8491007170155456,-1.3520969480123028,-10.930179196542511,154.20369491577148,168.73829148555188,139.66909834599107,6.365915671025912,45.99960874219162,0.0,0.0,0.0,0.0,0.0
2022-05-17 04:00:00,146.4378662109375,146.95791370140876,143.92592034755194,146.06499632256597,78336300,148.86311950683594,153.32479095458984,159.83980529785157,156.28397033691405,147.88975330720808,152.16702755807282,157.75522659574054,41.52696570100433,-5.046920991681759,-4.088664771948788,-0.9582562197329709,-5.1955414713049874,153.32479095458984,167.4820822108135,139.16749969836619,6.35375259308051,46.816788325251615,0.0,0.0,0.0,0.0,0.0
2022-05-18 04:00:00,138.17601013183594,144.5932103275883,137.27327061969143,144.09279133540988,109742900,146.41433563232422,152.0411231994629,159.51817962646484,156.25599143981933,146.12361818441315,150.834549707955,156.98741418539132,35.17038330763941,-5.527599627231439,-4.376451743005319,-1.1511478842261198,-10.719845959619612,152.0411231994629,166.8223352655208,137.259911133405,6.4519917383047005,50.16515327590878,0.0,0.0,0.0,0.0,0.0
2022-05-19 04:00:00,134.77113342285156,139.00020681352638,134.03521536260072,137.2536291483144,136095600,144.53136596679687,150.62689361572265,159.02048431396486,156.21298828125,144.05953004594738,149.30470053794517,156.11618748882114,32.93303458464389,-6.1128212059174984,-4.723725635587755,-1.3890955703297436,-13.749810065938862,150.62689361572265,166.35303864990402,134.90074858154128,6.180271810244613,50.49078765436445,0.0,0.0,0.0,0.0,0.0
2022-05-20 04:00:00,135.00662231445312,138.0582299092985,130.1201304167111,136.47845848613497,137426100,142.59933319091797,149.45125885009764,158.61430755615234,156.17062606811524,142.41354682203934,147.9429788023745,155.28836140355182,33.249310450641005,-6.482880922014772,-5.075556692873159,-1.4073242291416133,-17.002687907268978,149.45125885009764,166.17684879630266,132.72566890389263,6.4001558562404615,50.11815260044021,0.0,0.0,0.0,0.0,0.0
2022-05-23 04:00:00,140.42298889160156,140.5701665253798,135.06549843768857,135.20286921997902,117726300,141.72113952636718,148.49304275512696,158.39072662353516,156.1587656402588,142.05162719832336,147.22678928706281,154.70540561876948,40.23093034446641,-6.26685993648357,-5.313817341595241,-0.9530425948883288,-8.579277325403044,148.49304275512696,164.96756537120947,132.01852013904445,6.490319459945139,52.71117313271818,0.0,0.0,0.0,0.0,0.0
2022-05-24 04:00:00,137.724609375,139.3043807072169,134.75150167714628,138.1661572066265,104132700,140.33270874023438,147.697762298584,158.19371551513672,156.13365745544434,141.26489668499184,146.32181977162827,154.03949204058245,38.09331817365728,-6.241450864397564,-5.499344046155706,-0.742106818241858,-10.757901125087265,147.697762298584,164.6566361810045,130.7388884161635,6.3901366722051005,51.65811252363118,0.0,0.0,0.0,0.0,0.0
2022-05-25 04:00:00,137.88160705566406,139.12775081330722,135.7425308510417,135.83083742178036,92482700,139.74593811035157,146.9215980529785,157.91225250244142,156.11172828674316,140.64975311602316,145.5179899891555,153.40584949215426,38.29873583871269,-6.137891795053321,-5.627053595935229,-0.5108381991180915,-7.589105011569508,146.9215980529785,164.1986173008167,129.64457880514033,5.857207106719051,51.68965553666979,0.0,0.0,0.0,0.0,0.0
2022-05-26 04:00:00,141.0803985595703,141.62988165478208,134.56507119637524,134.81037721904417,90601500,139.8656478881836,145.9590217590332,157.60658416748046,156.10452270507812,140.72805228757719,145.0953622339569,152.9224984751902,42.48618743622644,-5.731634036195032,-5.64796968398719,-0.08366435220784219,-6.9445246814512585,145.9590217590332,162.20453817531975,129.71350534274663,5.993175769573968,49.411975454931294,0.0,0.0,0.0,0.0,0.0
2022-05-27 04:00:00,146.8303985595703,146.86964094239937,142.5326314835253,142.66019542923442,90978500,140.11389923095703,145.57738876342773,157.3957321166992,156.11126388549803,141.83756979157593,145.26060378877725,152.68359259614627,49.16480840795752,-4.889333694796733,-5.496242486149099,0.6069087913523665,2.1433738591015272,145.57738876342773,161.33297323372375,129.82180429313172,6.000884907284645,50.65327205411163,0.0,0.0,0.0,0.0,0.0
2022-05-31 04:00:00,146.04539489746094,147.8312299883083,144.08294665114528,146.27108722583742,103718400,140.43770294189454,145.1413200378418,157.1033380126953,156.11305397033692,142.60262890173684,145.33534579912808,152.42327111776646,48.33952046855427,-4.236314247148158,-5.244256838348912,1.007942591200754,4.405167794722864,145.1413200378418,160.29737697487494,129.98526310080868,5.940610000388481,50.64302067438861,0.0,0.0,0.0,0.0,0.0
2022-06-01 04:00:00,145.91781616210938,148.89092345071006,144.9071417470177,147.08546005363647,74286600,140.3856979370117,144.62440872192383,156.7809588623047,156.10433753967285,143.20539022180455,145.39081916703105,152.16815523715246,48.19791803420331,-3.6865894593928488,-4.9327233625577,1.2461339031648508,1.087602377298147,144.62440872192383,158.86168920593698,130.38712823791067,5.5495230801501805,50.448983034723724,0.0,0.0,0.0,0.0,0.0
2022-06-02 04:00:00,148.37091064453125,148.42978169809749,144.10257959347064,145.05436821890447,72348100,141.40518798828126,143.90976181030274,156.4402328491211,156.11242996215822,144.14457575320938,145.67463740298345,152.01924368450065,51.16043492872004,-3.018192536378365,-4.549817197321833,1.5316246609434678,3.89584468378803,143.90976181030274,155.52849632233912,132.29102729826636,5.31893682476463,48.3407885155911,0.0,0.0,0.0,0.0,0.0
2022-06-03 04:00:00,142.65037536621094,145.19174238635256,141.74765092180013,144.14182533230215,88570300,142.1931121826172,143.36223907470702,155.95785766601563,156.1106314086914,143.8729029555733,145.38661244710036,151.65183708378342,44.735444903317834,-2.916463373467991,-4.223146432551064,1.3066830590830731,-2.5864149367424205,143.36223907470702,154.05310913446732,132.67136901494672,5.403740972963766,46.251174212394716,0.0,0.0,0.0,0.0,0.0
2022-06-06 04:00:00,143.39608764648438,145.78046996633253,142.17936438712687,144.2693764860653,71598400,143.0320587158203,142.81569595336913,155.41475799560547,156.1109002685547,143.78620926301167,145.1970386565655,151.32808220388935,45.69289076426175,-2.7440379685053813,-3.9273247397419278,1.1832867712365465,3.7778464652929777,142.81569595336913,152.18195014245848,133.44944176427978,5.426869937456023,46.26300688747042,0.0,0.0,0.0,0.0,0.0
2022-06-07 04:00:00,145.91781616210938,146.20236451194296,141.3943732786537,141.63967925937843,67808200,143.5815414428711,142.65134048461914,154.90935516357422,156.11649841308594,144.1737741537567,145.26568413328397,151.11591490813328,48.91592416812146,-2.3765122229890494,-3.6171622363913523,1.2406500134023029,8.270823622358737,142.65134048461914,151.6538260946351,133.6488548746032,5.473829603167912,45.40917548631205,0.0,0.0,0.0,0.0,0.0
2022-06-08 04:00:00,145.1819305419922,147.0560572730291,144.69131847131706,145.79028471849585,53950200,144.3272735595703,142.32999114990236,154.37199066162108,156.1109910583496,144.35707531525406,145.25770760077998,150.88320963887284,48.020292194241286,-2.120185067588295,-3.317766802630741,1.197581735042446,7.53689563748885,142.32999114990236,150.3963337748614,134.2636485249433,4.988125546772624,44.988014990890115,0.0,0.0,0.0,0.0,0.0
2022-06-09 04:00:00,139.96180725097656,145.17210490927135,139.85387199936835,144.31844471982856,69473000,144.53529357910156,142.14061584472657,153.66438201904296,156.07982276916505,143.5579356672036,144.75333613889393,150.45491934915142,42.127749795364586,-2.3116173870836576,-3.116536919521325,0.8049195324376672,-0.32842317647931996,142.14061584472657,150.2444096958848,134.03682199356834,5.0140589104653515,42.95068853986075,0.0,0.0,0.0,0.0,0.0
2022-06-10 04:00:00,134.5552520751953,138.117085018381,134.48655920841233,137.64610169004794,91437900,143.88277893066407,141.87421340942382,152.87196075439454,156.02777755737304,141.92108410502027,143.7820900375893,149.8314029854669,37.05596715435806,-2.8665489062710208,-3.066539316871264,0.19999041060024325,-2.3012280188612344,141.87421340942382,150.6156738713405,133.13275294750713,4.838140949749412,44.076783188202825,0.0,0.0,0.0,0.0,0.0
2022-06-13 04:00:00,129.40379333496094,132.6614484092865,128.97205248808118,130.37519526815413,122207100,142.14011840820314,141.12700881958008,152.03843353271483,155.95398124694825,139.64521305591856,142.4127284468628,149.0303202540745,32.98161504400059,-3.679599666607203,-3.189151386818452,-0.49044827978875105,-6.148618297783948,141.12700881958008,151.39897786513617,130.855039774024,4.839544905191374,44.046773533182645,0.0,0.0,0.0,0.0,0.0
2022-06-14 04:00:00,130.2672882080078,131.37607607962988,129.0113227305463,130.63035125622758,84784300,140.56230773925782,140.50000534057617,151.22805480957032,155.87932373046874,137.94013581084386,141.2560198526861,148.29451507579736,34.28590207892742,-4.205789706438281,-3.3924790507424176,-0.8133106556958638,-7.664502271020113,140.50000534057617,151.81776683765764,129.1822438434947,4.603349629093395,44.18485910469473,0.0,0.0,0.0,0.0,0.0
2022-06-15 04:00:00,132.88717651367188,134.7613181921413,129.67858439406757,131.76858160626196,91533000,139.25924377441407,139.82247085571288,150.38914337158204,155.79568298339845,137.02141593863075,140.45898715373238,147.6903057204199,38.21480533658908,-4.361123693814932,-3.586207979356921,-0.774915714458011,-9.496141250506485,139.82247085571288,151.26524937977774,128.37969233164802,4.724600617365409,43.750485218560065,0.0,0.0,0.0,0.0,0.0
2022-06-16 04:00:00,127.61799621582031,129.9042500251396,126.61714350302216,129.60007296838003,108123900,137.18395233154297,139.2945701599121,149.51108123779298,155.6919985961914,135.31170326175612,139.236035635836,146.90315632808267,33.83348966336543,-4.853458167014793,-3.8396580168884955,-1.0138001501262974,-12.61758283756812,139.2945701599121,151.965435141762,126.62370517806221,4.667830799668471,41.4549900776177,0.0,0.0,0.0,0.0,0.0
2022-06-17 04:00:00,129.08981323242188,130.5812777450833,127.3726714161481,127.62779921111623,134520300,135.82789611816406,139.01050415039063,148.72575042724608,155.59235107421875,134.18045052914988,138.26972874027277,146.20459385374303,36.039365683267754,-5.06647033509762,-4.0850204805303205,-0.9814498545672992,-11.532521094608628,139.01050415039063,152.345682053997,125.67532624678428,4.4834996529617674,41.01079386092602,0.0,0.0,0.0,0.0,0.0
2022-06-21 04:00:00,133.31893920898438,134.48659850718005,130.8168292526159,130.91494269803155,81000500,134.82018127441407,138.92611999511718,148.01892700195313,155.50827964782715,134.02381210730158,137.79822497538817,145.6992740637525,42.02069057775582,-4.8382564819313245,-4.235667680810522,-0.6025888011208025,-10.14482648260383,138.92611999511718,152.38872734551217,125.46351264472219,4.60124979136142,42.80805727929922,0.0,0.0,0.0,0.0,0.0
2022-06-22 04:00:00,132.80868530273438,135.17342395812105,131.39572023105475,132.25918724085466,73409200,133.50926818847657,138.54540481567383,147.34206970214845,155.4184812927246,133.80287996101663,137.32303072084972,145.1937607790067,41.51623492692308,-4.645023643830314,-4.31753887341448,-0.32748477041583346,-6.89916871106091,138.54540481567383,152.25811151575743,124.83269811559023,4.58652993588813,40.061222973565144,0.0,0.0,0.0,0.0,0.0
2022-06-23 04:00:00,135.67385864257812,135.9878425646897,133.0834276529192,134.25108671150673,72433800,132.55846099853517,138.44286727905273,146.80756103515625,155.3313321685791,134.14305790311872,137.16596671339528,144.8204312834605,45.47453258807435,-4.212134815999178,-4.29645806193142,0.08432324593224205,-5.385243858914701,138.44286727905273,152.2119695109373,124.67376504716815,4.504526732840165,40.41592890017781,0.0,0.0,0.0,0.0,0.0
2022-06-24 04:00:00,139.00018310546875,139.24548908371264,137.14567050883647,137.273219436367,89116800,132.46229858398436,138.49879608154296,146.30215118408202,155.2685341644287,135.02617157627327,137.34065398883084,144.5921862568726,49.72849280060606,-3.559627545690091,-4.1490919586831545,0.5894644129930633,-4.740773428897393,138.49879608154296,152.26738630533228,124.73020585775363,4.286553212726122,41.37753510509084,0.0,0.0,0.0,0.0,0.0
2022-06-27 04:00:00,139.00018310546875,140.7958246628887,138.3231362099494,140.0206493871563,70207900,132.90679168701172,138.3947853088379,145.74304931640626,155.21081687927247,135.74871912703608,137.49870438089158,144.37289201564107,49.72849280060606,-3.0078383447847727,-3.9208412359034783,0.9130028911187056,-4.25793169538784,138.3947853088379,152.1125971440274,124.67697347364839,4.20595198942138,40.51707823443911,0.0,0.0,0.0,0.0,0.0
2022-06-28 04:00:00,134.85943603515625,140.72715167094702,134.74169394010806,139.46137923230657,67083400,133.45235595703124,137.79623718261718,145.20126647949218,155.15731231689452,135.58703129214882,137.24734549082154,143.999815310524,44.69430226917441,-2.8715635138464393,-3.7109856914920707,0.8394221776456314,-3.645545392730498,137.79623718261718,150.99927625641308,124.59319810882128,4.290056739246358,38.70335132353483,0.0,0.0,0.0,0.0,0.0
2022-06-29 04:00:00,136.61581420898438,138.02877917366496,134.10388314834785,134.87905849783044,66242400,134.08720855712892,137.32475814819335,144.69892181396483,155.1097561645508,135.77408273157346,137.1871996544561,143.7102466398754,47.13877709758168,-2.591961173588288,-3.4871807879113144,0.8952196143230262,1.5313873683931112,137.32475814819335,149.94821242162845,124.70130387475825,4.401496540932435,39.16254373694571,0.0,0.0,0.0,0.0,0.0
2022-06-30 04:00:00,134.1529541015625,135.77196780465343,131.2583461315228,134.67300165333307,98964500,134.21378631591796,136.73651504516602,144.10166198730468,155.05687202453612,135.47933207157146,136.89822388751384,143.33545085405922,44.18933702982112,-2.5398289648773584,-3.2977104233045234,0.7578814584271649,3.6700321097298705,136.73651504516602,148.75596582019753,124.71706427013449,4.403597221992272,39.508550492184405,0.0,0.0,0.0,0.0,0.0
2022-07-01 04:00:00,136.32144165039062,136.42937688810812,133.11284998534265,133.48570492012948,71051600,135.084130859375,136.134041595459,143.551103515625,155.0103845977783,135.63244290408403,136.84329224588305,143.06039166960161,47.31505416824161,-2.297055960255733,-3.0975795306947655,0.8005235704390326,4.64748558572563,136.134041595459,146.8335037092602,125.43457948165778,4.249402854863789,39.46420087259572,0.0,0.0,0.0,0.0,0.0
2022-07-05 04:00:00,138.9020538330078,138.95111802279916,134.3589823539813,135.18322181452564,73353800,136.0653549194336,135.94662551879884,143.06803009033203,154.9779726409912,136.22691761843382,137.03936477799016,142.89731959757833,50.843352068458124,-1.8748111134601118,-2.853025847247835,0.9782147337877234,4.52630379931136,135.94662551879884,146.2909055600048,125.60234547759288,4.178612574985484,38.023668687803465,0.0,0.0,0.0,0.0,0.0
2022-07-06 04:00:00,140.23654174804688,141.41400763305737,138.43109305954474,138.69602774966668,74064300,136.75711517333986,135.78864822387695,142.7023745727539,154.96557075500488,136.95594018745436,137.34385782275746,142.79297536818493,52.61075308703321,-1.4161722560705812,-2.5656551290123844,1.1494828729418032,9.887747736523611,135.78864822387695,145.7430640565844,125.83423239116952,4.222766948158989,38.15122600085702,0.0,0.0,0.0,0.0,0.0
2022-07-07 04:00:00,143.60215759277344,143.79839942455877,140.58979232323185,140.5995991745189,66253700,137.83646240234376,135.67286529541016,142.38267150878906,154.98523979187013,138.1643433520578,137.93988637228279,142.82470800444332,56.82676663768014,-0.7722189271283071,-2.2069678886355693,1.4347489615072622,11.242052333147745,135.67286529541016,145.1748002342706,126.17093035654972,4.114132939476001,38.62695646398106,0.0,0.0,0.0,0.0,0.0
2022-07-08 04:00:00,144.2791748046875,144.77960864232728,142.27748437099987,142.53259722881296,64547800,138.69699401855468,135.62772750854492,142.19565063476563,155.0059001159668,139.27613088889956,138.54362812774988,142.88174591817838,57.64309753338007,-0.2048898014837448,-1.8065522712052045,1.6016624697214596,8.221064209431184,135.62772750854492,144.94627312723077,126.30918188985909,3.8449966009529786,38.63055635223393,0.0,0.0,0.0,0.0,0.0
2022-07-11 04:00:00,142.14991760253906,143.88668829327412,141.08038702449986,142.93489980535588,63141600,139.01196746826173,135.73713302612305,141.97055114746092,155.00409088134765,139.79863756410674,138.887084268206,142.85304676854548,54.17370608489139,0.07207848084681245,-1.4308261207948012,1.5029046016416137,7.03360045957202,135.73713302612305,145.31762816977897,126.15663788246714,3.8442952760424385,36.70033889582606,0.0,0.0,0.0,0.0,0.0
2022-07-12 04:00:00,143.12132263183594,145.66268901013973,142.32653364630602,143.02319425019243,77588800,139.42408142089843,136.1654365539551,141.62633911132812,155.0023508453369,140.40276212187567,139.29034506474218,142.8635673906353,55.48990468300476,0.3657460151426051,-1.07151169360732,1.437257708749925,5.489240199821799,136.1654365539551,146.274770432792,126.0561026751182,3.70972285695976,33.601269205129476,0.0,0.0,0.0,0.0,0.0
2022-07-13 04:00:00,142.75830078125,143.7002675399076,139.45156535802397,140.3052405126538,71185600,140.2139678955078,136.83316192626953,141.39224395751953,154.99835609436036,140.83104187812552,139.62062656155246,142.85943928830648,54.85582109878065,0.5627003628758587,-0.7446692823106842,1.3073696451865429,2.703678219567318,136.83316192626953,146.82549999882832,126.84082385371073,3.743365603732426,29.92785954046632,0.0,0.0,0.0,0.0,0.0
2022-07-14 04:00:00,145.682373046875,146.15335651872334,140.56038100210378,141.3747989679362,78140700,141.12062377929686,137.6039161682129,141.21055603027344,155.0165542602539,141.71310209062543,140.1979357506308,142.97014257295623,58.927074949600645,0.943856111060029,-0.4069642036365415,1.3508203146965705,4.807324560382797,137.6039161682129,147.8389333922322,127.36889894419357,3.9157811933512994,30.421951393465257,0.0,0.0,0.0,0.0,0.0
2022-07-15 04:00:00,147.35043334960938,148.0274804295402,145.41742051675783,146.96775651820843,76259900,142.44037170410155,138.32707901000975,141.03244384765625,155.0599966430664,142.73807141044068,140.87912599815257,143.1419186818446,61.08319026205111,1.3647908540314688,-0.052613192102939466,1.4174040461344082,9.262234576746176,138.32707901000975,149.18381757009092,127.47034044992859,3.847097584183288,30.033759763446895,0.0,0.0,0.0,0.0,0.0
2022-07-18 04:00:00,144.30860900878906,148.7241166459646,143.94554597746492,147.9096989962109,81420900,143.2390884399414,139.1616096496582,140.66533905029297,155.0837353515625,143.02362370104947,141.205743427737,143.18767124368557,55.3745386531744,1.4363772054788626,0.24518488741342095,1.1911923180654416,5.6309694776893515,139.1616096496582,149.07748832275004,129.24573097656636,4.011803456723318,26.84487250040751,0.0,0.0,0.0,0.0,0.0
2022-07-19 04:00:00,148.1648406982422,148.3905180514349,144.15163767930207,145.14266864096726,82982400,144.16536712646484,140.11536102294923,140.5566192626953,155.13325302124022,143.95839042781176,141.86851459635653,143.38285435955052,60.42412729458477,1.7837140292133995,0.5528907157734166,1.2308233134399829,10.444709690158426,140.11536102294923,149.61291017423693,130.61781187166153,3.8870479311014514,27.763269681215196,0.0,0.0,0.0,0.0,0.0
2022-07-20 04:00:00,150.16650390625,150.83374396533713,147.54663780551792,148.28255575422767,64823400,145.15836334228516,140.9577392578125,140.47341033935547,155.18716064453125,145.08713833298233,142.65879929253686,143.6488798319701,62.77852298835634,2.1951936310206577,0.8813512988228649,1.3138423321977928,10.15618826227378,140.9577392578125,150.8955293479694,131.01994916765562,3.841491512137316,26.196349335618606,0.0,0.0,0.0,0.0,0.0
2022-07-21 04:00:00,152.4331817626953,152.6490522792443,149.08720372847873,151.59913522400217,65086600,146.04146575927734,141.93896408081054,140.53797546386718,155.2695497894287,146.42278259293013,143.58969286112338,143.993362260626,65.29625108005067,2.673379089577338,1.2397568569737598,1.4336222326035784,9.741488737060022,141.93896408081054,152.35283235108844,131.52509581053263,3.713232974516174,26.106447995732367,0.0,0.0,0.0,0.0,0.0
2022-07-22 04:00:00,151.19683837890625,153.34572184345396,150.5296130875675,152.47243287549966,66675400,146.7332321166992,142.71511306762696,140.52973388671876,155.3361328125,147.29079273583488,144.31418291043602,144.2758515201664,62.800991598466496,2.9189342747587546,1.575592340530759,1.3433419342279955,7.815578232491616,142.71511306762696,153.47116051265223,131.95906562260168,3.6774888211676733,26.041492092100675,0.0,0.0,0.0,0.0,0.0
2022-07-25 04:00:00,150.07823181152344,152.1289867062053,149.42081342303993,151.11832702232695,53623900,147.52606353759765,143.26901550292968,140.65631225585938,155.39277481079102,147.7975998405055,144.8631399486348,144.50339584531767,60.54654590371822,2.9888230352690925,1.858238479478426,1.1305845557906666,4.509733229158597,143.26901550292968,154.3554538650344,132.18257714082495,3.542920079335352,25.41663000027505,0.0,0.0,0.0,0.0,0.0
2022-07-26 04:00:00,148.75357055664062,150.21558479499407,147.96858832963514,149.4011670445513,55138700,148.08928833007812,143.75668487548828,140.83371765136718,155.43649101257324,147.97141269798462,145.23365714939723,144.67006936340877,57.89600782379542,2.903847542000051,2.0673602919827507,0.8364872500173002,3.101206919162225,143.75668487548828,154.91034167169062,132.60302807928593,3.4903545001815166,25.789552575621293,0.0,0.0,0.0,0.0,0.0
2022-07-27 04:00:00,153.8461151123047,154.37598449377768,149.3030578563077,149.71517016840275,78620700,149.19806976318358,144.7060188293457,141.02368225097655,155.50757537841798,149.03954040967918,146.0538912411027,145.02991429473803,64.35617385037007,3.2104218916911975,2.29597261192444,0.9144492797667576,8.228071958837857,144.7060188293457,155.90310633706125,133.50893132163017,3.637537090226171,24.816290068207987,0.0,0.0,0.0,0.0,0.0
2022-07-28 04:00:00,154.3956298828125,154.68017830567564,151.51082841353704,154.03256675700305,81378700,150.06939544677735,145.59500961303712,141.2554476928711,155.58184677124024,150.01337485933976,146.84834254031315,145.39719725897623,64.98056784758279,3.4578654021542263,2.5283511699703975,0.9295142321838288,7.8774476392860615,145.59500961303712,156.9102179201804,134.27980130589384,3.685196063141256,24.7246465352865,0.0,0.0,0.0,0.0,0.0
2022-07-29 04:00:00,159.458740234375,160.55772152561576,156.50526076605678,158.2125962735302,101786900,151.2802261352539,146.86029891967775,141.51586517333985,155.68778526306153,151.73071401843708,148.04933279689047,145.94863031683502,70.16624044470379,4.016220369711135,2.825925009918545,1.1902953597925903,11.698401677332404,146.86029891967775,158.44453923263893,135.27605860671656,3.8968606247566577,24.686858270805235,0.0,0.0,0.0,0.0,0.0
2022-08-01 04:00:00,158.47750854492188,160.5184565925083,157.86915435741844,157.98689646537588,67829400,152.69711608886718,147.9681022644043,141.92189514160157,155.7917487335205,152.9574039323434,149.0424923919411,146.4399588747992,68.06273215263663,4.329634179667295,3.126666843868295,1.2029673357989998,8.782898871320487,147.9681022644043,159.5464117870261,136.38979274178251,3.8351842552916002,25.070969423851054,0.0,0.0,0.0,0.0,0.0
2022-08-02 04:00:00,157.00564575195312,159.36059231885778,156.63279081571793,157.09396729027588,59907000,153.5811965942383,148.87328186035157,142.36658538818358,155.8744288635254,153.69344789954516,149.80088795003746,146.85429953664837,64.9188429197257,4.4084321933885064,3.383019913772338,1.0254122796161687,6.552551073559054,148.87328186035157,160.29688531311345,137.4496784075897,3.726548492524188,25.389744570404233,0.0,0.0,0.0,0.0,0.0
2022-08-03 04:00:00,163.01075744628906,163.4621121282082,157.73176722636683,157.82007379818262,82507500,154.8656219482422,150.01199264526366,142.9266680908203,155.98185836791993,155.38750418077132,151.0589707592043,147.48788612134015,70.83747595514356,4.898970234531475,3.6862099779241655,1.21276025660731,12.959828638055093,150.01199264526366,162.3169817182522,137.7070035722751,3.788226411069581,27.809823206856965,0.0,0.0,0.0,0.0,0.0
2022-08-04 04:00:00,162.69676208496094,164.05085610462757,161.3426680652943,162.89300390623217,55474100,155.89197998046876,150.96672286987305,143.3721435546875,156.07936363220216,156.71646016335123,152.1673318378478,148.08431262971746,70.17083654486126,5.202418127007263,3.9894516077407856,1.2129665192664776,9.80794182900313,150.96672286987305,164.1120465187703,137.8213992209758,3.795235562966074,27.31229300958989,0.0,0.0,0.0,0.0,0.0
2022-08-05 04:00:00,162.47079467773438,162.96208826310027,160.16170882927858,160.368058732092,56697000,157.01937561035157,151.87630386352538,143.86706726074217,156.1649419403076,157.76270280232995,153.1486140130751,148.64848839630636,69.66275222932028,5.3628494960114494,4.264131185394919,1.0987183106165306,8.19376522154769,151.87630386352538,165.57894596809933,138.17366175895143,3.653936189060502,27.44785945366389,0.0,0.0,0.0,0.0,0.0
2022-08-08 04:00:00,161.99911499023438,164.88792318870864,161.34078349494277,163.47299550022427,60276900,158.21146392822266,152.86876373291017,144.3494174194336,156.2457191467285,158.5329595637671,153.99151886804268,149.17204238038198,68.54703569778054,5.389801624906369,4.489265273297209,0.9005363516091593,6.275492722070908,152.86876373291017,166.4802185577493,139.25730890807102,3.60452614060572,26.561554793564646,0.0,0.0,0.0,0.0,0.0
2022-08-09 04:00:00,162.0482635498047,162.9326009401167,160.40734488370262,161.16394115258205,63135500,159.54093322753906,153.8151107788086,144.76877471923828,156.3256671142578,159.17210574304664,154.75882788535336,149.67699223016328,68.60346222239349,5.3534164072836745,4.662095500094503,0.6913209071891719,7.177018572110794,153.8151107788086,167.20308449345933,140.42713706415785,3.550108276076782,26.657785541233746,0.0,0.0,0.0,0.0,0.0
2022-08-10 04:00:00,166.2930450439453,166.39129475740782,163.99377985120265,164.76019658442047,70170500,160.78562622070314,154.99184799194336,145.15802764892578,156.43069854736328,160.46682197957367,155.8573247576002,150.32860214442925,73.0931293221954,5.60251692398046,4.8501797848716945,0.7523371391087652,10.804240586193291,154.99184799194336,168.4249675316817,141.55872845220503,3.605907037279465,27.328211455803814,0.0,0.0,0.0,0.0,0.0
2022-08-11 04:00:00,165.55609130859375,168.0125588424397,165.26131220591463,167.09874512344325,57149200,161.90167236328125,155.98553390502929,145.54824157714845,156.53228965759277,161.39214367575912,156.78101681007578,150.92575858223964,71.18977531142446,5.675046467586867,5.01515312141473,0.6598933461721375,11.295541134964049,155.98553390502929,169.45925106435752,142.51181674570105,3.60127402875365,27.225230113609474,0.0,0.0,0.0,0.0,0.0
2022-08-12 04:00:00,169.1032257080078,169.17199900038648,166.45022886043446,166.86292858705644,68039400,162.86612091064453,157.07317352294922,146.01194976806642,156.64829399108888,162.7941585907134,157.95456051464075,151.638600430309,74.61606490694822,5.950161002643881,5.20215469766056,0.7480063049833214,9.917124384041621,157.07317352294922,171.11198952334655,143.0343575225519,3.666112200798462,27.689547027621092,0.0,0.0,0.0,0.0,0.0
2022-08-15 04:00:00,170.1742401123047,170.370754508125,168.36628368181792,168.53332166791955,54091700,164.03579406738282,158.366455078125,146.44801635742186,156.77194984436036,164.13599159463908,159.11833952394207,152.3654882609755,75.56112826555018,6.183335522445617,5.398390862617572,0.784944659828045,10.219596397558849,158.366455078125,172.2184697878699,144.5144403683801,3.648788940866187,25.69482960447791,0.0,0.0,0.0,0.0,0.0
2022-08-16 04:00:00,170.01702880859375,170.6851957704937,168.6708894053126,169.77138205657383,56377100,165.33693237304686,159.45906448364258,146.99534942626954,156.87664512634277,165.2052710880854,160.15630993200415,153.0577055373527,75.1190236468095,6.283015677294003,5.575315825552859,0.7076998517411441,6.621329479149285,159.45906448364258,173.3701279016785,145.54800106560666,3.3910669714407606,24.943196305806275,0.0,0.0,0.0,0.0,0.0
2022-08-17 04:00:00,171.5105743408203,173.08270464114312,169.5650561598673,169.76157057327157,79542000,166.1869140625,160.5262680053711,147.55763916015624,157.0023413848877,166.35168986130992,161.23766844712952,153.78134745121417,76.52430858434838,6.40865457979109,5.741983576400505,0.6666710033905847,8.223921435642767,160.5262680053711,174.7079295988016,146.3446064119406,3.415945442093419,24.83625279018853,0.0,0.0,0.0,0.0,0.0
2022-08-18 04:00:00,171.11753845214844,171.8544787813878,170.1054749327735,170.72450960712317,62290100,167.02899169921875,161.46048583984376,148.06163360595704,157.1301760864258,167.2182077869169,162.1786084476075,154.46119807870178,75.31872218248341,6.402703226471203,5.874127506414645,0.5285757200565584,8.988143472553922,161.46048583984376,175.8574113293597,147.0635603503278,3.1007248853656364,24.831201690251405,0.0,0.0,0.0,0.0,0.0
2022-08-19 04:00:00,168.5333251953125,170.71466951867444,168.3269753298755,170.0170261568602,70346300,167.63524475097657,162.32731018066406,148.52866149902343,157.23991104125977,167.4573200429888,162.78381956643653,155.01304620092182,67.75992537937077,6.118927140259672,5.9230874331836505,0.19583970707602116,3.3878547867266295,162.32731018066406,176.20037655483162,148.4542438064965,3.1108149487358565,25.470635619294917,0.0,0.0,0.0,0.0,0.0
2022-08-22 04:00:00,164.6521453857422,166.9022634916105,164.22962509055057,166.73522546568063,69026800,167.90054779052736,163.056005859375,149.02246826171876,157.32305839538574,166.9472882871258,162.96175535875136,155.3910500905226,58.29717593363502,5.517254299982795,5.841920806543479,-0.32466650656068374,1.2018575389718844,163.056005859375,175.69628692261216,150.41572479613785,3.2233791345660046,27.079113026962258,0.0,0.0,0.0,0.0,0.0
2022-08-23 04:00:00,164.31805419921875,165.77229405857466,163.74815182078322,164.1706721156108,54147100,168.12752685546874,163.8342300415039,149.6177243041992,157.40712478637695,166.46924572568813,163.09092667689112,155.7411286830205,57.55211524258924,4.956332358390966,5.664803116912976,-0.7084707585220098,1.1369794338413008,163.8342300415039,174.53454782644482,153.13391225656298,2.906784553247174,26.73133101155575,0.0,0.0,0.0,0.0,0.0
2022-08-24 04:00:00,164.61280822753906,165.1827105189657,163.35509799580043,164.40647334198977,53841500,167.95950317382812,164.37256469726563,150.32190460205078,157.49002265930176,166.13171163511555,163.2358677769528,156.0890376847663,58.06137311896067,4.483894322555216,5.428621358041425,-0.944727035486209,1.6133997012651946,164.37256469726563,173.98513829909098,154.75999109544028,2.8438863020923173,24.426095675157654,0.0,0.0,0.0,0.0,0.0
2022-08-25 04:00:00,167.0692596435547,167.1773448089003,165.4185207470986,165.84102594330326,51218200,168.1108200073242,165.00624618530273,151.05794403076172,157.58931289672853,166.3021749093772,163.60095271662917,156.51963462432664,62.13814746963931,4.258608289801316,5.194618744393403,-0.9360104545920871,3.0984572026634627,165.00624618530273,173.44936052983832,156.56313184076714,2.8270403840594276,24.760594628345164,0.0,0.0,0.0,0.0,0.0
2022-08-26 04:00:00,160.77090454101562,168.07153485537452,160.71195171096292,167.59989722186273,78961000,167.277587890625,165.07185440063478,151.6156185913086,157.65530097961425,165.2964893878569,163.3314243189517,156.6863510916478,48.98883070930776,3.5311381045089547,4.861922616416514,-1.3307845119075594,-3.3207284775321644,165.07185440063478,173.3522886890886,156.79142011218096,3.0993577733912656,26.496106134107627,0.0,0.0,0.0,0.0,0.0
2022-08-29 04:00:00,158.56988525390625,160.06340660842702,157.03705202563728,158.34387946257124,73314000,166.11715240478514,165.07647323608398,152.2346563720703,157.724423828125,164.07347045441134,162.877944407995,156.76021517644224,45.37519183865699,2.74536205490071,4.4386105041133534,-1.6932484492126436,-4.219842350388259,165.07647323608398,173.34150854180783,156.81143793036014,3.185686091888712,26.880980860981975,0.0,0.0,0.0,0.0,0.0
2022-08-30 04:00:00,156.14291381835938,159.7293506019625,154.97363281420544,159.3068453614504,77906200,164.72974090576173,165.0333366394043,152.77571838378907,157.7816562652588,162.63155106603824,162.23651292326778,156.73600728004683,41.72071728648964,1.9048348125725738,3.931855365805198,-2.027020553232624,-7.664142322173751,165.0333366394043,173.48268233995282,156.58399093885578,3.2151637047568493,27.24407516996407,0.0,0.0,0.0,0.0,0.0
2022-08-31 04:00:00,154.48233032226562,157.78382326299328,154.403721562595,157.51852057324083,87991100,163.02691650390625,164.60691528320314,153.19898620605468,157.82021347045898,161.14987456717049,161.49801934221998,156.6476277915064,39.3834876906113,1.0921263545065756,3.3639095635454734,-2.271783209038898,-9.221084095738197,164.60691528320314,174.2609905873531,154.95283997905318,3.260081923604937,23.35827606896836,0.0,0.0,0.0,0.0,0.0
2022-09-01 04:00:00,155.20944213867188,155.66142374222144,151.97672265788725,153.91242016030444,74229900,161.43610687255858,164.23254928588867,153.64700134277345,157.86235733032225,160.0697959438071,160.89910722759635,156.59122835414036,40.94355060086745,0.5009462960256315,2.791316910041505,-2.2903706140158735,-8.709472676758956,164.23254928588867,174.74135637587372,153.7237421959036,3.264995737357899,23.50112127093474,0.0,0.0,0.0,0.0,0.0
2022-09-02 04:00:00,153.09689331054688,157.56766760419046,152.2715237467297,156.9682888748041,76957800,159.89246368408203,163.76385421752929,153.9954620361328,157.88904556274414,158.80199546503252,160.1560392354964,156.4541956073328,37.8922057639441,-0.13646016680584694,2.2057614946720348,-2.3422216614778817,-10.736178279994768,163.76385421752929,175.38119089046592,152.14651754459265,3.5001152395831605,23.839849883623287,0.0,0.0,0.0,0.0,0.0
2022-09-06 04:00:00,151.8391571044922,154.3545772465812,151.01378768157298,153.74537814772464,73714800,158.61116485595704,163.2558563232422,154.2522415161133,157.89726249694823,157.5360248540252,159.36395522301981,156.27321370526062,36.16417358809796,-0.7346298260108597,1.617683230535456,-2.3523130565463157,-11.266163317939082,163.2558563232422,176.02914084915,150.4825717973344,3.5948640395708122,23.915597055305017,0.0,0.0,0.0,0.0,0.0
2022-09-07 04:00:00,153.24427795410156,153.9419063408882,150.93519246411637,152.1241293530868,87449600,157.5037872314453,162.81565704345704,154.53712341308594,157.8910750579834,156.75570723585724,158.78112881645617,156.15443191109753,39.484475227912085,-1.0828200060344386,1.0775825832214772,-2.1604025892559156,-9.071824354911728,162.81565704345704,176.3484064161187,149.28290767079537,3.5583687106776716,24.293823187281046,0.0,0.0,0.0,0.0,0.0
2022-09-08 04:00:00,151.77040100097656,153.6373103822705,150.02138227376568,151.94725947173376,84923800,156.21954650878905,162.0895248413086,154.87534271240236,157.86440574645997,155.8492879204244,158.11344045307715,155.98250913030847,37.293304796628846,-1.4608529808773199,0.5698954704017178,-2.0307484512790377,-7.823611623514926,162.0895248413086,176.3742446551416,147.80480502747557,3.6917204435269935,21.852075383036613,0.0,0.0,0.0,0.0,0.0
2022-09-09 04:00:00,154.6297149658203,155.07189112050955,152.0553417641127,152.76280561990976,68028800,154.97559204101563,161.54320602416993,155.23562072753907,157.84973350524902,155.62754738322363,157.7816570733384,155.92945837875993,43.80820805416092,-1.5122913431071083,0.1534581076999526,-1.665749450807061,-5.896089313260933,161.54320602416993,176.10281266334573,146.98359938499414,3.728215229045568,23.366084537019187,0.0,0.0,0.0,0.0,0.0
2022-09-12 04:00:00,160.5841827392578,161.39973173078485,156.5261087123494,156.81105233922636,104956000,154.95691986083983,161.11725387573242,155.76424530029297,157.86292541503906,156.52875381159348,158.04856427961644,156.11199658897556,54.42684833877107,-1.0603576866527078,-0.08930505117057948,-0.9710526354821283,-2.447334160481973,161.11725387573242,175.2374321544012,146.99707559706363,3.9043807047743257,26.35907862344405,0.0,0.0,0.0,0.0,0.0
2022-09-13 04:00:00,151.16119384765625,157.7445243311509,150.69937671737435,157.1156691952697,122656600,154.21605072021484,160.1666015625,156.06104034423828,157.82640930175782,155.55283381815033,157.39262423847737,155.917847461865,41.168452457859715,-1.4458861843543502,-0.36062127780733366,-1.0852649065470166,-9.521838924670279,160.1666015625,174.2794672838848,146.0537358411152,4.465856689352328,32.800626002947986,0.0,0.0,0.0,0.0,0.0
2022-09-14 04:00:00,152.60562133789062,154.36446088777137,150.93522603406518,152.0946717767246,87965400,153.86232147216796,159.29603118896483,156.33511169433595,157.82221488952638,155.01697700355766,156.93671920032625,155.78795624131698,43.442803101488494,-1.6162361057332078,-0.6117442433925084,-1.0044918623406993,-5.078831413206286,159.29603118896483,172.99237183856937,145.5996905393603,4.580258284390965,33.21140634094479,0.0,0.0,0.0,0.0,0.0
2022-09-15 04:00:00,149.71676635742188,152.5368010537083,148.7440148881969,151.9570633678186,90481100,153.3857650756836,158.20634078979492,156.52471618652345,157.78679428100585,154.05330234062387,156.24910464385917,155.5498703635172,40.10358329618481,-1.9617324687229143,-0.8817418884585897,-1.0799905802643246,-5.583102291023623,158.20634078979492,171.26386571151198,145.14881586807786,4.672906132129,33.12306283124166,0.0,0.0,0.0,0.0,0.0
2022-09-16 04:00:00,148.0758514404297,148.71454195841454,145.7864220311532,148.57698038414023,162278800,152.6724060058594,157.05425643920898,156.61419006347657,157.71841201782226,152.9664930860431,155.47069957686588,155.25677158221964,38.302636661997774,-2.3409637724923016,-1.1735862652653322,-1.1673775072269694,-5.1664607638320925,157.05425643920898,169.35959861242748,144.7489142659905,4.427960502261649,33.11773107616866,0.0,0.0,0.0,0.0,0.0
2022-09-19 04:00:00,151.79006958007812,151.8686783568659,146.5037605306467,146.71009545075992,81474200,152.5417236328125,156.21709365844725,156.76440795898438,157.67119400024413,152.75259790314038,155.12016338669562,155.12082248409646,44.39009301842765,-2.3151137597756417,-1.4018917641673942,-0.9132219956082475,-1.7427629014730495,156.21709365844725,167.46714799142111,144.9670393254734,4.54446516732171,34.840352420147504,0.0,0.0,0.0,0.0,0.0
2022-09-20 04:00:00,154.1678924560547,155.32735289857166,150.41441795742156,150.72883799724963,107689800,152.77459716796875,155.6928810119629,157.00476745605468,157.64080673217774,153.00992418548842,155.02947091711076,155.08345267907524,47.9319983063696,-2.0787939618738562,-1.5372722037086866,-0.5415217581651697,-0.6710607732786089,155.6928810119629,166.243319584056,145.1424424398698,4.555694963992642,34.890044414696234,0.0,0.0,0.0,0.0,0.0
2022-09-21 04:00:00,151.04327392578125,155.9758648340084,150.92536828428254,154.600234046477,101696800,152.55449676513672,155.029141998291,157.1632064819336,157.60419021606447,152.6523514109962,154.6498331084127,154.9250142965931,43.96891911066889,-2.1192104820367206,-1.6536598593742935,-0.4655506226624271,-1.341385406560791,155.029141998291,164.94611390223312,145.1121700943489,4.675008881801754,35.41579562331257,0.0,0.0,0.0,0.0,0.0
2022-09-22 04:00:00,150.08033752441406,151.78020876552435,148.28220159016286,149.7266056194288,86652500,152.38549041748047,154.30251846313476,157.30964721679686,157.5457325744629,152.18471252252672,154.2146430527938,154.73502697219394,42.79461225754033,-2.2035407394581625,-1.7636360353910674,-0.43990470406709514,-1.158343877572865,154.30251846313476,163.354758056589,145.25027886968053,4.661673602589419,35.358306577787054,0.0,0.0,0.0,0.0,0.0
2022-09-23 04:00:00,147.81057739257812,148.83247642204518,145.97314422465584,148.55735322020942,96029900,151.70357666015624,153.33958435058594,157.35221130371093,157.44725494384767,151.38941522617242,153.60473203753517,154.46347992985605,40.07752408469564,-2.425563364883999,-1.8960215012896537,-0.5295418635943452,-3.5457771305176577,153.33958435058594,160.59202821115326,146.0871404900186,4.576748562753524,34.78755500583661,0.0,0.0,0.0,0.0,0.0
2022-09-26 04:00:00,148.14463806152344,151.09239889982268,147.0343100146429,147.05396595162924,93339400,150.45962219238282,152.70827102661133,157.36809539794922,157.33136627197266,150.79945574169076,153.08472308743882,154.2156822095293,40.674539875158764,-2.545222253209033,-2.0258616516735297,-0.5193606015355035,-2.388978954750076,152.70827102661133,159.41462372863538,146.00191832458728,4.627984228480066,32.77248828926799,0.0,0.0,0.0,0.0,0.0
2022-09-27 04:00:00,149.11740112304688,152.02586530633175,147.33892101138343,150.08034720002962,84442700,150.25524291992187,152.23564682006835,157.46427124023438,157.2228855895996,150.49362762921004,152.70688290035386,154.01574961790251,42.47192971567251,-2.5323673801431994,-2.127162797367464,-0.40520458277573557,-3.564847703426144,152.23564682006835,158.52181197490995,145.94948166522676,4.748000686921243,32.75678266091002,0.0,0.0,0.0,0.0,0.0
2022-09-28 04:00:00,147.23085021972656,148.01692291304855,142.31791462782627,145.06916155790836,146691400,149.71776580810547,151.79004364013673,157.44559143066405,157.08104682922362,149.90039537294032,152.18535597838934,153.74967513169955,39.94436201597653,-2.643931100027231,-2.2305164578994177,-0.41341464212781354,-8.315471855165956,151.79004364013673,158.1727571930289,145.40733008724456,4.975397714543798,32.63641751130533,0.0,0.0,0.0,0.0,0.0
2022-09-29 04:00:00,139.9989776611328,144.16515152497595,138.2303182381293,143.55595244325275,128138200,148.74598693847656,151.06587600708008,157.24224090576172,156.9212004852295,148.10013760715714,151.02474851960298,153.21043209363813,32.066341079886456,-3.2781098185703286,-2.4400351300336,-0.8380746885367287,-7.384313329632064,151.06587600708008,159.20677803319,142.92497398097015,5.382472133262675,36.50246879064076,0.0,0.0,0.0,0.0,0.0
2022-09-30 04:00:00,135.7935333251953,140.60821907927374,135.59701890511008,138.8199033723931,124925300,147.51775512695312,150.09508056640624,156.90944793701172,156.74722579956054,145.86257319225498,149.57415659632605,152.52741645566,28.541177056014206,-4.073093151138181,-2.766646734254516,-1.3064464168836651,-11.016689860638195,150.09508056640624,160.47754850643628,139.7126126263762,5.2568423767768975,37.39325840801672,0.0,0.0,0.0,0.0,0.0
2022-10-03 04:00:00,139.96951293945312,140.57872706512543,135.2924042908768,135.80335372086685,114311700,146.33569946289063,149.43871154785157,156.68490142822264,156.5698140716553,144.79110769174554,148.65942862900482,152.03494965110286,36.058201050490865,-4.31639974558945,-3.0765973365215027,-1.2398024090679476,-6.510462158058461,149.43871154785157,160.6489430281047,138.22848006759844,4.928379287660126,39.51323530363642,0.0,0.0,0.0,0.0,0.0
2022-10-04 04:00:00,143.55596923828125,143.67387488258018,141.7479977315321,142.504593932989,87830100,145.27450714111328,149.02455215454103,156.5544561767578,156.44477951049805,144.56653706384293,148.17338487750735,151.70244061530593,41.72769304955176,-4.171735751642302,-3.2956250195456627,-0.8761107320966395,-3.0524100710417112,149.02455215454103,160.47093135582602,137.57817295325603,4.948031222618758,40.85709571139931,0.0,0.0,0.0,0.0,0.0
2022-10-05 04:00:00,143.85073852539062,144.81368463210958,140.51976901629106,141.56132388640066,79471000,144.5552536010742,148.55487518310548,156.4563995361328,156.32669830322266,144.43639187503342,147.76170427254385,151.3945307294269,42.18145474065916,-3.9873395083913294,-3.433967917314796,-0.5533715910765333,-5.230468025116119,148.55487518310548,160.04302392672656,137.0667264394844,4.978910448770528,40.6622323064647,0.0,0.0,0.0,0.0,0.0
2022-10-06 04:00:00,142.89761352539062,144.970872598081,142.6912786611767,143.27100136570334,68402200,143.83698120117188,148.11123580932616,156.23742950439453,156.21065238952636,144.1566139932802,147.29845753471972,151.06131829005292,41.06787789712108,-3.873462514295653,-3.521866836710968,-0.35159567758468535,-7.3103930728485755,148.11123580932616,159.7606957262226,136.46177589242973,4.860999706673072,40.609949315382906,0.0,0.0,0.0,0.0,0.0
2022-10-07 04:00:00,137.650634765625,140.60823177983056,137.0217795686969,140.05797036356424,85925600,142.82098693847655,147.2622817993164,155.90252960205078,156.05251922607422,142.97370867916106,146.37961727099642,150.53540913223222,35.51017220786434,-4.1586630323581915,-3.6492260758404127,-0.5094369565177788,-8.866756401703157,147.2622817993164,159.3770074898717,135.14755610876114,4.897493715992681,41.48192918160939,0.0,0.0,0.0,0.0,0.0
2022-10-10 04:00:00,137.97486877441406,139.4192729060871,136.15709176712548,137.97486877441406,74899000,141.80401000976562,146.1318161010742,155.47285217285156,155.88304161071778,142.0648286964798,145.57916503322667,150.0428389221217,36.08577744459305,-4.308853739172065,-3.781151608506743,-0.5277021306653218,-8.06599248754406,146.1318161010742,157.18541937441677,135.07821282773165,4.779582730122074,38.25803127590685,0.0,0.0,0.0,0.0,0.0
2022-10-11 04:00:00,136.55995178222656,138.88869341854974,135.8131909792421,137.46393012049913,77033700,140.5482650756836,145.40175399780273,155.03450103759766,155.70335815429686,141.06394198479737,144.72019234265522,149.51409824996895,34.63305899695963,-4.490291645720134,-3.9229796159494215,-0.5673120297707128,-7.611515906923505,145.40175399780273,156.97332826925816,133.8301797263473,4.638511722235058,33.149432253681006,0.0,0.0,0.0,0.0,0.0
2022-10-12 04:00:00,135.9311065673828,137.91593686444165,135.7542480720767,136.70735883391194,70433700,139.4182907104492,144.56802825927736,154.61301025390625,155.50071510314942,140.1306991816311,143.88313655453405,148.9814319094754,33.97835466856449,-4.631436727581871,-4.064671038275912,-0.5667656893059592,-8.24432909213253,144.56802825927736,156.35496847895087,132.78108803960384,4.543060409163876,32.71102307006626,0.0,0.0,0.0,0.0,0.0
2022-10-13 04:00:00,140.5001678466797,141.08971124937983,132.03025485879098,132.63946919926846,113224000,139.4684097290039,144.10719833374023,154.16279846191406,155.32600578308106,140.197875302549,143.56094905854792,148.64883331877752,42.485768964716996,-4.324757054594215,-4.116688241539573,-0.2080688130546422,-5.77882474578304,144.10719833374023,155.7665520099946,132.44784465748586,4.896793487080349,35.09412814517062,0.0,0.0,0.0,0.0,0.0
2022-10-14 04:00:00,135.9704132080078,142.00349764686453,135.78371925254498,141.79714775053986,88598000,139.48609771728516,143.50192642211914,153.628271484375,155.12820724487304,139.42924583081424,142.838040882306,148.15164037325712,37.34762146950697,-4.396543925229025,-4.172659378277464,-0.22388454695156135,-7.648150503045881,143.50192642211914,155.54437320675817,131.45947963748011,5.051199880590332,36.5231028467356,0.0,0.0,0.0,0.0,0.0
2022-10-17 04:00:00,139.93023681640625,140.41169491464842,137.82750095740744,138.61357366022068,85250900,139.48217010498047,142.90893478393554,153.17746032714842,154.95598121643067,139.52033510092187,142.5611071617441,147.82923239063553,43.7517222642033,-4.086800770495444,-4.15548765672106,0.06868688622561603,-0.04910096193199154,142.90893478393554,154.38777902832226,131.43009053954881,5.0336525528540665,36.97511265545694,0.0,0.0,0.0,0.0,0.0
2022-10-18 04:00:00,141.2468719482422,144.14550040873658,138.1615495711484,142.95657861316172,99136600,139.25126037597656,142.26288375854492,152.7624154663086,154.79342079162598,139.83425089134374,142.43594190331535,147.57110060858088,45.737782496330844,-3.6925205587429275,-4.062894237125433,0.37037367838250557,4.015904505546186,142.26288375854492,152.45606048662393,132.0697070304659,4.975400005880322,36.60310600595729,0.0,0.0,0.0,0.0,0.0
2022-10-19 04:00:00,141.35498046875,142.42599680685538,139.03607431855443,139.22276826600364,61758300,139.0016845703125,141.77846908569336,152.3485498046875,154.60967735290527,140.11074717814486,142.3329931952615,147.3273311913326,45.906673316647215,-3.3329075130417323,-3.916896892308693,0.5839893792669608,0.9898352149701362,141.77846908569336,151.09811366312726,132.45882450825945,4.574642184930586,36.130296017235,0.0,0.0,0.0,0.0,0.0
2022-10-20 04:00:00,140.8931427001953,143.34961008460004,140.16602295690015,140.52959032509128,64522000,138.80123748779297,141.31910934448243,151.8405517578125,154.43492698669434,140.25300090942676,142.1958645766838,147.07501007403312,45.258600459046555,-3.050019307627309,-3.7435213753724166,0.6935020677451074,-1.8549047818875786,141.31910934448243,149.78212469965763,132.85609398930723,4.44409839589746,36.10932723550205,0.0,0.0,0.0,0.0,0.0
2022-10-21 04:00:00,144.70559692382812,145.27549920361895,140.1660346242772,140.38220497154572,86548600,139.5067337036133,141.16386032104492,151.4235418701172,154.30262580871582,141.06256382113608,142.43488670498326,146.98209191127998,51.36264675740407,-2.489497792011349,-3.4927166587002034,1.0032188666888544,0.5942676465902297,141.16386032104492,149.23009380983177,133.09762683225807,4.431465667689825,37.30119370954778,0.0,0.0,0.0,0.0,0.0
2022-10-24 04:00:00,146.84764099121094,147.61405773965313,143.45771845108737,144.62699951406933,75981900,140.39401092529297,141.0990104675293,150.97843017578126,154.1953215789795,142.11439603387697,142.85514901795733,146.97681932617922,54.436793862019364,-1.8510971029824361,-3.16439274755665,1.3132956445742137,2.7642361326898346,141.0990104675293,148.94683386780102,133.25118706725758,4.46374976379259,37.70109677875472,0.0,0.0,0.0,0.0,0.0
2022-10-25 04:00:00,149.68731689453125,149.83471395703802,146.75921150175503,147.476495894735,74732300,141.70674743652344,141.12750625610352,150.56869171142577,154.10138389587402,143.4912907358141,143.5058316728691,147.08311334846755,58.20794148959409,-1.103303646606804,-2.752174927366681,1.6488712807598769,8.74437095724321,141.12750625610352,149.1010514091186,133.15396110308842,4.376720252325766,38.271981028792844,0.0,0.0,0.0,0.0,0.0
2022-10-26 04:00:00,146.7493896484375,149.3434189974195,145.46218795090752,148.33135548203074,88194300,142.7885757446289,141.10343322753906,150.10333892822266,153.99265884399415,144.08367235629106,143.81474195625657,147.0700261445448,53.293331371557855,-0.7392168882047656,-2.349583319534298,1.6103664313295325,6.35950659128337,141.10343322753906,149.00194649315375,133.20491996192436,4.515687038520012,38.66720633509459,0.0,0.0,0.0,0.0,0.0
2022-10-27 04:00:00,142.27859497070312,146.45458955551916,141.62026350591435,145.49165853167307,109180200,142.96641845703124,141.21741409301757,149.51869934082032,153.84743995666503,143.75547646800234,143.66844224334673,146.88212688282553,46.81556251238915,-0.8021841955073228,-2.0401034947289034,1.2379192992215806,4.187642946444603,141.21741409301757,149.11461254835544,133.3202156376797,4.462350766079256,35.9910153038903,0.0,0.0,0.0,0.0,0.0
2022-10-28 04:00:00,153.0281219482422,154.75746986477446,145.24603383421282,145.619406740808,164762400,144.67218933105468,142.07914352416992,149.1569110107422,153.75376693725585,145.44141200986414,144.55984031047961,147.1231462971556,59.5473385507434,0.015136267868513187,-1.6290555422094202,1.6441918100779334,12.577706319476011,142.07914352416992,151.15728461097635,133.0010024373635,5.12068603430138,42.77078870611785,0.0,0.0,0.0,0.0,0.0
2022-10-31 04:00:00,150.669921875,151.5542593756546,149.2746498110423,150.49306337072383,97943200,145.74615783691405,142.61416397094726,148.79964294433594,153.66464454650878,146.39205016716156,145.14175284043395,147.26223553550244,56.35983893244145,0.46719604082039723,-1.2098052256034568,1.677001266423854,7.2382504477987775,142.61416397094726,152.40229922114244,132.82602872075208,5.1691124412936835,42.41241321968492,0.0,0.0,0.0,0.0,0.0
2022-11-01 04:00:00,148.02671813964844,152.74313850206963,146.53319676946654,152.37958612806426,80379300,146.42414245605468,142.83770141601562,148.46713439941405,153.55800048828124,146.68926252579553,145.41651144035913,147.29221524546895,52.93925474851167,0.6051958949760774,-0.8468050014875501,1.4520008964636275,8.86685908146565,142.83770141601562,152.91629181601573,132.7591110160155,5.4582733655964075,42.26431496639979,0.0,0.0,0.0,0.0,0.0
2022-11-02 04:00:00,142.5045928955078,149.5202635488904,142.47511648464766,146.35633217647393,93604600,146.53910369873046,142.7703941345215,148.03086517333983,153.43974487304686,145.92841350210685,145.139185864659,147.10446534939206,46.57891642400526,0.26590720402725765,-0.6242625603845886,0.8901697644118463,1.8397425300431758,142.7703941345215,152.8384733203836,132.7023149486594,5.314394128000258,44.49153306934449,0.0,0.0,0.0,0.0,0.0
2022-11-03 04:00:00,136.461669921875,140.313408670562,136.33392883040858,139.58628898595558,97918500,146.09595642089843,142.4485969543457,147.46784240722656,153.30874145507812,144.20718739661015,144.31275577487003,146.68710082282277,40.80184559802691,-0.4850040839748715,-0.5964108651026452,0.11140678112777369,-3.3878286721426676,142.4485969543457,152.90353570928417,131.99365819940724,5.310885961627378,46.93305363028736,0.0,0.0,0.0,0.0,0.0
2022-11-04 04:00:00,136.1959686279297,140.4182534262788,132.25910018387182,139.84740569973505,140814800,145.2449935913086,142.37586364746093,146.85037658691405,153.1848250579834,142.75060216594096,143.53972842754237,146.27568387400342,40.563621153530654,-1.0889933264112415,-0.6949273573643645,-0.39406596904687696,-3.649685227724142,142.37586364746093,152.99036616847079,131.76136112645108,5.5764482141821174,45.097893793563095,0.0,0.0,0.0,0.0,0.0
2022-11-07 05:00:00,136.72740173339844,136.95376740177366,133.52869700052665,134.94597165427223,83374600,144.23296966552735,142.31349029541016,146.36950653076173,153.07384033203124,141.65547481456957,142.89093540905247,145.90124143711694,41.301815648029695,-1.507400566899065,-0.8574219992713047,-0.6499785676277604,-2.956666937056762,142.31349029541016,153.05083251601775,131.57614807480257,5.3936710401577495,45.112639642150384,0.0,0.0,0.0,0.0,0.0
2022-11-08 05:00:00,137.29827880859375,139.19781051108808,135.32000793975288,138.19391993058036,89908500,142.9940658569336,142.35040664672852,145.94407440185546,152.9695751953125,140.8632573589376,142.35830144710403,145.56387035364546,42.133246732375646,-1.7724941018309437,-1.0404364197832325,-0.7320576820477112,-5.118888469209337,142.35040664672852,153.00924873666557,131.69156455679146,5.428519617517338,44.9713442239593,0.0,0.0,0.0,0.0,0.0
2022-11-09 05:00:00,132.74134826660156,136.36327480735815,132.46576869499577,136.31406095143706,74917800,141.59326171875,142.19091873168946,145.47604309082033,152.85152809143065,139.3865466148765,141.44240114419904,145.06102635023197,37.55984013871041,-2.3235049305338578,-1.2970501219333577,-1.0264548086005,-9.6060737710139,142.19091873168946,153.33844341666017,131.04339404671876,5.546299830795773,46.53165049503,0.0,0.0,0.0,0.0,0.0
2022-11-10 05:00:00,144.5519561767578,144.5519561767578,137.2982811810409,139.0108242882595,118854000,141.82059783935546,142.39350814819335,145.27743560791015,152.79297424316405,140.325711989764,141.73854924253797,145.0410628140173,52.07858431073941,-1.78657312622272,-1.3949547227912302,-0.3916184034314898,-3.4307253442132146,142.39350814819335,153.55891257613774,131.22810372024895,6.024952925853951,55.285543359923864,0.0,0.0,0.0,0.0,0.0
2022-11-11 05:00:00,147.33729553222656,147.64240042758996,142.09141663457416,143.51854343102002,93979700,141.25151519775392,142.96185226440429,145.11999267578125,152.75064659118652,141.60054536112082,142.2717631748893,145.13111115590786,54.7507708884633,-1.123347939203967,-1.3406333660737777,0.21728542686981078,0.4006189635251456,142.96185226440429,153.90562531325108,132.0180792155575,6.124570390457525,54.06622627711041,0.0,0.0,0.0,0.0,0.0
2022-11-14 05:00:00,145.939697265625,147.90813128864986,145.10310679865555,146.61880940644215,73374100,140.77849273681642,143.26232528686523,144.9768487548828,152.6469734954834,142.38948207103067,142.62109023114982,145.16282041511246,53.1492836749301,-0.7024147006793839,-1.2129896329948988,0.5105749323155149,2.5731926124767712,143.26232528686523,154.18560307205868,132.33904750167179,6.105250535794048,53.473569354644034,0.0,0.0,0.0,0.0,0.0
2022-11-15 05:00:00,147.67190551757812,151.16587871608763,146.21526862726066,149.81750629168315,89868300,140.74301147460938,143.58357696533204,144.89350372314453,152.5301889038086,143.34992269767565,143.10212025842873,145.2612159093268,54.90971329485636,-0.22643712104502356,-1.0156791306049238,0.7892420095599002,-3.5001517122948633,143.58357696533204,154.63445243721873,132.53270149344536,6.176754286282541,53.522043303422194,0.0,0.0,0.0,0.0,0.0
2022-11-16 05:00:00,146.44163513183594,147.50459125268796,144.96530968920132,146.77628031248196,64218300,141.1367156982422,143.83790969848633,144.75745086669923,152.40808471679688,143.91205223115932,143.4201692939913,145.30750685922914,53.375692988391144,0.05091903873520209,-0.8023594967368987,0.8532785354721008,-2.806324374862268,143.83790969848633,154.90694600568042,132.76887339129223,6.00371640670066,53.664060427225465,0.0,0.0,0.0,0.0,0.0
2022-11-17 05:00:00,148.34120178222656,149.08920136807347,143.84332244877638,144.1189020339811,80389400,142.32466888427734,144.2103126525879,144.68886688232422,152.2894602203369,144.71735214953517,143.88883905477564,145.42647528758198,55.44541940152729,0.41917298174243456,-0.5580530010410321,0.9772259827834666,0.21245059441326042,144.2103126525879,155.36304411287614,133.05758119229966,5.487073837073928,53.75019602732386,0.0,0.0,0.0,0.0,0.0
2022-11-18 05:00:00,148.9021759033203,150.28992540848853,147.60301733738748,149.90608139833125,74829600,143.5952896118164,144.4201416015625,144.57431610107423,152.18802520751953,145.47822919567793,144.366299707018,145.5627772725129,56.06568456455068,0.7476642005192105,-0.29690956072898356,1.044573761248194,4.489387238559783,144.4201416015625,155.76830584789133,133.07197735523368,5.41089068949544,53.00451555748572,0.0,0.0,0.0,0.0,0.0
2022-11-21 05:00:00,145.67396545410156,147.99671837716943,145.3885491071394,147.79004119922186,58724100,144.4899459838867,144.36145782470703,144.2761117553711,152.07186965942384,145.5138176063004,144.49083930197833,145.56713759335952,51.612755553232944,0.738987664289624,-0.08973011572526204,0.828717780014886,6.7508301323739195,144.36145782470703,155.6688321871681,133.05408346224596,5.2182967654652845,53.41128519062788,0.0,0.0,0.0,0.0,0.0
2022-11-22 05:00:00,147.8096923828125,148.04590985414606,144.6109873377189,145.79205967642807,51804100,145.54108734130858,144.2675765991211,144.20908172607423,151.9699691772461,145.93124938384804,144.80692054777205,145.6550809184361,54.20420540583545,0.8941396753540687,0.1070438424906041,0.7870958328634646,8.527215505629272,144.2675765991211,155.41886794909234,133.11628524914985,4.960423583478457,53.213569476859355,0.0,0.0,0.0,0.0,0.0
2022-11-23 05:00:00,148.68569946289062,149.43369912767082,146.9829928956722,147.0912573882817,58301400,147.1355224609375,144.36439208984376,144.13068328857423,151.8569187927246,146.4320584891285,145.17632806349764,145.77392870449313,55.26255624853405,1.0753887995235516,0.3007128338971936,0.774675965626358,8.7460871616718,144.36439208984376,155.63934446933905,133.08943971034847,4.694712309685556,52.74159973961211,0.0,0.0,0.0,0.0,0.0
2022-11-25 05:00:00,145.77236938476562,146.53022062215993,144.79798922240155,145.96920976620405,35195900,147.25756378173827,144.53908081054686,144.0517953491211,151.72219848632812,146.312115015608,145.2330939036184,145.7738675546999,51.0381493840999,0.9727355566774349,0.4351173784532419,0.5376181782241931,6.172029722226546,144.53908081054686,155.78619174220103,133.2919698788927,4.389609238119992,52.012961972289396,0.0,0.0,0.0,0.0,0.0
2022-11-28 05:00:00,141.94378662109375,144.32559012136235,141.11704788902577,142.8492645206864,69246000,146.718212890625,143.98486404418946,143.92915405273436,151.58871482849122,145.51787348933266,144.91982654337795,145.62366830240163,46.055614153111144,0.5758099116853828,0.4632558850996701,0.11255402658571267,6.932608772369675,143.98486404418946,154.54189466216891,133.42783342621001,4.477484316298052,44.91298313848635,0.0,0.0,0.0,0.0,0.0
2022-11-29 05:00:00,138.94190979003906,142.5244590100729,138.13485967272496,142.01266197350824,83763800,146.0184341430664,143.3984634399414,143.67219085693358,151.45727005004883,144.32224372582473,144.35050113829806,145.36163855681878,42.548281221452015,0.018800386645239087,0.37436478540878393,-0.35556439876354484,-3.8809896006241518,143.3984634399414,153.6915968640662,133.10533001581658,4.514041228156104,45.16230938347833,0.0,0.0,0.0,0.0,0.0
2022-11-30 05:00:00,145.6936492919922,146.37276146207836,138.33170993361605,139.16828541868128,111380900,145.82060852050782,143.28180999755858,143.50270599365234,151.35840827941894,144.57159019240063,144.47842001007845,145.37465858564912,51.49542838337699,0.1207829653406236,0.3236484213951519,-0.20286545605452827,-1.11556699496691,143.28180999755858,153.40557885609581,133.15804113902135,4.743222757789271,48.44950057612027,0.0,0.0,0.0,0.0,0.0
2022-12-01 05:00:00,145.96923828125,146.77630352615344,144.29607218523327,145.87082558028513,71250400,145.77336883544922,143.4550422668457,143.4012252807617,151.24176956176757,144.82570802673686,144.62040270257097,145.397975436457,51.82521438167892,0.22129170887075134,0.3031770788902718,-0.08188537001952045,0.02024193292058385,143.4550422668457,153.64119201208396,133.26889252160746,4.0767672885581225,46.441563738244795,0.0,0.0,0.0,0.0,0.0
2022-12-02 05:00:00,145.47711181640625,145.66411544857186,143.35119950014382,143.65631938407483,65447400,145.4869598388672,143.90581436157225,143.30916076660156,151.12384605407715,144.94414507940402,144.70199404674574,145.40107882390598,51.1563339431292,0.25825808100657355,0.2941932793135322,-0.03593519830695863,-1.4862635472057462,143.90581436157225,153.5736277036738,134.23800101947072,3.8672712162788634,43.510613909449205,0.0,0.0,0.0,0.0,0.0
2022-12-05 05:00:00,144.3157501220703,148.53803463745106,143.46932286260514,145.4377569527139,68826400,145.0283172607422,144.3118034362793,143.2392642211914,151.01809478759765,144.8298914507979,144.66520891106236,145.35851691403005,49.53166175277834,0.1916329886188919,0.27368122117460414,-0.08204823255571225,-1.4516943954168249,144.3118034362793,153.27249189549337,135.3511149770652,4.028963165196836,43.664243295251104,0.0,0.0,0.0,0.0,0.0
2022-12-06 05:00:00,140.65447998046875,144.9751927748334,139.68009957146649,144.74882702977874,64727200,144.5263687133789,144.5081573486328,143.0894610595703,150.90177757263183,144.07072572891985,144.28323472719632,145.17404487741982,44.71076937892266,-0.1548171433638288,0.18798154826691754,-0.34279869163074633,-5.181784770115561,144.5081573486328,152.9246570885424,136.0916576087232,4.033885433261427,44.82692659044206,0.0,0.0,0.0,0.0,0.0
2022-12-07 05:00:00,138.71554565429688,141.10718574311466,137.7903792762826,139.9458168978351,69721100,143.61695404052733,144.57902069091796,142.8814239501953,150.79036437988282,143.09705662444293,143.7529786250154,144.9207703980817,42.35945392074338,-0.5791609577643726,0.03455304706065951,-0.6137140048250321,-6.841156072586507,144.57902069091796,152.76050867558138,136.39753270625454,4.077471907436802,45.15206668812615,0.0,0.0,0.0,0.0,0.0
2022-12-08 05:00:00,140.39854431152344,141.25482328488022,138.8730200272998,140.1131279990439,62128300,142.78823852539062,144.96188049316407,142.74477783203125,150.70818649291994,142.60641802209392,143.4335086903971,144.7434281986088,45.060244035399485,-0.7707676321995791,-0.12651108879138823,-0.6442565434081908,-3.6213891247714347,144.96188049316407,151.32565632657244,138.5981046597557,3.884143243957248,43.44934044292398,0.0,0.0,0.0,0.0,0.0
2022-12-09 05:00:00,139.91629028320312,143.27247380855323,138.67616726979998,140.09344213199822,76097000,142.20263061523437,144.73009719848633,142.74312408447267,150.61051719665528,142.11730388775013,143.09853550875957,144.55412867251445,44.41800226411025,-0.9505735516692368,-0.29132358136695796,-0.6592499703022789,-5.34024661871716,144.73009719848633,151.48255135324774,137.97764304372492,4.0205288487895485,29.32732847520073,0.0,0.0,0.0,0.0,0.0
2022-12-12 05:00:00,142.20956420898438,142.2194009755951,138.83369103392465,140.44780681798102,70462700,142.22920837402344,144.4737106323242,142.87144470214844,150.5139776611328,142.1340784916109,143.01387157544764,144.4621849680623,48.199012074386076,-0.8976751577250752,-0.4125938966385814,-0.4850812610864938,-4.355587173010256,144.4737106323242,151.19868683273256,137.74873443191586,4.01139193061023,29.074095634406994,0.0,0.0,0.0,0.0,0.0
2022-12-13 05:00:00,143.17404174804688,147.6030180487257,141.9634590975565,147.14043487810696,93886200,142.6524215698242,144.3354278564453,142.93553527832032,150.42093780517578,142.32316272005377,143.02912587759994,144.41166954766956,49.74730758825309,-0.7690622515732457,-0.4838875676255143,-0.2851746839477314,-1.7824555145018461,144.3354278564453,151.0472050645589,137.6236506483317,4.168865961663234,29.063180353313246,0.0,0.0,0.0,0.0,0.0
2022-12-14 05:00:00,140.94972229003906,144.3452679150581,138.9320744491566,143.05594605605327,82291200,142.17802886962892,143.99931869506835,142.88341033935546,150.32618217468263,142.0734462782329,142.83108744068937,144.27590691011542,46.30954373171707,-0.8369715012204608,-0.5545043543445036,-0.2824671468759572,-0.7003225394488388,143.99931869506835,150.68078260282888,137.31785478730782,4.380472192656295,29.10692376651422,0.0,0.0,0.0,0.0,0.0
2022-12-15 05:00:00,134.34564208984375,139.5619960317231,133.88305882406812,138.88288378971373,98931900,141.0156692504883,143.39451904296874,142.69330841064453,150.1819458770752,140.66839097125305,142.0229497882279,143.88648476030085,37.928912798751604,-1.4074598295782152,-0.725095449391246,-0.6823643801869692,-3.308049894478149,143.39451904296874,151.2345273647047,135.5545107212328,4.607540280190714,33.12365022087453,0.0,0.0,0.0,0.0,0.0
2022-12-16 05:00:00,132.38702392578125,135.47746472052233,131.61933586337778,134.5326248058533,160156900,139.70666046142577,142.5968101501465,142.48309661865235,150.02953300476074,139.16268787207633,141.10524256323296,143.43552551188833,35.856409930553866,-1.9946272357714463,-0.9790018066672861,-1.0156254291041602,-9.133291279939348,142.5968101501465,151.49306257085433,133.70055772943866,4.550597948862479,32.68170054184655,0.0,0.0,0.0,0.0,0.0
2022-12-19 05:00:00,130.28077697753906,133.06611240851234,129.24736132043492,132.9775364981246,79592600,138.30316314697265,141.6657402038574,142.33569946289063,149.8815796661377,137.54779498216047,140.07434107888116,142.91965302034524,33.722441683583966,-2.5999475842353377,-1.3031909621808966,-1.296756622054441,-10.74778596397331,141.6657402038574,151.6184697401926,131.7130106675222,4.509823073914585,32.68967383482473,0.0,0.0,0.0,0.0,0.0
2022-12-20 05:00:00,130.2119140625,131.14691722297425,127.83994745250583,129.31627297471567,77432800,137.25890655517577,140.89263763427735,142.18044036865234,149.75224075317382,136.2139984513131,139.1350623154163,142.421310316116,33.65192500338591,-3.0500657241547913,-1.6525659145756755,-1.3974998095791158,-10.493195502238938,140.89263763427735,151.88249354798504,129.90278172056966,4.171674376915022,32.2423730379338,0.0,0.0,0.0,0.0,0.0
2022-12-21 05:00:00,133.31219482421875,134.6507305969255,130.65481182459862,130.88117753836192,85928000,136.71857147216798,140.16776275634766,142.11548522949218,149.64751525878907,135.6863977918414,138.58050350673082,142.06409010074748,39.759409486089496,-3.1206479584941462,-1.9461823233593698,-1.1744656351347764,-7.624639229290042,140.16776275634766,151.14907728602452,129.1864482266708,4.311573319308261,33.14810616504237,0.0,0.0,0.0,0.0,0.0
2022-12-22 05:00:00,130.14300537109375,132.4362327068824,128.24347383297044,132.2295555538223,77852100,135.693017578125,139.24062805175782,141.9997232055664,149.49995079040528,134.67850826079635,137.77693225571775,141.59659658193752,36.10105489525117,-3.393197324012192,-2.2355853234899343,-1.1576120005222577,-7.473259728971748,139.24062805175782,150.32449937322005,128.1567567302956,4.4866220486041275,33.53079569875051,0.0,0.0,0.0,0.0,0.0
2022-12-23 05:00:00,129.77886962890625,130.3300288114699,127.5939064280565,128.85370313619094,63814900,134.6792755126953,138.44095306396486,141.78529724121094,149.37226783752442,133.78766487317995,137.01521200554524,141.13315630926962,35.69465938122049,-3.5971121017975634,-2.50789067915146,-1.0892214226461032,-6.442447371877391,138.44095306396486,149.8438113609934,127.03809476693631,4.320008520644662,33.18424600899764,0.0,0.0,0.0,0.0,0.0
2022-12-27 05:00:00,127.97773742675781,129.33596171498522,126.68841553829142,129.3064364059333,69007800,133.25609283447267,137.74265060424804,141.62544372558594,149.2541463470459,132.73131442837592,136.15450014089882,140.6172575295633,33.6753270455732,-3.859561723290284,-2.778224887979225,-1.0813368353110588,-8.84682027557615,137.74265060424804,149.92612607773353,125.55917513076255,4.162534298305227,32.44361976438398,0.0,0.0,0.0,0.0,0.0
2022-12-28 05:00:00,124.05069732666016,128.96193748980502,123.88338225804115,127.6234019228951,85438400,131.343758392334,136.9980899810791,141.307852935791,149.1365240097046,131.15302040988215,135.00175701573323,139.96758850199848,29.726623186828306,-4.334469192863139,-3.0894737489560082,-1.244995443907131,-11.339346493842562,136.9980899810791,150.60938603245407,123.38679392970411,4.288373495800357,33.24128944783448,0.0,0.0,0.0,0.0,0.0
2022-12-29 05:00:00,127.56436920166016,128.42063320760047,125.71404389802797,125.9699349180437,75703700,130.0052230834961,136.0916259765625,141.03420288085937,149.01457206726073,130.50053837202358,134.2934343667739,139.48118774512247,36.8604826495097,-4.3768591212422905,-3.346950823413265,-1.0299082978290253,-10.298319306992843,136.0916259765625,149.67930500943012,122.5039469436949,4.419134799397284,29.43128432150725,0.0,0.0,0.0,0.0,0.0
2022-12-30 05:00:00,127.87928771972656,127.89897626169424,125.41875311125068,126.38328892524345,77034200,129.35858764648438,135.18712844848633,140.7646890258789,148.8721494293213,130.0239473443332,133.6825632575313,139.0262112735383,37.47314611584189,-4.3350701620213385,-3.5445746911348803,-0.7904954708864582,-10.6826306232491,135.18712844848633,148.40977100118565,121.964485895787,4.267985985946592,29.453704252446077,0.0,0.0,0.0,0.0,0.0
2023-01-03 05:00:00,123.09602355957031,128.8340031338152,122.21022673136561,128.22379338136977,112117500,128.4294876098633,134.06807403564454,140.4087466430664,148.70076454162597,128.76432483801267,132.67432138153504,138.4014980298533,32.34012276120055,-4.634497945641044,-3.7625593420361136,-0.8719386036049306,-12.666714371902298,134.06807403564454,147.4116884399233,120.72445963136579,4.499276447430816,31.398380465053492,0.0,0.0,0.0,0.0,0.0
2023-01-04 05:00:00,124.36565399169922,126.62935597280962,123.10585750129947,124.88728777203856,89113600,127.8379753112793,133.07056922912597,140.00194778442383,148.5192673110962,127.96456650231931,131.8830197253602,137.8510727734551,34.889543222110674,-4.714996511490739,-3.9530467759270387,-0.7619497355637002,-7.4285908667364176,133.07056922912597,146.16913474531626,119.97200371293567,4.348831694721539,32.07424944458969,0.0,0.0,0.0,0.0,0.0
2023-01-05 05:00:00,123.04682159423828,125.7534186864637,122.79093054834856,125.12352032753697,80962700,127.12146606445313,132.19018630981446,139.52593139648437,148.32431755065917,127.07043106448639,131.04147704620576,137.2705139036819,33.47839741733941,-4.829539037677691,-4.128345228277169,-0.7011938094005217,-7.055224941667449,132.19018630981446,145.50758546268725,118.87278715694168,4.173781314165372,31.386668520990053,0.0,0.0,0.0,0.0,0.0
2023-01-06 05:00:00,127.57420349121094,128.23362708296847,122.91886125861728,124.02118700839063,87754700,126.54766693115235,131.63311920166015,139.08366912841797,148.1351525115967,127.16202605116356,130.71126051715862,136.8902664365262,42.13131253807582,-4.503084181368479,-4.203293018895431,-0.2997911624730474,-2.0774925887913187,131.63311920166015,144.73151467175876,118.53472373156154,4.048645768335389,34.776664194742764,0.0,0.0,0.0,0.0,0.0
2023-01-09 05:00:00,128.09585571289062,131.30441322455866,127.83996466106093,128.4108124086458,70790800,126.34295196533203,131.01798477172852,138.71059844970702,147.9417861175537,127.33181326238666,130.46217434532358,136.5453875846189,43.050508703825166,-4.1543842257629535,-4.193511260268936,0.03912703450598265,-1.6250881225766345,131.01798477172852,143.52532642017724,118.5106431232798,4.039508688064187,34.39849153384345,0.0,0.0,0.0,0.0,0.0
2023-01-10 05:00:00,128.66665649414062,129.18829019036005,126.09785007666395,128.20407340232998,63896200,126.23173065185547,130.45550308227538,138.43835968017578,147.73236404418947,127.57451203179646,130.2911726452109,136.2364177379335,44.09688705298235,-3.7883088794108914,-4.112470784097328,0.32416190468643613,-3.484706208763255,130.45550308227538,142.27057612658615,118.64043003796463,3.987486475608378,34.54010311341747,0.0,0.0,0.0,0.0,0.0
2023-01-11 05:00:00,131.38314819335938,131.402821722743,128.40097153395064,129.17849644752224,69458900,126.57227172851563,129.91418228149413,138.00546020507812,147.5333399963379,128.2669913338988,130.39517031646312,136.04609344206784,48.90814937638541,-3.241625906924895,-3.9383018086628416,0.6966759017379465,0.9529077791998519,129.91418228149413,140.37637261014083,119.45199195284744,3.965692219774373,34.94732582904002,0.0,0.0,0.0,0.0,0.0
2023-01-12 05:00:00,131.3043975830078,132.14097304777255,129.36548883237654,131.76698078856714,71379600,127.29764175415039,129.3207000732422,137.6181497192383,147.3296112060547,128.81924701555496,130.48176338946737,135.8601445848498,48.77708967981009,-2.7826535309376936,-3.707172153117812,0.9245186221801185,1.175482540773931,129.3207000732422,137.76852356905013,120.87287657743424,3.846882768415123,34.75078974330096,0.0,0.0,0.0,0.0,0.0
2023-01-13 05:00:00,132.633056640625,132.7905349401524,129.5819934315568,129.9461488585014,57809700,127.80451049804688,128.90486679077148,137.3102764892578,147.1160652923584,129.51266694738587,130.6866484610062,135.73359211644882,51.15529698587413,-2.2853587413835044,-3.422809470770951,1.1374507293874467,3.6376008104780366,128.90486679077148,135.57398462972958,122.23574895181338,3.7140128053685006,34.82310173072832,0.0,0.0,0.0,0.0,0.0
2023-01-17 05:00:00,133.79446411132812,135.12314807764807,132.01303370787318,132.7019826183309,63646600,128.39602813720703,128.8773078918457,137.13607391357422,146.91415603637697,130.2911755226481,130.982630903894,135.6575478809539,53.20070753881989,-1.7770484528575423,-3.093657267188269,1.3166088143307269,7.854665064082567,128.8773078918457,135.45569862140496,122.29891716228644,3.7407265186800354,30.863242750099356,0.0,0.0,0.0,0.0,0.0
2023-01-18 05:00:00,133.0759735107422,136.42230495988363,132.8988066595986,134.66056331872014,69672800,129.3940231323242,128.91175537109376,137.06835998535155,146.72413513183594,130.7975024295743,131.18199686645096,135.55630967035736,51.75676050252177,-1.4158638763912563,-2.758098589028867,1.3422347126376106,4.320645603137829,128.91175537109376,135.57420743384185,122.24930330834567,3.771658247942194,30.4577573546993,0.0,0.0,0.0,0.0,0.0
2023-01-19 05:00:00,133.1350860595703,134.09961486420556,131.65876002436804,131.9638650021021,58280400,130.27096633911134,129.05447082519532,137.00714233398438,146.5358794403076,131.2225176350281,131.36800536103374,135.4613597248363,51.87249703407195,-1.112033775533746,-2.428885626329843,1.316851850796097,4.109968419094501,129.05447082519532,135.95830985635078,122.15063179403987,3.583251077090312,29.84074789729247,0.0,0.0,0.0,0.0,0.0
2023-01-20 05:00:00,135.69400024414062,135.84164181281548,132.10161400912494,133.14488168206822,80223600,131.53568420410156,129.32857513427734,136.98647430419922,146.3401856994629,132.03551447304855,131.7800048737106,135.4704828824561,56.71361873077635,-0.6571875931807085,-2.074546019700016,1.4173584265193075,10.23426778564762,129.32857513427734,136.83492656575203,121.82222370280265,3.538257643001042,30.500550405627585,0.0,0.0,0.0,0.0,0.0
2023-01-23 05:00:00,138.88284301757812,141.05796890647485,135.7235002594527,135.9400291721196,81760300,132.6665481567383,129.60710754394532,137.0181655883789,146.17699440002443,133.28048329932665,132.45646564931704,135.6043009269707,61.862020387657765,-0.038956686696195675,-1.667428153099252,1.6284714664030564,11.672988932175654,129.60710754394532,138.08622658952004,121.1279884983706,3.744239465278947,30.471727705585838,0.0,0.0,0.0,0.0,0.0
2023-01-24 05:00:00,140.2804412841797,140.90050277108796,138.08564168128757,138.0954784443646,66435100,133.8850067138672,130.1139793395996,137.16894744873048,146.03661483764648,134.55320293293627,133.20160618597063,135.78767898019458,63.88919978349282,0.5573455283888507,-1.2224734168016316,1.7798189451904822,14.00574144594433,130.1139793395996,139.84724211598783,120.3807165632114,3.4721740858040033,28.973185114957488,0.0,0.0,0.0,0.0,0.0
2023-01-25 05:00:00,139.6210174560547,140.18201330953534,136.61915274790366,138.6663258108729,65799300,134.9804428100586,130.60608673095703,137.0703286743164,145.8914193725586,135.47462375532143,133.8129786878834,135.93800597924795,62.20902349425724,0.9655787473271573,-0.7848629839758738,1.7504417313030312,9.442985835042816,130.60608673095703,141.22311378871484,119.98905967319921,3.4813138088780553,29.039464714422643,0.0,0.0,0.0,0.0,0.0
2023-01-26 05:00:00,141.6878662109375,141.97328249331738,139.6603668579937,140.91032647908082,54105100,136.01091461181642,131.291593170166,136.95734008789063,145.76660095214845,136.60430420179708,134.56296797579333,136.16349069421616,65.29014579402345,1.4392926657187388,-0.34003185403695135,1.7793245197556902,10.610812053523034,131.291593170166,142.91665898008594,119.66652736024608,3.4377264445314517,28.500568411974246,0.0,0.0,0.0,0.0,0.0
2023-01-27 05:00:00,143.62680053710938,144.90628582720518,140.82179068901345,140.900529862646,70555800,137.24315490722657,132.27039833068847,136.9110821533203,145.67273849487304,137.8811217173084,135.4261901244901,136.45616951158453,67.93156692736889,1.948706677193428,0.1177158522091245,1.8309908249843034,11.627055874922831,132.27039833068847,144.60341617947046,119.93738048190647,3.349849966948633,25.24538350892214,0.0,0.0,0.0,0.0,0.0
2023-01-30 05:00:00,140.74302673339844,143.2527830109075,140.59540019505755,142.67209860282117,64015300,138.0541519165039,132.9293312072754,136.7725045776367,145.55510025024415,138.4014680838702,135.9325555158147,136.6242815594988,60.551011629434306,2.095568101532052,0.5132863020737101,1.5822817994583422,7.124108889721481,132.9293312072754,145.6070836657938,120.25157874875698,3.2999350104274976,25.783919756445844,0.0,0.0,0.0,0.0,0.0
2023-01-31 05:00:00,142.0126953125,142.0619091768315,140.03442411726166,140.44779354531312,65874500,138.8759750366211,133.63600158691406,136.68392578125,145.43038734436035,139.058054852712,136.51161644883234,136.83559190275375,62.483655291845515,2.2880334562381393,0.868235732906596,1.4197977233315433,8.155322994968728,133.63600158691406,146.6983024149519,120.57370075887623,3.224009649418479,25.801700611714807,0.0,0.0,0.0,0.0,0.0
2023-02-01 05:00:00,143.13465881347656,144.29604258311244,139.0895417079852,141.69771052689384,77663600,139.88184356689453,134.63793334960937,136.579794921875,145.33631774902344,139.799255572851,137.14238238832226,137.08261413454682,64.15482171510351,2.502252307367968,1.1950390477988704,1.3072132595690975,7.917786439398822,134.63793334960937,147.3660092039363,121.90985749528242,3.3814846984423985,20.252457614590764,0.0,0.0,0.0,0.0,0.0
2023-02-02 05:00:00,148.43963623046875,148.79393998354684,145.83145179927072,146.54992610628193,118339000,141.41229858398438,135.84163246154785,136.57054412841796,145.26985069274903,141.37023387423602,138.21831132566953,137.52798755007316,70.78213070568034,3.0647609754791176,1.5689834333349197,1.495777542144198,10.946022480387985,135.84163246154785,149.02462025636618,122.65864466672951,3.5874701952048462,22.786920799871265,0.0,0.0,0.0,0.0,0.0
2023-02-03 05:00:00,152.0615234375,154.8960731461596,145.4967979818679,145.69363837431163,154357300,143.0490509033203,137.29236755371093,136.69829528808594,145.21007858276369,143.31410470392038,139.5367124791772,138.09793013389384,74.27865262220521,3.7594723191415653,2.007081210496249,1.752391108645316,14.266700010445721,137.29236755371093,150.9250919304754,123.65964317694646,4.029665456325996,22.175392732146435,0.0,0.0,0.0,0.0,0.0
2023-02-06 05:00:00,149.33526611328125,150.6836538403975,148.4002628109197,150.1620199448286,69858300,144.09429321289062,138.38042068481445,136.7288067626953,145.1375080871582,144.40886132380416,140.46990806337757,138.53860997622277,67.71026417715544,4.043439627268299,2.4143528938506593,1.6290867334176395,12.168227424634171,138.38042068481445,152.2193784857722,124.5414628838567,4.06903304609781,22.153519723135826,0.0,0.0,0.0,0.0,0.0
2023-02-07 05:00:00,152.2091522216797,152.77999988075524,148.2624474794368,148.2624474794368,83322600,145.28716430664062,139.5860855102539,136.7992758178711,145.08327522277833,145.8270960325088,141.5879313165492,139.07470967212305,70.65604758732721,4.449097924308035,2.8213018999421346,1.6277960243659,12.17087855603416,139.5860855102539,153.84750614267261,125.32466487783519,4.14003691045734,22.45006008258861,0.0,0.0,0.0,0.0,0.0
2023-02-08 05:00:00,149.5222625732422,152.14028370808583,148.7840997356859,151.45133472995892,64120100,146.27728881835938,140.62886581420898,136.87427368164063,145.03828994750975,146.49894449446032,142.34358191242472,139.48441762902968,64.71195204882827,4.501880630383312,3.1574176460303702,1.3444629843529414,7.660715553120889,140.62886581420898,154.57492303482246,126.6828085935955,4.2103367423256435,24.306546485206567,0.0,0.0,0.0,0.0,0.0
2023-02-09 05:00:00,148.4888153076172,151.89421276586904,148.04592065726195,151.35289040745275,56007100,146.95738372802734,141.48414916992186,137.0051742553711,144.98279747009278,146.86073918776157,142.9288422357764,139.8375312634841,62.53289718362467,4.409490881698645,3.4078322931640255,1.0016585885346192,5.851403052553139,141.48414916992186,155.13779530987262,127.83050302997111,4.2180699069625405,24.283453119142575,0.0,0.0,0.0,0.0,0.0
2023-02-10 05:00:00,148.85354614257812,149.1788354914484,147.08911426452642,147.32569243849323,57450700,147.4800582885742,142.3616065979004,137.20340698242188,144.95891410827636,147.22306772500093,143.49309975070986,140.19110047442896,63.00635321559119,4.315950479886197,3.58945593050846,0.7264945493777373,6.61256367754901,142.3616065979004,155.5068421963354,129.21637099946537,3.984195090147381,24.193213975928344,0.0,0.0,0.0,0.0,0.0
2023-02-13 05:00:00,151.65296936035156,152.05710297296255,148.7648030561656,148.79437344145694,62199000,148.57105255126953,143.3126022338867,137.32259338378907,144.95015449523925,148.02850438597378,144.27023018972335,140.6405855287789,66.50492842724842,4.416795031680181,3.7549237507428046,0.6618712809373761,7.03313799262002,143.3126022338867,156.24468126791498,130.38052319985843,4.018297863504279,24.56395328503499,0.0,0.0,0.0,0.0,0.0
2023-02-14 05:00:00,151.01226806640625,151.5741355635304,148.7056873791277,149.9476888936107,61707600,149.47100982666015,144.17349243164062,137.4234539794922,144.90355621337892,148.57100687332513,144.9123290351217,141.0473181773133,64.99003335386882,4.394360374660664,3.8828110755263765,0.5115492991342876,5.142123546356281,144.17349243164062,156.7244490790693,131.62253578421195,3.9672973952862662,24.859760292293572,0.0,0.0,0.0,0.0,0.0
2023-02-15 05:00:00,153.11187744140625,153.2794480234058,150.69686663828347,150.92357800911904,65573800,150.46873168945314,145.17528762817383,137.57614929199218,144.89680030822754,149.39661970388534,145.6932384071488,141.5204381484542,67.59503423946887,4.494195389820192,4.00508793838514,0.48910745143505174,8.788251180243133,145.17528762817383,157.1833451309633,133.16723012538438,3.983748562990525,24.611511538140537,0.0,0.0,0.0,0.0,0.0
2023-02-16 05:00:00,151.51498413085938,154.09756497312395,151.16012443154224,151.3178281549916,68167900,150.7762664794922,146.0942825317383,137.72013397216796,144.88054138183594,149.78177687242606,146.24769038083554,141.91238112815634,63.71209878238355,4.39381030410587,4.082832411529286,0.3109778925765836,6.691154475625938,146.0942825317383,156.98370887574086,135.20485618773571,3.9018160918040956,25.297608758923413,0.0,0.0,0.0,0.0,0.0
2023-02-17 05:00:00,150.37152099609375,150.81509178729078,148.6958007621901,150.17438009343803,59144100,150.60726623535157,146.82815856933593,137.91447479248046,144.85111877441406,149.88900307672927,146.64043615371727,142.2441121033696,61.00954637493659,4.173872675726102,4.1010404643686496,0.07283221135745244,5.055981718619096,146.82815856933593,156.69688157561836,136.9594355630535,3.8866577365624857,25.311786956470232,0.0,0.0,0.0,0.0,0.0
2023-02-21 05:00:00,146.3596649169922,149.1394018439348,146.29067235544917,148.05510409777494,58867200,150.30970611572266,147.20199966430664,138.06735717773438,144.76959785461426,149.24730522950432,146.61369603593394,142.4055063313548,52.58206650977936,3.633957266261177,4.007623824747156,-0.3736665584859784,-1.4012236666001932,147.20199966430664,156.3430792876272,138.06092004098608,4.03332656378211,26.74469520571354,0.0,0.0,0.0,0.0,0.0
2023-02-22 05:00:00,146.78355407714844,147.80869615626176,145.0585442502877,146.74411685820635,51011300,149.76714630126952,147.52715530395508,138.19505737304686,144.73551147460938,148.7993504745305,146.6298729922401,142.57719447824866,53.31583851686184,3.2033485192995954,3.8467687636576438,-0.6434202443580483,-3.4709433662361677,147.52715530395508,156.07497068172958,138.9793399261806,3.8578730659854545,26.605749167832514,0.0,0.0,0.0,0.0,0.0
2023-02-23 05:00:00,147.26654052734375,148.19311959888688,145.13739706863274,147.946689634791,48394200,149.54157409667968,147.90943145751953,138.3420623779297,144.7002094268799,148.52065775686017,146.69050799558332,142.7610904017426,54.18577231884685,2.8680004313048357,3.6510150971870825,-0.7830146658822468,-1.3852893825951562,147.90943145751953,155.61039045411704,140.20847246092202,3.671904591712874,26.473711315082816,0.0,0.0,0.0,0.0,0.0
2023-02-24 05:00:00,144.61495971679688,145.0881010134071,143.6390916917033,145.00924162382364,55469600,149.15418853759766,148.0557861328125,138.39017028808593,144.67725959777832,147.81053084048503,146.492836730937,142.8337911591957,48.80844783584847,2.361057443786052,3.3930235665068764,-1.0319661227208243,-4.9893139762203775,148.0557861328125,155.3599296012095,140.7516426644155,3.259631282523498,27.056024933187384,0.0,0.0,0.0,0.0,0.0
2023-02-27 05:00:00,145.80767822265625,147.03982803359767,145.344388690471,145.6006854773172,44998500,148.84960174560547,148.16483001708986,138.44284301757813,144.64825340270997,147.44637581906161,146.42758353967216,142.9504141812922,51.15648857668803,2.032118887721225,3.1208426307497463,-1.0887237430285213,-2.484301860243976,148.16483001708986,155.25247969771772,141.077180336462,3.1713175461106777,26.78974550560057,0.0,0.0,0.0,0.0,0.0
2023-02-28 05:00:00,145.30499267578125,146.9511433146713,144.73327325566294,144.95013286470416,50547000,148.21480407714844,148.39292831420897,138.52994842529296,144.6560317993164,147.05703342937426,146.3206701240635,143.04275059284078,50.11320438162613,1.7111451732448302,2.8389031392487634,-1.1277579660039332,-2.144149796898953,148.39292831420897,154.72862707850692,142.05722954991103,3.0070545216599567,25.691324441978708,0.0,0.0,0.0,0.0,0.0
2023-03-01 05:00:00,143.23492431640625,145.12750429739225,142.9392054041828,144.73322244168676,55479000,147.43706970214845,148.45403976440429,138.70773406982423,144.6727899169922,146.3621044997437,146.02678957095327,143.05028681729434,45.95673978593269,1.2750361526280756,2.526129741924626,-1.2510935892965502,-3.774597227794707,148.45403976440429,154.54964757659175,142.35843195221682,2.9313927206317203,26.13801146584206,0.0,0.0,0.0,0.0,0.0
2023-03-02 05:00:00,143.82638549804688,144.6149643784106,141.8450789930105,142.31823534576338,52238100,146.5085205078125,148.4886260986328,138.93652130126952,144.67018241882323,145.9010646812534,145.81722727829552,143.0807220596768,47.30165567776967,0.9660070580577269,2.214105205151246,-1.2480981470935193,-5.160851050471338,148.4886260986328,154.4638118102156,142.51344038705003,2.8543636689740777,26.03154502466374,0.0,0.0,0.0,0.0,0.0
2023-03-03 05:00:00,148.87327575683594,148.9521351539883,145.22611512366896,145.92596783194648,70732300,146.24434967041014,148.51030807495118,139.30837127685547,144.700512008667,146.44146669499565,146.10827951434698,143.30788102819284,57.109930630066124,1.115482550955221,1.9943806743120414,-0.8788981233568203,-1.4164361193686026,148.51030807495118,154.48789187758143,142.53272427232093,3.0712228424754664,25.66963270256502,0.0,0.0,0.0,0.0,0.0
2023-03-06 05:00:00,151.63328552246094,154.0680147422593,151.26857399298945,151.59384830577196,87558000,146.3705261230469,148.48889617919923,139.73679870605469,144.7264891052246,147.3854337545348,146.63447056273878,143.63436747894846,61.346865777601174,1.4400526471959267,1.8835150688888187,-0.44346242169289196,-0.9656938074651622,148.48889617919923,154.41577255113197,142.5620198072665,3.2071113473773516,25.0149131016132,0.0,0.0,0.0,0.0,0.0
2023-03-07 05:00:00,149.43511962890625,151.83041139396585,148.9718301446463,151.50512207262017,56182000,146.67807159423828,148.49388885498047,140.05925720214844,144.78278465270995,147.7581039135114,146.90119904523092,143.8618479554174,56.55504109780402,1.5025823362497306,1.8073285223610012,-0.3047461861112706,-1.3727120877739751,148.49388885498047,154.42393456305064,142.5638431469103,3.2007755808127576,24.716981770606903,0.0,0.0,0.0,0.0,0.0
2023-03-08 05:00:00,150.6869659423828,151.27840377958802,149.6618240709013,150.6278251668401,47204800,147.06841278076172,148.41777954101562,140.4701364135742,144.86236381530762,148.29062428239712,147.2617482735311,144.12949964118076,58.541141126921346,1.6343117719253542,1.772725172273872,-0.1384134003485178,0.2097770536598098,148.41777954101562,154.18385825322213,142.6517008288091,3.1479686354955754,23.890593654067573,0.0,0.0,0.0,0.0,0.0
2023-03-09 05:00:00,148.43954467773438,152.33313497413033,148.08468493947933,151.3671337581158,53833600,147.1857131958008,148.36364364624023,140.84334991455077,144.929528427124,148.31770071791297,147.3739193596457,144.29852101516323,53.787149520008384,1.5396124907656201,1.7261026359722218,-0.18649014520660168,1.4210744209627535,148.36364364624023,154.10634390416226,142.6209433883182,3.2416121707148102,23.64679096590753,0.0,0.0,0.0,0.0,0.0
2023-03-10 05:00:00,146.37937927246094,148.78453780981002,145.5020893181875,148.06496662146847,68572400,147.36215515136718,148.25817184448243,141.21138275146484,144.95931037902832,147.96527863692168,147.2792012561043,144.38012329976314,49.79518336480294,1.283528776721056,1.6375878641219888,-0.35405908740093284,-0.2753542842238721,148.25817184448243,154.06828156062235,142.4480621283425,3.2747025366400413,24.032960144397705,0.0,0.0,0.0,0.0,0.0
2023-03-13 04:00:00,148.3212432861328,150.95311305935627,145.59079552733544,145.69922529511118,84457100,147.61351165771484,148.23155670166017,141.6967936706543,145.01229354858398,148.02999948223277,147.37844335420226,144.5346770247188,53.31249157413093,1.2231728106631579,1.5547048534302226,-0.3315320427670647,0.7161862803406027,148.23155670166017,154.03505602670248,142.42805737661786,3.3662360288812017,24.51711503606251,0.0,0.0,0.0,0.0,0.0
2023-03-14 04:00:00,150.41099548339844,151.20942619347872,147.95656256587642,149.11970482478546,73695900,148.12411193847657,148.1694580078125,142.15372619628906,145.07494049072267,148.46290784608107,147.66725784269713,144.7651208858435,56.81857817465191,1.3286499605630127,1.5094938748567808,-0.18084391429376812,4.007908848401365,148.1694580078125,153.84395561769426,142.49496039793073,3.402144008997504,24.08894434648428,0.0,0.0,0.0,0.0,0.0
2023-03-15 04:00:00,150.80528259277344,151.06156433450928,147.77911548729296,149.03098388604963,77167900,148.8811477661133,148.15910873413085,142.61224609375,145.12356491088866,148.8887941636615,147.9661173427044,145.00198997238977,57.46757792239739,1.4276005458698933,1.4931152090594035,-0.06551466318951027,3.4275316849127657,148.15910873413085,153.81249141794356,142.50572605031815,3.4183387459233745,24.063645570559963,0.0,0.0,0.0,0.0,0.0
2023-03-16 04:00:00,153.6244354248047,154.22572509887632,149.47454848721353,149.98712698991974,76161100,149.86095275878907,148.1847366333008,143.22281433105468,145.15753509521485,149.7498198475057,148.5050047790949,145.34012508817074,61.879218388382135,1.7137466657353855,1.5372415003945998,0.17650516534078564,5.7255037117593055,148.1847366333008,153.93644552516326,142.4330277414383,3.4986050156392565,24.48605583773461,0.0,0.0,0.0,0.0,0.0
2023-03-17 04:00:00,152.7865753173828,154.50173325502132,152.07685582876627,153.85115455030763,98944600,150.25228271484374,148.24831619262696,143.79123275756837,145.19124099731445,150.30195720566516,148.91277340178897,145.63214274421827,59.89093330863648,1.8515675013258601,1.600106700580852,0.2514608007450081,6.668520995533855,148.24831619262696,154.18031258616497,142.31631979908894,3.4986056663145604,24.26008077899361,0.0,0.0,0.0,0.0,0.0
2023-03-20 04:00:00,155.15232849121094,155.56634414456235,151.94873835684245,152.85561403086595,73641400,150.60418701171875,148.48735656738282,144.43334289550782,145.23741355895996,151.1838428939462,149.50701674363867,146.0054833617474,63.460975767663186,2.127167355027467,1.7055188314701752,0.42164852355729177,7.8747324101514415,148.48735656738282,155.12315012921997,141.85156300554567,3.5985867897939556,24.61808146276139,0.0,0.0,0.0,0.0,0.0
2023-03-21 04:00:00,157.0054473876953,157.1237289497417,154.3045697408097,155.07344501678244,73938300,151.36121978759766,149.01964569091797,145.0219677734375,145.28058624267578,152.24231643826423,150.2211529954536,146.43685450001988,66.01287647036877,2.4666790913504997,1.8577508834462402,0.6089282079042595,5.4624791383929505,149.01964569091797,156.58027093895606,141.45902044287988,3.6309704996034924,22.43784600882357,0.0,0.0,0.0,0.0,0.0
2023-03-22 04:00:00,155.57615661621094,159.82460651427928,155.5564380089166,157.0251659140942,75701800,151.85013885498046,149.4592758178711,145.5715737915039,145.34521514892577,152.8484691978909,150.73115334028762,146.7952585045764,62.393386537984526,2.5905505144897347,2.0043108096549394,0.5862397048347954,2.600267533717693,149.4592758178711,157.48091423837053,141.43763739737165,3.737990722457963,22.888338227804525,0.0,0.0,0.0,0.0,0.0
2023-03-23 04:00:00,156.66041564941406,159.2430113419942,155.4282660956086,156.5618527096425,67622100,152.67222595214844,149.9289695739746,146.13144897460938,145.41153678894042,153.5415503708951,151.29584498877585,147.18212741221708,64.00570039225126,2.744572429689242,2.1523631336618,0.5922092960274421,4.835072263100182,149.9289695739746,158.49183710077781,141.36610204717138,3.6443475503468323,22.931500757761807,0.0,0.0,0.0,0.0,0.0
2023-03-24 04:00:00,157.9615936279297,158.0503047976887,155.59587218901564,156.5914437450547,59196500,153.8304473876953,150.59630126953124,146.66301788330077,145.47175567626954,154.3451945994468,151.93067819250479,147.60485157753916,65.89537479256234,2.9377653651864932,2.3094435799667385,0.6283217852197547,4.827642284820066,150.59630126953124,159.4893564301858,141.70324610887667,3.448611380578955,21.566495393539682,0.0,0.0,0.0,0.0,0.0
2023-03-27 04:00:00,156.0197296142578,158.47417734472043,155.61558088418133,157.6560281012329,52390300,154.6002960205078,151.10690383911134,147.15732452392578,145.52594467163087,154.64965551123063,152.32011166124315,147.9348467946654,60.76800082951515,2.900742013101592,2.4277032665937095,0.47303874650788247,5.106580563137797,151.10690383911134,160.01495941965422,142.19884825856846,3.448612467094638,22.314026167553354,0.0,0.0,0.0,0.0,0.0
2023-03-28 04:00:00,155.39871215820312,156.22672817707905,153.7525619849842,155.714149696992,45992200,155.09906768798828,151.61158981323243,147.61263763427735,145.603129196167,154.78584762886197,152.61331170857267,148.22754739715705,59.18201434566813,2.7891383702375094,2.4999902873224693,0.2891480829150401,6.161614382142022,151.61158981323243,160.2760021378825,142.94717748858235,3.4936754700527155,22.33676620684104,0.0,0.0,0.0,0.0,0.0
2023-03-29 04:00:00,158.47415161132812,158.7501519087846,157.0744315196879,157.09413508315754,51305700,155.86595458984374,152.37355117797853,148.10623138427735,145.72272369384766,155.45644835294672,153.1714869374065,148.62937501339906,64.16933668045523,2.915248767442449,2.5830419833464653,0.3322067840959839,6.845215223559653,152.37355117797853,160.60579486503326,144.1413074909238,3.4296033069048923,22.024163721516953,0.0,0.0,0.0,0.0,0.0
2023-03-30 04:00:00,160.0414581298828,160.1498879032855,158.96702721945866,159.22330893800608,49501700,156.50765686035157,153.1843048095703,148.64554107666015,145.87591201782226,156.29008649420783,153.82576990811853,149.0769076846337,66.42105644329679,3.105858302146487,2.6876052471064695,0.4182530550400174,6.402765047550885,153.1843048095703,161.0583534361406,145.310256183,3.314838149785954,22.083290714794675,0.0,0.0,0.0,0.0,0.0
2023-03-31 04:00:00,162.54518127441406,162.64375926608275,159.59788883873148,160.120319104618,68749800,157.4835174560547,153.8679000854492,149.23374298095703,146.0373014831543,157.42737645424532,154.65619003824193,149.6050752763898,69.69717531960512,3.4195290624937513,2.833990010183926,0.5855390523098252,7.784805996048849,153.8679000854492,162.50317699987698,145.23262317102143,3.1493776423095574,19.555303879479535,0.0,0.0,0.0,0.0,0.0
2023-04-03 04:00:00,163.79702758789062,163.91530912930577,161.87487733545584,161.92416632467473,56976200,158.34798736572264,154.4760871887207,149.79580352783202,146.1918507385254,158.58549484218082,155.52674599535135,150.16162242586043,71.2096528097955,3.7261758990261455,3.01242718795237,0.7137487110737757,6.6217279399312545,154.4760871887207,164.1049284564946,144.8472459209468,3.062775368470103,18.88850629189162,0.0,0.0,0.0,0.0,0.0
2023-04-04 04:00:00,163.26473999023438,164.45745226747852,162.7521615936014,164.22088919279193,46278300,158.97391662597656,155.1675682067871,150.28344146728514,146.37008445739747,159.43626668728146,156.26369780438782,150.67547017348295,69.61850503538568,3.8815010378179693,3.18624195792549,0.6952590798924794,6.858040145925992,155.1675682067871,165.2478816826924,145.08725473088182,2.950121213231589,17.825028983686096,0.0,0.0,0.0,0.0,0.0
2023-04-05 04:00:00,161.4214324951172,162.6930191721889,159.48943054732956,162.38744850989812,51511700,159.55844421386718,155.70429153442382,150.7062612915039,146.53174255371093,159.7972059250698,156.75491063207633,151.09688046060586,64.2633604113298,3.8119164200207933,3.311376850344551,0.5005395696762425,4.040612258204934,155.70429153442382,165.92227364230786,145.48630942653978,2.8804164154631615,18.606905663305277,0.0,0.0,0.0,0.0,0.0
2023-04-06 04:00:00,162.30860900878906,162.60432792623257,159.68659100348637,160.1104432538072,45390100,160.12326354980468,156.39774475097656,151.16001312255858,146.67669090270996,160.25382466756417,157.28383428700135,151.5365560899464,65.63354226576982,3.784729829731674,3.406047446221976,0.3786823835096982,3.3776927548243574,156.39774475097656,166.4204234278616,146.3750660740915,2.915620665212529,17.290007056449625,0.0,0.0,0.0,0.0,0.0
2023-04-10 04:00:00,159.71615600585938,159.71615600585938,157.79400566862077,159.11486640899105,47716900,160.29871978759766,157.0645835876465,151.52057891845703,146.81122825622558,160.1560667290724,157.51548397451165,151.85732471409986,58.56705725681347,3.513493602579331,3.427536677493447,0.08595692508588382,2.6610757584540234,157.0645835876465,165.99599053815427,148.13317663713872,2.979691918958843,17.598893988016577,0.0,0.0,0.0,0.0,0.0
2023-04-11 04:00:00,158.5037384033203,160.04145880285023,158.21787125365222,160.03160702009572,47644200,160.5471206665039,157.57370834350587,151.81811767578125,146.9253776550293,159.85564339711743,157.609603443922,152.11796838818694,55.55458188029319,3.1642297001624797,3.374875282027254,-0.2106455818647741,1.1766359397586301,157.57370834350587,165.51227045199116,149.63514623502058,2.908579657549274,17.766094369322303,0.0,0.0,0.0,0.0,0.0
2023-04-12 04:00:00,157.813720703125,159.74572277857914,157.49828319805357,158.9177218890988,50133100,160.7886215209961,157.9438446044922,152.1595315551758,147.01944534301757,159.4843847254824,157.62904318289372,152.34133122406686,53.85671876173147,2.7994861458298885,3.259797454787781,-0.4603113089578925,-0.09361321407848067,157.9438446044922,165.1309937069023,150.7566955020821,2.764241877203765,17.4963491332851,0.0,0.0,0.0,0.0,0.0
2023-04-13 04:00:00,163.19578552246094,163.4323637150449,159.11490570596376,159.32191350458623,68445600,161.2607849121094,158.56336975097656,152.583193359375,147.14042335510254,160.1591848703876,158.15920911999535,152.7669960985137,63.28270577136274,2.911153931917113,3.1900687502136478,-0.27891481829653486,4.599454136951242,158.56336975097656,165.28034542874062,151.8463940732125,2.893091717599071,20.79261168545049,0.0,0.0,0.0,0.0,0.0
2023-04-14 04:00:00,162.85076904296875,163.94491858408577,161.48061917083933,162.23961256067847,49386500,161.54171600341797,159.02468643188476,152.97751556396486,147.2803800201416,160.6485638108569,158.60602435075472,153.16243817476683,62.40267637738705,2.937944712602416,3.139643942691402,-0.20169923008898571,4.79544314188336,159.02468643188476,165.57878245166708,152.47059041210244,2.8937964893543113,20.149082165508094,0.0,0.0,0.0,0.0,0.0
2023-04-17 04:00:00,162.8704833984375,163.02820218114718,161.6876226098968,162.73248322378927,41516200,161.57424621582032,159.5288818359375,153.26613250732422,147.41165336608887,161.052549190417,159.0121633076769,153.54314583059707,62.434822234779745,2.927026444201175,3.0971204429933565,-0.17009399879218146,2.7741633209002803,159.5288818359375,165.59576681563564,153.46199685623938,2.785366711547973,19.935018903599232,0.0,0.0,0.0,0.0,0.0
2023-04-18 04:00:00,164.09274291992188,165.01932174992547,163.28444562876558,163.72803148121778,49923000,161.60381774902345,159.97590255737305,153.50675689697266,147.56135231018067,161.6053116866906,159.4960280326526,153.95685552037452,64.4634787675071,2.9826180026468307,3.0742199549240516,-0.0916019522772209,2.5313970750948878,159.97590255737305,166.00236615775611,153.94943895698998,2.7621290086474812,19.482951936927474,0.0,0.0,0.0,0.0,0.0
2023-04-19 04:00:00,165.2362060546875,165.7586363174907,163.17604035173306,163.43233711220313,47720200,161.80096435546875,160.38744049072267,153.82477569580078,147.70592613220214,162.26547429905366,160.0427116537988,154.39918299230837,66.2971966633953,3.083399126109498,3.076055789161141,0.007343336948356871,1.6555549412014647,160.38744049072267,166.67814660637418,154.09673437507115,2.707211595445778,19.254529678818255,0.0,0.0,0.0,0.0,0.0
2023-04-20 04:00:00,164.27020263671875,165.47278202514906,163.19577163848064,163.71820194187683,52456400,162.0858413696289,160.82214279174804,154.06599670410156,147.83276687622072,162.62997036044732,160.4453298426483,154.7862818018931,63.324369468245315,3.050160142476102,3.0708766598241333,-0.02071651734803126,0.2888788983513413,160.82214279174804,166.9113003492433,154.73298523425277,2.7501597450679958,19.024667589493994,0.0,0.0,0.0,0.0,0.0
2023-04-21 04:00:00,162.66348266601562,164.07305473489896,162.14105238473394,162.69305305620966,58337300,162.12132873535157,161.12229614257814,154.32882110595702,147.94490158081055,162.6360635069143,160.65658249249282,155.09519163970182,58.61633761650728,2.8611871503143504,3.0289387579221767,-0.16775160760782626,-0.3682713880870492,161.12229614257814,166.93314729691895,155.31144498823733,2.6846797325418197,19.460764673559673,0.0,0.0,0.0,0.0,0.0
2023-04-24 04:00:00,162.96905517578125,163.23520373133107,161.54961626736943,162.643765839196,41949600,162.44661865234374,161.3726692199707,154.61842590332031,148.04173606872558,162.69660744670827,160.87681798613934,155.40397060190102,59.237053501766425,2.7049014204787056,2.9641312904334827,-0.25922986995477704,0.9587467145732775,161.3726692199707,167.0398453085112,155.70549313143022,2.65933370897837,19.315668403438405,0.0,0.0,0.0,0.0,0.0
2023-04-25 04:00:00,161.43133544921875,163.93505711689548,161.3918982344198,162.83105575677226,48714100,162.7393783569336,161.64324951171875,154.8699816894531,148.12749687194824,162.46655799261927,160.9296291730993,155.64033785081546,54.78393029116084,2.428963147742337,2.8570976618952537,-0.4281345141529167,-0.5404972446796164,161.64324951171875,166.72034790199075,156.56615112144675,2.7191814381639796,19.067480778761812,0.0,0.0,0.0,0.0,0.0
2023-04-26 04:00:00,161.4214324951172,162.9197304634229,160.47515012420936,160.73143179947874,45498800,163.10014953613282,161.94438552856445,155.06535095214844,148.22385444641114,162.27653517489162,160.97646758472007,155.86704744470964,54.75538264235887,2.1843017223625054,2.722538473988704,-0.5382367516261986,1.0676919179016808,161.94438552856445,166.09120945773833,157.79756159939058,2.624129359328888,18.96105694586043,0.0,0.0,0.0,0.0,0.0
2023-04-27 04:00:00,166.0050811767578,166.15293313578908,162.8310621018307,162.8310621018307,64902300,163.3810791015625,162.32093200683593,155.36520721435548,148.33827323913573,162.95445262977637,161.45538316491414,156.26461739498603,64.08432539470661,2.333370281385413,2.6447048354680462,-0.3113345540826331,4.73259675071509,162.32093200683593,166.50844947322895,158.1334145404429,2.7536839106092947,20.23678772527394,0.0,0.0,0.0,0.0,0.0
2023-04-28 04:00:00,167.25692749023438,167.424513091262,165.4826438930684,166.08393356927388,55275900,163.82169494628906,162.68170547485352,155.64810821533203,148.46076637268067,163.73672078622326,162.007911195897,156.69568837911342,66.13787006768987,2.523433157120735,2.6204504997985842,-0.09701734267784934,5.983767916399163,162.68170547485352,167.26675181855097,158.09665913115606,2.5699171861825323,20.138423497338735,0.0,0.0,0.0,0.0,0.0
2023-05-01 04:00:00,167.16818237304688,168.01590182570695,166.23175176672046,166.86261170538234,52472900,164.25146484375,162.91285552978516,155.9611721801758,148.56819541931154,164.36062289291846,162.4993655937208,157.1063744180912,65.85042369259331,2.6365063620138756,2.6236616722416426,0.012844689772232964,2.4341295566356447,162.91285552978516,167.91598752818317,157.90972353138716,2.5671002225959945,19.524173193019163,0.0,0.0,0.0,0.0,0.0
2023-05-02 04:00:00,166.1331787109375,167.917343863649,165.14745908753102,167.6610471353951,48425700,164.45550842285155,163.0296630859375,156.27640533447266,148.66210914611815,164.6829057689219,162.84544303345572,157.46036674330088,62.44191096563758,2.6124864285622493,2.621426623505764,-0.008940194943514612,2.0155935936063463,163.0296630859375,168.2250994959109,157.8342266759641,2.604417736566881,19.559236261098214,0.0,0.0,0.0,0.0,0.0
2023-05-03 04:00:00,165.05877685546875,168.47922575134587,164.77292473257992,167.07950544573387,65136000,164.4377655029297,163.1193649291992,156.6503875732422,148.76585998535157,164.75124596647586,163.0562367307903,157.7583436104447,59.02635163582926,2.478188196748704,2.5927789381543525,-0.11459074140564862,1.3435789047656632,163.1193649291992,168.39324836209545,157.84548149630297,2.467821879913028,19.680114676405594,0.0,0.0,0.0,0.0,0.0
2023-05-04 04:00:00,163.42245483398438,164.65460440159984,161.96359395737636,162.53531316165655,81235400,164.35299072265624,163.21941604614258,156.9831655883789,148.84214805603028,164.50964757875013,163.0911146453802,157.98046561921097,54.166704142023676,2.2141945125968903,2.51706205304286,-0.30286754044596975,-0.4084812490852241,163.21941604614258,168.43325300324827,158.0055790890369,2.5128849859734532,19.575408520154234,0.0,0.0,0.0,0.0,0.0
2023-05-05 04:00:00,171.0913848876953,171.8109560965244,168.32149974515366,168.5383592942621,113453200,165.1957809448242,163.6585548400879,157.45966247558593,148.9467724609375,165.7063270894674,163.85304514464832,158.49461931601428,67.62126197918056,2.5938953681859687,2.5324287160714816,0.0614666521144871,3.543520498812436,163.6585548400879,169.9230062841064,157.3941033960694,3.0163079639227135,25.540648086740163,0.0,0.0,0.0,0.0,0.0
2023-05-08 04:00:00,171.0223846435547,171.36739258858663,169.65223472844943,170.0169462399646,55962800,166.00111389160156,164.22386627197267,157.9878109741211,149.0397184753418,166.67288300839235,164.5358393826394,158.9859042308198,67.42946639738412,2.8563174393492545,2.597206460727036,0.25911097862221855,4.110411930134572,164.22386627197267,171.00926641926435,157.43846612468099,2.985330785969087,24.607060490133186,0.0,0.0,0.0,0.0,0.0
2023-05-09 04:00:00,169.31707763671875,171.06179068201072,169.14950709207488,170.57879765359286,45326900,166.78968811035156,164.76453323364257,158.45799896240234,149.13031967163087,167.15364566808805,164.99119540683745,159.3910482859531,62.6964813991689,2.8933322644806196,2.656431621477753,0.23690064300286684,4.090404841733553,164.76453323364257,171.3511606097102,158.17790585757493,2.9374513305532446,24.763835781222983,0.0,0.0,0.0,0.0,0.0
2023-05-10 04:00:00,171.08154296875,171.5448325237521,169.44524432941884,170.54926084220077,53724500,167.75569915771484,165.42792434692382,158.97352996826172,149.23533622741698,167.86780881366295,165.571228507972,159.8494990578275,65.40246869118985,3.03011510536399,2.7311683182550004,0.2989467871089895,4.977931414168468,165.42792434692382,171.73350162227806,159.12234707156958,2.9339330805793105,24.704096612180276,0.0,0.0,0.0,0.0,0.0
2023-05-11 04:00:00,171.26881408691406,172.09681510347738,169.71137500858376,171.36739208260082,49514700,168.28207244873047,165.8315757751465,159.53420776367187,149.34791244506835,168.48617340879952,166.11385570596647,160.29731533347794,65.68696552569185,3.1176889290963743,2.8084724404232753,0.30921648867309903,6.093908973942597,165.8315757751465,172.5552387398105,159.10791281048247,2.95223949792994,22.03103498953558,0.0,0.0,0.0,0.0,0.0
2023-05-12 04:00:00,170.3409423828125,171.8116866019269,168.79121464447562,171.3773676163626,45533100,168.5904739379883,166.20608444213866,160.0644989013672,149.4303865814209,168.8234041313473,166.51643538947565,160.69118306090283,62.92598002306832,3.07675342509404,2.8621286373574284,0.21462478773661164,5.5256044688893,166.20608444213866,173.0637401869182,159.3484286973591,3.047588390322058,22.153800711708612,0.0,0.0,0.0,0.0,0.0
2023-05-15 04:00:00,169.84739685058594,170.97267098611968,169.25514096380277,170.9233138186056,37266700,168.8583953857422,166.5549301147461,160.48398132324218,149.50764541625978,169.00958462575431,166.8336698143433,161.0502502683414,61.44651014933537,2.970247578360812,2.883752425558105,0.08649515280270714,2.314577148236152,166.5549301147461,173.40796488864532,159.70189534084687,2.988614900310718,22.21974050136644,0.0,0.0,0.0,0.0,0.0
2023-05-16 04:00:00,169.84739685058594,170.9035679392614,169.58088019536424,169.768428394902,42110300,169.22981719970704,166.8426628112793,160.8482635498047,149.55958869934082,169.16191412117823,167.12069143684258,161.39523640882157,61.44651014933537,2.8529538513947443,2.877592710725433,-0.024638859330688767,1.548796452991641,166.8426628112793,173.74348771985606,159.94183790270253,2.9084797149309765,22.14124924387014,0.0,0.0,0.0,0.0,0.0
2023-05-17 04:00:00,170.45941162109375,170.69630196545663,168.21872838992437,169.4920742376562,57951600,169.76988067626954,167.10382308959962,161.26874938964843,149.6194982147217,169.39782275752648,167.43866478772364,161.75069426028324,62.70747216984422,2.777366453255098,2.8575474592313665,-0.08018100597626843,1.9688132043586437,167.10382308959962,174.1426275755977,160.06501860360154,2.7474849245638597,22.069482772765507,0.0,0.0,0.0,0.0,0.0
2023-05-18 04:00:00,172.78892517089844,172.97647339745131,170.35082834910114,170.76540150488879,65496700,170.70652770996094,167.5297592163086,161.71078857421875,149.69841461181642,170.014386832685,167.94821339564504,162.18356606069952,67.11615559867116,2.8723247982496787,2.860502927035029,0.011821871214649615,4.006271662051053,167.5297592163086,174.87106556693914,160.18845286567807,2.7963260567179,22.27664164934724,0.0,0.0,0.0,0.0,0.0
2023-05-19 04:00:00,172.8975067138672,174.11161490131875,172.68034719263906,174.11161490131875,55809500,170.88713989257812,168.04146041870118,162.1999478149414,149.7478483581543,170.5385904474454,168.41957466404716,162.60372059611785,67.31014390547665,2.9226510913654806,2.8729325599011193,0.04971853146436134,4.749053644849366,168.04146041870118,175.38126542483903,160.70165541256333,2.7711201745531286,21.809443286157666,0.0,0.0,0.0,0.0,0.0
2023-05-22 04:00:00,171.9499053955078,172.45332751081392,171.2095929310653,171.73274586766902,43570900,170.97989196777343,168.4905029296875,162.71135833740234,149.79411407470704,170.7951931652749,168.755796638472,162.97023764707433,63.77430065702488,2.8531818301897545,2.8689824139588467,-0.015800583769092214,5.218040917440758,168.4905029296875,175.6195298347679,161.3614760246071,2.693836532173409,22.02146289100437,0.0,0.0,0.0,0.0,0.0
2023-05-23 04:00:00,169.343994140625,171.140492823502,169.06761204505847,170.89372201948225,50747300,170.98258361816406,168.88613586425782,163.13181335449218,149.82848007202148,170.53133879715674,168.81181544820083,163.22018888211554,55.18851843271279,2.5583604932074024,2.806858029808558,-0.24849753660115548,-1.021320125626024,168.88613586425782,175.19695298150663,162.57531874700902,2.634978841579366,22.529811334464178,0.0,0.0,0.0,0.0,0.0
2023-05-24 04:00:00,169.62037658691406,170.19288666082696,168.317434571077,168.88006417332414,45143500,170.83646697998046,169.29608306884765,163.5160009765625,149.8665863800049,170.36570930438532,168.88882127093544,163.47117663524492,55.86714630437335,2.3202676124470827,2.709539946336263,-0.38927233388918037,-0.8197804395972508,169.29608306884765,174.54026057404303,164.05190556365227,2.5478552124120495,22.512395060490903,0.0,0.0,0.0,0.0,0.0
2023-05-25 04:00:00,170.7555389404297,171.65377326209193,169.47232768730396,170.18302884098296,56058300,170.78513946533204,169.53360595703126,163.91500610351562,149.910122756958,170.43658742002975,169.06660390612535,163.7568379021149,58.63777596242482,2.19784007181903,2.6071999714328165,-0.4093598996137864,0.849566578745975,169.53360595703126,174.57663375771273,164.49057815634978,2.104494091858332,20.432861054647137,0.0,0.0,0.0,0.0,0.0
2023-05-26 04:00:00,173.16400146484375,173.49962120538788,170.87397623432938,171.08127033696854,54835000,171.06744537353515,169.8289596557617,164.3057974243164,149.9444775390625,170.9324808827232,169.45683224505092,164.12574627712388,63.82663607543351,2.2690025126269973,2.5395604796716524,-0.2705579670446552,1.2172315376382414,169.8289596557617,175.00083593542146,164.65708337610195,2.177988692202689,20.819885567487432,0.0,0.0,0.0,0.0,0.0
2023-05-30 04:00:00,175.00985717773438,176.67803022234617,174.28929064745816,174.6742524991613,55964400,171.58369140625,170.2210433959961,164.75026306152344,149.9917463684082,171.6738220272707,169.98569176244933,164.55257415557918,67.2206311486089,2.446146732378054,2.520877730212933,-0.07473099783487891,2.1843107344235113,170.2210433959961,175.7220828268741,164.7200039651181,2.2923990613145873,21.030374325505946,0.0,0.0,0.0,0.0,0.0
2023-05-31 04:00:00,174.96051025390625,177.03339115324283,174.47683402760893,175.03947872320146,99625300,172.09500274658203,170.66240997314452,165.14642669677735,150.02103279113769,172.27140170484077,170.45948399973094,164.96072851237633,67.03953869815521,2.55312211595313,2.5273266073609726,0.02579550859215729,2.71195392397916,170.66240997314452,176.19884687978504,165.125973066504,2.3158849355003417,20.81456121662119,0.0,0.0,0.0,0.0,0.0
2023-06-01 04:00:00,177.76382446289062,177.79343575638538,174.64463768008144,175.40469602373648,68901800,172.82544403076173,171.29766235351562,165.56159423828126,150.05898071289062,173.2700240244862,171.15513547241284,165.46281070651415,71.70324111063215,2.8314655343887125,2.588154392766521,0.24331114162219158,4.660906059848968,171.29766235351562,177.03867100509314,165.5566537019381,2.370410505601078,21.034577957089276,0.0,0.0,0.0,0.0,0.0
2023-06-02 04:00:00,178.61270141601562,179.43198227661338,176.94452840385708,178.69166987914852,61996900,173.40782165527344,172.0571746826172,166.02232513427734,150.10195907592774,174.24141991385517,171.86537984799406,165.97849269512207,72.95131790050051,3.084990128746938,2.6875215399626047,0.3974685887843332,5.160694086551398,172.0571746826172,177.4180432307093,166.6963061345251,2.3323377852657217,20.40145243581028,0.0,0.0,0.0,0.0,0.0
2023-06-05 04:00:00,177.26039123535156,182.56102285189482,175.7402747725204,180.27099781019854,121946500,173.84411010742187,172.365625,166.4343246459961,150.1307081604004,174.79032379049087,172.37919045631384,166.42092008885658,67.81945367441938,3.1405873306697742,2.7781346981040387,0.36245263256573557,3.9897941390149683,172.365625,178.1829803523362,166.5482696476638,2.69685336076983,13.324921853791741,0.0,0.0,0.0,0.0,0.0
2023-06-06 04:00:00,176.8951873779297,177.79342164547316,175.13816542041533,177.64536518975015,64848400,174.33863830566406,172.65926513671874,166.81299652099608,150.1595964050293,175.1730262609343,172.80928540122963,166.83167566882022,66.45974947952627,3.1192231517475477,2.8463523888327407,0.27287076291480705,2.3764614560626063,172.65926513671874,178.7762967652382,166.5422335081993,2.7920368237098785,13.374250595463122,0.0,0.0,0.0,0.0,0.0
2023-06-07 04:00:00,175.5231475830078,178.86935913776645,175.02960596689772,176.135134367242,61944600,174.95655364990233,172.9695686340332,167.2030648803711,150.19454551696776,175.23668468312948,173.06774846616088,167.17251770467072,61.473286301653594,2.957487664373133,2.868579443940819,0.08890822043231372,1.5186111812970582,172.9695686340332,179.00179264403587,166.93734462403054,2.889335366233912,13.138398905111332,0.0,0.0,0.0,0.0,0.0
2023-06-08 04:00:00,178.2376251220703,178.50412674833163,175.1677956906412,175.60209965770608,50214900,175.81827850341796,173.3273727416992,167.65984313964844,150.26247291564943,175.78231021748235,173.56011767148559,167.60644348574522,66.78328932235829,3.0136077823454457,2.8975851116217446,0.1160226707237011,3.656716013945971,173.3273727416992,179.72587591479697,166.92886956860144,2.9400986526153576,13.686219861573939,0.0,0.0,0.0,0.0,0.0
2023-06-09 04:00:00,178.62255859375,179.87614324556046,178.29681937394096,179.15557682326966,48900000,176.60498046875,173.695059967041,168.06281127929688,150.33399543762206,176.29871901316739,174.04225490217743,168.0384479997846,67.46803176794492,3.0539403707216195,2.92885616344172,0.12508420727989966,5.479122244760548,173.695059967041,180.43170687818304,166.95841305589897,2.9549022536732474,13.681206360112357,0.0,0.0,0.0,0.0,0.0
2023-06-12 04:00:00,181.41603088378906,181.51474523727245,178.63246384356634,178.92859184232086,54274900,177.43018341064453,174.24881439208986,168.490302734375,150.41801155090332,177.2291393532804,174.74451928137853,168.56305909327497,71.98193405396087,3.2735783320938765,2.997800597172151,0.2757777349217254,6.954149338791771,174.24881439208986,181.6158371141349,166.8817916700448,3.0409217437247156,14.171486247397135,0.0,0.0,0.0,0.0,0.0
2023-06-13 04:00:00,180.9422149658203,181.7713612206094,180.08345742062403,180.4388079672042,54929100,178.02341918945314,174.80355529785157,168.85824340820312,150.48737632751465,177.90424401010583,175.3347760132301,169.04851618631596,70.20265001582261,3.370556338777277,3.0723517454931764,0.29820459328410065,5.965648955577585,174.80355529785157,182.44101489759453,167.16609569810862,2.9556082044058605,14.155560740960759,0.0,0.0,0.0,0.0,0.0
2023-06-14 04:00:00,181.57395935058594,182.00827838693002,179.66889592317074,181.00144926283193,57462900,178.68476409912108,175.38988342285157,169.21378204345703,150.5913916015625,178.57146498110222,175.92898395012114,169.53971003589518,71.22398645636714,3.4585209235529817,3.1495855811051374,0.30893534244784426,4.8566433061144165,175.38988342285157,183.22328692437065,167.55647992133248,2.9887460882636696,14.104825869562465,0.0,0.0,0.0,0.0,0.0
2023-06-15 04:00:00,183.60733032226562,184.11075236554325,181.40613912687283,181.58382192499832,65433200,179.26911468505858,176.04727935791016,169.62063385009765,150.7165788269043,179.48707686131374,176.66025503318252,170.0913814196744,74.27979111809303,3.650231933029147,3.2497148514899394,0.4005170815392076,4.912565088148102,176.04727935791016,184.33225615528298,167.76230256053734,3.0261152071124156,14.375760192178669,0.0,0.0,0.0,0.0,0.0
2023-06-16 04:00:00,182.5314178466797,184.57468723659963,181.88981981135748,184.31803597311566,101256200,179.660986328125,176.5344039916992,170.04283355712892,150.8485213470459,180.04059340410754,177.21941339637272,170.57922598543934,70.04145747140493,3.673007005842294,3.334373282360411,0.33863372348188303,4.32720936958082,176.5344039916992,185.1517104983253,167.91709748507313,3.0218855757041263,14.26174604373863,0.0,0.0,0.0,0.0,0.0
2023-06-20 04:00:00,182.62026977539062,183.69620198313194,182.02802885230534,182.02802885230534,49799100,180.1969741821289,177.0205421447754,170.44906677246092,150.98921104431153,180.50962547161356,177.7337806705649,171.0514237811237,70.19271655505139,3.6560809973071287,3.3987148253497548,0.2573661719573739,2.7319649130939094,177.0205421447754,185.8678967745472,168.17318751500358,2.8900387452272827,14.264674317135295,0.0,0.0,0.0,0.0,0.0
2023-06-21 04:00:00,181.58383178710938,183.015099412311,180.23151756348105,182.51167734169172,49515700,180.66583862304688,177.50223846435546,170.88642028808593,151.1210829925537,180.7049357107946,178.10045220547389,171.46445938920158,66.00625576305866,3.518476324918879,3.42266712526358,0.095809199655299,1.6634485383956843,177.50223846435546,186.2354916373158,168.76898529139513,2.9062547968841437,14.279780526278612,0.0,0.0,0.0,0.0,0.0
2023-06-22 04:00:00,184.5845489501953,184.63390612000734,181.29756025506936,181.3666633051449,51245300,181.5719787597656,178.26426620483397,171.40803649902344,151.27852127075195,181.41031993614016,178.7179852287807,171.978972705319,71.33653633368188,3.6099432490213132,3.4601223500151272,0.149820899006186,4.131863674564129,178.26426620483397,186.65310055076287,169.87543185890507,2.9196510675008613,13.407250682665525,0.0,0.0,0.0,0.0,0.0
2023-06-23 04:00:00,184.26869201660156,185.13733008755815,182.62026481317798,183.15329819733586,53117000,182.17508544921876,178.99668197631837,171.93713592529298,151.4406689453125,181.9300239507695,179.2466239704779,172.46092248223204,70.0906985687032,3.615269850136599,3.491151850039422,0.1241180000971771,4.168290131556085,178.99668197631837,186.74097994459862,171.25238400803812,2.921766167616852,13.548972997658188,0.0,0.0,0.0,0.0,0.0
2023-06-26 04:00:00,182.87689208984375,185.62098193195177,182.83740033087778,184.41673933227065,48088700,182.60051879882812,179.60274963378907,172.33075805664063,151.58883201599122,182.10218179423754,179.5923637913699,172.86939187860898,64.72652477078597,3.4672166819227357,3.486364816416085,-0.01914813449334929,4.189615220612564,179.60274963378907,186.4801795275281,172.72531974005005,2.6333971334525352,14.130393073940045,0.0,0.0,0.0,0.0,0.0
2023-06-27 04:00:00,185.63084411621094,185.9565833444032,183.27171612569057,183.48887561115208,50730800,183.02200012207032,180.22609176635743,172.78635955810546,151.7581342315674,182.74375676186907,180.16745715564048,173.36984098596594,69.6724155093359,3.5313966498765126,3.495371183108171,0.03602546676834173,4.147956408798192,180.22609176635743,186.903308111226,173.54887542148884,2.6637139212740806,14.229345427584782,0.0,0.0,0.0,0.0,0.0
2023-06-28 04:00:00,186.80548095703125,187.4470789620611,185.17679982937508,185.5025240055518,51216800,183.60832672119142,180.81587295532228,173.26505950927734,151.91901306152343,183.48225207008036,180.79964989863007,173.8967288279685,71.50751068320726,3.6351394878558665,3.5233248440577105,0.11181464379815598,4.5811248185578135,180.81587295532228,187.63538378626703,173.99636212437753,2.5516086328324588,14.022654467466644,0.0,0.0,0.0,0.0,0.0
2023-06-29 04:00:00,187.14111328125,187.6149240946042,186.49951518133068,186.63770623646846,46347300,184.1650421142578,181.42490310668944,173.7260269165039,152.0517977142334,184.1474995630203,181.40359879221293,174.4161164535874,72.02832638588959,3.701767486633713,3.5590133725729114,0.14275411406080174,3.155775357651991,181.42490310668944,188.2182008282233,174.63160538515558,2.39297133680268,13.971480891077235,0.0,0.0,0.0,0.0,0.0
2023-06-30 04:00:00,191.4645233154297,191.96793030893548,188.7895213028153,189.15475231695294,85213200,184.9507614135742,182.1099380493164,174.25059326171876,152.25331436157228,185.47786751800382,182.36178208013834,175.08468142856162,77.68642135591314,4.05667093584853,3.6585448852280353,0.39812605062049444,5.815286582844714,182.1099380493164,190.02012157012174,174.19975452851108,2.6207069728166323,15.006981255647176,0.0,0.0,0.0,0.0,0.0
2023-07-03 04:00:00,189.9740447998047,191.37570117698604,189.28307449044232,191.27698682945007,31458200,185.6950241088867,182.67800521850586,174.76467010498047,152.44015647888185,186.29535429651307,183.08675948201133,175.66857803135548,72.25976520503279,4.169600754518569,3.7607560590861424,0.40884469543242696,4.626261100029061,182.67800521850586,191.1430636859316,174.21294675108012,2.5699399857784124,15.54696733984844,0.0,0.0,0.0,0.0,0.0
2023-07-05 04:00:00,188.858642578125,190.48732393792235,188.15780683402295,189.09554798353173,46920300,186.31886138916016,183.25791778564454,175.28857330322265,152.63586585998536,186.76140671135158,183.63646263402217,176.18583546456213,68.40863181775065,4.121583759957758,3.832921599260466,0.28866216069729234,2.8600776704515773,183.25791778564454,191.74934424519876,174.76649132609032,2.6157695074865575,15.402775548529924,0.0,0.0,0.0,0.0,0.0
2023-07-06 04:00:00,189.33242797851562,189.53972207962792,186.756140199604,187.3878728511301,45094300,187.09372100830078,183.87977981567383,175.81584075927734,152.8421487426758,187.22886512356322,184.1789355239739,176.70138811216813,69.1604873056234,4.074788838780819,3.8812950471645364,0.19349379161628244,3.725939464048089,183.87977981567383,192.22971361830798,175.52984601303967,2.6474980372197456,15.279992755688948,0.0,0.0,0.0,0.0,0.0
2023-07-07 04:00:00,188.21701049804688,190.1813114167851,187.7827065576724,188.9375920522482,46815000,187.45696716308595,184.51447296142578,176.35155426025392,153.02428344726562,187.40852791892388,184.56351409293325,177.15298114690847,65.2248122651981,3.90271063897481,3.8855781655265913,0.017132473448218555,3.064687577967007,184.51447296142578,192.08308103549425,176.94586488735732,2.6256402958227647,15.112058620308858,0.0,0.0,0.0,0.0,0.0
2023-07-10 04:00:00,186.17376708984375,187.5359467558433,184.62403920180722,186.8153651594175,59922200,187.64747467041016,184.91128005981446,176.84660095214844,153.18431282043457,187.1840259500002,184.71687152121044,177.50673745839612,58.64164791437833,3.560422425492618,3.8205470175197966,-0.26012459202717864,2.527722461609727,184.91128005981446,191.9045626199665,177.91799749966242,2.690504858036872,15.244864224734073,0.0,0.0,0.0,0.0,0.0
2023-07-11 04:00:00,185.65061950683594,186.85486227702734,184.18974051380027,186.71667122446578,46638100,187.9248474121094,185.26268310546874,177.23951171875,153.35734954833984,186.9052247785158,184.8057999007938,177.82610538186435,57.05384861752472,3.2099407140003677,3.698425756815911,-0.4884850428155434,0.5775513512392028,185.26268310546874,191.6010778502698,178.92428836066767,2.761715474636905,15.349353342309529,0.0,0.0,0.0,0.0,0.0
2023-07-12 04:00:00,187.31878662109375,189.22385000348103,186.03557542450565,187.22993768452707,60750200,188.09364166259766,185.55782089233398,177.64074890136717,153.54354179382324,186.98041784080266,185.0451319693938,178.1983673912459,60.70728456604116,3.0318394196494864,3.5651084893826264,-0.5332690697331399,1.6552429884385322,185.55782089233398,191.6883507021349,179.42729108253306,2.818118949480844,14.733150499936007,0.0,0.0,0.0,0.0,0.0
2023-07-13 04:00:00,188.07884216308594,188.72045533421505,187.32866429002723,188.03936545890204,41342300,188.22097778320312,185.91465225219727,178.05896209716798,153.74488311767578,187.18013135394506,185.33405674974543,178.58583699014162,62.28170166030983,2.918381703269688,3.435763132160039,-0.5173814288903511,2.844509229020886,185.91465225219727,191.7370461819563,180.09225832243825,2.6799277243510806,14.667759228118701,0.0,0.0,0.0,0.0,0.0
2023-07-14 04:00:00,188.22689819335938,188.71055932283986,187.18059240914323,187.77283329330808,41616200,188.32955627441407,186.24729919433594,178.5008364868164,153.94529441833495,187.37045259747492,185.60956545866102,178.96391782164034,62.59610707198391,2.808043156346997,3.3102191369974308,-0.5021759806504336,1.3985036212641688,186.24729919433594,191.77841832088154,180.71618006779033,2.60942069858797,14.662120466824524,0.0,0.0,0.0,0.0,0.0
2023-07-17 04:00:00,191.48428344726562,191.81002272437502,189.33243414864154,189.42126802557274,50520200,188.33153228759767,186.64114685058593,179.02934661865234,154.15712882995606,188.1184218428914,186.1690624099567,179.45491255205704,68.76499890755117,2.9494434813619534,3.2380640058703354,-0.28862052450838194,2.5046387644860335,186.64114685058593,192.49322382161336,180.7890698795585,2.6665309078695167,15.324356058591079,0.0,0.0,0.0,0.0,0.0
2023-07-18 04:00:00,191.2276153564453,191.81987127398517,189.93453883356673,190.85253399958415,48288200,188.4568893432617,187.07595672607422,179.58544982910155,154.37711265563965,188.68372975444663,186.65082935724132,179.91658717183697,67.81590464634316,3.0061403728453797,3.191679279265345,-0.18553890641996507,2.18364741106023,187.07595672607422,192.93458871061205,181.2173247415364,2.5812195640023003,15.093413533087066,0.0,0.0,0.0,0.0,0.0
2023-07-19 04:00:00,192.57994079589844,195.66950100927124,190.16157487576123,190.6057743707706,80507300,188.82901916503906,187.5739402770996,180.01522094726562,154.64001747131348,189.3921317619833,187.21550663711344,180.41318927474134,70.15330035939158,3.1241808172079573,3.1781795868538674,-0.053998769645910105,0.5825713616047556,187.5739402770996,193.53023537362486,181.61764518057436,2.8124800640611562,15.165123083869195,0.0,0.0,0.0,0.0,0.0
2023-07-20 04:00:00,190.6353759765625,193.93223012421538,190.01350876450033,192.57005054034346,59581200,188.95931396484374,188.02651748657226,180.40748077392578,154.9142266845703,189.61817616463406,187.54120847896573,180.81405934147944,63.061138569684665,3.0259374667505767,3.1477311628332094,-0.12179369608263269,0.3481165953247656,188.02651748657226,193.41485498576316,182.63817998738136,3.012716667378409,15.565066235431877,0.0,0.0,0.0,0.0,0.0
2023-07-21 04:00:00,189.46075439453125,192.45161532627134,188.75991868585442,191.59285775033445,71951700,189.08368835449218,188.27032775878905,180.81035430908204,155.16168289184571,189.58955402461538,187.72402237568625,181.15314542199127,59.16986856038723,2.8207805563811803,3.0823410415428034,-0.2615604851616231,0.3188161305126336,188.27032775878905,193.43973938978291,183.1009161277952,2.9316366397163693,14.919862528244266,0.0,0.0,0.0,0.0,0.0
2023-07-24 04:00:00,190.26028442382812,192.3923877240068,189.76674282999198,190.9117629424984,45377800,189.49234008789062,188.56990737915038,181.1939291381836,155.39520446777342,189.71150500629042,187.96557114217595,181.51028812794567,60.936796750498765,2.6916796112051316,3.004208755475269,-0.31252914427013767,0.4900673673385647,188.56990737915038,193.44919246132704,183.69062229697371,2.9852212471798105,14.907195978759397,0.0,0.0,0.0,0.0,0.0
2023-07-25 04:00:00,191.1190643310547,191.9284798692301,190.42810903120733,190.83281680029503,37283200,190.0391845703125,188.98201599121094,181.59093414306642,155.63154609680177,189.9674248835203,188.26590382683105,181.8871028810088,62.79898952194538,2.628364394778089,2.9290398833358333,-0.3006754885577445,1.5418658628827409,188.98201599121094,193.18167429199636,184.78235769042553,2.9379839858585655,14.530519381077687,0.0,0.0,0.0,0.0,0.0
2023-07-26 04:00:00,191.98768615722656,193.11296042478057,190.8229351880455,191.1684052777898,47471900,190.50607452392578,189.29985809326172,182.02386901855468,155.87699645996094,190.33474511510326,188.62035928686873,182.2832041859585,64.63535706082587,2.6180973549953706,2.8668513776677407,-0.24875402267237012,3.1228454783198023,189.29985809326172,193.39245976046308,185.20725642606035,2.9027299399093613,13.759711851414815,0.0,0.0,0.0,0.0,0.0
2023-07-27 04:00:00,190.7242431640625,194.65283061947835,190.06289913711862,193.48807951397325,47460200,190.77061462402344,189.49579620361328,182.44140594482423,156.14236450195312,190.40556294218675,188.8207291799348,182.61422532235474,59.996208571402555,2.479430035426077,2.789367109219408,-0.30993707379333113,2.7328880833816793,189.49579620361328,193.4587487339931,185.53284367323346,3.059253270141294,13.948085522143169,0.0,0.0,0.0,0.0,0.0
2023-07-28 04:00:00,193.30050659179688,194.09017617119656,191.63233355900982,192.15548645475204,48291400,191.2779754638672,189.80376586914062,182.91046813964843,156.41899269104005,190.93191633302493,189.2473746477312,183.03329517605835,65.44281267591323,2.5480458273158604,2.741102852838699,-0.19305702552283854,3.1933369196987638,189.80376586914062,193.94935575862655,185.6581759796547,3.043036249490894,14.631192897094092,0.0,0.0,0.0,0.0,0.0
2023-07-31 04:00:00,193.91246032714844,193.95195208332268,192.73782909888124,193.5274985437551,38824100,191.52079315185546,189.92616271972656,183.37952911376954,156.70575523376465,191.47383342286554,189.69166852196142,183.45992910355207,66.6058872685743,2.6215839015331426,2.7171990625775875,-0.0956151610444449,3.1016876204523314,189.92616271972656,194.40903618376558,185.44328925568755,2.9393934795776357,12.278392600550458,0.0,0.0,0.0,0.0,0.0
2023-08-01 04:00:00,193.08334350585938,194.1888718595327,192.75760424557473,193.7052107356477,35175100,191.70636596679688,190.0816276550293,183.78541748046874,156.99151641845702,191.76647161977348,190.01468518709456,183.83731790364254,63.48812154136317,2.583183228620072,2.6903958957860845,-0.1072126671660123,2.5801016534369836,190.0816276550293,194.78188172990514,185.38137358015348,2.78639613081427,12.018597765941456,0.0,0.0,0.0,0.0,0.0
2023-08-02 04:00:00,190.09249877929688,192.6589062555568,189.37193220630533,192.52071519961737,50389300,191.4576217651367,190.1433204650879,184.12931732177734,157.23947807312013,191.46211292150502,190.02209600539953,184.08261911445254,53.71964537021851,2.285073341698933,2.6093313849686544,-0.3242580432697215,-0.7268401577991912,190.1433204650879,194.80824333073534,185.47839759944046,2.9513777441308946,13.161515449285202,0.0,0.0,0.0,0.0,0.0
2023-08-03 04:00:00,188.70068359375,189.8851803589987,188.22688789998924,189.09552588996192,61235200,191.26415252685547,190.11173324584962,184.46433288574218,157.50312942504883,190.9600348619132,189.89624720429006,184.26371968226815,49.87390381901574,1.9144427506293766,2.470353658100799,-0.5559109074714224,-1.321426174763074,190.11173324584962,194.80822353330944,185.4152429583898,2.9753523131031097,13.408741890806697,0.0,0.0,0.0,0.0,0.0
2023-08-04 04:00:00,179.63926696777344,184.9596445164711,179.57016391801557,183.12366926443607,115956800,190.2820037841797,189.68284606933594,184.67023834228516,157.70167457580567,188.90171342661503,188.9193919436694,184.08236859542524,33.20646641184811,0.8793975965724314,2.1521624457951254,-1.272764849222694,-6.719637452708471,189.68284606933594,196.28706388105243,183.07862825761944,3.3715948234401663,21.62800531935757,0.0,0.0,0.0,0.0,0.0
2023-08-07 04:00:00,176.5398406982422,180.7645556934903,175.0592158617292,179.77747246914834,97576100,188.9099594116211,189.20114974975587,184.80862762451173,157.87813941955565,186.6541002032745,187.74038706315253,183.78658318769257,29.566739509843487,-0.1888045210880307,1.6839690524184943,-1.872773573506525,-7.393976698245808,189.20114974975587,197.94256802937122,180.45973147014053,3.644452494250357,22.08054643385175,0.0,0.0,0.0,0.0,0.0
2023-08-08 04:00:00,177.47756958007812,177.94149990785485,175.2862435821482,177.3689898212007,67823000,187.54580993652343,188.79249725341796,184.9430682373047,158.0587523651123,184.98564008996607,186.7629758742883,183.53917088935475,31.995390734176894,-0.9487588104922224,1.157423479836351,-2.106182290328573,-6.324890266983452,188.79249725341796,198.89153315367653,178.6934613531594,3.4406903651215464,22.255836277395353,0.0,0.0,0.0,0.0,0.0
2023-08-09 04:00:00,175.8883514404297,178.59294967088076,174.72358547458126,178.53372709089916,60378500,185.93587646484374,188.22097549438476,184.9975552368164,158.23372840881348,183.33158760823218,185.72729735677797,183.2391387541028,30.101042575625414,-1.6601277627838158,0.5939132313123177,-2.2540409940961332,-7.553827130513058,188.22097549438476,199.84913924279232,176.5928117459772,3.437164853449007,21.974212191037672,0.0,0.0,0.0,0.0,0.0
2023-08-10 04:00:00,175.6712188720703,178.41530928434332,175.30600286506225,177.1617092563292,54686900,184.43057403564453,187.600594329834,185.01078247070313,158.38855651855468,181.93879329256637,184.76957559632962,182.9423575822584,29.841078678464555,-2.215870391681534,0.03195650671354733,-2.2478268983950813,-8.082838576598384,187.600594329834,200.51363259083476,174.68755606883323,3.395565551939303,21.82696897975549,0.0,0.0,0.0,0.0,0.0
2023-08-11 04:00:00,175.73049926757812,176.5508864753638,174.5048729038775,175.2659575562626,52036700,182.67357330322267,186.97577438354492,185.02618225097658,158.53297080993653,180.8100125607503,183.90871118406756,182.6595396091337,30.018777208008245,-2.6213002785930257,-0.4986948503477673,-2.1226054282452584,-8.467827919096205,186.97577438354492,200.92866540500668,173.02288336208315,3.332306997797214,21.816339029776376,0.0,0.0,0.0,0.0,0.0
2023-08-14 04:00:00,177.38116455078125,177.60849603671858,175.2560608313475,175.90841909398483,43675600,181.02044372558595,186.2706184387207,185.01852905273438,158.67144004821776,180.18658564984682,183.28704007613553,182.45254450880617,34.95872738909725,-2.7773954063896156,-0.9544349615561369,-1.8229604448334786,-6.996005537588335,186.2706184387207,200.68209071863237,171.85914615880904,3.381181266366436,20.988411318797255,0.0,0.0,0.0,0.0,0.0
2023-08-15 04:00:00,175.39442443847656,177.40090780634856,174.99906405268155,176.80786722765603,43622600,179.25155181884764,185.47895889282228,184.9541635131836,158.81466522216797,179.31528361141585,182.53536239635847,182.17575548644032,32.028233903511094,-3.0265273199595413,-1.368853433236818,-1.6576738867227232,-9.263339485774635,185.47895889282228,200.47169617887639,170.48622160676817,3.389168303290146,21.130658761550585,0.0,0.0,0.0,0.0,0.0
2023-08-16 04:00:00,174.52464294433594,176.47180884084688,174.45544657600635,175.07815356283987,46964900,177.69476623535155,184.57619400024413,184.89944854736328,158.97589546203614,178.44425803558312,181.77243673426108,181.87571185733822,30.810539702308617,-3.2566100800388256,-1.7464047625972197,-1.510205317441606,-9.998231856840679,184.57619400024413,199.93840819575814,169.21397980473012,3.205341930610203,20.70474220574644,0.0,0.0,0.0,0.0,0.0
2023-08-17 04:00:00,171.98440551757812,175.4537406821077,171.47042491030345,175.08803154260252,66062900,176.02313842773438,183.6436454772949,184.80123291015624,159.07067687988283,177.26973939594583,180.84024328505316,181.48781749107312,27.51976061454569,-3.6024020078190517,-2.117604211641586,-1.4847977961774657,-10.927373436352871,183.6436454772949,199.70559944320303,167.5816915113868,3.2494406995152167,20.914622468756026,0.0,0.0,0.0,0.0,0.0
2023-08-18 04:00:00,172.46873474121094,173.07166917955516,169.96804315644715,170.30410101859755,61172200,175.30608520507812,182.7940444946289,184.7401446533203,159.17967094421385,176.3968294587213,180.0429567570682,181.1341279714707,29.075184224033165,-3.7936326455585743,-2.4528098984249835,-1.3408227471335907,-9.271151755729012,182.7940444946289,199.35041500919164,166.23767398006618,3.3844052022771143,21.093392897308764,0.0,0.0,0.0,0.0,0.0
2023-08-21 04:00:00,173.8031005859375,174.08974972921308,171.7274356199635,173.04203097276417,46311900,175.03241119384765,181.97118530273437,184.65145416259764,159.30855285644532,175.9252423909424,179.44868474077003,180.8466367014498,33.320778731126666,-3.793779799814388,-2.7210038787028643,-1.0727759211115235,-7.894821960414944,181.97118530273437,198.6008294779238,165.34154112754493,3.450908523369372,21.32414808999223,0.0,0.0,0.0,0.0,0.0
2023-08-22 04:00:00,175.17698669433594,175.62177093693052,174.2083431088137,175.00895776189057,42038900,174.80235290527344,181.17408142089843,184.58254272460937,159.47191482543946,175.78919590065033,179.04185635539537,180.62429748548453,37.4710988152679,-3.641063381540704,-2.9050157792704323,-0.7360476022702716,-2.4840227578071916,181.17408142089843,197.48267787968302,164.86548496211384,3.315712741329299,21.545528956324343,0.0,0.0,0.0,0.0,0.0
2023-08-23 04:00:00,179.02191162109375,179.44693836874362,176.26423745502308,176.45203891919172,52722800,175.11570892333984,180.5257926940918,184.53466033935547,159.68471603393556,176.3769623952764,179.03995685689046,180.56145882413588,47.348135050649944,-3.173202508319463,-2.9586531250802386,-0.21454938323922423,1.4059551164397721,180.5257926940918,196.0357299816307,165.01585540655287,3.48745136955073,23.302501223981402,0.0,0.0,0.0,0.0,0.0
2023-08-24 04:00:00,174.3368377685547,179.0021629998802,173.97111355320405,178.57713623123834,54945800,174.98227081298828,179.7064224243164,184.40255279541014,159.87542037963868,176.00603064496335,178.59204075323944,180.3173560376425,39.21882499319463,-3.1442210772709416,-2.9957667155183794,-0.14845436175256221,-1.7696500008167693,179.7064224243164,194.66966618292744,164.74317866570536,3.1960426832761066,24.656844768563385,0.0,0.0,0.0,0.0,0.0
2023-08-25 04:00:00,176.54098510742188,177.0747231196245,173.78331106065053,175.3252376314931,51449600,175.06331939697264,178.86844635009766,184.3018933105469,160.07448829650878,176.10329509268306,178.39670212030444,180.16926305998678,44.08294174092041,-2.909853831300296,-2.978584138674763,0.06873030737446673,0.3710499653032606,178.86844635009766,192.43850196018073,165.29839074001458,3.0236192709341685,24.57548132135856,0.0,0.0,0.0,0.0,0.0
2023-08-28 04:00:00,178.10267639160156,178.49803674755327,176.4816748009503,178.00382876159824,43820700,175.13547058105468,178.0779571533203,184.1918002319336,160.27851028442382,176.4668189652137,178.36869966995178,180.08822044554032,47.300878620542385,-2.568492680519199,-2.89656584704365,0.32807316652445095,1.3840955480031836,178.0779571533203,189.65344875521924,166.50246555142138,2.9779839581410488,24.88840883732116,0.0,0.0,0.0,0.0,0.0
2023-08-29 04:00:00,181.9871826171875,182.7581460326424,177.4207046822572,177.61838490226515,53003900,175.79474639892578,177.5231491088867,184.18091552734376,160.52473945617675,177.47052144739075,178.71331709349806,180.1626895503108,54.33966265138776,-1.961898773102405,-2.7096324322554013,0.7477336591529964,3.560385576599634,177.5231491088867,186.93116598685648,168.11513223091694,3.0828466120043134,26.535460764798767,0.0,0.0,0.0,0.0,0.0
2023-08-30 04:00:00,185.47628784179688,185.67398314097,182.6000082560471,182.7976884731864,60813900,176.88991088867186,177.2923385620117,184.23803588867187,160.72936111450196,178.92611533728277,179.357409545717,180.3710659538985,59.56393788645011,-1.185956135150633,-2.4048971728344477,1.2189410376838148,4.563688208675698,177.2923385620117,185.55926196203347,169.02541516198994,3.1240961908972724,27.18502534460746,0.0,0.0,0.0,0.0,0.0
2023-08-31 04:00:00,185.6937255859375,186.9292456956689,185.30824391498263,185.66407430986655,60794500,178.2608428955078,177.1419906616211,184.32023376464844,160.9211432647705,180.15658992794727,179.96086821621418,180.57979770417452,59.872071603701315,-0.547163238246668,-2.0333503859168918,1.4861871476702238,5.872080130502466,177.1419906616211,184.605663873614,169.6783174496282,3.0937382058401277,27.09371532900786,0.0,0.0,0.0,0.0,0.0
2023-09-01 04:00:00,187.2653350830078,187.7199980774023,186.09899615427736,187.29498636168424,45766500,179.7405029296875,177.5232940673828,184.37384948730468,161.12777145385743,181.44908904704917,180.65653172733738,180.84197564059937,62.11898517585102,0.08492156380327742,-1.609695995972858,1.6946175597761355,7.300225299836582,177.5232940673828,186.20410596493304,168.84248216983258,3.0704408691325358,20.651963233577,0.0,0.0,0.0,0.0,0.0
2023-09-05 04:00:00,187.50254821777344,187.7793035443977,185.43676200045883,186.09899903788357,45280000,181.1104476928711,178.07142944335936,184.43852661132811,161.3269246673584,182.54971798718086,181.30853329785512,181.10317456519445,62.46065380383924,0.5980999173131067,-1.1681368133156653,1.766236730628772,9.022994063615396,178.07142944335936,187.81068951753397,168.33216936918475,3.066204997009097,19.347877061023592,0.0,0.0,0.0,0.0,0.0
2023-09-06 04:00:00,180.79119873046875,186.66239298088038,179.3678770840619,186.21759365485326,81755800,181.67186889648437,178.23711090087892,184.39681274414062,161.49867248535156,182.2299872132332,181.25926333905642,181.09094021873463,48.99588475854221,0.4579684697388302,-0.8429157567047663,1.3008842264435965,4.825491415441552,178.23711090087892,188.04632360381686,168.42789819794098,3.503227059071313,23.727222738853236,0.0,0.0,0.0,0.0,0.0
2023-09-07 04:00:00,175.50318908691406,176.14566870650594,171.5297514902668,173.15075355684382,112488800,181.31999664306642,178.2178527832031,184.1942596435547,161.634482421875,181.00693300844787,180.71106579123335,180.87181272336915,41.419466376977766,-0.07887566696032877,-0.6901077387558787,0.61123207179555,0.9781692589171831,178.2178527832031,188.0479713323027,168.38773423410353,3.880236449671149,25.858088225680696,0.0,0.0,0.0,0.0,0.0
2023-09-08 04:00:00,176.115966796875,178.15211655476327,175.7304851357375,176.2840107997074,65551300,181.49790954589844,178.24009017944337,183.98046936035155,161.77055137634278,180.11766642452554,180.27343731558017,180.68530896154584,42.52851896035763,-0.44969862720398623,-0.6420259164455002,0.192327289241514,0.536017955473489,178.24009017944337,188.04793919692105,168.4322411619657,3.8477579814383773,25.88214587454568,0.0,0.0,0.0,0.0,0.0
2023-09-11 04:00:00,177.28231811523438,178.21143169284028,175.28571330476424,177.98410020535158,58953100,181.5720428466797,178.31768112182618,183.78329345703125,161.92859313964843,179.60214855010895,179.98856882030915,180.55185834012187,44.67549624784611,-0.6420623954208793,-0.6420332122405761,-2.9183180303204992e-05,-0.9717209977856189,178.31768112182618,188.06631028166242,168.56905196198994,3.8880011442116955,25.980808760345404,0.0,0.0,0.0,0.0,0.0
2023-09-12 04:00:00,174.25775146484375,178.04338672084478,172.79489994360574,177.4108010563609,90370200,181.18755035400392,178.1615104675293,183.43915802001953,162.06083343505858,178.63043998915163,179.4427766912172,180.30503061952274,40.45498058647307,-1.0267337711727293,-0.7189733240270068,-0.3077604471457226,-0.04536408066316833,178.1615104675293,188.07203745890865,168.25098347614994,4.132988031800697,26.481129761992943,0.0,0.0,0.0,0.0,0.0
2023-09-13 04:00:00,172.19195556640625,175.2461573436229,171.96460903055169,174.46530026870357,84267900,180.2080276489258,178.0013870239258,183.08351623535157,162.17836471557618,177.45980645774335,178.75222229837806,179.98687081351818,37.826520083897826,-1.4812066441166394,-0.8714199880449333,-0.6097866560717061,-2.4634673576616306,178.0013870239258,188.19946857936495,167.80330546848663,4.062387791705236,26.516363494926466,0.0,0.0,0.0,0.0,0.0
2023-09-14 04:00:00,173.70423889160156,174.06006926639952,171.56925664281374,171.98438956640607,60895800,179.03082275390625,177.96036682128906,182.7804281616211,162.31802406311036,176.7769759911721,178.27146197392318,179.7404930910901,40.85601665467176,-1.699757300463176,-1.0370874505285819,-0.6626698499345942,-2.4696077504916203,177.96036682128906,188.2237221743455,167.6970114682326,3.8795316885406703,26.677781810186847,0.0,0.0,0.0,0.0,0.0
2023-09-15 04:00:00,172.9827117919922,174.45545734300367,171.80650919609533,174.43568479625586,109259500,177.7597213745117,178.01028213500976,182.45343383789063,162.47321868896483,176.0871097731394,177.76777148040594,179.47548205975292,39.85811843088697,-1.9091737109546898,-1.2115047026138035,-0.6976690083408863,-4.947859896340246,178.01028213500976,188.16034881932418,167.86021545069534,3.8336414091074107,26.181163010738494,0.0,0.0,0.0,0.0,0.0
2023-09-18 04:00:00,175.90843200683594,177.3021024660386,174.12927983360214,174.4356864419302,67257600,176.62403106689453,178.18226699829103,182.20726226806642,162.65805130004884,176.05462290653873,177.59069153054213,179.33559774395226,45.654520239412534,-1.8180986455008963,-1.3328234911912222,-0.48527515430967405,-5.158533172241353,178.18226699829103,188.04960552534735,168.3149284712347,3.998143461067656,26.82265269409268,0.0,0.0,0.0,0.0,0.0
2023-09-19 04:00:00,176.99569702148438,177.54920768301113,175.07816717117066,175.4636488877364,51826900,175.57334594726564,178.34189682006837,182.02370086669922,162.8145615386963,176.2257272910743,177.53402538682232,179.24383693130648,47.67286671095713,-1.6392910728742152,-1.3941170075278209,-0.2451740653463943,-4.684072408481976,178.34189682006837,188.01227450690178,168.67151913323497,3.793400544028746,26.77742647602089,0.0,0.0,0.0,0.0,0.0
2023-09-20 04:00:00,173.45713806152344,177.61836118650515,173.36816915467014,177.18345571133617,58436200,174.8399398803711,178.25590438842772,181.77983123779296,162.95200103759765,175.72234743115595,177.1457504034605,179.016907563864,42.18206416317789,-1.7627964977035049,-1.4678529055629577,-0.2949435921405472,-7.3736001462116345,178.25590438842772,188.07423622163117,168.43757255522428,3.833642794603926,27.64670841899281,0.0,0.0,0.0,0.0,0.0
2023-09-21 04:00:00,171.91517639160156,174.257732414101,171.8459951187846,172.5280045272833,63149100,174.48113861083985,177.90056762695312,181.4717590332031,163.08419136047362,175.0301345148733,176.6476004975692,178.73840830220666,40.019032066496735,-1.9624766475469642,-1.566777653959759,-0.39569899358720506,-8.313151994109457,177.90056762695312,188.10883125687974,167.6923039970265,3.8901239027917933,26.490993528462127,0.0,0.0,0.0,0.0,0.0
2023-09-22 04:00:00,172.7652587890625,175.02874030453424,172.03384046276338,172.64665367280514,56725400,174.14606781005858,177.8219886779785,181.16548736572267,163.2264389038086,174.61833892836225,176.2778536681876,178.50416714482847,41.79116450593923,-2.0287439623271837,-1.6591709156332441,-0.36957304669393953,-4.43934217913543,177.8219886779785,188.1690076073059,167.47496974865112,3.967787575753785,24.967106954424167,0.0,0.0,0.0,0.0,0.0
2023-09-25 04:00:00,174.04031372070312,174.92000347180993,172.13266274999066,172.1820865728236,46172700,173.82186737060547,177.69695510864258,180.88175567626953,163.39336807250976,174.5132434360606,176.06475462557,178.3291140693726,44.44257732409476,-1.9558294256585498,-1.7185026176383054,-0.23732680802024442,-0.8335320707400284,177.69695510864258,188.1688345549333,167.22507566235186,3.9995589456023857,24.672449639034713,0.0,0.0,0.0,0.0,0.0
2023-09-26 04:00:00,169.9680633544922,173.17052232124786,169.6715354659317,172.79493440563715,64588900,173.3928985595703,177.29022445678712,180.45143127441406,163.54963066101075,173.6868470575936,175.48411736165784,178.00122972761258,38.42295239264354,-2.201265878557109,-1.8150552698220663,-0.38621060873504276,-3.490826842221273,177.29022445678712,188.31315550675436,166.26729340681987,3.730566597106663,25.67022263381784,0.0,0.0,0.0,0.0,0.0
2023-09-27 04:00:00,168.45571899414062,171.03548516375096,167.0917152723218,170.62035228476,66921800,173.01927490234374,176.61365127563477,179.99599334716797,163.68991653442382,172.7357328642385,174.81474608856095,177.62689597335878,36.448482350194,-2.4891165997044595,-1.949867535798545,-0.5392490639059144,-4.9788378304916,176.61365127563477,188.0750816800593,165.15222087121023,3.3507325007657482,24.127087372166518,0.0,0.0,0.0,0.0,0.0
2023-09-28 04:00:00,168.71278381347656,170.03725806054325,165.67833847638363,167.37841575072204,56294400,172.52012939453124,175.77547607421874,179.51865020751953,163.83389900207519,172.0042875822818,174.23360682426718,177.27732294748105,37.040720261323756,-2.665768072568568,-2.0930476431525498,-0.5727204294160182,-3.1820493520403725,175.77547607421874,186.9563569757146,164.59459517272288,3.472874794787921,22.673294374906266,0.0,0.0,0.0,0.0,0.0
2023-09-29 04:00:00,169.2267303466797,171.06518493104676,168.36679806748614,170.02734498983367,51861100,172.14453125,174.95212631225587,179.09047729492187,163.96898483276368,171.49927717580866,173.7567614454493,176.96161343372415,38.2791242355714,-2.7327925164935607,-2.2209966178207523,-0.5117958986728084,-1.7220463116135676,174.95212631225587,185.4629103968905,164.44134222762125,3.456636828751105,22.74650944414391,0.0,0.0,0.0,0.0,0.0
2023-10-02 04:00:00,171.7373046875,172.28093658205415,168.9499639274405,169.23661305458424,52164500,171.7274185180664,174.17572479248048,178.73600830078124,164.11180114746094,171.54255490520708,173.5644322304065,176.75673858093103,44.06689525974979,-2.5538878739591553,-2.287574869048433,-0.2663130049107223,-1.1323466926613124,174.17572479248048,183.01853628037136,165.3329133045896,3.319671534277863,23.334277288463937,0.0,0.0,0.0,0.0,0.0
2023-10-03 04:00:00,170.40293884277344,171.61870157072957,168.84125459232132,170.26456118455488,49594600,171.06814270019532,173.32074432373048,178.33886138916014,164.25906723022462,171.3353519847646,173.2633376220605,176.5075699637484,41.82212513795538,-2.491061422276971,-2.3282721796941406,-0.16278924258283034,-1.4913472696166719,173.32074432373048,179.70225718633074,166.93923146113022,3.292135947285538,23.27310833260556,0.0,0.0,0.0,0.0,0.0
2023-10-04 04:00:00,171.64834594726562,172.19197782627828,168.98950418793981,169.10810929534875,53020300,170.88726348876952,172.8636016845703,177.9494470214844,164.44558074951172,171.3922599779466,173.10952889112767,176.31701215918045,44.655816273294285,-2.3141015395775923,-2.3254380516708313,0.011336512093238937,-2.4217634203031024,172.8636016845703,178.21931176888742,167.5078916002532,3.3429688769107293,20.489908031119118,0.0,0.0,0.0,0.0,0.0
2023-10-05 04:00:00,172.8838653564453,173.41760341955526,170.67968657288918,171.77682905786853,48527900,170.9841323852539,172.73263549804688,177.56737060546874,164.64806495666505,171.66346095585544,173.0880371259198,176.18237895123005,47.39334247147634,-2.050526276450256,-2.2704556966267164,0.21992942017646033,-2.323125213908428,172.73263549804688,177.94269037261398,167.52258062347977,3.3493237840362826,18.13044864216049,0.0,0.0,0.0,0.0,0.0
2023-10-06 04:00:00,175.43399047851562,175.92819856079907,171.17390414032383,171.78673241813826,57266700,171.25100555419922,172.69853668212892,177.26156555175783,164.87383102416993,172.3490117781573,173.31146125473848,176.15303038367264,52.60434655715999,-1.6172248351859366,-2.1398095243385606,0.522584689152624,1.1396777550261472,172.69853668212892,177.82359020172493,167.5734831625329,3.3803883373526276,18.89899586373207,0.0,0.0,0.0,0.0,0.0
2023-10-09 04:00:00,176.91659545898438,176.97589800927489,173.76354582426052,174.7618406122257,42390800,171.53863372802735,172.6802505493164,176.93388732910157,165.10735443115234,173.17948153830767,173.65480736942857,176.18297411211626,55.37215043624599,-1.141043253586048,-1.9400562701880582,0.7990130166020102,2.909236503931556,172.6802505493164,177.7386173434589,167.6218837551739,3.433339171150763,18.996491204970322,0.0,0.0,0.0,0.0,0.0
2023-10-10 04:00:00,176.32354736328125,177.6381425852869,175.88864186643335,176.03691333055846,43698000,172.17418212890624,172.78354034423828,176.5821090698242,165.32241119384764,173.75112987012105,173.90897308312884,176.18848678863253,54.013376310965896,-0.8022718539432674,-1.7124993869391,0.9102275329958327,2.059608858377726,172.78354034423828,178.0573152105157,167.50976547796085,3.254718363080658,17.961989017573725,0.0,0.0,0.0,0.0,0.0
2023-10-11 04:00:00,177.7172088623047,177.76663268122664,175.5426965680271,176.13573714899445,47551100,173.10033111572267,173.0598030090332,176.27478637695313,165.5602822113037,174.47223514142715,174.2716622049551,176.24843667387458,56.702266760146635,-0.4165346907233243,-1.4533064476959452,1.036771756972621,2.112668647277993,173.0598030090332,178.76437223329648,167.35523378476992,3.241303992929452,17.500886582395925,0.0,0.0,0.0,0.0,0.0
2023-10-12 04:00:00,178.61668395996094,180.227791982292,176.96601576479657,177.98409824545533,56743100,174.0907211303711,173.30542526245117,176.0452700805664,165.80447128295899,175.22577129025146,174.68547380066994,176.3413091164662,58.39318489346692,-0.037819131228303604,-1.170208984402417,1.1323898531741134,5.0883798019342175,173.30542526245117,179.52647687658256,167.08437364831977,3.251890586112505,17.348595464160052,0.0,0.0,0.0,0.0,0.0
2023-10-13 04:00:00,176.77822875976562,179.82253713140665,176.07644667980117,179.31845034069394,51427100,174.8458709716797,173.49520111083984,175.80682098388672,166.04847373962403,175.50803628470857,174.8847837967743,176.358443220125,53.77093324733318,0.11266893082461138,-0.9136334013570114,1.026302332181623,4.940473268179435,173.49520111083984,179.9035503986842,167.0868518229955,3.320372709668663,17.744056821377512,0.0,0.0,0.0,0.0,0.0
2023-10-16 04:00:00,176.64974975585938,177.00558020178707,174.46534325240765,174.70256857703768,52517000,175.3371154785156,173.53226699829102,175.74703063964844,166.31146900177,175.71562055219053,175.05287579287764,176.36986700584006,53.45249647815939,0.21903966937699693,-0.6870987872102098,0.9061384565872067,4.704424740663193,173.53226699829102,180.00761269558538,167.05692130099666,3.189762616426376,16.741468842335376,0.0,0.0,0.0,0.0,0.0
2023-10-17 04:00:00,175.09791564941406,176.35320838797153,172.77514673671925,174.60370757241088,57549400,175.80661315917968,173.4373779296875,175.71819213867187,166.54913673400878,175.60331056986755,175.05716530302396,176.31998656049,49.629422747510276,0.17608935440242135,-0.5144611588876836,0.690550513290105,3.46941957142739,173.4373779296875,179.75266953838783,167.12208632098717,3.1848221255485885,16.882112369756783,0.0,0.0,0.0,0.0,0.0
2023-10-18 04:00:00,173.8031005859375,175.5229501994882,173.08156098457755,173.5461178040648,54764400,176.02208862304687,173.4546760559082,175.64470275878907,166.77875579833983,175.27599966369843,174.93773056806336,176.22128514972326,46.63246780767928,0.03714201590395305,-0.4041405239293563,0.44128253983330934,1.2028812855753745,173.4546760559082,179.77209044345537,167.13726166836105,3.047855670602234,15.485940712032505,0.0,0.0,0.0,0.0,0.0
2023-10-19 04:00:00,173.42747497558594,175.77989475883368,173.16059843726526,174.0007429734141,59302900,176.07644958496093,173.53029098510743,175.5954852294922,167.03041305541993,174.93990426585978,174.79389670211313,176.11172396642377,45.76900312668756,-0.10210756597791715,-0.3437339323390685,0.24162636636115137,1.774931907484989,173.53029098510743,179.80618504875255,167.2543969214623,3.0422063461742193,15.145749256996059,0.0,0.0,0.0,0.0,0.0
2023-10-20 04:00:00,170.87741088867188,173.38798159754705,170.6401855525277,173.2792552037354,64244000,175.62079162597655,173.4358985900879,175.49960906982423,167.2629718399048,174.2012691063711,174.42089805321396,175.9064567869041,40.31181290856993,-0.41346653802122546,-0.3576804534754999,-0.055786084545725534,-0.44913631665906006,173.4358985900879,179.8161612472169,167.0556359329589,3.0033718296345477,15.96168000521925,0.0,0.0,0.0,0.0,0.0
2023-10-23 04:00:00,170.99600219726562,171.99429712738208,167.96155723103598,168.93021596381925,55980100,175.0287322998047,173.283683013916,175.40491912841796,167.5027177429199,173.61849330471554,174.0947174955046,175.71388994025162,40.66612567074926,-0.6432366078764744,-0.4147916843556948,-0.2284449235207796,-1.0919834278851681,173.283683013916,179.74793621865734,166.81942980917466,3.084563958289363,15.698081118461324,0.0,0.0,0.0,0.0,0.0
2023-10-24 04:00:00,171.43089294433594,171.65822442721412,169.4639394511676,171.045411263789,43816600,174.53946685791016,173.3568244934082,175.28591369628907,167.72200119018555,173.2207477846465,173.8410199192028,175.54592927374514,42.02521971221152,-0.7812334222944912,-0.48808003194345406,-0.29315339035103716,-2.281825502150858,173.3568244934082,179.69499140251935,167.01865758429705,3.0125504824113682,13.264986724854108,0.0,0.0,0.0,0.0,0.0
2023-10-25 04:00:00,169.1179962158203,171.05528327402416,168.6731969171006,169.88895954662036,57157000,173.6795455932617,173.3899383544922,175.16038513183594,167.9271118927002,172.4747929539508,173.3912081379283,175.29385346755203,37.151268221623845,-1.0649522219361245,-0.6034544699419881,-0.46149775199413634,-4.408065406714234,173.3899383544922,179.62639497990023,167.15348172908415,3.0139632810234582,13.7849350200189,0.0,0.0,0.0,0.0,0.0
2023-10-26 04:00:00,164.95675659179688,169.39475015606334,163.75088778515044,168.39644027726376,70625300,172.3135528564453,173.2021369934082,174.96902740478515,168.10856239318846,171.10787725174097,172.58792703829673,174.8884771194832,30.334747479149186,-1.6070535623530873,-0.804174288424208,-0.8028792739288793,-6.446552908821223,173.2021369934082,180.21011742792857,166.19415655888784,3.0775038489118622,16.34304184749109,0.0,0.0,0.0,0.0,0.0
2023-10-27 04:00:00,166.27137756347656,167.00281099505466,164.89747962237493,164.97655472973753,58499100,171.26286773681642,173.05436935424805,174.85476684570312,168.28300354003906,170.22851367205652,171.98635089783767,174.55055164669864,34.428013514272166,-1.9085927850260873,-1.025057987744584,-0.8835347972815033,-6.440474376173865,173.05436935424805,180.5246735709171,165.58406513757902,2.998430933745102,16.59911371218873,0.0,0.0,0.0,0.0,0.0
2023-10-30 04:00:00,168.31735229492188,169.1871631923404,166.91380339901636,167.06207484672964,51131000,170.42962799072265,172.88337173461915,174.77173919677733,168.46806831359862,169.88102978530475,171.63692245946473,174.30611245643288,40.30649591554857,-1.9598794591415185,-1.212022282023971,-0.7478571771175475,-5.766164412361263,172.88337173461915,180.63199785041132,165.13474561882697,3.081736998745837,16.304075821659303,0.0,0.0,0.0,0.0,0.0
2023-10-31 04:00:00,168.79183959960938,168.92032345051314,165.95507483465602,167.3882903979478,44846000,169.79902038574218,172.80281677246094,174.67151397705078,168.64886222839357,169.68299520608738,171.36596218709755,174.08986646204767,41.61376905290541,-1.9398756785543867,-1.3575929613300541,-0.5822827172243326,-4.517744756346342,172.80281677246094,180.6922372379144,164.91339630700747,3.134687891792808,16.14956810435214,0.0,0.0,0.0,0.0,0.0
2023-11-01 04:00:00,171.95477294921875,172.21175573979943,168.1493644262673,169.01917553597846,56934900,169.61418762207032,172.8181381225586,174.60706970214844,168.839663772583,170.09604570483853,171.42203940253768,174.00613730468183,49.545836538876074,-1.6497825840679639,-1.416030885877636,-0.23375169819032782,-2.6577885409570956,172.8181381225586,180.69930445553155,164.93697178958564,3.1918746843668577,17.34126557569402,0.0,0.0,0.0,0.0,0.0
2023-11-02 04:00:00,175.51304626464844,175.72060519042475,173.42748778366638,173.48679033388817,77334800,169.82274475097657,172.94959716796876,174.53689239501952,169.05184913635253,171.08095489753123,171.81165910369108,174.06523177370013,56.676549364750386,-1.1198498656860068,-1.3567946818393102,0.23694481615330343,0.2370848411842763,172.94959716796876,180.9225553901564,164.97663894578113,3.193284812195466,18.679147658965196,0.0,0.0,0.0,0.0,0.0
2023-11-03 04:00:00,174.60369873046875,174.77174274032964,171.34193765305042,172.22162738228718,79829200,170.19537353515625,172.9080825805664,174.54222961425782,169.25919219970703,171.72145377624713,172.07756763957468,174.08634812494597,54.55456440099191,-0.7644391361681642,-1.2383235727050812,0.47388443653691703,0.46063513356908725,172.9080825805664,180.83508733777438,164.98107782335842,3.30977564521108,18.036582267572633,0.0,0.0,0.0,0.0,0.0
2023-11-06 05:00:00,177.15379333496094,177.35147351618673,174.1687879097799,174.33681681792336,63841300,170.81115264892577,172.91994247436523,174.55448577880858,169.46649116516113,172.70915187783146,172.56101770580196,174.20664009396617,59.17111407508954,-0.2738455290802335,-1.0454279639801116,0.7715824348998781,2.148632077990853,172.91994247436523,180.87286636132208,164.96701858740838,3.2603529728729876,18.55189417027437,0.0,0.0,0.0,0.0,0.0
2023-11-07 05:00:00,179.7138214111328,180.32663456302825,176.89682951103612,177.1043884447924,70530000,171.63944549560546,173.0894561767578,174.5867086791992,169.67064605712892,173.98272815661352,173.24223710630966,174.42260798875702,63.21141275895341,0.3178621922824334,-0.7727699327276027,1.0906321250100361,5.171198742130945,173.0894561767578,181.4803071972987,164.6986051562169,3.330954104093093,19.174326852568832,0.0,0.0,0.0,0.0,0.0
2023-11-08 05:00:00,180.77142333984375,181.32493395317235,179.4864793691692,180.23768527185777,49340300,172.8047882080078,173.24216690063477,174.56239349365234,169.87310096740723,175.21703637174627,173.9593024618843,174.67158113978005,64.76276341557323,0.8621956071243915,-0.4457768247572039,1.3079724318815953,5.716754203002328,173.24216690063477,182.08655759762442,164.39777620364512,3.2751796942670035,19.091427166150854,0.0,0.0,0.0,0.0,0.0
2023-11-09 05:00:00,180.29698181152344,181.98716487212562,179.7039261272927,180.84061367506283,53763500,174.33881072998048,173.3261817932129,174.45880737304688,170.07648078918456,176.14066281534213,174.56289097137375,174.89218508769156,63.46973317641038,1.240994877380956,-0.10842248432957194,1.349417361710528,5.171815134898905,173.3261817932129,182.41410590412596,164.23825768229983,3.239176074393766,19.06527743042234,0.0,0.0,0.0,0.0,0.0
2023-11-10 05:00:00,184.4834747314453,184.65174012268164,181.64298820237886,182.07846664625706,66133400,176.16002044677734,173.71144409179686,174.43460235595703,170.2904588317871,177.65753770917905,175.50770847233295,175.26831409332894,69.29532624950164,1.8575977878335266,0.2847815701030478,1.5728162177304787,9.085655494650213,173.71144409179686,183.99074622603663,163.4321419575571,3.262177389737488,20.216932391816258,0.0,0.0,0.0,0.0,0.0
2023-11-13 05:00:00,182.8999481201172,184.11729742228064,182.31601793716675,183.9094650326421,43627500,177.61828002929687,174.02395401000976,174.34729461669923,170.48682456970215,178.61070323844052,176.21173129593146,175.56759385908535,65.06846903133979,2.1932008194743844,0.6664654199773151,1.5267353994970692,10.877512324470985,174.02395401000976,185.0334806585327,163.0144273614868,3.260261091039776,20.557916277588998,0.0,0.0,0.0,0.0,0.0
2023-11-14 05:00:00,185.5128173828125,186.17592689168708,184.38453902262373,185.7701387274506,60108400,179.29037780761718,174.5446990966797,174.3075,170.7106735229492,179.8656330828718,177.09754901849155,175.95760262472172,68.48445056332685,2.639577941351348,1.0610879242521216,1.5784900170992264,11.572310340659953,174.5446990966797,186.69431936327538,162.395078830084,3.2972812870636727,20.610556034111173,0.0,0.0,0.0,0.0,0.0
2023-11-15 05:00:00,186.07693481445312,187.55162053928348,185.84930383072194,185.91859136162876,53790500,180.7025939941406,175.15839080810548,174.41321472167968,170.93099472045898,180.99496067043202,177.95272861810693,176.3544391811818,69.18509117081294,3.004223767096903,1.4497150928210778,1.5545086742758252,10.551248743750019,175.15839080810548,188.34589036697753,161.97089124923343,3.0397770574606784,20.243919896531338,0.0,0.0,0.0,0.0,0.0
2023-11-16 05:00:00,187.7594757080078,188.9966236513369,186.7103615664657,187.6209157424311,54412900,181.92723693847657,175.87499084472657,174.65834045410156,171.15411880493164,182.2248724954458,178.88670453143084,176.80169551556713,71.23888538502538,3.3898985592084614,1.8377517860985546,1.5521467731099068,11.237294500368922,175.87499084472657,190.17695350509342,161.5730281843597,3.0979454477609676,20.219350557563605,0.0,0.0,0.0,0.0,0.0
2023-11-17 05:00:00,187.7396697998047,188.42257785422723,186.63119011836693,188.29390964052354,50922700,183.24083404541017,176.7181037902832,174.89081451416016,171.3506189727783,183.22756291442013,179.72984408079978,177.23063568357645,71.17874583321186,3.651854138023765,2.200572256483597,1.4512818815401682,9.179679388863192,176.7181037902832,191.7491044448505,161.68710313571592,3.01763131254643,19.053388815047843,0.0,0.0,0.0,0.0,0.0
2023-11-20 05:00:00,189.4815673828125,189.93684445013852,187.92771748948175,187.93760923589429,46505100,184.4736114501953,177.64238204956055,175.13479949951173,171.53771919250488,184.364654635946,180.65857963337243,177.71106437766414,73.31258698478295,3.954428211944929,2.5513434475758636,1.4030847643690656,7.9586796625371825,177.64238204956055,193.44544576614248,161.83931833297862,2.9627688864376234,19.052583138115704,0.0,0.0,0.0,0.0,0.0
2023-11-21 05:00:00,188.67990112304688,189.55085808280586,187.78916067013205,189.44198846283598,38134500,185.3702194213867,178.50483245849608,175.42324249267577,171.7344423675537,185.14924490632797,181.4225150133414,178.1412148382674,70.7176160654767,4.082472377777123,2.8575692336161156,1.224903144161007,8.061800806583829,178.50483245849608,194.75691070409405,162.2527542128981,2.7984336078048875,19.328279540093224,0.0,0.0,0.0,0.0,0.0
2023-11-22 05:00:00,189.34300231933594,190.9463411053134,188.8679417719912,189.52115946327928,39617700,186.22737731933594,179.51608276367188,175.76626342773437,171.920111618042,185.91174625414757,182.17684713772184,178.5805006218387,71.61267035998405,4.189164940708309,3.1238883750345545,1.0652765656737548,6.880580288409477,179.51608276367188,195.8257080287927,163.20645749855106,2.6913341607377816,18.087736770364657,0.0,0.0,0.0,0.0,0.0
2023-11-24 05:00:00,188.01675415039062,188.9371847613316,187.30415588944916,188.9074944256174,24048300,186.99935455322264,180.66908264160156,176.05251373291014,172.11258407592774,186.2944749625554,182.733028757976,178.95054977982113,67.18911429941922,4.1192186339070815,3.3229544268090603,0.7962642070980213,4.620085797554285,180.66908264160156,195.86754290604577,165.47062237715735,2.5390297191869786,14.986198827959768,0.0,0.0,0.0,0.0,0.0
2023-11-27 05:00:00,187.838623046875,188.7095799535061,186.95777439426936,187.9672912540552,40552600,187.33486938476562,181.7474449157715,176.34963195800782,172.30933311462402,186.5752291597044,183.21927583310926,179.29910167264677,66.59411403734322,4.003264845290516,3.459016510505352,0.5442483347851645,3.909467313174364,181.7474449157715,195.64987762728367,167.84501220425932,2.436824001531972,15.211153694977906,0.0,0.0,0.0,0.0,0.0
2023-11-28 05:00:00,188.44236755371094,189.11538388382388,187.45264920500045,187.82874701011957,38415400,187.889111328125,182.75369567871093,176.60031066894533,172.5072772216797,186.9147088677056,183.71671313983325,179.65766111896303,67.64009457061199,3.9149585630703143,3.5502049210183446,0.3647536420519697,4.517760452974429,182.75369567871093,195.42170393017608,170.08568742724577,2.310604689162779,15.065650747513379,0.0,0.0,0.0,0.0,0.0
2023-11-29 05:00:00,187.4229278564453,190.11496252773426,187.02704662321503,188.93719547130772,43014200,188.0801223754883,183.68525009155275,176.80885528564454,172.68612701416015,187.00711232020373,184.06968596998678,179.96218138317803,63.99634269846272,3.7198349921692113,3.5841309352485182,0.1357040569206931,1.5933422379858175,183.68525009155275,194.65684008816612,172.71366009493937,2.3998519263424987,15.550124796740377,0.0,0.0,0.0,0.0,0.0
2023-11-30 05:00:00,187.99700927734375,188.36321535895866,186.2551103094808,187.88813964798328,48794400,188.27212982177736,184.48736190795898,177.09965270996094,172.87105072021484,187.18709358513826,184.44371676116364,180.27727267314532,65.13535006335643,3.5703647865244363,3.581377705503702,-0.011012918979265596,2.786802954082379,184.48736190795898,194.11084737430411,174.86387644161385,2.387342376674279,14.72626344703325,0.0,0.0,0.0,0.0,0.0
2023-12-01 05:00:00,189.2737579345703,189.59045997908729,187.28441422563267,188.3731105390764,45704800,188.4235580444336,185.17539749145507,177.4468243408203,173.05186012268067,187.56648710321682,184.90372068244045,180.6300760167306,67.59097733941755,3.5144194779886107,3.567986060000684,-0.053566582012073205,2.0273211332869634,185.17539749145507,194.0346226072573,176.31617237565285,2.2410057654097364,13.47357938591287,0.0,0.0,0.0,0.0,0.0
2023-12-04 05:00:00,187.48231506347656,188.09595062883508,185.52267721747734,188.0266631045601,43389500,188.39782257080077,185.81932830810547,177.7411654663086,173.23169677734376,187.5511830959913,185.149301099682,180.89879127346575,61.08931201054831,3.2876301955101326,3.5119148871025736,-0.22428469159244102,0.7552683788696335,185.81932830810547,193.190338335412,178.44831828079893,2.35412175989648,13.930977057449548,0.0,0.0,0.0,0.0,0.0
2023-12-05 05:00:00,191.43130493164062,192.40122460244103,188.22461231756913,188.25431775925796,66628400,188.5927963256836,186.53320388793946,178.08898529052735,173.43699569702147,188.25665979338208,185.74758717891615,181.31183102476675,68.32283587817244,3.3874995483448345,3.487031819351026,-0.09953227100619166,1.9556026186092534,186.53320388793946,193.09122694194693,179.975180833932,2.4714739575675213,14.770875451557167,0.0,0.0,0.0,0.0,0.0
2023-12-06 05:00:00,190.34262084960938,192.7575206909756,190.1347733725338,192.45071045016567,41089700,188.75906829833986,187.06464385986328,178.4964764404297,173.65691047668457,188.63592543996887,186.1852094332679,181.6659796453488,64.74915591477861,3.340294190906917,3.4576842936622043,-0.11739010275528727,1.3864683221081364,187.06464385986328,192.98775695737243,181.14153076235414,2.513184254851152,14.5959875227906,0.0,0.0,0.0,0.0,0.0
2023-12-07 05:00:00,192.2725830078125,192.99507315570867,191.59956669458757,191.63916388460834,47477700,189.0520263671875,187.63970184326172,178.97281372070313,173.8843556213379,189.29713590684952,186.76495929751025,182.08192487524934,67.94963073296019,3.4192010010796707,3.4499876351456975,-0.030786634066026775,1.4729747402612903,187.63970184326172,193.21312937429894,182.0662743122245,2.494095931223689,14.787596328353821,0.0,0.0,0.0,0.0,0.0
2023-12-08 05:00:00,193.6977996826172,193.97491963358075,191.67876563770596,192.203315195023,53406400,189.62013092041016,188.30974273681642,179.47251403808593,174.11651191711425,190.0972565933527,187.42522981037757,182.53744937749906,70.10795783677182,3.5557498207028004,3.471140072257118,0.08460974844568225,2.65947699235749,188.30974273681642,193.36430012997906,183.25518534365378,2.5301506640818667,14.698503376149958,0.0,0.0,0.0,0.0,0.0
2023-12-11 05:00:00,191.19378662109375,191.50061200003438,189.45188773429211,191.12451418849048,60943700,189.95564727783204,188.64525833129883,179.91185516357422,174.34940605163575,190.2966256893056,187.78413998282673,182.87691358313023,62.18462944581586,3.422460818967437,3.461404221599182,-0.038943402631745005,0.9774770015722023,188.64525833129883,193.51798765594185,183.77252900665582,2.6764890425098122,13.88730170006782,0.0,0.0,0.0,0.0,0.0
2023-12-12 05:00:00,192.70806884765625,192.71796059458774,189.7488055095461,191.09482308550778,52696900,190.38221740722656,189.1356643676758,180.33127044677735,174.58390800476073,190.73506989991483,188.25308558900096,183.26244908369986,64.77713633705122,3.3998271539835514,3.4490888080760564,-0.04926165409250505,2.4951577950937054,189.1356643676758,193.5239132894448,184.74741544590677,2.762736019107515,13.476372759478503,0.0,0.0,0.0,0.0,0.0
2023-12-13 05:00:00,195.9246368408203,195.96421892707963,192.8466123940007,193.08413511536142,70404200,191.23238830566407,189.65625534057617,180.84170440673827,174.83700622558592,191.678627525534,188.98370951774567,183.75900546633204,69.55218959916402,3.599942075129121,3.4792594614866696,0.12068261364245148,4.3047663269589975,189.65625534057617,194.6618162185819,184.65069446257044,2.8334295974758623,13.775602255197109,0.0,0.0,0.0,0.0,0.0
2023-12-14 05:00:00,196.07310485839844,197.567574144968,194.14315707722483,195.98403383047588,66831600,192.03999786376954,190.15606384277345,181.33019958496095,175.1011971282959,192.47762340423662,189.65889002637925,184.24191132484444,69.75599594527543,3.727545891387507,3.5289167474668375,0.19862914392066955,4.049374566742547,190.15606384277345,195.63103156908107,184.68109611646582,2.9323989287513195,13.793467827199123,0.0,0.0,0.0,0.0,0.0
2023-12-15 05:00:00,195.5386505126953,196.36010340669733,194.97450383643803,195.4990533238864,128538400,192.66648712158204,190.5450225830078,181.78329528808592,175.35975845336915,193.03417378759275,190.21886721555222,184.68492070476017,67.99166639478527,3.742406701147729,3.571614738203016,0.17079196294471322,4.330165337330638,190.5450225830078,196.39553523097197,184.69450993504364,2.9062413581100737,13.703001305796104,0.0,0.0,0.0,0.0,0.0
2023-12-18 05:00:00,193.87591552734375,194.60831249977454,192.39133809002112,194.0738561652729,55751900,193.30584716796875,190.85183486938476,182.1521337890625,175.5847716522217,193.18721774027472,190.5671575309609,185.04535187427328,62.68007366242353,3.5787614484115977,3.5730440802447325,0.005717368166865189,3.1271275392084075,190.85183486938476,196.72644633955485,184.97722339921467,3.0122826255279853,14.195003015651908,0.0,0.0,0.0,0.0,0.0
2023-12-19 05:00:00,194.91513061523438,194.92502236186388,193.87592334681435,194.1431515248431,40714100,193.65422973632812,191.12351303100587,182.5121044921875,175.80118087768554,193.5013837175401,190.98125020565362,185.43240202097763,64.54439624330064,3.4926660984538955,3.5569684838865654,-0.06430238543266986,2.980536098730724,191.12351303100587,197.2293186118807,185.01770745013104,2.8666534062423352,13.982178352672934,0.0,0.0,0.0,0.0,0.0
2023-12-20 05:00:00,192.82684326171875,195.64753172216422,192.82684326171875,194.87555255598716,52242800,193.90265197753905,191.33086013793945,182.84217041015626,176.0181394958496,193.37873999829984,191.15702097289793,185.72238010884985,58.24749302469999,3.218822988680074,3.4893393848452674,-0.2705163961651933,2.8506839146042573,191.33086013793945,197.36853713584475,185.29318314003416,2.917552221311451,14.510982074090542,0.0,0.0,0.0,0.0,0.0
2023-12-21 05:00:00,192.6783447265625,195.0536776254948,191.51048442189503,194.08375795359612,46482500,193.94322814941407,191.49762725830078,183.1413931274414,176.2280963897705,193.2513954034385,191.3019089494374,185.99516303503466,57.81554677520209,2.9557457632473074,3.3826206605256757,-0.42687489727836825,0.6514293967578633,191.49762725830078,197.48818548434693,185.50706903225463,3.00591989632182,14.497187393294809,0.0,0.0,0.0,0.0,0.0
2023-12-22 05:00:00,191.60948181152344,193.4008696387368,190.98595440796598,193.17322354105164,37149600,193.7343963623047,191.67726364135743,183.40124908447265,176.44394607543944,192.95286565945395,191.33120160296943,186.21533239881853,54.67280739583246,2.6306819978111378,3.232232927982768,-0.6015509301716304,0.6655687287793643,191.67726364135743,197.43944326512525,185.9150840175896,2.9104795044416654,14.400548254243569,0.0,0.0,0.0,0.0,0.0
2023-12-26 05:00:00,191.06512451171875,191.89648427525853,190.84738527337694,191.6193643540786,28919300,193.72153015136718,191.8385887145996,183.68698699951173,176.66737480163573,192.60963999622933,191.30586092761223,186.40552032481463,53.090017305821874,2.3025986135355936,3.0463060650933333,-0.7437074515577398,-0.6279930696331704,191.8385887145996,197.32218969616707,186.35498773303215,2.6340644660786023,14.44986533472723,0.0,0.0,0.0,0.0,0.0
2023-12-27 05:00:00,191.16409301757812,191.5105004803971,189.12527563548673,190.5108903848591,48087700,193.56713256835937,191.97467498779298,183.97727386474608,176.88158905029297,192.3468132728382,191.2923592218947,186.5921310186485,53.35441649772263,2.0272077104989705,2.842486394174461,-0.8152786836754906,-1.308071991107107,191.97467498779298,197.23389577239345,186.7154542031925,2.617098575112071,14.424046676501993,0.0,0.0,0.0,0.0,0.0
2023-12-28 05:00:00,191.5896759033203,192.65857351066379,191.18388776405135,192.14391575114956,34049900,193.13363647460938,192.18301239013672,184.3071090698242,177.08748245239258,192.20915193292586,191.3206750963162,186.78811317098857,54.540968707159315,1.8222931567203773,2.6384477466836445,-0.8161545899632672,0.2070617927616647,192.18301239013672,196.9940501023275,187.37197467794596,2.5343863027539544,14.244654822543628,0.0,0.0,0.0,0.0,0.0
2023-12-29 05:00:00,190.55047607421875,192.40124458871406,189.75869835988954,191.90638540499626,42672100,192.5813735961914,192.31068572998046,184.64205657958985,177.2862084197998,191.90757450407,191.2473228084974,186.9356568142525,51.12134596329482,1.558081560906004,2.4223745095281166,-0.8642929486221127,-1.119617246096305,192.31068572998046,196.77717950384636,187.84419195611457,2.559128605107507,14.410154440511436,0.0,0.0,0.0,0.0,0.0
2024-01-02 05:00:00,183.73129272460938,186.50250680575422,181.99928581163158,185.2257618242656,82488700,191.4006378173828,192.03356246948243,184.84813293457032,177.43674270629882,190.42097781689534,190.53151041955567,186.80999547740376,35.42538492662399,0.7893418205025,2.0957679717229936,-1.3064261512204935,-6.223486904363873,192.03356246948243,197.79381738668178,186.2733075522831,2.8666484846976568,19.168587636556754,0.0,0.0,0.0,0.0,0.0
2024-01-03 05:00:00,182.35560607910156,183.96885182302105,181.5440297827802,182.32591573673892,58414500,190.24860687255858,191.77722702026367,185.0776968383789,177.58458786010743,188.9545465918419,189.75285286332195,186.63531354021544,33.21010927592312,0.06831611689224815,1.6902776007568447,-1.6219614838645966,-6.996114428444167,191.77722702026367,198.72428060351575,184.83017343701158,2.8277675529261717,19.071057184829634,0.0,0.0,0.0,0.0,0.0
2024-01-04 05:00:00,180.03964233398438,181.20750256721809,179.02023379077144,180.2771650380176,71983600,188.76105804443358,191.20764389038087,185.25856964111327,177.7090244293213,187.33365490859507,188.82778519386125,186.37665976742207,29.82837339455139,-0.6821178370213374,1.2157985132012084,-1.8979163502225458,-7.926314382385835,191.20764389038087,199.9182558383076,182.49703194245413,2.833426282133796,17.518737022033342,0.0,0.0,0.0,0.0,0.0
2024-01-05 05:00:00,179.31715393066406,180.88091065327836,178.31754388665928,180.1188384374096,62379700,187.41008911132812,190.6563705444336,185.41629486083986,177.82058296203613,185.87610927624397,187.92201078784245,186.0998164012747,28.841698625133574,-1.3199256469105478,0.7086536811788571,-2.028579328089405,-7.509319327818398,190.6563705444336,200.86434011409628,180.44840097477092,2.771922689196361,17.49479840652407,0.0,0.0,0.0,0.0,0.0
2024-01-08 05:00:00,183.65213012695312,183.6917273170526,179.63387614033877,180.21780632812883,59144500,186.5074676513672,190.22534790039063,185.7069775390625,177.96096282958985,185.47174943091835,187.5153554868054,186.0038287042425,41.37267831631973,-1.458780665815965,0.2751668117798927,-1.7339474775958577,-5.778412611032535,190.22534790039063,200.86483921883587,179.5858565819454,2.985420818919877,19.48110935712543,0.0,0.0,0.0,0.0,0.0
2024-01-09 05:00:00,183.23643493652344,183.24632668227045,180.8512103460259,182.0289774717032,42841800,185.6701629638672,189.70227966308593,186.07257110595702,178.0938429260254,185.06532861375564,187.10783924392138,185.89530345844958,40.63372156706454,-1.5841067993423223,-0.0966879104445503,-1.487418888897772,-4.973585711911754,189.70227966308593,200.6472055157032,178.75735381046866,2.960678487366522,19.146526614855414,0.0,0.0,0.0,0.0,0.0
2024-01-10 05:00:00,184.27566528320312,184.48349768333688,182.02900036017593,182.4545871112419,46792900,184.99121704101563,189.35637359619142,186.43265686035156,178.22541328430177,184.9217534627461,186.83810839051966,185.83178823589088,43.357485183368304,-1.5813427247421714,-0.3936188733040746,-1.1877238514380968,-4.360987974691167,189.35637359619142,200.53755788142337,178.17518931095947,3.061063522269438,18.966574938197596,0.0,0.0,0.0,0.0,0.0
2024-01-11 05:00:00,183.68185424804688,185.1268499143514,181.73210757942329,184.62208381012638,49128400,184.2429931640625,188.90506286621093,186.73994689941406,178.3637239074707,184.69631724189168,186.5375127579032,185.7474770991127,42.16700152922798,-1.6085256807830888,-0.6366002347998775,-0.9719254459832113,-4.137387924922509,188.90506286621093,200.2441649458604,177.56596078656145,3.102067370446769,18.620556485907457,0.0,0.0,0.0,0.0,0.0
2024-01-12 05:00:00,184.0084228515625,184.8199990991005,183.28593272766105,184.14698280822722,40477800,183.48486785888673,188.30925216674805,187.04427856445312,178.5067724609375,184.5712455345591,186.29664705253742,185.67927889332643,43.0924245181893,-1.5854410348847807,-0.8263683948168582,-0.7590726400679225,-3.6933488925256164,188.30925216674805,199.34350722925836,177.27499710423774,2.9585583110067466,17.306086282306236,0.0,0.0,0.0,0.0,0.0
2024-01-16 05:00:00,181.7419891357422,182.3655014396163,179.06973745492456,180.28710192352952,65603000,182.60401916503906,187.59269638061522,187.2400228881836,178.62311164855956,184.05683528022874,185.86287010808076,185.52487537342117,38.48925133818039,-1.7300852009286132,-1.007111756039209,-0.7229734448894041,-4.928804218985594,187.59269638061522,198.36222179589805,176.8231709653324,3.1388276085686835,17.54266587310938,0.0,0.0,0.0,0.0,0.0
2024-01-17 05:00:00,180.80174255371094,181.04917214343425,178.44622312883942,179.40625114511818,47317400,182.31106414794922,186.85585098266603,187.34579681396485,178.7269130706787,183.4650002390437,185.38085796004552,185.33965447853058,36.736048176960715,-1.8986997569263906,-1.1854293562166456,-0.713270400709745,-5.630748785781736,186.85585098266603,197.34933530625779,176.36236665907427,3.299303823213054,17.54561011732329,0.0,0.0,0.0,0.0,0.0
2024-01-18 05:00:00,186.6905517578125,187.19530261085842,183.91933773499053,184.17665903424702,78005800,182.74455871582032,186.49658279418946,187.5875338745117,178.8476399230957,184.05146415154712,185.50559070269,185.39263084242398,51.604563277823836,-1.539405016632486,-1.2562244882998137,-0.28318052833267227,-2.0256702559498296,186.49658279418946,196.4565268643372,176.53663872404172,3.5856134812299905,21.67342610265485,0.0,0.0,0.0,0.0,0.0
2024-01-19 05:00:00,189.59043884277344,189.97642838325277,186.8786203129096,187.38337121910467,68903000,183.69963836669922,186.2303482055664,187.83626678466797,178.9766069793701,185.0585504590428,185.89462385888842,185.55725076400634,56.96797736893362,-1.0090331874978347,-1.2067862281394182,0.1977530406415835,3.188975612851208,186.2303482055664,195.503792903001,176.9569035081318,3.713570347826748,22.407442010832,0.0,0.0,0.0,0.0,0.0
2024-01-22 05:00:00,191.89649963378906,193.32169654358245,190.28325381202234,190.32285100501898,60133900,184.95757293701172,186.18383102416993,188.0799203491211,179.1197657775879,186.30181394536032,186.4662310755456,185.8058487588998,60.69811332859814,-0.39804148404925854,-1.0450372793213862,0.6469957952721277,5.232026456345351,186.18383102416993,195.3263624789891,177.04129956935077,3.7913354529684966,22.601896160822832,0.0,0.0,0.0,0.0,0.0
2024-01-23 05:00:00,193.1732177734375,193.73736447446063,191.83710707958323,193.01487431695855,42355600,185.90968170166016,186.20857467651368,188.32795623779296,179.27852470397949,187.5511600959198,187.10499171344009,186.09476519084245,62.62950651681863,0.18703826607813312,-0.7986221702414824,0.9856604363196155,7.29482422270622,186.20857467651368,195.42747414953385,176.9896752034935,3.316268819560656,22.727936127355207,0.0,0.0,0.0,0.0,0.0
2024-01-24 05:00:00,192.500244140625,194.3609197135143,192.34188555954813,193.41078332895867,53631300,186.8360626220703,186.25311279296875,188.572021484375,179.42948287963867,188.4509935585935,187.61882527793387,186.3459604437751,60.929796905572154,0.5896180851720771,-0.5209741191587706,1.1105922043308478,7.351828824507445,186.25311279296875,195.58973163868225,176.91649394725525,3.287283970541036,22.670145563783972,0.0,0.0,0.0,0.0,0.0
2024-01-25 05:00:00,192.17361450195312,194.2520291241628,191.1245154438125,193.21282181305796,54822100,187.6258575439453,186.30853729248048,188.72582427978514,179.59177017211914,189.12783373011342,188.05261472784045,186.574495897037,60.077579514822425,0.8722544043382641,-0.24232841445936365,1.1145828187976277,4.640013905152829,186.30853729248048,195.77765152532808,176.83942305963288,3.272436927113905,22.652558090443815,0.0,0.0,0.0,0.0,0.0
2024-01-26 05:00:00,190.4416046142578,192.75754194727924,189.9665440310004,192.2725896171282,44594000,188.3018325805664,186.27241287231445,188.87665740966796,179.75145950317383,189.3667011635942,188.2801375741659,186.72614721928096,55.633929392690064,0.9455868638763718,-0.0047453587922165474,0.9503322226685884,3.9321708481341977,186.27241287231445,195.66876507938844,176.87606066524046,3.2886962949467438,22.89650423511241,0.0,0.0,0.0,0.0,0.0
2024-01-29 05:00:00,189.75869750976562,190.22386634852867,187.63080907007364,190.03581744325376,47145600,188.87686004638672,186.1808639526367,188.96157501220702,179.91118438720704,189.43797322653447,188.4209528061278,186.84507076008427,53.939852451254644,0.9377882313741281,0.18376135924105239,0.7540268721330757,2.9754510548834157,186.1808639526367,195.39295652748086,176.96877137779256,3.1769978776464325,22.911447744361254,0.0,0.0,0.0,0.0,0.0
2024-01-30 05:00:00,186.1066436767578,189.82799457367844,185.54251203451676,188.97683613469175,55859400,189.31332550048828,185.95867233276368,188.96216918945314,180.02573867797852,188.83227694475687,188.20054241285447,186.81611283524794,45.891832897448516,0.6296592165939217,0.2729409307116263,0.35671828588229537,1.3201028695172479,185.95867233276368,194.93844142923314,176.97890323629423,3.2830380746631795,23.822148995765907,0.0,0.0,0.0,0.0,0.0
2024-01-31 05:00:00,182.50404357910156,185.17629499887522,182.45456974695213,185.11689921687164,55467800,189.48355560302736,185.89730987548828,188.857060546875,180.12400505065918,187.68168906009225,187.65801871440183,186.64701208010496,39.61297944801113,0.0936850893423582,0.2370897624377727,-0.1434046730954145,-0.8175600057582666,185.89730987548828,194.95757749970582,176.83704225127073,3.3685792608520893,21.218323657389305,0.0,0.0,0.0,0.0,0.0
2024-02-01 05:00:00,184.9387664794922,185.02783750412453,181.93002942176474,182.0982797244824,64885400,189.30837707519532,186.0264678955078,188.80104248046874,180.23434646606447,187.1829758636195,187.39904231107712,186.5800220565515,45.081636602631946,-0.13308238684172125,0.1630553325818739,-0.2961377194235951,1.7589646503551437,186.0264678955078,194.9467185237377,177.1062172672779,3.3473696713829235,21.561424770305006,0.0,0.0,0.0,0.0,0.0
2024-02-02 05:00:00,183.93914794921875,185.40392677166545,177.4070012757119,178.01073002917815,102551700,188.74324798583984,186.22144317626953,188.69019409179688,180.33357849121094,186.5931889700921,187.0695285623287,186.47645836606787,43.34601244241795,-0.3889742536534584,0.05264941533480745,-0.4416236689882658,1.7352738702591797,186.22144317626953,194.75270032539592,177.69018602714314,3.8090024659910733,21.10672840919158,0.0,0.0,0.0,0.0,0.0
2024-02-05 05:00:00,185.7503204345703,187.30418539055444,183.9292424150712,186.21548923655902,69668800,188.12863006591797,186.54310150146483,188.63160247802733,180.43614906311035,186.43994014545177,186.94388969301838,186.44798236875423,47.30458864267139,-0.4405455834789791,-0.04598958442794986,-0.3945559990510292,-0.5036309092181113,186.54310150146483,194.43979795496435,178.64640504796532,3.6973065787657373,21.22959920362874,0.0,0.0,0.0,0.0,0.0
2024-02-06 05:00:00,187.35366821289062,187.36355995873058,184.8496822422945,184.93875326056028,43490800,187.5466751098633,186.72817840576172,188.59181579589844,180.5515663909912,186.60607252134974,186.9829162187205,186.48349946068114,50.595581389452825,-0.3480276221546035,-0.1063971919732806,-0.24163043018132288,-1.179790839419781,186.72817840576172,194.51228981256472,178.94406699895873,3.6414574151609735,19.72519318784127,0.0,0.0,0.0,0.0,0.0
2024-02-07 05:00:00,187.46255493164062,189.0856924097343,186.67077723703076,188.67990426473503,53439000,187.04290618896485,186.9394844055176,188.58073181152344,180.67556175231934,186.76179659594808,187.02859609614146,186.52189379287566,50.82021390534739,-0.26288979315796723,-0.13769571221021792,-0.1251940809477493,-2.310591756811653,186.9394844055176,194.55204862231156,179.32692018872362,3.3572684948435483,19.68721744994401,0.0,0.0,0.0,0.0,0.0
2024-02-08 05:00:00,186.38377380371094,187.59121634154823,185.42374576060666,187.44276462432762,40962000,186.46392211914062,187.04488983154297,188.55163482666015,180.792635345459,186.6930651791777,186.9671844492433,186.51647732271232,48.46888712891049,-0.2792470849964843,-0.1660059867674712,-0.11324109822901313,-3.514692175231837,187.04488983154297,194.5599072481309,179.52987241495504,3.277382348807927,19.761695180518892,0.0,0.0,0.0,0.0,0.0
2024-02-09 05:00:00,187.1468048095703,188.2765227675386,186.30446474496694,186.9485964735415,45155200,186.1344421386719,187.21813735961913,188.52572357177735,180.92121269226075,186.77556329379453,186.98429115022682,186.54119604768715,50.223160800615965,-0.22801175380428162,-0.1784071401748333,-0.04960461362944832,-2.781003917659397,187.21813735961913,194.5645814886897,179.87169323054857,3.1517252289338313,19.742569114891552,0.0,0.0,0.0,0.0,0.0
2024-02-12 05:00:00,185.46212768554688,186.96842336096995,185.1053738445565,186.72067805809255,41781900,185.70478515625,187.29082260131835,188.48650756835937,181.0414161682129,186.5367568195677,186.83932320120968,186.4988796413287,46.46229643241779,-0.31966188593986544,-0.20665808932783974,-0.1130037966120257,-3.492408067465491,187.29082260131835,194.5315594966085,180.0500857060282,3.161809055372146,20.055151678171605,0.0,0.0,0.0,0.0,0.0
2024-02-13 05:00:00,183.3711395263672,184.53060074172208,181.85493962465304,184.094566630165,56529500,185.43123474121094,187.3722801208496,188.39399017333983,181.12824645996093,185.9611900389858,186.50901999408183,186.3762231662322,42.234884943981605,-0.5546271487619663,-0.2762519012146651,-0.2783752475473012,-3.71266830176733,187.3722801208496,194.38318804714143,180.3613721945578,3.2752486201526927,19.97023139420174,0.0,0.0,0.0,0.0,0.0
2024-02-14 05:00:00,182.4891815185547,183.85674041023526,180.79461213824646,183.64864282656313,54630500,185.42974853515625,187.4566520690918,188.25829864501952,181.20440773010253,185.32991576254375,186.12617823450782,186.22379016044093,40.55863713601934,-0.802751829388086,-0.38155188684934926,-0.4211999425387367,-3.830926374711663,187.4566520690918,194.16887591882684,180.74442821935676,3.2705782338411575,19.956884049609005,0.0,0.0,0.0,0.0,0.0
2024-02-15 05:00:00,182.20181274414062,182.82613576875198,179.71445525689393,181.8946109768474,65434500,185.1560531616211,187.2322151184082,188.1526885986328,181.279575881958,184.7611697591977,185.75242914018713,186.06606555588016,40.0015538602285,-1.0109273437420256,-0.5074269782278846,-0.503500365514141,-2.0981684777462095,187.2322151184082,194.34077549586846,180.12365474094793,3.2934841335253884,15.970537805579301,0.0,0.0,0.0,0.0,0.0
2024-02-16 05:00:00,180.66578674316406,183.18288755084293,180.03155935687485,181.76577652013776,49752500,184.82871704101564,186.78598251342774,187.93737823486327,181.35223892211914,184.0165546653734,185.26798700713732,185.8542899161658,37.07059327150746,-1.2850392671030022,-0.6629494360029082,-0.622089831100094,-1.0072417026424696,186.78598251342774,194.37544247976604,179.19652254708944,3.317807894224239,14.874497550667837,0.0,0.0,0.0,0.0,0.0
2024-02-20 05:00:00,179.92254638671875,180.78469520216953,178.3766181157698,180.15046783149373,53665600,184.24593963623047,186.18728485107422,187.72897674560548,181.4265577697754,183.27218952379982,184.7588974242403,185.62167252285417,35.70725090393388,-1.5444448278902883,-0.8392485143803843,-0.705196313509904,-2.7123680925652094,186.18728485107422,193.96607016645007,178.40849953569838,3.1837075047412435,13.852771468660958,0.0,0.0,0.0,0.0,0.0
2024-02-21 05:00:00,180.67572021484375,181.24057170015067,179.03068760645021,180.29914247718926,41371400,183.5781448364258,185.56240997314453,187.4970394897461,181.51282409667968,182.8001041948987,184.37002340429777,185.42771360881454,38.1880877027495,-1.6700000493074754,-1.0053988213658025,-0.6646012279416729,-1.7741887851279836,185.56240997314453,192.97768358984587,178.14713635644318,3.0806939450194415,13.64665283080064,0.0,0.0,0.0,0.0,0.0
2024-02-22 05:00:00,182.7071990966797,183.29188949706392,180.8144364958238,181.82522643308513,52292200,183.10260925292968,185.07275772094727,187.27722747802736,181.57090316772462,182.78321235885886,184.21165918452462,185.3210267652014,44.41787373309262,-1.5872828897664135,-1.1217756350459247,-0.4655072547204888,-1.6382859156157115,185.07275772094727,191.82254669233998,178.32296874955455,3.0462911735808973,14.589580975587143,0.0,0.0,0.0,0.0,0.0
2024-02-23 05:00:00,180.8739013671875,183.3711632214272,180.58650833781007,183.34143499372246,45119700,182.55162200927734,184.50777206420898,187.07082977294922,181.62016075134278,182.4360649058277,183.89377748763536,185.1466296907695,40.455263497726875,-1.650633277210659,-1.2275471634788717,-0.4230861137317872,-3.458574848046281,184.50777206420898,190.61613380186608,178.39941032655187,2.6739861298425813,14.821931503560268,0.0,0.0,0.0,0.0,0.0
2024-02-26 05:00:00,179.52618408203125,181.11174516126204,179.02077391854948,180.59644574912906,40867400,181.78955993652343,183.96200103759764,186.80719207763673,181.67120628356935,181.9069956651374,183.47781621091116,184.9262200590543,37.7864962629054,-1.7889663467909998,-1.3398310001412974,-0.44913534664970234,-4.233576594804989,183.96200103759764,189.78176635450183,178.14223572069346,2.582273863216104,14.747866063249774,0.0,0.0,0.0,0.0,0.0
2024-02-27 05:00:00,180.98291015625,182.26126931281985,177.94059046680667,179.46671005654383,54318900,181.34163818359374,183.52321166992186,186.50835754394532,181.72071311950683,181.73898011806693,183.24020611046723,184.77158045502276,42.22312881336779,-1.7607538073872888,-1.4240155615904957,-0.3367382457967931,-2.8977112852907605,183.52321166992186,188.80084062196636,178.24558271787737,2.711331086757326,15.252454748611715,0.0,0.0,0.0,0.0,0.0
2024-02-28 05:00:00,179.78379821777344,181.46846314665845,178.50543918901624,180.86396404098633,48953900,180.98290405273437,183.20706939697266,186.1825714111328,181.76328804016114,181.38349249983173,182.91102440640114,184.5759811516012,39.712608545268274,-1.8142400487313637,-1.5020604590186692,-0.31217958971269444,-3.934348010530575,183.20706939697266,188.58956868410067,177.82457010984464,2.750481714252946,14.00163814823546,0.0,0.0,0.0,0.0,0.0
2024-02-29 05:00:00,179.11985778808594,180.92345088953732,177.9108594746495,179.63517226295397,136682600,180.6459716796875,183.03786010742186,185.85419555664063,181.8071826171875,180.97192255224155,182.54996091894253,184.36201552950257,38.352840213584194,-1.8884340322240973,-1.579335173659755,-0.3090988585643424,-3.4197116018286677,183.03786010742186,188.71796548074957,177.35775473409416,2.81084748810625,12.391487774972056,0.0,0.0,0.0,0.0,0.0
2024-03-01 05:00:00,178.03970336914062,178.90185225837237,175.78026722267666,177.93069482167198,73563100,180.2297607421875,182.6929069519043,185.53747131347657,181.84814414978027,180.43879179167774,182.12041258086617,184.1140817192923,36.1822705016453,-2.0112087702927113,-1.6657098929863463,-0.34549887730636497,-2.907456522873353,182.6929069519043,188.7146283031552,176.6711856006534,2.9085283840232217,11.29693815538006,0.0,0.0,0.0,0.0,0.0
2024-03-04 05:00:00,173.52081298828125,175.30456703921072,172.22261492332544,174.56133114426578,81510100,179.51526336669923,182.17199020385743,185.1095849609375,181.86651123046875,179.18097746378749,181.3014030958581,183.6986594161154,28.83094398437177,-2.4449613302691944,-1.821560180442916,-0.6234011498262784,-4.914465863480011,182.17199020385743,189.41785964845553,174.92612075925933,3.1782182040804634,14.021652667227306,0.0,0.0,0.0,0.0,0.0
2024-03-05 05:00:00,168.58570861816406,170.48839061409436,168.09021804252058,169.21993595014084,95132400,178.38157958984374,181.31375961303712,184.6247622680664,181.8571427154541,177.2545649464014,180.09038457417296,183.10599467894082,23.27034126363317,-3.1506166893453837,-2.0873714822234097,-1.063245207121974,-7.473089274417466,181.31375961303712,190.56395300144618,172.06356622462806,3.308461552999524,15.878361230215218,0.0,0.0,0.0,0.0,0.0
2024-03-06 05:00:00,167.59474182128906,169.69563232435493,167.15870765798908,169.5172478388351,68587700,177.07348175048827,180.32581329345703,184.12309020996094,181.83117179870607,175.49823346910821,178.90032335961257,182.49771025315056,22.338659574138035,-3.7466275933370525,-2.4192227044461383,-1.3274048888909142,-7.2349309504056265,180.32581329345703,190.97474764935814,169.67687893755593,3.2709470097407416,15.06642802951554,0.0,0.0,0.0,0.0,0.0
2024-03-07 05:00:00,167.475830078125,169.1902233947002,166.97043508778398,167.62447121611535,71765100,175.55034484863282,179.32647705078125,183.64041717529298,181.80406341552734,174.03961467074762,177.81227638042327,181.90861691295348,22.223677257354097,-4.18037692961326,-2.771453549479563,-1.4089233801336971,-6.917819116366464,179.32647705078125,190.86920857789175,167.78374552367075,3.2072404236734684,15.004012812525616,0.0,0.0,0.0,0.0,0.0
2024-03-08 05:00:00,169.19021606445312,172.13343143853632,167.41636636953461,167.4758228221548,76267000,174.38197631835936,178.46679916381837,183.20291900634766,181.79026496887207,173.15790583323954,176.9911277789023,181.40985609536523,27.97939215372928,-4.335809271893396,-3.0843246939623294,-1.2514845779310666,-6.356971560281077,178.46679916381837,190.35241205632892,166.5811862713078,3.3190787718901555,16.01852331527712,0.0,0.0,0.0,0.0,0.0
2024-03-11 04:00:00,171.19200134277344,172.8073055285168,170.49831753088682,171.3802901891083,60139500,173.5485580444336,177.6690589904785,182.80347717285156,181.7995050048828,172.80046865315478,176.43883002308053,181.00915590898907,34.11079306577,-4.248489241256607,-3.3171576034211854,-0.9313316378354215,-6.3025418871497045,177.6690589904785,189.23920586066498,166.09891212029203,3.4054367988661505,16.803219391368135,0.0,0.0,0.0,0.0,0.0
2024-03-12 04:00:00,171.6676788330078,172.4604668624585,169.4676992338398,171.58839851794536,59825400,172.61703491210938,176.97933654785157,182.4050372314453,181.8097415161133,172.59450686767352,175.98443467164503,180.64282347463686,35.51566567594061,-4.093714497334361,-3.4724689822038206,-0.62124551513054,-5.089856781211555,176.97933654785157,188.23375997286593,165.72491312283722,3.4613570513603116,16.89462601344151,0.0,0.0,0.0,0.0,0.0
2024-03-13 04:00:00,169.5866241455078,171.62804307697533,169.21995080494636,171.21183277143888,52488700,171.59731750488282,176.29011077880858,181.98576019287108,181.80389694213866,172.047619100007,175.37511938344147,180.2092470303573,32.273573917136375,-4.091810277055288,-3.596337241174114,-0.49547303588117364,-5.5365516664587116,176.29011077880858,187.5846472281258,164.99557432949138,3.449325533206117,16.946973723763175,0.0,0.0,0.0,0.0,0.0
2024-03-14 04:00:00,171.4397430419922,172.73792596009017,170.49831395125625,171.35055836544484,72913500,170.82930603027344,175.73763885498047,181.73992919921875,181.79527565002442,171.93709618036794,175.00032163663678,179.86534491316652,37.72515497055199,-3.8958609015950856,-3.6562419732583087,-0.2396189283367769,-5.272965887231451,175.73763885498047,186.83466751595805,164.6406101940029,3.4755145997036334,17.730706039086982,0.0,0.0,0.0,0.0,0.0
2024-03-15 04:00:00,171.06317138671875,171.06317138671875,168.75418335618096,169.62625165850892,121752700,170.13165283203125,175.1807067871094,181.51408050537108,181.77554222106934,171.7782007633408,174.6253549461684,179.52016163761957,37.07211360979755,-3.727981940027348,-3.670589966612117,-0.05739197341523106,-4.850618864160006,175.1807067871094,186.02696104924965,164.33445252496912,3.51798520278211,17.725178024311717,0.0,0.0,0.0,0.0,0.0
2024-03-18 04:00:00,172.15325927734375,176.107279800922,171.95506605696912,173.98658058844927,75604200,169.9948974609375,174.75508041381835,181.35635284423827,181.76150596618652,171.84639322043225,174.38991726342317,179.23126350584405,40.2941124932605,-3.4670101362417824,-3.6298740005380505,0.1628638642962681,-3.889350179690443,174.75508041381835,185.36046166776566,164.14969915987103,3.569658743367114,17.91143844487578,0.0,0.0,0.0,0.0,0.0
2024-03-19 04:00:00,174.49197387695312,175.01719271038215,171.46947815172825,172.76766112194616,55215200,170.5855239868164,174.4835517883301,181.25984924316407,181.74514671325684,172.32740788525422,174.3996369409022,179.04540901059343,46.610106250274924,-3.0364708331789245,-3.511193367066226,0.47472253388730135,-1.9926619877768337,174.4835517883301,184.80617889582618,164.160924680834,3.611422357725092,18.761798843494855,0.0,0.0,0.0,0.0,0.0
2024-03-20 04:00:00,177.05862426757812,177.05862426757812,173.51090945491785,174.1352325028599,53423100,171.53191223144532,174.3026969909668,181.12797912597657,181.73737632751465,173.18762904567674,174.65287382915707,178.96749588341635,52.5433936456868,-2.459803019468069,-3.3009152975465947,0.8411122780785258,2.0388397324624163,174.3026969909668,184.28982421816804,164.31556976376558,3.649645457565981,19.53793167555376,0.0,0.0,0.0,0.0,0.0
2024-03-21 04:00:00,169.82444763183594,175.8892630091755,169.29922879245808,175.45322885093574,106181300,171.76677398681642,173.6585594177246,180.85973937988283,181.70019660949708,172.57614151588749,174.1930237151265,178.60894497158966,39.2900379813807,-2.557051124745641,-3.1521424629864043,0.5950913382407634,0.7347829325661026,173.6585594177246,183.00452585544048,164.31259298000873,3.965345808259607,23.566959392427187,0.0,0.0,0.0,0.0,0.0
2024-03-22 04:00:00,170.7262420654297,171.48930183291895,168.52626256417108,170.21092760104455,71160100,171.92037658691407,173.15117645263672,180.58875091552736,181.66935188293456,172.2397961612588,173.862854034203,178.29981936742652,41.27845881053657,-2.532164458967088,-3.0281468621825414,0.49598240321545317,1.8684955208677412,173.15117645263672,181.932583212646,164.36976969262744,3.761485152754799,23.635745842178295,0.0,0.0,0.0,0.0,0.0
2024-03-25 04:00:00,169.3091583251953,170.38932429506946,167.92177545566648,169.0316847755244,54288300,171.73209228515626,172.64032516479492,180.30129699707032,181.6382819366455,171.70695291833815,173.4291687285832,177.94724442459395,39.11067342269821,-2.596853501136877,-2.9418881899734086,0.34503468883653143,1.0946822871187312,172.64032516479492,181.04067913607696,164.23997119351287,3.5739045573264088,23.6599331617358,0.0,0.0,0.0,0.0,0.0
2024-03-26 04:00:00,168.179443359375,169.8740129173693,168.05061095138228,168.46682128354186,57388400,171.38326873779297,172.00015182495116,179.98471740722655,181.58799102783203,171.06558754398122,172.9291948838967,177.5641934024285,37.42336789171285,-2.708061739413523,-2.895122899861432,0.18706116044790866,-0.5974179409364178,172.00015182495116,179.6406609226875,164.35964272721483,3.5229386501564925,23.333655386679915,0.0,0.0,0.0,0.0,0.0
2024-03-27 04:00:00,171.7469482421875,172.0343412561863,168.575811446925,168.87310882923745,60273300,171.59930114746095,171.5983093261719,179.78481658935547,181.55361297607422,171.18947130729146,172.8165999656387,177.33606614124258,45.429724984614964,-2.4797423144838433,-2.8120467827859144,0.33230446830207105,0.32416637171202023,171.5983093261719,178.30324803312735,164.89337061921643,3.6397321922918553,24.888771912948396,0.0,0.0,0.0,0.0,0.0
2024-03-28 04:00:00,169.93345642089844,170.67669234048742,168.97220342186947,170.20102558587905,65672700,171.44867248535155,171.1389892578125,179.56745086669923,181.49620010375978,170.96110496431092,172.54201486613962,177.04576772083695,42.45602078395103,-2.4172664167131472,-2.7330907095713615,0.31582429285821423,-1.0102206914537226,171.1389892578125,176.8609784220891,165.41700009353593,3.500995031671593,25.0633644507587,0.0,0.0,0.0,0.0,0.0
2024-04-01 04:00:00,168.49652099609375,169.70551918920845,167.95147834818596,169.64606274055888,46240500,171.19200744628907,170.66183013916014,179.20357025146484,181.43397163391114,170.51299878827143,172.15672973565904,176.71050314339604,40.21007692484413,-2.4553981954617257,-2.6775522067494344,0.22215401128770873,-0.6428001942409889,170.66183013916014,175.48130110290097,165.84235917541932,3.3842013608607937,25.123275830189858,0.0,0.0,0.0,0.0,0.0
2024-04-02 04:00:00,167.3172607421875,167.81275133793278,166.71276161053132,167.55510167176752,49329500,170.70840759277343,170.35165252685547,178.75810668945311,181.36268814086915,169.93195550716527,171.69582792675698,176.34214069628985,38.41407387742949,-2.551363817921498,-2.6523145289838475,0.10095071106234954,-2.404624637587638,170.35165252685547,175.19483189267706,165.5084731610339,3.2978436292139173,23.723800432840278,0.0,0.0,0.0,0.0,0.0
2024-04-03 04:00:00,168.11996459960938,169.14067408704202,167.05962251511946,167.2677201117247,47691700,170.07120666503906,170.32836532592773,178.28257598876954,181.28525131225587,169.60250261488235,171.35526951464766,176.01970241798867,40.36657934734757,-2.533441831872892,-2.6285399895616566,0.0950981576887644,-1.7205379528804188,170.32836532592773,175.2116097714869,165.44512088036856,3.271652453775425,21.595135258071384,0.0,0.0,0.0,0.0,0.0
2024-04-04 04:00:00,167.29745483398438,170.3694875068381,167.29745483398438,168.7541832986243,53704400,169.0950897216797,170.3135009765625,177.76506072998046,181.2090814971924,169.18340301835545,170.96881097363212,175.67765349312577,39.002093310066414,-2.5561425724616242,-2.61406050614165,0.05791793368002596,-2.820628818613613,170.3135009765625,175.2334531471488,165.3935488059762,3.265990372223381,21.562658715725906,0.0,0.0,0.0,0.0,0.0
2024-04-05 04:00:00,168.05059814453125,168.85329051832247,167.42627513328318,168.06050251317026,42104800,168.9177047729492,170.3422393798828,177.2760678100586,181.1362331390381,168.97743849584194,170.69088594228919,175.37855328337696,40.969722317721754,-2.4847184148455312,-2.588192087882427,0.1034736730368957,-3.6915025885168484,170.3422393798828,175.19870549049924,165.4857732692664,3.1852958006895853,21.619195769876292,0.0,0.0,0.0,0.0,0.0
2024-04-08 04:00:00,166.93080139160156,167.67403738632925,166.72270378093583,167.50557237539863,37425500,168.5381607055664,170.22926864624023,176.77121154785155,181.06296798706055,168.6053226587073,170.3327826517475,175.0472688954642,38.9575455229111,-2.489771953529896,-2.568508061011921,0.07873610748202475,-5.720039290868428,170.22926864624023,175.29900347460807,165.1595338178724,2.9198519399318843,21.416198924983927,0.0,0.0,0.0,0.0,0.0
2024-04-09 04:00:00,168.13978576660156,168.5460917055098,166.83169838821917,167.17853275073267,42373800,168.42122344970704,170.07665786743163,176.32517517089843,180.9807441711426,168.52067958741534,170.1239258055431,174.77638720413628,42.25503491050385,-2.368914611148341,-2.528589371039205,0.15967475989086388,-0.9920019695200621,170.07665786743163,175.20775576586067,164.9455599690026,2.788900422691652,21.123270340157212,0.0,0.0,0.0,0.0,0.0
2024-04-10 04:00:00,166.266845703125,167.56502882108228,165.60289002910008,167.27765088979615,49709300,168.22996368408204,169.8066162109375,175.85533813476562,180.8907349395752,168.11089160845347,169.75658484340804,174.4426796942927,38.76168608801307,-2.3966379563842963,-2.502199088108223,0.10556113172392667,-2.612015767673048,169.8066162109375,175.14926798490765,164.46396443696736,2.71669906018031,21.385404734320126,0.0,0.0,0.0,0.0,0.0
2024-04-11 04:00:00,173.46133422851562,173.87755961907308,166.6433941837476,166.82176353298163,91070300,168.40140228271486,170.0003517150879,175.6024319458008,180.84365715026854,169.08369935755567,170.1094181181802,174.40419555837988,54.36782279871144,-1.817127099983793,-2.365184690483337,0.548057590499544,2.4524225059019855,170.0003517150879,175.58494624426686,164.41575718590894,2.706078948810884,26.23007791767914,0.0,0.0,0.0,0.0,0.0
2024-04-12 04:00:00,174.95774841308594,176.7514221146486,172.63885584160187,172.68839280877705,101670900,168.9038314819336,170.17625198364257,175.45150604248047,180.79029167175293,170.15170827674297,170.5711638605522,174.4259035134664,56.831993293646114,-1.223014304889631,-2.1367506133645957,0.9137363084749648,4.030400456984906,170.17625198364257,176.15915169958993,164.19335226769522,2.788188020546516,26.130142024616944,0.0,0.0,0.0,0.0,0.0
2024-04-15 04:00:00,171.132568359375,175.03703722038412,170.94427948721847,173.77848669689703,73531800,169.1674362182617,170.1797218322754,175.17538208007812,180.71192710876466,170.33004647358516,170.62463095567819,174.29675311526674,49.476920529700486,-1.0487464007114795,-1.9191497708339726,0.8704033701224931,-0.35772390083236294,170.1797218322754,176.16486742675113,164.19457623779965,2.8802088150752616,27.366955316490294,0.0,0.0,0.0,0.0,0.0
2024-04-16 04:00:00,167.8524169921875,172.1929047923956,166.75242714722782,170.20103782824683,73711200,169.22095184326173,169.96467971801758,174.8536474609375,180.61548362731935,169.87956838605828,170.36061057820288,174.04403405161656,44.19497776384111,-1.1619246885445307,-1.7677047543760844,0.6057800658315537,-1.2246201969531745,169.96467971801758,175.96030939904563,163.96905003698953,3.138571363588174,28.090185451592053,0.0,0.0,0.0,0.0,0.0
2024-04-17 04:00:00,166.48484802246094,169.11094225529814,166.48484802246094,168.08032842085646,50901200,169.05744018554688,169.56432342529297,174.4683380126953,180.49058525085448,169.26234650176787,169.9914903347989,173.74759538380655,42.17349226090618,-1.3464496502319037,-1.6834537335472484,0.3370040833153447,-1.1938958512261788,169.56432342529297,175.35284410800733,163.7758027425786,3.0507996733043092,27.63731525469885,0.0,0.0,0.0,0.0,0.0
2024-04-18 04:00:00,165.53350830078125,167.11908441586118,165.04793714543356,166.5145852231191,43122900,168.88104553222655,168.98806762695312,174.03193481445314,180.36838256835938,168.5843759197703,169.5669206172734,173.42547432172714,40.776236444889285,-1.5515666817707086,-1.6570763231919405,0.10550964142123198,-1.066089914151036,168.98806762695312,173.8568646489878,164.11927060491846,3.000542705454994,26.921330904752395,0.0,0.0,0.0,0.0,0.0
2024-04-19 04:00:00,163.5118865966797,164.89925413145542,162.60018577080248,164.71098041837104,68149400,168.42717437744142,168.6724395751953,173.5529214477539,180.24164878845215,167.6621051337538,168.9902507105502,173.03670617564686,37.902461705413295,-1.8558582050212067,-1.6968326995577938,-0.15902550546341288,-2.74094633192683,168.6724395751953,174.09939436579106,163.24548478459957,3.0684958809740146,23.28487485269697,0.0,0.0,0.0,0.0,0.0
2024-04-22 04:00:00,164.34432983398438,165.75152141981465,163.28398774037723,164.0272236912775,48116400,168.16852722167968,168.35334396362305,173.11213256835939,180.1167082977295,167.05887326106847,168.54778205563917,172.69582867205224,39.7843522826603,-2.0067081350191813,-1.7588077866500715,-0.2479003483691098,-1.7651942182446811,168.35334396362305,174.017157464077,162.6895304631691,3.117336901965085,23.276139318766987,0.0,0.0,0.0,0.0,0.0
2024-04-23 04:00:00,165.394775390625,165.54343166054898,163.4326366212621,163.8587664496344,49537800,167.89402618408204,168.15762481689453,172.67709197998047,180.00259712219238,166.75631001189691,168.24749570659023,172.4095128570943,42.16615429571358,-2.0182307065958582,-1.810692370639229,-0.20753833595662918,-1.5803709021149248,168.15762481689453,173.95140820432235,162.3638414294667,3.11946143534825,23.31633970533015,0.0,0.0,0.0,0.0,0.0
2024-04-24 04:00:00,167.49566650390625,167.77314006308927,164.71101142134987,165.03802194946388,48251800,168.01690826416015,168.1234359741211,172.31776275634766,179.9092066192627,166.8907384649895,168.17589292538224,172.21681300010655,46.70646431938863,-1.8366661287762724,-1.8158871222666377,-0.020779006509634712,0.33838279550313377,168.1234359741211,173.9247422414879,162.32212970675428,3.1187540045543694,23.709574635918703,0.0,0.0,0.0,0.0,0.0
2024-04-25 04:00:00,168.35780334472656,169.07131105182287,166.63349053238153,168.0010494911784,50558300,167.50655517578124,167.95397872924804,172.01749603271483,179.82274253845216,167.1574775340326,168.19321772722458,172.06547928813086,48.4934586226639,-1.604709561943082,-1.7736516102019266,0.16894204825884462,0.12966447954658733,167.95397872924804,173.5020984712067,162.40585898728938,3.181752921347459,22.446487518598854,0.0,0.0,0.0,0.0,0.0
2024-04-26 04:00:00,167.77313232421875,169.79472746518425,167.65420428921547,168.34790327634968,44838400,166.78809356689453,167.84596252441406,171.72317504882812,179.72501426696778,167.2694147686119,168.15320959360497,171.89715195621275,47.33429538609047,-1.451330343844262,-1.7091873569303937,0.25785701308613174,0.9059452681163371,167.84596252441406,173.3153756300044,162.3765494188237,3.239797836516985,22.181511046331835,0.0,0.0,0.0,0.0,0.0
2024-04-29 04:00:00,171.9352569580078,174.44243845784558,171.5388704832316,171.8064245491769,68169400,166.8683624267578,168.01789932250978,171.51784393310547,179.6442963409424,168.11774971213842,168.51340458069095,171.89864627000864,55.490725991442645,-0.9826007253296041,-1.563870030610236,0.5812693052806319,-0.8797795066521119,168.01789932250978,173.78169989718313,162.25409874783642,3.5937201805409984,23.699338769615117,0.0,0.0,0.0,0.0,0.0
2024-04-30 04:00:00,168.7938232421875,173.4117990890393,168.46679764398493,171.76676673002254,65934800,166.9625030517578,168.09172744750975,171.28040466308593,179.54713096618653,168.24067217214733,168.5401111198811,171.77688850421174,49.286371599211826,-0.8547633921390627,-1.4220487029160014,0.5672853107769387,-3.5230935621925363,168.09172744750975,173.85556731754056,162.32788757747895,3.765727731080491,24.53428330205823,0.0,0.0,0.0,0.0,0.0
2024-05-01 04:00:00,167.77313232421875,171.1523820898212,167.58484346320657,168.05060587060277,50383100,167.0913314819336,168.07438583374022,171.03741638183592,179.4285752105713,168.1556649270694,168.4670655202942,171.61987845793752,47.43075906159664,-0.8262876813332696,-1.302896498599455,0.47660881726618554,-1.9630606069684586,168.07438583374022,173.83995475366493,162.30881691381552,3.4769294961281014,24.587304886255836,0.0,0.0,0.0,0.0,0.0
2024-05-02 04:00:00,171.469482421875,171.8559644998941,169.34878317714927,170.95416794412498,94214900,167.68492889404297,168.28298721313476,170.85329162597657,179.32978454589843,168.75817719885222,168.7530099871114,171.61398057417034,54.16138519815016,-0.4996957328110625,-1.1422563454417767,0.6425606126307142,2.154908159502922,168.28298721313476,174.22925976454007,162.33671466172945,3.4748056320301464,25.707294970620755,0.0,0.0,0.0,0.0,0.0
2024-05-03 04:00:00,181.7261199951172,185.31346675883958,181.01261238934663,184.96661732338913,163224100,169.50635223388673,168.96676330566407,170.83367004394532,179.27551544189453,171.11598497999128,169.98854427358813,172.0105350612663,66.84597899717741,0.5800689988859062,-0.79779127657624,1.3778602754621463,9.154750209220254,168.96676330566407,177.4180362261005,160.51549038522765,4.171321818015784,33.053670535348665,0.0,0.0,0.0,0.0,0.0
2024-05-06 04:00:00,180.07119750976562,182.53873097916653,178.79282331517493,180.7054248623681,78569700,171.07903900146485,169.62378311157227,170.81761596679686,179.22269454956054,172.74420543995024,170.94879696274788,172.32663947101136,63.77920675976343,1.2874114365818912,-0.3807507339446139,1.668162170526505,8.782324109610972,169.62378311157227,179.35483902826087,159.89272719488366,4.050281105074627,33.1705742042509,0.0,0.0,0.0,0.0,0.0
2024-05-07 04:00:00,180.75498962402344,183.23244296383282,179.6847430878599,181.79552305097843,77305800,172.61506042480468,170.25454330444336,170.84219207763672,179.179165725708,174.20071165523626,171.88272007334555,172.6571630064236,64.5038407699279,1.8814732708248698,0.07169406700928282,1.8097792038155869,10.545473718296572,170.25454330444336,181.14672520214464,159.36236140674208,4.116110079584321,33.14843444247925,0.0,0.0,0.0,0.0,0.0
2024-05-08 04:00:00,181.0919189453125,181.4189445721307,179.81354466582562,181.20092748758523,45057100,173.9746856689453,170.99579696655275,170.84437225341796,179.13332389831544,175.45365843525013,172.7597866325805,172.98793774912514,64.87670898247933,2.3523425937012234,0.527823772347671,1.8245188213535526,10.190548787564513,170.99579696655275,182.7305502515141,159.2610436815914,4.082842410718426,32.687927022717425,0.0,0.0,0.0,0.0,0.0
2024-05-09 04:00:00,182.90541076660156,182.99459544718977,180.4675903156434,180.91352883975787,48983000,175.4294464111328,171.46800079345704,170.90680450439453,179.09225563049316,176.80852249549582,173.7260365501063,173.37685825961444,66.89257156354597,2.8391159965852637,0.9900822171951895,1.8490337793900742,10.587175643620196,171.46800079345704,184.32671942015787,158.6092821667562,4.053819739401825,29.421593895420333,0.0,0.0,0.0,0.0,0.0
2024-05-10 04:00:00,181.64515686035156,183.66949389545601,180.7322193628195,183.48094965782863,50759500,176.8166488647461,171.8023712158203,170.95731048583986,179.0405429840088,177.68791056183323,174.48023848441537,173.70110526356493,64.13767031058693,3.0876034963908694,1.4095864730343255,1.678017023356544,8.447675484258177,171.8023712158203,185.37135021784306,158.23339221379754,4.087372657487474,29.53038706065096,0.0,0.0,0.0,0.0,0.0
2024-05-13 04:00:00,184.85035705566406,185.6640710757596,183.2030934113359,184.01680743143146,72044800,178.10815887451173,172.48826065063477,171.09352355957031,179.0111735534668,178.99017356071155,175.4678688245343,174.1383308240394,67.77289478216514,3.5027865560197142,1.8282264896314033,1.674560066388311,9.796132631386033,172.48826065063477,187.24915543360987,157.72736586765967,4.223666884353272,28.604626019779584,0.0,0.0,0.0,0.0,0.0
2024-05-14 04:00:00,185.9915313720703,186.8548647149755,184.8602810891409,186.07091921634225,52393600,179.8279296875,173.3952163696289,171.34293792724608,178.97462867736817,180.26314770823132,176.47012240049008,174.60316221807983,68.97858530039574,3.8791884820402913,2.238418888113181,1.6407695939271103,10.858949103152483,173.3952163696289,189.15221962798506,157.63821311127276,4.148122528465559,27.263749896689966,0.0,0.0,0.0,0.0,0.0
2024-05-15 04:00:00,188.26397705078125,189.18683240943687,185.9320062923224,186.46787049037354,70400000,181.87701416015625,174.48417282104492,171.73650329589844,178.94638626098632,181.7178439523313,177.59334665289876,175.13888044681323,71.2826030722661,4.311160717742297,2.6529672540390044,1.6581934637032925,9.497016715286865,174.48417282104492,191.21080019643205,157.7575454456578,4.206480071156498,26.889168709297696,0.0,0.0,0.0,0.0,0.0
2024-05-16 04:00:00,188.38302612304688,189.63336565724362,188.2044148419799,189.00819589014523,52845200,183.56836853027343,175.62664871215821,172.1522689819336,178.92288467407226,182.92969525609774,178.62093517386523,175.6582587086263,71.40243442939044,4.609967258968879,3.044367255024979,1.5656000039439002,11.60540267682222,175.62664871215821,192.89184952314298,158.36144790117345,4.1556534739632776,26.605966826047165,0.0,0.0,0.0,0.0,0.0
2024-05-17 04:00:00,188.4127960205078,189.34558420614056,187.7280891548122,188.05555831413108,41282900,184.2370361328125,176.8716941833496,172.57100830078124,178.91448616027833,183.92662266780866,179.55349334973596,176.15843664242558,71.43453425869674,4.793914515180688,3.3942767070561213,1.399637808124567,12.302126931982915,176.8716941833496,194.04958292579207,159.69380544090714,3.7948098252276714,25.79478849424809,0.0,0.0,0.0,0.0,0.0
2024-05-20 04:00:00,189.5738067626953,190.44705781727768,187.55938774134125,187.87693908543721,44361300,185.18729705810546,178.13316802978517,172.97868011474608,178.91885177612303,184.9533834123335,180.50780891287496,176.68452958831853,72.7205685695418,4.976017472954936,3.7106248602358844,1.2653926127190518,10.558336145365699,178.13316802978517,195.1422171628884,161.12411889668195,3.6478575845763896,25.78578068559719,0.0,0.0,0.0,0.0,0.0
2024-05-21 04:00:00,190.873779296875,191.25085261805762,189.4547462309282,189.62343971650407,42309400,186.1991760253906,179.40711822509766,173.37231567382813,178.97502433776856,186.02981902770466,181.49504418754165,177.24097075335996,74.12522603817925,5.165685491339929,4.001636986456694,1.164048504883235,5.033761410854742,179.40711822509766,196.21444351019414,162.59979294000118,3.5213267103274455,25.78416210810956,0.0,0.0,0.0,0.0,0.0
2024-05-22 04:00:00,189.43487548828125,191.3401532056599,188.80972090576984,190.7943713148317,34648500,187.0334716796875,180.50407867431642,173.7276596069336,179.03949951171876,186.64892020235493,182.2512185971359,177.7191630959059,69.83862497485619,5.1406332305134015,4.229436235268035,0.9111969952453665,5.199986509784726,180.50407867431642,196.89673530667534,164.1114220419575,3.410441004914211,26.220274092367774,0.0,0.0,0.0,0.0,0.0
2024-05-23 04:00:00,185.44578552246094,189.53416154393335,185.19770415918353,189.51431079519944,51005900,187.28750915527343,181.3584777832031,174.04484283447266,179.07934059143065,186.4301684423742,182.5554630662145,178.02216789694728,59.556094621533035,4.744204672985433,4.332389922811515,0.41181475017391733,2.5951128144205082,181.3584777832031,196.84160724323124,165.875348323175,2.731331936898871,27.964989708271116,0.0,0.0,0.0,0.0,0.0
2024-05-24 04:00:00,188.52195739746094,189.11735863774422,186.59684388111853,187.37087155015982,36327000,187.97518920898438,182.39591903686522,174.38648712158204,179.14250862121582,186.8104937069354,183.1237006215713,178.43392434794782,63.96246362265561,4.624940115970787,4.3908999614433695,0.23404015452741778,4.102910000303339,182.39591903686522,196.78840835565035,168.0034297180801,2.7260223262768477,28.066264455478347,0.0,0.0,0.0,0.0,0.0
2024-05-28 04:00:00,188.5319061279297,191.51880009814326,187.64873713728954,190.04022981736387,52280100,188.34334411621094,183.22575149536132,174.73586181640624,179.2068120574951,187.1234777834798,183.63876781265304,178.82992363343732,63.976133350096866,4.47958698437597,4.40863736602989,0.07094961834608071,3.076177647094247,183.22575149536132,196.97834172051003,169.47316127021261,2.749048260911191,27.228243560289805,0.0,0.0,0.0,0.0,0.0
2024-05-29 04:00:00,188.82958984375,190.7745542503335,188.05557725890648,188.15481585355153,53068000,188.6271499633789,184.22753982543946,175.06938842773437,179.27230751037598,187.4336799762562,184.13313181561466,179.22206740639075,64.41113509046994,4.338403750520996,4.394590642928112,-0.05618689240711561,3.9552020585507996,184.22753982543946,196.37952566266446,172.07555398821447,2.828589481277043,25.88013205015906,0.0,0.0,0.0,0.0,0.0
2024-05-30 04:00:00,189.8218994140625,190.70506832278696,189.16697622567534,189.29596821795033,49889100,188.78294219970704,185.32997817993163,175.37598693847656,179.3345111846924,187.86790169222098,184.67491920594304,179.63774709296612,65.88977373899269,4.257508205382948,4.367174155419079,-0.10966595003613122,2.689495675088871,185.32997817993163,194.9290794040323,175.73087695583095,2.7820518632406572,25.505215993273715,0.0,0.0,0.0,0.0,0.0
2024-05-31 04:00:00,190.77456665039062,191.09211806054816,188.45252874493116,189.9707854632458,75158300,189.0220962524414,186.29523239135742,175.6503057861328,179.41141189575194,188.39638623007,185.25583801017615,180.07448511482593,67.29467288060104,4.221606139521668,4.338060552239597,-0.11645441271792834,2.571641430679983,186.29523239135742,193.644760447456,178.94570433525882,2.76078863345355,24.820274349063812,0.0,0.0,0.0,0.0,0.0
2024-06-03 04:00:00,192.5408935546875,193.49353258818425,191.04248767189634,191.41956102246726,50080500,189.43490600585938,186.83597106933593,176.10463470458984,179.50149314880372,189.1499330163641,185.94965282393912,180.56336387717346,69.77992589870848,4.286271839380248,4.327702809667727,-0.041430970287478885,2.2717657253955803,186.83597106933593,194.35937247667076,179.3125696620011,2.66793518505252,14.462491655373613,0.0,0.0,0.0,0.0,0.0
2024-06-04 04:00:00,192.85842895507812,193.82098571162214,191.54855228534223,193.14619663099631,47471400,189.76336822509765,187.47533264160157,176.5472784423828,179.60586326599122,189.8242050052212,186.6076315030952,181.04552329199325,70.21806376696918,4.313419905803386,4.3248462288948595,-0.011426323091473733,2.3756932480254456,187.47533264160157,194.74733554772885,180.20332973547428,2.6870727398359833,13.761778910578368,0.0,0.0,0.0,0.0,0.0
2024-06-05 04:00:00,194.3667755126953,195.38886948576234,193.37445009094603,193.9003813531384,54156800,190.1126678466797,188.15592193603516,177.04843078613283,179.71535346984862,190.65012691567102,187.3465975992476,181.56792533986393,72.27438131745117,4.405857917929978,4.341048566701883,0.06480935122809495,3.160071724395741,188.15592193603516,195.32683633980787,180.98500753226244,2.635330912233822,13.848244736278357,0.0,0.0,0.0,0.0,0.0
2024-06-06 04:00:00,192.9874267578125,194.9919281725913,192.67980832687616,194.1881470745491,41181800,190.46792297363282,188.75069732666014,177.54459045410155,179.811275100708,191.0750905233331,187.88381942387284,182.01574892488154,67.67278083492877,4.318038135953856,4.336446480552278,-0.018408344598422666,1.8006812509653747,188.75069732666014,195.40964791363098,182.0917467396893,2.6984144144089237,14.359343089344087,0.0,0.0,0.0,0.0,0.0
2024-06-07 04:00:00,195.37892150878906,195.42854080055034,192.65002702042116,193.15610745634936,53103900,191.46123657226562,189.37437286376954,178.0172299194336,179.91228477478026,191.85760524796146,188.59763867005535,182.5397949085642,71.10748900109351,4.390799561709088,4.34731709678364,0.043482464925447495,2.360272965993415,189.37437286376954,196.06465279176945,182.68409293576963,2.781344323608983,14.532215435133821,0.0,0.0,0.0,0.0,0.0
2024-06-10 04:00:00,191.63784790039062,195.7857753291456,190.67529119421684,195.38883614317194,97010200,191.7728256225586,189.87400741577147,178.45131774902345,179.97536445617675,191.81764936658493,188.88718240627776,182.89658130040053,60.3121178393913,4.099335552594312,4.297720787945774,-0.1983852353514628,1.1629180774823444,189.87400741577147,195.54942275784705,184.1985920736959,2.9401167563941493,16.22937487400945,0.0,0.0,0.0,0.0,0.0
2024-06-11 04:00:00,205.56021118164062,205.57014412683193,192.14398198197847,192.1638175889916,172373300,193.47565612792968,190.9095001220703,179.19259155273437,180.13148132324218,194.3162969693223,190.4750899086933,183.78535109966487,75.32535920480149,4.934880359312416,4.425152702219103,0.5097276570933129,10.846526170713888,190.9095001220703,199.52251517515137,182.29648506898926,3.8069874592021415,29.363342224318156,0.0,0.0,0.0,0.0,0.0
2024-06-12 04:00:00,211.4347686767578,218.51003809526938,205.3121079690946,205.77850209290926,198134300,195.73617401123047,192.1816619873047,180.0749417114258,180.30595024108888,197.42874637067422,192.47124979136612,184.86964198504108,78.94466713254295,6.00189719769844,4.740501601314971,1.261395596383469,12.153921800732093,192.1816619873047,204.46863798318427,179.89468599142512,4.56895158965105,30.488833958741324,0.0,0.0,0.0,0.0,0.0
2024-06-13 04:00:00,212.5957794189453,215.08651049080893,209.97604121171418,213.09194207290335,97862700,198.01356201171876,193.39825210571288,180.9644580078125,180.4784157562256,200.18638874308712,194.38787166065939,185.95694149225304,79.58209584014115,6.862097603814192,5.164820801814816,1.6972768019993758,12.76382007970942,193.39825210571288,208.53894357127257,178.2575606401532,4.624238153532831,30.417897229482865,0.0,0.0,0.0,0.0,0.0
2024-06-14 04:00:00,210.85923767089844,213.51866257545944,209.678367977573,212.2088008716011,70122700,200.02202911376952,194.52206268310547,181.83569366455077,180.62277603149414,202.1269067299619,195.95657318544406,186.93350212670973,75.88176459665641,7.319315701595542,5.595719781770962,1.7235959198245805,11.6664172417984,194.52206268310547,211.3391409495004,177.70498441671054,4.636289688004486,30.792156191771188,0.0,0.0,0.0,0.0,0.0
2024-06-17 04:00:00,215.00714111328125,217.26964179829142,211.08745883873982,211.7324642876032,93728300,202.2686538696289,195.85177993774414,182.7748245239258,180.77043029785156,204.468767526929,197.7709129880952,188.03442914579097,78.45828506863471,7.92501088812034,6.061578003040838,1.8634328850795026,13.267827251207542,195.85177993774414,214.71594488683425,176.98761498865403,4.817742628471576,31.093417052646398,0.0,0.0,0.0,0.0,0.0
2024-06-18 04:00:00,212.6453857421875,216.95208913019513,211.36529274424583,215.9200623200828,79943300,204.24734954833986,197.00535888671874,183.6891162109375,180.9051885986328,205.9554253842487,199.18752944086592,188.99956469859083,73.63478751319789,8.120842746670832,6.473430951766837,1.6474117949039941,11.464221607630165,197.00535888671874,217.03857749573396,176.97214027770352,5.022586870937453,31.72932891843452,0.0,0.0,0.0,0.0,0.0
2024-06-20 04:00:00,208.07077026367188,212.59578653831548,207.24715355520107,212.28815296354617,86172500,205.6177490234375,197.8652084350586,184.4877359008789,181.00921577453613,206.34003354414384,200.03355237637123,189.74745511290774,65.26511054778976,7.8168004581131925,6.742104853036109,1.0746956050770837,8.06575497925246,197.8652084350586,218.26323214213076,177.46718472798645,5.274212135790988,33.18563045801942,0.0,0.0,0.0,0.0,0.0
2024-06-21 04:00:00,205.8975830078125,210.26380829361358,205.52049454653314,208.77532033595196,241805100,206.9087646484375,198.68834381103517,185.28035064697266,181.10119094848633,206.2595879920836,200.59203148412755,190.38079346172756,61.678480658657364,7.316150673640635,6.856914017157015,0.4592366564836201,6.760997755390585,198.68834381103517,218.98236420970449,178.39432341236585,5.424478166609804,33.34140174585433,0.0,0.0,0.0,0.0,0.0
2024-06-24 04:00:00,206.5426025390625,211.06760381745957,205.00449518251241,206.12582769938734,80727000,208.02513275146484,199.74318466186523,185.9419760131836,181.22994796752928,206.31104518244337,201.15875253697848,191.01458989613286,62.34000546926238,6.8919833045536905,6.86392787463635,0.028055429917340113,6.264356135069971,199.74318466186523,219.31945789168972,180.16691143204073,5.66334550212077,31.97113523800743,0.0,0.0,0.0,0.0,0.0
2024-06-25 04:00:00,207.46546936035156,209.75773850908567,207.0089930344414,207.54484206411715,55549700,209.60789489746094,200.69036026000975,186.5921304321289,181.38975936889648,206.52094048751758,201.75939223444257,191.65972242414145,63.3157451574496,6.554736328140507,6.802089565337182,-0.24735323719667512,7.502065210034714,200.69036026000975,219.80838513499245,181.57233538502706,5.730681398102432,31.706481490645857,0.0,0.0,0.0,0.0,0.0
2024-06-26 04:00:00,211.61338806152344,213.2110325348534,209.0234182045521,209.87681864015101,66213200,210.2132125854492,201.84443435668945,187.4017468261719,181.56724647521972,207.44684004642772,202.6978680274979,192.4422191158035,67.40363158803945,6.546701740694971,6.751012000408741,-0.20431025971377004,8.30922109067127,201.84443435668945,220.65633678087073,183.03253193250816,5.960333015517975,32.08305670378911,0.0,0.0,0.0,0.0,0.0
2024-06-27 04:00:00,212.4568634033203,214.0842763709762,210.7202940415425,213.04233172557286,49772700,210.31542205810547,203.02579803466796,188.29383575439454,181.74311920166016,208.35775338404454,203.6272961585286,193.22710712707868,68.18013661095594,6.533086330609535,6.7074268664489,-0.17434053583936482,10.86372850197681,203.02579803466796,221.35777478891205,184.69382128042386,6.035466050069301,32.050622786641036,0.0,0.0,0.0,0.0,0.0
2024-06-28 04:00:00,209.00355529785156,214.41174043740799,208.68601906723538,214.1140398112984,82542700,209.9561996459961,203.98488082885743,189.14420989990234,181.9168482208252,208.4751719138276,204.1393208384641,193.8457913690698,61.699680316624125,6.172490290583767,6.600439551275874,-0.4279492606921069,1.6751024414779714,203.98488082885743,221.39198985847844,186.57777179923642,6.245980877929546,33.020595698805565,0.0,0.0,0.0,0.0,0.0
2024-07-01 04:00:00,215.08653259277344,215.84069445328046,210.29359904602236,210.46229254870087,60402900,210.3789291381836,205.20047912597656,190.1352703857422,182.13132110595703,209.67723749181772,205.1819124341126,194.6787616131366,67.5505521082038,6.304882005935269,6.541328042207753,-0.23644603627248362,1.7271350113653439,205.20047912597656,222.11180233012809,188.28915592182503,6.369313379393843,34.10888375577121,0.0,0.0,0.0,0.0,0.0
2024-07-02 04:00:00,218.5795135498047,218.6886699462021,213.44919320249295,214.4911227279333,58046200,210.73616638183594,206.5024101257324,191.2366229248047,182.35569747924805,211.29583313872442,206.4578744451309,195.61604600280987,70.35138559679208,6.6153995572024655,6.5561423452066965,0.059257211995769055,2.8146062669794247,206.5024101257324,223.31906238762176,189.68575786384307,5.748397702055832,34.28070450880843,0.0,0.0,0.0,0.0,0.0
2024-07-03 04:00:00,219.84970092773438,219.84970092773438,217.34903661716913,218.31159349071294,37369800,211.45659790039062,207.85197372436522,192.3467303466797,182.59003242492676,212.8510818276353,207.7332864910931,196.56638541163042,71.3207866160618,6.884618859059202,6.621837647977198,0.2627812110820038,4.263727478170964,207.85197372436522,224.38815115826122,191.31579629046922,4.9843072866551505,34.23313211667738,0.0,0.0,0.0,0.0,0.0
2024-07-05 04:00:00,224.60292053222656,224.71207692855523,219.94891212590596,219.94891212590596,60412400,213.10981292724608,209.3637809753418,193.5308932495117,182.8335048675537,214.98777977392461,209.3399183045344,197.665857377144,74.6597709172367,7.396262680996955,6.7767226545811505,0.6195400264158044,4.463004981722718,209.3637809753418,226.23416583018374,192.49339612049985,4.966586338207015,34.63649949088008,0.0,0.0,0.0,0.0,0.0
2024-07-08 04:00:00,226.07156372070312,226.1013322692385,221.53662969916704,225.34715532852172,59085900,215.12721099853516,211.01798782348632,194.70241119384767,183.07888420104982,217.00301321879343,210.9334083441695,198.77980664551887,75.60484074580484,7.8299920530375005,6.987376534272421,0.8426155187650792,6.3138816446238755,211.01798782348632,227.61306620197584,194.4229094449968,5.018329764791659,34.211153852655904,0.0,0.0,0.0,0.0,0.0
2024-07-09 04:00:00,226.92495727539062,227.63943274976205,224.63268810415036,226.180713251394,48076100,217.16544647216796,212.5952896118164,195.87375427246093,183.34622329711914,218.80700304726565,212.4564130042858,199.88353804276875,76.16120022790906,8.148654812667843,7.219632189951506,0.929022622716337,9.06142991051857,212.5952896118164,228.92625882702166,196.26432039661117,4.7752112303787095,34.206456220676934,0.0,0.0,0.0,0.0,0.0
2024-07-10 04:00:00,231.1919403076172,231.29117889263895,227.49057123987387,227.54019053238477,62627700,219.53809356689453,214.57299423217773,197.1421304321289,183.64260711669922,221.058809821875,214.24074893793642,201.1113185237432,78.76848817650664,8.645843315659334,7.504874415093072,1.1409689005662624,12.284921916176605,214.57299423217773,229.7576289962981,199.38835946805736,4.688027318328641,32.87863972624969,0.0,0.0,0.0,0.0,0.0
2024-07-11 04:00:00,225.823486328125,230.60648662367137,224.03729767642758,229.61416127735984,64710600,220.9591033935547,215.58615798950194,198.21989501953124,183.90789825439452,221.92511464119318,215.34386678462104,202.0804231435229,68.60233780890428,8.508597599517572,7.705619051977973,0.802978547539599,9.335063832855495,215.58615798950194,230.9418404931125,200.2304754858914,4.813485207200295,25.225378626963487,0.0,0.0,0.0,0.0,0.0
2024-07-12 04:00:00,228.77069091796875,230.8545803134063,226.92496506939614,227.1631286162611,53046500,222.59048614501953,216.4529541015625,199.41943237304687,184.18155014038086,223.16976487333417,216.62261194017796,203.12710031114824,70.82827003724663,8.53920946897216,7.872337135376811,0.6668723335953493,10.269285594033795,216.4529541015625,232.75023734166575,200.15567086145927,4.834040938500357,23.851391536262575,0.0,0.0,0.0,0.0,0.0
2024-07-15 04:00:00,232.60105895996094,235.409341553401,231.30111515749465,234.66509753137677,62631300,224.95023651123046,217.45321807861328,200.7159909057617,184.4947151184082,224.8845456163572,218.14436879920493,204.28294182678795,73.46159439418547,8.771436623957669,8.052157033092982,0.7192795908646872,9.91793151212892,217.45321807861328,235.14936561237178,199.75707054485477,4.875151081392149,24.271960953519333,0.0,0.0,0.0,0.0,0.0
2024-07-16 04:00:00,233.01785278320312,234.4567215545301,230.54695713829173,233.19646408342908,43234300,226.74336853027344,218.5611488342285,201.94695831298827,184.8175257873535,226.3633287376019,219.56089108339523,205.40980107998072,73.73938181095654,8.886670094544456,8.219059645383277,0.6676104491611792,9.67772424506268,218.5611488342285,237.2649724961309,199.8573251723261,4.9247673989789496,23.829530930137306,0.0,0.0,0.0,0.0,0.0
2024-07-17 04:00:00,227.12342834472656,229.6836295353235,224.9006141352506,227.68904591405493,57345900,227.59776000976564,219.16696319580078,202.85490447998046,185.10957901000975,226.50152866617,220.28113272733154,206.26131587467665,63.60023772905339,8.40546963800844,8.25634164390831,0.14912799410013022,8.66964823686962,219.16696319580078,238.16861565416622,200.16531073743533,5.094172789939713,25.475552329601015,0.0,0.0,0.0,0.0,0.0
2024-07-18 04:00:00,222.45950317382812,228.67146993188885,220.5641731481692,228.51269423226466,66034600,227.858740234375,219.6576690673828,203.70267059326173,185.37574287414552,225.76661494028963,220.48859657937882,206.89653890601593,56.93004776126793,7.560620894747444,8.117197494076137,-0.5565765993286931,3.427908987223316,219.6576690673828,238.45600204879776,200.85933608596787,5.432980965245853,26.37398396326977,0.0,0.0,0.0,0.0,0.0
2024-07-19 04:00:00,222.5885009765625,225.0593965950336,221.56640705838353,223.09459660515446,49151500,227.65729827880858,220.38355560302733,204.5393408203125,185.62999885559083,225.1887760377938,220.6885874743487,207.51190996760602,57.06417429634559,6.822831864835223,7.858324368227955,-1.0354925033927325,1.8341094101869349,220.38355560302733,238.40306322069745,202.36404798535722,5.273500119994243,24.83962789679102,0.0,0.0,0.0,0.0,0.0
2024-07-22 04:00:00,222.24119567871094,226.03187070395737,221.3778623137636,225.26777593230437,48201800,227.27426147460938,221.20073623657225,205.36232635498047,185.8891901397705,224.65285233614236,220.8364549223832,208.08952901510034,56.55353544554313,6.1393336909746665,7.514526232777298,-1.3751925418026314,1.0877862198059862,221.20073623657225,237.88725364993186,204.51421882321264,5.1175622081917345,24.37422963170383,0.0,0.0,0.0,0.0,0.0
2024-07-23 04:00:00,223.28311157226562,225.19830728583617,220.97099179310993,222.64802398231987,39960300,226.9100769042969,222.03776168823242,206.16988037109374,186.1473639678955,224.40380856089203,221.06946984141962,208.685355782048,57.77430328280577,5.61698130477518,7.135017247176875,-1.5180359424016947,-0.5876187882301265,222.03776168823242,237.24200294204923,206.83352043441562,5.045264975978668,24.37366186388623,0.0,0.0,0.0,0.0,0.0
2024-07-24 04:00:00,216.86277770996094,223.0747441599071,215.46361045876344,222.280880842846,61777600,225.47716064453124,222.50762710571288,206.87423278808595,186.36725852966308,223.0327120425409,220.66883249556642,209.00603899490733,48.69464552931271,4.631556291759551,6.634325056093411,-2.00276876433386,-4.073394220477478,222.50762710571288,236.3341143314807,208.68113987994508,5.425181890474164,27.00303902803342,0.0,0.0,0.0,0.0,0.0
2024-07-25 04:00:00,215.82083129882812,219.1550448561193,212.9728474396388,217.2497669876539,51391200,224.47689514160157,222.71799926757814,207.49364227294922,186.56919273376465,221.72146099822947,220.20711809587704,209.27328575192382,47.39291632087579,3.7236001571212114,6.052180076298972,-2.328579919177761,-4.893303103319213,222.71799926757814,235.96233845676653,209.47366007838974,5.519454848735568,26.27972582135892,0.0,0.0,0.0,0.0,0.0
2024-07-26 04:00:00,216.28724670410156,217.80550332568987,214.35220009781358,217.02155779536062,41601300,223.22855072021486,222.90951843261718,208.09955657958983,186.76604598999023,220.73342203566074,219.83379701094603,209.5483430441661,48.062237950711854,3.0070112502654354,5.443146311092265,-2.43613506082683,-6.446891523849785,222.90951843261718,235.6294948489156,210.18954201631874,5.440069181435912,26.261265775934756,0.0,0.0,0.0,0.0,0.0
2024-07-29 04:00:00,216.56509399414062,217.61695646267233,214.0941983741811,215.29491873308154,36311800,221.6249542236328,223.28759536743163,208.66557891845704,186.96725372314452,219.9755442099298,219.52249196172647,209.82350974808668,48.48273350310559,2.43347771674604,4.8412125922230205,-2.4077348754769803,-4.099835887101566,223.28759536743163,234.64361966733927,211.931571067524,5.4769272844987364,25.456377815080717,0.0,0.0,0.0,0.0,0.0
2024-07-30 04:00:00,217.1208038330078,218.63906050664175,214.4613638470993,217.50781013919521,41643800,220.03524932861328,223.38930892944336,209.24033447265626,187.16427169799806,219.45650050503488,219.29375975899134,210.10967814357377,49.365710718111714,2.000726272026583,4.273115328183733,-2.2723890561571505,-5.092386196070143,223.38930892944336,234.46913024423526,212.30948761465146,5.463461216091174,23.350877786002737,0.0,0.0,0.0,0.0,0.0
2024-07-31 04:00:00,220.3756103515625,222.10226187087767,218.93674165630796,219.7405227481965,50036300,219.36046752929687,223.47911376953124,209.87959075927733,187.37306632995606,219.6236113862217,219.39679314876003,210.51226372035765,54.30564335785239,1.8985183806692305,3.7981959386808333,-1.8996775580116028,-5.255972893271688,223.47911376953124,234.42307188237925,212.53515565668323,5.308233745139764,23.243694133988683,0.0,0.0,0.0,0.0,0.0
2024-08-01 04:00:00,216.6841583251953,222.7571844619209,215.35444602521784,222.64802807062824,62501000,218.7829330444336,223.3208366394043,210.42179779052734,187.5725959777832,219.089165375126,219.13844697508722,210.7542988029003,48.523543926881835,1.5023306302868207,3.339022877002031,-1.8366922467152103,-7.009632207539251,223.3208366394043,234.5730297823647,212.06864349644388,5.477636920241317,23.930985856629178,0.0,0.0,0.0,0.0,0.0
2024-08-02 04:00:00,218.1726531982422,223.86860618805187,216.0391597412521,217.46809553371503,105568600,218.34134826660156,222.99932327270508,210.96777526855467,187.78021049499512,218.92252679751073,219.0464666153877,211.04521466154117,50.79840346212745,1.2935468769221643,2.929927676986058,-1.6363808000638937,-3.9409299215486193,222.99932327270508,234.4627564567781,211.53589008863207,5.562693763910427,22.651690777371254,0.0,0.0,0.0,0.0,0.0
2024-08-05 04:00:00,207.66392517089844,211.8614570593827,194.49576385779395,197.56204548052773,119548600,216.8836212158203,222.07894134521484,211.33235626220704,187.94304054260255,216.87550831994486,217.96241504924586,210.91261507367284,38.02288565231963,0.27692549672673294,2.399327240934193,-2.12240174420746,-6.650908498779007,222.07894134521484,235.32155710255546,208.83632558787423,6.974631258496847,27.850459802480128,0.0,0.0,0.0,0.0,0.0
2024-08-06 04:00:00,205.6396026611328,208.37843064571763,199.52688928096438,203.72442177434476,69660500,215.11927032470703,221.01467361450196,211.73623260498047,188.1022230529785,214.832616381979,216.78881386942555,210.70583027318108,36.137497562112024,-0.6842129984700875,1.782619193053337,-2.466832191523425,-7.6144536851947775,221.01467361450196,235.93274681011135,206.09660041889256,7.027081452554041,27.75752497190453,0.0,0.0,0.0,0.0,0.0
2024-08-07 04:00:00,208.209716796875,212.00039184379946,204.80603289763474,205.31211338628992,63516400,214.25396423339845,219.86556243896484,212.12998779296876,188.27613426208495,213.62845282105098,215.97175700537312,210.60794347018867,40.192304175084274,-1.224421085035516,1.1812111374355665,-2.405632222471082,-6.313626435902064,219.86556243896484,235.02151207330795,204.70961280462174,6.9618716070144036,27.130590086494227,0.0,0.0,0.0,0.0,0.0
2024-08-08 04:00:00,211.67291259765625,212.5560815310077,207.22729938249148,211.47445056104476,47161100,213.83917236328125,219.1580337524414,212.59280792236328,188.4801117706299,213.27290005316104,215.56234325225725,210.64970696538347,45.23791243039646,-1.3574411905725015,0.673480671833953,-2.0309218624064544,-5.199765845636617,219.1580337524414,234.46334113443524,203.85272637044758,7.092999650719128,27.28416712341522,0.0,0.0,0.0,0.0,0.0
2024-08-09 04:00:00,214.58042907714844,215.1162780786914,210.3431957915856,210.47220292637738,42201600,213.66849060058593,218.4485206604004,213.10782470703126,188.6980339050293,213.5106326029769,215.4688276165326,210.80385293055073,49.11890431544425,-1.214251170158235,0.29593430343551536,-1.5101854735937503,-1.0524390847123533,218.4485206604004,233.1825283833021,203.71451293749868,7.101504929069987,27.33893345996164,0.0,0.0,0.0,0.0,0.0
2024-08-12 04:00:00,216.1103973388672,218.07747160820446,214.1929998012183,214.65993379251097,38028100,213.6230209350586,217.6239875793457,213.63359466552734,188.92143142700195,213.9833171004115,215.52992949485017,211.01195271126903,51.083455854696396,-0.9661788863329264,0.04351166548182703,-1.0096905518147534,0.1341696435401607,217.6239875793457,230.78499503005816,204.46298012863326,7.077016094374268,26.619140167557877,0.0,0.0,0.0,0.0,0.0
2024-08-13 04:00:00,219.82598876953125,220.44193777769505,217.58072790378117,217.58072790378117,44155300,213.89353942871094,216.96439437866212,214.21462310791014,189.17497138977052,215.04562104025143,215.93907799720074,211.35760118414206,55.57001458177053,-0.4644092177976802,-0.05807251117407442,-0.40633670662360577,1.6361307101342648,216.96439437866212,228.0329274515191,205.89586130580514,6.827876046183245,27.572172193877805,0.0,0.0,0.0,0.0,0.0
2024-08-14 04:00:00,220.27304077148438,221.5744891931242,218.2662191901357,219.13055181670978,41960600,213.88328247070314,216.621875,214.76926605224608,189.45155281066894,215.9960609913847,216.35183635665632,211.70722626599863,56.09183094290021,-0.030330152917116493,-0.052524039522682836,0.022193886605566343,1.7121627077372192,216.621875,226.75082044479564,206.49292955520434,6.6225955166481025,26.28669452087719,0.0,0.0,0.0,0.0,0.0
2024-08-15 04:00:00,223.2534637451172,223.87935717471936,221.30624816369337,223.13425172393934,46414000,214.54021301269532,216.66157302856445,215.37716674804688,189.73646324157716,217.31558876479056,217.00913420317642,212.16001989263074,59.50637499186484,0.5478604645060727,0.06755286128306828,0.4803076032230045,2.824538139065713,216.66157302856445,226.89256148810426,206.43058456902463,6.6335250291737236,25.77362311648915,0.0,0.0,0.0,0.0,0.0
2024-08-16 04:00:00,224.5747833251953,225.34969177239586,222.19043681447837,222.45867901826594,44340200,215.18042602539063,216.7608871459961,215.98132690429688,190.0177503967285,218.63544232122777,217.72967221479726,212.64687336057446,60.95600217291557,1.1000197983395594,0.2740462486943665,0.825973549645193,1.9054617554700837,216.7608871459961,227.2689341827439,206.2528401092483,6.607560519847027,25.850711913807185,0.0,0.0,0.0,0.0,0.0
2024-08-19 04:00:00,224.41583251953125,224.51518597934856,221.58442566604344,224.2469437652095,40687800,216.8556167602539,216.8696189880371,216.60989501953125,190.29587036132813,219.68642235728294,218.3664493866767,213.10840117072965,60.674607295468064,1.5074075905112068,0.5207185170577346,0.9866890734534721,3.5681769512344363,216.8696189880371,227.65770651465627,206.08153146141794,6.5227505912477,25.84315358079101,0.0,0.0,0.0,0.0,0.0
2024-08-20 04:00:00,225.0317840576172,225.68748051768907,223.97870407222223,224.29662301984854,30299000,218.79483489990236,216.9570526123047,217.2029522705078,190.56125541687013,220.65830630279822,219.0012431648615,213.57598481335268,61.41789025657069,1.858543361313366,0.788283485908861,1.070259875404505,3.143900373775299,216.9570526123047,227.9895749942305,205.92453023037888,6.2889876203617705,25.8117145609758,0.0,0.0,0.0,0.0,0.0
2024-08-21 04:00:00,224.9224853515625,226.4921759358446,223.58130467937312,225.04171252806572,34765500,220.4661117553711,217.36003799438475,217.86864501953124,190.8083026123047,221.4336115843917,219.56517099216637,214.02094561877266,61.196854076764986,2.103750768025094,1.0513769423321078,1.0523738256929862,8.310812851322646,217.36003799438475,228.95263907951036,205.76743690925915,5.968139964630944,23.397281168821063,0.0,0.0,0.0,0.0,0.0
2024-08-22 04:00:00,223.06472778320312,226.8498614975527,222.43883427921395,226.3034477368646,43695300,221.60529327392578,217.72223281860352,218.2187353515625,191.05060775756837,221.73017816599378,219.89846211512227,214.37560374286798,57.4146096587981,2.123693280445508,1.2658402099547879,0.8578530704907201,8.47362322071039,217.72223281860352,229.5623566278401,205.88210900936693,5.723967162598013,23.56077164325763,0.0,0.0,0.0,0.0,0.0
2024-08-23 04:00:00,225.359619140625,226.7306179936649,222.8660050723941,224.18732719786422,38677300,222.68321228027344,218.17585144042968,218.49723236083983,191.29163688659668,222.39007652501763,220.4185723080273,214.80634944474082,60.64997466820402,2.298184379595483,1.4723090438829272,0.8258753357125559,8.236840531549783,218.17585144042968,230.47091346794707,205.8807894129123,4.308804561228196,23.754992267980896,0.0,0.0,0.0,0.0,0.0
2024-08-26 04:00:00,225.69740295410156,225.79675641202357,222.4288803537143,225.28014571740593,30602200,223.64191284179688,218.63246688842773,218.75926483154296,191.52155479431153,222.99140860303288,220.92131808384391,215.23344958236282,61.11821650737157,2.435649512145943,1.6649771375355304,0.7706723746104127,6.625547966594469,218.63246688842773,231.34681732209046,205.918116454765,3.917114182196483,23.7540610175867,0.0,0.0,0.0,0.0,0.0
2024-08-27 04:00:00,226.5418701171875,227.35652605602343,223.4223624308928,224.52511915345738,35934600,224.3135009765625,219.10352020263673,219.07291748046876,191.75040702819825,223.63694706015187,221.45660875368617,215.67691705431676,62.32520926741896,2.5829583268729834,1.8485733754030211,0.7343849514699623,5.574339230973635,219.10352020263673,232.27202783304716,205.9350125722263,3.6842430878369044,23.760288093725983,0.0,0.0,0.0,0.0,0.0
2024-08-28 04:00:00,225.01190185546875,228.35990394020044,224.2071752885293,226.43256221050876,38052200,224.78738708496093,219.33533477783203,219.2730126953125,191.97398162841796,223.88693884111856,221.79520809671305,216.04299488965606,58.765880741899274,2.546887043153106,1.9882361089530383,0.5586509342000676,4.118961709483959,219.33533477783203,232.7588927673942,205.91177678826986,3.600239266633685,23.463752079344815,0.0,0.0,0.0,0.0,0.0
2024-08-29 04:00:00,228.29039001464844,231.3999685703833,227.38634017099784,228.59837969678284,51906300,225.29107971191405,219.9156463623047,219.58591278076173,192.19301620483398,224.6875663272149,222.41379685080213,216.52328489455772,63.5673189360588,2.7511335310774427,2.140815593377919,0.6103179376995236,3.850500703987003,219.9156463623047,233.85038610252045,205.98090662208895,3.715595297191452,22.922765960144815,0.0,0.0,0.0,0.0,0.0
2024-08-30 04:00:00,227.50552368164062,228.89638108151303,225.9954391052015,228.68776005113654,52990800,225.5841537475586,220.3822898864746,219.9746078491211,192.4160440826416,225.19992220983778,222.89872321564388,216.95396092542373,61.71460098339858,2.8171933394269217,2.27609114258772,0.5411021968392018,3.2834172011360074,220.3822898864746,234.6913132023698,206.07326657057942,3.6453431664289764,22.966845821499117,0.0,0.0,0.0,0.0,0.0
2024-09-03 04:00:00,221.31619262695312,227.50553099413642,219.7266282681139,227.05847075546578,50190600,225.2741897583008,221.06490325927734,220.28298004150392,192.5950609588623,224.49378955840422,222.74800601672095,217.12502883528762,49.46987831745259,2.3431090214985772,2.2894947183698915,0.05361430312868576,-0.8677451564092165,221.06490325927734,234.06166283247072,208.06814368608397,3.891583329800024,17.40089908309957,0.0,0.0,0.0,0.0,0.0
2024-09-04 04:00:00,219.4087371826172,220.33266071869627,216.06071952153204,220.21344869061124,43840200,224.71188507080078,221.75335998535155,220.540302734375,192.76171997070313,223.5692345809884,222.42998041347298,217.214586025379,46.41354219276064,1.7928116540977328,2.1901581055154598,-0.39734645141772695,-2.3003678623603196,221.75335998535155,232.58871528686757,210.91800468383553,4.030669265688066,17.293328718281554,0.0,0.0,0.0,0.0,0.0
2024-09-05 04:00:00,220.92874145507812,224.00850159902006,220.07435325324454,220.1836359939166,36615400,224.31251068115233,222.38931121826172,220.80956817626952,192.92756629943847,223.08914492173196,222.28700527457823,217.36023917948484,49.111617157899325,1.462489993064338,2.0446244830252356,-0.5821344899608976,-1.5538525180257223,222.38931121826172,231.1772747200165,213.60134771650695,4.1016298380572005,17.01120387228519,0.0,0.0,0.0,0.0,0.0
2024-09-06 04:00:00,219.37892150878906,223.7700744804958,218.33577084564575,222.4884846157397,48423000,223.94393005371094,222.77461166381835,220.96487884521486,193.0857625579834,222.41455884665143,222.01004491593164,217.43940319239874,46.53865212713217,1.063392057871937,1.848377997994576,-0.7849859401226391,-2.512028499663299,222.77461166381835,230.1457724672694,215.4034508603673,4.264133314980954,16.56724936501303,0.0,0.0,0.0,0.0,0.0
2024-09-09 04:00:00,219.4683380126953,219.82598924771256,215.2957503769675,219.37892899374344,67180000,223.35480194091798,223.0190071105957,221.10510833740236,193.2356964111328,221.87888233138665,221.7679775918139,217.51896926378294,46.71211210180046,0.745723002886109,1.6278469989728828,-0.8821239960867737,-2.424900885450443,223.0190071105957,229.518866049282,216.51914817190942,4.374124830094753,15.962581686834188,0.0,0.0,0.0,0.0,0.0
2024-09-10 04:00:00,218.67355346679688,220.03460793809228,215.31560663834654,217.49131703149231,51591000,222.6524169921875,223.14716491699218,221.29850830078124,193.38566467285156,221.2960952650976,221.47327053228847,217.56424707566583,45.30502129568299,0.42493710710888877,1.387265020600084,-0.9623279134911953,-1.968565070795969,223.14716491699218,229.15600716442384,217.13832266956052,4.589140891114675,15.886641994165954,0.0,0.0,0.0,0.0,0.0
2024-09-11 04:00:00,221.2069091796875,221.63409569372266,216.46803428284608,220.01474349397893,44587100,222.1189208984375,223.2162109375,221.42091583251954,193.54498420715333,221.27987961320486,221.4479027844217,217.7070965699412,50.43054459460205,0.3708575919914381,1.183983534878355,-0.8131259428869169,-1.8427036648239081,223.2162109375,229.09468932545198,217.337732549548,4.75022590214361,15.222362616387372,0.0,0.0,0.0,0.0,0.0
2024-09-12 04:00:00,221.31619262695312,222.09110108310472,218.38544755210194,221.04795042006705,37455600,221.74934997558594,223.26836853027345,221.4756494140625,193.71148139953613,221.2864819793409,221.43535895990087,217.84862974864754,50.645407389763164,0.33297907204320154,1.0137826423113243,-0.6808035702681228,-1.941187745097539,223.26836853027345,229.0546831361853,217.4820539243616,4.699842067333898,15.20967698478347,0.0,0.0,0.0,0.0,0.0
2024-09-13 04:00:00,221.0479278564453,222.57787088931047,220.46178193314816,222.1208814152579,36766600,221.0251037597656,223.15809173583983,221.4996139526367,193.87752792358398,221.24310850245075,221.39846075957178,217.97409241954156,50.07164395900385,0.2781074969772419,0.8666476132445079,-0.588540116267266,-2.425133269139268,223.15809173583983,229.0290504062133,217.28713306546638,4.574947498397577,14.384068333849584,0.0,0.0,0.0,0.0,0.0
2024-09-16 04:00:00,214.90829467773438,215.80241517960704,212.52394807405793,215.126845002842,59357400,219.765380859375,222.6747673034668,221.30572143554687,194.0098575592041,220.09132417068412,220.7803497041587,217.85386505711776,39.14213263386233,-0.25782367719642707,0.6417533551563209,-0.899577032352748,-4.490254557389683,222.6747673034668,229.55882708975827,215.79070751717535,4.943240621546015,17.116126528074346,0.0,0.0,0.0,0.0,0.0
2024-09-17 04:00:00,215.37521362304688,215.48449636527135,213.10016491936787,214.34200737227792,45519300,219.17128295898436,222.22273635864258,221.09179443359375,194.1496189880371,219.23384952565914,220.26557483929093,217.7566630400954,40.21097611308182,-0.6375275168551582,0.3858971807540251,-1.0234246976091832,-5.657345624917831,222.22273635864258,229.77980850494566,214.6656642123395,4.83253832302979,17.178556905642107,0.0,0.0,0.0,0.0,0.0
2024-09-18 04:00:00,219.249755859375,221.2565773677011,216.12030400107497,216.1302484418979,59894900,219.15538482666017,221.93363494873046,220.93829040527345,194.30588272094727,219.23674158633474,220.16883017453702,217.81521569967498,48.32185450535966,-0.6186707169165686,0.18498360121990637,-0.803654318136475,-3.6288208253872134,221.93363494873046,229.48061948193026,214.38665041553065,4.956012258242869,18.53549550066886,0.0,0.0,0.0,0.0,0.0
2024-09-19 04:00:00,227.37637329101562,228.32018565098164,223.16405353373213,223.52170475455895,66781300,219.8001480102539,222.05632934570312,220.8619790649414,194.4963957977295,220.71667462354944,220.8552628522969,218.19016305619814,60.443004467779204,0.05143068176354859,0.15827301732863483,-0.10684233556508624,2.738245490368363,222.05632934570312,229.88253000310078,214.23012868830546,5.147609620863733,22.99358799471664,0.0,0.0,0.0,0.0,0.0
2024-09-20 04:00:00,226.71075439453125,231.56884144729943,226.1345376792504,228.46920754640476,318679900,220.53333129882813,222.23863067626954,220.87972442626952,194.69253799438476,221.8065073091825,221.41292871346207,218.52430389299553,59.21785220484363,0.5227549917590295,0.23116941221471377,0.29158557954431574,3.3280430422588436,222.23863067626954,230.32913009603308,214.148131256506,5.32856403455927,22.796858718932324,0.0,0.0,0.0,0.0,0.0
2024-09-23 04:00:00,224.99205017089844,227.95259834339626,224.33635371548323,225.8563676699032,54146000,221.08570251464843,222.2202522277832,220.80415161132814,194.86034172058106,222.38569692040357,221.75379742369412,218.77794100193293,56.05817193211309,0.7489642425282739,0.3347283782774258,0.4142358642508481,1.839194252888321,222.2202522277832,230.28252112173163,214.15798333383475,5.031231313265735,22.70399004095866,0.0,0.0,0.0,0.0,0.0
2024-09-24 04:00:00,225.88616943359375,227.85325878901892,224.25687274556688,227.15781488965328,43556100,221.8069641113281,222.2296905517578,220.66985382080077,195.03805946350099,223.02214646825632,222.1473566627322,219.05669505807649,57.33359859666652,0.9889842606105788,0.46557955474405643,0.5234047058665223,2.9662138367946955,222.2296905517578,230.3095217616831,214.14985934183252,4.91272509455366,22.742408572906857,0.0,0.0,0.0,0.0,0.0
2024-09-25 04:00:00,224.8927001953125,225.80669443859438,222.55804543582803,223.462095237407,42308700,222.17554321289063,222.14723205566406,220.50735076904297,195.20116004943847,223.3622471459029,222.40881795154934,219.28555800463477,55.409166270337984,1.0865125490958292,0.589766153614411,0.4967463954814182,2.4715921356744497,222.14723205566406,230.07397803294734,214.2204860783808,4.821893636079578,22.75492747348111,0.0,0.0,0.0,0.0,0.0
2024-09-26 04:00:00,226.0352020263672,227.00880227293717,223.9389713421174,225.81663654010723,36636700,222.64744415283204,222.198397064209,220.4855862426758,195.36284706115723,223.84823894235095,222.75418786343675,219.55024992705566,57.18882903015261,1.2416814391430933,0.7201492107201475,0.5215322284229458,3.366501546648215,222.198397064209,230.21569157786706,214.18110255055092,4.653002728648843,22.69521426408659,0.0,0.0,0.0,0.0,0.0
2024-09-27 04:00:00,226.3034210205078,228.02214184296878,225.8166284941723,226.9690618971705,34026000,223.1729934692383,222.09904861450195,220.56246459960937,195.5383952331543,224.294635683834,223.0922100688721,219.81508016601455,57.616496562835,1.3704986780102217,0.8502191041781624,0.5202795738320594,2.303956897060755,222.09904861450195,229.84307510761096,214.35502212139295,4.486950905652516,22.069530698262223,0.0,0.0,0.0,0.0,0.0
2024-09-30 04:00:00,231.4794464111328,231.4794464111328,228.15130238402674,228.53875664504176,54541900,224.83010864257812,222.29774475097656,220.7402835083008,195.73225212097168,225.60096490697924,223.89099448242075,220.2725062932741,64.90288257112213,1.8687079569672846,1.0539168747359868,0.8147910822312978,4.592187161519945,222.29774475097656,230.79331055570603,213.8021789462471,4.519595483572464,23.50958449754294,0.0,0.0,0.0,0.0,0.0
2024-10-01 04:00:00,224.73373413085938,228.15127156053518,222.2798524228829,228.0221302637843,63285000,225.76596069335938,222.46862182617187,220.79013427734375,195.87629760742186,225.44328658404837,223.97125540131967,220.44745640455193,52.28682429763602,1.6996275468181636,1.1830590091524222,0.5165685376657414,1.6674240334013657,222.46862182617187,231.01836669545858,213.91887695688516,4.807704953384844,23.825333819273684,0.0,0.0,0.0,0.0,0.0
2024-10-02 04:00:00,225.30003356933594,225.8861795938886,221.56457676904253,224.41584231153624,32880600,226.37098846435546,222.7631866455078,220.83047271728515,196.02243225097655,225.41724058137336,224.0978057030355,220.63775354826896,53.11083937762927,1.5929630490946636,1.2650398171408705,0.327923231953793,4.835429412896541,222.7631866455078,231.27490960905266,214.25146368196295,4.851701331516509,23.563398198661055,0.0,0.0,0.0,0.0,0.0
2024-10-03 04:00:00,224.19725036621094,225.3298099915582,221.86259582618194,223.6707104185886,34044200,226.053076171875,222.92661209106444,220.97716217041017,196.16572525024415,225.19542417861652,224.10727662333792,220.7773416587765,51.25449935977014,1.4032692634598334,1.292685706404663,0.11058355705517031,4.09612443082914,222.92661209106444,231.4155147436225,214.43770943850637,4.94821027503179,23.57125592236315,0.0,0.0,0.0,0.0,0.0
2024-10-04 04:00:00,225.3199005126953,226.5120662505933,222.66732681912907,226.41271278943105,37245100,225.91399078369142,223.22366104125976,221.1671435546875,196.3229451751709,225.2180562393581,224.22276461280055,220.95548122167526,53.05344112412841,1.3282132406624783,1.2997912132562262,0.028422027406252104,2.768598135732314,223.22366104125976,231.6049551705403,214.8423669119792,4.613978821394421,23.4258098617478,0.0,0.0,0.0,0.0,0.0
2024-10-07 04:00:00,220.2432403564453,224.21713611955545,219.885589131397,223.0348997045567,39505400,225.4391098022461,223.26240615844728,221.24626342773436,196.44958572387696,224.31354426064667,223.84376230267148,220.9275502073525,44.97114351927476,0.849296592209754,1.2096922890469317,-0.36039569683717776,-3.1371478185381774,223.26240615844728,231.5775080354023,214.94730428149225,4.83183453106548,24.92688205038394,0.0,0.0,0.0,0.0,0.0
2024-10-08 04:00:00,224.296630859375,224.50525191173782,221.79307211654884,222.83622285599392,31855700,225.28015594482423,223.54356002807617,221.40089416503906,196.60693466186524,224.31046909677906,223.88689264140513,221.05967101723573,51.344630358972076,0.7877457927473301,1.1253029897870115,-0.33755719703968134,-1.064847383002876,223.54356002807617,231.58097867696117,215.50614137919118,4.716166517539642,25.68275036745778,0.0,0.0,0.0,0.0,0.0
2024-10-09 04:00:00,228.04200744628906,228.25064364916537,223.36275355639287,223.7601370790405,33591100,225.59508666992187,223.88531494140625,221.6193182373047,196.78375297546387,224.98893061487178,224.2826178609179,221.33348813210057,56.372755916944634,1.0293215517514511,1.1061067021798994,-0.07678515042844825,1.3555844631283342,223.88531494140625,232.08403925327073,215.68659062954177,4.417413681908632,26.013840827137802,0.0,0.0,0.0,0.0,0.0
2024-10-10 04:00:00,227.5452880859375,228.0022928156644,225.6874964769055,226.2935162493635,28183500,225.7460952758789,224.19676971435547,221.7627117919922,196.96343200683594,225.45372288233824,224.59334835853883,221.57708813029026,55.55281662107802,1.167235812233713,1.118332524190662,0.048903288043050885,0.7344932434349305,224.19676971435547,232.45759118573477,215.93594824297617,4.197428482003955,26.04686500352319,0.0,0.0,0.0,0.0,0.0
2024-10-11 04:00:00,226.06500244140625,227.91286461183438,225.85636623992795,227.80358186995707,31759200,225.72225341796874,224.4476234436035,221.9503286743164,197.13843139648438,225.5648646203506,224.73350589024048,221.7530847699419,53.07525946103987,1.1439009983784558,1.1234462190282208,0.020454779350234986,0.5212718087673096,224.4476234436035,232.6099515515219,216.2852953356851,4.08601803514634,26.187803051241065,0.0,0.0,0.0,0.0,0.0
2024-10-14 04:00:00,229.79054260253906,230.21772915238438,227.1081657950345,227.2075041009655,39882100,225.55336303710936,225.19173583984374,222.18268646240233,197.3315636444092,226.3331697080212,225.21512843426893,222.06827919474964,58.13571572515101,1.4097769149255157,1.1807123582076797,0.229064556717836,1.6613963411477028,225.19173583984374,232.34326901873985,218.04020266094764,4.125756654255347,24.327316330884795,0.0,0.0,0.0,0.0,0.0
2024-10-15 04:00:00,232.3238983154297,235.9401430278398,230.85354589755886,232.08545910083197,64751400,226.3123794555664,226.0391700744629,222.67588592529296,197.53523475646972,227.42239309118634,225.89215413723662,222.4704603367371,61.19988279739672,1.804109477181015,1.3053917820023468,0.49871769517866826,2.6603562896984734,226.0391700744629,232.24742883275763,219.83091131616817,4.327290684793563,24.467480776495716,0.0,0.0,0.0,0.0,0.0
2024-10-16 04:00:00,230.26739501953125,230.60517253033711,228.34005309673006,230.0885769817669,34082200,226.80911560058593,226.5900520324707,223.16844177246094,197.7338193511963,227.9396661690672,226.3088437450742,222.7762224811604,57.519429911164984,1.9284482932105504,1.4300030842439877,0.49844520896656275,-0.523610804498309,226.5900520324707,232.18683846033994,220.99326560460148,4.392577419642125,24.272794608461844,0.0,0.0,0.0,0.0,0.0
2024-10-17 04:00:00,230.63497924804688,232.3238971476739,229.0156269629083,231.9066247344228,32993800,227.45288848876953,226.75298233032225,223.61694702148438,197.96833778381347,228.42972309251803,226.72085665011923,223.0844090210383,58.00556233147085,2.0332110841898157,1.5506446842331534,0.4825663999566623,2.6258830878284067,226.75298233032225,232.6289153390518,220.87704932159272,4.471345765068492,20.56894917819348,0.0,0.0,0.0,0.0,0.0
2024-10-18 04:00:00,233.4663848876953,234.63867690560429,232.4828401919167,234.63867690560429,46431500,228.26753692626954,227.09076385498048,224.05281646728517,198.22389167785644,229.34547978255026,227.36328791084077,223.49154532953466,61.646392147941505,2.3179868137986546,1.7041131101462537,0.6138737036524009,3.6246560592926746,227.09076385498048,233.6888075836431,220.49272012631786,4.387608069849378,20.909532843520335,0.0,0.0,0.0,0.0,0.0
2024-10-21 04:00:00,234.9367218017578,235.30431748145634,232.9199708414818,232.9199708414818,36254500,229.73688507080078,227.58799743652344,224.45994232177733,198.49837707519532,230.36206924058797,228.08456732902334,223.94037577942578,63.41997724785779,2.6319777311234134,1.8896860343416857,0.7422916967817277,4.790188736929046,227.58799743652344,234.97214820546864,220.20384666757823,3.9008046878297074,20.68467204884192,0.0,0.0,0.0,0.0,0.0
2024-10-22 04:00:00,234.32077026367188,234.67842149785605,231.0820505913223,232.36362533760988,38846600,230.73929901123046,228.00972747802734,224.82414978027344,198.77339515686035,231.08183306296684,228.67849141803748,224.34745007292562,62.12393507980363,2.798852227628828,2.0715192729991143,0.7273329546297136,3.9947069613007535,228.00972747802734,235.92871038826777,220.0907445677869,3.867452429657525,20.74400139956548,0.0,0.0,0.0,0.0,0.0
2024-10-23 04:00:00,229.25404357910156,233.60546433739609,226.27362172475395,232.55238437433343,52287000,230.86050262451172,228.2277946472168,225.01271087646484,199.0014047241211,230.74950770226405,228.73330590956738,224.53986550454036,52.60133708006765,2.4935152773738594,2.1559184738740633,0.33759680349979604,4.0912961542306725,228.2277946472168,236.02462634859077,220.43096294584282,4.194590599196216,22.283354742430788,0.0,0.0,0.0,0.0,0.0
2024-10-24 04:00:00,229.0653076171875,229.3136761173618,226.91940013747097,228.47914643577636,31109500,231.01250457763672,228.37929992675782,225.18855621337892,199.23054908752442,230.44328950497737,228.7649251198169,224.71733382268337,52.27986532713816,2.210819182321984,2.1668986155636474,0.043920566758336665,2.126058130941022,228.37929992675782,236.1142536105868,220.64434624292886,4.090986066940973,22.240401526948403,0.0,0.0,0.0,0.0,0.0
2024-10-25 04:00:00,229.8998260498047,231.69801159617745,228.07183749564092,228.24072625952675,38802300,231.39598693847657,228.55912017822266,225.32148345947266,199.45866989135743,230.34447796767324,228.87301092267288,224.92056881198224,53.62931141283098,2.0307103881474404,2.139660970080406,-0.10895058193296547,0.8146826211189229,228.55912017822266,236.25800848256299,220.86023187388233,3.961833404029418,22.263738232752914,0.0,0.0,0.0,0.0,0.0
2024-10-28 04:00:00,231.87681579589844,233.19813797949908,231.032372026897,231.7973512193415,36087100,231.6046142578125,228.57898864746093,225.46752410888672,199.69964469909667,230.62308484553236,229.15908757726578,225.1933628113515,56.74961614674867,2.0241660945293063,2.116561994970186,-0.09239590044087986,1.9035892794778686,228.57898864746093,236.3115866192246,220.84639067569725,3.892997716486696,20.930561607165192,0.0,0.0,0.0,0.0,0.0
2024-10-29 04:00:00,232.14505004882812,232.80074647701065,230.80386934668286,231.57877779482254,35417200,231.58672943115235,228.94955444335938,225.62210845947266,199.940327835083,230.89980579158612,229.4434649555098,225.4659779971349,57.170719544096514,2.017368983301168,2.096723392636383,-0.07935440933521498,2.689512990405385,228.94955444335938,236.6163182642528,221.28279062246594,3.6864967905977886,17.837742600645743,0.0,0.0,0.0,0.0,0.0
2024-10-30 04:00:00,228.59837341308594,231.9463759413976,228.05195968136482,231.0919876952183,47070900,231.41982727050782,229.11447143554688,225.69344024658204,200.17460975646972,230.4813635409497,229.36298004670752,225.58881703305454,50.20962125183676,1.7061278798204569,2.0186042900731977,-0.31247641025274087,-0.5188068995142125,229.11447143554688,236.59021316991758,221.63872970117617,3.8106810333177696,18.818855252837665,0.0,0.0,0.0,0.0,0.0
2024-10-31 04:00:00,224.43569946289062,228.330115454563,223.89921505082026,227.84330777090054,64370100,230.79989929199218,229.12639389038085,225.6837045288086,200.3927795410156,229.3821518903935,228.89371522920115,225.54359673618538,43.51296148101885,1.110769801239428,1.837037392306444,-0.726267591067016,-3.3953454249588844,229.12639389038085,236.56980701530105,221.68298076546066,3.999442461200573,19.914289100407405,0.0,0.0,0.0,0.0,0.0
2024-11-01 04:00:00,221.4552764892578,223.87935529424118,218.83250593091054,219.5279346472888,65276700,229.59878845214843,228.93316268920898,225.6515155029297,200.56660316467284,227.94090181745972,228.1852924920637,225.38327045199216,39.45537609697002,0.3939082796540845,1.5484115697759724,-1.154503290121888,-3.826906770507388,228.93316268920898,236.96966859937245,220.89665677904551,4.103047234129284,20.372690064293042,0.0,0.0,0.0,0.0,0.0
2024-11-04 05:00:00,220.56114196777344,221.33605042122997,218.2761640538016,219.54780947276666,44944500,228.16123046875,228.94905776977538,225.55554595947265,200.72145668029785,226.59912729933492,227.45918291832177,225.19416737417967,38.301460602796425,-0.24355131623238435,1.1900189925743012,-1.4335703088066856,-4.367870525588868,228.94905776977538,236.9141355887813,220.98397995076945,3.8908695205689594,18.747485176449942,0.0,0.0,0.0,0.0,0.0
2024-11-05 05:00:00,221.9917449951172,222.4884819564664,219.6968226591573,220.35251908634842,28111300,226.92832794189454,228.8338134765625,225.48143280029296,200.87193290710448,225.76142142584075,226.93847454468323,225.0685821828439,41.26146196324899,-0.6260877801589686,0.8267976380276473,-1.4528854181866158,-4.914900232038876,228.8338134765625,237.14164373474082,220.5259832183842,3.8057133833267778,17.652757198647627,0.0,0.0,0.0,0.0,0.0
2024-11-06 05:00:00,221.2665252685547,224.5946691536601,219.74651129717958,221.15724252476647,54561100,226.12957611083985,228.4950393676758,225.3759259033203,201.01239944458007,224.94416757906146,226.39828889933764,224.91948191169533,40.20836444875403,-0.9765132183439391,0.46613546675333006,-1.4426486850972693,-5.818671695239786,228.4950393676758,237.46500965678086,219.5250690785707,3.9157053598778435,16.461685512404102,0.0,0.0,0.0,0.0,0.0
2024-11-07 05:00:00,225.99545288085938,226.39285156162418,223.10445516924474,223.16406118155706,42137700,225.82259063720704,228.41754760742188,225.39559692382812,201.17987548828125,225.13531036120654,226.35992356424447,224.96167685166256,49.29587644107855,-0.862698316585977,0.2003687100854687,-1.0630670266714457,-3.552957500713383,228.41754760742188,237.44863483974922,219.38646037509454,3.995893119557278,18.339992110447977,0.0,0.0,0.0,0.0,0.0
2024-11-08 05:00:00,225.72694396972656,227.41770491673495,225.17992905795916,225.93579455138124,38328800,225.40530242919922,228.4006446838379,225.3443280029297,201.3476421356201,225.24288010821016,226.299639793338,224.99168732688076,48.841957458217045,-0.785115291691227,0.0032719097301295574,-0.7883872014213565,-1.5385114060847638,228.4006446838379,237.4515151140995,219.3497742535763,3.985423778043083,18.19709689790587,0.0,0.0,0.0,0.0,0.0
2024-11-11 05:00:00,223.01174926757812,224.47376393957063,220.29658566640109,223.77757009002366,42005600,224.5187957763672,228.06170501708985,225.25445251464845,201.51049285888672,224.83721995536797,225.98650736231326,224.9140426971042,44.39066283596557,-0.9319804160425917,-0.1837785554244147,-0.7482018606181771,-2.6427215943699567,228.06170501708985,237.39667029449998,218.72673973967972,4.097972856106651,17.57328651151792,0.0,0.0,0.0,0.0,0.0
2024-11-12 05:00:00,223.01174926757812,224.36436096493557,222.14648085284745,223.33001798502116,40398300,223.6054656982422,227.59609756469726,225.28836364746093,201.67675811767577,224.50531619395161,225.70319706757658,224.83944295476985,44.39066283596557,-1.0364248249669572,-0.3543078093329232,-0.6821170156340339,-2.996120919523604,227.59609756469726,236.96482993791676,218.22736519147776,3.6815965399045223,16.961408617488534,0.0,0.0,0.0,0.0,0.0
2024-11-13 05:00:00,223.89691162109375,225.4185978724207,221.54973296285615,222.79294167641658,48566200,223.13531951904298,227.2775733947754,225.37812713623046,201.86570945739746,224.39469718070472,225.53116988219728,224.8024809416845,46.24299829834627,-1.0358321390863239,-0.49061267528360336,-0.5452194638027206,-3.4414411580624416,227.2775733947754,236.6969424478598,217.858204341691,3.7869243205955008,16.883742660176736,0.0,0.0,0.0,0.0,0.0
2024-11-14 05:00:00,226.98007202148438,227.62653447284012,223.77756520755418,223.7974607959322,44923900,223.38975677490234,227.09482803344727,225.49915374755858,202.08808959960936,224.86476533357373,225.66916056212938,224.8878766703041,52.2137955890636,-0.7776133117801578,-0.5480128025829143,-0.2296005091972435,-2.224892594633132,227.09482803344727,236.38080902477034,217.8088470421242,3.802838260934745,17.698677315053818,0.0,0.0,0.0,0.0,0.0
2024-11-15 05:00:00,223.77755737304688,225.6871240415238,223.05152776948486,225.1699449930133,47923700,223.62198486328126,226.61038665771486,225.58712646484375,202.28228355407714,224.66709115893246,225.48900787745484,224.84433473707833,46.44345440389124,-0.8219146775919626,-0.602793177584724,-0.21912150000723862,-2.1088584175214864,226.61038665771486,235.49921741464357,217.72155590078614,3.8478548553851106,17.60300358975659,0.0,0.0,0.0,0.0,0.0
2024-11-18 05:00:00,226.78115844726562,228.49181480220403,223.94663659117114,224.02620376766677,44633700,224.24398651123047,226.20260848999024,225.73338287353516,202.49649360656738,225.0514670295385,225.61206983648444,224.92028860806607,51.821286473831556,-0.607653671351926,-0.6037652763381643,-0.003888395013761703,1.0450471961403807,226.20260848999024,234.1852129780665,218.220004001914,4.041953448158637,18.222332234176722,0.0,0.0,0.0,0.0,0.0
2024-11-19 05:00:00,227.0397491455078,228.90953992555222,225.4285554930197,225.74680903538962,36211800,224.74878692626953,225.83855743408202,225.90070678710939,202.70294075012208,225.41297286880564,225.74803929448666,225.0034047075736,52.26569320746414,-0.41223221564766277,-0.5654586642000641,0.1532264485524013,2.5217157815252467,225.83855743408202,232.8696907398917,218.80742412827234,3.9982315956635808,18.246070720784314,0.0,0.0,0.0,0.0,0.0
2024-11-20 05:00:00,227.75582885742188,228.68076882556113,224.66272507245372,226.82093350733243,35169600,225.39771728515626,225.76364669799804,226.03168518066406,202.90495155334472,225.8389466849177,225.93925734809955,225.11134290952842,53.54361420202128,-0.1973032666024892,-0.49182758468054916,0.29452431807805995,3.261992037881112,225.76364669799804,232.67242251561066,218.85487088038542,3.949580552152276,16.676530792279856,0.0,0.0,0.0,0.0,0.0
2024-11-21 05:00:00,227.27847290039062,228.90956230117874,224.4837418395179,227.63651765548505,42108300,225.52601928710936,225.6743049621582,226.15093078613282,203.10403114318848,226.10067872409456,226.066801686413,225.19632839936617,52.53394511057433,-0.06474284706698086,-0.40641063715783554,0.3416677900908547,2.3814975216261747,225.6743049621582,232.44820557753926,218.90040434677715,3.865482475700901,16.68819104596815,0.0,0.0,0.0,0.0,0.0
2024-11-22 05:00:00,228.62110900878906,229.46649702017746,226.82094518602503,226.82094518602503,38168300,225.81543579101563,225.61036911010743,226.3023944091797,203.31521781921387,226.5589387758572,226.31006905044882,225.33063352130432,55.0986166902382,0.14695771645347122,-0.2957369664355742,0.4426946828890454,3.3238573848023423,225.61036911010743,232.23892114873993,218.98181707147492,3.8273710041792026,16.778961339365793,0.0,0.0,0.0,0.0,0.0
2024-11-25 05:00:00,231.6048126220703,231.98275293866183,228.49182822914253,230.20248468460477,90152800,226.67474212646485,225.596768951416,226.6363247680664,203.53750785827637,227.47637038425955,226.8143303429842,225.57667976055004,60.23996913054763,0.5491614921634209,-0.12675727471577516,0.675918766879196,2.482067523795739,225.596768951416,232.17208779144204,219.02145011138998,3.87731853362279,17.159582198525897,0.0,0.0,0.0,0.0,0.0
2024-11-26 05:00:00,233.78292846679688,234.2901673751303,232.0623317186483,232.0623317186483,45986200,227.75186004638672,225.67866287231445,227.0044790649414,203.77911186218262,228.62301730835722,227.47800635477589,225.8984934353048,63.52349784297962,1.0317729907500848,0.10494877837739683,0.926824212372688,3.5689069082292413,225.67866287231445,232.62756622801987,218.72975951660902,3.72283259766418,17.480277029315154,0.0,0.0,0.0,0.0,0.0
2024-11-27 05:00:00,233.65362548828125,234.4095061449918,232.53971526898803,233.19613315216662,33498400,228.72753143310547,225.93142547607422,227.29255645751954,204.03052429199218,229.53767334107067,228.06616055796687,226.20261626091173,63.1898764818335,1.3878145484421225,0.36152193239034197,1.0262926160517805,4.771890384992483,225.93142547607422,233.65237462934235,218.2104763228061,3.4902229250166283,16.480493394161428,0.0,0.0,0.0,0.0,0.0
2024-11-29 05:00:00,236.0406036376953,236.51799158021294,232.69885768829369,233.5342903816718,28481400,229.63358459472656,226.51167068481445,227.46584106445312,204.2982814025879,230.72002430409333,228.8256313274648,226.58841968745224,66.66988898230363,1.841363147744488,0.6574901754611713,1.1838729722833168,5.842227780781473,226.51167068481445,235.41331585424325,217.61002551538564,3.6031770702411614,15.082258890903097,0.0,0.0,0.0,0.0,0.0
2024-12-02 05:00:00,238.2882843017578,239.4817615684827,235.8714939748314,235.98089694287458,48137100,231.08465728759765,227.35332107543945,227.69739166259765,204.578713760376,232.09607157639593,229.72683637263557,227.04723790762108,69.58571734690976,2.355025457747132,0.9969972319183635,1.3580282258287686,6.427678066868081,227.35332107543945,237.35690580505766,217.34973634582124,3.473170590978721,14.04061841116835,0.0,0.0,0.0,0.0,0.0
2024-12-03 05:00:00,241.33168029785156,241.441083276618,237.60205398884364,238.50711361537608,38861000,232.53970947265626,228.39184799194337,228.0241842651367,204.88204322814943,233.77527316211513,230.83205960360854,227.60741211900267,73.02659694949412,2.9734075697425055,1.3922792994831918,1.5811282702593137,6.322849468039982,228.39184799194337,239.65922686564392,217.1244691182428,3.5889669606705956,14.078698904882367,0.0,0.0,0.0,0.0,0.0
2024-12-04 05:00:00,241.68971252441406,242.78374225546824,239.9392801306149,241.55047375645148,44383900,234.00470581054688,229.3767463684082,228.34025512695314,205.19087905883788,235.21426213707855,231.8661217865424,228.15965919372468,73.40774647155925,3.4525709682139905,1.8043376332293517,1.6482333349846388,8.00444663068105,229.3767463684082,241.68422858782824,217.06926414898814,3.515795333191225,14.099294239416146,0.0,0.0,0.0,0.0,0.0
2024-12-05 05:00:00,241.71954345703125,243.21139387343032,240.81449907142343,242.66439419479377,40033900,235.4010772705078,230.39939727783204,228.6767919921875,205.49609817504881,236.3970405588881,232.80454289801753,228.6914193609132,73.44142040717055,3.791018024681449,2.2016737115197715,1.5893443131616776,6.58713674100897,230.39939727783204,243.2561359925078,217.54265856315627,3.4120757286712933,13.908122398784863,0.0,0.0,0.0,0.0,0.0
2024-12-06 05:00:00,241.52064514160156,243.3009285590703,240.76477968960373,241.5902721155965,36870600,236.8252944946289,231.17565689086913,228.9865008544922,205.79016540527343,237.32860502847237,233.63464787359695,229.1945262542735,72.77966462964295,3.9971140805156438,2.560761785318946,1.4363522951966976,6.378132485872801,231.17565689086913,244.76660254056708,217.5847112411712,3.3126189156332253,12.48898223439509,0.0,0.0,0.0,0.0,0.0
2024-12-09 05:00:00,245.40940856933594,245.89675186527563,240.43657354260168,240.516140724136,44649200,238.5041244506836,232.1597801208496,229.36862060546875,206.11284294128419,238.7978420359021,234.7560536541435,229.8304039921191,77.12045791140294,4.423248938090836,2.933259215873324,1.489989722217512,7.751098973175097,232.1597801208496,246.89199909876848,217.42756114293073,3.3658989794558534,13.145115239885028,0.0,0.0,0.0,0.0,0.0
2024-12-10 05:00:00,246.42384338378906,246.8614552449502,244.00703794178958,245.54861966146674,36914800,239.98602752685548,233.33038482666015,229.66750854492187,206.44733123779298,240.18438773551793,235.86727172363356,230.4811271055179,78.10149927656882,4.787631459132172,3.304133664525094,1.4834977946070778,8.423750053877432,233.33038482666015,248.7084453148315,217.9523243384888,3.321144184500718,11.66359976066206,0.0,0.0,0.0,0.0,0.0
2024-12-11 05:00:00,245.15081787109375,249.43739908317045,244.92205654138039,246.61283253090062,45205800,241.12281646728516,234.43733825683594,230.07585021972656,206.76817077636719,241.08737503289532,236.75141897577262,231.0564090963248,73.82357857015427,4.9170045448711335,3.626707840594302,1.2902967042768316,7.230176134640831,234.43733825683594,249.87511840418549,218.9995581094864,3.3566655265494796,12.095220110915344,0.0,0.0,0.0,0.0,0.0
2024-12-12 05:00:00,246.6128387451172,247.3885997871069,244.34521203481492,245.54864477609476,32777500,242.41873779296876,235.5731346130371,230.50210632324217,207.10231597900392,242.0920047987538,237.6906018109483,231.66646516098334,75.48437885297527,5.078959430544558,3.9171581585843533,1.1618012719602042,6.480014794656608,235.5731346130371,251.0880548794094,220.05821434666478,3.2579203330231326,12.098399700449042,0.0,0.0,0.0,0.0,0.0
2024-12-13 05:00:00,246.7819061279297,247.9355922748061,244.90217516923994,246.47359279661413,33155300,243.49286804199218,236.56322631835937,230.95379943847655,207.44062622070314,242.94471413133124,238.55644031732749,232.259227551844,75.67656539632105,5.161454138683496,4.166017354604182,0.9954367840793141,5.560276683324639,236.56322631835937,252.29502963529617,220.83142300142256,3.2856249952669714,11.707030854783913,0.0,0.0,0.0,0.0,0.0
2024-12-16 05:00:00,249.6761016845703,250.01426601000418,246.30452004436617,246.64268436980004,51694800,244.63164978027345,237.85815353393554,231.44092346191405,207.79880821228028,244.1686027773747,239.61545568563633,232.94224222371562,78.74794645600514,5.39814275341115,4.412442434365575,0.9857003190455753,6.857362543725065,237.85815353393554,253.42135716321886,222.2949499046522,3.301255084989736,9.775856802083918,0.0,0.0,0.0,0.0,0.0
2024-12-17 05:00:00,252.1028289794922,252.45093348613432,248.42293425963442,248.72130738305802,51356400,245.7087646484375,239.12423706054688,232.078115234375,208.19171829223632,245.61118935957788,240.80472933267023,233.6936377827657,80.92312010513302,5.71565033829512,4.673084015151485,1.0425663231436353,6.8048569162495465,239.12423706054688,255.00978042353827,223.23869369755548,3.3971582616640155,9.461605154043438,0.0,0.0,0.0,0.0,0.0
2024-12-18 05:00:00,246.70233154296875,252.89847930582897,246.39401822090946,250.79000225751088,56774100,246.21002655029298,240.10736618041992,232.5262292480469,208.58230140686035,245.80957884746712,241.36640573365105,234.203782636107,64.98303913047015,5.468465313415521,4.832160274804292,0.636305038611229,3.5310368975403517,240.10736618041992,255.26080336697026,224.95392899386957,3.7282061337294254,13.36777479398377,0.0,0.0,0.0,0.0,0.0
2024-12-19 05:00:00,248.43289184570312,250.63089166027345,245.74756389880645,246.15534002348284,60882300,246.88136138916016,241.14121932983397,232.93404693603514,208.98649215698242,246.2865448471464,242.03940441098933,234.7617869188363,67.21184642722918,5.3505335338742555,4.935834926618285,0.4146986072559704,2.942511127874825,241.14121932983397,255.54957571268739,226.73286294698056,3.8042199815542648,13.39810048335632,0.0,0.0,0.0,0.0,0.0
2024-12-20 05:00:00,253.10736083984375,253.6145845456153,244.35516822034685,246.69239156062656,147495300,248.04003295898437,242.43266372680665,233.44528839111328,209.41464981079102,247.526693209455,243.09349549945168,235.48122119024836,72.33417989809952,5.570054212867376,5.062678783868104,0.5073754289992722,4.724093630702764,242.43266372680665,256.22632906407614,228.63899838953716,4.207730605241202,14.093977050526943,0.0,0.0,0.0,0.0,0.0
2024-12-23 05:00:00,253.8831024169922,254.26102752773247,252.07298333460633,253.38581895601413,40858800,248.88740234375,243.6957633972168,234.001650390625,209.8381142425537,248.68240397446175,244.121077110646,236.20286359129716,73.0856374522403,5.740449466519237,5.198232920398331,0.5422165461209065,5.032095785884683,243.6957633972168,256.77209640359354,230.61943039084008,4.089803098480614,14.117409013167444,0.0,0.0,0.0,0.0,0.0
2024-12-24 05:00:00,256.7972106933594,256.80713572411884,253.90300191480816,254.10192745486222,23234700,249.92473907470702,244.95538330078125,234.5417837524414,210.26614028930663,250.15782337789767,245.3283279280473,237.01048504628,75.75029091857925,6.0409962717228325,5.366785590663231,0.6742106810596011,6.325159301723993,244.95538330078125,257.98109704279585,231.92966955876662,4.095486754357277,14.013419478732159,0.0,0.0,0.0,0.0,0.0
2024-12-26 05:00:00,257.61273193359375,258.6868812844183,256.23029959445824,256.78725468311694,27237100,251.17093048095703,246.1468734741211,235.0475604248047,210.69586555480956,251.51326129711512,246.49827116667075,237.81841629676288,76.45289149272914,6.272679978476873,5.54796446822596,0.7247155102509133,4.972638757168912,246.1468734741211,259.22896680857616,233.06478013966603,4.099750103496788,13.94056149534042,0.0,0.0,0.0,0.0,0.0
2024-12-27 05:00:00,254.2013702392578,257.29448932345014,251.68511699924173,256.42919055718573,42355300,251.9297836303711,247.17426071166992,235.52623992919922,211.11893928527832,252.0020083775047,247.23189964977428,238.46088507882152,67.62626867984375,6.1105836024142945,5.660488295063627,0.4500953073506677,3.15615840929635,247.17426071166992,259.319034079497,235.02948734384282,4.341997679560036,15.263931463142791,0.0,0.0,0.0,0.0,0.0
2024-12-30 05:00:00,250.82980346679688,252.122743648892,249.38768429964367,250.8596392638085,35557500,252.3345733642578,247.913720703125,235.93013641357422,211.51588958740234,251.78888021192142,247.57455715615737,238.94594070187938,60.22560748781867,5.644991843281048,5.657389004707111,-0.012397161426063619,2.3165272892090805,247.913720703125,258.95500564126667,236.8724357649833,4.295819652198621,16.291076014480787,0.0,0.0,0.0,0.0,0.0
2024-12-31 05:00:00,249.05946350097656,251.90392569582917,248.07483671879714,251.0684930674946,39480700,252.27290954589844,248.45227966308593,236.24199798583984,211.90587104797362,251.29262262811326,247.7159768080449,239.3425494390989,56.71591069585969,5.074657882660716,5.540842780297833,-0.4661848976371168,0.9920913965018929,248.45227966308593,258.52501678892617,238.37954253724567,4.365439057475149,16.48518246541518,0.0,0.0,0.0,0.0,0.0
2025-01-02 05:00:00,242.52516174316406,247.74663833648884,240.50619200781614,247.57754859678104,55740700,251.3151428222656,248.51195373535157,236.39376678466797,212.25773056030275,249.69853883084977,247.22161346853244,239.46735776474853,46.0490568371774,4.048729335880154,5.2424200914142975,-1.1936907555341438,-1.7249013315258854,248.51195373535157,258.41986369975876,238.60404377094434,4.653862554001604,18.83502191627878,0.0,0.0,0.0,0.0,0.0
2025-01-03 05:00:00,242.03781127929688,242.853348279154,240.57579666249651,242.03781127929688,40244100,250.84869079589845,248.52935867309571,236.54810760498046,212.59545974731446,248.30567927602195,246.72791802193856,239.56815986335826,45.363777670522694,3.1599228381693933,4.825920640765317,-1.665997802595924,-3.0592797443318442,248.52935867309571,258.38790790032635,238.67080944586507,4.599159972884855,18.847058744348992,0.0,0.0,0.0,0.0,0.0
2025-01-06 05:00:00,243.66891479492188,245.98625772407811,241.87869116125097,242.98266113735735,45045600,250.3722930908203,248.62682723999023,236.83640502929688,212.92851119995117,247.46263118854918,246.4365843812703,239.72897378224312,48.145161338162545,2.5576704741077947,4.372270607433813,-1.8146001333260182,-3.345426236869553,248.62682723999023,258.2373209027309,239.01633357724955,4.675884934117781,18.99206298920681,0.0,0.0,0.0,0.0,0.0
2025-01-07 05:00:00,240.89407348632812,244.215923537777,240.0387452815234,241.6598791297847,40856000,249.15096435546874,248.59549865722656,237.07298034667969,213.28385932922365,246.26834796996351,245.90872620079963,239.77466396671704,44.03793623667041,1.8353182272303172,3.864880131393114,-2.029561904162797,-2.3543588016836314,248.59549865722656,258.3070823222694,238.88391499218366,4.709272954876037,19.45213190015929,0.0,0.0,0.0,0.0,0.0
2025-01-08 05:00:00,241.38140869140625,242.38593107741448,238.74581220273618,240.6056476428208,37628900,247.90079498291016,248.39409866333008,237.30261199951173,213.6371351623535,245.37981355568036,245.47755310466692,239.83767356376367,44.92654884191331,1.2873331700849064,3.3493707391314724,-2.062037569046566,-2.8383854899038163,248.39409866333008,258.5411880249033,238.24700930175683,4.68156721546021,18.52058413304968,0.0,0.0,0.0,0.0,0.0
2025-01-10 05:00:00,235.5631866455078,238.85520080045117,231.73409784256125,238.70600665338932,61710900,245.777392578125,247.851065826416,237.3763394165039,213.96840530395508,243.59497229928533,244.53332772760416,239.67004662579285,37.30952002527633,0.37919801145102383,2.7553361935953826,-2.376138182144359,-6.931514807045536,247.851065826416,259.49426091181414,236.20787074101787,4.90605648431203,20.169474295488463,0.0,0.0,0.0,0.0,0.0
2025-01-13 05:00:00,233.12649536132812,233.39503269669683,228.47192915300568,232.2612269401141,49630700,243.32876892089843,247.24984970092774,237.3959683227539,214.29314056396484,241.69161285602036,243.44696274033976,239.41343677228446,34.65921327657642,-0.5310051698228904,2.098067920911728,-2.6290730907346185,-8.175655196450304,247.24984970092774,260.5972041070636,233.90249529479186,5.0637657508145395,20.354257094719948,0.0,0.0,0.0,0.0,0.0
2025-01-14 05:00:00,232.01258850097656,234.8371551382162,231.20699165927476,233.47460320476435,39435300,241.10989074707032,246.51983718872071,237.46425262451172,214.5944687652588,239.93179024601238,242.35797471754327,239.1232074283116,33.48809704016199,-1.3269346463496277,1.413067407459457,-2.740002053809085,-9.651437461280699,246.51983718872071,261.5098785240268,231.5297958534146,4.6616762617911816,20.122349567113222,0.0,0.0,0.0,0.0,0.0
2025-01-15 05:00:00,236.57765197753906,237.66174156203553,233.15633900368562,233.36520475508792,39832000,239.68467559814454,246.00962448120117,237.7070916748047,214.92768974304198,239.32194692447177,241.8074677899238,239.02338172435972,42.11975612740662,-1.5712397463943546,0.8162059766886947,-2.387445723083049,-8.165388332389178,246.00962448120117,261.6429450892967,230.37630387310563,4.908898323786384,21.650949668451823,0.0,0.0,0.0,0.0,0.0
2025-01-16 05:00:00,227.0198516845703,236.7168796666606,226.79110553013876,236.06047699847062,71759100,237.4807144165039,244.87681198120117,237.81838317871095,215.22030639648438,237.08520233539878,240.39912339893777,238.55265505613272,32.585019428695404,-2.5071866174195634,0.15152745786704314,-2.6587140752866065,-10.692907960765075,244.87681198120117,262.54275614653557,227.21086781586678,5.409022668743183,24.920702058809553,0.0,0.0,0.0,0.0,0.0
2025-01-17 05:00:00,228.7305145263672,231.0279618693864,227.2386640256131,230.85888730040747,68488300,236.10124969482422,243.70819625854492,237.98177062988282,215.52737266540527,235.5661681883021,239.2878273158358,238.1674730745733,35.40354945012163,-3.075443265544749,-0.49386668681531526,-2.5815765787294334,-8.81047173620859,243.70819625854492,262.4225637543376,224.99382876275223,5.5198461326614705,24.7655076864353,0.0,0.0,0.0,0.0,0.0
2025-01-21 05:00:00,221.43040466308594,223.20073277609362,218.18812158355374,222.78301644137267,98070400,234.04050903320314,242.4445999145508,237.9705438232422,215.79392486572266,232.99602936553552,237.5871203965263,237.51111745059342,29.69749703714882,-4.0679557480066535,-1.208684499053583,-2.8592712489530703,-11.093358368927142,242.4445999145508,263.5657168308116,221.32348299828996,5.8494731332658585,25.954830702086074,0.0,0.0,0.0,0.0,0.0
2025-01-22 05:00:00,222.61392211914062,222.90233985709415,218.59586314481808,218.59586314481808,64126500,231.935009765625,241.15365142822264,237.9974917602539,216.07050720214843,231.1083735025546,236.16110151296576,236.92691371210506,31.62164107760833,-4.704795123834174,-1.9079066240097013,-2.7968884998244725,-8.209968599097184,241.15365142822264,263.83240422828385,218.47489862816144,5.81324390274171,25.85666215045379,0.0,0.0,0.0,0.0,0.0
2025-01-23 05:00:00,222.44485473632812,225.7965406078772,221.09224303438072,223.51898889751178,60234800,230.090087890625,239.6205261230469,237.92647979736327,216.34247848510742,229.53318827233159,234.8547922961431,236.35898983070206,31.489055503859916,-5.163614310660336,-2.5590481613398284,-2.6045661493205072,-8.094998231643924,239.6205261230469,263.0306729407418,216.21037930535198,5.875758802489171,24.318619230499884,0.0,0.0,0.0,0.0,0.0
2025-01-24 05:00:00,221.5696258544922,224.4041477572621,220.2070739772995,223.55875977197638,54697900,228.1089096069336,238.00485229492188,237.84333343505858,216.61567260742189,228.0852678327244,233.5895383493192,235.77901477281148,30.76980025707681,-5.534062253184459,-3.154050979708755,-2.380011273475704,-9.069391948919304,238.00485229492188,261.7285779551599,214.28112663468386,5.564601822975042,24.08604818369024,0.0,0.0,0.0,0.0,0.0
2025-01-27 05:00:00,228.61117553710938,230.888727332658,222.76311661057002,222.80290778981754,94863400,227.41370849609376,236.59555053710938,237.95532196044923,216.9180295562744,228.18088741533984,233.11540855768018,235.49792303807808,42.207224859485464,-5.1995139456862205,-3.563143572904248,-1.6363703727819723,-5.098879259026634,236.59555053710938,258.9267315046507,214.26436956956806,6.067569670225636,27.015249663721086,0.0,0.0,0.0,0.0,0.0
2025-01-28 05:00:00,236.9655303955078,238.88505261672515,229.5560092044273,229.59580038333414,75707600,227.79761199951173,235.56319046020508,238.23439758300782,217.27152297973632,229.77809522991583,233.48208682794947,235.55547626778122,52.28025488854009,-4.211705465971335,-3.6928559515176653,-0.5188495144536693,-1.8294193905976863,235.56319046020508,255.59389021858559,215.53249070182457,6.508020421424823,30.794590066851267,0.0,0.0,0.0,0.0,0.0
2025-01-29 05:00:00,238.05953979492188,238.5568232574634,232.73860067537262,232.84800364416722,45486100,228.40230712890624,234.75609893798827,238.51765014648439,217.59451400756836,231.2838124235533,233.9180347295659,235.653674837473,53.425060365285994,-3.3025133948343637,-3.614787440181005,0.3122740453466415,1.05973823200598,234.75609893798827,252.8299795446265,216.68221833135004,6.625237873270336,30.73533028315254,0.0,0.0,0.0,0.0,0.0
2025-01-30 05:00:00,236.29916381835938,239.48177510143526,235.9212386876704,237.37329797187644,55658300,228.37445831298828,234.0295669555664,238.70403198242187,217.90122108459474,232.19569449533623,234.1448089284986,235.6789881308411,51.292711288427434,-2.6929767971185754,-3.4304253115685195,0.7374485144499441,1.3609214397161784,234.0295669555664,250.47801662421804,217.58111728691475,6.619553411776518,30.54788103363722,0.0,0.0,0.0,0.0,0.0
2025-01-31 05:00:00,234.71778869628906,245.84699474947953,232.1716998572169,245.84699474947953,100959800,229.14425201416014,233.31248321533204,238.9228366088867,218.2191471862793,232.65425707732763,234.19937843019292,235.6412940353685,49.38580407122838,-2.3108800217842713,-3.20651625361167,0.8956362318273987,1.1659713004327443,233.31248321533204,248.17615341147635,218.44881301918772,6.90726655773492,30.541400904432763,0.0,0.0,0.0,0.0,0.0
2025-02-03 05:00:00,226.77120971679688,230.5704628324937,224.47376244068877,228.7404632470789,73063300,228.9483215332031,232.52478561401367,238.92263763427735,218.51374114990233,231.58461210268567,233.49193379082186,235.29344759150297,41.11410490367221,-2.6190967685697615,-3.0890323566032887,0.4699355880335272,-4.145126210684191,232.52478561401367,246.9973858508811,218.05218537714623,7.1324643265276455,31.424430580633217,0.0,0.0,0.0,0.0,0.0
2025-02-04 05:00:00,231.53518676757812,231.8633956790269,225.4185909783935,226.01533721300711,45067300,229.95879974365235,231.99965438842773,239.01254638671875,218.83899284362792,231.57562567812067,233.3055769314653,235.14606481409416,46.86036535019595,-2.450697511788718,-2.9613653876403747,0.5106678758516567,1.9889604585248355,231.99965438842773,245.7637047497947,218.23560402706076,7.333510128077072,32.57774964465511,0.0,0.0,0.0,0.0,0.0
2025-02-05 05:00:00,231.2069854736328,231.4058958330951,227.0298072213747,227.2883891710869,39620300,230.81810607910157,231.37655792236328,239.08156951904297,219.16736022949217,231.5086001863956,233.1057110783384,234.99159111446824,46.52354206360737,-2.3170138951748243,-2.832495089147265,0.5154811939724406,1.0827024773645277,231.37655792236328,243.9971329582002,218.75598288652634,7.251812019873104,32.41530445824805,0.0,0.0,0.0,0.0,0.0
2025-02-06 05:00:00,231.9529266357422,232.5297773409264,229.17807609142312,230.0334043541599,29925300,231.76891326904297,230.92950057983398,239.17505859375,219.5095654296875,231.58938681354954,232.99592208380543,234.87242780157703,47.448099367555486,-2.1263660242671847,-2.691269276171249,0.5649032519040644,4.752067354375589,230.92950057983398,242.7378538733865,219.12114728628146,6.7822353850860635,32.2940958835904,0.0,0.0,0.0,0.0,0.0
2025-02-07 05:00:00,226.39329528808594,232.72868233994458,226.02529517161955,231.33629458433444,39707200,232.25128021240235,230.18009490966796,239.13050231933593,219.81981025695802,230.64464289982888,232.3671004842131,234.539912801048,41.666075240566535,-2.3962692981637588,-2.6322692805697514,0.23599998240599263,1.6977254310818202,230.18009490966796,241.06155508410217,219.29863473523375,6.974755169622418,33.20265608605729,0.0,0.0,0.0,0.0,0.0
2025-02-10 05:00:00,226.662109375,229.58935370973873,226.21406518332185,228.57379092662126,33115600,232.0563735961914,229.73504104614258,239.03164825439453,220.12614692687987,229.92054589531455,231.82376799762136,234.23097933335984,42.033887303054236,-2.5589802061276146,-2.6176114656813243,0.058631259553709736,1.8958652218190153,229.73504104614258,240.41573115309865,219.05435093918652,6.462819139879806,32.27032606056227,0.0,0.0,0.0,0.0,0.0
2025-02-11 05:00:00,231.61053466796875,234.2092091135714,227.1400288616486,227.20971719471092,53718400,231.5208740234375,229.65924301147462,238.98820037841796,220.44672126770018,230.22781658125166,231.80346006146397,234.12821679746216,48.474493138291145,-2.262551917416573,-2.546599556028374,0.28404763861180093,4.531717185852258,229.65924301147462,240.2598093084258,219.05867671452344,6.694292213186616,33.140208343747915,0.0,0.0,0.0,0.0,0.0
2025-02-12 05:00:00,235.84210205078125,235.93172304376256,229.67896101319025,230.19670873650108,45243300,231.29913024902345,229.85071868896483,239.03196990966796,220.78414276123047,231.24859575752976,232.18809263187512,234.19542798386684,53.257324195777876,-1.6669625334167222,-2.370672151506044,0.7037096180893219,3.1629803296725045,229.85071868896483,240.7639967418385,218.93744063609117,6.804896817263461,33.71525562588416,0.0,0.0,0.0,0.0,0.0
2025-02-13 05:00:00,240.4818878173828,241.28837041996871,234.54775953627293,235.88194100703416,53614100,231.71740264892577,230.04593048095703,239.12079559326173,221.1476865386963,232.9273761320485,232.97797788763776,234.4419558204753,57.874622415034665,-0.8112105898313473,-2.058779839171105,1.2475692493397577,1.483910936753552,230.04593048095703,241.58744595679488,218.50441500511917,6.986578038958688,33.715060689067556,0.0,0.0,0.0,0.0,0.0
2025-02-14 05:00:00,243.53855895996094,244.484433375407,239.94422402720738,240.2030902821229,40896200,232.59947967529297,230.87186584472656,239.22580108642578,221.50570304870607,234.85668210075983,233.98374751357332,234.7986853553571,60.633524938037446,0.11233191397917608,-1.624557488541049,1.736889402520225,2.3015331247632442,230.87186584472656,243.78437906100947,217.95935262844364,6.64522860110396,30.139373762210965,0.0,0.0,0.0,0.0,0.0
2025-02-18 05:00:00,243.4091033935547,244.11601378188342,240.79051163485408,243.0904847676353,48822500,234.26326904296874,231.60579528808594,239.26734954833984,221.87877944946288,236.41166779035888,234.88140045452394,235.13634880783545,60.452946157305504,0.8242980251831682,-1.1347863857962057,1.959084410979374,3.0088720841435768,231.60579528808594,245.62687437970425,217.58471619646764,6.148916105919215,30.13887448367612,0.0,0.0,0.0,0.0,0.0
2025-02-19 05:00:00,243.807373046875,244.94242536854557,242.10480216065562,243.5982928571997,32204200,235.49048767089843,232.7246437072754,239.30970275878906,222.25895065307617,237.7563414733618,235.7314930823669,235.47638897407228,60.83935310548603,1.4044833208337195,-0.6269324444702207,2.03141576530394,3.8725587869044453,232.7246437072754,246.89733144757125,218.55195596697953,5.936016150619155,27.14578827681095,0.0,0.0,0.0,0.0,0.0
2025-02-20 05:00:00,244.76321411132812,245.70908851524857,243.2298884862767,243.87707690453925,32316900,236.84611053466796,233.83210830688478,239.370576171875,222.62541931152344,239.0303183166284,236.59165698988704,235.84057819514115,61.803942499227084,1.9192883716179097,-0.11768828125259456,2.0369766528705044,7.933989688109233,233.83210830688478,248.13911835920345,219.5250982545661,5.858777837419656,27.14784435907507,0.0,0.0,0.0,0.0,0.0
2025-02-21 05:00:00,244.48443603515625,247.61080936192474,244.15586625078134,244.88269415360097,53197400,238.09926147460936,234.93408737182617,239.42985198974608,222.93921089172363,240.02197608363346,237.34335023229363,236.17955301239667,61.32946088605789,2.278514723032089,0.36155231960434214,1.9169624034277466,5.592778120837827,234.93408737182617,248.94006680156963,220.9281079420827,5.128752710196854,27.158655693583082,0.0,0.0,0.0,0.0,0.0
2025-02-24 05:00:00,246.0277099609375,247.7800669312537,243.3593319822528,243.86711335623195,51326400,240.06270294189454,236.15699157714843,239.4422180175781,223.2689934539795,241.11392769768872,238.1704321112121,236.5657552456728,63.021914279418404,2.6571040611193553,0.8206626679073448,1.8364413932120105,6.410154285323211,236.15699157714843,249.50532220866066,222.8086609456362,4.712803331154041,26.96072832693744,0.0,0.0,0.0,0.0,0.0
2025-02-25 05:00:00,245.96795654296875,248.91511822751468,243.84721006662005,246.92379728169456,48013300,241.9932876586914,237.02483062744142,239.43310028076172,223.59505828857422,241.99647839683053,238.9130534856651,236.93446902203732,62.907114600326985,2.918672596807113,1.2402646536872983,1.6784079431198147,6.0421871413744555,237.02483062744142,250.5630647662363,223.48659648864654,4.614453578315557,25.137275899431444,0.0,0.0,0.0,0.0,0.0
2025-02-26 05:00:00,239.31695556640625,243.91690216055417,238.0922974197643,243.26972892021308,44433600,242.76392974853516,237.14240188598632,239.31642303466796,223.8861834716797,241.50929242766247,238.9515203504976,237.02789986691454,51.63293735449504,2.5597798035967116,1.504167683669181,1.0556121199275306,5.708499565711489,237.14240188598632,250.71925395339593,223.5655498185767,4.8551878338156325,24.264345637726358,0.0,0.0,0.0,0.0,0.0
2025-02-27 05:00:00,236.27024841308594,241.40786042901627,236.0312844149354,238.37109275336516,41153600,242.80674438476564,237.05293731689454,239.10957122802733,224.1530076599121,240.5567389704667,238.69616111836314,236.99818804519577,47.43875987458258,2.00638254536247,1.604610656007839,0.40177188935463115,4.238970097198647,237.05293731689454,250.62792409669134,223.47795053709774,4.999821745571174,24.662084790956648,0.0,0.0,0.0,0.0,0.0
2025-02-28 05:00:00,240.79052734375,241.03944246427386,229.2010399398617,235.92174819400608,56833400,242.83760833740234,237.27750549316406,238.98974365234375,224.4487345123291,240.59924594742728,238.8956245684,237.14690723337438,53.47695704477326,1.9105364879913225,1.6657958224045357,0.24474066558678675,3.963547119711741,237.27750549316406,250.94825067938496,223.60676030694316,5.366608556720256,25.43007679359165,0.0,0.0,0.0,0.0,0.0
2025-03-03 05:00:00,236.9970703125,242.97103338088397,235.08540395372597,240.7407483660274,47184000,242.18345947265624,237.3914695739746,238.73616302490234,224.70946807861327,239.94430492289501,238.7148098773619,237.14103127569302,48.44701135294843,1.511058970600942,1.6348484520438171,-0.12378948144287505,0.4897209835206029,237.3914695739746,251.01027073322587,223.77266841472334,5.688775763916049,25.99387036664026,0.0,0.0,0.0,0.0,0.0
2025-03-04 05:00:00,234.9061737060547,239.02822274747484,233.6615980851158,236.6784633674393,53798100,241.33316650390626,237.7982177734375,238.3922299194336,224.95404129028321,239.02828106528767,238.35208262295168,237.05338980237389,45.885176735806,1.0140627935490159,1.5106913203448569,-0.496628526795841,-2.318558857772357,237.7982177734375,250.53910663761346,225.05732890926154,5.533027544186595,22.929545162875336,0.0,0.0,0.0,0.0,0.0
2025-03-05 05:00:00,234.7169952392578,235.5234777567522,228.23523611666363,234.3983766092207,47227600,240.42412872314452,237.9573081970215,238.15252319335937,225.1863063812256,238.24441091510042,238.00588382450465,236.96176648617325,45.64997071799174,0.5980308934527443,1.3281592349664344,-0.7301283415136901,-3.62224518301163,237.9573081970215,250.44587865713123,225.46873773691175,5.606990373437755,21.793126722935295,0.0,0.0,0.0,0.0,0.0
2025-03-06 05:00:00,234.30877685546875,236.82779659290307,232.14819548977783,233.42263965762712,45170400,239.3786849975586,238.11239776611328,237.8700408935547,225.4159351348877,237.52884108607645,237.6537783988822,236.85772767712604,45.11259337072831,0.23270037822089762,1.1090674636173272,-0.8763670853964296,-3.7386960517134527,238.11239776611328,250.32192580770885,225.9028697245177,5.459775389111288,21.797712770044733,0.0,0.0,0.0,0.0,0.0
2025-03-07 05:00:00,238.03256225585938,240.32256924437755,233.74125275300776,234.08974000390756,46273600,238.7334976196289,238.41637954711913,237.568544921875,225.66403396606447,237.62042675330972,237.68985305192766,236.9037996213901,50.80195414441971,0.2408750164240132,0.9354289741786644,-0.6945539577546512,-2.3685956330390945,238.41637954711913,250.27798431901425,226.55477477522402,5.605568756480586,22.442242170196856,0.0,0.0,0.0,0.0,0.0
2025-03-10 04:00:00,226.4928436279297,235.13518456664028,223.24699590534985,234.5178647329352,72071200,236.78001098632814,238.42135696411134,237.02073974609374,225.84862915039062,235.59722982142242,236.62347120202307,236.49552683733285,37.74492021708783,-0.6760127218718708,0.6131406349685574,-1.289153356840428,-7.4645083207186325,238.42135696411134,250.26178352208237,226.5809304061403,6.424144771014885,27.280540580335128,0.0,0.0,0.0,0.0,0.0
2025-03-11 04:00:00,219.88165283203125,224.8599551431671,216.50636447278404,222.8387656202518,76137400,234.17138061523437,238.08233413696288,236.2824285888672,225.9936685180664,232.73985218698763,235.0290123096429,235.8440023665367,32.57876052657234,-1.9140566518691742,0.10770117760101111,-2.0217578294701855,-10.06312859915025,238.08233413696288,251.60869495770532,224.55597331622045,6.934777338676006,29.19329820572747,0.0,0.0,0.0,0.0,0.0
2025-03-12 04:00:00,216.03842163085938,220.78772670269151,213.97741219492326,219.18471261137486,62547500,231.8435272216797,237.30372848510743,235.4509423828125,226.1266862487793,229.70322844950977,233.2203846259492,235.06731292592193,30.007529715406562,-3.1688040244463593,-0.547599862808463,-2.6212041616378965,-12.18939457463536,237.30372848510743,253.8534744268001,220.75398254341476,7.244142658590034,28.375655655397793,0.0,0.0,0.0,0.0,0.0
2025-03-13 04:00:00,208.77008056640625,215.899013195213,207.51555384047248,215.01287598245443,61368300,229.09351043701173,235.95012741088868,234.54231658935547,226.243307723999,225.89720156167274,230.89178423932609,234.03604891182326,25.852018701281423,-4.69556716167034,-1.3771933225808384,-3.3183738390895012,-15.12305769392539,235.95012741088868,256.85786924239625,215.04238557938112,7.606137278535998,29.11075038088185,0.0,0.0,0.0,0.0,0.0
2025-03-14 04:00:00,212.5635528564453,213.02154815111564,208.67051688888432,210.3332680009786,60107600,226.27081298828125,234.5542106628418,233.77699157714844,226.36351570129395,223.47290179708594,229.14623839333743,233.1939902429849,31.20662003540187,-5.535625195769569,-2.2088796972185847,-3.3267454985509843,-11.179066960233552,234.5542106628418,257.78671181283363,211.32170951285,7.601158443766741,28.939940783863786,0.0,0.0,0.0,0.0,0.0
2025-03-17 04:00:00,213.07135009765625,214.28605714072168,209.0588394397278,212.3843419118567,48073400,223.87824096679688,233.03085021972657,233.05722930908203,226.48621292114257,221.5817105790078,227.6152966508916,232.40486710003086,31.91540544683859,-6.090198232351639,-2.985143404245196,-3.1050548281064434,-9.818797953295256,233.03085021972657,257.73197107197296,208.32972936748016,7.612537696630974,28.27966123923779,0.0,0.0,0.0,0.0,0.0
2025-03-18 04:00:00,211.76702880859375,214.21634506867483,210.57223927739028,213.23065092190424,42432400,221.56432647705077,231.44874649047853,232.44206665039061,226.6009001159668,219.79722298438702,226.10593780876798,231.5955401082098,31.0310169996811,-6.559337230142006,-3.699982169424558,-2.8593550607174483,-12.053422057472641,231.44874649047853,257.37402954454757,205.5234634364095,7.310283887208123,28.192476160389855,0.0,0.0,0.0,0.0,0.0
2025-03-19 04:00:00,214.30596923828125,217.8106832228152,212.8224296395377,213.29039128502816,54385400,219.52322387695312,229.97367630004882,231.8874298095703,226.72332046508788,218.79881321236778,224.98213127824545,230.91751772115379,34.817420142219476,-6.649609433676289,-4.289907622274905,-2.3597018114013846,-9.574422605435029,229.97367630004882,256.29234668733227,203.65500591276538,7.357932344361022,28.83492679194465,0.0,0.0,0.0,0.0,0.0
2025-03-20 04:00:00,213.17091369628906,216.5462020975973,211.29906714235267,213.0613904363763,48862900,217.40943756103516,228.39406127929686,231.27746978759765,226.8353022003174,217.7755587548989,223.85725341329723,230.22157246527672,33.920840406047276,-6.7351022354227155,-4.778946544904468,-1.9561556905182478,-9.252741069701997,228.39406127929686,254.7674636792233,202.02065887937042,6.887127517991912,28.5874880964833,0.0,0.0,0.0,0.0,0.0
2025-03-21 04:00:00,217.3228302001953,217.8903488075446,210.36315756009637,210.6419412957371,94127800,215.33846435546874,227.03598098754884,230.806044921875,226.95921188354492,217.6932444722255,223.2349273930018,229.71573943527352,40.006564311937375,-6.394123458867739,-5.101981927697122,-1.2921415311706168,-7.410696878311618,227.03598098754884,252.70872729237294,201.36323468272474,6.861524790869786,30.022843607473387,0.0,0.0,0.0,0.0,0.0
2025-03-24 04:00:00,219.77215576171875,220.51890119737195,217.63149158987616,220.04098837247486,44299500,214.66639556884766,225.72320327758788,230.37385986328124,227.09378051757812,218.07122834304243,222.90513961859392,229.32579497748708,43.32275181144719,-5.858719546871299,-5.2533294515319575,-0.6053900953393416,-6.20404463240265,225.72320327758788,249.95144569119194,201.49496086398383,6.706485243356757,30.3358859946894,0.0,0.0,0.0,0.0,0.0
2025-03-25 04:00:00,222.77903747558594,223.12752472855482,219.1249652538438,219.81197343150768,34493600,214.9561340332031,224.56375732421876,230.1181768798828,227.2358418273926,218.9271936398685,222.89312989068839,229.06905938917726,47.18257226697286,-5.1326123047778935,-5.229186022181144,0.09657371740325082,-6.4081672842212,224.56375732421876,246.8547444042808,202.2727702441567,6.471793660115503,31.04730191734325,0.0,0.0,0.0,0.0,0.0
2025-03-26 04:00:00,220.56866455078125,224.04352508950674,219.51326687455483,222.5400680439697,34466100,215.4091583251953,223.6263427734375,229.86702026367186,227.3737480163574,219.22564289639809,222.67175223926864,228.73571057198527,44.76895082373519,-4.681559601358316,-5.119660738016579,0.438101136658263,-2.6156142429296203,223.6263427734375,244.85664626860998,202.39603927826502,6.461126310960266,29.994396947839707,0.0,0.0,0.0,0.0,0.0
2025-03-27 04:00:00,222.8786163330078,224.0136687326393,219.60288467242046,220.42928473771144,37094800,216.82001190185548,222.9567611694336,229.6843408203125,227.51124649047853,219.88981988487257,222.69145358152952,228.50602060182928,47.77560189982579,-4.090549966748199,-4.913838583762903,0.823288617014704,1.3629893455757935,222.9567611694336,243.33565345056542,202.5778688883018,6.306088280163769,30.218250304415168,0.0,0.0,0.0,0.0,0.0
2025-03-28 04:00:00,216.95440673828125,222.83876366462027,216.7353602231078,220.70805090185615,39818600,217.25909729003905,221.76495513916015,229.29187591552736,227.63782928466796,219.35610840367414,222.14506816788682,228.0530161365921,41.53125556756486,-4.053478796570317,-4.741766626324386,0.6882878297540689,0.4239917605892263,221.76495513916015,240.47182666505145,203.05808361326885,5.688780405834519,30.186662611564945,0.0,0.0,0.0,0.0,0.0
2025-03-31 04:00:00,221.16607666015625,224.64092215942225,215.29167046357225,216.06828445549021,65299300,218.06856994628907,220.97340545654296,229.17480041503907,227.71585861206054,219.68519354121634,222.0518308814363,227.7829400786927,46.8498169429455,-3.6422672729301837,-4.521866755645545,0.8795994827153617,5.93763055516332,220.97340545654296,238.25167751706167,203.69513339602426,5.643264158741973,31.096110615314704,0.0,0.0,0.0,0.0,0.0
2025-04-01 04:00:00,222.22146606445312,222.70932997882656,217.95007407622174,218.85612876373423,36412700,219.114013671875,220.33917007446288,229.04461944580078,227.76979209899903,220.14633399998664,222.0679866131522,227.56484305852644,48.12327900374244,-3.194395075172139,-4.256372419550864,1.0619773443787253,4.543541485933988,220.33917007446288,236.34870203399754,204.32963811492823,5.496759972658871,31.148309591906454,0.0,0.0,0.0,0.0,0.0
2025-04-02 04:00:00,222.9184112548828,224.212772841887,220.06087070560943,220.35957187069846,35905900,219.97525787353516,219.74924087524414,229.0743795776367,227.82140525817871,220.65034804633137,222.14897943617413,227.38263004661886,48.99241273749929,-2.75149792412887,-3.9553975204664655,1.2038995963375956,4.621485315934493,219.74924087524414,234.33416163046635,205.16432012002193,5.184548140222489,31.20956536354566,0.0,0.0,0.0,0.0,0.0
2025-04-03 04:00:00,202.30824279785156,206.58958563447752,200.37665915579902,204.64803566499702,103419000,218.8889907836914,218.1492141723633,228.66826599121094,227.77865028381348,217.31541981933503,220.2593854706196,226.39932074274563,31.946891266618422,-4.017258632286882,-3.967769742830549,-0.04948888945633323,-4.466599953712125,218.1492141723633,233.02714700698075,203.27128133774582,6.483885342854809,44.66896740811483,0.0,0.0,0.0,0.0,0.0
2025-04-04 04:00:00,187.56253051757812,199.01262630823254,186.52703508606032,193.0486144227304,125910900,215.9129608154297,215.6257125854492,227.97061950683593,227.64142723083495,211.90580358265197,217.14539928461565,224.8763093613665,25.193292067062117,-6.13946690596768,-4.4021091754579755,-1.7373577305097045,-12.47909184039936,215.6257125854492,233.18321322645247,198.06821194444595,7.237741772197476,49.508318209454096,0.0,0.0,0.0,0.0,0.0
2025-04-07 04:00:00,180.6725616455078,193.30748067285785,173.86223225537526,176.43103817745248,160466300,212.00300140380858,213.33469848632814,227.15267822265625,227.48156311035157,206.22703232135302,213.6717956999387,223.1428290587838,22.771007744908545,-8.28182740755264,-5.178052821876909,-3.1037745856757315,-15.245209342716715,213.33469848632814,236.10548308364633,190.56391388900994,8.366394816925908,48.50586283218724,0.0,0.0,0.0,0.0,0.0
2025-04-08 04:00:00,171.67178344726562,189.5140179775097,168.47572171547168,185.88981432593783,120859500,206.89227600097655,210.92420501708983,226.01389038085938,227.29956817626953,199.94425979879165,209.67179453301748,221.12435668186154,20.0578664286314,-10.583945976944193,-6.259231452890367,-4.324714524053826,-21.00609802977279,210.92420501708983,240.0866982363843,181.76171179779536,9.43744066319852,50.07186615647263,0.0,0.0,0.0,0.0,0.0
2025-04-09 04:00:00,197.98709106445312,199.7394480269994,171.14407803694525,171.20381523449285,184395900,204.63411865234374,210.02163848876953,225.23432159423828,227.26001571655274,199.58841093800282,208.55896563124946,220.21701293215926,41.866545798645745,-10.167758539319266,-7.0409368701761466,-3.126821669143119,-9.912568142110512,210.02163848876953,239.6316065124488,180.41167046509025,11.105171737113489,76.97191167060494,0.0,0.0,0.0,0.0,0.0
2025-04-10 04:00:00,189.5936737060547,193.93475416517637,182.20587449762067,188.24954112448538,121880000,201.30562438964844,209.06281814575195,224.26500427246094,227.1752710723877,197.7711859867395,206.7527473526595,219.01609766839047,38.27951496504835,-10.395374227441835,-7.711824341629285,-2.6835498858125497,-14.896089033138049,209.06281814575195,240.05318031191706,178.07245597958683,11.69474497421236,77.4907822369454,0.0,0.0,0.0,0.0,0.0
2025-04-11 04:00:00,197.2901153564453,198.67408279715283,185.2525839628914,185.2924188893916,87435900,199.33919525146484,208.29914627075195,223.48482330322267,227.12439430236816,197.68371859941328,205.85154430540098,218.1640983620397,43.09412309511934,-9.841278646567218,-8.137715202616873,-1.7035634439503458,-10.55387864896672,208.29914627075195,239.67660915819215,176.92168338331174,12.425132676861276,78.72936606438631,0.0,0.0,0.0,0.0,0.0
2025-04-14 04:00:00,201.6411590576172,212.01593914767514,200.28706023476008,210.52244846919626,101352900,197.38670349121094,207.72763671875,222.8232907104492,227.07453315734864,198.40325322817762,205.45055523418347,217.51613995794472,45.6741616678022,-8.947915048391707,-8.29975517177184,-0.6481598766198662,-9.528710122490747,207.72763671875,239.155455414778,176.299818022722,13.191080128041191,79.20222396996884,0.0,0.0,0.0,0.0,0.0
2025-04-15 04:00:00,201.26280212402344,202.62685207462172,198.93296032454862,200.98401841430368,51343900,195.29083709716798,207.2024253845215,222.31312255859376,227.01856285095215,198.92317120924048,205.0517216046444,216.87875416053603,45.481057092350504,-8.176198081009346,-8.275043753619343,0.09884567260999688,-7.2326738369444925,207.2024253845215,238.69702793605015,175.70782283299283,13.131339666264134,79.18443524695415,0.0,0.0,0.0,0.0,0.0
2025-04-16 04:00:00,193.42697143554688,199.82906121923162,191.5352073519423,197.49921927320653,59732400,192.34169311523436,206.15847549438476,221.55095825195312,226.94067993164063,197.923862159478,203.9446025409208,215.9590764066149,41.56195994801982,-8.10348098962234,-8.240731200819942,0.1372502111976015,-12.542206130116995,206.15847549438476,238.0433956082793,174.27355538049022,13.511111859968583,80.10100073813999,0.0,0.0,0.0,0.0,0.0
2025-04-17 04:00:00,196.12521362304688,197.96719174329118,193.5763250102755,196.34426016251078,52164700,191.7233901977539,205.30619049072266,220.84932281494142,226.84587333679198,197.59683515285417,203.19989883445663,215.18127786608284,43.37151172718569,-7.738917156745089,-8.140368392004973,0.40145123525988424,-11.743353557858939,205.30619049072266,237.3129097865002,173.2994711949451,13.396609302671747,80.34862520236562,0.0,0.0,0.0,0.0,0.0
2025-04-21 04:00:00,192.32179260253906,192.9590147372882,188.98632373298676,192.43131586910098,46742500,192.19931640625,204.05613861083984,220.05670013427735,226.71458473205567,196.6377365073423,202.16388871713116,214.28482746359094,41.42431913210289,-7.668504239098326,-8.045995561423643,0.37749132232531757,-13.725478519295509,204.05613861083984,236.0396384520401,172.07263876963958,13.238726316543898,80.09231036421596,0.0,0.0,0.0,0.0,0.0
2025-04-22 04:00:00,198.8732452392578,200.715208155226,195.1196006832811,195.26894368988752,52976400,194.019384765625,203.0111930847168,219.5062991333008,226.6097024536133,197.04419264041786,201.85049410019084,213.6804516900877,45.92758896959586,-7.0033240592197785,-7.83746126098287,0.8341372017630917,-1.697902918382832,203.0111930847168,234.1881623527028,171.83422381673083,13.498309148692622,81.1056855080895,0.0,0.0,0.0,0.0,0.0
2025-04-23 04:00:00,203.71214294433594,207.09738254349836,201.9199510184256,205.10606155750318,52929200,197.22342071533203,202.0578483581543,219.0472998046875,226.50524856567384,198.25654724113022,202.02779399010942,213.28953762162683,49.04362634258779,-6.016352602109578,-7.473239529208213,1.456886927098635,8.610255141148393,202.0578483581543,231.8238216763093,172.2918750399993,13.789183089261405,81.49691764505074,0.0,0.0,0.0,0.0,0.0
2025-04-24 04:00:00,207.46575927734375,207.92376976062596,202.05933042602183,204.00086522918792,47311000,198.1712875366211,201.40270309448243,218.564404296875,226.41221954345704,199.93094942953266,202.5456954460365,213.06115415714515,51.384046621006114,-4.875088162115418,-6.9536092557896545,2.0785210936742367,14.829699312287413,201.40270309448243,230.00735278664465,172.79805340232022,12.597946463227144,81.80954025603923,0.0,0.0,0.0,0.0,0.0
2025-04-25 04:00:00,208.371826171875,208.8397878176709,205.30519003897632,205.47445049920006,38222300,200.04910278320312,200.67736358642577,218.0149987792969,226.31945388793946,201.46565429177673,203.10056503897349,212.87725894203652,51.957653845674095,-3.853099709996485,-6.333507346631021,2.480407636634536,21.378028460852416,200.67736358642577,227.67991669399612,173.67481047885542,11.723188610863096,81.71643277840018,0.0,0.0,0.0,0.0,0.0
2025-04-28 04:00:00,209.2281036376953,210.5822025692478,206.55974070372147,209.08871177088434,38743100,201.24290161132814,200.2910484313965,217.38992309570312,226.20963470458983,202.87700871830737,203.68414014361366,212.73415481245453,52.527706478560425,-2.9401795042538765,-5.654841778155592,2.714662273901715,5.677649241072369,200.2910484313965,226.52318274964668,174.0589141131463,10.621561000009079,81.22335225971331,0.0,0.0,0.0,0.0,0.0
2025-04-29 04:00:00,210.29344177246094,211.3189707788267,207.4657546631633,207.78437328663372,36827600,202.1081298828125,199.7474166870117,216.72502075195314,226.13198448181151,204.2254510917898,204.31359744159911,212.63844057559206,53.27062024488493,-2.1064380730012715,-4.945161037124728,2.8387229641234564,10.917963485690496,199.7474166870117,224.570849997447,174.92398337657642,9.394055275268034,80.91385795166588,0.0,0.0,0.0,0.0,0.0
2025-04-30 04:00:00,211.57785034179688,212.65316547487808,205.7731479657814,208.39173986928208,52286500,203.13963470458984,199.2152359008789,216.08839569091796,226.04602027893065,205.56225095542743,205.00543105114176,212.59684880171775,54.201198099607936,-1.3267569167964837,-4.221480213059079,2.8947232962625957,7.241992311443379,199.2152359008789,222.4131279717082,176.01734383004958,7.842958669485357,80.92857415847875,0.0,0.0,0.0,0.0,0.0
2025-05-01 04:00:00,212.39431762695312,213.62892699621815,207.99348458901505,208.17271138967982,57365700,205.03636932373047,198.68903121948242,215.46013458251954,225.94498657226563,206.80444489570482,205.70913453455236,212.58890640270738,54.81716370584039,-0.6356445817313272,-3.504313086793529,2.868668505062202,5.332819261499733,198.68903121948242,220.0258552294926,177.35220720947223,7.118260515226118,80.93417379473026,0.0,0.0,0.0,0.0,0.0
2025-05-02 04:00:00,204.45889282226562,206.0917754590827,201.2827333487594,205.19567188008233,101010600,205.86973724365234,198.79656372070312,214.65404815673827,225.80219177246093,206.37798088235223,205.59006389528696,212.2700823407293,48.052661136443376,-0.7199563311939983,-2.947441735673623,2.2274854044796246,1.5880185829235671,198.79656372070312,220.23163888736488,177.36148855404136,6.95326661836414,74.82859006711415,0.0,0.0,0.0,0.0,0.0
2025-05-05 04:00:00,198.02691650390625,203.21431440062256,197.34987465543003,202.21865389928206,69018500,206.44024963378905,199.31978302001954,213.7248977661133,225.65670921325685,204.85960554081657,204.8697641437269,211.71152681771662,43.37996595299881,-1.2909000425658803,-2.616133397052075,1.3252333544861945,2.3781301202310035,199.31978302001954,220.10115277011283,178.53841326992625,6.4092090737645515,70.69391552970038,0.0,0.0,0.0,0.0,0.0
2025-05-06 04:00:00,197.6485595703125,199.77927242381972,196.16503515467957,197.3498735756035,51216500,206.31778106689453,200.16858291625977,212.7573147583008,225.53265449523926,203.54850627345218,204.1820303748303,211.16003790605373,43.11437453267874,-1.7536918220463065,-2.4436450820509212,0.6899532600046148,0.7767211156203047,200.16858291625977,219.0422638883914,181.29490194412813,6.403519467983626,69.12102591427684,0.0,0.0,0.0,0.0,0.0
2025-05-07 04:00:00,195.39837646484375,198.574535944944,192.41139491378883,198.30570335142838,68536700,205.4864044189453,201.35491256713868,211.7459231567383,225.39670387268066,202.0666644900688,203.34549190721253,210.54193353581022,41.48754006426564,-2.275794668262961,-2.4100749992933292,0.1342803310303684,1.5997063154787217,201.35491256713868,214.92395579937184,187.78586933490553,6.148915629346056,66.3426405290262,0.0,0.0,0.0,0.0,0.0
2025-05-08 04:00:00,196.63299560546875,199.18188402861682,193.83517686729027,196.86199326420865,50478900,204.40312805175782,201.28720779418944,210.89224395751953,225.26866287231445,201.0787246928688,202.7062065451417,209.99648498952232,42.76366421430416,-2.560426486208911,-2.4401452966764454,-0.12028118953246558,-1.1264711002698657,201.28720779418944,214.94025863524297,187.6341569531359,6.206521833173359,37.82314222510189,0.0,0.0,0.0,0.0,0.0
2025-05-09 04:00:00,197.66847229003906,199.6697443694255,196.6827629534363,198.1364339272832,36453900,203.33279266357422,201.69094772338866,210.1202084350586,225.14058967590333,200.45867880144522,202.22642233037,209.51303351111122,43.86936227894896,-2.6716478446770964,-2.486445806276576,-0.1852020384005204,-2.9667699563438843,201.69094772338866,214.32776882260742,189.0541266241699,5.913511752737405,34.37650280138187,0.0,0.0,0.0,0.0,0.0
2025-05-12 04:00:00,210.15049743652344,210.6290521628615,206.1227607044075,210.32995926202443,63775800,203.42503204345704,202.33396682739257,209.50740783691407,225.10702827453613,202.22082764418673,202.98109615000368,209.53803209642152,55.12351846575525,-1.7326238506556706,-2.335681415152395,0.6030575644967242,1.2940632558024578,202.33396682739257,215.3315464406141,189.33638721417105,6.239737775604226,38.403688608222076,0.0,0.0,0.0,0.0,0.0
2025-05-13 04:00:00,212.28399658203125,212.75257189298435,208.36592688565332,209.79158118866218,51909300,203.62408752441405,202.8661087036133,209.0131463623047,225.08934410095216,204.05049472379483,203.86708666733963,209.64571697821015,56.720809997352966,-0.806982626061,-2.029941657334116,1.222959031273116,1.8774949003562913,202.8661087036133,216.59514608347212,189.13707132375447,5.965631182967832,37.867148319860306,0.0,0.0,0.0,0.0,0.0
2025-05-14 04:00:00,211.68580627441406,213.29092224655892,209.9411156617564,211.78549375335473,49325800,203.63488311767577,203.38725891113282,208.54873901367188,225.0663368988037,205.4387331875438,204.61172662991817,209.72572048002206,56.11769957782946,-0.12028764413935278,-1.6480108546951635,1.5277232105558107,1.1746522546390636,203.38725891113282,217.64130906516328,189.13320875710235,5.786014557982002,37.88418395411758,0.0,0.0,0.0,0.0,0.0
2025-05-15 04:00:00,210.80848693847656,212.31391554357438,208.90427796298633,210.31000386923802,45029500,203.47630004882814,204.2563346862793,208.07056884765626,225.0375538635254,206.41505205134973,205.20189427835228,209.76818190976536,55.19081799888462,0.3491064561420387,-1.248587392527723,1.5976938486697618,0.2449173695929563,204.2563346862793,218.06599329937166,190.44667607318695,5.777088829545822,34.678711484082015,0.0,0.0,0.0,0.0,0.0
2025-05-16 04:00:00,210.6190643310547,211.92510277199543,209.1335944967917,211.71573318604425,54737900,204.09231719970703,204.98102722167968,207.59677459716798,225.00504516601563,207.17941792038698,205.7178152357525,209.80154984785514,54.9796708026589,0.6977763101164101,-0.8593146519988965,1.5570909621153066,-0.4531599168784872,204.98102722167968,218.51245108318366,191.4496033601757,5.689163573094207,34.54438669566953,0.0,0.0,0.0,0.0,0.0
2025-05-19 04:00:00,208.14659118652344,208.84446444770495,203.64029993754312,207.27923550566183,46140500,205.10428466796876,205.77226715087892,206.99905517578125,224.94390007019044,207.35526760513903,205.94912723106404,209.7366495081951,52.17387514609175,0.7657645054315196,-0.5342988205128132,1.3000633259443328,-1.9999247097986617,205.77226715087892,217.9720571596872,193.57247714207062,5.912417021511934,33.96500239662613,0.0,0.0,0.0,0.0,0.0
2025-05-20 04:00:00,206.232421875,207.83753801206538,204.40797196423648,207.03996203611737,42496600,205.9626708984375,206.140225982666,206.59384674072265,224.89164138793944,207.15111383602283,205.97610767334365,209.59922881669723,50.04453984877853,0.657607681976458,-0.29591752001495897,0.953525201991417,0.8674257344610137,206.140225982666,217.8998628122322,194.38058915309983,5.688031429596953,32.34876679940866,0.0,0.0,0.0,0.0,0.0
2025-05-21 04:00:00,201.47689819335938,206.4118779017609,200.10109516487896,204.54755595275296,59211800,206.57052307128907,206.0284637451172,206.2257516479492,224.80816261291503,206.11943826462948,205.54761153239275,209.28070604715458,45.117984848085754,0.18601731085396978,-0.19953055384117324,0.385547864695143,1.7421781595963415,206.0284637451172,217.9269311395719,194.12999635066248,5.736270024574013,32.38608432504132,0.0,0.0,0.0,0.0,0.0
2025-05-22 04:00:00,200.74911499023438,202.13489740214874,199.0941474443519,200.1010930441042,46742400,206.9821350097656,205.69263153076173,205.9199655151367,224.77358856201172,205.1430158511031,205.09061186171098,208.946133848844,44.39764909280528,-0.2436389597716584,-0.2083522350272703,-0.0352867247443881,1.5687214855815146,205.69263153076173,217.79764823246148,193.58761482906198,5.159781858831378,31.626791273198712,0.0,0.0,0.0,0.0,0.0
2025-05-23 04:00:00,194.67758178710938,197.10020219746903,192.8730755135501,193.0824298832746,78432900,206.68304595947265,205.00791931152344,205.63811553955077,224.7187784576416,203.24020965764967,204.09889471174893,208.3865827875995,38.828185113871264,-1.0618265616817553,-0.3790471003581673,-0.682779461323588,-0.36888468101681227,205.00791931152344,217.9921276137711,192.0237110092758,5.21456909524914,33.131742324652194,0.0,0.0,0.0,0.0,0.0
2025-05-27 04:00:00,199.60260009765625,200.1309909415137,196.83102019804124,197.6983910952664,56288500,205.62825622558594,204.5266441345215,205.378896484375,224.6757428741455,202.5788261012872,203.67067617707343,208.04211287818995,44.869600824785564,-1.2978771929730897,-0.5628131188811518,-0.7350640740919379,1.5102269499803755,204.5266441345215,217.56566180827957,191.4876264607634,5.345938515625152,34.57316192661698,0.0,0.0,0.0,0.0,0.0
2025-05-28 04:00:00,199.81195068359375,202.11494001836002,199.2935240345892,199.98143310081724,45339700,204.38105163574218,204.00256958007813,205.11370849609375,224.6164380645752,202.07575784352474,203.30317851102774,207.71936141957835,45.11772579328659,-1.451326191340513,-0.7405157333730241,-0.710810457967489,1.0843805128465611,204.00256958007813,216.90752750595198,191.0976116542043,5.107243869383412,34.49085087822868,0.0,0.0,0.0,0.0,0.0
2025-05-29 04:00:00,199.34336853027344,203.19165828241367,197.90773491315443,202.96236033905296,51396800,203.1468078613281,203.39084548950194,204.86523529052735,224.54025276184083,201.57895978656995,202.9260537509559,207.39089111019385,44.63351257072368,-1.5923902086586281,-0.910890628430145,-0.6814995802284831,-5.1425664169623575,203.39084548950194,215.9388112220488,190.84287975695509,5.1027593128071755,34.34674486377692,0.0,0.0,0.0,0.0,0.0
2025-05-30 04:00:00,200.24066162109375,201.3472946799051,196.18300200128658,198.7651407343476,70819900,202.09002532958985,202.78316268920898,204.5839291381836,224.46090408325196,201.33563284739245,202.67030211954045,207.11048995375856,45.83235650427692,-1.613184617162517,-1.0513494261766194,-0.5618351909858976,-5.6732184973179,202.78316268920898,214.6541351521812,190.91219022623676,5.2547267352830165,34.36389959907662,0.0,0.0,0.0,0.0,0.0
2025-06-02 04:00:00,201.08807373046875,201.51677709467234,199.51286535414474,199.67238359256916,35423300,201.13692626953124,202.61462173461913,204.3422723388672,224.36721450805663,201.29062209886084,202.51961370153361,206.87431676853151,46.999543167693886,-1.543492835987081,-1.1497781081387117,-0.39371472784836925,-5.006350085752653,202.61462173461913,214.48113430980354,190.74810915943473,4.472107582976242,31.885307551579178,0.0,0.0,0.0,0.0,0.0
2025-06-03 04:00:00,202.6533203125,203.1518034040851,200.35033086337637,200.73914706631285,46381600,200.5875991821289,202.84594192504883,204.04888214111327,224.27911590576173,201.5383854104316,202.5323476644828,206.70878749574595,49.17788432076376,-1.3464383759755094,-1.1891101617060713,-0.1573282142694381,-3.8685191210335867,202.84594192504883,214.5146256193316,191.17725823076606,4.358880978217505,29.831625513482894,0.0,0.0,0.0,0.0,0.0
2025-06-04 04:00:00,202.20468139648438,205.6143037964219,201.48686455307688,202.29440469878628,43604000,200.18482513427733,203.07374801635743,203.6975326538086,224.17387199401855,201.65953013516847,202.5011413532449,206.53215588401022,48.56180032931317,-1.2124958108511237,-1.1937872915350818,-0.018708519316041894,-3.995071842757991,203.07374801635743,214.49037366232898,191.65712237038588,4.4144261681133985,29.836173809028338,0.0,0.0,0.0,0.0,0.0
2025-06-05 04:00:00,200.0213165283203,204.12881205428334,199.54276184010462,202.8826044104843,55126100,200.03926696777344,203.30489501953124,203.24237823486328,224.05110466003418,201.36167311574152,202.26496756039492,206.27682885045377,45.56980240985583,-1.2679089950562172,-1.2086116322393088,-0.05929736281690845,-3.9036309035308414,203.30489501953124,214.24443509655705,192.36535494250543,4.4984556419413035,29.80377356217852,0.0,0.0,0.0,0.0,0.0
2025-06-06 04:00:00,203.3013458251953,205.07594444547604,201.43702389784912,202.38413874603313,46607700,200.29449005126952,203.63831253051757,202.89703186035158,223.9455322265625,201.71434088109675,202.36367025228068,206.16014324162012,50.50354711429386,-1.0352200188843597,-1.1739333095683189,0.1387132906839592,-1.4212489108920257,203.63831253051757,214.11848656767043,193.1581384933647,4.660107044937874,30.23896432671235,0.0,0.0,0.0,0.0,0.0
2025-06-09 04:00:00,200.8388214111328,205.3750202901374,199.41316716451473,203.76990423179717,72862600,200.91061401367188,203.79682998657228,202.45623596191408,223.82456741333007,201.55515552292147,202.21844655312375,205.95146395415003,47.05504526387633,-1.0375571558386412,-1.1466580788223835,0.1091009229837423,-0.3166997248558956,203.79682998657228,213.98874969248587,193.6049102806587,4.587470525802952,30.604674764111433,0.0,0.0,0.0,0.0,0.0
2025-06-10 04:00:00,202.0551300048828,203.73004106569937,199.96151019448254,199.99141796230995,54672600,201.15586700439454,203.39206161499024,202.1582504272461,223.7102306365967,201.64605997418715,202.20289259614842,205.79866654437484,48.910655772908854,-0.9305367667049609,-1.103433816398899,0.17289704969393815,0.6505707458346555,203.39206161499024,213.1555274545911,193.62859577538939,4.5896070721550855,20.14221814228062,0.0,0.0,0.0,0.0,0.0
2025-06-11 04:00:00,198.1769256591797,203.8795731269679,197.80805305990708,202.88260699920767,60989900,200.99236450195312,202.68670806884765,201.69846740722656,223.58579162597655,201.01530828054942,201.81946717357997,205.49977474495543,43.65671802591257,-1.1454569023206318,-1.1118384335832456,-0.033618468737386165,1.797507365741291,202.68670806884765,211.759230758508,193.6141853791873,4.572516881453576,20.506386773909576,0.0,0.0,0.0,0.0,0.0
2025-06-12 04:00:00,198.5956573486328,199.07419684911244,196.7612432530472,198.47602627663701,43904600,200.91759338378907,202.0322006225586,201.22595123291015,223.4519718170166,200.57537174747367,201.51243766644214,205.22902504313885,44.351778433156,-1.267384886310225,-1.1429477241286417,-0.1244371621815834,-0.5044737636337393,202.0322006225586,210.21640878372799,193.84799246138923,4.520531427044176,20.597936294671513,0.0,0.0,0.0,0.0,0.0
2025-06-13 04:00:00,195.85398864746094,199.76209396079906,195.1062640673262,199.12403626091725,51447300,200.4789260864258,201.28447570800782,200.68466278076173,223.3027547454834,199.71693845656227,200.9735377598725,204.86137655703385,40.80256810878002,-1.5671779908250585,-1.227793777467925,-0.3393842133571334,-1.9808434993962565,201.28447570800782,208.797639609124,193.77131180689165,4.29051645681479,20.945053396267543,0.0,0.0,0.0,0.0,0.0
2025-06-16 04:00:00,197.81802368164062,198.08720880439395,195.96366601516638,196.701426450214,43020700,200.15192108154298,200.6444236755371,200.5948583984375,223.15913551330567,199.37168122475833,200.6730126095647,204.58516664035176,44.24468721002599,-1.6275238906006848,-1.307739800094477,-0.3197840905062077,-0.7651846459096889,200.6444236755371,206.8820795084709,194.4067678426033,4.060502956995411,21.48342350080546,0.0,0.0,0.0,0.0,0.0
2025-06-17 04:00:00,195.0464630126953,197.7881200100286,194.61777485692886,196.60172782081946,38856200,199.3912353515625,199.9894172668457,200.74453704833985,223.0093083190918,198.58527791347416,200.13715074319617,204.21109983142406,40.65241514231391,-1.8773493196786433,-1.4216617040113104,-0.45568761566733285,-2.5939779495071646,199.9894172668457,205.633018994549,194.3458155391424,4.087562445634051,21.620074786242196,0.0,0.0,0.0,0.0,0.0
2025-06-18 04:00:00,195.9835968017578,196.97059871241268,194.4781834746436,195.34553910938874,45394700,198.76912689208984,199.4769760131836,201.05075775146486,222.84777435302735,198.1122449840712,199.7415741773449,203.8884526537901,42.3566109378429,-1.9769300878381273,-1.5327153807766738,-0.4442147070614535,-2.5384284776394983,199.4769760131836,204.56790111743987,194.3860509089273,3.888169007670468,21.672468947987785,0.0,0.0,0.0,0.0,0.0
2025-06-20 04:00:00,200.3902130126953,201.0880863339216,196.26277341287403,197.63859168364695,96813500,198.80601654052734,199.4226417541504,201.62512634277343,222.71219779968263,198.52642098927555,199.8033493045211,203.7512667855119,49.674603428238036,-1.6808951504769993,-1.562351334716739,-0.1185438157602603,-1.11673832746233,199.4226417541504,204.4464478461566,194.3988356621442,3.8838973543522735,21.95786838668673,0.0,0.0,0.0,0.0,0.0
2025-06-23 04:00:00,200.888671875,201.686247808318,198.3563846401482,201.01828233775666,55814300,198.56474914550782,199.42961959838868,201.68315795898437,222.61006019592284,198.95592115031633,199.90671335885244,203.63900816157025,50.44103512483055,-1.3900403455745902,-1.5278891368883094,0.1378487913137192,-0.6508303924496861,199.42961959838868,204.46156430147497,194.3976748953024,3.97860817061243,21.93812757176688,0.0,0.0,0.0,0.0,0.0
2025-06-24 04:00:00,199.6923065185547,202.82277936444737,199.59260382672892,201.9753521214132,54064000,198.45009765625,199.68035583496095,201.88513061523437,222.51147804260253,199.0898093990869,199.88629365977647,203.48423554811868,48.530647369467644,-1.2417582864578094,-1.4706629668022095,0.22890468034440015,-0.16448747337338698,199.68035583496095,204.18770628675085,195.17300538317104,4.009229813255983,18.97214762304841,0.0,0.0,0.0,0.0,0.0
2025-06-25 04:00:00,200.948486328125,203.052085424857,200.01133575244882,200.83881944772682,39525700,198.3394332885742,199.74765014648438,201.95829803466796,222.41157676696778,199.42775065891198,199.98745486628584,203.3847944022366,50.64436487419872,-1.0112237164552198,-1.3787751167328115,0.3675514002775917,-1.1573260804153107,199.74765014648438,204.29016340766896,195.2051368852998,3.954396932038648,16.87206988712062,0.0,0.0,0.0,0.0,0.0
2025-06-26 04:00:00,200.3902130126953,202.02523702778157,198.85489170599743,200.81890119127095,50799100,198.56076202392578,199.77656326293945,201.93327911376954,222.3166332244873,199.6027438141453,200.0258127849915,203.2673598379409,49.66812675104021,-0.8636161700605953,-1.2757433273983683,0.41212715733777294,-0.2233673725455465,199.77656326293945,204.32815199817824,195.22497452770065,3.8532751540104635,16.90689306301852,0.0,0.0,0.0,0.0,0.0
2025-06-27 04:00:00,200.469970703125,202.6034778198992,199.39324535272064,201.27751091280393,73188600,198.748193359375,199.83289337158203,201.91742248535155,222.22164138793946,199.76042143032342,200.06811353909944,203.15765830324224,49.81695727390492,-0.7317650154429316,-1.166947665007281,0.4351826495643494,-0.784518216250929,199.83289337158203,204.38979108474228,195.27599565842178,3.7215326218692377,16.880177397935356,0.0,0.0,0.0,0.0,0.0
2025-06-30 04:00:00,204.5475311279297,206.76079706763053,198.65545787730727,201.39711462840114,91912800,199.61754760742187,200.04823684692383,202.13983367919923,222.15101127624513,200.63080501170637,200.49472473803564,203.21216311989667,56.8430263495992,-0.2948481508385328,-0.9925277621735313,0.6976796113349986,3.214605054327069,200.04823684692383,205.06965062624073,195.02682306760693,3.8746387693478517,18.277078686836667,0.0,0.0,0.0,0.0,0.0
2025-07-01 04:00:00,207.18951416015625,209.55231908550664,205.51460310500556,206.04299395149746,78788900,200.55469665527343,200.3533088684082,202.3611196899414,222.08092430114746,201.82329758415182,201.13232373061857,203.36813767049512,60.68398167435306,0.2615822060614903,-0.741705768526527,1.0032879745880172,4.327313560757773,200.3533088684082,206.29733788980147,194.40927984701491,3.962942846945004,18.727137391688515,0.0,0.0,0.0,0.0,0.0
2025-07-02 04:00:00,211.7954864501953,212.69274987948137,207.5085290616707,208.2761972389462,67941800,202.22959899902344,200.81041717529297,202.75059356689454,222.03332077026369,203.63642283252335,202.14786303724492,203.69862193636573,66.3129325612324,1.0619789110311615,-0.38096883261498926,1.4429477436461506,8.139480800377896,200.81041717529297,208.614315659482,193.00651869110393,3.9223511078210254,20.021192034572284,0.0,0.0,0.0,0.0,0.0
2025-07-03 04:00:00,212.90213012695312,213.9987837940836,211.16740350258758,211.5063683517463,34955800,203.92145233154298,201.3452896118164,203.03117126464844,221.9925917816162,205.321096886056,203.17207895055046,204.05954382619268,67.51629020734407,1.7652472904378556,0.0482743919955797,1.7169728984422759,7.625243728846565,201.3452896118164,210.83570282215982,191.854876401473,3.959381586066083,19.97361221822382,0.0,0.0,0.0,0.0,0.0
2025-07-07 04:00:00,209.3130340576172,215.57398008038285,208.16652910348648,212.03474730839852,50229000,204.81373443603516,201.80987548828125,203.14318908691405,221.9646154785156,206.04690364452168,203.75693181789015,204.26556305095446,60.02700835776178,2.0098145987959697,0.4405824333556577,1.569232165440312,7.314447452447914,201.80987548828125,211.91706912121916,191.70268185534334,4.155925949167762,20.62037921679345,0.0,0.0,0.0,0.0,0.0
2025-07-08 04:00:00,209.3728485107422,210.78853856973336,207.81758380403343,209.46258702266434,42848900,205.6621520996094,202.1134506225586,203.18133087158202,221.9346036529541,206.6516208929254,204.29178102673322,204.46584875525986,60.10643025179128,2.1832948155788756,0.7891249098003013,1.3941699057785744,6.831822625710826,202.1134506225586,212.7596151883058,191.4672860568114,4.208621278365399,19.946936455486846,0.0,0.0,0.0,0.0,0.0
2025-07-09 04:00:00,210.4994354248047,210.6888614301138,206.59132988433592,208.8943192909964,48749400,206.74286499023438,202.5964813232422,203.22388305664063,221.89085205078126,207.35122353508524,204.88298620750194,204.7024599972028,61.65190061285403,2.384201692919987,1.1081402664242384,1.2760614264957488,5.044768534413868,202.5964813232422,213.85799083349713,191.33497181298725,4.272712901298694,19.31454090696327,0.0,0.0,0.0,0.0,0.0
2025-07-10 04:00:00,211.7655792236328,212.83232507172787,209.39279496736208,209.87133445003573,44443600,207.82457427978517,203.08200378417968,203.27463256835938,221.81279808044434,208.1538336602757,205.53847125665726,204.97944506490595,63.36943111237585,2.6154399005106086,1.4096001932415125,1.205839707269096,5.414395569004915,203.08200378417968,215.0597659597674,191.10424160859196,4.340363963198458,19.31351845245431,0.0,0.0,0.0,0.0,0.0
2025-07-11 04:00:00,210.5193634033203,211.48642172848318,209.22330444266433,209.93115706069412,39765800,208.83748931884764,203.69912567138672,203.27915100097655,221.73184112548827,208.5839299771929,206.01284193729185,205.19669676445162,60.4973804600396,2.667390625629224,1.661158279719055,1.0062323459101692,5.4218698123753795,203.69912567138672,215.88285058110574,191.5154007616677,4.157348623827365,17.861291124817193,0.0,0.0,0.0,0.0,0.0
2025-07-14 04:00:00,207.98707580566406,210.27013683517245,206.91035052542594,209.29309904361602,38840100,209.58919982910157,204.16869659423827,203.2073355102539,221.6468162536621,208.47541103691492,206.20086421047014,205.30612339351876,55.03873164196941,2.475689298480262,1.8240644834712962,0.6516248150089656,3.5026835017039515,204.16869659423827,216.2477011333073,192.08969205516925,4.177287888807691,18.651328070915877,0.0,0.0,0.0,0.0,0.0
2025-07-15 04:00:00,208.4755859375,211.24715053377864,208.28615994072268,208.5852528191871,42296300,209.98200531005858,204.79977645874024,203.12896087646484,221.55976333618165,208.4754428370213,206.41750437494917,205.43041604230234,55.86603869280699,2.336252436746719,1.9265020741263807,0.40975036262033804,4.034814277228427,204.79977645874024,216.357283540859,193.2422693766215,4.179423545264557,17.646653151005044,0.0,0.0,0.0,0.0,0.0
2025-07-16 04:00:00,209.52239990234375,211.75559423754484,208.00700716596054,209.6619745482938,47490500,210.21529388427734,205.3849952697754,203.2302310180664,221.4829118347168,208.6657986670799,206.71320871089154,205.5908859975981,57.66375486018416,2.2838895999715305,1.9979795792954107,0.2859100206761198,4.515603592632056,205.3849952697754,216.635207305125,194.1347832344258,4.2071955570704125,17.477867992179092,0.0,0.0,0.0,0.0,0.0
2025-07-17 04:00:00,209.38284301757812,211.1574416148312,208.95413964633332,209.93117746335784,48068100,209.97402954101562,206.10181427001953,203.45734954833983,221.39965003967285,208.79617036717048,206.96745959724265,205.73959019446008,57.32849220823371,2.2057046105513507,2.039524585546599,0.16618002500475182,2.3639062583572734,206.10181427001953,216.36175665513755,195.8418718849015,4.138121031835681,16.368466346531974,0.0,0.0,0.0,0.0,0.0
2025-07-18 04:00:00,210.539306640625,211.1474566075158,209.06380098140497,210.23024956462245,48974600,209.7377471923828,206.8295997619629,203.7151644897461,221.32082946777345,209.1131042350713,207.30763550613622,205.9278143688195,59.43332252249418,2.211565838222441,2.0739328360817675,0.13763300214067353,1.6167770333586295,206.8295997619629,216.08316310010372,197.57603642382207,4.0576512574737,16.377448027246192,0.0,0.0,0.0,0.0,0.0
2025-07-21 04:00:00,211.83535766601562,215.12534891613055,210.98794558852114,211.45652088357517,51377400,209.98997955322267,207.4018569946289,204.04390411376954,221.22260902404784,209.60805940433386,207.73884714041046,206.15948273341544,61.71266233594471,2.2943436244549105,2.1180149937563963,0.17632863069851412,0.018825337824046606,207.4018569946289,216.39047444387487,198.41323954538294,3.8062729064152916,14.838695924273217,0.0,0.0,0.0,0.0,0.0
2025-07-22 04:00:00,213.74954223632812,214.29787667610697,211.5861274580158,212.49337032996837,46404100,210.42764892578126,208.0449005126953,204.38623504638673,221.1676880645752,210.36105628287825,208.3112942924026,206.45713212568654,64.85365020297434,2.485750133528569,2.1915620217108307,0.2941881118177383,0.3980289482635513,208.0449005126953,216.91090697777878,199.17889404761183,3.6424844250234503,15.000290966541993,0.0,0.0,0.0,0.0,0.0
2025-07-23 04:00:00,213.5002899169922,214.4972560435483,211.76557859278188,214.3477172095632,46989300,210.727734375,208.73529968261718,204.7028713989258,221.10868934631347,210.93182603453533,208.80548435188734,206.73333439201227,64.1160552015684,2.587501485436661,2.270749914455997,0.3167515709806641,2.000475449714423,208.73529968261718,216.99224269255853,200.47835667267583,3.444515977269258,14.708209981564346,0.0,0.0,0.0,0.0,0.0
2025-07-24 04:00:00,213.11148071289062,215.03563331063384,212.8821827557749,213.25105536667797,46022600,210.8623245239258,209.34344940185548,204.76209106445313,221.05326049804688,211.32812688514537,209.21557924341147,206.98345777714476,62.91403140016511,2.6067178903316517,2.337943509631128,0.2687743807005236,1.785633728891356,209.34344940185548,216.95176671982094,201.73513208389002,3.3960924246523234,14.777663898167587,0.0,0.0,0.0,0.0,0.0
2025-07-25 04:00:00,213.2311248779297,214.58699944946258,212.7525701732737,214.04862920984866,40268800,211.1335006713867,209.9854949951172,204.7810336303711,220.99281661987305,211.67412652019704,209.59801216098464,207.2284643301167,63.14301571776439,2.6016115553056807,2.390677118766039,0.21093443653964172,1.2977181851401287,209.9854949951172,216.50138596448187,203.46960402575252,2.998019446030359,14.651973389013111,0.0,0.0,0.0,0.0,0.0
2025-07-28 04:00:00,213.40060424804688,214.19818019857897,212.41360229785764,213.3806606658472,37858000,211.674853515625,210.63202667236328,204.81532958984374,220.95860343933106,211.98803156162427,209.96016378832388,207.47050903278063,63.48693333650424,2.5814825923709463,2.428838213487021,0.15264437888392557,0.7720919662243197,210.63202667236328,215.54018682302006,205.7238665217065,2.9132782413890306,14.642760198754218,0.0,0.0,0.0,0.0,0.0
2025-07-29 04:00:00,210.6290283203125,214.15828155569844,210.18039662608902,213.53018805628847,51411700,211.89019775390625,210.93610153198242,204.81174041748048,220.89026542663575,211.74094006320394,210.0238651723228,207.59437253425247,54.526360736582,2.3151990563222284,2.4061103820540626,-0.09091132573183414,0.0520925558672225,210.93610153198242,214.92443620255082,206.947766861414,2.9047320545198545,14.2328541287783,0.0,0.0,0.0,0.0,0.0
2025-07-30 04:00:00,208.415771484375,211.74563469104578,207.0898047125579,211.25711581327238,45512500,211.77953491210937,210.99741439819337,204.76767456054688,220.79213424682618,211.1363639579623,209.87071339251824,207.6265842577867,48.62441127265234,1.9036322185874042,2.305614749360731,-0.4019825307733269,0.20611649884991756,210.99741439819337,214.77539283629346,207.21943596009328,2.9916106169571464,14.170359769432213,0.0,0.0,0.0,0.0,0.0
2025-07-31 04:00:00,206.9402618408203,209.2033639475293,206.5315020865265,207.85746883247032,80698400,211.5352767944336,210.7546531677246,204.74354797363281,220.6891091156006,210.3734363003001,209.591622768547,207.5996696531998,45.11821813779042,1.4417812804934727,2.1328480555872797,-0.6910667750938071,-0.7364527072920568,210.7546531677246,214.9207376022053,206.5885687332439,3.0008668369595983,11.780952684898319,0.0,0.0,0.0,0.0,0.0
2025-08-01 04:00:00,201.76600646972656,212.93202387361222,200.88867142379772,210.23023901853355,104434500,210.65794677734374,210.19784698486328,204.65421966552734,220.5676141357422,208.80844905837762,208.84632597818316,207.3708985479656,35.46150845937581,0.6507405867942282,1.8364265618286695,-1.1856859750344413,-3.7019399530705877,210.19784698486328,215.86261682480873,204.53307714491783,3.603319663525322,14.245947110585751,0.0,0.0,0.0,0.0,0.0
2025-08-04 04:00:00,202.7330780029297,207.24933356384108,201.06813110178,203.8895472057539,75109300,209.74771881103516,209.8688491821289,204.67934326171874,220.43232681274415,207.70383613920526,208.2641118853019,207.189023232474,38.1269795492313,0.10070881988605151,1.489283013440146,-1.3885741935540945,-3.175888204980659,209.8688491821289,216.4415322570549,203.29616610720294,3.8119716445215,13.430483204383412,0.0,0.0,0.0,0.0,0.0
2025-08-05 04:00:00,202.3043670654297,204.71702329589334,201.54667827641916,202.78290655256814,44155100,208.60320129394532,209.5154251098633,204.71044830322265,220.28222915649414,206.7221144894279,207.69651714055217,206.99746808866834,37.38975725685689,-0.365574591593429,1.118311492433431,-1.48388608402686,-3.9113549420259797,209.5154251098633,216.9092771056908,202.12157311403578,3.7706686407993493,13.413712036923792,0.0,0.0,0.0,0.0,0.0
2025-08-06 04:00:00,212.60302734375,214.72657006985978,204.96626313259566,205.00615029681612,108483100,208.5134750366211,209.62060470581054,205.06895721435546,220.19390731811524,207.7913713720319,208.163803826571,207.2172939418088,58.266146857575016,0.09481528875551248,0.9136122516978473,-0.8187969629423348,0.36238977581102283,209.62060470581054,217.132304088194,202.10890532342708,4.500590143365934,22.942622159582314,0.0,0.0,0.0,0.0,0.0
2025-08-07 04:00:00,219.36245727539062,220.1799768073744,215.92292715514498,218.2159523061407,90224800,209.1385726928711,210.00044860839844,205.46415435791016,220.13754470825197,209.8952051726426,209.2303422502681,207.69357485685123,66.22602181912282,0.9936528785756877,0.9296203770734154,0.06403250150227235,2.625930788126163,210.00044860839844,218.6508380629998,201.35005915379708,4.892968274616903,25.439340318975397,0.0,0.0,0.0,0.0,0.0
2025-08-08 04:00:00,228.65419006347656,230.29917810781973,218.58482597462978,220.16003429974123,113854000,210.68087921142578,210.90718994140624,206.0409991455078,220.11348373413085,213.30592969824875,211.08023251819273,208.51555976691498,73.66245096131965,2.4277675331416333,1.229249808287059,1.1985177248545742,7.097835863537294,210.90718994140624,222.9307464689383,198.88363341387418,5.4021332644515025,28.999878351447446,0.0,0.0,0.0,0.0,0.0
2025-08-11 04:00:00,226.74781799316406,229.12329528601256,224.3324234952035,227.4864157407103,61806100,212.0156005859375,211.84522705078126,206.58908813476563,220.0725392150879,215.74990938823333,212.57238351580904,209.23055028559142,70.24506761480049,3.3716195043790265,1.6577237475054525,1.713895756873574,6.398687313634066,211.84522705078126,225.6977452569502,197.9927088446123,5.550642019645638,28.752824263208552,0.0,0.0,0.0,0.0,0.0
2025-08-12 04:00:00,229.21310424804688,230.36092560837628,226.63802588155738,227.57622481823222,55626200,213.87400817871094,212.8821029663086,207.1685369873047,220.04700088500977,218.1977629991085,214.15721406173645,210.01417985274654,72.0508308505737,4.269342664520025,2.180047530908367,2.0892951336116576,7.495143769122126,212.8821029663086,228.64531584961503,197.11889008300216,5.621443610792243,28.828099363086636,0.0,0.0,0.0,0.0,0.0
2025-08-13 04:00:00,232.88612365722656,234.55294488479396,229.99163136972763,230.6304284784954,69878500,216.3210433959961,214.05028915405273,207.80449798583984,220.0651612854004,220.86837402785721,215.9409197374974,210.91111882547125,74.53085941031178,5.2170379404109894,2.7874456128088916,2.429592327602098,9.13095793605656,214.05028915405273,232.0669758151571,196.03360249294838,5.849042902355682,29.09723057385637,0.0,0.0,0.0,0.0,0.0
2025-08-14 04:00:00,232.33717346191406,234.67271834509882,230.41085227691244,233.61473725595164,51916300,218.86073455810546,215.19800567626953,208.39817504882814,220.08152061462403,222.95361028859483,217.50246771125137,211.75135626219452,73.48141438971362,5.856289916592203,3.401214473565554,2.4550754430266495,10.306340638190225,215.19800567626953,234.81612169508048,195.57988965745858,6.022431244641218,29.15057071346645,0.0,0.0,0.0,0.0,0.0
2025-08-15 04:00:00,231.1494140625,233.834298979768,228.9036945156081,233.5548328767578,56038700,221.7990753173828,216.22851104736327,208.97706970214844,220.0877685546875,224.44375642930484,218.80217688756076,212.5120644112261,71.14709150163296,6.195639975281267,3.960099573908697,2.23554040137257,10.907832174221689,216.22851104736327,236.9504286989618,195.50659339576475,6.247147427743973,29.38676551971265,0.0,0.0,0.0,0.0,0.0
2025-08-18 04:00:00,230.45074462890625,232.67649791960375,229.6722297518056,231.2592012143754,37476200,224.57084197998046,217.1592803955078,209.58565826416014,220.08063819885254,225.53593610195963,219.91156429149842,213.2155420668214,69.74358116417801,6.335172630830442,4.435114185293046,1.900058445537396,11.360999826206042,217.1592803955078,238.70622003818815,195.61234075282746,6.177603373328883,29.512609125505723,0.0,0.0,0.0,0.0,0.0
2025-08-19 04:00:00,230.1213836669922,232.42698672077375,228.9136940815642,230.84001516813981,39402600,227.35254364013673,217.977872467041,210.1220590209961,220.07051986694336,226.36965384105645,220.88392804154546,213.87851624722026,69.0520368407633,6.346023579033016,4.817296064041041,1.5287275149919752,14.053594901042032,217.977872467041,240.2123801907531,195.74336474332893,6.095993563380432,29.52748655873204,0.0,0.0,0.0,0.0,0.0
2025-08-20 04:00:00,225.5800323486328,230.0315543310328,225.3404986724704,229.54248102593337,42263900,228.650244140625,218.58185958862305,210.6168832397461,220.05542816162108,226.22608629697942,221.33117607079186,214.3373992315894,60.18992475233421,5.919932637510271,5.037823378734887,0.882109258775384,11.269475396300631,218.58185958862305,240.9600511136071,196.203668063639,6.246638072917501,30.660455733364998,0.0,0.0,0.0,0.0,0.0
2025-08-21 04:00:00,224.47213745117188,226.08906587116957,223.3542730460458,225.8395414786139,30621200,229.1612121582031,219.1498924255371,211.06522338867188,220.0556103515625,225.90718650683257,221.63031524987568,214.73483994608281,58.226651691794245,5.430258003328788,5.116310303653668,0.31394769967512026,10.957633148162671,219.1498924255371,241.52016648846467,196.77961836260954,5.581740956868164,30.743474017676277,0.0,0.0,0.0,0.0,0.0
2025-08-22 04:00:00,227.3267059326172,228.65417758009713,224.98118568943215,225.73973438952316,42477800,229.0284637451172,219.85467147827148,211.64821899414062,220.0849674987793,226.1652809478843,222.17282864823204,215.22863861222143,61.69365466403649,5.212441368192742,5.1355365165614835,0.07690485163125871,6.925432235290341,219.85467147827148,242.32773239186213,197.38161056468084,5.438943647358463,30.929591760029357,0.0,0.0,0.0,0.0,0.0
2025-08-25 04:00:00,226.7278594970703,228.86378779922748,225.79962078901826,226.0491451945495,30983100,229.0264678955078,220.52103424072266,212.21086303710936,220.1158010864258,226.26756795682718,222.60664111002617,215.67958845084297,60.55815438922637,4.934615042464827,5.095352221742153,-0.16073717927732556,3.3576402786339443,220.52103424072266,242.9786559010346,198.0634125804107,5.431359503839537,30.991540868801593,0.0,0.0,0.0,0.0,0.0
2025-08-26 04:00:00,228.87376403808594,229.0534295301293,224.26255788237486,226.43840339540802,54575100,228.9925338745117,221.43327102661132,212.8712585449219,220.15021118164063,226.7414217897833,223.2035099603176,216.1970071013231,63.17382454262695,4.831893183215243,5.042660414036771,-0.21076723082152782,0.09602884362120978,221.43327102661132,243.68025996726698,199.18628208595567,4.886264406934133,30.45510891323974,0.0,0.0,0.0,0.0,0.0
2025-08-27 04:00:00,230.05152893066406,230.46073738560713,227.82576024347395,228.17510050695543,31259500,228.70907440185547,222.5150588989258,213.51592864990235,220.19413619995117,227.34325945176158,223.85570224320773,216.74032168286587,64.56287221713086,4.790301539242876,4.992188639077993,-0.2018870998351172,1.4569978960501384,222.5150588989258,244.1936888340375,200.8364289638141,4.533266383970475,29.945932713106018,0.0,0.0,0.0,0.0,0.0
2025-08-28 04:00:00,232.11758422851562,232.9659733126178,228.90370861616245,230.3809040856524,38074700,228.68711547851564,223.77392501831054,214.25735107421875,220.22474685668945,228.21131850208047,224.6425481465704,217.34335158661685,66.9200553662914,4.867938690497766,4.967338649361947,-0.09939995886418096,1.2671526743626371,223.77392501831054,244.54973859551572,202.99811144110535,3.986688709918003,29.619227361002658,0.0,0.0,0.0,0.0,0.0
2025-08-29 04:00:00,231.69837951660156,232.9360260407387,230.92984008944924,232.0676707602769,39418400,228.74201202392578,225.2705436706543,214.97164672851562,220.25460403442383,228.84532959562975,225.31453208657334,217.90629385838093,65.96133240109447,4.839849601892354,4.9418408398680285,-0.10199123797567466,-0.5100106962032558,225.2705436706543,243.53131378163366,207.00977355967493,3.7877825785237462,27.473905081942597,0.0,0.0,0.0,0.0,0.0
2025-09-02 04:00:00,229.28298950195312,230.4108447009183,226.53822101083426,228.81388239599917,44075600,228.62523651123047,226.59803924560546,215.54950225830078,220.2859602355957,228.92490412405215,225.6924804118476,218.35243878557986,60.576333526857745,4.5700068150427455,4.867474034902972,-0.2974672198602262,-1.3145481260929626,226.59803924560546,241.514170864646,211.68190762656494,3.8904439198772036,28.164263722400367,0.0,0.0,0.0,0.0,0.0
2025-09-03 04:00:00,238.01634216308594,238.395624134605,233.9141603097862,236.75874463665696,66427800,229.41473236083985,228.38363800048828,216.2920556640625,220.36098320007324,230.5778928584219,226.86618153101315,219.12357225136444,70.08573109921555,5.003189381618,4.894617104245977,0.1085722773720228,2.970774608465665,228.38363800048828,238.97916875654627,217.78810724443028,4.159929205298973,30.1156058046056,0.0,0.0,0.0,0.0,0.0
2025-09-04 04:00:00,239.3238525390625,239.4436193831587,236.28964239378743,237.9963808412042,47549400,230.78911437988282,229.7196792602539,217.08468658447265,220.43811790466307,232.1680673458111,228.05262638892262,219.91574010578398,71.20556443667726,5.389863851159475,4.993666453628677,0.3961973975307984,3.850327289870359,229.7196792602539,238.52422997961676,220.91512854089106,4.080794271097894,25.57143698312642,0.0,0.0,0.0,0.0,0.0
2025-09-05 04:00:00,239.2340087890625,240.86091270031892,238.03629475202086,239.54341659874092,54870400,232.2653015136719,230.7132568359375,217.8503970336914,220.49938758850098,233.4527839718568,229.1175199508407,220.6733192698341,71.00885964136063,5.62422396147079,5.1197779551971,0.5044460062736897,3.9599210542107466,230.7132568359375,239.0701264294946,222.3563872423804,3.9303666628220486,23.76308970922262,0.0,0.0,0.0,0.0,0.0
2025-09-08 04:00:00,237.42745971679688,239.69313028194867,235.89038089866295,238.84475646782593,48999500,233.27537689208984,231.15192031860352,218.59114196777344,220.5676371002197,234.17545228911862,229.90894278569368,221.33034438540128,67.00085744945756,5.599633535448845,5.2157490712474495,0.38388446420139566,5.251984071823301,231.15192031860352,239.96243175604417,222.34140888116286,3.987401035356874,19.408170393226243,0.0,0.0,0.0,0.0,0.0
2025-09-09 04:00:00,233.9041748046875,238.3257397896772,232.9160527142261,236.54912730927947,66313900,233.99300842285157,231.50973815917968,219.2598260498047,220.60325218200683,234.12612911013116,230.2894410732169,221.8234357743929,59.89979352972423,5.2354942795032855,5.219698112898617,0.01579616660466865,4.201874433332442,231.50973815917968,240.14671370586348,222.87276261249588,4.122857780802696,19.9938758360564,0.0,0.0,0.0,0.0,0.0
2025-09-10 04:00:00,226.35855102539062,231.97784546194652,225.52015268533836,231.7482872752143,83440800,233.74148712158203,231.36701049804688,219.6960464477539,220.59984619140624,232.71384218563287,229.91507059247152,222.00128343129475,48.13387244749489,4.288606136131904,5.033479717545275,-0.7448735814133709,-0.42588700841578175,231.36701049804688,240.25449636813198,222.47952462796178,4.380224718290364,22.98715917108549,0.0,0.0,0.0,0.0,0.0
2025-09-11 04:00:00,229.59239196777344,230.01159113632517,226.21881717306923,226.44839058875493,50208600,233.69557342529296,231.20232391357422,220.14410400390625,220.609029006958,232.1463057823857,229.88433929488122,222.29897396213704,52.44512842657098,3.755839419365685,4.777951657909357,-1.0221122385436718,1.2634232409979296,231.20232391357422,240.093351998081,222.31129582906743,4.455794799585519,22.828905644369886,0.0,0.0,0.0,0.0,0.0
2025-09-12 04:00:00,233.62472534179688,234.0638755168574,228.58432913969838,228.78394562468256,55824200,233.8462875366211,231.26670150756837,220.58068878173827,220.64076026916504,232.41510933864228,230.2405665374446,222.7431210750649,57.22021294445208,3.6172956292929825,4.545820452186082,-0.9285248228930998,2.0757998732088723,231.26670150756837,240.21081527423354,222.3225877409032,4.548473817316501,23.705408131419482,0.0,0.0,0.0,0.0,0.0
2025-09-15 04:00:00,236.24969482421875,237.7368657054393,234.58287368836292,236.54912714503797,42699500,234.30141906738282,231.5217155456543,221.0476400756836,220.67890319824218,233.1123066996562,230.81286446951833,223.27279063385524,60.03362485731289,3.676926457556931,4.372041653260252,-0.6951151957033215,2.694251119462354,231.5217155456543,240.73843245677858,222.30499863453002,4.623329056847445,23.912236834937147,0.0,0.0,0.0,0.0,0.0
2025-09-16 04:00:00,237.6969451904297,240.76111223381088,235.87043992435724,236.72878926810645,63421100,235.14281463623047,231.88402557373047,221.61531829833984,220.70936386108397,233.94587733434227,231.46849120484325,223.8384437537209,61.53558340264188,3.7971936433012843,4.257072051268459,-0.4598784079671745,2.4036787132944104,231.88402557373047,241.48516033973718,222.28289080772376,4.630457675540244,23.918505233754843,0.0,0.0,0.0,0.0,0.0
2025-09-17 04:00:00,238.5353546142578,239.6432435766681,237.27774187166392,238.5153883976145,46508000,235.19471588134766,232.30472412109376,222.19856842041017,220.73312599182128,234.78032774887234,232.1415258152637,224.41479319923215,62.41674337659943,3.915028872286115,4.18866341547199,-0.2736345431858753,2.950808336217281,232.30472412109376,242.3095337322152,222.29991450997233,4.611209430031031,23.898385539354322,0.0,0.0,0.0,0.0,0.0
2025-09-18 04:00:00,237.42745971679688,240.74113579799257,236.199788714976,239.5134800259323,44249600,235.00507659912108,232.89709548950196,222.73712890625,220.75199516296388,235.26162447031317,232.64494809160016,224.9250938469798,60.44617490689643,3.874355126852464,4.125801757748086,-0.2514466308956216,3.552147602635114,232.89709548950196,242.62453780733233,223.1696531716716,4.64542960049969,22.6540497457853,0.0,0.0,0.0,0.0,0.0
2025-09-19 04:00:00,245.032958984375,245.83144010441063,239.7530294205925,240.77107799962133,163741300,235.58497161865233,233.9251365661621,223.40247650146483,220.79695693969725,237.03823074559713,233.8247586528168,225.71363757785804,67.9311122845777,4.405042531383856,4.18164991247524,0.2233926189086155,2.947955908204558,233.9251365661621,244.23222949884868,223.61804363347554,5.102414917379996,24.71821797254157,0.0,0.0,0.0,0.0,0.0
2025-09-22 04:00:00,255.5928192138672,256.15178189089505,247.64797087114997,247.82763635806887,105517400,237.40150756835936,235.33844223022462,224.3039456176758,220.88347961425782,240.41179228528256,235.89790727767874,226.88537019103487,75.00385477265792,5.613005359151316,4.467921001810455,1.1450843573408607,6.797887674881586,235.33844223022462,249.03148548067549,221.64539897977374,5.52803380314805,28.167987514454033,0.0,0.0,0.0,0.0,0.0
2025-09-23 04:00:00,253.9459686279297,256.8504363399061,253.0975947938589,255.39322235208516,60275200,239.4056869506836,236.69934768676757,225.22312347412108,220.9465510559082,242.8725516203093,237.61677026341692,227.9465701297366,72.32485764050276,6.36407641269318,4.847152083987,1.51692432870618,6.1496105479881935,236.69934768676757,252.09366611466535,221.30502925886978,5.145191439819145,28.355123424502608,0.0,0.0,0.0,0.0,0.0
2025-09-24 04:00:00,251.8300018310547,255.2534845023776,250.56241362070242,254.73446948849343,42303700,241.95283203125,237.847159576416,226.09021179199217,220.9972525024414,244.50117893135393,238.9704113650967,228.88317529449418,68.91869752680213,6.711202235373349,5.21996211426427,1.4912401211090796,6.0660810385779085,237.847159576416,254.1794100871712,221.51490906566082,5.254983860697997,28.753879634716878,0.0,0.0,0.0,0.0,0.0
2025-09-25 04:00:00,256.3813171386719,256.6807646844572,251.2311452680336,252.72829161839874,55202100,244.63172454833983,239.1636489868164,227.02739013671874,221.07056137084962,246.66120405995719,240.62859286734195,229.96153379818742,71.97588541359923,7.26975386189423,5.6299204637902625,1.6398333981039679,9.609551583571797,239.1636489868164,257.02337541878364,221.3039225548492,5.442483965564106,29.12954131373395,0.0,0.0,0.0,0.0,0.0
2025-09-26 04:00:00,254.97401428222656,257.10994249251326,253.2972024297037,253.61660096533106,46076300,246.76665344238282,240.30647048950195,227.93921356201173,221.13782821655275,248.1726241003698,241.99482347828334,230.9424153857968,69.69318681174482,7.5122558615101696,6.0063875433342435,1.505868318175926,12.641653309410938,240.30647048950195,259.1649823832608,221.4479585957431,5.443197585530094,29.358167751785196,0.0,0.0,0.0,0.0,0.0
2025-09-29 04:00:00,253.9459686279297,254.5148915782133,252.52867184357527,254.0757261912774,40127700,248.5362808227539,241.41884994506836,228.8073468017578,221.1805110168457,249.22232310538067,243.13302777824967,231.84451551293927,67.99666790607878,7.534631212302315,6.312036277127858,1.222594935174457,10.607309959806788,241.41884994506836,260.7579045386841,222.07979535145262,5.231458682901539,29.43581192938065,0.0,0.0,0.0,0.0,0.0
2025-09-30 04:00:00,254.14559936523438,255.4331385813304,252.6284867333586,254.37515755125318,37704300,250.18114624023437,242.66198043823243,229.6535516357422,221.21911979675292,250.11746424353586,244.18184411986726,232.71906782087243,68.15875859346212,7.48222197373579,6.546073416449445,0.9361485572863444,8.783691021322815,242.66198043823243,261.9125660937322,223.41139478273269,4.832932234946014,28.93365875982743,0.0,0.0,0.0,0.0,0.0
2025-10-01 04:00:00,254.9640350341797,258.29769267334166,254.44502000530687,254.55481135314994,48713900,251.82401428222656,243.5093650817871,230.47784149169922,221.26818588256836,250.9986589327438,245.2087194450399,233.59141947629624,68.85520886122828,7.4211814330797665,6.72109501977551,0.7000864133042564,7.921424077980421,243.5093650817871,263.38093353626215,223.63779662731207,4.858597902435396,26.21494542772458,0.0,0.0,0.0,0.0,0.0
2025-10-02 04:00:00,256.6408386230469,257.68882891050583,253.66649683440303,256.09186667190835,42630200,253.74535217285157,244.37521438598634,231.3406524658203,221.318325881958,252.02450978552616,246.29749270008818,234.4953182663649,70.28904354280158,7.422547889135473,6.861385593647503,0.5611622954879696,7.9697673091424726,244.37521438598634,264.9746499314572,223.7757788405155,4.754511166645666,26.22828343522733,0.0,0.0,0.0,0.0,0.0
2025-10-03 04:00:00,257.5291442871094,258.7468246365968,253.46689477740222,254.18552630266564,49155600,254.994970703125,245.28997116088868,232.22900573730467,221.37206207275392,253.02535242217763,247.367173803614,235.39860556129608,71.04943225795182,7.409893024327857,6.971087079783574,0.4388059445442831,7.962672746590105,245.28997116088868,266.54262580855305,224.0373165132243,4.8379247020422484,26.185938924029777,0.0,0.0,0.0,0.0,0.0
2025-10-06 04:00:00,256.2016906738281,258.5771679771474,254.56481112131073,257.49920544747016,44664100,255.05585784912108,246.22868270874022,233.08841705322266,221.4046900177002,253.60286846793224,248.208556362682,236.21441282061107,68.23887464510938,7.209641283327045,7.018797920492268,0.19084336283477654,7.907354515532927,246.22868270874022,267.6766896807565,224.78067573672394,4.775187883926749,26.061421462667926,0.0,0.0,0.0,0.0,0.0
2025-10-07 04:00:00,255.99208068847656,256.91031341337026,254.94405994391948,256.3214394907812,31955800,255.26046905517578,247.33307800292968,233.94024658203125,221.42413627624512,254.03727068984938,248.94984439371004,236.99000763895876,67.78291185880015,6.9538667149556375,7.0058116793849425,-0.051944964429305074,4.472509228768851,247.33307800292968,268.3799801643177,226.28617584154162,4.746670152815791,25.181817613876444,0.0,0.0,0.0,0.0,0.0
2025-10-08 04:00:00,257.5690612792969,258.0281776413904,255.62275879770374,256.03198246417537,36496900,255.834375,248.893603515625,234.87904724121094,221.47846992492677,254.6794144333853,249.77072219233736,237.7970293503446,69.43748401043874,6.80002621176763,6.964654585861481,-0.16462837409385056,0.773199369022981,248.893603515625,267.9240898854612,229.86311714578875,4.594103850006513,21.07246931064701,0.0,0.0,0.0,0.0,0.0
2025-10-09 04:00:00,253.55670166015625,257.50917476461467,252.65841993311406,257.3195337882977,38322000,255.55191345214843,250.09181900024413,235.78186584472655,221.50408897399902,254.47528483825272,250.13129166546295,238.41505571543524,60.87159759326889,6.281928455187256,6.828109359726636,-0.54618090453938,-0.15328731929734607,250.09181900024413,266.8925114335523,233.29112656693601,4.344579632761445,22.25374810166605,0.0,0.0,0.0,0.0,0.0
2025-10-10 04:00:00,244.80340576171875,255.8922708493858,243.53581752909898,254.45500785015722,61999100,254.53485260009765,250.65075302124023,236.53912872314453,221.4625691986084,252.71676136979198,249.62387396034447,238.66557924666205,47.19371326170261,5.106153862490402,6.48371826027939,-1.377564397788988,-2.7902140405216214,250.65075302124023,265.8082039308178,235.49330211166264,4.432981805173357,25.77632830916813,0.0,0.0,0.0,0.0,0.0
2025-10-13 04:00:00,247.18885803222656,249.2149949644775,245.09284695690994,248.90558714178317,38142900,253.85914154052733,251.1977111816406,237.44758575439454,221.42909797668457,251.71168803568915,249.3919676814761,238.99982547354693,50.46063313998384,4.317065643494999,6.050387736922511,-1.7333220934275122,-3.5854637182760385,251.1977111816406,264.885319761348,237.51010260193326,4.480035209224184,25.714372958071973,0.0,0.0,0.0,0.0,0.0
2025-10-14 04:00:00,247.29864501953125,248.37659224814226,244.23447809703134,246.13087266264282,35478000,253.17444610595703,251.67779617309571,238.33889709472658,221.38160514831543,250.9093165782059,249.19260361843374,239.32526937731103,50.61207239912599,3.658394739924688,5.571989137522946,-1.9135943975982581,-3.010255489878888,251.67779617309571,263.9744614343959,239.38113091179554,4.440824014183879,25.68394741839209,0.0,0.0,0.0,0.0,0.0
2025-10-15 04:00:00,248.8656463623047,251.3409393203658,246.99920876557604,249.01537013681215,33893600,252.56460723876953,252.19431076049804,239.27012268066406,221.337869720459,250.53774017531475,249.16146483213572,239.6994018080951,52.82858455287673,3.2256538856686348,5.102722087152085,-1.8770682014834499,-2.000552437620484,252.19431076049804,262.9361282942115,241.45249322678458,4.361689095495748,25.723900534828832,0.0,0.0,0.0,0.0,0.0
2025-10-16 04:00:00,246.979248046875,248.56621957555782,244.66366953460536,247.7777291727393,39777000,251.59844818115235,252.67190017700196,239.95764709472655,221.30175910949708,249.8907416065075,248.9536346621109,239.98488597432177,49.92385222707821,2.699370400497344,4.622051749821137,-1.9226813493237929,-2.81978178503125,252.67190017700196,261.2884291521274,244.05537120187654,4.3894917215593034,25.848985446560775,0.0,0.0,0.0,0.0,0.0
2025-10-17 04:00:00,251.81002807617188,252.89796599708643,246.79958926324147,247.5481624372989,49147000,251.0265365600586,253.0107536315918,240.60659851074217,221.30666023254395,250.23970278281013,249.2256721301167,240.44861703713943,56.51742684207355,2.641639348634726,4.225969269583855,-1.5843299209491288,-1.2370399447063196,253.0107536315918,260.86139467415506,245.16011258902853,4.650422742644565,24.2637663259235,0.0,0.0,0.0,0.0,0.0
2025-10-20 04:00:00,261.7411193847656,263.87706298772724,255.14370850365398,255.4032084113237,90483000,251.58047943115236,253.31816864013672,241.26833709716797,221.3700685119629,252.3308694377111,250.41761948770232,241.2836171292032,66.33200543773424,3.3585281235175444,4.052481040370593,-0.6939529168530489,1.9873223564430553,253.31816864013672,262.02892214509325,244.6074151351802,5.312021532900535,23.45298526592817,0.0,0.0,0.0,0.0,0.0
2025-10-21 04:00:00,262.2701110839844,264.7853366806196,261.33189684706855,261.38182000576944,46695900,252.20828247070312,253.73437576293946,241.97878295898437,221.468793258667,254.13800428248805,251.54642821115777,242.1066168921358,66.76235682546465,3.924118061343279,4.02680844456513,-0.10269038322185153,1.8409437929826966,253.73437576293946,263.32269540910954,244.1460561167694,5.262117713289375,23.274464199494563,0.0,0.0,0.0,0.0,0.0
2025-10-22 04:00:00,257.9583435058594,262.349966966352,254.94406918261987,262.15033525743416,45015300,252.24721069335936,254.0407928466797,242.55368774414063,221.54839591979982,254.8326114140101,252.15708681065314,242.7282532299289,60.027234839235156,3.9785661196600586,4.017159979584116,-0.03859385992405784,0.6856523184570529,254.0407928466797,263.7636128254501,244.3179728679093,5.50380097812004,23.90803556243796,0.0,0.0,0.0,0.0,0.0
2025-10-23 04:00:00,259.0861511230469,260.12418111371363,257.51916110368444,259.4454820834593,32754900,252.80015563964844,254.17603454589843,243.07768829345704,221.62548210144044,255.60598227019858,252.81699769754778,243.36973942181586,61.131753651870426,4.065852629174941,4.026898509502281,0.038954119672659715,1.2086586531305787,254.17603454589843,264.10891046848724,244.24315862330965,5.312735988893942,23.115477142869675,0.0,0.0,0.0,0.0,0.0
2025-10-24 04:00:00,262.32000732421875,263.6275126875418,258.68691759501684,260.69310343226954,38253700,254.55181579589845,254.54333419799804,243.67734497070313,221.7326117706299,256.8267140982023,253.7220462334212,244.11288718269444,64.18747813574961,4.345876427558693,4.090694093113564,0.25518233444512894,1.8445328881212752,254.54333419799804,265.12269797063135,243.96397042536475,5.379038720085965,23.363852281030326,0.0,0.0,0.0,0.0,0.0
2025-10-27 04:00:00,268.2986145019531,268.60802232244004,264.1465248140549,264.37609822840903,44888200,256.6627914428711,255.2609664916992,244.42032897949218,221.86719779968263,258.9125141716115,255.11029083042425,245.06134707756735,69.03436840938157,4.992668563803335,4.2710889872515185,0.7215795765518163,5.814049774774066,255.2609664916992,267.48850162349686,243.03343135990158,5.687735972141001,24.433453300575746,0.0,0.0,0.0,0.0,0.0
2025-10-28 04:00:00,268.4882507324219,269.3765722048576,267.63986169210665,268.4782600095115,41534800,258.78175201416013,255.97809906005858,245.1810791015625,222.0318231201172,260.65355718266795,256.3843822496621,245.9800491816793,69.17686715448482,5.45764570814859,4.508400331430933,0.9492453767176565,9.675047165706907,255.97809906005858,269.5397814994899,242.4164166206273,5.639971091359878,24.434364463032058,0.0,0.0,0.0,0.0,0.0
2025-10-29 04:00:00,269.1869201660156,270.8936584399069,266.6018207191691,268.76770579477784,51086700,260.8138793945312,256.6892433166504,245.96238983154296,222.21212524414062,262.2050777250948,257.6036715750291,246.89012255361408,69.72956137626949,5.815482961718345,4.769816857488416,1.0456661042299293,8.89929356400081,256.6892433166504,271.46437499389634,241.91411163940444,5.595770832399522,24.434144229896216,0.0,0.0,0.0,0.0,0.0
2025-10-30 04:00:00,270.8836669921875,273.6184749716116,267.969239224885,271.4725408872279,69886500,263.2043212890625,257.4013847351074,246.86846252441407,222.40648063659668,263.78300304638435,258.8684330433299,247.8310458649307,71.08554111618452,6.1649194973810495,5.048837385466943,1.116082111914107,9.53706073512597,257.4013847351074,273.48199001206603,241.32077945814873,5.1166838628595075,24.428776497892933,0.0,0.0,0.0,0.0,0.0
2025-10-31 04:00:00,269.85565185546875,276.79244258078194,268.647962249571,276.4630533049319,86167100,265.0088836669922,258.01771011352537,247.7761328125,222.57287063598633,264.88712101167243,259.91483483496216,248.69475590377533,69.06684362648767,6.286432162593599,5.296356340892275,0.9900758217013239,8.434271985698771,258.01771011352537,275.03645007188607,240.9989701551647,5.383318943463236,24.538918202803508,0.0,0.0,0.0,0.0,0.0
2025-11-03 05:00:00,268.53814697265625,270.33474092754267,265.74348587775046,269.90556627002525,50194600,265.68858642578124,258.6345329284668,248.6003616333008,222.78046211242676,265.55094391366947,260.7361026575997,249.472928102555,66.46188960955317,6.204894035996233,5.478063879913067,0.7268301560831656,8.729032538672854,258.6345329284668,276.25957748270605,241.00948837422752,5.415400436226185,24.52790773858889,0.0,0.0,0.0,0.0,0.0
2025-11-04 05:00:00,269.5262756347656,270.9734988318123,267.11086611942017,267.8195068636227,49274800,266.41420288085936,259.3112426757813,249.45632995605467,222.98444091796875,266.2737314993233,261.57326198875836,250.2593338881319,67.45336622655071,6.149124923690863,5.612276088668627,0.5368488350222362,7.035560773312266,259.3112426757813,277.53811244490146,241.0843729066611,5.381179161769213,24.49994630561279,0.0,0.0,0.0,0.0,0.0
2025-11-05 05:00:00,269.6260986328125,271.18312844251227,266.4221834255846,268.0989800730272,43683100,267.5809783935547,259.91409454345705,250.2713766479492,223.2254193878174,266.8832527963213,262.34019881200163,251.01881485851155,67.5577077598039,6.043318765191032,5.698484623973108,0.3448341412179232,3.012510707748506,259.91409454345705,278.6877135615089,241.14047552540524,5.42110546099981,24.477435718233558,0.0,0.0,0.0,0.0,0.0
2025-11-06 05:00:00,269.25677490234375,272.8798740142925,267.38037702601645,267.38037702601645,51204000,268.59804077148436,260.69909820556643,251.0554815673828,223.4586336517334,267.31480227014356,262.9989203444152,251.73402897787753,66.70563835860725,5.8620907506572735,5.7312058493099425,0.130884901347331,2.663919189831776,260.69909820556643,279.6654189343641,241.73277747676875,5.378328336316317,23.596907454776535,0.0,0.0,0.0,0.0,0.0
2025-11-07 05:00:00,267.9592590332031,271.7719991063764,266.26248096015127,269.28671541495146,48227400,269.16196594238284,261.8568908691406,251.77231506347655,223.68620567321778,267.43197622706344,263.4713335528712,252.37031250945893,63.66749692239358,5.5497929975651346,5.694923278960982,-0.14513028139584705,3.8769498173322647,261.8568908691406,279.5198375111837,244.19394422709755,4.909934281649874,19.272979588464835,0.0,0.0,0.0,0.0,0.0
2025-11-10 05:00:00,269.1781311035156,273.4741297822401,267.20997142836535,268.7085692371889,41312400,269.2499176025391,262.95635452270506,252.52191009521485,223.92424819946288,267.74945893187294,264.014838081504,253.02944265040233,65.26781982082099,5.339101726562717,5.6237589684813285,-0.2846572419186115,3.8952217000884026,262.95635452270506,279.4754118689009,246.43729717650922,5.110699890244423,19.17698319000361,0.0,0.0,0.0,0.0,0.0
2025-11-11 05:00:00,274.99267578125,275.65206242273547,269.5477586519058,269.55775905965567,46208300,269.9003601074219,264.341056060791,253.43610382080078,224.1561557006836,269.0664074499415,265.0603464338608,253.89074591043558,71.67689580105848,5.577024075692805,5.614411989923624,-0.037387914230818886,4.830995769746327,264.341056060791,279.95169790803794,248.73041421354407,5.044130857064975,20.057434277722937,0.0,0.0,0.0,0.0,0.0
2025-11-12 05:00:00,273.21435546875,275.4722525277038,271.4460210796085,274.74292397164845,48398000,270.3031036376953,265.5584915161133,254.14006408691407,224.33739982604982,269.82057981699757,265.83691872289785,254.64853452056556,67.57015537739146,5.5580143348323645,5.603132458905372,-0.045118124073007415,1.8321902168306092,265.5584915161133,279.8276471727924,251.28933585943417,5.145645959783983,20.488097767987192,0.0,0.0,0.0,0.0,0.0
2025-11-13 05:00:00,272.6948547363281,276.4413491841305,271.83564282199285,273.85374352181776,49602800,270.4842224121094,266.8442718505859,254.80748413085936,224.51057640075683,270.34317525687584,266.4900554860817,255.35623335255625,66.3737583296732,5.438339814650703,5.570173930054438,-0.13183411540373502,1.5667739621495036,266.8442718505859,278.4502284494988,255.23831525167304,5.1217253361848885,20.13064942395446,0.0,0.0,0.0,0.0,0.0
2025-11-14 05:00:00,272.15533447265625,275.70200347225597,269.3479639093673,270.7965900477885,47431300,270.7141906738281,267.86153717041014,255.46591064453125,224.6898572540283,270.6726587506541,267.02960586575546,256.0150216317759,65.08489489459264,5.2395636901738385,5.504051882078318,-0.2644881919044799,1.1027334852711013,267.86153717041014,277.27931332342,258.4437610174003,5.126441376518272,19.512560679016953,0.0,0.0,0.0,0.0,0.0
2025-11-17 05:00:00,267.2099609375,270.2371271729127,265.48159771217263,268.5687054184609,45018300,270.5813720703125,268.1349792480469,256.06156066894533,224.85231811523437,270.0430773300806,267.04678253925493,256.4540388594513,54.61588740096441,4.629614550640497,5.329164415790755,-0.6995498651502583,-1.3561932675673072,268.1349792480469,277.1117743360145,259.15818416007926,5.479086108499176,16.02470679658928,0.0,0.0,0.0,0.0,0.0
2025-11-18 05:00:00,267.19000244140625,270.4569347049811,265.0719890725528,269.7376065335732,45677300,270.3477447509766,268.38097381591797,256.7272772216797,225.0544120788574,269.52433644123073,267.06042252993603,256.87505703913587,54.577732161385384,4.097382899743479,5.082808112581301,-0.9854252128378214,-0.9878056641519528,268.38097381591797,276.9410349787438,259.82091265309214,5.5571652450484965,16.025697961204482,0.0,0.0,0.0,0.0,0.0
2025-11-19 05:00:00,268.3089294433594,271.9555110777923,265.2517925781922,265.2817633125939,40424500,270.2160278320313,268.898503112793,257.56628479003905,225.23828079223634,269.3033533507086,267.17932795026206,257.3234441922427,56.41604919140378,3.722957601905989,4.810838010446238,-1.087880408540249,-0.08535752997513857,268.898503112793,275.91835181603193,261.87865440955403,5.63248544168232,14.667260424880569,0.0,0.0,0.0,0.0,0.0
2025-11-20 05:00:00,266.0010986328125,275.17250947675234,265.67142054546326,270.5768036466949,45823600,269.8904602050781,269.24425048828124,258.29445892333985,225.41225135803222,268.70294340200024,267.0671156343145,257.6637443663827,51.76280056314516,3.203077117552027,4.489285831867396,-1.2862087143153689,-1.307915895639833,269.24425048828124,274.7462823871063,263.7422185894562,5.729386055973614,15.106442019922154,0.0,0.0,0.0,0.0,0.0
2025-11-21 05:00:00,271.2361755371094,273.0744516711978,265.4216397990326,265.70137680880595,59030800,270.21815185546876,269.69005889892577,259.04668792724607,225.60866760253907,269.16353106292917,267.46416895839025,258.19599656915625,59.8522440664727,3.1768740168476484,4.226803468863446,-1.0499294520157978,0.5971517269511617,269.69005889892577,274.18195582677635,265.1981619710752,5.9480686861431105,15.999102273466221,0.0,0.0,0.0,0.0,0.0
2025-11-24 05:00:00,275.6620788574219,276.7410558404627,270.64675212306133,270.64675212306133,65585800,270.8665466308594,270.05823211669923,259.83493560791015,225.85501152038574,270.3450852073824,268.24492228210755,258.8809409726177,65.17026742990106,3.4732043422255288,4.076083643535863,-0.6028793013103346,2.3788831153463974,270.05823211669923,275.2261346752283,264.89032955817015,6.107473757929483,15.00227665703196,0.0,0.0,0.0,0.0,0.0
2025-11-25 05:00:00,276.7110900878906,280.1179060838009,274.9926967216935,275.012667049666,46914200,271.03838806152345,270.46937408447263,260.6152185058594,226.1052564239502,271.5025406402021,269.0512239778964,259.58016250655,66.30936534236545,3.7494731073626895,4.010761536301229,-0.2612884289385393,3.26610511100236,270.46937408447263,276.36806623823736,264.5706819307079,6.1334926397280345,15.023676546201678,0.0,0.0,0.0,0.0,0.0
2025-11-26 05:00:00,277.29052734375,279.26868736786383,276.3714044558947,276.70108254872224,33431400,271.4460052490234,270.8745544433594,261.3903219604492,226.3336563873291,272.554901859029,269.83591953654917,260.27468661781273,66.95229459737654,3.969416871315161,4.002492603304015,-0.03307573198885372,3.013764976737532,270.8745544433594,277.47398383834616,264.2751250483726,5.94762020570611,15.020046452662255,0.0,0.0,0.0,0.0,0.0
2025-11-28 05:00:00,278.5893249511719,278.73917862681736,275.73198274965245,277.0008150112318,20135600,272.0354522705078,271.2598373413086,262.2135592651367,226.54739250183104,273.65206969396405,270.6695771950846,260.9929077289249,68.4076071157231,4.20010975054447,4.042016032752106,0.15809371779236425,1.3079072596038577,271.2598373413086,278.70681436604235,263.8128603165748,5.768882900773235,14.962630737757818,0.0,0.0,0.0,0.0,0.0
2025-12-01 05:00:00,282.8353576660156,283.1550658399818,275.88187257202503,277.75011957449965,46587700,273.10345458984375,271.90882263183596,262.9696072387695,226.75915985107423,275.3217584161552,271.8282229542209,261.8494743931245,72.64820698189959,4.671702396702642,4.1679533055422135,0.5037490911604285,3.521411669880603,271.90882263183596,280.9353363622504,262.88230890142154,5.840956823207664,15.590941394537403,0.0,0.0,0.0,0.0,0.0
2025-12-02 05:00:00,285.9224548339844,287.1313151163589,282.36578537497866,282.7354345985028,53669500,274.9747039794922,272.77803802490234,263.5761999511719,226.97107933044433,277.24915776485136,273.1705307522936,262.7935128417857,75.24945188049492,5.234209202428644,4.3812044849194995,0.8530047175091449,4.850696618550487,272.77803802490234,283.6061689148066,261.9499071349981,5.718928139076264,15.621025510553164,0.0,0.0,0.0,0.0,0.0
2025-12-03 05:00:00,283.8843688964844,288.35019153510143,283.0351573834178,285.9324708384744,43538700,276.644140625,273.4959426879883,264.17496795654296,227.17345565795898,278.4555597887846,274.19089628983556,263.6206052360876,70.48360150195523,5.4526882010466124,4.595501228144922,0.8571869729016903,4.3096838232309365,273.4959426879883,285.27816723787504,261.71371813810157,5.810985475046858,16.041264998839843,0.0,0.0,0.0,0.0,0.0
2025-12-04 05:00:00,280.4375915527344,284.46382276925783,278.32954829392816,283.83440686502166,43989100,277.8570068359375,274.03651733398436,264.74711975097654,227.35660675048828,278.81592920041186,274.7858196482069,264.280094895564,63.194232627918375,5.286765711561657,4.73375412482827,0.5530115867333869,4.950276018463362,274.03651733398436,286.0607494453759,262.0122852225928,5.920168911703432,16.8701557397798,0.0,0.0,0.0,0.0,0.0
2025-12-05 05:00:00,278.5193786621094,280.8771882481053,277.79005013345267,280.27774306596746,47265800,279.1088348388672,274.49964752197263,265.1898809814453,227.5253875732422,278.76201092072046,275.14139669714996,264.8384981805266,59.50589962071298,4.94350158508837,4.77570361688029,0.16779796820808013,4.240194661919516,274.49964752197263,286.46209372868026,262.537201315265,5.6868188082580025,17.125801098848466,0.0,0.0,0.0,0.0,0.0
2025-12-08 05:00:00,277.6302185058594,279.4085531850005,275.8918244790692,277.86998437615557,38211800,279.7482391357422,274.98319549560546,265.643005065918,227.6911164855957,278.5562304816548,275.3784273455985,265.3401342717161,57.821255880268815,4.54729609934617,4.730022113373466,-0.18272601402729638,3.474088276464804,274.98319549560546,286.60959908195105,263.35679190925987,5.461318232932838,17.052664632163417,0.0,0.0,0.0,0.0,0.0
2025-12-09 05:00:00,276.9208679199219,279.7682096639769,276.6611317163261,277.8999627322321,32193300,279.8741180419922,275.3703323364258,266.1025030517578,227.84558227539063,278.25889183406696,275.525326447915,265.7942806892928,56.44827544924075,4.128471286289937,4.609711947956761,-0.4812406616668241,4.105159468601682,275.3703323364258,286.6945615057965,264.0461031670551,5.298613398305873,17.088788731239966,0.0,0.0,0.0,0.0,0.0
2025-12-10 05:00:00,278.5193786621094,279.48847306800184,276.1815698919154,277.490342786908,33038300,280.05494689941406,275.5466674804687,266.5899786376953,228.00833938598632,278.3062530755292,275.8104742778383,266.2933041392072,58.82123045275069,3.8808006083572764,4.463929680036864,-0.583129071679588,2.6851886960054694,275.5466674804687,286.955650796575,264.13768416436244,5.055983732340609,15.462396050255316,0.0,0.0,0.0,0.0,0.0
2025-12-11 05:00:00,277.77008056640625,279.3286197507982,273.5540244422053,278.83908758708685,33248000,280.1029022216797,275.7744537353516,267.04609954833984,228.20060501098632,278.20876716477954,275.9971034481781,266.7433738030189,57.246674272192486,3.5827579144980746,4.287695326929106,-0.7049374124310317,0.7647050032132618,275.7744537353516,287.16927648708815,264.379630983615,4.7898056164337435,15.287934618410869,0.0,0.0,0.0,0.0,0.0
2025-12-12 05:00:00,278.0198669433594,278.9589906850317,276.5612402656973,277.64021728323,39532900,280.04595642089845,276.04070434570315,267.4736801147461,228.4093531036377,278.17442166997586,276.1897475905763,267.18558922028717,57.653622465126084,3.3283455101829986,4.095825363579885,-0.7674798533968863,0.47297593134161264,276.04070434570315,287.38126586583263,264.70014282557366,4.414444084088692,15.252850670359578,0.0,0.0,0.0,0.0,0.0
2025-12-15 05:00:00,273.8537292480469,279.8880911943856,272.5849275039148,279.8880911943856,50409100,279.1477935791016,276.12562408447263,267.8001718139648,228.5746691131592,277.3888412296251,275.96726965319255,267.4470849076503,49.23579980396312,2.7587482204504,3.828409934953988,-1.0696617145035883,-1.23942138544193,276.12562408447263,287.36870034310704,264.88254782583823,4.500791225022222,16.256684399242506,0.0,0.0,0.0,0.0,0.0
2025-12-16 05:00:00,274.353271484375,275.2424541197232,271.53593087885605,272.5649667835892,37648600,277.9908752441406,276.48278961181643,268.16320343017577,228.76145011901855,276.8369194577614,275.8135555418766,267.71791575379643,50.1751816727733,2.320893334578386,3.526906614878868,-1.206013280300482,-1.5205368933426722,276.48278961181643,286.9611680315439,266.004411192089,4.399456502076491,14.709249632002152,0.0,0.0,0.0,0.0,0.0
2025-12-17 05:00:00,271.58587646484375,275.90184538512057,271.38608172110213,274.75292651919426,50138700,276.7610260009766,276.7025833129883,268.47507934570314,228.9448486328125,275.88218436814,275.41091943930206,267.86960048756305,45.186591436059146,1.7306348516724483,3.1676522622375844,-1.437017410565136,-3.9773956460053883,276.7025833129883,286.52404903607345,266.8811175899031,4.515062270080015,15.25795047080914,0.0,0.0,0.0,0.0,0.0
2025-12-18 05:00:00,271.935546875,273.374203136776,266.7004552212896,273.35420232069225,51630700,275.91082153320315,276.8839141845703,268.76240905761716,229.1309413909912,275.16461391484177,275.07993157603516,268.02904936550175,45.91825592754027,1.2763532256853978,2.7893924549271474,-1.5130392292417496,-4.891853620627873,276.8839141845703,286.17232508406096,267.59550328507964,4.776958844245834,15.208706862496962,0.0,0.0,0.0,0.0,0.0
2025-12-19 05:00:00,273.4141845703125,274.34330788170604,269.64768928264715,271.8955859651445,144632000,275.4003021240234,277.2545684814453,269.1595587158203,229.32646842956544,274.84635403401825,274.9212890040616,268.24023113823944,49.01735262083556,1.0238432411256895,2.436282612166856,-1.4124393710411667,-3.688186273471694,277.2545684814453,285.21049838555905,269.29863857733153,4.592846367895987,14.880989813325552,0.0,0.0,0.0,0.0,0.0
2025-12-22 05:00:00,270.7166748046875,273.62395794129594,270.25711338978425,272.6048920133635,36571800,274.7089477539063,277.22859344482424,269.6778240966797,229.48988899230957,274.095503265049,274.5208495565021,268.3373465761394,44.05727979917525,0.5991540896843617,2.0688569076703573,-1.4697028179859957,-3.466338693833393,277.22859344482424,285.27018799842887,269.1869988912196,4.4929402829053755,13.722176258532336,0.0,0.0,0.0,0.0,0.0
2025-12-23 05:00:00,272.1053771972656,272.2452609569047,269.30800689497966,270.5868091030317,29642000,274.22739868164064,277.0507583618164,270.1761544799805,229.71795166015625,273.73366216181563,274.2908045699082,268.48511248285024,47.028995449691024,0.370372135231662,1.7291599531826185,-1.3587878179509565,-2.302892350131591,277.0507583618164,285.3900158639586,268.71150085967423,4.323098847922621,12.468529304970774,0.0,0.0,0.0,0.0,0.0
2025-12-24 05:00:00,273.55401611328125,275.17249671786806,271.9455359163183,272.085389177814,17910600,273.7308624267578,276.8929046630859,270.70126190185545,229.9863134765625,273.7009992439003,274.2206342407056,268.683893017377,50.01207236552994,0.30246718831716635,1.443821400209528,-1.1413542118923616,-1.468212795608237,276.8929046630859,285.37748821240757,268.40832111376426,4.115433585509769,12.55137728407359,0.0,0.0,0.0,0.0,0.0
2025-12-26 05:00:00,273.1444091796875,275.1125687682936,272.6049054553,273.9037084592662,21521800,273.26829528808594,276.6855987548828,271.1868371582031,230.27184341430663,273.59980105040705,274.1181366158467,268.8588152198206,49.16891487766828,0.21314319032461526,1.1976857582325455,-0.9845425679079303,-1.3637320901819572,276.6855987548828,285.3303702239892,268.0408272857764,4.074042528248408,12.515958523180364,0.0,0.0,0.0,0.0,0.0
2025-12-29 05:00:00,273.50408935546875,274.10350406329195,272.0954038139857,272.4350823114352,23715200,272.81671752929685,276.4313369750977,271.717333984375,230.59551345825196,273.5823989240546,274.0596559243821,269.0409828329833,49.96659323857021,0.16942345446312856,0.9920332974786622,-0.8226098430155336,-1.8006967165918542,276.4313369750977,285.1392547019296,267.72341924826577,3.9662833527751906,12.379341700155653,0.0,0.0,0.0,0.0,0.0
2025-12-30 05:00:00,272.82470703125,273.82377221524894,272.02546707967076,272.5549704076282,22139600,272.7138153076172,275.93080444335936,272.13762756347654,230.89681922912598,273.44463676172643,273.94204174408384,269.1893641740918,48.42093309213456,0.07904360757459017,0.8094353594978478,-0.7303917519232577,-1.7803838070220013,275.93080444335936,284.2300477841091,267.6315611026096,3.8727995804842896,10.815748935249395,0.0,0.0,0.0,0.0,0.0
2025-12-31 05:00:00,271.6058349609375,273.42414083736213,271.49595243002375,272.80472532736104,27293600,272.43907165527344,275.21497344970703,272.334921875,231.1894916534424,273.11030916158296,273.7195458599747,269.28412773436025,45.69016060064331,-0.08989955565448327,0.6295683764673816,-0.7194679321218649,-2.307040879106892,275.21497344970703,282.260566972255,268.16937992715907,3.7743199541451418,9.74692674384776,0.0,0.0,0.0,0.0,0.0
2026-01-02 05:00:00,270.75665283203125,277.58025431004916,268.7485221479618,272.0054842546519,37838100,272.3561492919922,274.5585876464844,272.50465270996096,231.48443977355956,272.682371647119,273.4373655715991,269.34187381662184,43.83533083227023,-0.2889789609956779,0.44585890897476976,-0.7348378699704476,-1.1309235862953737,274.5585876464844,280.57423745200384,268.54293784096495,3.9926868722518845,9.599876567662397,0.0,0.0,0.0,0.0,0.0
2026-01-05 05:00:00,267.0101623535156,271.25618925068443,265.89121426121545,270.38700744645297,45647200,271.8636108398438,273.88721618652346,272.68568908691407,231.74796073913575,271.6510608664638,272.8252509794007,269.250434151402,36.747441190209734,-0.7405249838540158,0.20858213040901266,-0.9491071142630284,-2.6765159719546405,273.88721618652346,280.1329633205662,267.6414690524807,4.204631484404351,9.845065020129768,0.0,0.0,0.0,0.0,0.0
2026-01-06 05:00:00,262.1147155761719,267.2998660934885,261.8749496989937,266.7503924619391,52352100,270.73366394042966,273.0669830322266,272.7462603759766,231.99267974853515,269.9171799045925,271.805199988617,268.9706020504126,29.93600254538994,-1.4763812975755286,-0.12841055518789557,-1.347970742387633,-3.4873539861333347,273.0669830322266,280.8667622446049,265.26720381984825,4.070470963263209,11.269992062576502,0.0,0.0,0.0,0.0,0.0
2026-01-07 05:00:00,260.08660888671875,263.4334831315393,259.56710600115036,262.95395138764474,48309800,269.6706573486328,272.1898025512695,272.70159240722654,232.20649864196778,268.12980335588816,270.6891436931981,268.62221016164034,27.649449008976006,-2.1978683300193893,-0.5423021101541943,-1.655566219865195,-4.357259697912108,272.1898025512695,281.60705126016774,262.7725538423713,4.081889098229047,11.39471944712101,0.0,0.0,0.0,0.0,0.0
2026-01-08 05:00:00,258.7978515625,259.0476178563403,255.46096229095477,256.7797203952787,50419300,268.33990478515625,271.2836517333984,272.5115771484375,232.40162712097168,266.4330848479994,269.55663968075066,268.2369411969682,26.276002066707377,-2.840895867569543,-1.0020208616372641,-1.838875005932279,-5.345857615537753,271.2836517333984,282.1589342689516,260.4083691978452,4.089737879068015,11.4075973744333,0.0,0.0,0.0,0.0,0.0
2026-01-09 05:00:00,259.1275329589844,259.9667440583015,255.98048371428257,258.8377955175017,39997000,266.8972564697266,270.3140594482422,272.32436279296877,232.58336959838869,265.1048026863603,268.56339142153485,267.879709501361,27.271268589001338,-3.2860181190067124,-1.458820313111154,-1.8271978058955585,-4.280911714826685,270.3140594482422,281.9071990172481,258.72091987923625,3.8977744811060546,11.035975198882083,0.0,0.0,0.0,0.0,0.0
2026-01-12 05:00:00,260.0067138671875,261.05572011368304,256.5599267903311,258.9177364764393,45263800,265.58348693847654,269.42589111328124,272.1407586669922,232.7805598449707,264.1778774465107,267.7484697496923,267.57096457453065,29.98574144151037,-3.527179034218989,-1.872492057332721,-1.6546869768862678,-4.446315414526736,269.42589111328124,281.33145342457885,257.5203288019836,3.8835012471269885,11.30880155604143,0.0,0.0,0.0,0.0,0.0
2026-01-13 05:00:00,260.8059387207031,261.56523797230057,258.148452318208,258.4781303943212,45730800,264.313671875,268.56519470214846,271.9392041015625,232.97019645690918,263.56479767818206,267.08727631836,267.305669443008,32.45380201501192,-3.6121711699684624,-2.2204278798598693,-1.391743290108593,-4.660168245272267,268.56519470214846,280.34302989501043,256.7873595092865,3.887068468739908,11.440825891467343,0.0,0.0,0.0,0.0,0.0
2026-01-14 05:00:00,259.71697998046875,261.57525710051715,256.4700180914029,259.247418118488,40019400,263.0028991699219,267.85835723876954,271.7364306640625,233.1840093231201,262.865194460416,266.3853433337989,267.0080737778104,30.857702255269416,-3.724464609791312,-2.521235225846158,-1.2032293839451538,-4.915871878741451,267.85835723876954,279.9912839982654,255.72543047927374,4.04192453639628,10.570009993716953,0.0,0.0,0.0,0.0,0.0
2026-01-15 05:00:00,257.9685974121094,260.7959687899761,256.8096782083212,260.40631875644857,39388600,261.63917541503906,267.03912353515625,271.52503967285156,233.3680219268799,261.9749040879966,265.5837484841142,266.65358450856723,28.439328024440158,-3.9094718731137164,-2.79888255529967,-1.1105893178140462,-5.680168066214231,267.03912353515625,279.5328115580798,254.54543551223267,4.0961623778323615,10.528550967293192,0.0,0.0,0.0,0.0,0.0
2026-01-16 05:00:00,255.29112243652344,258.6579671912775,254.69167723491495,257.6589020182799,72142800,260.0926223754883,266.22438583374026,271.2403366088867,233.53337020874022,260.759671060456,264.60349838434365,266.20799776064393,25.184242187452668,-4.223455945015758,-3.083797233242888,-1.1396587117728698,-6.426685026264211,266.22438583374026,279.56608744647076,252.88268422100975,4.200349995215859,10.55491029213961,0.0,0.0,0.0,0.0,0.0
2026-01-20 05:00:00,246.46937561035156,254.55180921698133,243.19244305608962,252.49373739571587,80267500,258.0385437011719,264.9510772705078,270.7772021484375,233.6511250305176,258.16143552407334,262.8764390725349,265.433934146907,17.910419313692643,-5.1250534012147,-3.4920484668372502,-1.6330049343774498,-9.254756752262361,264.9510772705078,280.6503667862984,249.25178775471727,4.921105647439256,15.227363283827518,0.0,0.0,0.0,0.0,0.0
2026-01-21 05:00:00,247.41848754882812,251.3248360900433,244.9507953165175,248.46750904444812,54641700,256.5689208984375,263.6512924194336,270.3404364013672,233.87667625427247,256.20817225584693,261.40425321313427,264.72744604502157,20.568535343857604,-5.697315374355696,-3.9331018483409395,-1.764213526014757,-8.619609172699217,263.6512924194336,280.65098429080246,246.6516005480648,5.247943907292657,15.094895793395008,0.0,0.0,0.0,0.0,0.0
2026-01-22 05:00:00,248.1178436279297,250.76536025794266,247.9180183962477,248.96703988447874,39708300,255.3720443725586,262.5213508605957,269.94360809326173,234.1794528198242,254.73720341440742,260.1388808716862,264.0760890874885,22.55841017478886,-6.024953012251785,-4.351472081123109,-1.673480931128676,-7.075505501012702,262.5213508605957,280.51862131011677,244.52408041107464,5.349278500276668,15.217328083375827,0.0,0.0,0.0,0.0,0.0
2026-01-23 05:00:00,247.80812072753906,249.17685039145397,244.45126111041233,247.08880782235642,41689000,254.2730712890625,261.3064880371094,269.5162078857422,234.51513061523437,253.47737019861316,258.9645227627198,263.4381295439611,22.292066028966957,-6.237695974027645,-4.728716859704017,-1.508979114323628,-5.458142560666435,261.3064880371094,279.8516876076964,242.76128846652233,5.055982580201975,14.857020683406343,0.0,0.0,0.0,0.0,0.0
2026-01-26 05:00:00,255.17123413085938,256.32015295784896,249.5664780183616,251.24490015634893,55969200,253.87744140625,260.3873489379883,269.1197790527344,234.93262786865233,253.78534545902156,258.6032571787331,263.11393756697674,40.32925903267957,-5.745919208498577,-4.932157329462929,-0.8137618790356482,-1.889899205845036,260.3873489379883,278.1837654408641,242.5909324351125,5.280772383119183,18.974578154208942,0.0,0.0,0.0,0.0,0.0
2026-01-27 05:00:00,258.0285339355469,261.70511669708895,257.96859246831417,258.92771692213245,49648300,253.67962341308595,259.6315551757813,268.8160626220703,235.2328350830078,254.55683427293522,258.548521631763,262.91450997358737,45.605643561634146,-5.06721071309758,-4.959168006189859,-0.108042706907721,-0.2972658475749901,259.6315551757813,276.40108286343883,242.8620274881237,5.35998425252881,19.66626256615926,0.0,0.0,0.0,0.0,0.0
2026-01-28 05:00:00,256.2002868652344,258.61800761819165,254.27208306792676,257.409147241713,41288000,253.21905822753905,258.76636505126953,268.4861712646484,235.5658681488037,254.85564383517143,258.3248802254269,262.6512071065932,42.98643435743949,-4.623556123015248,-4.8920456295549375,0.26848950653968906,-1.1296545991557494,258.76636505126953,274.25922485482613,243.27350524771293,5.394237639662809,19.660873576783967,0.0,0.0,0.0,0.0,0.0
2026-01-29 05:00:00,258.0385437011719,259.4072580677027,254.17216647920577,257.75880668092503,67253000,253.05121459960938,258.0270568847656,268.20383544921873,235.86961029052733,255.43435290171695,258.29761008025974,262.47031834559624,46.32441904555527,-4.076631826231903,-4.7289628688903305,0.6523310426584272,-0.7569689785091427,258.0270568847656,272.03530679710053,244.0188069724307,5.437769424858018,20.002824757239253,0.0,0.0,0.0,0.0,0.0
2026-01-30 05:00:00,259.2374267578125,261.6551472598355,251.94423313215475,254.93144331105526,92443400,253.1780975341797,257.40863647460935,268.044384765625,236.15759162902833,256.1258208755525,258.3871164305029,262.34353828333025,48.44442503677495,-3.506035146726788,-4.484377324457622,0.9783421777308341,-0.601409603855052,257.40863647460935,269.90310233791536,244.91417061130335,5.846673266548145,20.157407506537815,0.0,0.0,0.0,0.0,0.0
2026-02-02 05:00:00,269.7575988769531,270.2371306501278,258.9676766447768,259.7869174093499,73913400,254.62474517822267,257.35868377685546,268.0957366943359,236.50006561279298,258.60432596671626,259.470019520641,262.63428575758996,62.45704852339531,-2.1798156402118707,-4.023464987608472,1.8436493473966014,3.865984772054354,257.35868377685546,269.6345299201909,245.08283763352003,6.3305061724052205,25.23637041386365,0.0,0.0,0.0,0.0,0.0
2026-02-03 05:00:00,269.22808837890625,271.6258386480508,267.3598109321867,268.9483513556569,64394700,256.90061645507814,257.469580078125,268.1141198730469,236.87907119750977,260.535919132569,260.39935941190436,262.89286625254357,61.55025154709454,-1.1581537230975414,-3.450402734706286,2.2922490116087446,4.364675033996335,257.469580078125,270.1460702128026,244.79308994344734,6.391166319674615,24.72371522646128,0.0,0.0,0.0,0.0,0.0
2026-02-04 05:00:00,276.23150634765625,278.68922850453845,272.03545112075,272.03545112075,90545700,259.78191833496095,258.17541961669923,268.31872802734375,237.2796026611328,263.38966226258486,261.907182929595,263.4159501778421,68.13906582415572,0.21416919776811483,-2.717488348211406,2.9316575459795207,8.202550762939097,258.17541961669923,273.2804000752524,243.07043915814606,6.70230211371161,25.24222715105926,0.0,0.0,0.0,0.0,0.0
2026-02-05 05:00:00,275.6520690917969,279.2387093202658,272.97458180817284,277.86999494352693,52977400,262.5353408813477,258.9536926269531,268.4070458984375,237.6962540435791,265.619190776987,263.2162197069476,263.89579797838934,67.11433428637102,1.2406873837593366,-1.9258532018172574,3.166540585576594,11.84029188582878,258.9536926269531,275.9578934669488,241.94949178695742,6.865004751600044,25.009891039969332,0.0,0.0,0.0,0.0,0.0
2026-02-06 05:00:00,277.8599853515625,280.6473855638201,276.67109542368036,276.8609202349588,50453400,265.54052734375,259.90679931640625,268.4510040283203,238.09118774414063,267.8447897905462,264.61086405405376,264.4434131694942,69.02583473508601,2.2069307082208525,-1.0992964198096355,3.3062271280304882,12.303647194806633,259.90679931640625,278.8953492757588,240.9182493570537,6.938506645575804,24.884137439232017,0.0,0.0,0.0,0.0,0.0
2026-02-09 05:00:00,274.6199951171875,278.20001220703125,271.70001220703125,277.9100036621094,44623400,267.4854034423828,260.6814224243164,268.40918212890625,238.44572700500487,269.07664530448096,265.56411463149504,264.8424948145018,63.2187341461102,2.6803479869431612,-0.3433675384590762,3.0237155254022374,10.681275921855772,260.6814224243164,280.76835950363056,240.5944853450022,6.538600975544816,25.466472374950687,0.0,0.0,0.0,0.0,0.0
2026-02-10 05:00:00,273.67999267578125,275.3699951171875,272.94000244140625,274.8900146484375,34376900,269.05054931640626,261.3650863647461,268.3369714355469,238.77679817199706,269.91361755380825,266.3370553976175,265.1890633580814,61.59955384379925,2.9457277343548185,0.3144515161037028,2.6312762182511156,10.440284148996026,261.3650863647461,282.26944811112185,240.46072461837034,6.256883254277349,25.56828040672528,0.0,0.0,0.0,0.0,0.0
2026-02-11 05:00:00,275.5,280.17999267578125,274.45001220703125,274.70001220703125,51931300,270.9805206298828,262.09978942871095,268.27518493652343,239.1124390411377,270.92932345311584,267.2097167883206,265.59341381462724,63.54634486495824,3.2652625624998564,0.9046137253829336,2.3606488371169227,7.966715346415354,262.09978942871095,283.933616301877,240.2659625555449,6.482106632197739,25.606916317379984,0.0,0.0,0.0,0.0,0.0
2026-02-12 05:00:00,261.7300109863281,275.7200012207031,260.17999267578125,275.5899963378906,81077200,271.34966735839845,262.20044097900393,267.8530780029297,239.37494857788087,269.2567211864271,266.6878400452737,265.4419078213606,44.97027762484729,2.3799387308960718,1.1996787264855613,1.1802600044105105,1.4345223740665158,262.20044097900393,284.00655948876545,240.3943224692424,7.254565151046328,31.71219832549467,0.0,0.0,0.0,0.0,0.0
2026-02-13 05:00:00,255.77999877929688,262.2300109863281,255.4499969482422,262.010009765625,56290700,271.00392456054686,262.0910110473633,267.25022888183594,239.60238136291503,266.80640802149435,265.64899801994255,265.06300942755416,39.58549446303457,1.1845422909772765,1.1966514393839043,-0.012109148406627801,-0.16404668826877078,262.0910110473633,284.00823043044784,240.17379166427872,7.130849565887473,32.694776521294756,0.0,0.0,0.0,0.0,0.0
2026-02-17 05:00:00,263.8800048828125,266.2900085449219,255.5399932861328,258.04998779296875,58469100,270.4161651611328,262.52045516967775,266.8501416015625,239.86389213562012,266.2743347235522,265.480522483073,265.0166170924663,48.60734941807927,0.8806334042446906,1.1334478323560617,-0.2528144281113711,2.26379404326722,262.52045516967775,284.21209784751613,240.82881249183936,7.432001901070294,34.32835703576949,0.0,0.0,0.0,0.0,0.0
2026-02-18 05:00:00,264.3500061035156,266.82000732421875,262.45001220703125,263.6000061035156,34203300,269.92835693359376,263.41448669433595,266.5283898925781,240.12367057800293,265.9244567926365,265.3728542564485,264.99047548505644,49.082487800207794,0.6699854176670215,1.0407553494182538,-0.3707699317512323,1.9721609682846752,263.41448669433595,283.752313644743,243.07665974392887,7.433721227279051,31.521642319287796,0.0,0.0,0.0,0.0,0.0
2026-02-19 05:00:00,260.5799865722656,264.4800109863281,260.04998779296875,262.6000061035156,30845300,268.3632049560547,264.0725616455078,266.16960205078124,240.40427604675293,264.95273493438725,264.9163906674787,264.81751513553525,45.45249221981324,0.1965703611014078,0.8719183517548846,-0.6753479906534768,-3.402170075243649,264.0725616455078,283.03640743307255,245.10871585794305,7.376216341912084,32.159055810960105,0.0,0.0,0.0,0.0,0.0
2026-02-20 05:00:00,264.5799865722656,264.75,258.1600036621094,258.9700012207031,42070500,267.25599670410156,264.8956687927246,265.9085974121094,240.7370413970947,264.88496250491056,264.8843521822203,264.80820028991684,49.70283638928973,0.14250932976250397,0.7260365473564085,-0.5835272175939046,-1.7264550049840954,264.8956687927246,282.30942451102413,247.48191307442508,7.153293642641363,32.46671754089302,0.0,0.0,0.0,0.0,0.0
2026-02-23 05:00:00,266.17999267578125,269.42999267578125,263.3800048828125,263.489990234375,37308200,266.08799743652344,265.8142623901367,265.69377990722654,241.07969856262207,265.1204225359779,265.0077465149404,264.86199606975464,51.33626790000198,0.22616559745824816,0.6260623573767765,-0.39989675991852836,-3.6388005860651162,265.8142623901367,281.2597429012513,250.36878187902215,6.780474627471201,32.430951054489235,0.0,0.0,0.0,0.0,0.0
2026-02-24 05:00:00,272.1400146484375,274.8900146484375,267.7099914550781,267.8599853515625,47014600,265.8399993896484,266.66270141601564,265.5661926269531,241.46340675354003,266.39671201097053,265.687010146702,265.1474085630363,56.94531121526501,0.7645742198538983,0.6537647298722009,0.11080948998169737,-1.2740896358698461,266.66270141601564,281.4987722501911,251.82663058184016,7.097902788670642,31.751467228285524,0.0,0.0,0.0,0.0,0.0
2026-02-25 05:00:00,274.2300109863281,274.94000244140625,271.04998779296875,271.7799987792969,33714300,265.89500122070314,267.4727752685547,265.4953912353516,241.85139183044433,267.82094818830825,266.5006292742854,265.50358905022426,58.741211424716724,1.3444145951824567,0.791894702934252,0.5525198922482046,-1.3064041447499397,267.4727752685547,282.09149918618834,252.85405135092105,6.699965254585306,31.661537446658972,0.0,0.0,0.0,0.0,0.0
2026-02-26 05:00:00,272.95001220703125,276.1099853515625,270.79998779296875,274.95001220703125,32345100,265.64000244140624,268.31026153564454,265.393994140625,242.2277995300293,268.7535052826215,267.11485622026123,265.7956056446089,57.16843579903066,1.6812763587560084,0.9697710340986034,0.711505324657405,-0.608106816637155,268.31026153564454,282.1058530311827,254.5146700401064,6.631813115049648,31.56845913891708,0.0,0.0,0.0,0.0,0.0
2026-02-27 05:00:00,264.17999267578125,272.80999755859375,262.8900146484375,272.80999755859375,72366500,265.88500061035154,268.617333984375,265.20051940917966,242.4979470062256,267.9219575359233,266.83534540650123,265.7322482732823,47.73741944014057,1.2264368507010204,1.0211041974190869,0.2053326532819335,-3.47120734223868,268.617333984375,281.70551427837523,255.5291536903748,6.9935760498046875,33.93307686232443,0.0,0.0,0.0,0.0,0.0
2026-03-02 05:00:00,264.7200012207031,266.5299987792969,260.20001220703125,262.4100036621094,41827900,266.7790008544922,268.8914627075195,265.00785400390623,242.76012702941895,267.3397836604287,266.63388405547283,265.6925523104361,48.302945655213605,0.8991822271678984,0.9967198033688492,-0.09753757620095083,-3.9128852193455077,268.8914627075195,281.36780506241803,256.415120352621,6.981432233537946,33.91257504873855,0.0,0.0,0.0,0.0,0.0
2026-03-03 05:00:00,263.75,265.55999755859375,260.1300048828125,263.4800109863281,38568900,266.76600036621096,268.59108276367186,264.85113647460935,243.02044799804688,266.6870957221689,266.35922843114207,265.6163737884582,47.312581599746146,0.5551600489343969,0.9084078524819588,-0.3532478035475619,0.7717834901926457,268.59108276367186,281.2672991827402,255.91486634460352,7.195717947823661,30.58241075995081,0.0,0.0,0.0,0.0,0.0
2026-03-04 05:00:00,262.5199890136719,266.1499938964844,261.4200134277344,264.6499938964844,39803100,266.58299865722654,268.2556777954102,264.66282531738284,243.27900550842284,265.9294399569876,265.9935865818592,265.494946934545,46.02395646871398,0.18117985854371454,0.76296225369431,-0.5817823951505955,2.6350732139109434,268.2556777954102,281.21279874878877,255.2985568420316,7.069287981305804,30.609317091870775,0.0,0.0,0.0,0.0,0.0
2026-03-05 05:00:00,260.2900085449219,261.55999755859375,257.25,260.7900085449219,49658600,266.5540008544922,267.45860290527344,264.400341796875,243.5273602294922,264.90408879115745,265.4503886735794,265.2908317035794,43.70010084756494,-0.29177947170308016,0.552013908614832,-0.8437933803179122,-1.360465465916949,267.45860290527344,280.3107552874188,254.6064505231281,6.335715157645089,28.964585824702034,0.0,0.0,0.0,0.0,0.0
2026-03-06 05:00:00,257.4599914550781,258.7699890136719,254.3699951171875,258.6300048828125,41120000,265.8420013427734,266.5489990234375,264.1352081298828,243.77392723083497,263.5506165482339,264.6893984622936,264.9837399291284,40.87912440626146,-0.8847628803831071,0.26465855081524425,-1.1494214311983515,-2.6063985206565388,266.5489990234375,279.53390043685033,253.56409761002465,6.274286542619977,29.103196267612606,0.0,0.0,0.0,0.0,0.0
2026-03-09 04:00:00,259.8800048828125,261.1499938964844,253.67999267578125,255.69000244140625,38218500,265.2120025634766,265.65,263.89070068359376,244.04216514587404,262.88323260906634,264.2313609785335,264.78359345672385,44.19647991758434,-1.146218749012462,-0.017516909150296994,-1.128701839862165,-0.26862450131373006,265.65,277.8004558602037,253.49954413979623,6.039999825613839,29.178573230538845,0.0,0.0,0.0,0.0,0.0
2026-03-10 04:00:00,260.8299865722656,262.4800109863281,256.95001220703125,257.6499938964844,30590800,264.08099975585935,264.9604995727539,263.63622009277344,244.33893058776854,262.5099151478298,263.90742055888893,264.62855004949023,45.48952383753537,-1.26221875349205,-0.2664572780186476,-0.9957614754734023,-1.417340762837993,264.9604995727539,276.51834488195146,253.4026542635564,6.122857230050223,29.094328571413868,0.0,0.0,0.0,0.0,0.0
2026-03-11 04:00:00,260.80999755859375,262.1300048828125,259.54998779296875,261.0899963378906,26218900,262.73899841308594,264.3169998168945,263.38953186035155,244.63923500061034,262.20083922251416,263.61242789219415,264.4788028929845,45.46565144683886,-1.340312253779075,-0.48122827317073313,-0.8590839806083419,-2.017430034168044,264.3169998168945,275.2468070785348,253.3871925552542,5.990713936941964,29.10314220459836,0.0,0.0,0.0,0.0,0.0
2026-03-12 04:00:00,255.75999450683594,258.95001220703125,254.17999267578125,258.6600036621094,40794000,261.0199966430664,263.32999954223635,263.0346499633789,244.944647064209,261.02977654693626,262.8645770935886,264.13688883862574,39.78510643116576,-1.7890716526765686,-0.7427969490719003,-1.0462747036046682,-6.018967906194172,263.32999954223635,273.54987407155625,253.11012501291648,5.993571690150669,29.51070533773394,0.0,0.0,0.0,0.0,0.0
2026-03-13 04:00:00,250.1199951171875,256.3299865722656,249.52000427246094,255.47999572753906,36930000,259.613996887207,262.7494987487793,262.58055572509767,245.19723403930664,259.04617992334556,261.6508073815504,263.58720673190265,34.58755755276033,-2.570189974603238,-1.108275554178168,-1.4619144204250702,-8.791895453901521,262.7494987487793,274.54889523854814,250.9501022590104,6.047857012067523,25.002583051660014,0.0,0.0,0.0,0.0,0.0
2026-03-16 04:00:00,252.82000732421875,253.88999938964844,249.8800048828125,252.11000061035156,32074200,258.4239974975586,262.6014991760254,262.2048391723633,245.46227432250976,257.91414854168613,260.8097788046617,263.16496361787586,38.715201025975475,-2.937501760456655,-1.4741207954338655,-1.4633809650227896,-7.374978561108836,262.6014991760254,274.8352328737566,250.36776547829425,5.712140764508929,24.159673476682293,0.0,0.0,0.0,0.0,0.0
2026-03-17 04:00:00,254.22999572753906,255.1300048828125,252.17999267578125,252.9600067138672,32361600,257.4719970703125,262.1189987182617,261.87430603027343,245.73670745849608,257.24430257547755,260.18313279731666,262.8145727202156,40.81551481199149,-3.0793281387327056,-1.7951622640936336,-1.284165874639072,-3.766370362669158,262.1189987182617,274.88982484823197,249.34817258829145,5.644997732979911,21.142990416567407,0.0,0.0,0.0,0.0,0.0
2026-03-18 04:00:00,249.94000244140625,254.94000244140625,249.0,252.6300048828125,35757900,256.21399841308596,261.39849853515625,261.53290283203125,245.98520416259765,255.9162480056464,259.2075965729442,262.3096876112427,36.694892651574015,-3.4975752996521123,-2.1356448712053293,-1.361930428446783,-5.583257294931199,261.39849853515625,275.2219313198821,247.5750657504304,5.689998081752232,21.754855575755133,0.0,0.0,0.0,0.0,0.0
2026-03-19 04:00:00,248.9600067138672,251.8300018310547,247.3000030517578,249.39999389648438,34864100,255.08099822998048,260.8174995422363,261.26980865478515,246.22456382751466,254.65147686168655,258.2316356339845,261.7861707133064,35.80560795159184,-3.8635797111202237,-2.4812318391883084,-1.3823478719319153,-5.607580392846567,260.8174995422363,275.720410360986,245.9145887234866,5.2949981689453125,21.332102389634024,0.0,0.0,0.0,0.0,0.0
2026-03-20 04:00:00,247.99000549316406,249.1999969482422,246.0,247.97999572753906,88331100,254.13399963378907,259.9880004882813,261.0278765869141,246.45124725341796,253.4403002492279,257.25624228723973,261.245144626242,34.90394849918488,-4.183684920490435,-2.821722455448734,-1.3619624650417013,-5.534810349146824,259.9880004882813,275.82657091790867,244.14943005865385,5.071427481515067,20.30201628396984,0.0,0.0,0.0,0.0,0.0
2026-03-23 04:00:00,251.49000549316406,254.60000610351562,250.27999877929688,253.97000122070312,40546100,253.2949996948242,259.2535011291504,260.8817196655273,246.69767387390138,253.08570120267083,256.70707687828013,260.86259015043504,40.70601343855773,-4.107599999962929,-3.0788979643515733,-1.0287020356113556,-3.380845504194252,259.2535011291504,275.24476093583695,243.2622413224638,5.155713762555804,20.977561190572793,0.0,0.0,0.0,0.0,0.0
2026-03-24 04:00:00,251.63999938964844,254.8300018310547,249.5500030517578,250.35000610351562,45152300,252.3760009765625,258.22850036621094,260.73196899414063,246.955767288208,252.82284632757586,256.224498069839,260.50091992452184,40.94892376755306,-3.9892137257564286,-3.2609611166325445,-0.7282526091238841,-2.2605423205900976,258.22850036621094,273.3460224428063,243.11097828961553,5.195000784737723,18.829639505285293,0.0,0.0,0.0,0.0,0.0
2026-03-25 04:00:00,252.6199951171875,255.0,251.60000610351562,254.10000610351562,28476700,251.55700073242187,257.1479995727539,260.5842346191406,247.20236053466797,252.7859642893234,255.88121207434838,260.1918640497244,42.60338609335375,-3.7728235243863537,-3.3633335981833063,-0.40948992620304736,-2.793600750045677,257.1479995727539,270.42734522845535,243.86865391705246,5.061429704938616,18.56859190155424,0.0,0.0,0.0,0.0,0.0
2026-03-26 04:00:00,252.88999938964844,257.0,250.77000427246094,252.1199951171875,41796700,251.27000122070314,256.14499893188474,260.42591583251954,247.46261642456054,252.80487976210978,255.5963346758055,259.9055164159959,43.07659301445703,-3.5387530995908776,-3.3984174984648208,-0.1403356011260568,-3.0441236021063633,256.14499893188474,267.25143714545135,245.0385607183181,5.083571297781808,18.653917760146882,0.0,0.0,0.0,0.0,0.0
2026-03-27 04:00:00,248.8000030517578,255.49000549316406,248.07000732421875,253.89999389648438,47900000,251.13800201416015,255.3759994506836,260.2075762939453,247.69634078979493,252.07672036022757,254.9490649973248,259.4700060879866,37.96988461795786,-3.641304433618785,-3.446994885495614,-0.19430954812317136,-4.604882718937098,255.3759994506836,266.2676886288823,244.4843102724849,5.079999651227679,16.121166270820456,0.0,0.0,0.0,0.0,0.0
2026-03-30 04:00:00,246.6300048828125,250.8699951171875,245.50999450683594,250.07000732421875,39446200,250.51900177001954,254.47149963378905,259.9808044433594,247.93860618591307,251.086408455243,254.15677355784743,258.96647662896015,35.56111007107374,-3.8532598406092973,-3.5282478765183507,-0.32501196409094657,-3.5697489130886773,254.47149963378905,265.09725678092155,243.84574248665652,5.067856924874442,16.132181173029778,0.0,0.0,0.0,0.0,0.0
2026-03-31 04:00:00,253.7899932861328,255.47999572753906,247.10000610351562,247.91000366210938,49598100,250.4750015258789,253.9734992980957,259.9507818603516,248.21457786560057,251.5779693335866,254.12184210339842,258.76347728218263,47.41489974508158,-3.4042428100309223,-3.5034468632208653,0.09920405318994296,1.4672949946388014,253.9734992980957,263.6603943107117,244.28660428547974,5.515712193080357,19.83367309101655,0.0,0.0,0.0,0.0,0.0
2026-04-01 04:00:00,255.6300048828125,256.17999267578125,253.3300018310547,254.0800018310547,40059400,251.04400177001952,253.62900009155274,260.1339944458008,248.51345794677735,252.31470306980947,254.2654766538188,258.6405960116191,49.96231251628476,-2.8668724984748053,-3.3761319902716536,0.5092594917968483,1.1114617028668006,253.62900009155274,262.4910851664921,244.76691501661338,5.245711190359933,20.058996177124392,0.0,0.0,0.0,0.0,0.0
2026-04-02 04:00:00,255.9199981689453,256.1300048828125,250.64999389648438,254.1999969482422,31289400,251.74000091552733,253.4104995727539,260.3040246582031,248.80396781921388,252.97021126965234,254.42305013144988,258.5339059001417,50.370377802457384,-2.3900515933934514,-3.178915910896013,0.7888643175025618,0.6647533610540046,253.4104995727539,261.78305386386876,245.03794528163903,5.150713239397321,19.888432067142396,0.0,0.0,0.0,0.0,0.0
2026-04-06 04:00:00,258.8599853515625,262.1600036621094,256.4599914550781,256.510009765625,29329900,252.82699890136718,253.48049926757812,260.5188674926758,249.1230354309082,254.04107928454508,254.84561539050821,258.5466933296092,54.42800925647842,-1.7547080139511877,-2.8940743315070483,1.1393663175558606,3.568849653127204,253.48049926757812,262.0174027127369,244.94359582241933,5.309999738420759,19.965880208208134,0.0,0.0,0.0,0.0,0.0
2026-04-07 04:00:00,253.5,256.20001220703125,245.6999969482422,256.1600036621094,62148000,253.0279983520508,253.1614990234375,260.632705078125,249.4106174468994,253.94270123280958,254.71746154379315,258.3487837872716,46.89959406843734,-1.664512211789713,-2.648161907563581,0.9836496957738681,1.8235833723087458,253.1614990234375,261.15077350595476,245.17222454092024,6.039283752441406,20.98899763859042,0.0,0.0,0.0,0.0,0.0
2026-04-08 04:00:00,258.8999938964844,259.75,256.5299987792969,258.45001220703125,41032800,253.75399780273438,253.06499938964845,260.7072802734375,249.70316635131837,254.84402717165952,255.11579795833518,258.3703998699858,53.828566316557264,-1.144108441011582,-2.3473512142531816,1.2032427732415996,4.39936616865837,253.06499938964845,260.70318304850883,245.4268157307881,6.061426435198102,22.41225849429439,0.0,0.0,0.0,0.0,0.0
2026-04-09 04:00:00,260.489990234375,261.1199951171875,256.07000732421875,259.0,28121600,254.54099731445314,253.0489990234375,260.7565093994141,250.00117294311522,255.87056591033505,255.62762579414849,258.4535210607462,55.66309250978976,-0.5965091014419102,-1.9971827916909273,1.4006736902490171,3.578664974602974,253.0489990234375,260.61991508848143,245.47808295839354,6.098568507603237,22.528001466747,0.0,0.0,0.0,0.0,0.0
2026-04-10 04:00:00,260.4800109863281,262.19000244140625,259.0199890136719,259.9800109863281,31291500,255.29999847412108,253.2849998474121,260.84210388183595,250.3051114654541,256.7086468332429,256.0897577172132,258.5329912539063,55.64814779443753,-0.16147652069508922,-1.6300415374917598,1.4685650167966706,3.512959632062107,253.2849998474121,261.48025742734643,245.0897422674778,6.096426827566964,21.33385359560354,0.0,0.0,0.0,0.0,0.0
2026-04-13 04:00:00,259.20001220703125,260.17999267578125,256.6600036621094,259.7300109863281,36234700,256.3399993896484,253.7390007019043,260.86533325195313,250.59636909484863,257.16162235574984,256.3859724305292,258.55914893834256,53.65815071666252,0.0790929948827852,-1.2882146310168507,1.367307625899636,2.604709530926619,253.7390007019043,262.19779809137407,245.28020331243457,5.897141592843192,19.681033797906384,0.0,0.0,0.0,0.0,0.0
2026-04-14 04:00:00,258.8299865722656,261.92999267578125,257.19000244140625,259.25,48370700,257.55999755859375,254.03949966430665,260.8571844482422,250.88856796264648,257.46496130420724,256.61873568212314,258.5697700220258,53.06735665604541,0.23715432545526482,-0.9831408397224276,1.2202951651776925,2.3488422622299776,254.03949966430665,262.7830512591721,245.29594806944118,5.8585695539202005,19.421356712085174,0.0,0.0,0.0,0.0,0.0
2026-04-15 04:00:00,266.42999267578125,266.55999755859375,257.80999755859375,258.1600036621094,49913500,258.8239974975586,254.64949951171874,260.79063232421873,251.21836807250978,259.09496700812974,257.55314111009056,258.87801404766327,62.25878675607882,0.9645572300252638,-0.5936012257728893,1.5581584557981532,7.08600860441142,254.64949951171874,265.00306061663395,244.29593840680354,6.24071284702846,21.812868901806556,0.0,0.0,0.0,0.0,0.0
2026-04-16 04:00:00,263.3999938964844,267.1600036621094,261.2699890136719,266.79998779296875,43323100,259.60099639892576,255.32249908447267,260.6740704345703,251.51263038635253,259.87769916964874,258.10998423260423,259.0553465907543,57.429773754077466,1.2817583810689257,-0.21852930440452634,1.500287685473452,6.799654819631629,255.32249908447267,266.1271306615396,244.51786750740573,6.216428484235491,21.246965003740964,0.0,0.0,0.0,0.0,0.0
2026-04-17 04:00:00,270.2300109863281,272.29998779296875,266.7200012207031,266.9599914550781,61436200,261.03199768066406,256.3859992980957,260.5540405273438,251.8278328704834,261.75993768177227,259.26427249486363,259.4935687239141,64.1751492601289,2.0605155364203824,0.23727966376045542,1.823235872659927,6.477803749204636,256.3859992980957,268.6433043127184,244.12869428347307,6.322142464773996,22.609724688636668,0.0,0.0,0.0,0.0,0.0
2026-04-20 04:00:00,273.04998779296875,274.2799987792969,270.2900085449219,270.3299865722656,36590200,262.4509979248047,257.6389984130859,260.5019989013672,252.13410537719727,263.8126740656262,260.5771977613498,260.0251930011319,66.53304603644878,2.872126665086739,0.7642490640257122,2.107877601061027,6.814529819432602,257.6389984130859,271.3229722472239,243.95502457894796,6.228570120675223,22.50085581222332,0.0,0.0,0.0,0.0,0.0
2026-04-21 04:00:00,266.1700134277344,272.79998779296875,265.3999938964844,271.5,50209800,263.71799926757814,258.3729988098145,260.2681994628906,252.40044479370118,264.2412812223731,261.10984687243405,260.2661663511948,56.723875957646946,2.9264436778968275,1.1966879867999354,1.729755691096892,4.005163852815641,258.3729988098145,272.2418270614345,244.50417055819443,6.142856052943638,24.599341661099515,0.0,0.0,0.0,0.0,0.0
2026-04-22 04:00:00,273.1700134277344,273.739990234375,266.8699951171875,267.82000732421875,43249200,265.14500122070314,259.4494995117187,260.23919982910155,252.71972969055176,265.86468707789334,262.258434163415,260.7721995698826,62.742586567539625,3.4940545149657396,1.6561612924330964,1.8378932225326432,5.528095837885938,259.4494995117187,274.4166718093162,244.48232721412123,6.479997907366071,25.928563598650367,0.0,0.0,0.0,0.0,0.0
2026-04-23 04:00:00,273.42999267578125,275.7699890136719,271.6499938964844,275.04998779296875,33399600,266.4390014648437,260.48999938964846,260.23419982910156,253.04001541137694,267.2401971866002,263.3223921169737,261.26858361325117,62.948689421842666,3.9196846604911,2.1088659660446973,1.8108186944464029,7.86193004961786,260.48999938964846,276.32624316410687,244.65375561519002,6.382853916713169,25.95478338109069,0.0,0.0,0.0,0.0,0.0
2026-04-24 04:00:00,271.05999755859375,273.05999755859375,269.6499938964844,272.760009765625,38157100,267.4970001220703,261.3984992980957,260.14539978027346,253.3428182220459,267.9347063451445,264.0593069209375,261.6525606307156,59.706160200951736,4.019427361620046,2.4909782451597673,1.528449116460279,4.696795654221342,261.3984992980957,277.48179465182636,245.31520394436507,6.207139151436942,26.33256712558336,0.0,0.0,0.0,0.0,0.0
2026-04-27 04:00:00,267.6099853515625,268.3599853515625,265.07000732421875,266.0899963378906,41466800,268.33799743652344,262.33899841308596,260.26299926757815,253.62204025268554,267.8756661644932,264.3974667714732,261.88618512957237,55.24499782760873,3.7765532635206114,2.7480932488319363,1.028460014688675,2.733308527817635,262.33899841308596,277.49338655253615,247.1846102736358,5.694996425083706,26.015851933187957,0.0,0.0,0.0,0.0,0.0
2026-04-28 04:00:00,270.7099914550781,273.2300109863281,268.6600036621094,272.3399963378906,40018900,269.5259979248047,263.5429977416992,260.56159912109376,253.92299339294433,268.3909980355087,264.9986595984832,262.23221675018044,58.262722451385464,3.790523579381045,2.956579314941758,0.8339442644392867,3.9273572010433133,263.5429977416992,277.19408050996793,249.89191497343046,5.649998256138393,25.71868035665344,0.0,0.0,0.0,0.0,0.0
2026-04-29 04:00:00,270.1700134277344,271.0400085449219,267.0400085449219,267.54998779296875,30047900,269.9,264.3619987487793,260.68739929199216,254.2339080810547,268.7144553795497,265.4911694869833,262.5435028943982,57.53499571406266,3.7151969633653152,3.1083028446264693,0.6068941187388459,4.232253358051952,264.3619987487793,277.505364307872,251.21863318968653,5.574999128069196,24.15071263475395,0.0,0.0,0.0,0.0,0.0
2026-04-30 04:00:00,271.3500061035156,276.0,268.1400146484375,270.5,91848200,270.69500122070315,265.14799880981445,260.8273992919922,254.54828018188476,269.19364642027074,266.04915392665305,262.88885596142245,58.74758802697959,3.707972426795777,3.228236761060331,0.4797356657354461,4.837159595398899,265.14799880981445,277.9688854245317,252.3271121950972,5.909997122628348,24.108895872402233,0.0,0.0,0.0,0.0,0.0
2026-05-01 04:00:00,280.1400146484375,287.2200012207031,278.3699951171875,278.8599853515625,79915400,271.6860015869141,266.35899963378904,261.2185998535156,254.90136825561524,271.1838951890283,267.3911406620611,263.56537198836423,66.43622143966726,4.3612533441575465,3.4548400776797745,0.906413266477772,5.145825301035067,266.35899963378904,280.0553761634799,252.6626231040982,6.770710536411831,26.23128172080682,0.0,0.0,0.0,0.0,0.0
2026-05-04 04:00:00,276.8299865722656,280.6300048828125,274.8599853515625,279.6600036621094,46638000,272.0640014648437,267.2574996948242,261.46359985351563,255.23860397338868,272.2104572587078,268.2900783677949,264.08555295243883,61.767610604785666,4.559334406166272,3.675738943377074,0.8835954627891978,5.098706525049956,267.2574996948242,281.23730673190545,253.277692657743,6.8442840576171875,26.726408635026193,0.0,0.0,0.0,0.0,0.0
