Date,Close_GOOGL,High_GOOGL,Low_GOOGL,Open_GOOGL,Volume_GOOGL,SMA_10,SMA_20,SMA_50,SMA_200,EMA_10,EMA_20,EMA_50,RSI_14,MACD,MACD_Signal,MACD_Histogram,ROC_12,BB_Middle,BB_Upper,BB_Lower,ATR_14,Volatility_20
2020-10-15 04:00:00,77.13595581054688,77.92592770858906,76.4248380887851,76.59195203976415,31210000,74.84659042358399,73.35268936157226,75.70703201293945,70.19149265289306,75.53778843122817,74.85016301234286,74.77582956799458,58.32777435517774,0.4424877987213165,-0.31063230024069194,0.7531200989620084,6.101520282448658,73.35268936157226,78.16734518856074,68.53803353458378,1.7242098514614759,28.687125208017918
2020-10-16 04:00:00,77.74246978759766,78.23886306630772,77.24458583838096,77.45137286175847,34194000,75.40249633789062,73.64182548522949,75.76926788330078,70.24083988189697,75.93863958693171,75.12562080046236,74.89216840013589,60.07782699778407,0.6068970035613859,-0.12712643948027638,0.7340234430416622,6.96643360122895,73.64182548522949,78.78743611669711,68.49621485376187,1.6828046336520746,26.951157744209738
2020-10-19 04:00:00,75.87042999267578,78.5473107543964,75.52181743296583,78.15058813294185,29734000,75.63616409301758,73.88930473327636,75.80058898925782,70.28260223388672,75.92623784252154,75.19655500924459,74.93053159984333,52.71867386444793,0.5794549211082654,0.014189832637431968,0.5652650884708333,2.826131980528923,73.88930473327636,78.95944934906389,68.81916011748883,1.8351524378529962,28.02257928852236
2020-10-20 04:00:00,76.91826629638672,78.04693823643615,75.40180065658136,75.53123169395428,41670000,76.1323616027832,74.11558456420899,75.85440399169921,70.32060558319091,76.10660665231521,75.36052751278193,75.00848198009993,55.96975476299994,0.634939320381406,0.13833973018622678,0.4965995901951792,6.5594789849600765,74.11558456420899,79.30699205903473,68.92417706938325,1.9162680106526082,27.561133129107134
2020-10-21 04:00:00,78.64945983886719,80.09501655041937,77.71468849305327,77.84907582540164,60322000,76.7614128112793,74.5534652709961,75.95898941040039,70.36793437957763,76.56894359532465,75.67375916288528,75.1512654255418,60.769309464297734,0.8092751372134188,0.2725268115916652,0.5367483256217536,6.9569513694235585,74.5534652709961,79.72213904397093,69.38479149802127,2.038791834553765,24.470564311100027
2020-10-22 04:00:00,79.67449188232422,80.00971867518831,78.22745200812956,78.6003693037984,30512000,77.37251358032226,75.00919876098632,76.0575942993164,70.4179262161255,77.13358873841548,76.05478132664136,75.32864685521953,63.31889042653964,1.0184094571471718,0.42170334070276655,0.5967061164444052,10.72623471139924,75.00919876098632,80.30107959413999,69.71731792783265,2.0224629965174614,24.567865270402855
2020-10-23 04:00:00,80.97969818115234,81.03623014633379,79.93482916601648,80.0905474515832,30548000,77.98014068603516,75.49002418518066,76.17297073364257,70.47078681945801,77.83288136436764,76.52382102707098,75.55025671113847,66.3203774683641,1.274774347518644,0.5923175420659421,0.6824568054527018,11.913869251616793,75.49002418518066,81.12354477341633,69.85650359694499,2.0166533291841486,24.77072409492199
2020-10-26 04:00:00,78.56515502929688,80.81108811639827,77.7464214200615,80.08806764416121,35826000,78.07783432006836,75.80152473449706,76.2519776916504,70.50930099487304,77.9660220307184,76.71823378918774,75.66848801773293,57.02439697734605,1.2684895589435001,0.7275519454414537,0.5409376135020464,6.799121727778967,75.80152473449706,81.38931483883368,70.21373463016045,2.1076516003365455,27.726861597540193
2020-10-27 04:00:00,79.28868103027344,79.44340050716269,78.20315519687098,78.79526157270044,25902000,78.23558044433594,76.13095169067383,76.33394027709961,70.54868797302247,78.20650548518296,76.96303828833875,75.81045637116588,58.88417486336999,1.3068270316882433,0.8434069626908116,0.4634200689974317,5.854543743357699,76.13095169067383,81.72573089022686,70.5361724911208,2.069643843589778,27.78135430481152
2020-10-28 04:00:00,74.92078399658203,77.05365336346415,74.80573753596516,76.86521597799047,45174000,77.97453918457032,76.24302520751954,76.28932876586914,70.56857612609863,77.6091015781646,76.76853787960002,75.7755672584371,45.95490720580793,0.9735346668298206,0.8694325035186135,0.10410216331120714,-3.43793779191659,76.24302520751954,81.6327205250089,70.85332989003017,2.2875221797771923,34.92406867050367
2020-10-29 04:00:00,77.20589447021484,78.78583097305014,75.20592187839175,75.22922779001276,55406000,77.98153305053711,76.41406173706055,76.30149810791016,70.59775497436523,77.535791194901,76.81019088823,75.83165852164407,51.90464661718098,0.8836017729789347,0.8722663574106777,0.011335415568257012,-0.6502604369922116,76.41406173706055,81.6912786908604,71.1368447832607,2.4629277619216583,36.10696426922975
2020-10-30 04:00:00,80.14311981201172,83.37689856838614,79.42208175772936,82.68858716235039,99878000,78.22159805297852,76.81204719543457,76.34103134155274,70.63890232086182,78.00985094346657,77.12761269049491,76.00073543499184,58.26468990616459,1.037380566908837,0.9052891993103096,0.13209136759852735,3.368867414033372,76.81204719543457,81.94445108796086,71.67964330290829,2.627533615820352,37.00816393188992
2020-11-02 05:00:00,80.55024719238281,82.2323436347017,80.05037327054802,80.51156543630253,44228000,78.68957977294922,77.16287193298339,76.3893815612793,70.67480556488037,78.47174117054226,77.4535778811509,76.17914766077187,59.07257409771392,1.1785179250668847,0.9599349444616246,0.21858298060526005,4.426329259757611,77.16287193298339,82.31094912016206,72.01479474580472,2.689415332385462,36.67802991808224
2020-11-03 05:00:00,81.6084976196289,82.27002983001302,79.9447507315101,80.86960946086896,31432000,79.15860290527344,77.64548225402832,76.44939544677734,70.71532314300538,79.04206052492164,77.84928452291071,76.39206334543294,61.1762818893635,1.3600840611241267,1.039964767794125,0.32011929333000166,4.972864693640089,77.64548225402832,82.54198303054095,72.7489814775157,2.721082076066999,35.42519472943264
2020-11-04 05:00:00,86.57694244384766,87.77603157159547,84.4520032958134,84.57994366770366,71342000,79.95135116577148,78.35638198852538,76.58824798583984,70.78028129577636,80.41203905563545,78.68049003919042,76.79147036890019,69.18480754428755,1.8831803752248817,1.2086078892802765,0.6745724859446052,14.111574762665025,78.35638198852538,84.07984495865352,72.63291901839725,3.0543995283643275,40.32408048745386
2020-11-05 05:00:00,87.40261840820312,88.85660464736164,86.33791656920567,87.79685909810694,39758000,80.72416381835937,79.04833869934082,76.7056477355957,70.84916446685791,81.68305348337502,79.51116893147733,77.20759382142188,70.28191732595651,2.3374188136259164,1.4343700741494045,0.9030487394765119,13.630510172209798,79.04833869934082,85.61599592865602,72.48068147002562,3.1555267299639786,40.231542575110396
2020-11-06 05:00:00,87.26525115966797,87.70015609543829,86.12219462200115,86.84918769044951,28622000,81.35271911621093,79.66642990112305,76.83578216552735,70.92195289611817,82.69799851542828,80.24965295320978,77.60201175625507,69.83644006967403,2.655708307491423,1.6786377208178083,0.9770705866736149,10.954673227829348,79.66642990112305,86.88604792247374,72.44681187977237,3.052131597964448,40.241014777678394
2020-11-09 05:00:00,87.34906005859375,90.09982356156625,87.15714949334874,89.06289964750782,53440000,82.23110961914062,80.15447196960449,76.95677230834961,71.00369972229004,83.54364606873109,80.92578696324634,77.98424894458208,69.96153832193687,2.881501546103891,1.9192104858750247,0.9622910602288663,9.632403037605242,80.15447196960449,88.06880066553701,72.24014327367196,3.073384204276071,38.91993747562975
2020-11-10 05:00:00,86.17375946044922,87.24788182274018,85.10261087142071,85.7795188478595,43022000,82.9196174621582,80.57759895324708,77.06407516479493,71.07491600036622,84.02184850358893,81.42559386774184,78.30540621971411,65.83783249495687,2.9318112831009415,2.1217306453202083,0.8100806377807332,6.414028943004602,80.57759895324708,88.83918355525093,72.31601435124323,3.006934128071813,39.51946080677058
2020-11-11 05:00:00,86.64539337158203,87.42246404950103,86.43859877251248,86.70340845413412,31838000,84.0920783996582,81.03330879211425,77.15547012329101,71.14695320129394,84.49885666140585,81.92271763001233,78.63246453939522,66.68640809062182,2.9754400069000866,2.292472517636184,0.6829674892639024,10.284760895936685,81.03330879211425,89.58765011249797,72.47896747173054,2.9688225510713173,39.41232743239883
2020-11-12 05:00:00,86.42667388916016,87.52559292434917,86.18616144298254,86.38600961715265,26474000,85.01415634155273,81.49784469604492,77.18069152832031,71.21850429534912,84.8493688846339,82.35166584516926,78.93811980801345,65.86927066212542,2.95826619923443,2.4256312539558333,0.5326349452785966,9.002537015543677,81.49784469604492,90.16930718373227,72.82638220835757,2.9672292094539645,39.32787640810493
2020-11-13 05:00:00,87.8866195678711,88.12812330500522,86.08749390814062,86.68356532652022,29744000,85.78850631713867,82.00505218505859,77.32227142333984,71.30267856597901,85.40159628158611,82.87880429495038,79.28904136722356,68.6322349114035,3.0275614046444588,2.5460172840935584,0.48154412055090035,17.30605965346088,82.00505218505859,90.93449677059932,73.07560759951785,2.8820401120092325,39.51494293681208
2020-11-16 05:00:00,87.9743881225586,88.98156668140368,87.34459128225902,87.48394246884763,25468000,86.53092041015626,82.61025009155273,77.5135107421875,71.37493881225586,85.86937661630837,83.36409799281783,79.62964320076611,68.7957771734234,3.0543518758707364,2.6476842024489944,0.40666767342174204,13.947761017778394,82.61025009155273,91.42907266304698,73.79142752005848,2.910377975498729,37.91579095675294
2020-11-17 05:00:00,87.36096954345703,88.12862699809808,87.25336129641464,87.66842600178109,21314000,87.10616760253906,83.13238525390625,77.74961944580077,71.45335327148437,86.14057533033541,83.74475242621205,79.93283246910694,66.198045711834,2.991600456693817,2.716467453297959,0.2751330033958581,9.006200093502613,83.13238525390625,91.76687427461555,74.49789623319695,2.6526867045969555,38.188233001856275
2020-11-18 05:00:00,86.3185806274414,87.52659876109121,86.21592867248422,87.11202590924145,20108000,87.08033142089843,83.51584129333496,77.94144409179688,71.52639713287354,86.17293992980922,83.98987892156723,80.18325396551222,61.91930390172182,2.825190394731237,2.7382120415846147,0.08697835314662239,7.161161679965744,83.51584129333496,91.99178686181975,75.03989572485017,2.4702312126068753,38.249410991184135
2020-11-19 05:00:00,87.20772552490234,87.4517111808944,85.79192921661566,85.95111313440208,20106000,87.06084213256835,83.89250297546387,78.17205810546875,71.59646797180176,86.3610827652807,84.29634050283724,80.45872343842949,64.05359574982036,2.7335451768117878,2.73727866863005,-0.0037334918182621024,6.861084407375095,83.89250297546387,92.31908268375341,75.46592326717433,2.148001060185979,38.184964581039324
2020-11-20 05:00:00,86.10731506347656,87.69320654241716,86.03888043804935,87.37781251074621,27694000,86.94504852294922,84.14888381958008,78.39086944580077,71.66025825500488,86.31494318313449,84.46881427051717,80.68023683549015,59.60141916489854,2.542809824803186,2.698384899864677,-0.15557507506149104,-0.5424393228897983,84.14888381958008,92.51410951668433,75.78365812247583,2.1103121844869883,38.40543226564132
2020-11-23 05:00:00,85.66993713378906,86.58388452691703,84.80806483367506,86.29775148895854,22530000,86.77713623046876,84.50412292480469,78.60780624389649,71.71453475952148,86.19766935598078,84.58320692416211,80.87591135699206,57.8793932848658,2.3295048586127933,2.6246088916143004,-0.2951040330015071,-1.9824134630861856,84.50412292480469,92.46458355839813,76.54366229121125,2.0710650841112064,36.52989797087709
2020-11-24 05:00:00,87.4720458984375,87.59998627783115,85.33123893145898,85.66696514111936,27984000,86.90696487426757,84.9132911682129,78.83471084594727,71.77747459411621,86.429374181882,84.85833444552168,81.13458329979385,62.665693927883964,2.279596483323175,2.5556064099560754,-0.27600992663290036,0.2369726048128351,84.9132911682129,92.5808824830518,77.24569985337399,1.7925803265687494,36.96688973254391
2020-11-25 05:00:00,87.48344421386719,87.79338256520208,86.70140982396333,87.6659416054076,19600000,86.99076995849609,85.54142417907715,79.08468460083007,71.8383464050293,86.62102327860657,85.10834489964982,81.38355823760064,62.69456891338985,2.2154254397166113,2.4875702159081827,-0.2721447761915714,0.15384728259615343,85.54142417907715,91.66517018141334,79.41767817674096,1.69067208821752,29.46109315126386
2020-11-27 05:00:00,88.61856842041016,89.11397796643531,87.50378154731892,87.50378154731892,14790000,87.2099594116211,86.11205787658692,79.38220550537109,71.90619312286377,86.98421330438904,85.442651901627,81.66728412712258,65.55193521074773,2.230453186248056,2.436146809976157,-0.2056936237281013,2.837068935216891,86.11205787658692,90.95922881599671,81.26488693717712,1.6944272510125902,28.31573363033152
2020-11-30 05:00:00,87.00093841552734,88.28730367623308,86.67562420794934,88.05472883709749,32418000,87.12139129638672,86.4549488067627,79.68302932739257,71.96462768554687,86.98725423368691,85.59106014104607,81.87644704039337,58.65694310520995,2.0877670820156453,2.366470864384055,-0.27870378236840976,0.41034500521053285,86.4549488067627,90.41293785608575,82.49695975743965,1.6230179756013976,27.17522544557799
2020-12-01 05:00:00,89.03215789794922,90.33935486908295,87.42890770924123,87.60892319923718,37350000,87.22716827392578,86.87904434204101,80.0452555847168,72.03304229736328,87.35905489991642,85.9187837369416,82.1570631524544,63.80516440508794,2.11421835983856,2.316020363474956,-0.2018020036363959,3.014675784157239,86.87904434204101,89.87347187992006,83.88461680416196,1.7010156374858667,28.01000687999629
2020-12-02 05:00:00,90.5005111694336,90.88583053694929,88.52682579597574,89.03214790983743,29424000,87.54112243652344,87.32364501953126,80.40741241455078,72.10745223999024,87.93022876710135,86.35513873051227,82.48425719233593,67.00388170407922,2.227982233238876,2.29841273742774,-0.07043050418886398,2.974163319074874,87.32364501953126,89.5702469592297,85.0770430798328,1.780322791194562,28.161582860721012
2020-12-03 05:00:00,90.34529113769531,91.43577314265566,90.10527053443715,90.28082154312534,24728000,87.94379348754883,87.51206245422364,80.81648132324219,72.18303997039794,88.36933101630025,86.73515324548208,82.79253303333041,66.33648569236809,2.279341137408281,2.2945984174238485,-0.015257280015567698,2.694992333261559,87.51206245422364,90.10098843521033,84.92313647323695,1.7796850145411247,19.089013604725764
2020-12-04 05:00:00,90.44052124023438,90.72516363204076,89.93618277474572,90.26497019974981,20544000,88.26707305908204,87.6639575958252,81.21409530639649,72.26741767883301,88.74591105701555,87.0880454354585,83.09245413948351,66.55657833040195,2.301200900850006,2.2959189141090803,0.005281986740925504,3.525088735703008,87.6639575958252,90.56366736070979,84.7642478309406,1.6902815474290134,18.893122813874847
2020-12-07 05:00:00,90.10676574707031,90.7147397818171,89.41299871935603,90.03336726128934,22288000,88.66701812744141,87.80603332519532,81.58896682739258,72.36589626312256,88.99333918248004,87.37554260799297,83.36752518291829,64.95374230394256,2.2654786146234613,2.2898308542119565,-0.024352239588495195,4.3886091408048555,87.80603332519532,90.8957152712429,84.71635137914772,1.6663362376659003,18.957783677005153
2020-12-08 05:00:00,89.82410430908203,90.05420479386552,88.82982716744417,89.68476067965364,19936000,89.0824348449707,87.92978553771972,81.93874603271485,72.4712777709961,89.14438738731675,87.60873896047764,83.62072436433647,63.557729794428624,2.189125157545206,2.2696897148786066,-0.08056455733340062,3.0001685841841708,87.92978553771972,91.13838033538926,84.72119074005019,1.6950271575189504,19.033789811358258
2020-12-09 05:00:00,88.1643295288086,90.6691326799551,87.3778305860458,89.77600917876947,31728000,89.15166320800782,88.0293140411377,82.24802978515625,72.56733142852784,88.96619504940617,87.66165234793773,83.79890495902166,55.95312329349568,1.9719530915213994,2.210142390207165,-0.23818929868576566,2.3888963020338494,88.0293140411377,91.13024420970602,84.92838387256937,1.8365008721834013,19.630199134476936
2020-12-10 05:00:00,87.65800476074219,88.02199315546525,85.96598802674157,87.40757214922617,28688000,89.16911926269532,88.0799446105957,82.54760360717773,72.67957862854004,88.72834226964908,87.661304958681,83.95024220614796,53.836939294373025,1.738941057252191,2.1159021236161704,-0.3769610663639793,2.32061291681398,88.0799446105957,91.11816648132391,85.0417227398675,1.8749694105968493,19.711078429267204
2020-12-11 05:00:00,88.01258850097656,88.13706327774894,86.91863303425706,87.27865646307485,18628000,89.10852127075195,88.15924034118652,82.83215209960937,72.78757362365722,88.59820522079953,87.69476053413773,84.10954990398437,55.11715685498978,1.5648506614502509,2.0056918311829866,-0.4408411697327357,0.6179603975042358,88.15924034118652,91.0968992427525,85.22158143962054,1.8438339919628544,19.708515964139384
2020-12-14 05:00:00,86.89481353759766,88.75642621466821,86.7395946512999,87.81025159464944,33050000,89.09790878295898,88.10965003967286,83.1263801574707,72.87830867767335,88.28849764203555,87.61857510589581,84.21877592883196,50.37451523088653,1.3214547626868836,1.868844417483766,-0.5473896547968824,-0.6728480817816518,88.10965003967286,91.09970401735033,85.11959606199538,1.8610491255433073,19.335916106455358
2020-12-15 05:00:00,87.33219146728516,87.47699078008323,86.36964983975183,87.27168690493497,21352000,88.92791213989258,88.07754020690918,83.40234893798828,72.98328102111816,88.11462379208093,87.59130047364718,84.34087065583013,52.11094390486379,1.1505912037711425,1.7251937747412414,-0.5746025709700988,-1.4515885057208022,88.07754020690918,91.08743733640236,85.067643077416,1.778091525111824,19.43012207971894
2020-12-16 05:00:00,87.13929748535156,87.73041263553134,86.7361354479269,87.73041263553134,24676000,88.59179077148437,88.0664566040039,83.7060090637207,73.07640884399414,87.93729173631195,87.54825256999997,84.45061288443881,51.259081400258445,0.9882240384974779,1.577799827492489,-0.5895757889950111,0.15903169821387397,88.0664566040039,91.08906970952394,85.04384349848387,1.7711132712808018,19.286031440914677
2020-12-17 05:00:00,86.31212615966797,87.61139288477847,85.84796774736196,87.4735323654879,34880000,88.18847427368163,88.06613388061524,83.98507263183593,73.18197383880616,87.64180708601305,87.43052624520645,84.52361340503603,47.661044640298,0.7837663070918239,1.418993123412356,-0.6352268163205321,-3.055111549019196,88.06613388061524,91.08953403092924,85.04273373030124,1.780605513055686,19.105408106275114
2020-12-18 05:00:00,85.60348510742188,86.7014130032397,85.04708672490963,86.59281350662172,85256000,87.70477066040038,87.98592185974121,84.22587265014648,73.28871166229249,87.27120308990555,87.2565223273222,84.56596131493352,44.76222018534271,0.5581170454741198,1.246817907824709,-0.6887008623505892,-5.411047958440351,87.98592185974121,91.18521783283684,84.78662588664558,1.7599899463320605,18.91904594819597
2020-12-21 05:00:00,86.0170669555664,86.13806852719698,84.00569107154372,84.75599010453729,33974000,87.29580078125,87.98140945434571,84.44814544677735,73.41734104156494,87.04317833820753,87.13847895858356,84.62286741848774,46.79608370225926,0.40795828940939316,1.079045984141646,-0.6710876947322528,-4.790757910705334,87.98140945434571,91.1920961767295,84.77072273196191,1.6738443036247495,18.489810861308328
2020-12-22 05:00:00,85.30595397949219,85.92037503992229,84.58987222192447,85.75771792450207,20370000,86.84398574829102,87.96321029663086,84.6025001525879,73.52769149780273,86.72731936389565,86.96395277009867,84.64965512676243,43.80923593822095,0.22893648198628114,0.9090240837105731,-0.680087601724292,-5.677286232244716,87.96321029663086,91.23265262350297,84.69376796975875,1.6072864459582061,18.640236860366713
2020-12-23 05:00:00,85.70316314697266,86.49065326644407,85.35454302432285,85.48992918586241,22974000,86.59786911010742,87.87476615905761,84.7623390197754,73.65596384048462,86.54110914263691,86.84387756789619,84.69096916677067,45.886881610218644,0.11775446979297044,0.7507701609270526,-0.6330156911340822,-4.887094285970228,87.87476615905761,91.29249318781541,84.45703913029982,1.59687192301059,17.00662674027198
2020-12-24 05:00:00,85.99723052978516,86.40634763890155,85.51074990274458,85.74134221937419,9312000,86.43179168701172,87.80045547485352,84.93165969848633,73.81034042358398,86.44222212211841,86.76324451664752,84.74219510257515,47.43642491676608,0.052762491121796984,0.6111686269660016,-0.5584061358442046,-4.260408504746915,87.80045547485352,91.31720161816614,84.2837093315409,1.6044874143578707,17.075089238273318
2020-12-28 05:00:00,87.9709243774414,88.61758023825367,86.37710257664094,86.53033139024102,27650000,86.4276252746582,87.76807327270508,85.14835906982422,73.94911596298218,86.72016798672259,86.87826164624694,84.86881193688363,56.450169368257015,0.15868723082355984,0.5206723477375133,-0.3619851169139534,-0.21936893571451455,87.76807327270508,91.26497174926932,84.27117479614084,1.6986737462155443,18.45403462168354
2020-12-29 05:00:00,87.16754913330078,88.69046163226058,87.03613558885137,88.62897338085297,19726000,86.45489883422852,87.77640380859376,85.33686065673828,74.1189026260376,86.80151001337316,86.90581283549015,84.95895849360588,52.50348988484344,0.17578138369749752,0.45169415492951015,-0.27591277123201263,-0.5595103707642934,87.77640380859376,91.26639447166326,84.28641314552425,1.7256299936286206,17.538532947029047
2020-12-30 05:00:00,86.10086059570312,87.66344602879128,85.69174354900777,87.52657678987244,21026000,86.3317657470703,87.62983894348145,85.54146926879883,74.2721831703186,86.67411921016043,86.82915071741519,85.00373896819794,47.731739299624756,0.1020790687482247,0.3817711376932531,-0.2796920689450284,-2.172107351725283,87.62983894348145,91.1439029265465,84.11577496041639,1.631372878333922,15.754881093170386
2020-12-31 05:00:00,86.91366577148438,87.15467009608656,86.09294200196078,86.1514640567951,21070000,86.3092025756836,87.45049667358398,85.74137725830079,74.43619018554688,86.71767313040114,86.83719977018369,85.0786380585229,51.3593637965228,0.1080109548902044,0.3270191011326434,-0.21900814624243897,0.021695465033211292,87.45049667358398,90.70415660321794,84.19683674395003,1.5501862063381193,14.852237811561569
2021-01-04 05:00:00,85.59903717041016,87.402127997675,84.65731932173296,87.27865205209945,37324000,86.2378936767578,87.21318397521972,85.88036880493163,74.5885460281372,86.51428477403914,86.7192795225862,85.0990458668322,45.82021877860765,0.006556892324397268,0.26292665937099413,-0.25636976704659686,-1.9845537684969772,87.21318397521972,90.26386672608216,84.16250122435729,1.6592132372274162,15.566386465753638
2021-01-05 05:00:00,86.28932189941406,86.62553994719731,85.14130899599806,85.547452346587,20360000,86.30647735595703,87.00562400817871,86.01266540527344,74.75512922286987,86.47338243319821,86.6783311775222,85.145723358306,48.93451847883341,-0.017939182783237584,0.2067534909401478,-0.2246926737233854,-0.9754216644681901,87.00562400817871,89.67249098274065,84.33875703361677,1.6211703363581975,15.980930496354146
2021-01-06 05:00:00,85.43785858154297,86.48371900443895,84.10983770465201,84.31613287098162,46588000,86.2485565185547,86.77217864990234,86.10182861328126,74.92094621658325,86.28510536926089,86.56019093028607,85.1571796415702,45.46311788139286,-0.10484982900506168,0.1444328269511059,-0.24928265595616758,-1.012913963569495,86.77217864990234,89.09069569306348,84.4536616067412,1.7116375048907366,16.20119377819836
2021-01-07 05:00:00,87.9897689819336,88.16233866820387,85.63026481011545,85.63026481011545,41936000,86.51693801879883,86.68046188354492,86.29032089233398,75.0807082939148,86.59504420792865,86.69634122091917,85.26826157648641,55.62381566647354,0.03182385423129119,0.12191103240714296,-0.09008717817585177,2.787601312630228,86.68046188354492,88.60174230967314,84.7591814574167,1.8352234262519127,19.877179239487543
2021-01-08 05:00:00,89.15463256835938,89.23050541250267,87.3391324437346,88.12960383731487,35484000,86.8620849609375,86.72997703552247,86.4876399230957,75.2533339881897,87.06042390982513,86.93046420638967,85.42066828205006,59.3470441449012,0.23146530121988462,0.1438218861696913,0.08764341505019332,3.647608229206112,86.72997703552247,88.85275501402582,84.60719905701912,1.8443625570627387,19.35052986226072
2021-01-11 05:00:00,87.09466552734375,88.4876553992653,86.8888697766191,88.1226681566943,34796000,86.97182846069336,86.70181007385254,86.73111755371093,75.40046051025391,87.06664965846487,86.94610242743292,85.4863152328459,51.17067058710366,0.2209139039792518,0.15924028973160342,0.06167361424764839,2.096819113331261,86.70181007385254,88.78736338053338,84.6162567671717,1.8880365937348966,21.01839315259884
2021-01-12 05:00:00,86.1594009399414,87.67041115596055,85.11553054046577,86.55265041375313,29528000,86.79067611694336,86.60915069580078,86.91018768310546,75.5559677696228,86.90169534600605,86.87117847624326,85.51271075077122,47.94121322966271,0.13552160111784417,0.1544965520088516,-0.018974950891007425,0.5323465041615183,86.60915069580078,88.61254950272352,84.60575188887803,1.9182153908664341,21.27225883498268
2021-01-13 05:00:00,86.64635467529297,87.0996091742493,85.65801772826993,85.65801772826993,23432000,86.73855667114258,86.59672775268555,87.0402523803711,75.70497117996216,86.85526976951274,86.84976668567656,85.55716737526227,49.72046573687713,0.10591970624173541,0.14478118285542838,-0.03886147661369296,0.754819825602393,86.59672775268555,88.5957446947478,84.59771081062331,1.9192437274619647,20.92565561854048
2021-01-14 05:00:00,85.8365478515625,87.65303914635119,85.59603541168373,86.72668980185412,29212000,86.71212539672851,86.52194557189941,87.14597839355469,75.84604761123657,86.6700476026127,86.75326965385618,85.56812347237208,46.85261967288439,0.01692030173931869,0.11920900663220643,-0.10228870489288774,-2.42622950819672,86.52194557189941,88.51701558016384,84.52687556363497,1.9815511880130774,21.08327400326564
2021-01-15 05:00:00,85.67291259765625,86.6647153768153,84.88393935871447,85.74233848952319,31444000,86.5880500793457,86.44862632751465,87.22726669311524,76.00114572525024,86.48875032898424,86.65037850564667,85.57223284983421,46.27183189601633,-0.06605492491166842,0.08215622032343146,-0.14821114523509987,-1.7146708270515454,86.44862632751465,88.45591121691537,84.44134143811392,2.044778208151924,21.08082916191994
2021-01-19 05:00:00,88.49211883544922,89.45267807678509,85.93128331929772,86.43561418775866,41660000,86.8773582458496,86.55762596130371,87.26557022094727,76.16663795471192,86.85299914834151,86.82578234658025,85.68673818260343,56.318382141584806,0.09458270195109719,0.0846415166489646,0.009941185302132588,2.7772756546238675,86.55762596130371,88.76089032942079,84.35436159318664,2.1275936203419477,23.932196237391324
2021-01-20 05:00:00,93.2329330444336,94.20737744445935,90.2297543947526,90.56993747642771,64152000,87.57171936035157,86.9390983581543,87.38217651367188,76.36186691284179,88.01298712944916,87.43598717494723,85.98266739287129,67.36842067362073,0.5975451362274953,0.18722224056467074,0.41032289566282454,7.270740702116973,86.9390983581543,90.60392956713393,83.27426714917466,2.417660232170585,29.94915353868603
2021-01-21 05:00:00,93.43525695800781,95.81211195428514,93.2002001837018,93.90636933143983,58634000,88.37145919799805,87.31000785827636,87.50557662963867,76.53567043304443,88.99885437100528,88.00734620190538,86.27492580719039,67.74344720664207,1.0009341916724566,0.3499646307862279,0.6509695608862287,9.154565339324261,87.31000785827636,91.95295722729318,82.66705848925955,2.463389467227716,29.959488472829328
2021-01-22 05:00:00,93.8523178100586,94.4389685259167,93.05589873468317,93.79776835100945,32744000,88.95771408081055,87.7373260498047,87.63564178466797,76.71171545028686,89.88130226901497,88.56401016458665,86.57207843475385,68.54593344824548,1.3388429020374133,0.547740285036465,0.7911026170009483,8.764695033135839,87.7373260498047,93.11817357305748,82.35647852655191,2.4863424455925554,29.58910046160865
2021-01-25 05:00:00,93.93760681152344,95.3033257370761,92.19600437288214,94.85304490741599,50586000,89.43601150512696,88.14904823303223,87.79091873168946,76.88212703704833,90.61881218583468,89.07578127381872,86.86092268482324,68.71732986742241,1.5951324056933203,0.7572187091678361,0.8379136965254842,9.948456540338269,88.14904823303223,94.10404754826493,82.19404891779953,2.5122362090391204,29.623878735224185
2021-01-26 05:00:00,94.6155014038086,95.00230386878823,93.03754741432294,93.5265024141675,31462000,90.18809509277344,88.5799617767334,87.95032089233399,77.05603467941285,91.34548295273903,89.60337366715109,87.16502381105796,70.11139912958667,1.8318279397861517,0.9721405552914992,0.8596873844946524,7.53011685169378,88.5799617767334,95.09981885540492,82.06010469806188,2.546559459272409,29.631822163290256
2021-01-27 05:00:00,90.20149993896484,93.25278160125363,89.12737718111522,92.9770605069991,82512000,90.59230499267578,88.69149055480958,88.02581741333007,77.2069202041626,91.13748604114372,89.6603380739905,87.28410130627,53.4186334543473,1.6442835497598338,1.1065691541851663,0.5377143955746675,1.1742153385050136,88.69149055480958,95.24371369928092,82.13926741033823,2.7690053823371534,34.00151547081531
2021-01-28 05:00:00,91.90045166015625,93.62568701190574,90.79954993985909,90.79954993985909,55278000,91.1177146911621,88.92813568115234,88.10609405517579,77.35270778656006,91.27620706278236,89.87368222505391,87.46513465348123,57.602809859590295,1.6141377000079302,1.2080828633497191,0.40605483665821107,5.5178880402310115,88.92813568115234,95.58957616460076,82.26669519770392,2.8189844527857244,34.29292869287249
2021-01-29 05:00:00,90.6190414428711,91.61977320852743,89.33962239135802,90.94931198226257,44530000,91.59596405029296,89.15404472351074,88.15898712158203,77.49405458450317,91.15672240461666,89.94466881722698,87.58881727267298,53.685847463968955,1.4699036670569683,1.2604470240911692,0.20945664296579913,5.176034715049083,89.15404472351074,95.71750384394767,82.5905856030738,2.866802759930736,34.39779635943518
2021-02-01 05:00:00,93.87759399414062,94.99188128707719,91.47346083810595,91.47346083810595,40252000,92.4164321899414,89.50224113464355,88.2893196105957,77.65166193008423,91.65142632998464,90.31923311979018,87.83543596763249,60.95653268349024,1.600090270207403,1.3283756733144159,0.27171459689298705,8.345693648563412,89.50224113464355,96.29996574266217,82.70451652662494,3.017308263678295,36.313200387557856
2021-02-02 05:00:00,95.16943359375,96.66953234686342,94.53715474973095,94.87238913054661,66332000,93.08416366577148,89.98076095581055,88.46633666992187,77.81038019180298,92.29106401430562,90.78115697445303,88.12304371767631,63.409006447029824,1.7869064057475725,1.4200818198010472,0.36682458594652534,10.872857746244513,89.98076095581055,96.96639251099651,82.99512940062459,3.0342409591945816,35.72679928529137
2021-02-03 05:00:00,102.10014343261719,104.4675776467,99.85222011919001,102.43388711910048,97882000,93.97088470458985,90.7713020324707,88.76418502807617,78.00817789077759,94.07453299945317,91.85915568475437,88.67116527512498,73.15248267170222,2.4657858562855637,1.6292226270979506,0.8365632291876131,19.174357841792734,90.7713020324707,99.38645495596481,82.15614910897659,3.595423288263912,42.9881834673474
2021-02-04 05:00:00,101.83979797363281,102.61686853209841,100.92088672711886,102.18642801251289,48596000,94.81133880615235,91.59139900207519,89.0788346862793,78.21682096481324,95.48639935839492,92.80969304559994,89.18758224369392,72.37288135413303,2.948803043240673,1.8931387103264952,1.055664332914178,15.083466543504919,91.59139900207519,101.14087004905598,82.04192795509441,3.5696360075719187,42.644027094326596
2021-02-05 05:00:00,103.58537292480469,103.93795810388866,101.65978991268837,102.13386851685974,29866000,95.78464431762696,92.37117919921874,89.43714340209961,78.4227241897583,96.95894000683306,93.83594827219088,89.75220148609043,74.34692226634083,3.4328788633902576,2.201086740939248,1.2317921224510098,11.10384447031958,92.37117919921874,103.15016866075263,81.59218973768486,3.6051640199361663,42.05943529154128
2021-02-08 05:00:00,103.37162780761719,104.88313720480986,102.32181002045341,104.13928516789632,28828000,96.72804641723633,93.08202896118163,89.7551350402832,78.62439485549926,98.12488324333927,94.74410822794576,90.28629663595423,73.65293263025508,3.7559685266561473,2.5120630980826277,1.2439054285735196,10.634498339395627,93.08202896118163,104.80195320453477,81.3621047178285,3.5181327131667097,42.18231556413432
2021-02-09 05:00:00,102.91887664794922,104.06539887651223,102.65158507922345,102.88961562155747,21892000,97.55838394165039,93.87323951721191,90.06384368896484,78.82245538711548,98.9965184078138,95.52265760127943,90.78169193054227,72.11733403514948,3.930181491957555,2.7956867768576137,1.1344947150999412,9.660452772450245,93.87323951721191,106.02004965881338,81.72642937561045,3.210886655186613,40.86853033748634
2021-02-10 05:00:00,103.46882629394531,104.08374671519705,101.77086200517664,103.30319541840504,25102000,98.88511657714844,94.73871078491212,90.36084884643554,79.02468891143799,99.80966529620135,96.27943557200952,91.27922661146003,72.85759363719075,4.0657553653990135,3.0497004945658936,1.0160548708331198,10.146329894847472,94.73871078491212,107.03701964268754,82.44040192713669,3.1895275794321174,40.2484337982409
2021-02-11 05:00:00,103.58140563964844,103.84175084970272,102.59505853519615,103.69298648216022,20480000,100.05321197509765,95.58546333312988,90.69245819091798,79.23697437286377,100.49543626773718,96.97486129273703,91.76166500472233,73.01553071970453,4.13462150618102,3.266684696888919,0.8679368092921007,9.476147251573863,95.58546333312988,107.86978908372258,83.30113758253718,3.179786331094477,40.33874138434789
2021-02-12 05:00:00,103.89282989501953,104.1144933325463,102.82861990262512,103.13608390402558,18990000,101.3805908203125,96.48827743530273,90.98967163085938,79.42364406585693,101.11314419997032,97.63371544533535,92.23739696120457,73.47532569481456,4.166301226524951,3.446608002816126,0.7196932237088247,15.178605638840793,96.48827743530273,108.40435813158895,84.57219673901652,3.049682907217851,39.81769573116701
2021-02-16 05:00:00,104.66990661621094,106.37779106891139,103.73017139399565,103.73017139399565,31004000,102.45982208251954,97.43812713623046,91.27305953979493,79.61307842254638,101.75982827565042,98.30382889018065,92.72494635944011,74.63664894357899,4.205631330176928,3.5984126682882867,0.6072186618886413,13.894877256181015,97.43812713623046,108.7368396982636,86.13941457419733,3.098458851535741,39.58776621769844
2021-02-17 05:00:00,105.06265258789062,105.25208878200296,103.56156275847486,103.84074940988165,20294000,103.44914398193359,98.26665382385254,91.56740676879883,79.81176128387452,102.36034178696681,98.94752638520065,93.2087779762421,75.22700510092774,4.219848254366724,3.7226997855039743,0.49714846886274966,15.938825786548637,98.26665382385254,109.2284294753531,87.30487817235198,2.8272018373096492,38.72827117905813
2021-02-18 05:00:00,104.42739868164062,105.22977275348802,103.80851325413042,104.38723382023842,22546000,103.68186950683594,98.8263771057129,91.84714431762696,80.00588436126709,102.73617031327113,99.46941898486159,93.64872388625774,72.29583494285451,4.132221906103823,3.8046042096239443,0.32761769647987826,11.237830283718676,98.8263771057129,109.84896754614525,87.80378666528054,2.6841355820537,35.23053476548882
2021-02-19 05:00:00,103.5843734741211,105.06067434938426,103.31758131898079,104.52559936877174,37938000,103.85632705688477,99.33383293151856,92.11669647216797,80.18931579589844,102.89038906978931,99.86131941241011,94.03835720342886,68.48233521863628,3.9492280622085048,3.8335289801408567,0.11569908206764801,8.84206153447542,99.33383293151856,110.24531649869955,88.42234936433756,2.6257258507397885,35.56103578596992
2021-02-22 05:00:00,101.87103271484375,103.1638524951323,101.56060251176662,101.83830606942489,29466000,103.68489303588868,99.73476867675781,92.3576350402832,80.36507068634033,102.70505155070829,100.05272067930855,94.34552094897454,61.39429274255349,3.6241746132631647,3.7916581067653183,-0.16748349350215364,-0.22439803713365514,99.73476867675781,110.38433140613131,89.08520594738431,2.4579352163218156,36.406210840997375
2021-02-23 05:00:00,102.1616439819336,102.77557323229442,98.69578961173092,99.87405494181063,34658000,103.56389465332032,100.14597053527832,92.6375813293457,80.53636493682862,102.60625017456744,100.25357051765378,94.65203557771804,62.110631585457135,3.3513846376662855,3.703603412945512,-0.35221877527922674,0.3160316641477534,100.14597053527832,110.4835721479779,89.80836892257875,2.5499241640247234,36.38835106733168
2021-02-24 05:00:00,103.33642578125,103.56007930549984,100.54549736259403,100.66996455548863,22608000,103.60564956665038,100.58201675415039,92.95114974975586,80.70979904174804,102.73900937578243,100.54717578085342,94.99259989942519,64.94252597846496,3.1931826676977977,3.6015192638959697,-0.408336596198172,-0.24033040237776415,100.58201675415039,110.67008916406289,90.49394434423789,2.1010982990215674,36.46320746194287
2021-02-25 05:00:00,99.97124481201172,103.296264656048,99.50212250444032,101.95385918325073,41548000,103.25589141845703,101.07050399780273,93.19032287597656,80.86163417816162,102.23577945509685,100.49232521239232,95.18784087638936,52.77450945151689,2.7643982245331102,3.434095056023398,-0.6696968314902878,-3.289474169773021,101.07050399780273,109.91119033424582,92.22981766135965,2.2538355470094333,34.100062126622895
2021-02-26 05:00:00,100.26679992675781,101.98311399374562,99.23036778781363,100.6655050872536,40042000,102.92443084716797,101.48882141113282,93.45776260375976,81.0219913482666,101.87778317721703,100.47084661376047,95.38701574110969,53.59685206596215,2.420529929503104,3.2313820307193395,-0.8108521012162355,-2.576861317932244,101.48882141113282,109.22534493291607,93.75229788934956,2.2877339766331253,33.73223253345169
2021-03-01 05:00:00,102.63473510742188,102.96054119058313,100.88717747219397,101.5606124488339,26060000,102.7986213684082,102.08960609436035,93.7638134765625,81.20084564208985,102.01541080089062,100.67693123220441,95.67124002998469,59.657937798552,2.3124281751080247,3.047591259597077,-0.7351630844890522,-0.8061280062787834,102.08960609436035,107.89790666824244,96.28130552047826,2.2971921251666165,33.632009593376715
2021-03-02 05:00:00,102.37785339355469,103.87845154552576,101.99055905326092,102.39570360453789,25564000,102.56941604614258,102.51461906433106,94.06858459472656,81.3763005065918,102.08130945410225,100.83892381899967,95.93424447561489,58.76124834760856,2.1808886219816372,2.8742507320739894,-0.6933621100923522,-1.161938514602523,102.51461906433106,106.85005231948811,98.179185809174,2.3310548890934775,31.88216916003068
2021-03-03 05:00:00,99.74610137939453,102.94862875695728,98.88273085300933,101.75648597138567,33892000,102.03776092529297,102.74345245361329,94.3372640991211,81.53457984924316,101.65672616779175,100.73484549141824,96.08372906007683,50.4028118685686,1.8430368043344458,2.668007946526081,-0.824971142191635,-3.9913519728119295,102.74345245361329,105.71512780407922,99.77177710314736,2.4562701172311585,33.408043864251994
2021-03-04 05:00:00,100.86287689208984,102.87920915491242,99.44955486444132,99.91768591072356,49216000,101.68130874633789,102.68158912658691,94.64245193481446,81.69543788909913,101.51238993584593,100.74703895814886,96.27114662211656,53.43004228571282,1.6464223236653766,2.46369082195394,-0.8172684982885636,-3.6371769567734358,102.68158912658691,105.75927571051325,99.60390254266058,2.612195972657195,21.116892767951363
2021-03-05 05:00:00,103.9939956665039,104.44675086190153,100.5578944284976,102.21272019148002,53100000,101.72227096557617,102.78929901123047,95.0019905090332,81.87462448120117,101.96359097778374,101.05627293037315,96.57400344738664,60.67696734213279,1.723392848465764,2.315631227256305,-0.5922383787905412,-1.0171615650887311,102.78929901123047,105.89360858148947,99.68498944097146,2.79812333004882,23.876118733394993
2021-03-08 05:00:00,99.55220794677734,104.82066100973701,99.43765332889343,103.34883204318703,36868000,101.49038848876953,102.5876407623291,95.2869155883789,82.02298336029052,101.52515769941894,100.91302864622116,96.69079578069609,49.0226324127526,1.4097269418386986,2.1344503701727837,-0.7247234283340851,-4.668497728001331,102.5876407623291,105.98442589752283,99.19085562713538,2.993508187615094,27.70637047260941
2021-03-09 05:00:00,101.18173217773438,102.35007722648686,100.94568414890182,101.6473888421462,33920000,101.39239730834962,102.47814598083497,95.59648696899414,82.18008743286133,101.46271669547629,100.93861945874623,96.86691093352113,52.61816486454355,1.2779025725423878,1.9631408106467045,-0.6852382381043167,-2.319501692972037,102.47814598083497,105.90952962311061,99.04676233855932,3.0726041344851955,28.449016264566563
2021-03-10 05:00:00,100.9749526977539,102.22511823828405,100.13886060476449,102.22511823828405,27100000,101.15625,102.38094978332519,95.89604141235351,82.33454837799073,101.37403233225403,100.94207976722316,97.02801061054987,52.11583751025264,1.1435631500748542,1.7992252785323346,-0.6556621284574804,-0.8796220016716094,102.38094978332519,105.86942025456621,98.89247931208418,3.12010400121105,28.423366231551423
2021-03-11 05:00:00,104.16607666015625,104.69817791198817,101.97964900779091,102.06742452714884,27702000,101.57573318481445,102.41581230163574,96.21994445800782,82.50294910430908,101.88167675550898,101.24912709035965,97.30793476935797,58.67286949787427,1.2798420024064683,1.6953486233071615,-0.41550662090069324,1.962020774232176,102.41581230163574,105.96349262150049,98.86813198177099,3.2615420143418206,30.619644236303174
2021-03-12 05:00:00,101.65977478027344,103.0289591680474,100.78798240311897,102.96945342859367,33818000,101.71503067016602,102.31973075866699,96.50978897094727,82.65908863067627,101.84133094182978,101.28823639416096,97.47859516194289,52.58265856343488,1.172095175468698,1.5906979337394689,-0.418602758270771,-1.622516927889317,102.31973075866699,105.83846321564162,98.80099830169236,3.3582793925334493,31.834260039710173
2021-03-15 04:00:00,101.87996673583984,101.90723768058707,100.5583928421277,101.41084443797796,26168000,101.63955383300781,102.21908760070801,96.82537109375,82.81683486938476,101.8483556316498,101.34459166479704,97.65119796876239,53.04380689114823,1.0918861060843739,1.49093556820845,-0.3990494621240761,1.9092709382756423,102.21908760070801,105.66271456231917,98.77546063909685,3.163212336668868,31.822521724940678
2021-03-16 04:00:00,103.34038543701172,104.81766986114388,102.12046484256636,102.45271782379997,31900000,101.73580703735351,102.15261154174804,97.15390548706054,82.97809448242188,102.11963377807922,101.5346672621508,97.87430335967413,56.09374123621392,1.1331017332290827,1.4193688012125765,-0.2862670679834938,3.0654070066054473,102.15261154174804,105.44504641913284,98.86017666436325,3.1577209925544563,32.150020982525575
2021-03-17 04:00:00,103.25757598876953,104.0896954073164,101.36819296395524,102.57571159931345,26382000,102.08695449829102,102.06235771179199,97.50707626342773,83.13860538482666,102.32653236184109,101.69875380754307,98.0854120902269,55.87213597146774,1.145874456821943,1.3646699323344498,-0.21879547551250678,0.6068519402283812,102.06235771179199,105.10867724150081,99.01603818208316,3.078235218736705,32.11181960787882
2021-03-18 04:00:00,100.23853302001953,102.58960018110442,100.13141662467372,101.56952763068206,31700000,102.02452011108399,101.85291442871093,97.78606048583984,83.28217628479004,101.94689611787352,101.55968516111226,98.16984820512073,48.36953773560199,0.9019878415391673,1.2721335141753936,-0.3701456726362262,-2.089631988386509,101.85291442871093,104.78857128722098,98.91725757020089,3.1049075871769785,33.64532935971547
2021-03-19 04:00:00,100.5172348022461,101.01710125931316,99.32558373869337,100.65460349224905,46072000,101.67684402465821,101.69955749511719,98.0876480102539,83.42789943695068,101.68695769685034,101.46040417455357,98.2619025814786,49.04970890699189,0.7228621416343941,1.1622792396671937,-0.4394170980327996,0.773096303702614,101.69955749511719,104.57418729513083,98.82492769510355,3.033320176948013,33.59878176265189
2021-03-22 04:00:00,100.70220184326172,101.57746751441745,99.87453925617409,100.55045613544077,33536000,101.79184341430664,101.64111595153808,98.34189666748047,83.58073379516601,101.50791117801604,101.38819442871625,98.3576005917446,49.52496546516853,0.589038953908144,1.047631182515384,-0.4585922286072399,-0.1593004817818433,101.64111595153808,104.548406771414,98.73382513166217,3.020108445946479,33.12217618871763
2021-03-23 04:00:00,101.22982788085938,102.35949109317576,100.56879507536709,101.16139325256839,28510000,101.79665298461914,101.59452514648437,98.58340057373047,83.72982898712158,101.45735057853301,101.37311190034892,98.47023695602361,50.931029024787016,0.5195688587867409,0.9420187177696553,-0.42244985898291443,-2.658007097360582,101.59452514648437,104.49655380038128,98.69249649258747,2.8575940255079595,33.16377252110526
2021-03-24 04:00:00,100.79344940185547,102.53256990725708,100.61839021612809,101.74706227764077,25218000,101.7785026550293,101.46737632751464,98.8573762512207,83.8747537612915,101.33664127368255,101.31790594811145,98.5613433264484,49.69795642456151,0.42440889010968874,0.8384967522376621,-0.4140878621279733,1.2468246367189684,101.46737632751464,104.26916436739998,98.6655882876293,2.7493458398406667,32.89466653303739
2021-03-25 04:00:00,100.78997039794922,101.44356501016514,98.9863728269257,100.62086633670765,35616000,101.44089202880859,101.50831260681153,99.14998764038086,84.01865940093994,101.23724656900376,101.26762637190552,98.64874046650725,49.68762807953024,0.3447392631695152,0.7397452544240327,-0.3950059912545175,-0.38718627498587344,101.50831260681153,104.24113573739847,98.77548947622459,2.64708410768606,30.714142196126804
2021-03-26 04:00:00,100.40664672851562,101.1336323017579,99.37119832005897,100.75674996559889,27978000,101.31557922363281,101.51530494689942,99.42519348144532,84.1575192642212,101.08622841618772,101.1856283106303,98.71767796697816,48.49183447971381,0.2478128608750012,0.6413587757142265,-0.3935459148392253,-0.562818752626093,101.51530494689942,104.23543911022595,98.79517078357289,2.3884717006043,30.738684890176447
2021-03-29 04:00:00,101.45101928710938,101.62062278758596,99.45055454953479,100.27920846854485,26492000,101.27268447875977,101.45611915588378,99.73748291015625,84.31717231750488,101.15255402908255,101.21090364172355,98.82486782266957,51.88907404373625,0.25236106476714326,0.5635592335248099,-0.3111981687576666,-2.606469841333081,101.45611915588378,104.12472085835135,98.78751745341621,2.3436287690572755,29.748229685092554
2021-03-30 04:00:00,101.48473358154297,102.28809141391507,100.97296449597272,101.80756587150155,27312000,101.0871192932129,101.41146316528321,100.05371932983398,84.47426151275634,101.21295031134807,101.2369826836111,98.92917628380187,51.99913732089654,0.2557380221899592,0.5019949912578398,-0.24625696906788053,-0.17218334302707694,101.41146316528321,104.04477839022171,98.77814794034471,2.288548003658903,29.73882153213706
2021-03-31 04:00:00,102.28065490722656,103.45792888550099,101.51101496662734,101.87798472633357,42570000,100.98942718505859,101.5381908416748,100.32949005126953,84.63339126586914,101.4070784196896,101.33638003824115,99.06060681805381,54.637511251709945,0.31896169262202534,0.4653883315306769,-0.14642663890865154,0.39329436809265594,101.5381908416748,104.07628065088105,99.00010103246856,2.1635458672106003,28.281651810273097
2021-04-01 04:00:00,105.61608123779297,105.91213441854954,103.71430370630291,103.7549679821722,39880000,101.52718200683594,101.77585105895996,100.57715301513672,84.80281841278077,102.17235165934476,101.74397062867465,99.31768424627887,63.65354050548245,0.6309349115798284,0.4984976475405072,0.1324372640393212,2.2021359714865074,101.77585105895996,104.87568188635522,98.67602023156469,2.1816448139452933,30.21982452595122
2021-04-05 04:00:00,110.03852844238281,110.53592048261828,106.38125583923181,106.47746082606572,48510000,102.47931137084962,102.07807769775391,100.90921844482422,84.99285274505615,103.60256561989712,102.53392851569447,99.73810950887118,71.688407973276,1.2209560434761073,0.6429893267276272,0.5779667167484801,6.567026572801593,102.07807769775391,106.82797788997627,97.32817750553156,2.4367158429714317,31.781662362096124
2021-04-06 04:00:00,109.55750274658203,110.48682596318324,109.18706739203486,109.63982255502079,35240000,103.36484146118164,102.57834243774414,101.22332214355468,85.1850492477417,104.68528146111257,103.20284034720757,100.1231837534873,69.87893059555647,1.6309368628925114,0.8405788339606041,0.7903580289319073,9.29679380353794,102.57834243774414,108.23005584504847,96.92662903043981,2.3197198033888844,27.022035658162586
2021-04-07 04:00:00,111.03382110595703,111.30507774335658,109.74794750975937,109.74794750975937,24134000,104.34524078369141,103.07094688415528,101.56524642944336,85.38697784423829,105.83956139653883,103.94864803851704,100.5510518849567,72.19831024461493,2.0513297174521483,1.082729010658913,0.9686007067932354,10.462470763746023,103.07094688415528,109.82084392133805,96.3210498469725,2.250153557204126,26.87882631843175
2021-04-08 04:00:00,111.59913635253906,112.658382510487,111.23117534122576,112.27207187647824,28664000,105.42580947875976,103.60215606689454,101.90491912841797,85.58528137207031,106.88675684308433,104.67726597318581,100.9843100993717,73.05395185824682,2.402416734655546,1.3466665554582395,1.0557501791973063,10.820949601715668,103.60215606689454,111.26764170224523,95.93667043154385,2.14289656009228,26.757217086660397
2021-04-09 04:00:00,112.60284423828125,112.76649260885407,110.94603596033518,111.35168748380296,26146000,106.60709686279297,104.02399444580078,102.3529460144043,85.78530071258545,107.92604546039286,105.43208295081395,101.43993888913285,74.55151114703214,2.730174807570336,1.6233682058806589,1.106806601689677,11.23484707571285,104.02399444580078,112.6841738700642,95.36381502153736,2.152106497799358,24.933878042521897
2021-04-12 04:00:00,111.31102752685547,111.91949348539603,110.47790920494737,111.78213236335719,25024000,107.69753494262696,104.50655708312988,102.74115753173828,85.986616897583,108.54149674520424,105.99198243424647,101.82704040433765,69.21944757815304,2.8528013115628283,1.8692548270170928,0.9835464845457356,10.434783398539382,104.50655708312988,113.67283215629797,95.34028200996178,2.182249838877252,23.407352335140263
2021-04-13 04:00:00,111.7974853515625,112.24578362522868,111.23314936962267,111.62689819177633,25682000,108.73218154907227,105.00243301391602,103.1647264099121,86.188282661438,109.13349467363301,106.54488747399085,102.2180382454053,70.08706229945906,2.955171403994399,2.086438142412554,0.8687332615818448,10.921240387463449,105.00243301391602,114.6317593093529,95.37310671847914,2.12667399871992,23.389428891745684
2021-04-14 04:00:00,111.17662811279297,112.44216945631923,110.88454751475824,112.44216945631923,21002000,109.70137100219726,105.39424514770508,103.51070709228516,86.40632301330567,109.504973480753,106.98600563006724,102.56935549510678,67.47302417472216,2.9521716521914243,2.2595848443683284,0.6925868078230959,10.726362980129945,105.39424514770508,115.37028582737332,95.41820446803683,2.1012055880364917,23.374745809533128
2021-04-15 04:00:00,113.32585906982422,113.8589591031954,111.63583238423234,112.1704155210859,29174000,110.80589141845704,105.89765930175781,103.87383560180665,86.6265230178833,110.19967995149321,107.58980119575838,102.99117916470355,71.44360035891934,3.087627060858935,2.42519328766645,0.6624337731924852,11.704998004119304,105.89765930175781,116.42084892634334,95.37446967717229,2.117286931405277,23.938959791765324
2021-04-16 04:00:00,113.2018814086914,113.77167310788025,112.61523075801729,113.5237224246354,26282000,111.56447143554688,106.5458267211914,104.09587036132812,86.84092597961425,110.74553476189288,108.12428502556152,103.39159886054622,70.9059037737421,3.1486765042446905,2.5698899309820984,0.5787865732625921,11.545724577119486,106.5458267211914,117.19750560688459,95.89414783549822,2.074001814845564,20.469199537909898
2021-04-19 04:00:00,113.54951477050781,114.26014079100582,112.57854354901255,112.57854354901255,30290000,111.91557006835937,107.19744071960449,104.33006469726563,87.05112865447998,111.25534930891378,108.64097357269927,103.78994850407413,71.55242369239134,3.1883563476776544,2.6935832143212095,0.4947731333564449,11.01758673084625,107.19744071960449,117.89069938650631,96.50418205270266,2.039111029412857,20.463064005501263
2021-04-20 04:00:00,113.01641845703125,114.00772178331093,111.93089265988128,113.9328401922627,22288000,112.2614616394043,107.81315155029297,104.51868560791016,87.25174057006836,111.57554369948059,109.05768260930232,104.1517708551705,69.01952444113778,3.1405837971819466,2.782983330893357,0.35760046628858966,7.00682806302626,107.81315155029297,118.34863382051638,97.27766928006956,2.0935183298048066,20.77645930500605
2021-04-21 04:00:00,112.98369598388672,113.06551638343237,111.32093263815867,112.67127568827584,23204000,112.45644912719726,108.40084495544434,104.71092697143554,87.44481979370117,111.83157138755443,109.43158864497701,104.4981208602182,68.85839474631895,3.0647546922728566,2.839337603169257,0.22541708910359937,2.676487575027897,108.40084495544434,118.69871949443218,98.1029704164565,2.0771889327559268,20.890916062990016
2021-04-22 04:00:00,111.70276641845703,113.50586445062164,111.09776618737759,112.83738588276698,24146000,112.46681213378906,108.94631080627441,104.8866047668457,87.6339069366455,111.80815230226398,109.64789129007035,104.78065598014912,62.688790252243585,2.8682360300189345,2.8451172885391927,0.0231187414797418,1.9581166219507784,108.94631080627441,118.68823435403213,99.20438725851669,1.9898045578931465,21.47329090973265
2021-04-23 04:00:00,114.05384063720703,114.36080521624167,112.13569603609702,112.4208378072845,29066000,112.61191177368164,109.6095043182373,105.09830505371093,87.83135749816894,112.21645927225362,110.06750551360717,105.1443102804259,68.30251382951724,2.8691320467856087,2.8499202401884762,0.019211806597132508,2.7199095745503277,109.6095043182373,118.8040514766624,100.4149571598122,1.8282473831045272,22.08218475081785
2021-04-26 04:00:00,114.54974365234375,115.27376298428891,113.92441123580916,114.28146082870616,32038000,112.93578338623047,110.31665916442871,105.31767181396485,88.02755340576172,112.64069279590636,110.494385336344,105.51315080481483,69.35002091441464,2.8766966076047424,2.85527551367173,0.021421093933012614,2.643933811892407,110.31665916442871,118.66784036310204,101.96547796575538,1.831789752913911,21.77540549109103
2021-04-27 04:00:00,113.61001586914062,114.97225396912138,113.37098650498807,114.93158969348886,44386000,113.11703643798828,110.92460899353027,105.51201553344727,88.2140048980713,112.81693335467622,110.79111205375321,105.83067492498448,64.96849905170868,2.774876350810331,2.8391956810994503,-0.0643193302891194,0.8944459952788364,110.92460899353027,118.26777836904584,103.5814396180147,1.821339214868109,22.349714714626508
2021-04-28 04:00:00,116.98512268066406,120.57247005777245,116.69650771409113,118.6444052488308,81106000,113.6978858947754,111.69962844848632,105.75831985473633,88.42397201538085,113.57478595940128,111.38101782774471,106.26810424873663,71.84801073669507,2.932719412636402,2.857900427406841,0.0748189852295611,5.097513947968579,111.69962844848632,118.05300506444598,105.34625183252666,2.202617270875384,23.788176621384906
2021-04-29 04:00:00,118.65728759765625,119.22261481345136,117.71953497051605,118.48223600136917,41234000,114.2310287475586,112.51846008300781,106.03021255493164,88.64016017913818,114.49887716635672,112.07399590106962,106.75395457614525,74.51799517573207,3.1563563984694554,2.917591621619364,0.23876477685009156,6.135918195764578,112.51846008300781,117.90885850332354,107.12806166269208,2.232405519751699,23.919804284198943
2021-04-30 04:00:00,116.71039581298828,118.1162720240264,116.36624012534263,117.43044257709242,44856000,114.58188018798828,113.07317581176758,106.2758724975586,88.84760070800782,114.90097146574428,112.51555779744284,107.14440325209988,66.59827216721303,3.140293080918198,2.962131913479131,0.1781611674390673,4.977455958262289,113.07317581176758,117.70244601713702,108.44390560639815,2.2442706939645376,23.434615400014895
2021-05-03 04:00:00,116.19366455078125,118.10139729687744,115.81777346888248,117.2762166409626,28242000,114.84629516601562,113.3809326171875,106.5280583190918,89.05294353485107,115.13600657211464,112.86585367871317,107.49927624420503,64.63480834480117,3.0507003174080296,2.9798455942649107,0.07085472314311891,2.5305834912666025,113.3809326171875,117.97903881319057,108.78282642118442,2.3350556634208908,19.177179580343246
2021-05-04 04:00:00,114.39601135253906,115.29656536605839,111.90906636547629,114.72925560951428,44818000,114.9842544555664,113.62285804748535,106.77855789184571,89.24881958007812,115.00146198673725,113.0115829809823,107.76973644453186,58.20569237990874,2.80233820690745,2.944344116793419,-0.14200590988596895,1.0548675772768412,113.62285804748535,117.86967650712035,109.37603958785036,2.5298396808311736,20.10933602350592
2021-05-05 04:00:00,114.78976440429688,115.79297039823858,114.46792338467594,115.47708449305684,26636000,115.16486129760742,113.81065521240234,107.03112030029297,89.43501323699951,114.96297151720263,113.18093359272655,108.0450316586403,59.16383993527842,2.607227529511235,2.8769207993369825,-0.2696932698257477,1.0922544550680868,113.81065521240234,117.9048531878732,109.71645723693148,2.4380273990666796,19.67649328255014
2021-05-06 04:00:00,115.90951538085938,115.90951538085938,113.71217637295206,114.37122673822532,25190000,115.58553619384766,114.02617416381835,107.28258209228515,89.62876934051513,115.13507040150385,113.44079852492968,108.35344278500183,61.842844498270615,2.513975908262637,2.8043318211221138,-0.2903559128594768,2.5598908223481542,114.02617416381835,118.08384009951087,109.96850822812584,2.5123771603555625,19.85078541491915
2021-05-07 04:00:00,116.63253021240234,117.59061507127338,116.34639717350244,117.22563540770174,28898000,115.8434051513672,114.22765846252442,107.61580780029297,89.82392639160156,115.40733582166722,113.74477297135564,108.678112880194,63.50756687216037,2.469942619962893,2.73745398089027,-0.2675113609273767,3.2295228056940184,114.22765846252442,118.3866666018601,110.06865032318873,2.512341620957043,19.745278424760947
2021-05-10 04:00:00,113.648193359375,115.59460767080654,113.290644369783,115.45277455769148,30914000,115.75325012207031,114.34451675415039,107.88343566894531,90.016088180542,115.08749173761407,113.73557491307177,108.87301799702463,53.19191316475517,2.16922935316218,2.623809055344652,-0.454579702182472,1.7416103497652768,114.34451675415039,118.28401533095243,110.40501817734835,2.602702815184879,21.55915468529727
2021-05-11 04:00:00,112.57258605957031,113.07939883944981,110.78039927471382,111.23415327092532,34186000,115.64950714111328,114.38327178955078,108.08219268798828,90.20498943328857,114.63023615978793,113.62481406988115,109.01809909751663,50.03723427529798,1.8231037971012825,2.463668003695978,-0.6405642065946955,-1.2987327470614818,114.38327178955078,118.2314610640625,110.53508251503905,2.6829321251411278,21.84057266586652
2021-05-12 04:00:00,109.1106948852539,111.47763718701425,108.78191506462665,110.39706768816423,46376000,114.86206436157227,114.27997512817383,108.21684951782227,90.37131965637207,113.62668320078174,113.19489795705951,109.02173030487887,41.50513771628685,1.2549844353177946,2.221931290020341,-0.9669468547025466,-4.748198113473956,114.27997512817383,118.57549942865757,109.9844508276901,2.7816873202625283,24.434608332513008
2021-05-13 04:00:00,110.53839874267578,111.05413282086089,109.43154201842614,110.39359185483993,33204000,114.05017547607422,114.1406021118164,108.43269546508789,90.5511805343628,113.06517693567156,112.9418980318801,109.08120749851797,45.62313481852625,0.9094657623151647,1.959438184479306,-1.0499724221641413,-2.703649940514774,114.1406021118164,118.73683220243733,109.54437202119549,2.7306444015355527,23.844640024838366
2021-05-14 04:00:00,112.98517608642578,113.29957888960938,111.577809256897,112.00131096781348,31996000,113.67765350341797,114.12976684570313,108.67514144897461,90.73835105895996,113.05063132671778,112.94601975136065,109.2343043058869,51.87589765505247,0.8235804845374446,1.732266644490934,-0.9086861599534894,-3.4191925456683814,114.12976684570313,118.7363248060577,109.52320888534857,2.831489287139399,25.235312323878865
2021-05-17 04:00:00,113.50787353515625,113.55052033332134,111.85106510026651,112.25076154680255,21598000,113.40907440185546,114.12768478393555,108.86541900634765,90.92445053100586,113.13376627370658,112.99952963553166,109.40189525605433,53.11618231199056,0.7886025792309681,1.5435338314389409,-0.7549312522079727,-4.339736873103539,114.12768478393555,118.7353845016121,109.519985066259,2.838502699205222,25.266236885836836
2021-05-18 04:00:00,112.19619750976562,114.43817329757108,112.18231233154226,114.17385549892235,22204000,113.18909301757813,114.08667373657227,109.11829879760742,91.11649326324464,112.96329922571731,112.92302181403012,109.51147573659203,49.65754622335005,0.6475761889542042,1.3643423029419937,-0.7167661139877894,-3.8678630740452746,114.08667373657227,118.75028091038246,109.42306656276207,2.502317469019293,25.554729155736517
2021-05-19 04:00:00,112.64400482177734,112.81707393353265,110.35988904981882,110.50816157713805,23684000,112.97451705932617,114.0696891784668,109.34754425048828,91.31206192016602,112.90524569772822,112.8964487671489,109.63432001444245,50.83457504261504,0.5654281623285584,1.2045594748193067,-0.6391313124907483,-3.054951182344856,114.0696891784668,118.75264406121205,109.38673429572155,2.518009808371189,25.59878939117921
2021-05-20 04:00:00,114.4019775390625,114.65240260155116,113.24007940429303,113.61101419771367,32352000,112.82376327514649,114.20464973449707,109.61608474731446,91.51876605987549,113.17737875978898,113.0398324597121,109.82128697619225,55.257212941398045,0.6348606868659203,1.0906197172286294,-0.45575903036270904,0.005215379848388935,114.20464973449707,118.75406544550036,109.65523402349378,2.4978205446183455,25.805663159136955
2021-05-21 04:00:00,113.76622009277344,114.99407844296304,113.52669887961433,114.92067995406296,40632000,112.5371322631836,114.1902687072754,109.8080876159668,91.72085578918457,113.2844408203316,113.10901223428937,109.97599023566602,53.38687495756906,0.6313088150830879,0.9987575367995212,-0.3674487217164333,-0.8916686229256898,114.1902687072754,118.74350842417275,109.63702899037804,2.4395173828578995,24.817251407460457
2021-05-24 04:00:00,117.08430480957031,117.30795076933327,114.65041840397706,114.79571714938808,31832000,112.88074340820313,114.31699676513672,110.11657821655274,91.93312393188477,113.97532518201136,113.48761152717326,110.25474766993678,60.83734888546165,0.8860221258229757,0.9762104546042121,-0.0901883287812364,1.0135401091539098,114.31699676513672,119.04990472469956,109.58408880557388,2.3864554179475337,26.873629968269874
2021-05-25 04:00:00,117.17504119873047,118.22287643220353,116.78476557290928,117.6277963375595,22440000,113.34098892211914,114.49524803161621,110.42247970581055,92.1474772644043,114.55709173050573,113.83879530541681,110.52613172988947,61.02082815101214,1.0827249487479236,0.9975133534329544,0.08521159531496914,0.4651455175842756,114.49524803161621,119.38207479336977,109.60842126986266,2.3893948332043005,26.64355843245607
2021-05-26 04:00:00,118.03990936279297,118.47034990255696,117.35308107918044,117.3560548531477,21572000,114.23391036987304,114.54798736572266,110.71647018432617,92.36653923034667,115.1903313000125,114.2389014061193,110.82078967627785,62.809379587303845,1.293490433372213,1.0567087694208062,0.23678166395140687,3.864307802527578,114.54798736572266,119.56888326993894,109.52709146150639,2.3249640971985275,24.631146410514486
2021-05-27 04:00:00,117.16564178466797,118.47333058734263,116.84727391393845,118.47333058734263,35224000,114.89663467407226,114.47340507507325,110.99463150024414,92.58526649475098,115.54947866085894,114.51763858502869,111.06960740601865,59.821223605043535,1.374137311864203,1.1201944779094855,0.2539428339547176,4.080083691661085,114.47340507507325,119.27689383756154,109.66991631258495,2.321032453126397,24.227910568636492
2021-05-28 04:00:00,116.87652587890625,117.82964696278735,116.67816833609218,117.74782655726173,21482000,115.28576965332032,114.48171157836914,111.32739135742187,92.79592788696289,115.79075997323116,114.74229451777894,111.29732969907306,58.82455741900665,1.3985991266121118,1.1758754076500109,0.22272371896210097,7.117387531826536,114.48171157836914,119.30203319813197,109.66138995860632,2.1645747948460987,23.510272280097823
2021-06-01 04:00:00,118.08303833007812,118.30768309931028,116.74906245910415,117.74880281061728,23354000,115.7432861328125,114.57618026733398,111.67870742797851,93.01028869628907,116.20753785629424,115.06046059514077,111.56343591989679,61.69282131355423,1.4980719220025236,1.2403147105205135,0.25775721148201014,6.825356322526099,114.57618026733398,119.60721892098887,109.54514161367909,2.0710624059564515,23.709431130984036
2021-06-02 04:00:00,117.55789184570312,118.70094093106418,116.65385700275765,118.478278661861,21158000,116.27945556640626,114.7342742919922,112.01582122802735,93.22500411987305,116.45305676345949,115.29831119043241,111.7985126228696,59.7421025092324,1.5170423763667742,1.2956602436897657,0.22138213267700846,4.047182044288311,114.7342742919922,119.93725280890214,109.53129577508224,1.9465204726252279,23.011696021837928
2021-06-03 04:00:00,116.41680908203125,116.88494008609811,115.52121134855334,116.3250685412931,18696000,116.65673599243163,114.81562652587891,112.31956085205078,93.43113540649414,116.44646627592707,115.4048347991561,111.97962228793476,55.62623778022791,1.42359049050323,1.3212462930524587,0.10234419745077128,2.5627610281801605,114.81562652587891,120.07285536010502,109.5583976916528,1.9531806555925715,23.332883657298638
2021-06-04 04:00:00,118.69745635986328,118.96822109902912,117.15222909034824,117.49241971560096,24458000,117.08628387451172,114.9550235748291,112.67764099121094,93.63886589050293,116.85573720027911,115.71841780493774,112.24306676134373,61.35659433288926,1.5160819241351646,1.3602134192689999,0.15586850486616477,5.794544730031315,114.9550235748291,120.47562690972644,109.43442023993175,1.9381972177400197,24.082315854369778
2021-06-07 04:00:00,119.13037872314453,119.23997703743203,118.07411399726047,118.49265182934205,24120000,117.62269973754883,115.07991600036621,113.04444915771484,93.85153064727783,117.26930838625464,116.04336646381458,112.5131574265124,62.35051342397832,1.6058045529787819,1.4093316460109564,0.1964729069678255,5.75829482592507,115.07991600036621,120.86690031359534,109.29293168713708,1.9000834896769285,24.02934605743624
2021-06-08 04:00:00,118.93897247314453,119.98433347180782,118.75747389251524,119.61191557625074,24240000,117.80816650390625,115.34445495605469,113.41509567260742,94.05539321899414,117.57288367478006,116.31913846470314,112.76515017343915,61.59618541530816,1.6425314182781676,1.4559716004643988,0.18655981781376885,3.965836108499854,115.34445495605469,121.3359666764672,109.35294323564219,1.8265833906243398,21.901253384393453
2021-06-09 04:00:00,119.41007995605469,119.65504930518125,118.86260289582098,119.58314905326921,17942000,118.03167037963867,115.6863296508789,113.77427688598632,94.26177993774414,117.90691936228453,116.61351384483187,113.02573565511035,62.78944496517447,1.6901689447901305,1.5028110693295451,0.18735787546058535,4.960927645024005,115.6863296508789,121.79111627376922,109.58154302798859,1.707673499599085,21.453130490531684
2021-06-10 04:00:00,120.75843811035156,120.80158431684347,119.20378994220064,119.35950068179913,25904000,118.30352325439453,116.26871681213379,114.1597509765625,94.47253311157226,118.42537731647853,117.00826853678613,113.32897888864923,66.04164428491495,1.8157919428868325,1.5654072440410027,0.2503846988458298,3.138023757118402,116.26871681213379,121.93911657840329,110.59831704586429,1.6783446849468717,17.49559457891319
2021-06-11 04:00:00,120.51395416259766,121.08522897452744,119.95655696176605,120.99993539094038,21958000,118.6383544921875,116.76749458312989,114.52441696166993,94.67693130493164,118.80511856122746,117.34214335829199,113.6107426248825,64.93346669482492,1.8740187410860898,1.6271295434500201,0.24688919763606965,2.8495086749782628,116.76749458312989,122.0577780071768,111.47721115908298,1.654151288476348,17.407594907678373
2021-06-14 04:00:00,121.4417953491211,121.44228719469659,119.90896239653654,120.61611526440987,22098000,119.09488143920899,117.19032554626465,114.84093124389648,94.87647712707519,119.28451434084447,117.73258640503762,113.9178427317154,67.18399837545283,1.9722975096419475,1.6961631366884058,0.2761343729535417,2.8819794971821855,117.19032554626465,122.55897043712508,111.82168065540421,1.5106937257335065,16.16525765514968
2021-06-15 04:00:00,120.42420196533203,121.76908177598153,120.06367916664863,121.44624948123858,21562000,119.32899780273438,117.53614196777343,115.04864471435548,95.07480548858642,119.49173027256947,117.98893074411328,114.17299407421017,62.45018291841105,1.9456446793519149,1.7460594452211078,0.1995852341308071,2.7811567717546337,117.53614196777343,122.79595738902464,112.27632654652223,1.5297859935934102,16.71254025175879
2021-06-16 04:00:00,119.7824935913086,120.88686840654948,118.49067266185558,120.5754393849675,26472000,119.55145797729492,117.91545677185059,115.25314453125,95.26722019195557,119.54459633052204,118.15974625336997,114.39297444742971,59.59832649561996,1.851399831717103,1.767127522520307,0.08427230919679607,2.486357025544339,117.91545677185059,122.61854357794456,113.21236996575661,1.6084207822267962,16.128489351746882
2021-06-17 04:00:00,120.74553680419922,121.51815047385836,119.51223033742086,119.7081134975645,25842000,119.98433074951171,118.32053337097167,115.44737884521484,95.46690479278564,119.76294914391788,118.40601202011561,114.64209453985205,62.375228565497,1.833286662299713,1.7803593504761883,0.052927311823524725,2.2547679258375863,118.32053337097167,122.47555005866562,114.16551668327773,1.635553886729176,16.214458514976656
2021-06-18 04:00:00,119.12642669677734,120.60619327255783,119.03121296167414,120.37212775019057,46116000,120.02722778320313,118.55675582885742,115.5979246520996,95.65215869903564,119.64721778989232,118.47462294170244,114.81795070286874,55.47202723796941,1.6690434963544334,1.7580961796518373,-0.0890526832974039,1.3342658892972814,118.55675582885742,122.28948844462636,114.82402321308848,1.6757571164313123,16.613930154001324
2021-06-21 04:00:00,120.81398010253906,120.99994312989033,118.91566806650118,119.51273832350716,27414000,120.19558792114258,118.90914382934571,115.76214736938476,95.83040058135987,119.85935639219173,118.69741886178211,115.05308911069896,60.39224618063946,1.6559621594340825,1.7376693756082864,-0.08170721617420384,3.777092891636813,118.90914382934571,122.01585721995674,115.80243043873467,1.7133038609443847,16.884798235141744
2021-06-22 04:00:00,121.32772827148438,121.39666231815684,120.07161525109758,120.75198899495656,22390000,120.43446350097656,119.1213150024414,115.96248138427734,96.03300109863281,120.12633309751766,118.947924519849,115.29915339151408,61.77694199506052,1.6678246450170917,1.7237004294900475,-0.055875784472955825,2.2159463161929294,119.1213150024414,122.28241423017398,115.96021577470883,1.6617297994267222,13.813026891078978
2021-06-23 04:00:00,121.12589263916016,122.08645184131146,120.83579457394919,121.09266658134959,19148000,120.60604476928711,119.3188575744629,116.1490495300293,96.24656845092774,120.30807119599811,119.15535005502149,115.52765296985315,60.8764993150619,1.642011218379423,1.7073625872679228,-0.06535136888849968,1.675067214092496,119.3188575744629,122.46158495126795,116.17613019765784,1.6055852830133281,13.864462823066779
2021-06-24 04:00:00,121.49583435058594,122.04677701360374,121.29747683144915,121.69419186972272,21362000,120.67978439331054,119.49165382385254,116.35543365478516,96.4762699508667,120.52402813319588,119.37825332126572,115.76169929850934,61.97062937146197,1.6325856648781354,1.6924072027899655,-0.05982153791183009,2.1497258840189826,119.49165382385254,122.71723713178481,116.26607051592028,1.4891190228308793,13.713381323736101
2021-06-25 04:00:00,121.50426483154297,121.62774832820787,120.5685022175003,120.99993398696205,34594000,120.77881546020508,119.70858497619629,116.51900177001953,96.70015453338623,120.7022529874408,119.5807306079588,115.98689794686359,61.99671228755622,1.6072685241215368,1.6753794670562798,-0.06811094293474307,1.7537756245192826,119.70858497619629,122.85818578724843,116.55898416514415,1.4815035278691664,13.322071912930102
2021-06-28 04:00:00,121.53153991699219,121.77849933650862,120.41030616677962,121.6728660523082,28526000,120.78778991699218,119.94133567810059,116.68559494018555,96.92942710876464,120.85303242917742,119.76652197072389,116.20433488686864,62.08731058801484,1.5712924973067857,1.654562073106381,-0.08326957579959537,0.6402052053158691,119.94133567810059,122.89141429359357,116.9912570626076,1.4915987843289105,13.240293344563147
2021-06-29 04:00:00,121.27021026611328,122.01257928283053,120.69347970676894,121.66495039428926,23108000,120.87239074707031,120.10069427490234,116.84000885009766,97.15994441986084,120.92888294498394,119.9097303798086,116.40299666644687,60.596730466522125,1.5043528745492551,1.624520233394956,-0.12016735884570084,0.6275257573038262,120.10069427490234,122.97137413635657,117.2300144134481,1.529216867664719,12.935597810915647
2021-06-30 04:00:00,121.08869934082031,121.2548296268427,120.35972373185534,120.99447687115277,24474000,121.00301132202148,120.2772346496582,117.00145446777344,97.39127243041992,120.95794047149964,120.02201313800019,116.58674971250073,59.52774772451355,1.4202841746497796,1.5836730216459207,-0.1633888469961411,-0.29075328414381874,120.2772346496582,122.91425024173293,117.64021905758347,1.4801234504943699,12.801497576046508
2021-07-01 04:00:00,121.44081115722656,121.58213731642527,120.53529313264279,120.7272037205101,18110000,121.07253875732422,120.52843475341797,117.17059677124024,97.61784240722656,121.04573514163181,120.15713675887889,116.77710506327429,60.966293884395675,1.366321501397394,1.5402027175962154,-0.17388121619882146,0.8441901007466779,120.52843475341797,122.48694053397273,118.56992897286321,1.4742786055673054,12.099201647624936
2021-07-02 04:00:00,124.2307357788086,124.37603452212761,122.05075521661516,122.14051324667714,25982000,121.58296966552734,120.80509872436524,117.42115615844726,97.86407230377198,121.62482616657303,120.54509857030077,117.06940430702073,70.04994757784488,1.5310305277629226,1.538368279629557,-0.007337751866634434,3.713599587162686,120.80509872436524,123.19117589203056,118.41902155669992,1.5744142174773768,12.786373889692552
2021-07-06 04:00:00,125.15558624267578,125.39163425827388,123.56125763749851,124.61852120164065,26404000,122.01713027954102,121.10635910034179,117.64319107055664,98.12113761901855,122.26678254404624,120.9841926343365,117.38650948096799,72.34727280871824,1.7164056648790336,1.5739757566794526,0.142429908199581,3.652349855074055,121.10635910034179,124.05684089755724,118.15587730312635,1.5833409325804095,12.90944949107071
2021-07-07 04:00:00,125.437255859375,126.24061363873932,125.11888803471057,126.11961963968089,24060000,122.42808303833007,121.43127326965332,117.86094131469727,98.38852516174316,122.84323223774237,121.40829389386398,117.70222502521925,73.02589050263842,1.8645517882835776,1.6320909630002776,0.23246082528330003,5.297589575704431,121.43127326965332,124.78099740807798,118.08154913122866,1.4923073511043279,12.818945421604095
2021-07-08 04:00:00,124.01898193359375,124.56595957690325,123.005363941043,123.0093289727932,23790000,122.71739196777344,121.66171836853027,118.06912063598632,98.65401584625243,123.05700490971535,121.65693085002871,117.94994098241041,64.44937774787411,1.846233574213045,1.6749194852428313,0.1713140889702136,2.6528401997305995,121.66171836853027,125.05976768242564,118.2636690546349,1.5227339069539352,13.731908643108031
2021-07-09 04:00:00,124.4896011352539,124.70382636334314,123.53052498165191,124.00014669515204,18632000,123.01676864624024,121.8482765197754,118.21921020507813,98.91450050354004,123.31747695072235,121.92670897243111,118.20639824330624,65.88130354652202,1.8483842707379097,1.709612442341847,0.1387718283960626,2.60605956182951,121.8482765197754,125.44160184540218,118.25495119414862,1.4840894454658036,13.305296019128459
2021-07-12 04:00:00,125.93464660644531,126.02787781640319,124.58132987577834,125.14368334235166,17668000,123.45980682373047,122.11931114196777,118.36475738525391,99.19471450805663,123.79332597903561,122.3084173185277,118.5094668065666,69.89144566490589,1.9442793637713862,1.756545826627755,0.18773353714363128,3.9700462572529016,122.11931114196777,126.08709580184072,118.15152648209482,1.4450895610200993,13.693038828854142
2021-07-13 04:00:00,126.29765319824219,127.00777981268853,125.63612092477611,125.99713556323269,19240000,123.93641815185546,122.36210403442382,118.55650253295899,99.47340366363525,124.24865820070953,122.68834454516718,118.81488588074997,70.8193019054217,2.026211607929298,1.8104789828880636,0.21573262504123436,3.95224978150297,122.36210403442382,126.72947813831756,117.99472993053008,1.448418976795325,13.544167160688758
2021-07-14 04:00:00,127.18580627441406,128.26638333995623,126.86594777508958,126.90909397847128,23742000,124.52797775268554,122.70018424987794,118.77634536743165,99.752516746521,124.78268512320126,123.11667423366688,119.1431572687368,73.01078926674475,2.13816262458036,1.8760157112265232,0.262146913353837,4.676001661956586,122.70018424987794,127.46470152050598,117.93566697924989,1.4997098963918805,13.074912183804146
2021-07-15 04:00:00,125.96390533447266,127.64501069030976,125.49280054236102,127.59443383506836,24218000,125.01549835205078,123.00925483703614,119.00770324707031,100.02066055297851,124.99745243434151,123.38783910041029,119.41063758504016,65.70034453825848,2.1040334301711425,1.9216192550154472,0.18241417515569536,3.6470906404278525,123.00925483703614,127.77881692411857,118.2396927499537,1.5876617373565338,13.507335873866289
2021-07-16 04:00:00,125.92919158935547,126.763792905859,125.11938685402984,126.61651165592089,20424000,125.46433639526367,123.26843757629395,119.23049179077148,100.28680580139161,125.16685955343496,123.62987267078601,119.66626715383686,65.49969130478405,2.0505472562494873,1.9474048552622554,0.10314240098723193,3.84181845897571,123.26843757629395,128.08320716351878,118.45366798906912,1.629458876008076,13.381270126999961
2021-07-19 04:00:00,123.55679321289062,125.17045503188194,122.49258334163494,125.05590043371399,27968000,125.39694213867188,123.48995590209961,119.38343734741211,100.54119319915772,124.87412021879054,123.62291272241502,119.81883680321151,53.47892813203086,1.7960229217923,1.9171284685682646,-0.12110554677596452,2.038252855556344,123.48995590209961,127.89234799873786,119.08756380546136,1.777202810150328,14.323620249790611
2021-07-20 04:00:00,125.17494201660156,126.0016057985081,123.3311794114217,124.49852570882304,26312000,125.39887771606445,123.70800399780273,119.5542855834961,100.79814208984375,124.9288150911198,123.77072503614707,120.02888014491309,59.00525421580317,1.705224867208301,1.874747748296272,-0.16952288108797098,3.0748566513941533,123.70800399780273,127.982467931075,119.43354006453046,1.873726153794957,14.206343578382501
2021-07-21 04:00:00,126.50345611572266,126.55006794062126,124.99045595333612,125.09955486427575,20746000,125.50549774169922,123.96679039001465,119.81139083862304,101.06974231719971,125.2151134592294,124.03098513896379,120.28278508494483,62.90173702643683,1.720632360928974,1.8439246708228125,-0.12329230989383855,1.829434819544673,123.96679039001465,128.26114117556435,119.67243960446494,1.9200922575826138,14.527042152456096
2021-07-22 04:00:00,127.36878967285156,127.42979365327596,126.45385860301083,126.79603176039008,14302000,125.840478515625,124.27893524169922,120.10731491088868,101.33891750335694,125.60669095261524,124.34887128504833,120.56066761780392,65.2205681032246,1.7821248706984107,1.8315647107979323,-0.049439840099521515,1.7683616821420944,124.27893524169922,128.61121535366092,119.94665512973751,1.915027319474232,14.546067485653404
2021-07-23 04:00:00,131.9246368408203,132.3054917449223,128.73649417322727,129.36131958948965,41506000,126.58398208618163,124.80037536621094,120.56359375,101.63875923156738,126.75540838683433,125.07037276655043,121.00631346968692,74.32102977230613,2.1734230513449404,1.899936378907334,0.2734866724376064,5.171813538968184,124.80037536621094,130.12013393619856,119.48061679622332,2.0579900842720673,18.728725107344577
2021-07-26 04:00:00,132.93629455566406,133.13663460885186,131.2169991619108,132.2355886482273,30572000,127.28414688110351,125.37197685241699,121.01155166625976,101.94164596557617,127.87920587207608,125.81950817503744,121.47415586521542,75.83322798539537,2.5359293860687018,2.027134980339608,0.5087944057290938,7.190280457910148,125.37197685241699,131.58263779908893,119.16131590574504,2.064365714712475,18.70111904969033
2021-07-27 04:00:00,130.8187713623047,133.29729444563313,129.0375036233096,133.1500131960715,54710000,127.73625869750977,125.83633842468262,121.36822357177735,102.22792240142822,128.41367232484492,126.29562847858669,121.84061137490521,66.94656560980206,2.6221256113983173,2.14613310655135,0.47599250484696753,5.084095514270581,125.83633842468262,132.22422912021753,119.44844772914772,2.2885132303049596,20.03086547117572
2021-07-28 04:00:00,134.9783935546875,137.16333785236336,134.1685888131194,135.19460884795575,95130000,128.5155174255371,126.52174758911133,121.79763397216797,102.52829723358154,129.60725800299812,127.12255848583439,122.3558185192104,73.51291148088048,2.991598206574295,2.315226126555939,0.6763720800183561,7.181301724301914,126.52174758911133,133.73513254519193,119.30836263303073,2.567989985428293,22.207714101247088
2021-07-29 04:00:00,134.6645050048828,135.54076195696248,134.43193014711593,135.0339491373532,31716000,129.3855773925781,127.20053787231446,122.24700012207032,102.81367866516113,130.52675745788625,127.84083910669615,122.83851210688384,72.34496816976096,3.2219392078636844,2.4965687428174883,0.7253704650461961,6.6247088483169625,127.20053787231446,134.8056295473815,119.59544619724743,2.5633850160108156,22.24407035526016
2021-07-30 04:00:00,133.62213134765625,134.1953963144615,133.15449968254848,133.92810471351868,25576000,130.1548713684082,127.80960388183594,122.66656265258788,103.09323322296143,131.0895527105717,128.39143836773997,123.26139913593374,68.45542455357192,3.282536233848802,2.653762241023751,0.6287739928250509,5.060568676472643,127.80960388183594,135.42359273802475,120.19561502564711,2.5613656332383195,22.71961138448065
2021-08-02 04:00:00,133.74905395507812,134.22709749139312,132.69724618575344,134.00939911638073,21634000,131.17409744262696,128.2855197906494,123.0535041809082,103.37432250976562,131.57309839139106,128.901687471296,123.67267971707666,68.67625766942484,3.3027295962941707,2.783555712077835,0.5191738842163356,6.180459870574451,128.2855197906494,136.14360012625212,120.42743945504668,2.5726650916474094,21.71716487140689
2021-08-03 04:00:00,134.51821899414062,134.61937271017896,132.22665752851483,134.02726631580427,20762000,132.10842514038086,128.75365142822267,123.46854415893554,103.6612338256836,132.10857486461825,129.43659523537642,124.09799498284387,70.04485646174807,3.342270557493748,2.8952986811610177,0.4469718763327304,6.820521355201947,128.75365142822267,136.9354912278645,120.57181162858082,2.60294973735813,21.687622616301592
2021-08-04 04:00:00,134.0178680419922,134.53757482662922,133.38459788669277,134.24003092596388,19676000,132.8598663330078,129.18268203735352,123.80721542358398,103.94261081695556,132.45571907868623,129.8729069312446,124.4870096126144,67.96456154856875,3.2952473536184073,2.9752884156524955,0.3199589379659118,8.466612443620924,129.18268203735352,137.53050291436227,120.83486116034477,2.5315759367858237,21.84357272188494
2021-08-05 04:00:00,135.13461303710938,135.23231626590845,133.74063191754414,134.56829449236173,17870000,133.6364486694336,129.73846359252929,124.16640686035156,104.23893173217773,132.94279070749042,130.3740217984698,124.9045626880848,70.09906744309068,3.309938206561668,3.0422183738343302,0.2677198327273378,7.956601265440888,129.73846359252929,138.11880223343567,121.35812495162288,2.5206672436811917,21.192201903454286
2021-08-06 04:00:00,134.62582397460938,135.35381597219683,134.1016679203012,134.92684860507694,20488000,133.9065673828125,130.24527473449706,124.49812515258789,104.52746952056884,133.2487967560575,130.77895533905453,125.28578862088968,67.87996806990265,3.243140878878336,3.082402874843132,0.160738004035204,6.420668737664004,130.24527473449706,138.514322200595,121.97622726839913,2.364634372550842,21.389107274204022
2021-08-09 04:00:00,135.7906951904297,136.0594850166339,134.23009186471586,134.82816095664558,17760000,134.19200744628907,130.7380771636963,124.87062622070313,104.81317569732666,133.7109601077615,131.25626389632836,125.69774574126379,70.20551557551835,3.2467721193756063,3.115276723749627,0.13149539562597923,6.6122207325749915,130.7380771636963,139.09970042556787,122.3764539018247,2.3045605700388156,21.27524599412241
2021-08-10 04:00:00,135.68557739257812,136.64316290986423,135.2466997947702,136.21618040832792,19414000,134.6786880493164,131.20747337341308,125.24680725097656,105.09323112487793,134.0699814322736,131.67810327692357,126.08942541386435,69.71499360671065,3.204231390940862,3.133067657187874,0.07116373375298801,2.8508250178439054,131.20747337341308,139.57354859561568,122.8413981512105,2.2929070791680224,21.337014071716986
2021-08-11 04:00:00,135.16192626953125,136.55391001908745,135.15448048294104,136.05702483389106,15352000,134.6970413208008,131.60627937316895,125.58838500976563,105.36414226531983,134.26851685722954,132.0098959428862,126.4452097611454,67.1962568520602,3.0926135637937477,3.124976838509049,-0.032363274715301316,1.6742092302980849,131.60627937316895,139.92545489412805,123.28710385220982,2.3231566853023997,21.459716829613125
2021-08-12 04:00:00,136.0693817138672,136.1745155860973,134.31538491071916,134.86086429616063,16506000,134.83752899169923,132.11155319213867,125.95861480712891,105.65166339874267,134.59594683116364,132.39651363536058,126.82262826909528,69.26835512349228,3.0423098478985082,3.108443440386941,-0.06613359248843276,4.0136520905099005,132.11155319213867,140.21247063821608,124.01063574606127,2.1033301569672136,20.950681727768988
2021-08-13 04:00:00,136.5985107421875,136.72646625528014,135.90971509193332,136.12493157350525,15948000,135.13516693115236,132.64501914978027,126.36224884033203,105.93821254730224,134.9600493604407,132.79670383601075,127.20599620921655,70.4408211608546,3.0104376300357956,3.088842278316712,-0.07840464828091642,1.20027890748573,132.64501914978027,140.43080344226038,124.85923485730015,2.0245527081390526,20.89140371254297
2021-08-16 04:00:00,137.17575073242188,137.22832524277518,134.1899301812805,136.39768127335614,22384000,135.47783660888672,133.32596702575682,126.7318147277832,106.24948738098145,135.36290415534637,133.21375592138324,127.59696697483245,71.70889315339237,2.9972071721844316,3.070515257090256,-0.07330808490582452,1.8648163652686511,133.32596702575682,140.0786733647925,126.57326068672114,1.9373101537941355,19.047065026084546
2021-08-17 04:00:00,135.54122924804688,137.13208448324744,134.96648133972832,136.6208073403059,21716000,135.58013763427735,133.8442813873291,127.06003173828125,106.5411640548706,135.39532689947373,133.43542004773215,127.90850667182127,63.41324322193829,2.8222960435224422,3.0208714143766935,-0.19857537085425125,1.4362126101682637,133.8442813873291,139.45799835179434,128.23056442286384,1.6419317896966277,19.747161727655
2021-08-18 04:00:00,134.33868408203125,135.98061569212976,134.21222682101478,135.38106359666662,19258000,135.61221923828126,134.23604278564454,127.36802597045899,106.8121418762207,135.20321002357508,133.52144519385587,128.1606704918295,58.08890051956323,2.557164963167537,2.9281301241348623,-0.37096516096732524,0.4408480729524822,134.23604278564454,138.66032541529597,129.8117601559931,1.6890430083586583,20.097545166528874
2021-08-19 04:00:00,134.5677947998047,135.234782779033,133.1495240793781,133.33350458588953,21782000,135.55553741455077,134.5959930419922,127.67118026733398,107.08222961425781,135.08767998288954,133.62109753727958,128.41193026861285,58.79868388553161,2.3385763396557877,2.810219367239047,-0.4716430275832595,0.03685434287992173,134.5959930419922,137.61653412566577,131.5754519583186,1.7301325353101273,20.052869845704073
2021-08-20 04:00:00,136.30296325683594,136.42643919078785,134.1413247592316,134.8851768373789,31194000,135.72325134277344,134.81490936279297,127.98207077026368,107.35570194244384,135.3086405781525,133.8765133200945,128.72138254266082,63.79900800676993,2.279085000546189,2.7039924939004756,-0.42490749335428646,1.7050675766068446,134.81490936279297,137.64915636505978,131.98066236052617,1.7840799014470252,16.375781458844
2021-08-23 04:00:00,138.8935546875,139.71971902868404,136.47950099945666,136.83853312618544,28454000,136.03353729248047,135.11277236938477,128.34966278076172,107.6172850036621,135.96044314348842,134.35432678365692,129.12029125422313,69.70963482527804,2.4131593646523584,2.645825868050852,-0.2326665033984936,2.7816275681777913,135.11277236938477,138.3405546619553,131.88499007681423,1.8572256578887374,17.38852543703942
2021-08-24 04:00:00,140.10354614257812,140.9153334065435,139.1881081082897,139.45886528917006,19268000,136.47533416748047,135.57701110839844,128.72289779663086,107.88078964233398,136.71373459786835,134.90187148450656,129.55100713219784,72.00846967917029,2.5872265253725004,2.634105999515182,-0.046879474142681676,4.068849501713623,135.57701110839844,138.87445107487562,132.27957114192125,1.919282927824956,16.12562734394681
2021-08-25 04:00:00,140.9143524169922,141.02395074867366,140.21712723901703,140.46407912749783,15848000,137.05057678222656,135.87380905151366,129.13270080566406,108.14903514862061,137.4774832922545,135.47448871617186,129.99662851591526,73.46189478070757,2.758799570330183,2.6590447136781825,0.09975485665200035,3.7732019998698796,135.87380905151366,139.92647193093242,131.8211461720949,1.878477231948614,12.244412721731429
2021-08-26 04:00:00,140.2810821533203,141.2500632657939,140.198255364594,140.58803917062994,20610000,137.47174682617188,136.15463790893554,129.5426725769043,108.41369525909424,137.987228539721,135.93225951970982,130.3999404232645,70.38778080728048,2.8112662988179977,2.6894890307061456,0.12177726811185208,3.3868778458642224,136.15463790893554,140.61259840416872,131.69667741370236,1.8641672211846338,12.373812098831152
2021-08-27 04:00:00,142.82354736328125,143.3278781659032,140.33709435382934,140.49132196701825,28780000,138.09425048828126,136.6147087097168,129.98423278808593,108.69694419860839,138.86655923491378,136.588572647669,130.88714069542203,74.92464285107481,3.023153224794612,2.756221869523839,0.26693135527077283,5.6684758091355425,136.6147087097168,141.8103783020184,131.41903911741522,1.9511245683749812,13.040936709962441
2021-08-30 04:00:00,143.4052276611328,144.7739200341468,142.9812266193954,143.2162833413951,24434000,138.71719818115236,137.09751739501954,130.46980880737306,108.98074337005615,139.6917716760445,137.23777788704652,131.37804606662638,75.83676644187662,3.201111458652832,2.845199787349638,0.35591167130319423,5.39125397269149,137.09751739501954,142.92780587498942,131.26722891504966,1.990689536644376,13.011239640317621
2021-08-31 04:00:00,143.5113525390625,143.98146600707764,143.09827801197414,143.9571764076647,22448000,139.51421051025392,137.54717407226562,130.9237562561035,109.26616676330566,140.38624092386596,137.83526118723853,131.85386200672193,76.00823570442054,3.3125233249161568,2.938664494862942,0.37385883005321485,5.060700705531196,137.54717407226562,143.9033386113034,131.19100953322783,1.9538151408555962,13.019033449417186
2021-09-01 04:00:00,144.02511596679688,145.0551009489579,143.69583676431287,143.8113826192152,21936000,140.48285369873048,138.04753646850585,131.37770401000978,109.5468592453003,141.0478545680352,138.42477116624408,132.33116608358762,76.86418244898991,3.4030462477062144,3.0315408454315964,0.37150540227461804,4.9931312187498245,138.04753646850585,144.79726411848048,131.29780881853122,1.9312878361782566,12.754200189585726
2021-09-02 04:00:00,142.11244201660156,144.32663982177834,142.01127317307444,144.02563035315396,32342000,141.23731842041016,138.39642791748048,131.79743499755858,109.8175495147705,141.24141592232,138.77597791389718,132.7147455319411,67.2456038766961,3.2826096328086862,3.0817546029070146,0.2008550299016716,4.848128355490311,138.39642791748048,145.23298969171458,131.55986614324638,2.038331799418048,13.950248269166126
2021-09-03 04:00:00,142.56121826171875,142.97330911300233,141.23319004017313,141.90762370846002,19850000,141.86314392089844,138.79319763183594,132.21874267578124,110.09355075836181,141.48137998402885,139.1364769946421,133.10088171742257,68.24954991829676,3.186641619233825,3.102732006172377,0.08390961306144806,6.120749384940072,138.79319763183594,145.6294437644847,131.95695149918717,1.9455978002276555,13.74911665386962
2021-09-07 04:00:00,143.09779357910156,143.37996157191282,142.44171705325797,142.65545041675884,20124000,142.2835678100586,139.15855255126954,132.65061325073242,110.37744682312012,141.77527336495115,139.5137452407811,133.4929174767041,69.45504589595149,3.117941729423876,3.105773950822677,0.012167778601198886,6.338811445923498,139.15855255126954,146.09939402383674,132.21771107870234,1.85481030922489,13.58652714254753
2021-09-08 04:00:00,142.51312255859375,143.216310341674,141.8277925519912,142.91878162510545,18344000,142.52452545166017,139.49992980957032,133.07024490356446,110.65397380828857,141.90942776379524,139.79940022342993,133.84665100932722,66.49257173763276,2.9819445066613355,3.081008061990409,-0.09906355532907352,4.556144014313168,139.49992980957032,146.39299873851584,132.6068608806248,1.8276766605511625,13.747412150777269
2021-09-09 04:00:00,142.36434936523438,143.12754225665788,142.0038341746833,142.66139378468432,15314000,142.66952514648438,139.86005096435548,133.49212768554688,110.93525897979737,141.9921407822387,140.04368109407798,134.18067839583338,65.72437049860119,2.829543755378154,3.030715200667958,-0.20117144528980413,2.4988882209425745,139.86005096435548,146.5483955197613,133.17170640894966,1.758994473573996,13.610506748231193
2021-09-10 04:00:00,139.72120666503906,143.53220739667623,139.58433740573318,143.030343356749,36840000,142.61353759765626,140.04264221191406,133.86477783203125,111.20551532745361,141.5792436700206,140.01296924369333,134.3979540142336,53.82628941836523,2.46704695415346,2.9179815513650587,-0.45093459721159856,-0.2728977874335681,140.04264221191406,146.49031971030277,133.59496471352534,1.87776272781591,15.440543037217
2021-09-13 04:00:00,141.16578674316406,141.77821775342676,140.09215589506022,140.7859154673757,22094000,142.44776153564453,140.2710060119629,134.25927734375,111.47398403167725,141.5040696833194,140.12276138650006,134.66335921928967,58.272393795263476,2.2701621508318226,2.7884176712584114,-0.5182555204265888,0.17843060118378773,140.2710060119629,146.52570531289606,134.01630671102973,1.780638107568738,15.746821245173614
2021-09-14 04:00:00,141.3760223388672,142.18782475783476,140.5880403778888,141.82332937621524,19674000,142.24484100341797,140.48101959228515,134.60218307495117,111.74344692230224,141.48078834796445,140.24211957243978,134.9266009102535,58.89276615935187,2.1068078122645773,2.6520956994596445,-0.5452878871950673,0.780533033206976,140.48101959228515,146.57820345729934,134.38383572727096,1.750495654776056,15.718365904858464
2021-09-15 04:00:00,143.24557495117188,143.2663989340108,140.18883824930154,141.60116132377672,27408000,142.2182632446289,140.8662368774414,134.9639828491211,112.01658195495605,141.8016586394567,140.52816294184282,135.25283518636797,64.01610694109606,2.103952538160513,2.5424670671998184,-0.4385145290393053,0.295488801168875,140.8662368774414,146.6127732841487,135.1197004707341,1.9045782318198934,15.390397365860938
2021-09-16 04:00:00,142.4327850341797,143.1171313122396,141.23419535655154,142.77049372933465,26190000,142.05903015136718,141.27094192504882,135.3038934326172,112.29374118804931,141.91640889304267,140.7095555220654,135.53440184706648,60.486558358613514,2.012900890847021,2.436553831929259,-0.4236529410822376,-0.67810821321731,141.27094192504882,146.15759694973747,136.38428690036017,1.9731190670642096,15.107627375663437
2021-09-17 04:00:00,139.6458282470703,142.27409944382737,139.31853152816512,141.8580435231661,53384000,141.81236877441407,141.52484359741212,135.61643035888673,112.54680953979492,141.5035760483204,140.60824816254205,135.69563425490978,50.25492156605919,1.6963037494975879,2.2885038154429247,-0.5922000659453368,-2.6935320611238933,141.52484359741212,145.35949527906465,137.69019191575958,1.9779374594521866,17.099903186503855
2021-09-20 04:00:00,137.58236694335938,137.86056989011584,135.2045285382964,137.028942390243,46518000,141.31448364257812,141.58881378173828,135.87828567504883,112.78221881866455,140.7906289383275,140.32006899881037,135.7696237721039,44.28227346193153,1.264319859546049,2.0836670242635495,-0.8193471647175006,-4.4733510403302095,141.58881378173828,145.0843710644647,138.09325649901186,2.155860819302784,17.55699133891588
2021-09-21 04:00:00,137.893310546875,138.86378985932566,137.14449465996216,138.60392895402697,25332000,140.79403533935547,141.53880157470704,136.1174589538574,113.01995891571045,140.2638437762452,140.0889491462451,135.85290560640865,45.33655192017099,0.9362673573340317,1.854187090877646,-0.9179197335436144,-2.9688684606754445,141.53880157470704,145.2203965254593,137.85720662395477,2.2155827624642126,16.170615897410432
2021-09-22 04:00:00,139.133544921875,139.73209820488628,137.41574800022835,138.16208194134197,25056000,140.4560775756836,141.49030151367188,136.3741767883301,113.26342403411866,140.05833489363243,139.99795826773368,135.9815581285838,49.445481900884545,0.7675125281669466,1.6368521783355063,-0.8693396501685597,-2.4043518859042767,141.49030151367188,145.27560349992288,137.70499952742088,2.270768604947252,16.19182204999252
2021-09-23 04:00:00,140.0583953857422,140.5349557951303,139.25057328054288,139.83176813485028,20952000,140.22548217773436,141.44750366210937,136.63162857055664,113.51318218231201,140.05834589219785,140.00371418373447,136.14143409945277,52.323468755456666,0.7003278696332131,1.4495473165950477,-0.7492194469618345,-2.124000739172305,141.44750366210937,145.27929402361676,137.61571330060198,2.2054860495580653,16.237501833905615
2021-09-24 04:00:00,141.04920959472656,141.16377175943416,139.091392141108,139.38645403348636,22984000,140.35828247070313,141.48591003417968,136.9333346557617,113.76930770874023,140.23850292902125,140.10328517525753,136.33389588358116,55.261876028869395,0.7187486823860638,1.3033875897532508,-0.5846389073671869,-1.0272127489630356,141.48591003417968,145.2837218853078,137.68809818305155,2.2292189456649902,16.35572449775693
2021-09-27 04:00:00,139.9156036376953,140.77500156753678,138.91933644415815,139.65029458618613,21882000,140.23326416015624,141.34051284790038,137.2130628967285,114.02806407928466,140.179793966962,140.08541074310875,136.4743550111935,51.361557287177035,0.6345599700801472,1.16962206581863,-0.5350620957384828,-1.7200554341430196,141.34051284790038,145.14535221203926,137.5356734837615,2.3143352765159597,15.17290550219353
2021-09-28 04:00:00,134.71658325195312,137.95630206318702,134.25043470064762,137.5184232831249,45772000,139.56732025146485,140.9060806274414,137.43625869750977,114.26335697174072,139.18648292786946,139.57409383918917,136.40542278534093,38.085293639994774,0.14663203114787393,0.965024058884479,-0.818392027736605,-3.581863864863255,140.9060806274414,145.59882040033364,136.2133408545492,2.6198103584705956,19.72577927390972
2021-09-29 04:00:00,133.2521514892578,136.02671987866174,132.76766100224003,135.8571164274214,30848000,138.56797790527344,140.39312057495118,137.59780288696288,114.48955478668213,138.10751357539462,138.97200409157668,136.2817650874553,35.31616267080615,-0.3541394807793097,0.7011913509517212,-1.0553308317310308,-5.6059158784020795,140.39312057495118,146.03387846442214,134.75236268548022,2.7723354152168196,19.860298364546452
2021-09-30 04:00:00,132.58021545410156,134.43141608042833,132.46120397036233,133.1609261171282,37996000,137.5827209472656,139.8208755493164,137.71933807373046,114.71798179626465,137.10255028061405,138.36326231657904,136.13660627830419,34.09133858464395,-0.7960477908683004,0.40174352258771695,-1.1977913134560172,-6.22156907462198,139.8208755493164,146.18586232252744,133.45588877610538,2.6310741380113165,19.680358566896423
2021-10-01 04:00:00,135.42372131347656,135.7882166913334,132.97396732571667,133.3453939422307,35360000,137.16051025390624,139.48643951416017,137.88043670654298,114.9584394454956,136.7973086502254,138.08330603056928,136.1086500051737,43.086811588589676,-0.9063681043967904,0.14012119719081548,-1.0464893015876058,-5.460450446976495,139.48643951416017,146.0444199193816,132.92845910893874,2.7132877200716115,21.3146768327367
2021-10-04 04:00:00,132.5638427734375,134.84597552340657,129.97573673510337,134.84597552340657,51202000,136.65865783691407,138.9865707397461,137.8932208251953,115.18556217193604,136.0275875817185,137.5576428632234,135.96963795687034,37.53765704427568,-1.210610876259551,-0.13002521749925786,-1.0805856587602933,-6.92884173989432,138.9865707397461,146.06142560056816,131.91171587892404,2.9881591628164137,22.21006438940714
2021-10-05 04:00:00,134.907958984375,136.09961730477488,132.94221157443644,132.94221157443644,32404000,136.36012268066406,138.57707901000975,137.93265411376953,115.42854133605957,135.82401874583786,137.3052920176188,135.92800348736074,43.91375604855064,-1.2481865595956663,-0.35365748591853957,-0.8945290736771268,-3.39277536763416,138.57707901000975,145.59785591655947,131.55630210346004,3.0208887232898514,23.337679428219037
2021-10-06 04:00:00,136.43734741210938,136.62082849904496,133.44706273306846,133.64542025587158,24364000,136.0905029296875,138.27329025268554,138.04502563476564,115.68271064758301,135.93553304879632,137.2226306266179,135.94797775891954,47.66723356999284,-1.1413993536198461,-0.5112058594588009,-0.6301934941610452,-0.8322429368593398,138.27329025268554,145.10007920393053,131.44650130144055,3.1039163069581486,23.864528934509103
2021-10-07 04:00:00,138.08372497558594,138.89402904291944,137.5144251902741,137.75344695669483,25110000,135.89303588867188,138.05925903320312,138.1071322631836,115.9430439376831,136.32611339912168,137.3046396122339,136.03173255173,51.43510632313105,-0.9133918013828861,-0.591643047843618,-0.32174875353926813,0.1380882277434381,138.05925903320312,144.60877823052863,131.5097398358776,3.056946887300685,24.387203876140834
2021-10-08 04:00:00,138.63963317871094,139.1806480726918,138.0762809330974,138.43283107162404,26526000,135.6520782470703,138.00518035888672,138.18663482666017,116.20971233367919,136.746753359047,137.43178185666028,136.13400316455275,52.67412961738399,-0.6799984288524001,-0.6093141240453744,-0.0706843048070257,-0.3549911298827313,138.00518035888672,144.5146589912413,131.49570172653213,2.8185945609307197,23.584889023200674
2021-10-11 04:00:00,137.77529907226562,139.55856466782143,137.72074204736637,138.15020647249565,17954000,135.43804779052735,137.8356559753418,138.26969818115234,116.47007301330567,136.9337616705413,137.46449778195603,136.1983677099533,50.516134816736475,-0.5583408328956523,-0.5991194658154301,0.04077863291977779,-1.630103148896267,137.8356559753418,144.17287892128692,131.4984330293967,2.827060805294402,23.32722813196348
2021-10-12 04:00:00,135.3304901123047,138.36342140161824,134.64712752694697,138.33663473843401,36332000,135.4994384765625,137.53337936401368,138.30132690429687,116.71673931121826,136.64225775086192,137.26125895627496,136.1643332943592,44.91137118460854,-0.6516896894746083,-0.6096335105472657,-0.04205617892734259,-4.054414412426233,137.53337936401368,143.73484122366946,131.3319175043579,2.927056781723926,24.031321641225052
2021-10-13 04:00:00,136.45423889160156,136.86881181255762,135.39994880842988,136.27620589743762,19654000,135.81964721679688,137.19381256103514,138.3400473022461,116.95915588378907,136.60807250372366,137.18439990249655,136.1757021413099,47.7793657148227,-0.627755817625598,-0.6132579719629322,-0.014497845662665765,-2.4738947308956205,137.19381256103514,142.7927855334778,131.5948395885925,2.9368361265094722,23.676772076408266
2021-10-14 04:00:00,139.9939422607422,140.17890644011712,137.68700521186503,138.33068721492134,31894000,136.56101989746094,137.07187042236328,138.4595687866211,117.22328784942627,137.22368518681793,137.4519753651866,136.32543704795432,55.617465298842724,-0.31948079664294937,-0.5545025368989356,0.2350217402559862,3.917378901244173,137.07187042236328,142.28323175984036,131.8605090848862,3.054856692951572,25.6591130277885
2021-10-15 04:00:00,140.20916748046875,140.55630449662968,139.60120099035484,140.4536525487432,30274000,137.03956451416016,137.10003738403321,138.56105987548827,117.4938293838501,137.7665001492999,137.71456509045157,136.4777402021706,56.04942592350252,-0.05714501285618212,-0.4550310320903849,0.3978860192342028,5.220940835444443,137.10003738403321,142.37566894201854,131.8244058260479,2.970944575502031,24.68004321170037
2021-10-18 04:00:00,141.60760498046875,141.62546275603327,139.9131139513097,139.92006032333015,20396000,137.94394073486328,137.30129928588866,138.70069549560546,117.76729907989503,138.46488284587605,138.08533079426275,136.678911369947,58.85174792018666,0.2605962139038809,-0.3119055828915318,0.5725017967954127,6.809002003388964,137.30129928588866,142.94844605243821,131.6541525193391,2.6886002803360225,24.232161429263872
2021-10-19 04:00:00,142.06285095214844,142.4848695628123,141.43107913400408,142.21211472454237,20164000,138.65942993164063,137.50977630615233,138.82613861083985,118.04961814880372,139.1190588651983,138.4641422378709,136.89004625552352,59.75143527232911,0.5428849310276291,-0.1409474801076996,0.6838324111353288,4.902486487802027,137.50977630615233,143.54356554835522,131.47598706394945,2.5310811055064875,24.238219079181427
2021-10-20 04:00:00,140.60690307617188,142.36934482672316,140.2176186204073,142.1630420742844,23288000,139.07638549804688,137.58344421386718,138.92456512451173,118.3212060546875,139.3895759944662,138.66821469866147,137.03580534652934,55.56695772049565,0.6417205918753837,0.01558613428891703,0.6261344575864667,6.067310764731393,137.58344421386718,143.73552457131598,131.4313638564184,2.544046398095763,24.42160196803231
2021-10-21 04:00:00,140.7229461669922,140.99073718424137,139.34830579006115,140.60690087056568,26292000,139.3403076171875,137.61667175292968,139.03578552246094,118.59763149261475,139.63200693492547,138.86390340993105,137.18039910419458,55.8324514933532,0.7210998822133092,0.15668888387379548,0.5644109983395138,4.310336637211054,137.61667175292968,143.83188988882935,131.40145361703,2.432219980734934,24.318881618576256
2021-10-22 04:00:00,136.43882751464844,139.4305952313603,134.94071143427604,138.00934325689758,50588000,139.12022705078124,137.3861526489258,139.04317443847657,118.83987678527832,139.05142885851146,138.63294380085654,137.15131786538885,45.11490806325792,0.4333209165393441,0.2120152904069052,0.22130562613243893,0.0010848221305481687,137.3861526489258,143.40418989029567,131.3681154075559,2.456094991759431,26.49210923884838
2021-10-25 04:00:00,136.3203582763672,136.868819181576,134.31393056155292,136.42251084142222,34412000,138.9747329711914,137.20639038085938,139.03761138916016,119.07570541381835,138.55487057084886,138.41269756042897,137.11873121483896,44.858470403688166,0.19346439831039675,0.20830511198760351,-0.014840713677206768,-1.2770271800898514,137.20639038085938,143.1201775548689,131.29260320684986,2.3860317123798365,26.380446705975885
2021-10-26 04:00:00,138.1665496826172,138.9346913152146,137.17078194335667,138.1219203768164,49236000,139.25833892822266,137.37888870239257,139.05742736816407,119.33106483459473,138.48426677298855,138.38925490539927,137.15982213514397,49.66051620492517,0.1506124304152081,0.19676657567312444,-0.046154145257916335,-0.3412325070738853,137.37888870239257,143.1872099009108,131.57056750387434,2.3460722318706155,23.14726268759926
2021-10-27 04:00:00,145.0189208984375,147.4314763034353,138.26226450047915,138.26226450047915,85782000,140.11480712890625,137.96722717285155,139.24698120117188,119.62536243438721,139.67238570488834,139.02065166664102,137.46802208664568,62.658768583457274,0.6619504735779742,0.2898033552540944,0.3721471183238798,5.2575620411990265,137.96722717285155,144.36897225982648,131.56548208587662,2.832375445442618,28.28764851022457
2021-10-28 04:00:00,144.65342712402344,145.95170251359744,143.4414441362277,145.92839660361173,36206000,140.58075561523438,138.57088775634764,139.45327606201172,119.91539779663086,140.57802959927653,139.557106472106,137.74980267634675,61.74299588716375,1.0258716538966723,0.43701701498261003,0.5888546389140623,6.8890144445513,138.57088775634764,145.1092501504057,132.0325253622896,2.9327962481408565,28.190102132296524
2021-10-29 04:00:00,146.83242797851562,147.02682046055673,143.46377046547764,143.8887552596137,43320000,141.24308166503906,139.1413230895996,139.69856872558594,120.22037719726562,141.71519294095634,140.2499942346212,138.10598406074553,65.02490699267831,1.473127670699597,0.6442391461260075,0.8288885245735895,7.605618683021231,139.1413230895996,146.46689228416992,131.8157538950293,3.0560267748997165,27.76949293655086
2021-11-01 04:00:00,142.32070922851562,146.8324309481015,142.05143515277334,146.8324309481015,46924000,141.31439208984375,139.62916641235353,139.81892364501954,120.50361618041993,141.82528681142165,140.44720518642066,138.2712674006581,54.583751999852026,1.4468449611212861,0.8047603091250632,0.6420846519962229,1.6620483216622128,139.62916641235353,146.38800866568596,132.8703241590211,3.1320769120894942,29.108473878235912
2021-11-02 04:00:00,144.2403564453125,145.4072108702752,143.15234864828975,143.3943518013393,33482000,141.53214263916016,140.09578628540038,139.9258596801758,120.78235736846923,142.26439038121998,140.8084576872675,138.5053493239779,57.696267869931425,1.5628990838899313,0.9563880640780369,0.6065110198118944,2.875125098653264,140.09578628540038,146.77029155308117,133.4212810177196,3.242661193625683,28.8787001749017
2021-11-03 04:00:00,145.39633178710938,145.46674894702764,143.40577957107422,144.70453956398782,27494000,142.0110855102539,140.5437355041504,140.0317153930664,121.04317436218261,142.83383427319987,141.24539807772862,138.7755839303752,59.49640553083183,1.7282284200612423,1.110756135274678,0.6174722847865644,2.675510829494776,140.5437355041504,147.3848847654634,133.70258624283738,3.1238256098712447,28.783145930564896
2021-11-04 04:00:00,147.0521240234375,148.5061103237096,145.10868328164617,145.918488091667,38412000,142.64400329589844,140.99215545654297,140.15447082519532,121.31125869750977,143.60079604597033,141.79841959636758,139.10015413010314,61.99129905712794,1.970151030842004,1.2826351143881434,0.6875159164538607,3.5120181228585956,140.99215545654297,148.3132446121722,133.67106630091374,3.2982772909990024,28.756847153428684
2021-11-05 04:00:00,147.63185119628906,149.0952508155655,146.98222150325446,147.9467383281665,38354000,143.7633056640625,141.44176635742187,140.30148620605468,121.58015636444092,144.33371516421008,142.35398451064583,139.43473048563985,62.85402471401432,2.183485716543373,1.4628052348191893,0.7206804817241839,4.996161615416228,141.44176635742187,149.24325534785277,133.64027736699097,3.326897327255249,28.756585161261317
2021-11-08 05:00:00,147.80935668945312,149.38037183168208,147.21376959274264,148.59683920952253,23052000,144.9122055053711,141.94346923828124,140.4012023925781,121.84951511383056,144.96564998698153,142.87354376577034,139.7631471995149,63.12997821313478,2.339905230817749,1.6382252340189014,0.7016799967988474,5.035717852333543,141.94346923828124,150.037254422539,133.84968405402347,3.4063838851217656,28.5499026226546
2021-11-09 05:00:00,147.6977996826172,148.60629148213926,146.03800993877508,148.00972059814333,19530000,145.8653305053711,142.56183471679688,140.48705383300782,122.11492660522461,145.4624044770971,143.33299671023195,140.0743100419895,62.81414967934736,2.426891411190354,1.795958469453192,0.6309329417371621,8.252029406189344,142.56183471679688,150.41446098929745,134.7092084442963,3.4361378377680745,27.476112456504016
2021-11-10 05:00:00,144.6975860595703,146.85625857101513,143.35271371379034,146.29092366960225,29970000,145.83319702148438,142.9740020751953,140.51077850341798,122.38740703582764,145.3233465830013,143.46295760064513,140.2556149838554,54.86451329672869,2.228052814359529,1.8823773384344595,0.34567547592506953,6.145250708789707,142.9740020751953,150.32624957176787,135.62175457862273,3.629184593099976,28.79975579425958
2021-11-11 05:00:00,144.57164001464844,146.32615178849034,144.40700036115916,145.2887206931375,16518000,145.82501831054688,143.20288696289063,140.521708984375,122.6507629776001,145.1866726614826,143.56854640197878,140.4248708674159,54.55239399118018,2.036829695716449,1.9132678098908575,0.12356188582559136,4.635774973569506,143.20288696289063,150.44876063573122,135.95701329005004,3.3532500712867637,27.522802381322
2021-11-12 05:00:00,147.45925903320312,147.62986135268545,144.219040793597,145.4136656401591,22360000,145.88770141601563,143.56539154052734,140.62864532470704,122.93496406555175,145.59987018361358,143.93909046209538,140.70072922685853,60.149945104818876,2.0941506532942924,1.9494443785715445,0.14470627472274789,1.6827722338898843,143.56539154052734,150.905460528852,136.2253225522027,3.414388066934291,28.271563590479843
2021-11-15 05:00:00,147.23509216308594,148.32359927216987,146.36528227383033,147.67991725355816,23508000,146.37913970947267,143.8467658996582,140.72212280273436,123.20175155639649,145.89718327079035,144.25299538599924,140.95697875376942,59.53690410283835,2.097313013287021,1.9790181055146399,0.11829490777238116,1.7847244205621449,143.8467658996582,151.3013901010434,136.392141698273,3.367529778326587,28.172154125836247
2021-11-16 05:00:00,146.663818359375,147.54304137580007,146.10493053390076,146.93507493624477,18904000,146.6214859008789,144.07681427001953,140.79344329833984,123.45922348022461,146.0365714687148,144.48259757393978,141.18077638536178,57.916896205728115,2.0303179433182095,1.9892780730753539,0.0410398702428556,-0.11483132265939222,144.07681427001953,151.583432281939,136.57019625810005,2.8084715084038163,28.2473556709941
2021-11-17 05:00:00,146.8334197998047,147.34171568581732,146.0330433290407,146.81407891963306,19594000,146.76519470214845,144.38814010620118,140.87984924316407,123.68288986206055,146.18145298345843,144.70648540497453,141.40244867612427,58.279846117977165,1.9682208616011962,1.9850666307805225,-0.01684576917932623,3.1708038807221506,144.38814010620118,151.80475525439974,136.97152495800262,2.722643935504306,27.89299957153326
2021-11-18 05:00:00,148.6102294921875,149.3461514524102,146.67225222682112,147.026320462845,35608000,146.92100524902344,144.78250427246093,141.00476684570313,123.91674201965333,146.62304871231825,145.07827055613765,141.68510674734245,61.97943573567069,2.038879239003279,1.995829152425074,0.04305008657820508,3.0295772657299214,144.78250427246093,152.2172914456718,137.34771709925005,2.6591331662550197,28.099537194845105
2021-11-19 05:00:00,147.7056884765625,149.72897425737744,147.67841753712597,148.7460854096611,33682000,146.9283889770508,145.34584732055663,141.1644564819336,124.13734359741211,146.8198923058172,145.32850083427334,141.92120799162558,59.10593839026652,1.9988461574992016,1.9964325534398997,0.0024136040593019104,1.5883183991426408,145.34584732055663,151.75541652740358,138.93627811370968,2.464101803749543,25.476272197568324
2021-11-22 05:00:00,145.10272216796875,148.6013025990791,144.94949337082977,148.10838258410493,30594000,146.65772552490233,145.78496551513672,141.24319519042967,124.34599906921386,146.50767955348113,145.3069981041491,142.04597325344295,51.680608298776555,1.7370582979999085,1.9445577023519014,-0.20749940435199288,-1.3256536540458552,145.78496551513672,150.59472323546615,140.9752077948073,2.5044809170702393,26.579581371019344
2021-11-23 05:00:00,144.5869598388672,145.45776842701397,142.93363270451323,144.9549207712841,27218000,146.34664154052734,146.10598602294922,141.30741394042968,124.55433948516846,146.15845778718767,145.23842303126509,142.1456197862047,50.331368503603166,1.4710148798542093,1.8498491378523632,-0.37883425799815384,-2.0624894511235503,146.10598602294922,149.38973480440848,142.82223724148997,2.5375642275379056,26.394389155343816
2021-11-24 05:00:00,144.92221069335938,145.0506504792178,143.18953724894834,144.2810105888424,18040000,146.36910400390624,146.1011505126953,141.34094665527343,124.76160640716553,145.9336855883098,145.20830757051218,142.25450570413233,51.222790678068456,1.2725562599576108,1.7343905622734128,-0.461834302315802,-1.953290414597797,146.1011505126953,149.39191668764988,142.81038433774074,2.4278275266954785,19.658849211719932
2021-11-26 05:00:00,141.0175018310547,143.37253416299765,140.67979308519273,143.16524773270095,30470000,146.01369018554686,145.9193542480469,141.31264099121094,124.94878688812256,145.0398339960816,144.80918321437338,142.20599574832536,41.810593453132164,0.791079924755536,1.5457284347698375,-0.7546485100143014,-4.5229501495063325,145.9193542480469,149.88034848416078,141.958360011933,2.579926690685166,21.86812704115618
2021-11-29 05:00:00,144.33755493164062,145.0982659592094,142.7139652055701,142.81959849591408,32596000,145.70151977539064,145.79461059570312,141.40647552490233,125.15101051330566,144.91214689345594,144.7642662350655,142.28958630453383,50.19119116653688,0.6696872607578541,1.3705201999674408,-0.7008329392095867,-0.2488162641368974,145.79461059570312,149.79150870146137,141.79771248994487,2.7166525399148287,22.887049206037133
2021-11-30 05:00:00,140.73434448242188,144.80320881089577,140.44076564760365,143.81983548713401,42068000,145.05144500732422,145.71529235839844,141.4695150756836,125.33133270263671,144.1525464550861,144.38046416338514,142.22859642915688,42.959789391453626,0.2795116931780228,1.1523184986095572,-0.8728068054315343,-2.6542519209422744,145.71529235839844,150.05105911496761,141.37952560182927,2.8448069413382524,21.958716437541447
2021-12-01 05:00:00,139.895263671875,144.75410739029755,139.75691130496085,142.8195956469263,34020000,144.3745895385742,145.49803771972657,141.5095541381836,125.50549575805664,143.37849503995682,143.95330221181274,142.1370931837733,41.46168931580864,-0.09630195511959982,0.9025944078637258,-0.9988963629833256,-5.129549280879642,145.49803771972657,150.52528882374932,140.47078661570382,2.89138623537467,21.397223984914802
2021-12-02 05:00:00,141.7940673828125,142.68520065080236,139.06511173639353,140.09213056944827,29194000,143.870654296875,145.31792449951172,141.56276458740234,125.6923291015625,143.0904172841124,143.747660799527,142.12364119157874,46.04686843230937,-0.2381738683820629,0.6744407526145682,-0.912614620996631,-3.695467364700422,145.31792449951172,150.61157892556704,140.0242700734564,3.0128817701659307,21.810036100248016
2021-12-03 05:00:00,140.83746337890625,143.21630064924545,139.15090244069415,142.50320033510963,41230000,143.09337768554687,145.00719146728517,141.57834594726563,125.87859455108642,142.68078930134763,143.47049914042026,142.07320284598376,44.169807242542255,-0.422923135570187,0.45496797497761715,-0.8778911105478042,-3.9725919082457373,145.00719146728517,150.59371990885055,139.4206630257198,3.0596373165561346,21.371357134701068
2021-12-06 05:00:00,141.98150634765625,142.67328324398704,139.0011345584632,141.8679430077585,30618000,142.52095947265624,144.72467422485352,141.59699188232423,126.07914691925049,142.553646946131,143.32869030301416,142.06960690487287,46.95477061356931,-0.4715873885885742,0.2696569022643789,-0.7412442908529531,-3.304365898964712,144.72467422485352,150.32380549280188,139.12554295690515,3.1820538656407273,21.57789312467425
2021-12-07 05:00:00,146.06231689453125,146.32167843600868,144.03704800153227,144.4030265379746,32240000,142.6169189453125,144.63732223510743,141.71992614746094,126.29865028381347,143.19158693674922,143.58903569268247,142.2261837672124,55.484749594080704,-0.1788056926147874,0.17996438328854564,-0.35877007590333304,-1.7144934143246138,144.63732223510743,150.0863241068506,139.18832036336426,3.3893439546730924,24.156731723927848
2021-12-08 05:00:00,146.97177124023438,147.17659085728474,145.20587927665102,146.38661124962783,24270000,142.85540008544922,144.60102081298828,141.96502990722655,126.5168270111084,143.87889317374652,143.91120098292552,142.4122852367427,57.13893336893444,0.12516841235085963,0.16900518910100845,-0.043836776750148826,-0.4968781120739174,144.60102081298828,149.97330790269524,139.22873372328132,3.436632470662886,24.27319277598958
2021-12-09 05:00:00,146.4282684326172,147.87779015183264,145.90906116663706,146.38115719853195,23270000,143.006005859375,144.68755493164062,142.22855224609376,126.74911212921143,144.34241594808663,144.15092169241998,142.56977477383583,55.8043414340829,0.3185419924160158,0.1989125497640099,0.11962944265200587,0.9135226719688916,144.68755493164062,150.12178797529182,139.25332188798942,3.386263167777636,23.130931633397765
2021-12-10 05:00:00,146.7882843017578,147.75628168931388,145.501419679147,147.481060069157,24458000,143.5830841064453,144.7983871459961,142.51271362304686,126.98171955108643,144.78711928511774,144.4020990837855,142.73520652002887,56.52865067091187,0.4951346160176797,0.2581569630147439,0.23697765300293583,1.522491700042572,144.7983871459961,150.31249677387157,139.2842775181206,3.4008564027715926,23.13122610327242
2021-12-13 05:00:00,144.63113403320312,146.75705697342113,144.32466128723686,146.5700951293805,27070000,143.61244201660156,144.6569808959961,142.6968618774414,127.19170154571533,144.75875833022417,144.42391193611095,142.80955661858474,51.12236726719568,0.4557677371198565,0.2976791178357664,0.15808861928409013,-0.20085027599540117,144.6569808959961,150.0269459757006,139.28701581629159,3.315985958933851,22.59955811786083
2021-12-14 05:00:00,142.7273712158203,143.29567231486587,140.05743659724035,142.78787579064948,38446000,143.8117446899414,144.4315948486328,142.90013244628906,127.39344913482665,144.38941521851436,144.2623366294166,142.8063336616136,46.86270949740152,0.26786368717085907,0.29171603170278493,-0.023852344531925862,1.2125228163622825,144.4315948486328,149.723778796431,139.13941090083463,3.4623832241811385,23.017881863133713
2021-12-15 05:00:00,145.24058532714844,145.51828889506476,140.51662819810505,142.2334415962049,36370000,144.34627685546874,144.36043319702148,143.10678497314453,127.62092155456543,144.54417342008418,144.35550317205772,142.9017945112424,52.490588315656076,0.31807715336037745,0.29698825603430345,0.021088897326073996,0.6256378639194038,144.36043319702148,149.56376444033998,139.15710195370298,3.6867080432304413,23.96192313234477
2021-12-16 05:00:00,143.26095581054688,146.46645697869997,142.42981251292935,145.96410864255435,33650000,144.4929656982422,144.1818099975586,143.24325714111328,127.83291194915772,144.31086112744103,144.25126056619953,142.91587926807787,48.16343850851971,0.19587421354225398,0.27676544753589355,-0.08089123399363957,1.795305429827465,144.1818099975586,149.2717314935853,139.09188850153188,3.672009961630725,24.406942483361142
2021-12-17 05:00:00,140.56324768066406,142.65545262972856,140.1417284945182,141.33188874138816,50416000,144.46554412841797,143.77946090698242,143.29284759521485,128.01575820922852,143.62947686439065,143.90002124376758,142.82361920582636,42.96544718442423,-0.11730280338329635,0.19795179735205556,-0.31525460073535194,0.47748865205030633,143.77946090698242,148.66348593335772,138.89543588060712,3.603328760764579,24.653304839721894
2021-12-20 05:00:00,140.44622802734375,140.61236590947718,138.17897107600302,138.8524060930421,27192000,144.31201629638673,143.41648788452147,143.3289794921875,128.22022830963135,143.05070434856393,143.57108855648912,142.7303881792192,42.749920075937176,-0.370667529121107,0.08422793205742307,-0.4548954611785301,-0.9505611767450683,143.41648788452147,148.14857916312283,138.6843966059201,3.4655395943490106,24.627121930190548
2021-12-21 05:00:00,142.2964324951172,142.68968194664052,139.35077693447047,140.88905801007334,28756000,143.9354278564453,143.27617340087892,143.41940216064452,128.42580181121826,142.9135640115736,143.44969274112034,142.71337030925443,47.25506655800977,-0.41735386633976645,-0.01608842762201483,-0.4012654387177516,1.0359240227763467,143.27617340087892,147.96395465830676,138.58839214345107,3.3470902319799642,24.528752194006493
2021-12-22 05:00:00,145.2147979736328,145.2991078691126,141.89474965551238,141.89474965551238,26322000,143.75973052978514,143.30756530761718,143.6170883178711,128.64700103759765,143.33197018649346,143.61779800135963,142.81146551177906,53.47421806959298,-0.21637122779654305,-0.056144987656920484,-0.16022624013962256,2.2772625175982553,143.30756530761718,148.04049668857323,138.57463392666114,3.33168089620792,25.640551739249105
2021-12-23 05:00:00,145.71218872070312,147.028306818594,145.25148836497797,145.29909901208103,26384000,143.68812255859376,143.34706420898436,143.80224731445313,128.85473159790038,143.7647371927134,143.81726378415425,142.92521936310942,54.45978954986095,-0.016762534267940055,-0.0482684969791244,0.031505962711184346,-0.23971150209876058,143.34706420898436,148.1494094297645,138.54471898820424,3.170831655951482,25.65487847859163
2021-12-27 05:00:00,146.694091796875,147.12800557147986,145.9631335339908,146.04892654418316,15976000,143.67870330810547,143.6308937072754,143.93625030517578,129.0799031829834,144.29734712074278,144.09124740441337,143.07301828208062,56.42231027337865,0.21814551983533192,0.005014306383766862,0.21313121345156505,-0.1889338619356251,143.6308937072754,148.52367071042895,138.73811670412184,3.0096650963266893,23.597690270737704
2021-12-28 05:00:00,145.48455810546875,147.08334356217858,144.8572507717245,147.0208564815043,18200000,143.76404571533203,143.6882438659668,144.04175811767578,129.29792613983153,144.51320366342023,144.22394366165673,143.1675884712331,53.37118461941871,0.30321728462072883,0.06465490203115926,0.23856238258956958,-0.6444864350647617,143.6882438659668,148.64240082570888,138.73408690622472,2.8586594321910934,22.43185752958246
2021-12-29 05:00:00,145.4528350830078,146.208597395199,144.45360165448406,145.44242309096177,17788000,144.03659210205078,143.9241683959961,144.11866271972656,129.50848838806152,144.68404573970886,144.34098093988067,143.25720598542037,53.2897902222027,0.3638828730782677,0.12450049624058096,0.23938237683768676,-0.9097791592172833,143.9241683959961,148.73331518608867,139.11502160590354,2.843251157911181,20.32877262933376
2021-12-30 05:00:00,145.00205993652344,146.09254961389885,144.79775486353165,145.49151435657527,15688000,144.0127395629883,144.17950820922852,144.17744689941406,129.71721080780029,144.74186650276604,144.40394084432285,143.32563163056167,52.07449217490524,0.3713068082120401,0.1738617586348728,0.1974450495771673,0.25646338583997785,144.17950820922852,148.6158011026911,139.74321531576592,2.7951129982805827,20.210184999703372
2021-12-31 05:00:00,143.66464233398438,145.49600304604013,143.66464233398438,144.85282030166462,18136000,144.05310821533203,144.2730369567871,144.2386016845703,129.9343413543701,144.54600756298754,144.33353146238585,143.3389261679508,48.53769850760817,0.2662032813113058,0.1923300631701594,0.07387321814114636,0.6566863175436755,144.2730369567871,148.57439796354197,139.97167595003225,2.76486290555836,20.079045891422094
2022-01-03 05:00:00,143.802978515625,144.65543012836076,142.53495522830957,143.86594988262885,28646000,144.37708129882813,144.42131271362305,144.30020233154298,130.150770072937,144.41091137255796,144.2830026103134,143.35712429923214,48.92411355165482,0.1918589225164169,0.1922358350394109,-0.00037691252299401623,-0.989810670540392,144.42131271362305,148.41765791372558,140.42496751352053,2.7403523259533773,19.883788767935602
2022-01-04 05:00:00,143.21583557128906,145.2842353697018,142.53843558316575,144.2041576289817,28400000,144.65404205322267,144.4830291748047,144.4357424926758,130.36333824157714,144.19362486323632,144.18136765421582,143.351583564803,47.30071457189757,0.08458787750197416,0.17070624353192357,-0.0861183660299494,-0.03149514046065782,144.4830291748047,148.35697786500586,140.60908048460354,2.609788208137183,19.785140012705003
2022-01-05 05:00:00,136.6456298828125,143.3150106060316,136.55935260045507,143.23616397542605,54618000,144.08896179199218,144.01219482421874,144.4422479248047,130.54041725158692,142.8212621395229,143.4636783426536,143.08860498903869,33.78928930570942,-0.5245393252510837,0.031657129775322104,-0.5561964550264058,-2.7870854312869398,144.01219482421874,149.15811811418612,138.86627153425135,2.7350737301812416,23.111127868265015
2022-01-06 05:00:00,136.61834716796875,138.7928795446468,135.43909829641714,135.8754939287169,37348000,143.22931671142578,143.49452362060546,144.41128387451172,130.71954174041747,141.69345941742213,142.81174204030265,142.8348693882124,33.7461819476557,-0.9979744804411439,-0.1742691922679711,-0.8237052881731728,-2.725513467424512,143.49452362060546,149.41207507023262,137.5769721709783,2.686297786071173,22.873936593843858
2022-01-07 05:00:00,135.8938446044922,137.31361360301065,134.6535916733449,137.01308839091683,29760000,142.2474822998047,142.96780242919922,144.22878234863282,130.8950611114502,140.6389839968894,142.15289466546355,142.56267233787042,32.55830576953949,-1.4153216073153203,-0.422479675277441,-0.9928419320378793,-4.499471826775913,142.96780242919922,149.61607059497985,136.3195342634186,2.6534974013309642,22.882446646509543
2022-01-10 05:00:00,137.53280639648438,137.68158591115076,132.0729417434719,133.9707545272893,44408000,141.33135375976562,142.50502853393556,144.08636993408203,131.08069190979003,140.07422443317938,141.7128862588941,142.3654226931102,37.88498686691073,-1.5954305625442942,-0.6570698527308116,-0.9383607098134825,-5.290088671640259,142.50502853393556,149.31998711501916,135.69006995285196,2.88030092520273,23.467456166967224
2022-01-11 05:00:00,138.59056091308594,139.06663719581033,135.5720211712193,136.87574497844983,28730000,140.64195404052734,142.2029998779297,143.92153259277345,131.2663896179199,139.80446742952603,141.4155219402457,142.21738889781514,41.117322976610694,-1.6339807448033525,-0.8524520311453199,-0.7815287136580327,-4.8874619687908964,142.2029998779297,149.15525347959152,135.25074627626788,2.8914231403756583,23.35127604969248
2022-01-12 05:00:00,140.27114868164062,141.4390018146242,139.54118939726052,139.9929457226333,26108000,140.12378540039063,142.0801887512207,143.88054138183594,131.4603216934204,139.88931856627414,141.30653401085473,142.1410657520828,45.93153248416923,-1.5114990343261638,-0.9842614317814886,-0.5272376025446752,-4.378460670473439,142.0801887512207,149.08005529823996,135.08032220420145,2.851714760942662,23.476793038850044
2022-01-13 05:00:00,137.4509735107422,141.67902912526233,137.27442366179454,140.37975480829834,31436000,139.3686767578125,141.6907081604004,143.74475372314453,131.63617328643798,139.44598310163195,140.9393377727488,141.9571405661479,40.01864767781648,-1.623283758732498,-1.1120658971716906,-0.5112178615608074,-5.521950026409417,141.6907081604004,148.8158859062816,134.56553041451917,3.0367930908359915,23.379270839775167
2022-01-14 05:00:00,138.33712768554688,139.5882918033961,135.87547885508806,135.95530916112932,29662000,138.83592529296874,141.44451675415038,143.60356964111327,131.79977851867676,139.2443730259801,140.6915082406343,141.81517927671257,42.52247529758519,-1.6216750615310218,-1.2139877300435569,-0.40768733148746494,-4.892106361075809,141.44451675415038,148.68064497481043,134.20838853349034,3.200864240659655,23.214052675272924
2022-01-18 05:00:00,134.88320922851562,136.00741694604665,134.32830144930435,135.05876027547475,34872000,137.9439483642578,141.16051483154297,143.36019134521484,131.92400192260743,138.45143415371385,140.1383369061468,141.54333731403818,36.182665784716924,-1.8774603174294384,-1.3466822475207332,-0.5307780699087052,-6.978418591044477,141.16051483154297,148.9657539579635,133.35527570512244,3.3282023439302577,23.908454943832965
2022-01-19 05:00:00,134.00889587402344,136.82859294560305,133.90872587033735,135.40435982173292,28648000,137.02325439453125,140.83864822387696,143.08773223876952,132.04625888824464,137.64369992104287,139.55458061737315,141.2478690222729,34.76949150002213,-2.1262121066833686,-1.5025882193532603,-0.6236238873301083,-6.721031913693654,140.83864822387696,149.27343628111717,132.40386016663675,3.4114074392553113,23.9574553952811
2022-01-20 05:00:00,132.21475219726562,136.49786462490957,131.87456152295866,135.1331368955776,29908000,136.58016662597657,140.33456420898438,142.7758401489258,132.15216354370116,136.65661851671973,138.85554933926767,140.89362914678242,32.00691816813145,-2.439995344766885,-1.6900696444359853,-0.7499257003308997,-8.058404935680974,140.33456420898438,149.56958074246734,131.0995476755014,3.649158035797005,23.543578564985204
2022-01-21 05:00:00,129.28297424316406,133.75996411235568,129.02014712662628,131.506600309101,55652000,135.84662933349608,139.53797302246093,142.4075436401367,132.2405827331543,135.3159559215278,137.94387552059112,140.43830934664052,28.080640381961103,-2.8919047231393904,-1.9304366601766665,-0.9614680629627239,-9.728575944515294,139.53797302246093,149.70226633500374,129.37367970991812,3.856904912487979,22.612413916292784
2022-01-24 05:00:00,129.7317657470703,130.12749709636913,123.47944046052136,124.94532175448224,76622000,135.2304214477539,138.73895187377929,142.1082272338867,132.32622734069824,134.30064861708098,137.16176982787485,140.01844489175542,29.50620301199143,-3.177207566588123,-2.1797908414589577,-0.9974167251291655,-5.059703805874749,138.73895187377929,149.36174904530327,128.1161547022553,4.18030360790202,22.614890364624586
2022-01-25 05:00:00,125.89447784423828,128.3382842647663,125.46354548795776,127.68468965184117,46960000,134.06658859252929,137.69897117614747,141.73468399047852,132.39914459228515,132.77225393110956,136.08869440086184,139.4645638310685,24.95201855832842,-3.6706363784438167,-2.4779599488559296,-1.192676429587887,-7.849508902743308,137.69897117614747,149.08754540113225,126.3103969511627,4.28904792737177,23.618950835929873
2022-01-26 05:00:00,128.1736297607422,131.9097485375021,126.09976709115335,130.04417107706672,49130000,133.02489547729493,136.83342475891112,141.3489714050293,132.48102531433105,131.93614044558822,135.33487872085044,139.0217821028204,31.695443655264796,-3.8335826009065386,-2.7490844792660516,-1.084498121640487,-5.681062940134662,136.83342475891112,148.3610260697115,125.30582344811073,4.236163119349435,25.30193499571427
2022-01-27 05:00:00,127.94750213623047,131.5650937262965,127.8755867605392,130.22765236966427,31950000,131.79253082275392,135.95815811157226,140.9632196044922,132.56487968444824,131.21093348025045,134.63131904612473,138.58749661393452,31.394036394806065,-3.9355981401087092,-2.9863872114345833,-0.9492109286741259,-6.969467512079309,135.95815811157226,147.38803690957485,124.52827931356967,4.260143527744266,25.259434857177165
2022-01-28 05:00:00,132.2578887939453,132.26335206297418,127.43177919070502,128.59615164447928,34362000,131.27322235107422,135.32094955444336,140.6751010131836,132.65953983306883,131.40128899183134,134.40527806972668,138.33927669942514,42.599284412508304,-3.6268262150492774,-3.114475012157522,-0.5123512028917552,-4.569338689026614,135.32094955444336,146.02588449363884,124.61601461524788,4.415254309358795,28.974030874103384
2022-01-31 05:00:00,134.1943817138672,134.36250208787934,131.12574979400958,133.06224407236246,39986000,130.85894775390625,134.8474365234375,140.42232025146484,132.76450233459474,131.90912403220148,134.38519270250197,138.17673179803072,46.802980160841116,-3.1891014685838854,-3.1294003034427953,-0.05970116514109014,-4.332157414327065,134.8474365234375,144.81049361438838,124.88437943248661,4.245833461229572,29.680137782793214
2022-02-01 05:00:00,136.5157012939453,136.6634819687619,133.26705377749363,136.46660753981268,68644000,131.0221969604492,134.48307266235352,140.1804296875,132.8793332672119,132.7466835343367,134.58809828263944,138.11159334689012,51.3978494339244,-2.624635202502702,-3.028447283254777,0.40381208075207464,-0.6804405912219869,134.48307266235352,143.5607846491084,125.40536067559863,4.238820044563659,30.540611645272815
2022-02-02 05:00:00,146.7867889404297,150.30421054385434,144.32960458845056,150.01014748135128,123200000,132.29998626708985,134.66162033081054,140.16205169677735,133.0481851196289,135.29942997180814,135.74987834528613,138.4517970956564,65.56892058701719,-1.3331331566796223,-2.689384457939746,1.3562513012601238,6.108021321716084,134.66162033081054,144.56542886642728,124.75781179519379,5.020253498018714,41.11555538480725
2022-02-03 05:00:00,141.91705322265625,148.4480810526987,141.49603343553346,144.51112229924576,71518000,133.2702163696289,134.92519149780273,140.09833831787108,133.19285190582275,136.50263419923505,136.3372283336071,138.58768949279366,57.07230030231568,-0.6945491249690576,-2.2904173913456085,1.5958682663765509,5.214766192450293,134.92519149780273,145.31973843881676,124.53064455678869,5.202213651854247,39.383318974692415
2022-02-04 05:00:00,142.118408203125,143.6874410729593,139.36317994593287,142.26867081780298,57998000,134.553759765625,135.20019454956054,140.04896728515624,133.3449301147461,137.52368401812413,136.8878168926088,138.72614905006154,57.31858005123519,-0.17025640510178164,-1.8663851940968432,1.6961287889950616,6.051473132593377,135.20019454956054,146.06379321564455,124.33659588347652,5.245888521762704,39.37453022725857
2022-02-07 05:00:00,138.05995178222656,143.06756034988416,137.76140907718417,143.06756034988416,54974000,135.38657836914064,135.30849990844726,139.91172210693358,133.46496067047119,137.62118724796093,136.99944878685812,138.7000236670092,50.971139764602924,-0.08129702105975412,-1.5093675594894256,1.4280705384296715,4.420988950037774,135.30849990844726,146.24416724938246,124.37283256751208,5.33855459579538,40.80628333437432
2022-02-08 05:00:00,138.25631713867188,138.8523885484705,135.8908729676065,137.8868730262489,54284000,136.62276229858398,135.34467544555665,139.85649841308594,133.58349353790283,137.73666540990837,137.11915053464992,138.68262341099597,51.25242367788513,0.0049914367073427,-1.206495760250072,1.2114871969574148,6.940854314374101,135.34467544555665,146.31605265211186,124.37329823900144,5.341529489052401,40.60149348931556
2022-02-09 05:00:00,140.43133544921875,141.35620183871598,139.03785374463664,139.80799308806806,40144000,137.84853286743163,135.43671417236328,139.7783740234375,133.71760013580322,138.2266054170557,137.4345967169898,138.75120035367138,54.374768810441445,0.24604520546645858,-0.915987567106766,1.1620327725732245,8.24745554069517,135.43671417236328,146.55267448147558,124.32075386325099,5.232713888916201,40.887911145329994
2022-02-10 05:00:00,137.48367309570312,140.3246936120616,136.82611353380625,138.55830248421256,39330000,138.8021499633789,135.2973403930664,139.71336059570314,133.82009288787842,138.0915268131734,137.43927065781963,138.7014934023785,49.72626472288803,0.1969599054335447,-0.6933980725987039,0.8903579780322486,9.205483393642933,135.2973403930664,146.22640841682377,124.36827236930905,5.151671383893565,41.37631466310949
2022-02-11 05:00:00,133.1817626953125,138.01580259283259,132.30648944702975,137.46387619119915,39958000,138.89453735351563,135.08387985229493,139.57909057617186,133.8927152633667,137.19884242810778,137.03379370900944,138.4850333746504,43.83623663679832,-0.18691413542606483,-0.5921012851641761,0.4051871497381113,3.9073036660651983,135.08387985229493,146.00260093330218,124.16515877128768,5.084618277461785,42.253754106710744
2022-02-14 05:00:00,134.41506958007812,135.1827270188193,132.16417235989616,132.16417235989616,34302000,138.9166061401367,134.88777694702148,139.4315106201172,133.98123863220215,136.6927019102842,136.78439141101597,138.32542695133387,45.8176885403288,-0.3871566195321918,-0.5511123520377793,0.16395573250558748,5.0548602636739215,134.88777694702148,145.70085179516113,124.07470209888184,4.9953564488768265,42.333408351096615
2022-02-15 05:00:00,135.48866271972656,136.97636653223162,134.70811157696969,136.4427672003111,26680000,138.81390228271485,134.91804962158204,139.32453460693358,134.07771362304686,136.47378569381917,136.6609886785122,138.21418129519242,47.55231865777762,-0.45398695782537857,-0.5316872731952992,0.07770031536992061,2.4427835309050794,134.91804962158204,145.7344602100864,124.10163903307767,4.748644038797517,41.477157556320634
2022-02-16 05:00:00,136.60894775390625,136.9540871557712,133.81800399557383,135.52638804007637,25022000,137.7961181640625,135.04805221557618,139.21708343505858,134.18877830505372,136.498360613835,136.6560323999783,138.15123096024,49.373692506702014,-0.411805801820492,-0.5077109789203378,0.0959051770998458,1.7993048659723065,135.04805221557618,145.88094139678884,124.21516303436351,4.709113766971806,41.4762808255761
2022-02-17 05:00:00,131.4525604248047,135.98955606011734,131.3925552622797,135.12619300415574,38950000,136.74966888427736,135.00994262695312,138.92488830566407,134.27209228515625,135.58094239764768,136.16046364043797,137.88853799806608,42.122796434768794,-0.7854006853139879,-0.5632489201990678,-0.22215176511492007,-3.7088340909875894,135.00994262695312,145.89005962969,124.12982562421624,4.736600882640191,43.471970492176276
2022-02-18 05:00:00,129.3340606689453,132.97100892915242,129.12925617493363,132.37293985364457,45620000,135.4712341308594,135.0124969482422,138.5721340942383,134.33921501159668,134.44514571970177,135.51033002410534,137.55306829888488,39.55275358033313,-1.2381499257228938,-0.6982291213038331,-0.5399208044190608,-11.889849486773086,135.0124969482422,145.8869753469525,124.13801854953186,4.779815201236551,43.11265355844411
2022-02-22 05:00:00,128.74937438964844,131.09696037872362,127.17239674726402,128.77366398895006,44990000,134.54017639160156,134.9633773803711,138.21855621337892,134.3997992324829,133.40955093241934,134.8664294874904,137.20782540048344,38.84826498840628,-1.6253996614205164,-0.8836632293271698,-0.7417364320933466,-9.27843309454065,134.9633773803711,145.94661973200616,123.98013502873604,4.8175391612502185,43.12962770435809
2022-02-23 05:00:00,126.54212188720703,130.96853484878528,126.4821167334988,130.56933788926054,32786000,133.36875686645507,134.99575958251953,137.8136329650879,134.46426887512206,132.16092746965347,134.0736382874634,136.78956251760985,36.225128015127126,-2.086354501134281,-1.124201483688592,-0.9621530174456887,-10.960076539595986,134.99575958251953,145.86969551622835,124.1218236488107,4.153104080205751,42.21604412438378
2022-02-24 05:00:00,131.60330200195312,131.90977476291786,123.92923223959937,123.92923223959937,54456000,132.4859535217285,135.16724319458007,137.5530763244629,134.559422454834,132.05954102098067,133.83836816503387,136.58617975228998,45.339151960871405,-2.0199844718005124,-1.3033580813109762,-0.7166263904895362,-4.676700011063339,135.16724319458007,145.6907104371522,124.64377595200794,4.22656800207384,44.094238665028925
2022-02-25 05:00:00,133.3572998046875,134.16264009522365,130.67149031409218,132.45723763350745,36406000,132.07331619262695,135.43773307800294,137.36567489624022,134.68065547943115,132.29549716347282,133.79255213071517,136.45955700924677,48.106933692784025,-1.805045342368743,-1.4036955335225296,-0.4013498088462133,-3.543431096222993,135.43773307800294,145.44529771061315,125.43016844539272,4.167060048795628,44.26288649134336
2022-02-28 05:00:00,133.94992065429688,134.63871633436403,131.50561460625966,131.95936863524972,38864000,132.1501319885254,135.5223346710205,137.1398616027832,134.79771308898927,132.59630143453174,133.80753960915152,136.36113989728796,49.04572416260446,-1.568800824556007,-1.436716591729225,-0.13208423282678194,-4.615362215412111,135.5223346710205,145.44496101538428,125.59970832665672,4.011842224181656,42.71449724590869
2022-03-01 05:00:00,132.96253967285156,135.13855485924103,132.12646289912342,133.77284374365715,26496000,132.00487899780273,135.46074256896972,136.9338932800293,134.89759990692139,132.66289020513534,133.727063424742,136.227861457114,47.5037408833468,-1.444596328213379,-1.438292539026056,-0.0063037891873229945,-3.2884875134986946,135.46074256896972,145.43324327517368,125.48824186276576,4.0154548226997715,42.49446274979358
2022-03-02 05:00:00,133.4683837890625,134.15371378545083,131.9806796935572,133.5244239122076,23520000,131.80285110473633,135.3083766937256,136.79199600219727,134.99740245819092,132.80934358403118,133.702427268963,136.11964664660215,48.398806528138564,-1.2904702397205483,-1.4087280791649543,0.11825783944440604,0.21521046722119408,135.3083766937256,145.30609651260718,125.310656874844,3.9492512078318813,42.028012981372974
2022-03-03 05:00:00,132.8018798828125,135.32105186734134,131.9350362852021,134.8950682854782,24604000,131.42214431762696,134.60913124084473,136.63910903930665,135.10043087005616,132.80798654744598,133.61666085123437,135.98953814606136,47.255533696188735,-1.2081783710042941,-1.3686181375328226,0.16043976652852843,-1.2001553860778724,134.60913124084473,143.06375441686552,126.15450806482396,3.933593612598077,30.97017684098273
2022-03-04 05:00:00,130.82522583007812,132.75428947542676,129.26908704703752,131.83786771432526,30430000,131.3594108581543,134.0545398712158,136.40968490600585,135.19133697509767,132.44748459883363,133.35080989683854,135.7870160944542,43.94046501111043,-1.2876180749803154,-1.3524181250223213,0.06480005004200584,-3.4419388279706253,134.0545398712158,141.9257918508193,126.18328789161232,3.778127876167516,29.38857274816086
2022-03-07 05:00:00,125.34254455566406,130.6551346655655,125.25972533418172,130.41016532100002,45112000,130.96025924682618,133.21574668884278,136.0122398376465,135.24603981018066,131.15567731825735,132.58811795958383,135.37742897528597,36.327955744440004,-1.7725483370232666,-1.4364441674225104,-0.3361041696007563,-8.247192723084297,133.21574668884278,141.04410669116592,125.38738668651963,3.960052578808463,32.23538159472215
2022-03-08 05:00:00,126.06259155273438,130.17411000501144,124.64431332771989,125.21509629053482,40428000,130.69158096313475,132.61587867736816,135.6192478942871,135.30752166748047,130.2296617245259,131.9666392541696,135.01214123322512,37.85078550907764,-2.0748398264698267,-1.5641232992319736,-0.5107165272378531,-4.100314862374677,132.61587867736816,140.71525837212226,124.51649898261405,4.172088273461182,31.348192007546622
2022-03-09 05:00:00,132.32630920410156,132.63922887603567,128.83565901257037,130.17409924594682,37026000,131.2699996948242,132.31937828063965,135.33189224243165,135.38373168945313,130.61087035717603,132.0008935351155,134.90681448698498,49.2268636678118,-1.788363205540037,-1.6089712804935863,-0.17939192504645063,2.313581217259908,132.31937828063965,139.97115240003825,124.66760416124106,4.417842142254321,36.743926393431856
2022-03-10 05:00:00,131.3439483642578,132.17954098140794,129.8393852677274,130.18998790766506,27102000,131.2440643310547,131.8650089263916,135.04908004760742,135.45457622528076,130.74415726755453,131.93832732836714,134.76709424687803,47.750615243328504,-1.6219004703200142,-1.611557118458872,-0.010343351861142214,2.0152128792153334,131.8650089263916,138.5003117718694,125.22970608091379,4.222880102593435,36.182261233052024
2022-03-11 05:00:00,128.80592346191406,132.698752456179,128.56888416798853,132.39426221843516,31526000,130.78892669677734,131.43112144470214,134.71614181518555,135.50840629577635,130.39175112107444,131.64000315060972,134.53332284354613,44.07321005805253,-1.6754612771543123,-1.62433795019796,-0.051123326956352244,1.7889707719022319,131.43112144470214,137.6406702576932,125.22157263171111,4.243459783591412,36.0776146262659
2022-03-14 04:00:00,124.91854858398438,129.34000556632407,124.2480949884942,129.18231231398767,38812000,129.8857894897461,131.01796073913573,134.31447158813478,135.54717082977294,129.39662338705807,130.9998646204549,134.15627287258292,39.10560815408592,-2.0084352753105748,-1.7011574152204831,-0.3072778600900916,-5.079472411618924,131.01796073913573,137.80940556324228,124.2265159150292,4.326841708332145,35.9641608846626
2022-03-15 04:00:00,128.13894653320312,128.79007444618782,124.68995111051669,125.93516041311607,30920000,129.40343017578124,130.704154586792,134.00395767211913,135.60348293304443,129.16795486817534,130.72739623119284,133.92029929064645,44.669451318559176,-1.9895263460045953,-1.7588312013773058,-0.23069514462728957,-3.913061586525124,130.704154586792,137.4141874769847,123.9941216965993,4.299249224073905,37.16628089112581
2022-03-16 04:00:00,132.18798828125,132.24004824775446,127.6792471066061,129.66136979641874,35576000,129.275390625,130.53912086486815,133.77165786743163,135.6740076828003,129.71705185237073,130.8665002359602,133.85236552557208,50.76108092764498,-1.629038511564488,-1.7328726634147422,0.10383415185025413,-1.3153664925223296,130.53912086486815,136.90733293092384,124.17090879881246,4.054981982490324,38.92218954256962
2022-03-17 04:00:00,132.7418975830078,132.98141880336502,131.10144887364655,132.05755123913005,28264000,129.26939239501954,130.34576835632325,133.56217910766603,135.7499277114868,130.26702380339566,131.04510950710758,133.80881776311858,51.54696873536846,-1.2838539845944013,-1.643068927650674,0.3592149430562728,-0.16594304710682017,130.34576835632325,136.1476521940834,124.54388451856309,3.9398977073893957,38.82089835165487
2022-03-18 04:00:00,135.0096435546875,135.1271719338952,131.17433810969047,132.33078043484574,44566000,129.68783416748047,130.52362251281738,133.52945938110352,135.8428918838501,131.12931830363053,131.42268417830567,133.8559089706311,54.73248018474615,-0.8178766396878814,-1.4780304700581155,0.6601538303702341,1.154775177363998,130.52362251281738,136.6758650219144,124.37138000372036,3.9984499999679923,36.791638886622756
2022-03-21 04:00:00,134.98583984375,135.92656630102422,132.99330550843302,135.04732810159504,26832000,130.65216369628905,130.80621147155762,133.49680923461915,135.92433380126954,131.8305040381977,131.76203233691942,133.90021998526322,54.6918343866738,-0.44537301432666254,-1.271498978911825,0.8261259645851624,1.6445248838831805,130.80621147155762,137.24110178211106,124.37132116100418,3.992819202287535,36.20462197671405
2022-03-22 04:00:00,138.72145080566406,139.89376833061417,134.9858312898088,134.9858312898088,35496000,131.91804962158204,131.3048152923584,133.55336135864258,136.02228916168212,133.0834034504643,132.42483409584747,134.08928786057305,59.74426072214333,0.1495474869987845,-0.9872896857297031,1.1368371727284876,6.035705213184128,131.3048152923584,138.56154259225983,124.04808799245698,4.188169412924087,37.180444678090176
2022-03-23 04:00:00,137.1420135498047,138.44425402347676,136.70513365586095,137.56551524552734,25154000,132.39962005615234,131.83480987548828,133.54554550170897,136.11330436706544,133.82133255943526,132.87408928193864,134.2090025934841,56.85733613386654,0.4879540532450619,-0.6922409379347501,1.180194991179812,9.413778087854707,131.83480987548828,139.17478237811443,124.49483737286212,4.090333810614363,36.80045345997136
2022-03-24 04:00:00,140.4114990234375,140.458110844999,136.62132231474047,138.058933800913,26396000,133.3063751220703,132.2752197265625,133.581964263916,136.21831146240234,135.0195446437993,133.59193782874806,134.45223774759992,61.05277576612594,1.0083403289330022,-0.3521246845611996,1.3604650134942018,11.382367515981695,132.2752197265625,140.5537139542307,123.99672549889434,4.11204778879176,35.129986874534026
2022-03-25 04:00:00,140.5116729736328,140.87070507937713,138.59203769066454,140.7526772850465,24126000,134.4769500732422,132.63293838500977,133.58677474975585,136.31707763671875,136.01811343104174,134.250960223499,134.68986265842474,61.17734643794563,1.412550400454137,0.0008103324418676783,1.4117400680122691,6.185741761229102,132.63293838500977,141.68998540861426,123.57589136140528,3.8772739954214877,34.94568777452363
2022-03-28 04:00:00,140.29595947265625,140.83847267217368,138.66542339972597,139.74550107592432,35050000,136.0146911621094,132.95024032592772,133.64367446899413,136.41598766326905,136.79590362042617,134.82667443770444,134.90970959231618,60.7269159975522,1.6959338478591235,0.33983503552531885,1.3560988123338047,6.815701233201632,132.95024032592772,142.62513260820432,123.27534804365112,3.6375063236469276,34.97385827166594
2022-03-29 04:00:00,141.3373565673828,142.6148082235357,140.87418935059165,141.47820601311636,34318000,137.33453216552735,133.3689811706543,133.70367904663087,136.51546546936035,137.62162233805464,135.44673940243572,135.1617741795737,62.174826581565135,1.9817054469966706,0.6682091178195892,1.3134963291770814,9.728926099562575,133.3689811706543,143.7456098481225,122.99235249318609,3.3333785684739388,34.81129530232237
2022-03-30 04:00:00,140.7749786376953,141.55056596107124,140.43925249315063,141.29220332405055,19884000,138.19323120117187,133.73431091308595,133.82151443481445,136.61721935272217,138.1949598470802,135.95419075817475,135.38189984459808,60.8697239696899,2.1381549795995056,0.9621982901755726,1.175956689423933,12.693415216116154,133.73431091308595,144.6273131000038,122.84130872616811,3.235120677870114,34.905445050681394
2022-03-31 04:00:00,137.92752075195312,140.9430935807132,137.88487396414888,140.88853656508715,37524000,138.7117935180664,133.99059295654297,133.89988693237305,136.70794448852538,138.14633455705712,136.1421269480584,135.48172811547474,54.61826092324221,2.0092153236068953,1.1716016968618372,0.837613626745058,7.639031288753095,133.99059295654297,145.03140795764372,122.94977795544223,3.158574344182532,35.77030923891637
2022-04-01 04:00:00,139.0016326904297,139.31950107652258,137.17373813332352,138.3564676186564,25942000,139.11099243164062,134.39941329956054,134.03562454223632,136.79922496795655,138.3018433085794,136.41446082828423,135.6197635890024,56.435813015806374,1.9709813281224058,1.3314776231139511,0.6395037050084547,5.154511009489471,134.39941329956054,145.5516740491977,123.24715254992338,2.948135227423189,35.240928294166324
2022-04-04 04:00:00,141.79953002929688,142.53396895874045,139.16034726925992,139.20795791982718,25942000,139.7923614501953,135.22226257324218,134.285955657959,136.91259048461913,138.93778634870984,136.92732456171402,135.8621073709747,60.83589577498876,2.141758682588403,1.4935338350088414,0.6482248475795616,6.823491761992506,135.22226257324218,145.9824680771309,124.46205706935346,2.9075790083260196,31.359144536375105
2022-04-05 04:00:00,139.4385528564453,141.8183741448747,139.23176584389168,141.69787954637118,21418000,139.86407165527345,135.89106063842775,134.48009140014648,137.00571334838867,139.02883480466173,137.16648916121224,136.00236013511082,55.72145260321774,2.062811038451514,1.607389275697376,0.4554217627541379,3.280439222820264,135.89106063842775,145.88996921377782,125.89215206307766,2.7665652340284947,32.40847490694081
2022-04-06 04:00:00,135.42868041992188,138.21812553888182,134.40612601563646,137.6126258686909,32468000,139.69273834228517,136.04617919921876,134.67077545166015,137.07621810913085,138.37426128016358,137.00098356680363,135.97986289137793,48.29525700514111,1.6575737891235747,1.6174261783826158,0.04014761074095885,0.32806446712074777,136.04617919921876,145.90754910124068,126.18480929719684,2.991740727677808,30.01685607517105
2022-04-07 04:00:00,134.77456665039062,136.04010769002005,133.12717193822786,134.89506121842766,26234000,139.12904510498046,136.21771011352538,134.80279418945312,137.14446147918702,137.71977134747758,136.78894386047858,135.93259637212356,47.19040259215862,1.269010472119163,1.5477430371299254,-0.2787325650107624,-2.8451866184723396,136.21771011352538,145.85141185813248,126.58400836891829,2.917462293934055,29.93053617743527
2022-04-08 04:00:00,132.1949005126953,134.55786243440133,131.87553388786895,134.47206944780507,25142000,138.29736785888673,136.38715896606445,134.88774215698243,137.19795680999755,136.71524937751715,136.35141592259447,135.7860200639107,43.01134381388277,0.7443335321756877,1.3870611361390779,-0.6427276039633902,-3.607292112065119,136.38715896606445,145.58112897663125,127.19318895549763,2.9150174346433744,29.913758085856664
2022-04-11 04:00:00,127.76751708984375,131.0097178490168,127.61378885750443,130.7429256647374,36884000,137.04452362060547,136.52960739135742,134.79793472290038,137.22927307128907,135.08838896157653,135.5339017480468,135.4715689668885,36.96151751123518,-0.0284021614226333,1.1039684766267357,-1.132370638049369,-9.004947615781255,136.52960739135742,145.03813589965188,128.02107888306296,2.89167276424234,30.39757304484355
2022-04-12 04:00:00,126.6676025390625,130.52125805208976,125.74969005200958,130.52125805208976,32710000,135.57754821777343,136.4560401916504,134.64739913940429,137.2549533843994,133.55733688475578,134.6894922995721,135.12631538148358,35.62102972848227,-0.7212406643164115,0.7389266484381063,-1.4601673127545178,-9.852612342867895,136.4560401916504,145.28928159409514,127.62279878920565,3.0884763964049875,29.15015635898498
2022-04-13 04:00:00,128.8292236328125,129.26561926423614,126.6938724329844,126.95075200878496,27928000,134.38297271728516,136.28810195922853,134.49366958618165,137.2927484512329,132.697679929857,134.13137147416643,134.8793706070259,40.21031090994887,-1.0834065760358556,0.3744600035433139,-1.4578665795791694,-8.173247385701533,136.28810195922853,145.5788696309264,126.99733428753065,2.9999926960417804,27.439345397266347
2022-04-14 04:00:00,125.691162109375,129.4099304660489,125.56321417081908,129.4099304660489,31598000,133.15933685302736,135.93556518554686,134.07175704956055,137.31576076507568,131.42376759886028,133.32754201085297,134.51904870515725,36.1783529066644,-1.6051379779588046,-0.021459592757109847,-1.583678385201695,-11.070105482373627,135.93556518554686,146.26942525643688,125.60170511465684,3.11199618936444,28.551992894450162
2022-04-18 04:00:00,126.6299057006836,127.16150750964877,125.14765723721159,125.95895269585907,20808000,131.92216415405272,135.51657829284667,133.7660140991211,137.34170623779298,130.55215634464633,132.68967188607493,134.20967054811905,38.17549707542676,-1.9207241975039153,-0.401312513706471,-1.5194116837974443,-10.048002190372273,135.51657829284667,146.65657849212033,124.37657809357303,3.1006248322208307,27.869944686145764
2022-04-19 04:00:00,128.9432830810547,129.26461711503015,125.95844660693362,126.64477542409657,26490000,130.63653945922852,135.2144504547119,133.50251159667968,137.3652689743042,130.25963393308422,132.33287295226347,134.00314554941065,42.916156925346804,-1.9615468383429402,-0.7133593786337649,-1.2481874597091753,-6.513738245941192,135.2144504547119,146.73627435197315,123.69262655745067,3.1711478148791934,28.873374973383314
2022-04-20 04:00:00,126.99042510986328,130.32189946504832,126.4548582513956,129.81905168731214,31696000,129.3917266845703,134.62789916992188,133.28112106323243,137.37444316864014,129.66523232886223,131.8240683958444,133.72813690472253,40.11947990782092,-2.1269601205956974,-0.9960795270261513,-1.130880593569546,-8.641055035171096,134.62789916992188,146.58421189438917,122.67158644545458,3.3679855110029147,26.94751740971975
2022-04-21 04:00:00,123.7913589477539,129.03204110665789,123.50571776803207,128.1905009821093,36446000,128.2279945373535,133.96036643981932,132.99182189941405,137.36621368408203,128.5972553504789,131.0590484484072,133.3384593377826,35.9827848483454,-2.487514720812783,-1.2943665657834775,-1.1931481550293053,-12.699739609730965,133.96036643981932,146.78490336829188,121.13582951134678,3.544278634007308,27.86108968529829
2022-04-22 04:00:00,118.65481567382812,124.37404857874347,117.95014478551222,123.97534345046293,56884000,126.61601943969727,132.87253227233887,132.55629150390624,137.3393928527832,126.78953904563329,129.87769294606633,132.76263017449028,30.538101150246405,-3.151405512397872,-1.6657743551063566,-1.4856311572915155,-14.905301838591544,132.87253227233887,147.01616881365825,118.72889573101949,3.849860123295321,28.54697229987379
2022-04-25 04:00:00,122.06513977050781,122.26697049749592,117.5395474851339,118.12470752635328,46128000,125.60304336547851,131.95020561218263,132.24792083740235,137.32727054595946,125.93055735924683,129.13364026267982,132.34312074688313,37.31950609634464,-3.3635857714556465,-2.005336638376215,-1.3582491330794317,-9.86758536521062,131.95020561218263,146.39888934086986,117.50152188349539,3.935223462156126,31.31113826879014
2022-04-26 04:00:00,117.67740631103516,121.50576580824183,117.53954577935023,121.29203242122978,73054000,124.59403228759766,130.81927795410155,131.93783370971678,137.28598434448242,124.42998444139016,128.04257036252318,131.76799469057536,32.87279489093328,-3.8415110279237155,-2.3725715162857153,-1.4689395116380002,-12.685746846959656,130.81927795410155,146.03777388310507,115.60078202509803,4.073722440025738,32.88293220747065
2022-04-27 04:00:00,113.35760498046875,116.2809382238553,111.81237758233146,113.53116592670582,91820000,123.26303253173828,129.42029037475587,131.5166844177246,137.22128410339354,122.41682453940444,126.64400223089895,131.04601862351237,29.185722189091564,-4.516775525567283,-2.8014123181420287,-1.7153632074252543,-14.249638570905033,129.42029037475587,145.6764578359469,113.16412291356481,4.133194003446797,33.759995461452554
2022-04-28 04:00:00,117.55094909667969,118.66870978777183,113.17957694674581,115.46072646475163,48884000,122.135205078125,128.25908889770508,131.15793014526366,137.1731098175049,121.5321199134545,125.77799717049712,130.5168002106954,36.61754796911398,-4.659843900199192,-3.1730986345534613,-1.4867452656457307,-7.996217055685573,128.25908889770508,144.41773459994963,112.10044319546056,4.3172080812492135,37.747449395658705
2022-04-29 04:00:00,113.17411041259766,116.95337579484945,112.88153042406998,115.77759257193108,42676000,120.88349990844726,127.0214183807373,130.6892333984375,137.1091608428955,120.01248182238962,124.57762700307812,129.83669472841706,32.753702011540355,-5.067980397570352,-3.55207498715684,-1.5159054104135121,-10.652678234991964,127.0214183807373,143.8404247480659,110.20241201340869,4.4436642176840735,38.90104260076827
2022-05-02 04:00:00,115.62733459472656,115.78850102043891,111.67698273748518,112.47538421530977,35534000,119.78324279785156,125.85270347595215,130.37272888183594,137.05765155792236,119.21518232645087,123.72521820228273,129.27946491925275,36.78035302360874,-5.1342919020922295,-3.868518370143918,-1.2657735319483114,-10.247588758055237,125.85270347595215,142.41300382898902,109.29240312291527,4.410121833952849,40.018642164785064
2022-05-03 04:00:00,116.37218475341797,117.47110390717961,115.08333755024837,115.47608756923125,24968000,118.5261329650879,124.5813362121582,130.11349136352538,137.021728515625,118.69827367680853,123.02492930239086,128.77329706961217,37.994365437902346,-5.068316664746888,-4.108478029064512,-0.9598386356823756,-7.414186645714804,124.5813362121582,139.83986835998795,109.32280406432847,4.239850288013639,38.98521930461108
2022-05-04 04:00:00,121.2587890625,121.84742219771121,114.17235467476033,116.07215712779917,49916000,117.95296936035156,123.67234802246094,129.96367965698244,137.0021477508545,119.16382192875243,122.85672547002031,128.47861048109797,45.40186766329591,-4.569053480749034,-4.200593119401417,-0.3684603613476165,-4.241586225989424,123.67234802246094,137.2810569853305,110.06363905959138,4.602496773569157,42.925671224351994
2022-05-05 04:00:00,115.55046844482422,120.04680658084364,114.06276441808895,119.21865224731681,45840000,117.12888031005859,122.67843742370606,129.74384658813477,136.9473828125,118.50684856803821,122.16089146762069,127.97162451889116,39.46997417616259,-4.581188488647925,-4.276712193250718,-0.30447629539720644,-10.38659348219918,122.67843742370606,135.5558510994661,109.80102374794599,4.841733084224958,44.63738850820794
2022-05-06 04:00:00,114.79769897460938,116.60774359414943,113.08089313905965,114.24030932144473,39710000,116.74316864013672,121.67959403991699,129.40773452758788,136.88452735900879,117.83245773286933,121.45963503971484,127.45499998774287,38.750955186565164,-4.598538683473052,-4.341077491295185,-0.25746119217786667,-9.601295628946517,121.67959403991699,133.67536437578494,109.68382370404905,4.949804525843001,44.62788333127353
2022-05-09 04:00:00,111.58871459960938,114.13368219175439,111.08240126088768,112.32165521736495,40802000,115.69552612304688,120.6492847442627,128.97236282348632,136.78284774780275,116.69723170864023,120.51954737875242,126.83279271762,35.76030878746498,-4.815714499265127,-4.436004892889174,-0.3797096063759531,-9.857428217824681,120.6492847442627,132.37906094381347,108.91950854471192,4.97902789767337,45.0375596775557
2022-05-10 04:00:00,113.45726013183594,115.29705736588568,111.97501186731932,114.56064360003587,39900000,115.27351150512695,119.9337718963623,128.56250961303712,136.6854525756836,116.10814596740309,119.8469485933318,126.30826202798141,38.72569858819367,-4.781928791126717,-4.505189672536682,-0.27673911859003475,-4.380399996810769,119.9337718963623,131.58084652003555,108.28669727268905,4.967692294289341,44.80388677260558
2022-05-11 04:00:00,112.67127990722656,115.41064030425353,112.30828274140973,112.30828274140973,37534000,115.20487899780274,119.23395576477051,128.15668441772462,136.5947151184082,115.48326122918917,119.16355157560749,125.77347841540279,37.932499112144356,-4.76366286915092,-4.55688431185953,-0.20677855729138983,-7.6957761085125975,119.23395576477051,130.85935999798394,107.6085515315571,4.794551881733483,44.79259680330907
2022-05-12 04:00:00,111.91899871826172,113.35810103264562,108.92424938909092,110.46452055455832,53836000,114.64168395996094,118.38844451904296,127.72569671630859,136.4794181442261,114.83521349992962,118.47359416062217,125.23016548610315,37.14821330696732,-4.755076240293562,-4.5965226975463365,-0.15855354274722533,-4.893384187575734,118.38844451904296,129.52495874105796,107.25193029702795,4.65240529961373,43.994917394050105
2022-05-13 04:00:00,115.09919738769531,116.90874243005263,112.67374826062365,113.59413498511711,35038000,114.83419265747071,117.85884628295898,127.37164306640625,136.38159160614015,114.88321057043247,118.15222303939103,124.83287261949893,42.55539403847635,-4.440468859549696,-4.565311929947009,0.12484307039731224,1.536370151368871,117.85884628295898,128.53083849558428,107.18685407033368,4.671142492430079,45.149761307756975
2022-05-16 04:00:00,113.50687408447266,115.2177324454328,112.95593136795685,114.01318748987721,25990000,114.62214660644531,117.20269470214843,127.02527603149414,136.2810153198242,114.63296757298522,117.70980885320833,124.38871581420378,40.66880896327116,-4.270400903274691,-4.506329724612545,0.2359288213378541,-3.4402742328188185,117.20269470214843,127.19618432239332,107.20920508190355,4.509442998595676,45.06482430737664
2022-05-17 04:00:00,115.51824188232422,115.94174359590812,113.92838521355479,115.88272969753332,23054000,114.53675231933593,116.53144264221191,126.82878997802734,136.18986125946046,114.79392653831957,117.5010881893146,124.04085409138497,44.04337708484692,-3.9280402482075516,-4.390671829331547,0.46263158112399516,2.071261228544752,116.53144264221191,124.87115227381175,108.19173301061208,4.2644316259336605,45.027545932754734
2022-05-18 04:00:00,110.98223876953125,114.45404808670412,110.64105684052672,114.05732544136315,35126000,113.50909729003907,115.73103332519531,126.52718292236328,136.0721813583374,114.10089239853987,116.88024538743046,123.52875152974364,38.697871954055465,-3.976891376475095,-4.307915738760257,0.3310243622851621,-4.017299059496926,115.73103332519531,122.8237477840977,108.63831886629292,4.22072106884591,46.53035150123016
2022-05-19 04:00:00,109.47915649414062,112.08362994881233,109.0983015778271,110.51807047133238,34144000,112.9019660949707,115.01542320251465,126.07023986816407,135.94948780059815,113.26057677955818,116.17537977854572,122.97778701854352,37.091391810040136,-4.089748352197631,-4.2642822614477325,0.17453390925010126,-5.92326102142281,115.01542320251465,121.55005161290725,108.48079479212205,4.10042890444416,46.08485344174732
2022-05-20 04:00:00,108.0152587890625,111.26391395378205,104.92926830668526,111.03331404707964,48962000,112.22372207641601,114.48344535827637,125.60366607666016,135.8138910293579,112.30688259946805,115.39822539859495,122.3910212056227,35.5437714099604,-4.248340405351755,-4.261093890228537,0.012753484876782295,-10.921707511536694,114.48344535827637,121.48613079675705,107.48075991979569,4.259223716168664,44.233674590286775
2022-05-23 04:00:00,110.57411193847656,111.2282060203502,107.84962795327247,108.6891932186079,37184000,112.12226181030273,113.90889396667481,125.2390298461914,135.69363246917726,111.99183338837868,114.93878602144082,121.92761299906795,40.237714600558945,-4.120054265216083,-4.232885965226046,0.11283170000996279,-4.306651953318463,113.90889396667481,120.13493820390656,107.68284972944306,4.329995981179128,43.76681259313043
2022-05-24 04:00:00,105.10134887695312,105.58584704950131,101.0493357437059,104.90497385041874,76780000,111.28667068481445,113.2800910949707,124.84268585205078,135.54018573760987,110.73901802266494,114.00188724577532,121.26775950408306,34.45797061901054,-4.4091666872231485,-4.268142109625467,-0.1410245775976815,-8.446467293565584,113.2800910949707,120.38221133728611,106.17797085265529,4.462118029166255,45.29266310137512
2022-05-25 04:00:00,104.93769073486328,105.62699334651613,103.0051614939558,104.12490462445021,40258000,110.51331176757813,112.85909538269043,124.37866073608399,135.38644630432128,109.68423124306463,113.13863043521226,120.62736465038817,34.29930738594423,-4.598487705119354,-4.334211228724245,-0.2642764763951089,-5.96030153103796,112.85909538269043,120.88058519402203,104.83760557135882,4.1353899726054895,43.746387231024606
2022-05-26 04:00:00,106.90889739990234,107.75886699890704,104.36243908840518,104.81073736570944,37948000,110.01230163574219,112.32699279785156,123.87307891845703,135.24518115997316,109.1796250897624,112.5453225270875,120.08938554252599,38.00220796756526,-4.537164464321322,-4.37480187584366,-0.16236258847766116,-5.771655973645473,112.32699279785156,120.4492704251808,104.20471517052232,4.126074076563496,41.95237699608084
2022-05-27 04:00:00,111.39581298828125,111.39730365863458,108.24386241128829,108.58554373009294,37914000,109.64196319580078,112.23807792663574,123.4461572265625,135.12181331634523,109.58256834403855,112.43584542815358,119.74846112863405,45.52790310813127,-4.079483024004077,-4.315738105475744,0.23625508147166752,-1.132024878030613,112.23807792663574,120.3602437165076,104.11591213676388,4.18129611549282,43.13441595679818
2022-05-31 04:00:00,112.8294677734375,114.78629421531303,111.15976563053904,111.82228915461961,50012000,109.57422256469727,112.09818458557129,123.0025537109375,135.00296810150147,110.17291369483836,112.47333327056158,119.47712805588125,47.71191262940228,-3.560045240050698,-4.164599532390735,0.6045542923400369,0.8135071485653178,112.09818458557129,120.06953815962831,104.12683101151427,4.175452245385513,42.646058001347804
2022-06-01 04:00:00,112.95840454101562,116.14159882441551,112.32166882859197,113.91351567650608,36606000,109.3182388305664,111.92749557495117,122.5620050048828,134.88188137054442,110.67936657596148,112.51953053441434,119.22149183961201,47.91417581706011,-3.1022224450661753,-3.9521241149258235,0.8499016698596482,-1.8599546263287414,111.92749557495117,119.65600705051408,104.19898409938826,4.226707419169779,42.56681010414964
2022-06-02 04:00:00,116.65831756591797,116.93304735382672,112.02065295107872,113.06551449385536,37992000,109.88584671020507,111.69747200012208,122.12074234008789,134.7874668121338,111.76644857413538,112.91370072789088,119.12097520142794,53.47569461084419,-2.413026652763392,-3.6443046224933373,1.2312779697299452,2.776434032620778,111.69747200012208,118.47151529854725,104.9234287016969,4.260889044826444,41.43665159492031
2022-06-03 04:00:00,113.60206604003906,115.36797293293287,112.58794875322683,115.11109338679681,26136000,110.29813766479492,111.60005187988281,121.64994338989258,134.68378372192382,112.10019720429968,112.97925932904785,118.9045473911774,48.83690902528934,-2.08936310071293,-3.333316318137256,1.243953217424326,-1.6587647206725342,111.60005187988281,118.19444312747322,105.0056606322924,4.1952194091764605,38.98855013183049
2022-06-06 04:00:00,115.86289978027344,118.36868641474054,115.21177950019366,115.74784575456003,33542000,111.08290176391601,111.65331192016602,121.15897140502929,134.59025924682618,112.7843249453858,113.2538917529741,118.78526709271058,52.144016624909895,-1.6316187305041296,-2.9929768006106308,1.3613580701065011,4.397695581612382,111.65331192016602,118.37247028368218,104.93415355664986,4.374135073263998,39.57677722804921
2022-06-07 04:00:00,116.18919372558594,116.72625878645412,114.10889140185589,114.53387621473067,31590000,111.64440994262695,111.88333587646484,120.67252182006835,134.48969039916992,113.40339199633128,113.53344432179428,118.68346029399981,52.62002158946285,-1.2283640091417851,-2.640054242316862,1.4116902331750767,6.1290545582568745,111.88333587646484,118.90151533482093,104.86515641810875,4.387170635632768,38.095493260185734
2022-06-08 04:00:00,116.23332977294922,117.59854920159584,115.64419719383626,115.80437236671298,26108000,112.75760803222656,112.0221393585205,120.19126922607421,134.37638927459716,113.91792613753454,113.79057626952331,118.5873767441547,52.6885720534631,-0.8949044258443877,-2.291024279022367,1.3961198531779795,7.608250052833165,112.0221393585205,119.27719763063912,104.76708108640189,4.1783968474872015,37.7132869989474
2022-06-09 04:00:00,113.8941650390625,117.32927476403499,113.83515114216875,115.37393150433296,25798000,113.65325546264648,112.08328361511231,119.64240539550781,134.2453423690796,113.91360593781235,113.80044186662228,118.40332922630795,48.66951122622102,-0.8100486122793171,-1.9948291456737572,1.1847805333944401,3.002559136476002,112.08328361511231,119.38185895295918,104.78470827726544,4.214739365407274,38.38834362786086
2022-06-10 04:00:00,110.25028228759766,112.3504249488664,109.46130149167207,111.52326180460535,41452000,113.98739395141601,111.99984779357911,119.03191146850585,134.09202201843263,113.24754709231875,113.4623314305247,118.08360189537814,43.1480097946667,-1.0250149195770604,-1.800866300454418,0.7758513808773577,4.899017439512243,111.99984779357911,119.34433921925411,104.6553563679041,4.078897786856819,40.05947141362659
2022-06-13 04:00:00,105.5203857421875,107.89971525279756,105.24912911758591,105.91115327755001,47252000,113.39985122680665,111.52090721130371,118.38376876831055,133.91821853637694,111.84260866502217,112.70595565068307,117.59092675211576,37.24187125970668,-1.5590684184376187,-1.7525067240510583,0.19343830561343967,0.5552771394564671,111.52090721130371,119.25343810869097,103.78837631391644,4.194796008494963,41.22620406966508
2022-06-14 04:00:00,105.8407211303711,107.03981023394988,104.93272890444857,105.66170449580932,33706000,112.7009765625,111.13759956359863,117.72055053710938,133.7333044052124,110.75135638599468,112.05212379160574,117.13013437479243,37.862220919101965,-1.934165420271711,-1.7888384632951888,-0.1453269569765221,-0.9991462782892979,111.13759956359863,119.20826269832229,103.06693642887497,3.6649606609757237,41.12794712396675
2022-06-15 04:00:00,108.86473846435547,110.5101358678124,106.78691045306238,107.65522972129614,39698000,112.29160995483399,110.8049243927002,117.06185470581055,133.5606019592285,110.40833494569664,111.74856328424858,116.80600120183412,43.53635404604572,-1.9647709144931582,-1.8240249535347828,-0.14074596095837544,-2.272145115716373,110.8049243927002,118.66095166483618,102.94889712056423,3.811216581324364,42.02943062002742
2022-06-16 04:00:00,105.1643295288086,107.75789189656318,104.27616988348034,106.34209542849807,51684000,111.14221115112305,110.51402893066407,116.37637023925781,133.36886684417723,109.45487941535335,111.1214934027781,116.3494650577939,38.86010250548916,-2.2615483431205945,-1.9115296314519452,-0.3500187116686493,-6.793560579422897,110.51402893066407,118.76341803737658,102.26463982395155,3.896369486351027,41.4572642042905
2022-06-17 04:00:00,106.2652359008789,107.80848098004908,104.18492567402804,105.16433407017466,51376000,110.40852813720703,110.35333290100098,115.79310134887696,133.18006744384766,108.87494423090344,110.65899268831151,115.95400509085607,40.89415241689444,-2.3804720499071834,-2.005318115142993,-0.37515393476419057,-5.92533921431796,110.35333290100098,118.81020572084505,101.89646008115692,3.8345944183002274,41.47455792034863
2022-06-21 04:00:00,110.62964630126953,111.56739902352787,107.70977872020165,108.03657603615589,47416000,109.88520278930665,110.48405227661132,115.31020294189453,133.022653465271,109.19398097097,110.6561977943075,115.74520670695073,48.245173022736,-2.098359913028986,-2.0239264747201915,-0.07443343830879456,-5.167802339719096,110.48405227661132,118.8692751487256,102.09882940449704,3.954282599577011,43.78676977635321
2022-06-22 04:00:00,110.57361602783203,112.41737098859431,109.47767062090766,109.6502478770662,30774000,109.32364501953126,110.4840274810791,114.87777725219726,132.86271545410156,109.44482370858127,110.64833286416699,115.54239922933823,48.162358447350265,-1.8578886035208058,-1.9907189004803145,0.13283029695950876,-2.6658406116836453,110.4840274810791,118.86924923481662,102.09880572734157,3.8914090547100906,43.000120930704725
2022-06-23 04:00:00,111.3219223022461,111.81832309519362,109.5947045131696,111.31151031036939,28362000,108.83250427246094,110.79505615234375,114.54886535644532,132.70383609771727,109.78611436197485,110.71248423922214,115.37689033023658,49.41131583923101,-1.5886186883856794,-1.9102988580613878,0.32168016967570834,-3.919267933599979,110.79505615234375,118.79210554796433,102.79800675672317,3.6993536389440913,38.781029955986426
2022-06-24 04:00:00,117.0079345703125,117.11108593640661,112.02660588324883,112.0687608319365,41164000,109.14388122558594,111.39856834411621,114.35567199707032,132.57631015777588,111.0991725816726,111.31205093742122,115.44085284945525,57.742700990505256,-0.9059632897487688,-1.709431744398864,0.8034684546500952,0.7046617834875812,111.39856834411621,119.3561186774549,103.44101801077753,3.822124697620475,42.274494114778435
2022-06-27 04:00:00,114.88398742675781,117.60747238809732,114.23534152789627,117.30348914348141,36420000,109.60725173950195,111.79732284545898,114.07676727294921,132.4389083480835,111.78732073532446,111.65223536497709,115.41901498974164,54.15494774939555,-0.5302266294507092,-1.4735907214092332,0.943364091958524,-1.1608910704246522,111.79732284545898,119.60546006732659,103.98918562359137,3.7225183037275875,42.79910855570436
2022-06-28 04:00:00,111.08934020996094,116.34788004318068,110.93114755882172,114.8532296266053,35792000,110.1641471862793,111.78199920654296,113.78473083496094,132.2957490158081,111.66041518525836,111.5986263025946,115.2492238219071,48.37220657330623,-0.5325104869166495,-1.2853746745107166,0.7528641875940671,-2.4626589326499637,111.78199920654296,119.59465581552999,103.96934259755594,3.9224729537104963,42.238387776260204
2022-06-29 04:00:00,110.78585815429688,112.23289804690751,109.96365128893204,110.63758563635704,24716000,110.65866088867188,111.67981872558593,113.4678498840332,132.14384937286377,111.50140481599263,111.52121981228052,115.07418987415768,47.93138595983056,-0.5524407331105436,-1.1387878862306822,0.5863471531201385,0.4857818552356452,111.67981872558593,119.48824744023473,103.87139001093713,3.944965435868774,41.97984833340105
2022-06-30 04:00:00,108.06979370117188,109.97901690144941,105.87493689608415,109.09829563062534,43170000,110.57916641235352,111.43538818359374,113.05038009643555,131.9773182296753,110.87747552238886,111.1925125636035,114.7995076712955,44.061345636716126,-0.7784260876928215,-1.06671552652311,0.28828943883028857,2.4160335854090054,111.43538818359374,119.38016440054915,103.49061196663834,4.04616526703638,42.81966937464557
2022-07-01 04:00:00,107.84614562988281,108.35444147045118,105.85559392220435,107.04823602503195,35476000,110.84734802246093,110.99477958679199,112.66749450683594,131.80032108306884,110.3263246328423,110.87381095086819,114.52682680692638,43.748114725181466,-0.9644500596456709,-1.0462624331476222,0.08181237350195136,1.8947570255511526,110.99477958679199,118.6935618619072,103.29599731167679,3.908021267097552,40.823087457381476
2022-07-05 04:00:00,112.33456420898438,112.44762815748757,104.86479945326545,106.22258079388362,39342000,111.45428085327148,110.93140449523926,112.43835861206054,131.64982997894288,110.69145910123177,111.01293030878402,114.44085572465414,51.23988507239753,-0.7411539680035304,-0.9852407401188039,0.24408677211527352,3.1872815693807066,110.93140449523926,118.56036845343277,103.30244053704575,4.092426662398293,42.89058534285794
2022-07-06 04:00:00,113.63282775878906,114.64198891272858,110.5622056578975,112.37324154606672,37432000,111.75459899902344,110.81990089416504,112.33791885375976,131.51976497650148,111.2262534026058,111.26244435164165,114.40916835344376,53.18216961341797,-0.4541955051313522,-0.8790316931213137,0.4248361879899615,8.05263369045739,110.81990089416504,118.20672505970262,103.43307672862747,4.233333942778991,42.47173494631352
2022-07-07 04:00:00,117.8093032836914,118.21247285733529,113.8921848578157,114.13666235926765,40936000,112.47816772460938,110.90090637207031,112.25280212402343,131.42089965820313,112.42317156280319,111.88595472612258,114.54250697815937,58.85956077212985,0.1089716572835755,-0.681431023040336,0.7904026803239115,10.863446813010857,110.90090637207031,118.56594341258044,103.23586933156018,4.226921825715057,44.497433985177295
2022-07-08 04:00:00,118.37513732910156,118.70391717679874,115.94323338269083,116.2888797500777,38238000,113.18348922729493,111.00799674987793,112.26675674438476,131.32330879211426,113.50534715667561,112.50397211688248,114.69280620760809,59.574803563744496,0.5940954074444136,-0.4263257369433861,1.0204211443877997,7.00127975347522,111.00799674987793,119.03788549586332,102.97810800389254,4.096358626660255,44.51610678179387
2022-07-11 04:00:00,114.72825622558594,117.0307287121293,114.38509184711968,117.0307287121293,31196000,112.95552139282226,111.0497013092041,112.29416976928711,131.20128234863282,113.72769426011385,112.71580869866376,114.69419640439153,53.15995532997435,0.6764885093419082,-0.20576288768632728,0.8822513970282355,3.757352202995845,111.0497013092041,119.15105097991709,102.9483516384911,4.122536496371743,45.35125718137176
2022-07-12 04:00:00,113.0858383178711,116.01512640021978,112.75804977000294,115.26234549816493,29960000,112.7757064819336,111.19147911071778,112.20486755371094,131.06641956329346,113.61099317970607,112.75104961477875,114.63112353825349,50.52151727470331,0.6023131462889779,-0.044147680891266236,0.6464608271802441,1.5845181067174252,111.19147911071778,119.33306992979297,103.04988829164259,3.976458889769449,44.07451388773877
2022-07-13 04:00:00,110.44070434570312,113.25990236152596,110.28994990879096,110.78535185551783,43722000,112.71084289550781,111.43749504089355,112.15019943237304,130.91337703704835,113.03457702806917,112.53101673200965,114.46679337383975,46.51723340739787,0.3263267398917975,0.029947203265346514,0.296379536626451,-5.61263665470737,111.43749504089355,119.14324157810952,103.73174850367758,3.978619752987188,41.95268383399618
2022-07-14 04:00:00,109.46279907226562,110.18235402261737,107.48464911605639,109.30708832837976,37004000,112.57853698730469,111.61859893798828,112.02690872192383,130.7611130142212,112.3851628542867,112.23880552631975,114.27055830318979,45.094238556243084,0.028369713182286205,0.029631705248734454,-0.0012619920664482497,-4.7188372164992725,111.61859893798828,118.93070266849861,104.30649520747795,4.0309366563888105,42.14855485717267
2022-07-15 04:00:00,110.86123657226562,112.2130703596854,109.99093473931617,111.08241574521796,46770000,112.85768127441406,111.71842384338379,111.91668975830078,130.64183628082276,112.10808534846468,112.1076084830765,114.13685941178099,47.564515761895684,-0.09383943552954577,0.004937477093078412,-0.09877691262262418,-0.20533350658504812,111.71842384338379,118.92599500296916,104.51085268379842,3.8138729173359005,41.190658781947754
2022-07-18 04:00:00,108.13623809814453,112.74812177959842,107.48165230582555,111.71664615011223,43164600,112.88669052124024,111.86701927185058,111.65423873901368,130.5162567138672,111.38593130295192,111.7293827321306,113.9015409288933,43.46117899934426,-0.40589674444414925,-0.07722936721436713,-0.3286673772297821,-2.3916590982777652,111.86701927185058,118.61344023331542,105.12059831038574,3.9491828183053164,40.248186378429395
2022-07-19 04:00:00,112.8770751953125,113.08535287704044,108.66191325988503,109.94133979066089,36530900,112.94094161987304,112.19761123657227,111.60077087402344,130.41774101257323,111.6570483742902,111.83868677624316,113.86136580208621,51.32811629519779,-0.2675740500083492,-0.11529830377316355,-0.15227574623518567,4.448311900579216,112.19761123657227,118.41552838808471,105.97969408505983,3.9157815536293836,42.87074079744347
2022-07-20 04:00:00,112.9663314819336,114.45403556404811,111.55797343357686,112.24231216588865,35600400,112.8742919921875,112.31444549560547,111.56414352416992,130.30545406341554,111.89509984840717,111.94608151011845,113.8262664169822,51.46504108173895,-0.14903213207311694,-0.12204506943315424,-0.0269870626399627,4.747676258753608,112.31444549560547,118.4960184002822,106.13287259092874,3.9605540802362253,40.49021904272707
2022-07-21 04:00:00,113.40274047851562,113.61102574731211,110.19922133413515,113.34323472563415,32676200,112.43363571166992,112.45590171813964,111.60042404174804,130.20964855194092,112.1692163266087,112.08481093568008,113.80965755665017,52.173495836223125,-0.01964578488001223,-0.10156521252252584,0.08191942764251361,0.9508883370429544,112.45590171813964,118.59910435385261,106.31269908242668,3.8534743055908143,40.49333394363332
2022-07-22 04:00:00,107.01553344726562,111.41913313763787,105.62700788655945,110.0901208958507,48901200,111.29767532348633,112.24058227539062,111.47158950805664,130.07018642425538,111.23218307581905,111.60202260345014,113.54322131706647,42.41507261537109,-0.4275716203711113,-0.16676649409224295,-0.2608051262788683,-5.82340019344596,112.24058227539062,118.83634497930004,105.64481957148121,4.230394665855767,45.323959343048934
2022-07-25 04:00:00,106.62871551513672,108.9693706048637,105.4286350985414,107.52133950136387,34690900,110.4877212524414,111.72162132263183,111.35073822021485,129.9211432647705,110.3951889738768,111.12837430932505,113.27206422679473,41.903903644073175,-0.7731562938132015,-0.28804445403643464,-0.48511183977676686,-9.490411586282965,111.72162132263183,118.37109139318343,105.07215125208023,3.9416737231486363,40.83074099871651
2022-07-26 04:00:00,104.15911102294922,106.32124110364808,103.21690153174416,105.72616102673679,47991000,109.59504852294921,111.18537750244141,111.1955404663086,129.75152019500732,109.26135661916268,110.46463494871784,112.91469351291843,38.697401305709604,-1.2321081052165397,-0.47685718427245566,-0.7552509209440841,-12.00930079314675,111.18537750244141,118.46134011921765,103.90941488566517,3.893961632331599,41.09365936087571
2022-07-27 04:00:00,112.13321685791016,112.97625525163264,107.12461749425067,108.36437093577844,59858500,109.76429977416993,111.23757133483886,111.13622085571289,129.61898811340333,109.78351302620767,110.62354751149806,112.88404736958478,51.58088232767251,-0.9415336104477348,-0.5697924695075115,-0.37174114094022326,-2.261900819422591,111.23757133483886,118.5255996489971,103.94954302068062,4.196640141627113,48.72917189715486
2022-07-28 04:00:00,113.28372192382812,113.40273342218575,110.54634395877491,111.44888817788124,32816600,110.14639205932617,111.36246452331542,111.1317578125,129.49653022766114,110.41991464395684,110.8768974555295,112.89972088151589,53.11199555917597,-0.611367620849677,-0.5781074997759447,-0.03326012107373233,0.17498531107034143,111.36246452331542,118.70331870604774,104.02161034058311,4.203476260863036,48.818540330684115
2022-07-29 04:00:00,115.36649322509766,115.75329568436271,112.13321420730232,112.15305449933629,37223400,110.59691772460937,111.72729949951172,111.12872283935548,129.3967102432251,111.31929256780062,111.30447800501219,112.99645705185243,55.83475229967213,-0.17957641270605507,-0.4984012823619668,0.3188248696559117,4.460120848175464,111.72729949951172,119.10432127958185,104.35027771944158,4.177050260511502,48.14989412853535
2022-08-01 04:00:00,113.91846466064453,115.76321838407448,113.4027229923445,114.35486029276694,26034300,111.17514038085938,112.03091545104981,111.18744735717773,129.2840313720703,111.79186931195404,111.55342911507242,113.03261421298154,53.50832915482845,0.04525574708205227,-0.38966987647316303,0.4349256235552153,4.070483877757725,112.03091545104981,119.23312762020566,104.82870328189395,4.113008743476726,48.45937373153771
2022-08-02 04:00:00,114.18624877929688,115.39624935448683,112.78781082558956,113.0655143870716,20236000,111.30605773925781,112.12349967956543,111.28158920288087,129.1549929046631,112.2272110332891,111.80417384499856,113.0778547842096,53.89094478805236,0.24225226068796246,-0.263285449040938,0.5055377097289004,2.9992559255496154,112.12349967956543,119.38947167620205,104.8575276829288,4.0871863203454595,46.28403907369907
2022-08-03 04:00:00,117.11207580566406,117.64765022278551,114.53339005300344,114.76150045832908,28499000,111.72063217163085,112.29746208190917,111.4635255432129,129.03950744628906,113.11536826462999,112.30968831744289,113.23605953014899,57.96175322013223,0.6272328559505098,-0.08518178804264842,0.7124146439931582,8.300490071952616,112.29746208190917,119.87548737922532,104.71943678459303,4.123282478477024,46.96513454590721
2022-08-04 04:00:00,117.2211685180664,117.80632850385459,115.93182192650802,116.51698947915064,21602900,112.10247497558593,112.26805534362794,111.59646667480469,128.91757526397706,113.86187740161843,112.7774483365499,113.3923383139889,58.11025577538539,0.9304104292287576,0.1179366554116328,0.8124737738171248,3.84851690676542,112.26805534362794,119.7600990770658,104.77601161019007,4.0607278563289375,45.1265841115152
2022-08-05 04:00:00,116.50706481933594,117.14181794438285,115.0491136341377,115.27723158541431,19159500,113.05162811279297,112.17465171813964,111.82458099365235,128.78979633331298,114.34282056847616,113.13264990633905,113.51448445145348,56.698336477404126,1.100374210910104,0.31442416651132704,0.785950044398777,3.1343262111407144,112.17465171813964,119.38749381664772,104.96180961963157,3.83969824276864,45.142631780630296
2022-08-08 04:00:00,116.33846282958984,119.16509908636492,115.92189993370644,117.4195241692398,19138300,114.02260284423828,112.25516204833984,112.05259643554687,128.6684541320801,114.70566461595136,113.43796542283913,113.62522870157648,56.35020867205391,1.2075471095022294,0.4930487551095075,0.7144983543927219,2.5887578542516776,112.25516204833984,119.62231491740108,104.8880091792786,3.7178471266088238,43.7009326072168
2022-08-09 04:00:00,115.67395782470703,116.35830417801051,114.76150106487229,116.17977937135981,19086500,115.17408752441406,112.38456802368164,112.22789764404297,128.54320919036866,114.88171792663421,113.65091708015989,113.70557102013062,54.91897333872311,1.2247443133145026,0.6393878667505065,0.5853564465639961,8.090810837015594,112.38456802368164,119.9025352041062,104.86660084325707,3.625042911085036,43.405348104190345
2022-08-10 04:00:00,118.71878814697266,119.92878873304059,117.43936923676468,117.80633141765588,30930400,115.83264465332032,112.79847221374511,112.3743571472168,128.4546089935303,115.57936705760483,114.13357146747539,113.90216777020285,59.93983008779668,1.4671531532533777,0.8049409240510808,0.6622122292022969,11.338477232354593,112.79847221374511,120.76401114881338,104.83293327867685,3.685259089310507,43.21360982802945
2022-08-11 04:00:00,117.86582946777344,120.49410814131456,117.58812592192379,120.28583048192732,24293700,116.29085540771484,113.2186237335205,112.47508438110351,128.3623363494873,115.9950874958173,114.48902461036091,114.05760548383307,57.99134626797925,1.5723126271924315,0.9584152646793509,0.6138973625130806,13.159404213621052,113.2186237335205,121.3284935908798,105.1087538761612,3.3374197769844067,43.151911487768764
2022-08-12 04:00:00,120.68254852294922,120.68254852294922,118.48074539699118,119.27419055535846,19096300,116.8224609375,113.70968933105469,112.62956726074219,128.27491634368897,116.847353137114,115.07888403060743,114.31740717164155,62.344553305697666,1.8614799729741662,1.139028206338314,0.7224517666358523,7.6242632688156675,113.70968933105469,122.38800397283514,105.03137468927424,3.285704316188227,43.62810747045657
2022-08-15 04:00:00,121.07927703857422,121.29747484616601,119.62132583953287,120.13705992096004,19494800,117.53854217529297,114.35684127807617,112.71798645019531,128.15521812438965,117.6167938464704,115.65035003136617,114.58257853897224,62.9272729532145,2.098469997576956,1.3309165645860423,0.7675534329909135,6.881443319798253,114.35684127807617,123.21370053292308,105.49998202322926,3.1617282464196967,42.25515096604897
2022-08-16 04:00:00,120.70238494873047,121.42640424546009,119.65107651347627,120.52386016096523,19041200,118.19015579223633,114.74810676574707,112.85999282836914,128.0354629135132,118.17781041051768,116.1314962139723,114.82257094719806,61.94652570105664,2.2301662889155267,1.5107665094519394,0.7193997794635874,4.625165916434404,114.74810676574707,124.01176789848486,105.48444563300927,2.6587413537982973,39.899660855067935
2022-08-17 04:00:00,118.57002258300781,120.29575726084148,118.40141036356964,119.13534985161822,22847000,118.3359504699707,115.02829132080078,112.91413528442382,127.89415088653564,118.24912171460679,116.36373682054712,114.96952983487688,56.57416672197489,2.1378291627679573,1.636179040115143,0.5016501226528143,4.083234387173285,115.02829132080078,124.4033476228896,105.65323501871195,2.6190688624947254,40.60692718227625
2022-08-18 04:00:00,119.18494415283203,119.82961750509602,117.74683307742816,118.45101217804252,17987700,118.53232803344727,115.3174015045166,112.97405029296876,127.77847206115723,118.41927124882955,116.63242323314569,115.13484020028689,57.71309754400566,2.0901761075355694,1.7269784535992285,0.36319765393634085,4.377668438164406,115.3174015045166,124.83690100958746,105.79790199944573,2.5092619303952586,40.61453548411496
2022-08-19 04:00:00,116.24919128417969,118.17329090592166,115.80288310465481,118.08402472990431,21809500,118.50654067993165,115.77908439636231,112.97436752319337,127.63851623535156,118.02471125525683,116.59592495229178,115.1785402427925,50.855505979736606,1.7948303099819611,1.7405488248757752,0.05428148510618591,-0.7368023455721517,115.77908439636231,124.46219969384427,107.09596909888035,2.5822309058557757,35.764399238222616
2022-08-22 04:00:00,113.30354309082031,114.68214829640736,112.91674062691341,114.25567281481072,21456600,118.20304870605469,116.11282577514649,112.96255508422851,127.47805229187011,117.1663170435411,116.28236477500879,115.10501094271515,45.06894317080923,1.3079996405197534,1.654038988004571,-0.34603934748481757,-3.3420801692847,116.11282577514649,123.76726681787903,108.45838473241395,2.6339460578821337,37.2107114194173
2022-08-23 04:00:00,112.92667388916016,114.0672486879377,112.5001983580296,112.54979152761548,15870400,117.9283203125,116.55120391845703,113.01608291625976,127.30742504119873,116.39547283365364,115.96277516683273,115.01958596022281,44.3732805259328,0.8816099815149983,1.4995531867066565,-0.6179432051916582,-3.0731105755069765,116.55120391845703,122.01344716300135,111.08896067391272,2.498635264054952,35.986271596812365
2022-08-24 04:00:00,112.75804901123047,113.83911029938794,111.94477111702129,112.56960408080326,17734600,117.33224639892578,116.58244552612305,113.16083618164062,127.13305603027344,115.73412304775852,115.65756315201347,114.93089823673292,44.04568320305745,0.524045614750321,1.3044516723153896,-0.7804060575650686,-3.077583914447868,116.58244552612305,121.94452239632477,111.22036865592133,2.5000518786992436,23.79737481938011
2022-08-25 04:00:00,115.69378662109375,115.76321250751124,113.17460685174579,113.30353847884851,16956800,117.11504211425782,116.70294876098633,113.35789749145508,126.97247817993164,115.72678915200127,115.66101300621159,114.96081542827648,50.84914781950592,0.4721204573625357,1.1379854293248188,-0.6658649719622831,0.017141971070766537,116.70294876098633,121.85718240910563,111.54871511286703,2.559559636724391,25.278435262425404
2022-08-26 04:00:00,109.43551635742188,114.17634005588431,109.28675199221415,113.77961742600252,37245700,115.99033889770507,116.40639991760254,113.3693130493164,126.78116676330566,114.58292137116865,115.0681085634697,114.744137033341,39.752681023060894,-0.07317717082521824,0.8957529092948114,-0.9689300801200297,-7.81954729697728,116.40639991760254,122.48413715898991,110.32866267621517,2.7855478850259,31.144470657117377
2022-08-29 04:00:00,108.52306365966797,110.04052077631388,107.9081507488915,109.08839096914106,21191200,114.73471755981446,116.13662986755371,113.4364877319336,126.60029415130616,113.4811290599867,114.44477095358383,114.50017337162834,38.43570866241509,-0.5723589788179453,0.60213053167226,-1.1744895104902053,-7.926611003624206,116.13662986755371,123.09456934623452,109.1786903888729,2.823802664617626,30.99879177390144
2022-08-30 04:00:00,108.04701232910156,109.59422246008539,106.91635760771248,109.26692568103704,27513300,113.46918029785157,115.82966804504395,113.47212326049805,126.41767101287842,112.4931078361894,113.83546060839504,114.24710823270573,37.733342435220926,-0.9949088322042314,0.28272265889696174,-1.2776314911011932,-10.470060790475323,115.82966804504395,123.63944319939357,108.01989289069432,2.711162232049008,30.958682513565783
2022-08-31 04:00:00,107.3328857421875,109.94132403011254,107.24361956746938,109.74296652362271,28627000,112.34546661376953,115.34070854187011,113.40618804931641,126.21703914642335,111.55488563727995,113.21616776399432,113.9759622526854,36.65134859287577,-1.3715957803125036,-0.04814102894493133,-1.3234547513675723,-11.353215539936945,115.34070854187011,123.99164587763548,106.68977120610475,2.6962852494241787,29.12441047329597
2022-09-01 04:00:00,108.84042358398438,109.54460257617076,106.4799359383376,107.39239258453512,28360900,111.31101455688477,114.92167129516602,113.37152420043945,126.02506580352784,111.0613470821353,112.79943022304099,113.77456857940301,40.52827662908349,-1.530830731988317,-0.3446789695536085,-1.1861517624347084,-9.827445720964489,114.92167129516602,123.99087465214912,105.85246793818293,2.7139957910425627,29.79448050911884
2022-09-02 04:00:00,106.96591186523438,109.83222085343425,106.38075194708414,109.68344894593474,24160700,110.38268661499023,114.44461364746094,113.28440399169922,125.82657627105714,110.31672249724421,112.24385704610702,113.50756243374934,37.45850918882339,-1.787675794403981,-0.633278334523683,-1.154397459880298,-9.7867154487971,114.44461364746094,124.14451696509927,104.74471032982261,2.840804355308061,30.180740414525847
2022-09-06 04:00:00,105.93444061279297,107.14444107919324,104.91288507482174,106.42042936854642,25068300,109.6457763671875,113.92441253662109,113.06293411254883,125.62208137512206,109.51994397279853,111.64296024293425,113.21057726430008,35.84940933568514,-2.050817914218939,-0.9167862504627342,-1.134031663756205,-11.117598480432067,113.92441253662109,124.28976765741426,103.55905741582792,2.873392089050038,30.225756023503003
2022-09-07 04:00:00,108.55280303955078,109.07846482937784,106.02371068181908,106.18239517986085,23167000,109.20838928222656,113.56835479736328,112.93631042480469,125.42179424285888,109.34410016675348,111.34865955689773,113.02791945156483,42.591103132360615,-2.024740032005326,-1.1383770067712526,-0.8863630252340733,-6.620595085100012,113.56835479736328,124.16726759966193,102.96944199506464,2.9336099198660404,31.9448301652336
2022-09-08 04:00:00,107.49158477783203,108.70158540495544,106.28159171756349,107.15437545780347,24238300,108.68174285888672,113.00699462890626,112.8643553161621,125.22072372436523,109.00727918694957,110.98131910174861,112.81080828788905,40.723136057443895,-2.0658902701573396,-1.32387965944847,-0.7420106107088695,-5.129546838910071,113.00699462890626,123.6465255862456,102.36746367156691,2.9576962955606185,30.06817607176141
2022-09-09 04:00:00,109.74298095703125,110.08019027578453,108.12633755578807,108.17593072235994,23197700,108.08666229248047,112.60085220336914,112.8434977722168,125.04392501831055,109.14104314514623,110.86338213558504,112.69050133373776,46.121901751096296,-1.8949890205664417,-1.4381015316720644,-0.45688748889437725,-2.8192567995527495,112.60085220336914,123.0783435270063,102.12336087973199,2.9010208991159954,31.39860441082411
2022-09-12 04:00:00,109.95124053955078,110.70501265962278,109.02886378785257,110.08017215782019,22966800,108.13823471069335,112.06428680419921,112.88112670898437,124.87074642181396,109.28835176231068,110.7765115073913,112.58307934180885,46.60633809705353,-1.722883413642478,-1.4950579080661472,-0.22782550557633074,-2.489231142514836,112.06428680419921,121.87720250471332,102.2513711036851,2.782713628723419,29.794156177642943
2022-09-13 04:00:00,103.4648666381836,107.4122450675289,103.2367486673143,106.91634367306543,38172900,107.63241500854492,111.18356628417969,112.79350112915039,124.66345970153809,108.22953628519666,110.08016437699057,112.22550237303923,35.80744074300978,-2.0858403756926975,-1.6132144015914573,-0.4726259741012402,-10.570074971234911,111.18356628417969,120.74841255271902,101.61872001564036,3.1503880246040175,35.329434360000725
2022-09-14 04:00:00,104.13928985595703,104.41699341820953,102.8102777889331,103.7128143662537,26395100,107.24164276123047,110.35541152954102,112.62959564208984,124.4790686416626,107.485855116244,109.5143668035588,111.90839599982033,37.430784001326316,-2.2926379624829423,-1.7490991137697542,-0.543538848713188,-4.839586523416317,110.35541152954102,119.29799993788228,101.41282312119975,3.129843485097573,35.6552319522201
2022-09-15 04:00:00,102.06642150878906,104.40706896560022,101.51100684033769,103.17723571198333,34188300,106.71499633789062,109.53023147583008,112.39826751708985,124.26771297454835,106.5005035512522,108.80503868024739,111.52243621585832,34.53965446875098,-2.5938889546142576,-1.918057081938655,-0.6758318726756025,-5.949557571584185,109.53023147583008,118.32575717722214,100.73470577443801,3.122050530024841,35.75186569812339
2022-09-16 04:00:00,101.95732879638672,102.28461796293107,100.11257502049808,101.23330943767259,42797200,106.02668685913086,108.66885070800781,112.08122802734376,124.07382789611816,105.67447177764029,108.15287583416543,111.14733396411434,34.38910880496846,-2.809054376166742,-2.096256540784273,-0.7127978353824691,-5.6361424545143475,108.66885070800781,116.8350439885446,100.50265742747102,2.8195511238500828,35.53224066498883
2022-09-19 04:00:00,102.22511291503906,102.48298375828159,100.71757600878111,100.91593353936474,23036800,105.55260696411133,107.96764678955078,111.7582275390625,123.88547714233398,105.0473156208037,107.58832698472483,110.79744294258198,35.13645989198557,-2.9242575616368356,-2.2618567449547853,-0.6624008166820503,-4.758814404205303,107.96764678955078,115.79456848181847,100.1407250972831,2.7933395325699473,35.10736277763943
2022-09-20 04:00:00,100.3109359741211,101.5308567644108,99.69601550554796,101.24323304040989,26517100,104.99025650024414,107.31801643371583,111.4698811340332,123.67806148529053,104.18615568504323,106.89524212657209,110.38620737519136,32.30386080638149,-3.133889470763421,-2.4362632901165124,-0.6976261806469086,-7.836690936140734,107.31801643371583,115.43170051198099,99.20433235545066,2.7827132866498183,34.704588311372255
2022-09-21 04:00:00,98.46617889404297,102.03666739252802,98.45625874751293,100.83658693545453,31487300,103.98159408569336,106.59499168395996,111.17748794555663,123.46620506286621,103.14615990486136,106.09247419966455,109.91875527789142,29.809689126392314,-3.4095772638373205,-2.630926084860674,-0.7786511789766464,-7.946207182247145,106.59499168395996,115.16843996007196,98.02154340784796,2.84576358539067,34.97080991717964
2022-09-22 04:00:00,99.31912994384766,100.4101114902342,97.98019770206167,98.00995057481285,34298600,103.16434860229492,105.92304573059081,110.95505645751953,123.25289318084717,102.45033627558614,105.44739379434866,109.50308369616423,32.4082633379183,-3.518674712969627,-2.8084758104824648,-0.7101989024871624,-6.244721386810648,105.92304573059081,114.5689298628734,97.27716159830823,2.800424096129196,35.350967425535316
2022-09-23 04:00:00,97.93061065673828,98.84307502364526,96.67102437480322,98.81331458217939,31625400,101.98311157226563,105.03488693237304,110.72441268920899,123.0122346496582,101.62856798125017,104.73150968600481,109.04926122402988,30.43304179911128,-3.6748161366122787,-2.9817438757084274,-0.6930722609038513,-9.785276920893827,105.03488693237304,113.08347430604731,96.98629955869878,2.743041000607362,33.32411179971875
2022-09-26 04:00:00,97.36528778076172,99.06126981264472,96.99832555468079,97.29586188121758,27072700,100.72451629638672,104.43137550354004,110.45449371337891,122.76420223236084,100.85342612661591,104.02996474264833,108.59106618703898,29.640939373722105,-3.800367895822049,-3.145468679731152,-0.6548992160908971,-9.420548611316647,104.43137550354004,112.89027358775098,95.9724774193291,2.7309973044353932,28.54790986352212
2022-09-27 04:00:00,96.7007827758789,99.18029002654248,96.07594967277971,98.6149626760654,30072800,100.04810791015625,103.84026145935059,110.22578460693359,122.51556480407714,100.09840006284554,103.3319474124798,108.12478056307191,28.695494790092525,-3.908434569144319,-3.2980618576137855,-0.6103727115305335,-11.884311932677393,103.84026145935059,112.73624967977037,94.9442732389308,2.728162742805243,28.534205422334246
2022-09-28 04:00:00,99.2298583984375,99.87452406900852,96.31395617901546,96.84953051932892,32466300,99.55716476440429,103.39940376281739,109.95284027099609,122.27777267456055,99.94048339658953,102.9412722682853,107.77596008602742,36.93969322948525,-3.7468120034902057,-3.3878118867890694,-0.3590001167011363,-9.75103335669657,103.39940376281739,112.2915094730213,94.50729805261346,2.8096323287053218,30.68396132081293
2022-09-29 04:00:00,96.62142944335938,97.8314301011561,95.17339822616405,97.8314301011561,31047200,99.01266555786133,102.86383094787598,109.62594223022461,122.03772415161133,99.33701904145677,102.33938247543522,107.33852751180515,32.73576030016082,-3.7855657276307966,-3.467362654957415,-0.31820307267338155,-6.614261842868563,102.86383094787598,112.04404106366835,93.68362083208362,2.9144790911568177,31.679037107232134
2022-09-30 04:00:00,94.8659439086914,98.08930316415186,94.77667771762164,96.25446940903004,32941500,98.3035270690918,102.16510696411133,109.25520629882813,121.79841701507569,98.52409629004488,101.62762642145961,106.84940658619286,30.241356878901442,-3.9128267139522706,-3.5564554667563866,-0.356371247195884,-8.904752433104058,102.16510696411133,111.554848935251,92.77536499297166,3.031370275068247,31.16301251835566
2022-10-03 04:00:00,97.8314208984375,98.47609418773558,95.72879638211501,95.9668344859771,27982000,97.86415786743164,101.70838241577148,109.07152404785157,121.56137119293213,98.39815530975262,101.26608303831465,106.49576008863383,38.73404981040448,-3.7313797301052745,-3.5914403194261646,-0.13993941067910987,-4.149259421216101,101.70838241577148,111.00303983770569,92.41372499383728,2.8096315898402255,33.637524959186486
2022-10-04 04:00:00,100.80683135986328,101.00518888401722,99.5571577705009,99.61667108123069,28850800,97.91374740600585,101.452001953125,108.9550863647461,121.34910057067871,98.83609640977275,101.22234478322405,106.27266484436832,45.856519035430146,-3.309342885665785,-3.5350208326740886,0.22567794700830346,-1.1284107283950462,101.452001953125,110.53633463605325,92.36766927019676,2.9215639010047463,35.72423101425651
2022-10-05 04:00:00,100.59856414794922,101.09446557674383,97.99012535655747,99.01168108917751,22176900,98.12698593139649,101.05429000854492,108.8838754272461,121.14927715301513,99.1565450894412,101.16293710367405,106.05015109156757,45.45815337162736,-2.9575878377172558,-3.4195342336827226,0.4619463959654668,-1.5911440160909285,101.05429000854492,109.50398898291695,92.6045910341729,2.9364409077850198,34.28008877584335
2022-10-06 04:00:00,100.58863067626953,102.08625491156727,99.76543259746941,99.85469877759263,22324000,98.25393600463867,100.70914230346679,108.65298370361329,120.94998916625977,99.41692428704633,101.10824125344504,105.83597382037941,45.43787823938282,-2.6490839849261505,-3.2654441839314083,0.6163601990052578,0.27683392588429,100.70914230346679,108.59695097119501,92.82133363573857,2.947068005761082,34.21993098336949
2022-10-07 04:00:00,97.87110137939453,99.7059350605101,97.49421903648668,99.03150884851111,27502800,98.2479850769043,100.11554832458496,108.3447312927246,120.72786251068115,99.13586557656419,100.79994221782118,105.52362588151725,40.16060036272548,-2.593972659727399,-3.1311498790906067,0.5371772193632078,-0.6043471183021953,100.11554832458496,106.84224933398018,93.38884731518975,3.0419968550669654,33.98611637533149
2022-10-10 04:00:00,97.05782318115234,98.2876565416277,96.21479230959145,98.18847777441846,18225100,98.21723861694336,99.47087745666504,107.9785578918457,120.48707763671875,98.7580396864893,100.44354992861463,105.19163361875783,38.71155457071805,-2.5861102223547903,-3.0221419477434432,0.436031725388653,-2.276808872544289,99.47087745666504,104.48091447465804,94.46084043867204,3.0094087709630477,33.88488796695785
2022-10-11 04:00:00,96.38339233398438,98.43642374055914,95.52052121037734,96.6313430235072,26507100,98.18549957275391,99.11680374145507,107.6278564453125,120.24043365478515,98.32628562239748,100.05686825293556,104.84621239190398,37.50309533146265,-2.604279602849985,-2.938569478764752,0.334289875914767,-1.5799128713463673,99.11680374145507,103.93563713953233,94.29797034337781,2.9619440484749555,27.529204705734188
2022-10-12 04:00:00,96.76028442382812,97.94053224647043,95.9470063827848,96.50242112883399,21876400,97.93854217529297,98.74785346984864,107.27933715820312,119.99076461791992,98.0415581317485,99.74290788825867,104.52911717746963,38.65556849369576,-2.558771006579775,-2.8626097843277565,0.3038387777479814,-0.6213747945734927,98.74785346984864,103.04977025751751,94.44593668217976,2.9307734824401765,27.419973545641792
2022-10-13 04:00:00,98.24798583984375,98.96208508756953,93.60634829648116,94.37004071240933,34574500,98.1011978149414,98.55693168640137,106.90205535888671,119.75458175659179,98.07909044231127,99.6005343598382,104.2827983014843,43.11475257497781,-2.3752793038758995,-2.765143688237385,0.3898643843614855,1.5999902167811442,98.55693168640137,102.56780557723165,94.54605779557109,3.1241757125861724,27.484739712343508
2022-10-14 04:00:00,95.76847076416016,99.86462094928686,95.58003338781863,99.1703544867437,25410700,98.19145050048829,98.24748878479004,106.4730014038086,119.50615993499756,97.65897777355651,99.23557592215458,103.94890310394219,38.138732024364046,-2.402245362736494,-2.692564023137207,0.2903186604007133,-3.4882521149822043,98.24748878479004,102.10580816587863,94.38916940370144,3.2828645199793365,28.715160527095517
2022-10-17 04:00:00,99.1505126953125,100.10264233670719,98.01985827322795,98.04961114220063,28419200,98.32335968017578,98.09375877380371,106.12587036132813,119.2769021987915,97.93016594114852,99.22747466245534,103.76073093105475,47.10599024895246,-2.1262040825753843,-2.5792920350248427,0.45308795244945843,2.6175179424722694,98.09375877380371,101.50373748207728,94.68378006553014,3.3707096070353555,31.74479897927761
2022-10-18 04:00:00,99.94396209716797,102.62183412414964,99.15052441894925,102.28461724659432,24060700,98.23707275390625,98.07541007995606,105.7979803466797,119.05829879760742,98.29631069678841,99.29571156099941,103.61105372188273,48.97473945935946,-1.822407069394302,-2.4279150418987347,0.6055079725044328,5.352835779891851,98.07541007995606,101.43878649645491,94.7120336634572,3.3643348598099334,31.216369269959042
2022-10-19 04:00:00,98.81330871582031,100.1919139812081,98.10912964670428,99.19019861679422,23811100,98.05854721069336,98.09276657104492,105.46076736450195,118.8333504486084,98.39031033661237,99.24976843288712,103.42290685889989,46.45601083543908,-1.6538158664750995,-2.273095206814008,0.6192793403389083,1.0036528227491903,98.09276657104492,101.46819476347285,94.71733837861699,3.2233580142549605,30.76114128311294
2022-10-20 04:00:00,99.1505126953125,101.48124742270245,98.57526533899474,99.18026556428518,25323200,97.91473541259765,98.08433570861817,105.06940185546875,118.61302383422851,98.52852894728511,99.24031550549905,103.2553619897396,47.32607801847558,-1.4759823744680745,-2.113672640344821,0.6376902658767465,-1.6430619256724843,98.08433570861817,101.447687316857,94.72098410037934,3.194312059767639,30.62922717939981
2022-10-21 04:00:00,100.3010025024414,100.47952728786818,96.91895929172544,97.04789091631268,32458700,98.15772552490235,98.20285530090332,104.71810531616211,118.43130069732666,98.85079686640442,99.34133331473166,103.1395047549436,50.29382696197711,-1.2280568633586313,-1.9365494849475833,0.708492621588952,-0.29579114575650767,98.20285530090332,101.70748919878041,94.69822140302624,3.1907704681318214,30.41588856976944
2022-10-24 04:00:00,101.67961120605469,101.90772916035505,99.1604389639881,100.96551960605208,27176400,98.61990432739258,98.41857147216797,104.33804656982421,118.25660701751708,99.36512674634082,99.56402644723862,103.0822540275362,53.662848299359304,-0.9098437958096497,-1.7312083471199966,0.8213645513103469,1.0845962634647321,98.41857147216797,102.22431013187696,94.61283281245898,3.160307768902338,30.596455426544054
2022-10-25 04:00:00,103.62355041503906,103.9607597041695,101.87797552764937,102.05650031802847,40611400,99.34392013549805,98.76470985412598,103.98893203735352,118.09525554656983,100.13938559519505,99.95064777750532,103.10348133685004,57.98702305287132,-0.4950908994826335,-1.483984857592524,0.9888939581098906,5.877576684608177,98.76470985412598,103.1306568905929,94.39876281765906,3.1015083601829425,30.94891160977273
2022-10-26 04:00:00,94.15184020996094,97.50413095357072,93.91380965641918,95.63954441159298,88114100,99.08307571411133,98.51080894470215,103.45792114257813,117.87835071563721,99.05074097969793,99.39838039012015,102.75243658677596,38.926062467400044,-0.9200780096089289,-1.371203487995805,0.4511254783868761,-2.994073920004958,98.51080894470215,103.32995898975585,93.69165889964844,3.6292882490773732,44.6899736959758
2022-10-27 04:00:00,91.46405029296875,94.64773619425107,91.04749495639449,93.74519206481907,60710900,98.40468215942383,98.25293998718261,102.91580169677735,117.64271816253662,97.6713426730199,98.64272990467717,102.30975477133255,35.37274258999658,-1.4569704908684287,-1.38835688857033,-0.06861360229809876,-5.103931208365542,98.25293998718261,103.96667429202645,92.53920568233877,3.665418934654068,44.858231612627634
2022-10-28 04:00:00,95.50067901611328,95.7585498263694,91.37477631943048,91.51362808644829,43697300,98.37790298461914,98.28467674255371,102.44211639404297,117.41886581420898,97.27667655358232,98.34348696290918,102.04273219269649,43.68678643894397,-1.5389988274349093,-1.4184852763432458,-0.1205135510916635,-1.301779356287891,98.28467674255371,103.9257882826948,92.64356520241263,3.830483882861402,47.32730755591948
2022-10-31 04:00:00,93.73529052734375,95.24282754689693,93.2096362216236,94.63782719623836,31675000,97.83638076782226,98.07987022399902,101.99183837890625,117.200287399292,96.6327881851753,97.90461111190295,101.71695016660424,41.191012640684384,-1.726556305872478,-1.4800994822490923,-0.24645682362338572,-4.593168271007864,98.07987022399902,104.07649597807372,92.08324446992432,3.78585104459768,46.36063376953917
2022-11-01 04:00:00,89.72838592529297,95.24280617454373,89.62920717480318,94.66755882810794,47161400,96.81482315063477,97.52594795227051,101.52033523559571,116.95724369049073,95.37744231974214,97.12592299889248,101.24681039243517,36.14389457801991,-2.1734663064544435,-1.6187728470901626,-0.5546934593642809,-6.3069659468005135,97.52594795227051,104.43866845194174,90.61322745259929,4.044427697173032,46.9053326588154
2022-11-02 04:00:00,86.25709533691406,90.43258444006051,86.16782914537849,90.19455387405776,57038300,95.55920181274413,96.80887451171876,100.98694366455078,116.71411312103271,93.7191974137734,96.09079655489454,100.65897842947356,32.43594207226754,-2.7757526922345903,-1.8501688161190484,-0.9255838761155419,-13.003883699542374,96.80887451171876,105.19739147435422,88.42035754908329,3.9665004474297203,48.34162221633409
2022-11-03 04:00:00,82.74609375,85.81076024558902,82.65682757850765,85.61240274626711,61288000,93.91875991821288,95.91674766540527,100.38670455932618,116.4577991104126,91.72408765672368,94.81987247823793,99.95651236361185,29.17573111953351,-3.496076879568463,-2.1793504288089314,-1.3167264507595315,-17.207511075504268,95.91674766540527,106.1949998191361,85.63849551167444,3.917620461496734,49.67971115054221
2022-11-04 04:00:00,85.87026977539062,85.92977550920158,83.02379362739967,84.69994242037153,51124900,92.4756866455078,95.31670608520508,99.79023422241211,116.22607669830322,90.65975713284494,93.96752936368104,99.40411069348553,35.398072245886,-3.771370085516054,-2.4977543601503562,-1.2736157253656977,-13.098477430457168,95.31670608520508,106.47785054114523,84.15556162926494,3.835442617686344,51.877383631424436
2022-11-07 05:00:00,87.76461791992188,88.1712606549143,86.13806211366017,86.56453757303696,34078900,91.08418731689453,94.85204582214355,99.3568162536621,116.01848491668702,90.13336818504074,93.37677589284684,98.94765999648304,38.90316423411928,-3.7929609779566533,-2.7567956837116157,-1.0361652942450377,-11.48344518437262,94.85204582214355,106.47233031139827,83.23176133288884,3.751847578449668,52.80982397971077
2022-11-08 05:00:00,88.17127990722656,89.57963821850713,86.87201295416122,88.17127990722656,30429000,89.53896026611328,94.44144020080566,98.94978057861329,115.8106824874878,89.77662486180179,92.8810143704068,98.52505685572788,39.66002765147902,-3.734212020306529,-2.9522789510305985,-0.7819330692759308,-12.09332139518705,94.44144020080566,106.4090541889019,82.47382621270941,3.796479073438388,52.89803424186065
2022-11-09 05:00:00,86.60420989990234,88.70683431006073,86.56453688459513,87.72494420662868,31769100,88.78419723510743,93.93363647460937,98.52092453002929,115.61423114776612,89.19982214145642,92.283223468454,98.05757266138178,37.72084077476207,-3.770636945577394,-3.115950549939958,-0.654686395637436,-14.82637583615648,93.93363647460937,106.34077215041972,81.52650079879902,3.741930169278237,53.0330311184627
2022-11-10 05:00:00,93.16996765136719,93.61627593347617,90.85906505838082,91.49381831450972,51620100,88.95478897094726,93.67973556518555,98.2376661682129,115.43921283721924,89.921666779622,92.3676752953981,97.86590187667532,48.977500131053496,-3.2324406197259776,-3.139248563897162,-0.09319205582881551,-10.088037634111725,93.67973556518555,105.92186378281784,81.43760734755327,3.9884657433804582,59.99335237237862
2022-11-11 05:00:00,95.61970520019531,96.1354392923686,93.15011094483498,93.91380328731896,33090500,88.96669158935546,93.6722972869873,97.97325180053711,115.27757385253906,90.95767376518079,92.67739242918832,97.77781573249963,52.43211777518587,-2.578519242360656,-3.027102699589861,0.4485834572292049,1.5590401493597916,93.6722972869873,105.90926157818458,81.43533299579002,4.005468468463792,60.13046671343605
2022-11-14 05:00:00,94.91551208496094,95.99658092538591,93.73527205818615,94.31051185350877,30179500,89.08471374511718,93.46054725646972,97.73224380493164,115.09086196899415,91.67728073241354,92.89054668211904,97.66556853063538,51.35569285017069,-2.0929777935904497,-2.8402777183899786,0.7472999247995289,3.7735720000774187,93.46054725646972,105.44227570589226,81.47881880704719,4.004051351969859,58.75625778132264
2022-11-15 05:00:00,97.63306427001953,99.31912590340235,95.91724219824151,97.4545394739204,41640800,89.87518157958985,93.34500236511231,97.56621627807617,114.9080553817749,92.76015046652371,93.34221502382384,97.66429385374849,55.17980717789013,-1.4719314381266173,-2.566608462337306,1.094677024210689,2.232848264404974,93.34500236511231,105.10601598785384,81.58398874237078,3.625042284814254,59.649301571620704
2022-11-16 05:00:00,98.0396957397461,98.82322078363063,96.83961537638496,97.09748619804606,29105200,91.05344161987304,93.30632171630859,97.35595413208007,114.7156753540039,93.72006778892776,93.78959413962596,97.67901549633663,55.74048486681384,-0.9361446727209,-2.240515704414025,1.3043710316931252,4.592086062982537,93.30632171630859,104.99648577348688,81.6161576591303,3.5095682969134754,59.52977264107039
2022-11-17 05:00:00,97.55371856689453,98.46617527590662,95.99658856050377,96.17511335721086,26052600,92.5342041015625,93.22648200988769,97.15719680786133,114.46951000213623,94.41709520310354,94.14808218031821,97.67410189126046,54.85725610682275,-0.5444678113601782,-1.901306125803256,1.3568383144430778,8.721133854025709,93.22648200988769,104.76947276281831,81.68349125695707,3.3728406689466133,59.545538316556154
2022-11-18 05:00:00,96.63134765625,98.08929899123865,95.5800391036644,97.96035978371822,28342300,93.61031188964844,93.04299926757812,96.8949641418457,114.2430814743042,94.81968655822108,94.38458365421648,97.63320956831889,53.136306188784175,-0.30497316001661545,-1.5820395326459278,1.2770663726293123,12.027129222024978,93.04299926757812,104.22347068468332,81.86252785047293,3.3884276041669392,59.46402884384051
2022-11-21 05:00:00,94.81632995605469,97.5933803480094,94.57829944346969,96.49247882288013,21647400,94.31548309326172,92.69983520507813,96.59226593017578,114.00657108306885,94.81907626691809,94.42570234962965,97.52274370117128,49.82398415233669,-0.2586471595776487,-1.317361058032272,1.0587138984546234,14.587076753764805,92.69983520507813,103.16242394325809,82.23724646689817,3.2028191687954513,59.5015354488081
2022-11-22 05:00:00,96.25446319580078,96.42306785300386,93.27905484436155,95.16347408012261,23438500,95.12380142211914,92.33138084411621,96.44805786132812,113.79754364013672,95.08005570853311,94.59987004926498,97.4730072107646,52.35813736659934,-0.10468143458642487,-1.0748251333431027,0.9701436987566778,12.09288552088157,92.33138084411621,101.62829633245495,83.03446535577747,3.122766148364043,59.32464569747965
2022-11-23 05:00:00,97.65290069580078,97.95044455619234,96.29412816473291,96.29412816473291,18868100,96.22867050170899,92.50643386840821,96.318330078125,113.59452655792236,95.54784570621814,94.89063487274458,97.48006185723662,54.75129585727478,0.12869620105725232,-0.8341208664630317,0.9628170675202841,11.266821425578556,92.50643386840821,102.07553610414197,82.93733163267444,2.9867456913629815,49.49270340945534
2022-11-25 05:00:00,96.66109466552734,97.83142220785665,96.60158892219253,97.43469959629758,9701400,96.577783203125,92.76628608703614,96.21022354125977,113.3756753540039,95.7502546079107,95.05925009110484,97.44794549677744,52.728300576243605,0.23095687384963526,-0.6211053184004983,0.8520621922501336,9.628775682097078,92.76628608703614,102.49709270584816,83.03547946822411,2.8471850861103056,48.39147851943867
2022-11-28 05:00:00,95.26264953613281,96.7801064114265,94.82625393968354,96.24453206128982,26237500,96.54207763671874,92.7543846130371,96.07632995605469,113.16457023620606,95.66159914031472,95.07862146682179,97.36224761596785,49.927124608704595,0.19688677099908602,-0.45750690052058146,0.6543936715196674,9.997712173851525,92.7543846130371,102.47168259981395,83.03708662626026,2.8223894855545404,46.24051725937517
2022-11-29 05:00:00,94.40970611572266,95.33208297513312,93.33855733056448,94.94528050830175,20061700,96.49149703979492,92.78810539245606,95.92002182006836,112.9707099533081,95.43398222675252,95.01491524290758,97.24646167478176,48.243688650517925,0.09990887601509257,-0.34602374521344664,0.4459326212285392,1.3306202584447036,92.78810539245606,102.52439780063443,83.05181298427769,2.7713823698561635,45.84977082361543
2022-11-30 05:00:00,100.16215515136719,100.21174831439473,93.64601154608545,94.04273414974281,43647500,96.7444061279297,93.30979385375977,95.91704620361328,112.79944538116455,96.29365003122791,95.50512856752277,97.36080259543218,58.42510966527486,0.4816753044293023,-0.18048393528489687,0.6621592397141991,4.750537498166851,93.30979385375977,103.46490303132612,83.15468467619343,3.0873423229164265,47.54294982382728
2022-12-01 05:00:00,100.16215515136719,101.4118287044889,99.42822325305634,100.191908022442,28687100,96.9566520690918,94.00504684448242,95.95096572875977,112.62281284332275,96.99701459852596,95.94865490884129,97.47065955841003,58.42510966527486,0.775290878777426,0.010671027527567684,0.7646198512498583,5.527698214081034,94.00504684448242,104.03024053995361,83.97985314901123,2.7281665670491924,44.62070919380115
2022-12-02 05:00:00,99.6166763305664,99.94396550598155,98.08929910016103,98.23807103454332,21480700,97.16294784545899,94.84857597351075,95.95691665649414,112.43785148620606,97.47331673162422,96.29799028233893,97.55481707888676,57.187898871568635,0.952982367233858,0.19913329546882574,0.7538490717650322,2.0317011202894086,94.84857597351075,103.64919734960627,86.04795459741523,2.6629899744543732,41.15049122308997
2022-12-05 05:00:00,98.66453552246094,100.54895459128153,98.18846689898945,98.58518949074,24405100,97.36626663208008,95.48828926086426,95.9715951538086,112.27391136169433,97.6899019663218,96.52337554330293,97.598335449223,54.998606230414055,1.0053848949536075,0.3603836153657821,0.6450012795878254,0.6373334576369238,95.48828926086426,103.35104426440762,87.62553425732091,2.670074176246682,40.27955202924494
2022-12-06 05:00:00,96.18502807617188,98.96207106432217,95.62961342505861,98.48601001120109,24910700,97.5031364440918,95.90930976867676,95.9479899597168,112.10816619873047,97.41628853174907,96.49115197500474,97.54291163067198,49.66635186031288,0.837188162893824,0.4557445248713905,0.38144363802243353,-1.4030121156110686,95.90930976867676,102.88209948149591,88.93652005585761,2.5935630205911218,41.44683051867363
2022-12-07 05:00:00,94.16175079345703,96.08584288669229,93.94355298868143,95.6197019736811,31045400,97.29386520385742,96.20883331298828,95.89720932006836,111.93522808074951,96.82455439751415,96.26930424342878,97.4103170880361,45.767050744578455,0.5344684538225266,0.47148931066161776,0.06297914316090886,-2.5556891450775887,96.20883331298828,102.23206206707766,90.18560455889889,2.6119822834657476,42.45838236178018
2022-12-08 05:00:00,92.94182586669922,94.79649955511114,92.68395505775045,94.59813448405295,32213300,96.82275772094727,96.52571411132813,95.7714486694336,111.76722660064698,96.1186037555478,95.95240154088312,97.23508213817975,43.54708639859869,0.19388813542049377,0.41596907561339297,-0.2220809401928992,-1.9769844395203462,96.52571411132813,100.84806434688055,92.20336387577571,2.586479267891307,42.169865347449154
2022-12-09 05:00:00,92.06906127929688,93.4873396713005,91.98971523447793,93.00135082192593,28225400,96.36355438232422,96.47066879272461,95.68040130615235,111.5695553970337,95.38232330532034,95.58255961120824,97.03249308489022,41.97829025594337,-0.1447800940652968,0.303819241677655,-0.4485993357429518,-4.348267890695068,96.47066879272461,100.99622197958914,91.94511560586008,2.5142195928376165,32.66259059286071
2022-12-12 05:00:00,92.54512023925781,92.79307094834755,90.85905844418969,91.95004005081348,29420000,96.09180145263672,96.31693954467774,95.63398483276367,111.36549449920655,94.86646820239987,95.29327967102247,96.85651767917915,43.18069759322186,-0.370492321567923,0.1689569290285394,-0.5394492505964624,-5.230546578902196,96.31693954467774,101.161820491553,91.47205859780247,2.43700042138177,31.2012182234509
2022-12-13 05:00:00,94.84609985351562,98.71413232006631,94.25101968178204,96.958644678424,40593700,96.13544082641602,96.31346893310547,95.57427841186524,111.16997539520264,94.8627648662391,95.2506911169742,96.77767776444726,48.71299069809329,-0.3595563217893982,0.06325427886495189,-0.4228106006543501,-1.8776890726223128,96.31346893310547,101.16267437358705,91.46426349262389,2.6530717836793554,32.46300754955334
2022-12-14 05:00:00,94.29068756103516,96.07593554575189,92.83273630132557,94.4196191950435,28733600,95.54829406738281,96.14635009765625,95.44395553588868,110.97661613464355,94.75875081074747,95.15926220688476,96.68014873686248,47.510487688357905,-0.3911971165563415,-0.027636000219306796,-0.3635611163370347,-1.0202970207426332,96.14635009765625,101.03429460573415,91.25840558957836,2.763587346824696,30.71208665208606
2022-12-15 05:00:00,90.1152114868164,92.87242231937816,89.27218054091779,92.36660072509676,40107000,94.54359970092773,95.75012588500977,95.23428848266602,110.75985027313233,93.9144709336691,94.67887642402111,96.42270021725282,39.596834064230734,-0.7446152367067924,-0.17103184751680395,-0.5735833891899884,-4.548785083222562,95.75012588500977,101.23958007858043,90.2606716914391,3.0342068992856426,34.136931055479366
2022-12-16 05:00:00,89.52011108398438,90.5813396378672,88.78617166028681,90.01601241882409,58011800,93.53394317626953,95.34844551086425,95.0129180908203,110.54344142913818,93.1154964155446,94.1875654392557,96.15201044732073,38.60975149322617,-1.060496528370166,-0.34892478368747637,-0.7115717446826896,-10.624815381917784,95.34844551086425,101.42636422111705,89.27052680061145,3.0228722925597444,34.148131911582006
2022-12-19 05:00:00,87.71502685546875,89.81764358437222,87.48690892157741,89.52010733603768,29493000,92.43899230957031,94.90262947082519,94.8097966003418,110.32789043426514,92.13359285916717,93.57113319318076,95.82114834567949,35.70249407993799,-1.439891763391202,-0.5671181796282215,-0.8727735837629805,-12.426977312027754,94.90262947082519,101.83263150474112,87.97262743690926,3.0469586510044713,34.580923081571086
2022-12-20 05:00:00,88.290283203125,88.44897528550977,86.72324050727767,87.38774657684024,23453800,91.64951782226562,94.57632713317871,94.63444580078125,110.14262912750245,91.43480928534132,93.06819509888973,95.52582030087343,37.3222461222474,-1.674840324197021,-0.7886626085419814,-0.8861777156550394,-11.369976940262571,94.57632713317871,102.11157232039577,87.04108194596165,2.7012442231418166,34.37232517872015
2022-12-21 05:00:00,88.845703125,89.48045635798302,87.59602938706544,88.34980168880355,24745600,91.11791305541992,94.20588912963868,94.48369201660157,109.95654468536377,90.9640627107338,92.66605300613833,95.26385492142742,38.92211042550492,-1.7955233302150049,-0.9900347528765863,-0.8054885773384186,-9.951734273583723,94.20588912963868,102.1130350614575,86.29874319781986,2.694160045962175,33.879316340890355
2022-12-22 05:00:00,87.04060363769531,87.81420850248641,85.61240538463248,87.43732621541874,27658300,90.52779083251953,93.6752742767334,94.2892984008789,109.73011615753174,90.25070651563588,92.13029592342947,94.94137447892813,35.73007282623975,-2.0136102788720365,-1.1947498580756764,-0.8188604207963601,-9.507118333671238,93.6752742767334,102.02061561490015,85.32993293856666,2.777048738045129,33.63841052272707
2022-12-23 05:00:00,88.49857330322266,88.81594991853139,86.3562754747472,86.39594849751772,23003000,90.17074203491211,93.26714820861817,94.09431015014648,109.51588928222657,89.93213684065165,91.78441757864788,94.68871560929261,40.00950448942904,-2.0452237236880677,-1.3648446311981548,-0.6803790924899129,-6.014307765640958,93.26714820861817,101.79406165729037,84.74023475994596,2.7841335060088506,34.4921603909663
2022-12-27 05:00:00,86.67363739013672,88.21093460263191,86.29675508801945,88.07208282991216,20097300,89.58359375,92.83769760131835,93.91241348266601,109.30522785186767,89.33968239510348,91.29767660831348,94.37439881638454,36.714195681413536,-2.1922636325087836,-1.5303284314602807,-0.6619352010485029,-6.74420630121102,92.83769760131835,101.79570495080077,83.87969025183594,2.7033735471473963,34.8033476669496
2022-12-28 05:00:00,85.31487274169922,87.31831861670652,85.23553426923881,86.26701007977196,19523200,88.63047103881836,92.3829559326172,93.63570068359375,109.10720947265625,88.60789882175725,90.72788576387403,94.01912328404394,34.43975652429907,-2.3908742608617928,-1.7024375973405832,-0.6884366635212096,-7.336002391844132,92.3829559326172,101.91024513499887,82.85566673023551,2.6920384942886293,34.999046418866044
2022-12-29 05:00:00,87.72494506835938,88.12166765847456,85.90003174742517,85.90995189306291,23333500,87.97389678955078,91.7610954284668,93.39132034301758,108.90513946533203,88.44736177568491,90.44189141192025,93.7722927657818,41.376884704020306,-2.326977966295246,-1.827345671131516,-0.49963229516373,-5.2084595691666795,91.7610954284668,100.7593502632051,82.7628405937285,2.741627809961105,28.097566261184515
2022-12-30 05:00:00,87.50676727294922,87.57619316857544,85.8603709383056,86.26701373187004,23986300,87.71305236816406,91.12832603454589,93.16518951416016,108.68173336029052,88.27634459336933,90.1623557796373,93.52658588370994,40.95440587778361,-2.2678029959263313,-1.9154371360904792,-0.3523658598358521,-7.738149056104138,91.12832603454589,99.38874993479598,82.8679021342958,2.7678385023347616,28.0355532092593
2023-01-03 05:00:00,88.38946533203125,90.30364497529531,87.79437761826055,88.85560627643153,28131200,87.59998779296875,90.56696548461915,92.94996856689453,108.45997119903565,88.29691200039876,89.99350907034149,93.32513017580098,43.46928958798747,-2.1251822708851478,-1.957386163049413,-0.16779610783573484,-6.258541942632457,90.56696548461915,97.86889195234995,83.26503901688834,2.829471730776778,28.654402264625816
2023-01-04 05:00:00,87.35797882080078,89.90691131674406,86.55461353258538,89.60936749638965,34854800,87.56428298950195,90.00163764953614,92.69110809326172,108.22171287536621,88.1261968768355,89.74250618943285,93.09112424031078,41.257859721595295,-2.071507609473713,-1.980210452334273,-0.09129715713943987,-3.0596750765202407,90.00163764953614,96.35270323495881,83.65057206411346,2.628277852444648,28.700849159865555
2023-01-05 05:00:00,85.49340057373047,86.85217316940673,85.19586426604603,86.75299440017858,27194400,87.2845947265625,89.46705627441406,92.36738388061524,107.97425067901611,87.64750663990729,89.33782946412785,92.79317429260175,37.54004953587372,-2.1545891724136936,-2.015086196350157,-0.13950297606353645,-4.498107142065766,89.46705627441406,95.41366966294339,83.52044288588473,2.551057517468107,28.394372435113834
2023-01-06 05:00:00,86.62405395507812,86.97119099271035,84.16438721912351,86.0785669486724,41381500,87.06242980957032,89.09017143249511,92.02739395141602,107.71376369476319,87.46142433357471,89.07937465374216,92.55124800485572,41.01127696479778,-2.104933270536492,-2.0330556111874243,-0.07187765934906754,-1.2437696703761603,89.09017143249511,94.73160020158268,83.44874266340754,2.393078714144498,28.547604201395
2023-01-09 05:00:00,87.29846954345703,89.31183536259933,87.13978504764104,87.63568639320383,29003900,87.08821640014648,88.80800361633301,91.89032653808594,107.46454597473145,87.43179618991695,88.90976464323882,92.345256692644,43.04456725536676,-1.9882416962544767,-2.0240928282008346,0.03585113194635792,-1.1233553950508401,88.80800361633301,94.19716903152388,83.41883820114214,2.456836816283127,28.634692109055415
2023-01-10 05:00:00,87.69519805908203,87.94314874861813,85.12643254757823,85.2752044746708,30467800,87.00787887573242,88.58931045532226,91.8149494934082,107.20096446990966,87.47968743885605,88.7940916352239,92.16290145211215,44.26169085326644,-1.8425107898440132,-1.9877764205294703,0.14526563068545717,-1.2949473361691832,88.58931045532226,93.77232011842219,83.40630079222234,2.4915497833006333,28.647617426391186
2023-01-11 05:00:00,90.76979064941406,90.84913669096524,88.28037102229985,88.44897568545483,26862000,87.41749420166016,88.50054397583008,91.72033172607422,106.95225505828857,88.07788802259387,88.98225344609915,92.10826965592791,52.69808880215627,-1.4620702344265055,-1.8826351833088775,0.42056494888237195,4.284422276345201,88.50054397583008,93.45402274533097,83.5470652063292,2.5935643442757117,31.50052641603599
2023-01-12 05:00:00,90.38298034667969,91.11691981733598,89.01429529901861,90.73011735676101,30258100,87.9243049621582,88.27738800048829,91.65328552246093,106.7026901626587,88.4969957178822,89.1156560080592,92.04061125164367,51.63913415786993,-1.178199165477892,-1.7417479797426805,0.5635488142647884,2.129307821721027,88.27738800048829,92.35123364586944,84.20354235510713,2.609149883375697,30.017432772317914
2023-01-13 05:00:00,91.36487579345703,91.43430168612433,89.39118279204233,90.10528201196577,26329200,88.28829803466797,88.13109741210937,91.68601531982422,106.45282775878906,89.01842845889581,89.32986741619233,92.01411182191086,54.15741130741037,-0.8640384443025511,-1.5662060726546545,0.7021676283521034,5.412532050782692,88.13109741210937,91.43267048751797,84.82952433670077,2.524137108641017,30.335084041910836
2023-01-17 05:00:00,90.54167175292969,91.49380146174484,89.3118384915669,91.30535652243567,32602400,88.59178848266602,88.15242042541504,91.77170684814453,106.20166122436524,89.29538178508379,89.44527735302447,91.95636907410767,51.72553554919239,-0.6737232335741652,-1.3877095048385566,0.7139862712643914,6.126480463793471,88.15242042541504,91.51293085786868,84.79190999296141,2.5043005748119995,25.995205046931467
2023-01-18 05:00:00,90.37308502197266,92.03931423444145,89.89701628975767,91.3847206735028,29116700,88.79015045166015,88.19506912231445,91.92424667358398,105.96388904571533,89.4913278281545,89.53363998816239,91.89427950343571,51.218300529403926,-0.5303866312442267,-1.2162449301196905,0.6858582988754638,3.0186852229428407,88.19506912231445,91.64901543974123,84.74112280488767,2.5000491269177547,25.88089683812435
2023-01-19 05:00:00,92.2872543334961,92.84266148471706,89.88708578674498,89.97635197425116,37000400,89.28307800292968,88.42368049621582,92.05258636474609,105.73031715393067,89.99967810185296,89.79588897343227,91.90969028108513,56.4413086465793,-0.25934431532294866,-1.0248648071603421,0.7655204918373935,5.462991274304163,88.42368049621582,92.32068516367733,84.52667582875432,2.5623913662394955,25.641359769526318
2023-01-20 05:00:00,97.21650695800781,97.49421809768434,94.24109856316726,94.32044460307483,63191100,90.45538864135742,88.86999168395997,92.24162414550781,105.50740203857421,91.31182880297203,90.50261449577279,92.11780073900367,66.41391307293944,0.34918299985075407,-0.750055245758123,1.099238245608877,9.986531305306755,88.86999168395997,94.4035960935708,83.33638727434914,2.7338319981975596,31.343957960903317
2023-01-23 05:00:00,98.97200012207031,99.21995081656387,96.70077085248677,97.1470790758333,40005100,91.69018325805663,89.37630653381348,92.45763854980468,105.30506927490234,92.70458722462627,91.30922265065827,92.38659287167295,69.1250002417108,0.9620094621502204,-0.4076423041764543,1.3696517663266747,13.294745892751948,89.37630653381348,96.5195268657561,82.23308620187085,2.7805895577706545,31.684176420480686
2023-01-24 05:00:00,96.89913940429688,98.79348655781318,96.40323795889749,97.2958620739875,33078500,92.65025024414062,89.86923332214356,92.66353713989258,105.11242156982422,93.46723307547546,91.84159567481433,92.56355548079546,62.69014192448106,1.2658246735066143,-0.07294890863984055,1.3387735821464548,13.341075163725602,89.86923332214356,97.66463756041719,82.07382908386992,2.7642955906868494,31.75286644915534
2023-01-25 05:00:00,94.43946075439453,95.37175777745863,92.99142962152443,94.78659020973076,42330000,93.32467651367188,90.16627769470215,92.68892700195312,104.91074604034424,93.64400174436983,92.08901139667911,92.63712039348563,56.02542186890229,1.293217500377608,0.20028437316364917,1.0929331272139589,9.02221316422036,90.16627769470215,98.19114847038718,82.14140691901711,2.803967876302118,33.27068798356363
2023-01-26 05:00:00,96.7206039428711,96.77019710869844,94.59814659536165,95.70896843494373,30114000,93.91975784301758,90.66862602233887,92.71094497680664,104.73337455749511,94.20338396227913,92.5301154486974,92.79725700326546,60.246442871867885,1.481913131902843,0.45661012491148795,1.025303006991355,10.793012121161794,90.66862602233887,99.02397976161897,82.31327228305877,2.8160122905556295,32.764747990710134
2023-01-27 05:00:00,98.5554428100586,99.49765240364174,96.5123239826297,96.5123239826297,33879800,94.73700408935547,91.33065452575684,92.78374359130859,104.5873141860962,94.99466738914812,93.10395614977942,93.023068211375,63.29809163156788,1.7592326031936665,0.7171346205679237,1.0420979826257428,12.384081444983796,91.33065452575684,99.99249177564339,82.6688172758703,2.8287640510860013,32.067516789178995
2023-01-30 05:00:00,96.1453628540039,97.48429507886306,95.60978845068932,96.68093725731849,27226200,95.21505279541016,91.75167541503906,92.75398956298828,104.4347029876709,95.20388474639462,93.39361393113413,93.14551113853693,57.09800590316136,1.764200367930627,0.9265477700404644,0.8376525978901627,5.922204035208423,91.75167541503906,100.49377404772831,83.00957678234981,2.8471835476465777,32.973781308096676
2023-01-31 05:00:00,98.02978515625,98.0694581762873,96.02634682892345,96.07593999568378,29870700,95.96386413574218,92.2778263092041,92.75379135131836,104.28070579528809,95.71768482091377,93.83515404781183,93.3370512960943,60.3668703650887,1.8983119300213076,1.1209006020366332,0.7774113279846744,8.460447730578991,92.2778263092041,101.20883782628638,83.34681479212182,2.7919260580982885,33.257551748606744
2023-02-01 05:00:00,99.60675048828125,100.36052269702401,96.78011416406397,97.90084854753133,35531100,96.88723068237304,92.8386905670166,92.79485198974609,104.15028373718262,96.42478766952604,94.38482989928511,93.58292185265066,62.91348951539601,2.1075497110803667,1.31823042384538,0.7893192872349868,9.020835001687221,92.8386905670166,102.14263988275572,83.53474125127748,2.822388193889491,33.42547642425133
2023-02-02 05:00:00,106.85682678222656,106.9659256907038,104.74428963661705,104.93273458159672,69883800,98.3441879272461,93.81363296508789,92.99936157226563,104.05141834259034,98.3215220536534,95.5726391262319,94.10346714400657,71.86439553065426,2.825818449477481,1.6197480289718,1.206070420505681,18.019498329805206,93.81363296508789,104.65833755929026,82.96892837088552,3.1978560998970034,40.19526832220073
2023-02-03 05:00:00,103.92108917236328,106.92625024321528,101.73912618609937,102.08625562934304,65309300,99.01464614868163,94.73501739501953,93.1814567565918,103.92630737304688,99.33962516614609,96.36772960681584,94.48847192943234,65.021108765171,3.1221716579821077,1.9202327547738618,1.201938903208246,14.991193613780762,94.73501739501953,105.73350152813232,83.73653326190673,3.4224278972565685,40.89064447680582
2023-02-06 05:00:00,102.05650329589844,103.50453438595648,101.0448602652804,101.56060192669277,31999600,99.32309646606446,95.50663986206055,93.29749755859375,103.80163776397706,99.83360300791924,96.90951757720467,94.78525747321532,61.04506324867519,3.170035023126914,2.170193208444472,0.9998418146824419,10.585696836422787,95.50663986206055,106.27208170710045,84.74119801702065,3.4720183213212072,42.05645409430777
2023-02-07 05:00:00,106.75765991210938,107.29323436787847,102.27471428631476,102.3738930595634,49010200,100.3089485168457,96.47959938049317,93.47959274291992,103.71646926879883,101.09252244504472,97.84743589481464,95.25476345121118,66.59201371740119,3.5464300959936423,2.445440585954306,1.1009895100393363,9.814334265499603,96.47959938049317,107.63192643303134,85.327272327955,3.6930492589852255,44.10803621719286
2023-02-08 05:00:00,98.5554428100586,102.29453587919534,97.23634332555855,101.2134745048074,94743500,100.72054672241211,97.02261161804199,93.51747970581054,103.61597240447998,100.6312352386836,97.91486512483787,95.3842018574405,52.53605517072989,3.14660344584253,2.585673157931951,0.5609302879105789,-0.4208839990077484,97.02261161804199,107.40503165160266,86.64019158448133,4.162030751026564,53.924316971636
2023-02-09 05:00:00,94.2311782836914,99.21002459482034,92.8624856911135,99.18027172399981,119455000,100.47160415649414,97.19568099975587,93.49685028076172,103.4768025970459,99.4675885195941,97.56403780663345,95.33898524670525,46.91386872248564,2.4525346443803784,2.5590454552216366,-0.10651081084125824,-2.7533383031131065,97.19568099975587,107.24942957643651,87.14193242307522,4.24350040384932,55.613870302541265
2023-02-10 05:00:00,93.7947998046875,95.9569304260045,93.47742317985453,94.66758363126426,54980700,99.99553985595703,97.36627197265625,93.48455215454102,103.35738956451416,98.43617238961109,97.20506275882909,95.27842895486141,46.37452820985999,1.845988614774356,2.4164340871321808,-0.5704454723578247,-0.6826182027696914,97.36627197265625,107.04197038855867,87.69057355675383,4.2406666382830975,55.61994478837794
2023-02-13 05:00:00,93.83446502685547,94.4196250562035,93.07077262109874,93.96339666886732,50076100,99.76445007324219,97.48975143432617,93.35799835205079,103.2597738647461,97.59949832365552,96.88405345102207,95.22180291846902,46.4348085517902,1.3529017589907255,2.20372762150389,-0.8508258625131644,-2.9839959619362477,97.48975143432617,106.90242905406326,88.07707381458907,4.153530229135379,55.53358727454617
2023-02-14 05:00:00,93.90388488769531,94.0724895395363,91.50372404324449,93.65593419962755,54726100,99.35186004638672,97.65786209106446,93.23283294677735,103.14153854370117,96.92756860802638,96.60022787356237,95.1701198584387,46.54805552950087,0.956700231147579,1.954322143432628,-0.9976219122850489,-4.7197372258049874,97.65786209106446,106.65915180737157,88.65657237475735,4.05789135152962,55.38680239847354
2023-02-15 05:00:00,96.1453628540039,96.32388765510876,93.37823222030585,93.7154415296958,50169000,99.00572128295899,97.94647598266602,93.16340667724609,103.0563948059082,96.78534938002228,96.5569073955092,95.20836468179421,50.20850600449739,0.8141907211053621,1.7262958589671749,-0.9121051378618128,0.0,97.94647598266602,106.31199413218901,89.58095783314302,4.1018141429938355,55.87493621372068
2023-02-16 05:00:00,94.72708129882812,96.87929141683016,93.96338895576008,94.58822952133472,42462600,97.79274673461914,98.06846733093262,93.08465759277344,102.95189353942871,96.41111881980515,96.38263824344433,95.18949082363868,47.97002390490312,0.5801201749772957,1.4970607221691992,-0.9169405471919034,-3.3690820113067566,98.06846733093262,106.15294330258865,89.98399135927659,4.096855145855123,55.838892454381195
2023-02-17 05:00:00,93.57658386230469,94.77666422937034,92.44592938203277,94.07248521564689,34284100,96.75829620361328,97.88647117614747,93.03248870849609,102.83791553497315,95.89574882753234,96.11539496905007,95.12623957025303,46.171731251832945,0.29834294105198467,1.2573171659457563,-0.9589742248937716,-6.053973848575667,97.88647117614747,106.21199059233075,89.56095175996418,4.052932323567144,52.56997737773774
2023-02-21 05:00:00,91.03758239746094,92.3368416794246,90.96815650224582,92.23766291009657,33629300,95.65640411376953,97.489750289917,92.97000534057617,102.68680950164794,95.01244584024663,95.63179377175587,94.96590007328079,42.39459297168077,-0.12836404501439347,0.9801809237537263,-1.1085449687681197,-14.804149497163277,97.489750289917,106.33727690875962,88.64222367107438,4.093312038759646,52.800227410830246
2023-02-22 05:00:00,90.89871978759766,91.35494812568693,89.86724406227897,90.94830538293209,30884000,94.07051010131836,97.18972930908203,92.92914321899414,102.56355075836181,94.2644956488559,95.18102482088366,94.80640280717559,42.19130264440784,-0.47229315630887925,0.6896861077412052,-1.1619792640500846,-12.53101703270907,97.18972930908203,106.515602369646,87.86385624851805,3.943833148077355,52.404782322325424
2023-02-23 05:00:00,90.14494323730469,91.18633905791556,89.02420895463646,91.16649876726088,41206400,93.22946014404297,96.97500343322754,92.89066085815429,102.44028697967529,93.51548611948294,94.70139800339996,94.62360047110221,41.04086075071892,-0.7965013511492032,0.3924486159631235,-1.1889499671123267,-11.671534565570862,96.97500343322754,106.75424518902737,87.19576167742771,3.5726156409956795,51.76969141399239
2023-02-24 05:00:00,88.39937591552734,89.15314812025682,87.85388894602733,88.70683991186095,36585100,92.64627990722656,96.55894203186035,92.8077459716797,102.32434028625488,92.58528426421829,94.10120542360256,94.37951323362869,38.42770742078282,-1.1806812177767227,0.07782264921515425,-1.258503866991877,-17.19622180899797,96.55894203186035,107.0648198923203,86.05306417140041,3.365753514864355,51.17523059026896
2023-02-27 05:00:00,89.1333236694336,89.42094740013515,88.6076618097586,89.1333236694336,27502300,92.18013229370118,96.0878360748291,92.69349044799804,102.20272060394286,91.95765506516652,93.62807382796743,94.17378030954261,40.15315943848554,-1.4096732443923372,-0.2196765295063441,-1.1899967148859931,-9.560222015118757,96.0878360748291,107.0517861596042,85.12388599005399,3.233277984687564,50.67799209054699
2023-02-28 05:00:00,89.32176208496094,90.48217716813194,88.58783009603324,88.59775024323443,30142000,91.72886199951172,95.74665603637695,92.59411193847656,102.08597301483154,91.47840179603823,93.21794890006205,93.98350508504922,40.613305486822775,-1.557986175181398,-0.4873384586413549,-1.070647716540043,-5.20997008437083,95.74665603637695,107.12009997598442,84.37321209676948,2.9945362704103258,50.1673538358691
2023-03-01 05:00:00,89.61930084228516,90.28380689652273,88.93495449477956,89.24241850559551,31111200,91.3004035949707,95.32613182067871,92.58419372558593,101.97447452545165,91.1403834408104,92.87522051360712,93.81235982062711,41.3797155082265,-1.6326956511392012,-0.7164098971409242,-0.916285753998277,-4.451738231860558,95.32613182067871,106.9630270410036,83.68923660035382,2.4107888286383505,49.514895214873825
2023-03-02 05:00:00,91.24585723876953,91.52356081097336,88.85560886814189,88.92504232804767,32204400,90.81045303344726,94.90808715820313,92.61870864868165,101.85520782470704,91.15956049498479,92.72004305886068,93.71171266055427,45.519018428426904,-1.5428687114875714,-0.8817016600102537,-0.6611670514773177,-2.7586961649379904,94.90808715820313,106.4981195085667,83.31805480783956,2.147961188575825,49.63124176881492
2023-03-03 05:00:00,92.88233184814453,92.96167788657921,91.69216397218837,91.7219244117424,35160100,90.6259780883789,94.20936241149903,92.72205474853516,101.7520851135254,91.47279165010474,92.73549913403058,93.67918792281272,49.39098833383014,-1.3243639470640574,-0.9702341174210145,-0.35412982964304285,-1.0878709020106125,94.20936241149903,104.36218434208236,84.0565404809157,2.0934121458372323,41.55014204223011
2023-03-06 05:00:00,94.3501968383789,95.18331511806566,93.22946240796787,93.24929513438325,32639300,90.70333938598633,93.7308177947998,92.84325302124023,101.64624488830566,91.99595622979095,92.88927986777804,93.70550199793296,52.64216391120367,-1.0209836458353294,-0.9803840231038775,-0.0405996227314519,-1.8671373869075136,93.7308177947998,102.80073471122776,84.66090087837185,2.161421491181259,41.51349482448825
2023-03-07 05:00:00,93.09060668945312,94.8857672449639,92.76330996601668,94.20142849315206,27835500,90.90864181518555,93.28252296447754,92.92815109252929,101.55678672790528,92.19498358609316,92.90845385079471,93.68138845642395,49.69212359677239,-0.8721375112161667,-0.9587347207263354,0.0865972095101687,-1.7275678580368603,93.28252296447754,101.46240305927665,85.10264286967842,2.1295423327995024,41.347770484823876
2023-03-08 05:00:00,93.4774169921875,95.17339892826718,93.22946628398542,93.34848534799025,34103300,91.16651153564453,92.61851081848144,93.05688735961914,101.47677803039551,92.42815329629212,92.96264081664165,93.6733895754735,50.60751857180615,-0.7147246179349906,-0.9099327001680665,0.19520808223307584,-0.10597402258571975,92.61851081848144,97.79873653108314,87.43828510587974,2.0679092473717264,37.033876442363436
2023-03-09 05:00:00,91.56322479248047,94.74691054558716,91.14666947529359,93.27904678973223,28813500,91.3083396911621,92.26889991760254,93.1181803894043,101.39451786041259,92.27089356832636,92.82936310005488,93.59063801535612,46.1338441410565,-0.7359495110054723,-0.8751360623355477,0.1391865513300754,0.5773905470431107,92.26889991760254,96.64315279318723,87.89464704201785,2.1167905766019754,26.798028198445262
2023-03-10 05:00:00,89.8870849609375,92.02938263914514,89.65897455457669,91.41446217961779,35941000,91.45711059570313,92.05169525146485,93.18244934082031,101.2910827255249,91.83747382152838,92.54914613442465,93.44540064067303,42.58403102516892,-0.8779009720697388,-0.875689044282386,-0.0022119277873527965,-1.112925274441745,92.05169525146485,96.44704848689179,87.65634201603791,2.1196243792613245,22.954173709608146
2023-03-13 04:00:00,90.36315155029297,91.81118269560834,88.687002437022,89.35150848107031,37335600,91.58009338378906,91.88011283874512,93.28341491699219,101.2173917388916,91.56941522675831,92.34095617403116,93.3245281273248,43.90428556450029,-0.9411351128174346,-0.8887782579893958,-0.05235685482803876,0.24206384202145603,91.88011283874512,96.25684133735423,87.50338434013601,2.1564638720132865,23.08812741636781
2023-03-14 04:00:00,93.19969940185547,93.58650184316622,91.6822425064281,91.80125398569051,36050200,91.96788711547852,91.84837455749512,93.39291000366211,101.15870178222656,91.86583053132142,92.42274124334776,93.31963288318875,51.11687232749897,-0.753675022819138,-0.8617576109553443,0.1080825881362063,5.430268524650228,91.84837455749512,96.17434249950074,87.5224066154895,2.2804386026893786,25.919816835657045
2023-03-15 04:00:00,95.32215881347656,96.13543673086967,91.88060220810499,92.45584959444147,50622100,92.53817291259766,91.91928825378417,93.54921783447266,101.10076808929443,92.49425385534963,92.6988762500267,93.39816331182749,55.70609661967586,-0.42890269129151193,-0.7751866270225778,0.34628393573106586,6.943346090173108,91.91928825378417,96.42969663325503,87.40887987431331,2.429917489795492,27.17672807652666
2023-03-16 04:00:00,99.4976577758789,100.36052894620208,94.71716852573586,95.41142746724535,65492000,93.3633529663086,92.08690299987794,93.7713816833496,101.04127731323243,93.76760002271858,93.34637925248882,93.63735917316284,63.054535679762864,0.16352458187809304,-0.5874443852424437,0.7509689671205367,11.39240365773222,92.08690299987794,97.43072494844101,86.74308105131486,2.669367927594696,30.168904370956906
2023-03-17 04:00:00,100.78699493408203,101.99698789396676,99.27945056518114,99.43814263216196,61028500,94.15381927490235,92.38989868164063,94.03996200561524,100.98106494903564,95.04385364296647,94.05500931740245,93.91773704614006,64.98620646614998,0.728666582515757,-0.3242221916908036,1.0528887742065605,12.461260004081186,92.38989868164063,98.91963612111516,85.8601612421661,2.790508345035969,29.742597444251917
2023-03-20 04:00:00,100.39027404785156,100.91592828670724,99.05134186896636,99.29929255271749,32960400,94.75782699584961,92.73058319091797,94.33789947509766,100.91822429656982,96.0159300802183,94.65836786315951,94.17156202659933,63.87948924566899,1.1314905113785443,-0.033079651076933975,1.1645701624554783,10.021733682827039,92.73058319091797,100.16881236572192,85.29235401611402,2.7883825840104106,29.317959539715183
2023-03-21 04:00:00,104.05992889404297,104.23845366800776,100.39026223314306,100.42001510099495,42110300,95.8547592163086,93.38170051574707,94.68661697387695,100.85523235321045,97.4784753190955,95.55375462800555,94.55934111944026,69.11839082882184,1.726934825011341,0.31892324414072104,1.40801158087062,12.034147747467138,93.38170051574707,102.32377374680627,84.43962728468787,2.9669068006619486,29.15526823515303
2023-03-22 04:00:00,102.52265167236328,105.71625013011207,102.48297865485124,103.41526808239401,43427400,96.75928268432617,93.96289710998535,94.99110061645507,100.79983528137207,98.3955982924169,96.21745910842057,94.87162780779019,64.87351083905617,2.051139055045354,0.6653664063216477,1.3857726487237065,8.661831249789254,93.96289710998535,103.70103921160579,84.22475500836491,3.0072867672640453,30.02715673915441
2023-03-23 04:00:00,104.73438262939453,105.42864918560569,103.60372795138356,104.19880816609637,40797800,98.07639846801757,94.69236907958984,95.33188430786133,100.74419269561767,99.54810453550374,97.02859468184666,95.25840250667663,67.92558658975472,2.4582047924699992,1.023934083551318,1.4342707089186812,12.508003067145768,94.69236907958984,105.36702915297545,84.01770900620423,3.0922994005092406,29.98626833777048
2023-03-24 04:00:00,104.57569122314453,104.62527682377592,102.98880066584036,104.12937541633211,30393300,99.54525909423828,95.50118484497071,95.60800231933594,100.68612518310547,100.46221120598388,97.74736578101789,95.62378637791066,67.47259123553053,2.7364580666776845,1.3664388801765912,1.3700191865010933,11.872679614034043,95.50118484497071,106.61068179009175,84.39168789984967,3.0526278786258865,28.481483640768463
2023-03-27 04:00:00,101.62010192871094,103.9012511249283,101.09444771774577,103.7623993547433,31120900,100.67095413208008,96.12552375793457,95.83274475097656,100.61305904388428,100.67273679193424,98.11619779508389,95.8589360073538,59.51208194263043,2.687504556410616,1.630652015423396,1.0568525409872198,10.983533136828072,96.12552375793457,107.13121501326928,85.11983250259986,3.1496840376581394,31.343875395572613
2023-03-28 04:00:00,100.20183563232422,101.61019379170308,98.92240911282488,101.60028121184264,32057900,101.37116775512695,96.66952743530274,96.0094839477539,100.54459739685059,100.58711839927787,98.31482997005917,96.02924579656833,56.09217621045431,2.5053857819151375,1.8055987687217443,0.6997870131933932,11.475231036660304,96.66952743530274,107.32935103028517,86.00970384032031,3.193605507448997,32.16813585737525
2023-03-29 04:00:00,100.55888366699219,101.64986521604924,99.82495172553267,101.44158753942646,28779600,101.89484024047852,97.21650657653808,96.20982818603515,100.49614040374756,100.58198481158955,98.52854936976708,96.20687865423203,56.76575807790333,2.3626311917635405,1.9170052533301036,0.4456259384334369,11.283063883650213,97.21650657653808,107.46796510051455,86.96504805256161,3.0667963946077825,32.165727067572746
2023-03-30 04:00:00,100.06298065185547,100.33077163663715,98.96207897409658,100.0828209446528,33086200,101.95137252807618,97.65736274719238,96.40362609863281,100.4688533782959,100.48762041891062,98.67468568234693,96.35809834041333,55.49243949426066,2.1843026405311434,1.9704647307703118,0.2138379097608316,7.364059427281111,97.65736274719238,107.58081277077028,87.73391272361448,3.0115390094882932,32.049677425460885
2023-03-31 04:00:00,102.87969970703125,103.0383842078249,100.2117479628211,100.46961878932184,36863400,102.1606430053711,98.15723114013672,96.61547500610351,100.4540482711792,100.92254392584164,99.07516320850735,96.61384741361404,60.86245654478173,2.2443897385194163,2.0252497323201326,0.21914000619928364,7.928419779437701,98.15723114013672,108.07510550694032,88.23935677333311,3.000912102158515,32.800579471614626
2023-04-03 04:00:00,103.50453186035156,103.67313650572234,101.09445096214598,101.5506793026603,25035400,102.4720687866211,98.61494789123535,96.7412355041504,100.42724723815918,101.39199627757071,99.49700784201632,96.88407033309394,61.95893244665542,2.3157335940341426,2.0833465046629347,0.2323870893712079,4.02710392791179,98.61494789123535,108.63745019589173,88.59244558657896,2.9548646200658797,32.56936103208829
2023-04-04 04:00:00,103.86157989501953,104.71453082187777,103.18715375673288,103.47477744759011,24420100,102.45223388671874,99.15349655151367,96.83902709960938,100.42073348999024,101.84101148074322,99.91268137087377,97.1576981590518,62.6036692783627,2.3737221150059895,2.141421626731546,0.2323004882744435,3.0505770739055915,99.15349655151367,109.08323108554065,89.22376201748669,2.7600462302358943,31.86324854325652
2023-04-05 04:00:00,103.6136245727539,105.23026017624618,102.81026684364201,104.91288362933807,28290500,102.56133117675782,99.66030693054199,96.97331680297852,100.4074754333496,102.1633047701997,100.26515215200521,97.41087174390287,61.82007584239413,2.372323840885741,2.1876020695623852,0.184721771323356,3.210819529555131,99.66030693054199,109.40316893519812,89.91744492588586,2.5298057239600333,31.98913546120702
2023-04-06 04:00:00,107.53125,108.27510204632019,103.47478047282404,104.39715731293522,48711500,102.84101791381836,100.45870819091797,97.23515258789062,100.39198345184326,103.13929481198156,100.95716147086186,97.80774932257336,68.52368953807868,2.656710425547516,2.2814237407594113,0.37528668478810445,3.335886486614492,100.45870819091797,110.02318274824299,90.89423363359296,2.678576027153642,32.43481322234821
2023-04-10 04:00:00,105.56749725341797,106.70806447179427,104.25831780056538,106.10307169779246,27067400,102.9401985168457,101.24272880554199,97.41209045410156,100.36695285797119,103.58078616497,101.39624106920054,98.11205316299863,62.591215045501976,2.69259188473697,2.3636573695549234,0.32893451518204664,2.969924725303885,101.24272880554199,109.66041464685583,92.82504296422815,2.7791721544174806,32.43007250872926
2023-04-11 04:00:00,104.48641967773438,105.85511233488984,103.82191364187591,105.67658753468932,26311800,103.22683029174804,101.94889221191406,97.53070999145508,100.33277534484863,103.74544680365442,101.69054379382281,98.36202832043926,59.53541279098896,2.6037795246771793,2.4116818005793745,0.1920977240978048,-0.2367541063736267,101.94889221191406,108.73519125718012,95.162593166648,2.649529815713854,33.08134201313804
2023-04-12 04:00:00,103.78224182128906,105.87494628290851,103.48469796190201,105.70634162712136,24370300,103.58487091064453,102.47801933288574,97.68344757080078,100.26664688110351,103.7521368068607,101.88975312977198,98.57458571262946,57.56401998066225,2.448350758022997,2.4190155920680994,0.02933516595489749,-0.7587321609592856,102.47801933288574,107.90638723213527,97.0496514336362,2.5893138761242582,32.18449196781125
2023-04-13 04:00:00,106.54936981201172,106.6088755556612,104.97239950361016,104.97239950361016,24843600,104.18391952514648,103.0393798828125,97.85383926391602,100.22497379302979,104.26072462597907,102.33352614712814,98.88732234397779,62.77968204528942,2.519414204969536,2.439095314648387,0.08031889032114892,4.850681892406272,103.0393798828125,107.60552849246908,98.47323127315592,2.5836450347763815,32.488178840541664
2023-04-14 04:00:00,107.97756958007812,108.04699547084493,105.96420361413152,106.01379677904549,26578000,104.97537841796876,103.46337547302247,98.02125564575195,100.20941493988038,104.93651461763343,102.87105409312338,99.24380262774643,65.15980903601874,2.660309887580013,2.4833382292347124,0.1769716583453005,7.760071358658349,103.46337547302247,108.21582889235881,98.71092205368612,2.607731455716327,29.415934615878257
2023-04-17 04:00:00,105.10134887695312,105.28979383922241,103.66323020910507,103.80208956915179,37571200,105.19754333496094,103.67909317016601,97.98614608764649,100.18099239349365,104.96648448296429,103.08346312015479,99.47351032379376,57.22359901208649,2.510939213734062,2.4888584261345823,0.022080787599479734,4.517219209596268,103.67909317016601,108.31015251753641,99.04803382279562,2.6672383032573483,31.168515420618615
2023-04-18 04:00:00,103.64338684082031,105.66666534841484,103.2169113578442,105.61707218442865,26596400,105.21142883300782,103.84174880981445,97.98059204101563,100.15886035919189,104.72592127530174,103.1367891887896,99.63703489308892,53.65612093708151,2.2489915522688335,2.4408850513614326,-0.19189349909259912,3.578152645104571,103.84174880981445,108.20734836000788,99.47614925962101,2.64952838716339,31.62748834197525
2023-04-19 04:00:00,103.32601165771484,104.11945689106093,102.22510999070306,102.73093151613256,20905700,105.15787200927734,103.80505294799805,98.00598220825195,100.13625968933106,104.4713922539223,103.1548103763063,99.78170064856445,52.88323467525674,1.992814691189139,2.351270979326974,-0.35845628813783526,0.43381925876002647,103.80505294799805,108.17526630760939,99.43483958838671,2.6544879164377693,28.85569903652541
2023-04-20 04:00:00,104.4269027709961,105.37903241467328,103.01854481265195,103.05821782699523,27820800,105.23919982910157,103.90026550292968,97.95936706542969,100.09672138214111,104.46330325702662,103.27596203294343,99.96386543767942,55.28907108561577,1.8572165590244936,2.2524600952664784,-0.3952435362419848,0.8911406042481307,103.90026550292968,108.23567584346208,99.5648551623973,2.7090366956610348,28.562347216413386
2023-04-21 04:00:00,104.54592895507812,105.13108893118996,103.92108839505883,104.6054346972307,25800100,104.94066772460937,103.89084281921387,98.07917678833007,100.05128688812256,104.4783261112178,103.39691126362293,100.14355420306761,55.55331973891016,1.7393088113689998,2.149829838486983,-0.4105210271179831,0.6589049201353614,103.89084281921387,108.2194337549436,99.56225188348415,2.582936479958299,27.519160051342812
2023-04-24 04:00:00,105.10134887695312,105.7559348210195,103.84175502418775,104.62528018111423,23542800,104.8940528869629,103.9171257019043,98.29658020019531,99.98774711608887,104.59160297771513,103.55923865536866,100.33797752361215,56.83532896623667,1.6714167656760281,2.054147223924792,-0.38273045824876384,1.43583849164024,103.9171257019043,108.26954340518489,99.5647079986237,2.5354717837622553,27.57425969857042
2023-04-25 04:00:00,102.99871063232422,105.8154342829649,102.98879048643646,104.96248334111876,46664100,104.74528198242187,103.98605613708496,98.48065841674804,99.91086498260498,104.30198618764405,103.50585503412633,100.4423199984636,50.855145435419885,1.4314456816934467,1.929606915478523,-0.49816123378507626,-4.215090373892039,103.98605613708496,108.22755424086428,99.74455803330564,2.628276550289652,26.573787806079892
2023-04-26 04:00:00,102.85986328125,105.47822196102051,101.788714484929,104.05994371224027,53347600,104.65304412841797,104.11895751953125,98.66116638183594,99.8515230178833,104.03978202284513,103.44433201004287,100.5371256173964,50.477441775034414,1.2160452353912916,1.7868945794610769,-0.5708493440697853,-2.564836756211253,104.11895751953125,108.01358767564939,100.22432736341311,2.7189561319673197,26.015797766925488
2023-04-27 04:00:00,106.70804595947266,107.48165840059524,102.69124967380353,103.59378617149903,50089200,104.66891174316406,104.42641563415528,98.91724960327149,99.8196340560913,104.52492092041376,103.75516190998857,100.77912249355626,59.46343357356688,1.34040367218779,1.6975963980064195,-0.3571927258186294,2.1262344796485477,104.42641563415528,108.10243543596991,100.75039583234064,2.718248071488431,28.987548245694743
2023-04-28 04:00:00,106.46011352539062,106.47003367253913,104.22855712885315,106.16257721263207,36139800,104.51716613769531,104.74627227783203,99.12354461669922,99.79973110198975,104.87677412131865,104.01277634955066,101.00190645558898,58.724097923615325,1.4027821544555792,1.6386335492962516,-0.2358513948406724,2.580279301263122,104.74627227783203,107.89980077240209,101.59274378326198,2.661573545144494,28.906030578232183
2023-05-01 04:00:00,106.32125854492188,107.10478367534759,105.94437619998563,105.96420892683281,26681700,104.63915710449218,104.91835021972656,99.35542816162109,99.78402339935303,105.13940765288285,104.23263179672888,101.21050849830792,58.28700257179093,1.4245913127253544,1.5958251019820722,-0.17123378925671773,-0.21408973839291967,104.91835021972656,108.01815654836385,101.81854389108928,2.5992313153122106,27.393455900278006
2023-05-02 04:00:00,104.45667266845703,106.32125924543107,102.85986952338662,106.26175349764249,30997200,104.72048568725586,104.96595726013183,99.57302993774414,99.75200057983399,105.01527401935088,104.25396902260776,101.33780905400005,52.62279267933331,1.2767017079739986,1.5320004231804576,-0.25529871520645897,-3.2607669586505517,104.96595726013183,108.00294786749133,101.92896665277233,2.67574141538635,28.17436450039717
2023-05-03 04:00:00,104.54592895507812,106.60887287386203,104.09961318837087,104.66494043938329,21795400,104.84247741699218,105.00017471313477,99.84319686889648,99.73404903411866,104.92993855311946,104.28177473046209,101.46361767757175,52.8589535507461,1.1534046364266146,1.456281265829689,-0.30287662940307447,-0.5284612688703505,105.00017471313477,107.99996731962665,102.00038210664289,2.65307184046628,28.154681258603727
2023-05-04 04:00:00,103.83184814453125,104.73438484982799,103.11774884499437,104.6252859253512,23419500,104.7829719543457,105.01108589172364,100.10185943603516,99.68882289886474,104.73028575155794,104.23892457942105,101.55648946058977,50.68230614119507,0.986696442932157,1.3623643012501827,-0.37566785831802574,0.18183630374832838,105.01108589172364,107.99116621886697,102.03100556458031,2.619774993903438,28.25860076336734
2023-05-05 04:00:00,104.70462036132812,105.01207680519784,103.25658919423994,103.9607682679493,26639300,104.7988410949707,104.86975440979003,100.39305297851563,99.64751434326172,104.7256193169707,104.28327655865029,101.67994557434423,53.217943079869386,0.9144630614153897,1.2727840532832242,-0.3583209918678345,1.3342319920178092,104.86975440979003,107.60461229410085,102.13489652547922,2.4369998681880696,24.790338216438652
2023-05-08 04:00:00,106.8865737915039,107.07501872614742,104.29797570257264,104.31780842718317,26511400,104.97736358642578,104.93570823669434,100.76279693603516,99.61493350982666,105.11852013052217,104.53120962844586,101.88412707305638,58.906322603137724,1.0215076878602645,1.2225287801986324,-0.20102109233836796,2.355399763125954,104.93570823669434,107.80188461948424,102.06953185390444,2.4603776562597934,25.107707532678585
2023-05-09 04:00:00,106.47003173828125,109.24708267470773,106.31134722106391,107.50150758418665,36360100,105.32449569702149,105.03488883972167,101.10953109741212,99.61220600128173,105.36424951375109,104.71585935319209,102.06396647169265,57.46968855609335,1.0605050212809601,1.190124028415098,-0.12961900713413788,1.8404377888591839,105.03488883972167,107.97200687150476,102.09777080793859,2.5347625529230746,24.839310449683268
2023-05-10 04:00:00,110.83395385742188,112.01420151452291,107.04526777320253,107.08494078998831,63153400,106.12190475463868,105.38747444152833,101.53977493286133,99.63323219299316,106.35874121260032,105.2985350202616,102.40788754564282,66.64710767669271,1.42709210373539,1.2375176434791566,0.18957446025623348,5.45435909407801,105.38747444152833,109.24139505564729,101.53355382740936,2.762168422510242,28.37786478034531
2023-05-11 04:00:00,115.61444091796875,116.95337305517583,113.47215101180822,114.45403357017953,78900000,107.01254425048828,105.84072799682617,102.059677734375,99.69050884246826,108.04159570448549,106.28100224861466,102.92579159945952,73.4148145001453,2.079390442639493,1.405892203311224,0.6734982393282691,12.24843515826044,105.84072799682617,111.81756770435616,99.86388828929618,3.112841184054729,30.6744052438176
2023-05-12 04:00:00,116.54674530029297,117.06247940985591,115.15821991274791,115.72354718741605,41102300,108.02120742797851,106.26918678283691,102.56569549560547,99.71257648468017,109.58798654008685,107.25869206306021,103.45994664655102,74.5014737411906,2.6411254971498863,1.6529388620789565,0.9881866350709299,13.306338918241511,106.26918678283691,113.89274565820108,98.64562790747274,3.1121325912173186,30.521598585862076
2023-05-15 04:00:00,115.55494689941406,117.50879963545604,115.05904549704219,115.15822426414559,36266800,108.94457626342773,106.79186668395997,103.01914779663086,99.7239326095581,110.67288842360088,108.04881157128439,103.93426038195742,71.16879349336877,2.972015191671673,1.9167541279974998,1.0552610636741733,8.29075339201828,106.79186668395997,115.44252771299637,98.14120565492357,3.0852119013519905,28.734232239182774
2023-05-16 04:00:00,118.53035736083984,119.76019074124378,115.47560285342378,115.5351086013426,45035600,110.35194473266601,107.53621520996094,103.50275100708008,99.73975193023682,112.10151913946251,109.04705402743252,104.5066563419136,74.80941259714518,3.434744816021322,2.2203522656022643,1.2143925504190576,11.337808532930493,107.53621520996094,117.50732443001816,97.56510598990373,3.1277176450468827,28.74198214737732
2023-05-17 04:00:00,119.84943389892578,120.67263195090871,117.91542167256014,118.62952082286563,33323600,111.88229522705078,108.36238632202148,104.03792755126953,99.76940677642823,113.51023091391036,110.07585211043188,105.10833389316899,76.24171682779613,3.86336535875202,2.5489548842322156,1.3144104745198044,12.723866834484564,108.36238632202148,119.53092961887316,97.1938430251698,2.982489184443801,28.531124857310992
2023-05-18 04:00:00,121.8231430053711,122.29920412469264,119.83953735220288,119.95854884860573,35234200,113.68142471313476,109.23219833374023,104.6048420715332,99.80759124755859,115.02166947599412,111.19464171947371,105.76381660345142,78.23577582379393,4.312599098912713,2.901683727168315,1.410915371744398,16.625525103633,109.23219833374023,121.7396292872359,96.72476738024456,2.981073323148819,28.68798214950256
2023-05-19 04:00:00,121.75371551513672,124.93740163874087,121.14871519349788,122.5372406458961,41353400,115.38633422851562,110.09258766174317,105.20865188598633,99.83079944610596,116.24567784674731,112.20026779525114,106.3908714627332,77.98781520739887,4.609878051681875,3.2433225920710274,1.3665554596108476,16.459547236365868,110.09258766174317,123.57233515225644,96.61284017122989,3.168807535283178,28.7476704206781
2023-05-22 04:00:00,124.02494049072266,125.39362560112353,121.73387092669454,121.93223602252743,35253000,117.1001708984375,111.03876724243165,105.89140899658203,99.86481830596924,117.660089236561,113.32642709958176,107.08240358147788,80.19878370195806,4.971435029235138,3.5889450795038496,1.3824899497312888,19.447879149837675,111.03876724243165,125.65227893325104,96.42525555161225,3.182976460453503,28.98359606800609
2023-05-23 04:00:00,121.55535125732422,123.60838279305526,121.20822178352526,123.14224182358522,34046300,118.6087028503418,111.96659927368164,106.51525299072266,99.89005973815918,118.3683186948816,114.11013416222391,107.64997015700126,71.75876148817227,5.001047365916207,3.871365536786321,1.1296818291298862,16.093588647612144,111.96659927368164,126.78567320020191,97.14752534716136,3.2049378191468056,28.971393182012093
2023-05-24 04:00:00,119.90895080566406,120.91067367529489,118.87747506501967,120.12714861556921,34182600,119.51620254516601,112.81905364990234,107.04943801879882,99.90791217803955,118.64843362411477,114.66240241398012,108.13071449616452,66.71780450780886,4.835919133657356,4.064276256160529,0.7716428774968271,12.183360877075167,112.81905364990234,127.39183476900048,98.2462725308042,3.280740689680443,29.830493497905163
2023-05-25 04:00:00,122.46781158447266,124.29272508219533,120.96026710936242,123.49927982509996,42317000,120.2015396118164,113.60704193115234,107.59235107421875,99.94188144683838,119.34286598054348,115.4057747159318,108.6929535976668,70.21941002860397,4.85556061912979,4.222533128754381,0.633027490375409,15.025617617468413,113.60704193115234,128.48955632255624,98.72452753974844,3.468475451507113,28.221107669131285
2023-05-26 04:00:00,123.58853912353516,124.23321241314245,121.44624158887478,122.16034076709491,35635900,120.90571899414063,114.46346321105958,108.07416870117187,99.96623020172119,120.11480655199651,116.18508561189402,109.27709420652438,71.62737805302638,4.90501798984819,4.359030100973143,0.5459878888750467,11.507832051648116,114.46346321105958,129.5837278758975,99.34319854622164,3.4691845801280334,28.0082233646579
2023-05-30 04:00:00,122.65624237060547,124.62993526057318,120.99993361988649,124.61009496844295,35076700,121.61584854125977,115.28021240234375,108.51155364990234,99.99018226623535,120.57688579174358,116.80138625558084,109.80176668354717,68.71691583956725,4.813497750264503,4.449923630831416,0.36357411943308726,6.090762881111922,115.28021240234375,130.3130954153474,100.24732938934012,3.518775022059667,28.35767772379144
2023-05-31 04:00:00,121.8628158569336,123.04305607346541,121.49584608754014,121.74379679384124,37325800,121.94909439086913,116.15051956176758,108.94100448608398,99.99608360290527,120.81069125814176,117.28342716999539,110.27474900407213,66.24971695949165,4.623645900494182,4.484668084763969,0.13897781573021284,4.561320475267938,116.15051956176758,130.54696598241398,101.75407314112118,3.2332778941799245,27.324113191534355
2023-06-01 04:00:00,122.70584106445312,123.40009998321423,121.6148595206051,121.8132170497212,30772700,122.23473510742187,117.05851516723632,109.31392272949219,100.00421642303466,121.15526395019836,117.79984754089612,110.7622428103616,67.58155440880915,4.489460326482032,4.485626533107582,0.0038337933744498898,6.188306391818621,117.05851516723632,130.64093822670844,103.4760921077642,2.923693698812438,27.201984283728386
2023-06-02 04:00:00,123.6480484008789,125.11591981661117,122.74551182311099,122.97362222070807,26980100,122.41722564697265,118.04932518005371,109.7364306640625,100.01894474029541,121.60849748668572,118.35681905137068,111.26756851979364,69.05150889199203,4.408329076512388,4.470167041788543,-0.06183796527615559,4.317620526916466,118.04932518005371,130.40487935296315,105.69377100714429,2.9598236456017264,26.62160109335627
2023-06-05 04:00:00,124.97706604003906,126.38542412216299,122.82484833216863,122.99346054966021,32305500,122.73956069946288,119.06294746398926,110.14128433227539,100.05097995758057,122.22096449638632,118.98731876457718,111.80519587352876,71.0458157402209,4.400545839614338,4.456242801353703,-0.05569696173936478,4.278394961329268,119.06294746398926,130.0605310158233,108.06536391215522,3.0391680492860482,26.628777647803997
2023-06-06 04:00:00,126.26641845703125,127.23838101293813,124.33240592558523,124.97707929168565,26638300,122.96370849609374,120.03193969726563,110.57509887695312,100.08638732910157,122.95650158013994,119.68056635433472,112.37230264150925,72.87220195829231,4.447153515313346,4.454424944145631,-0.007271428832285487,3.6473163818013354,120.03193969726563,129.86576433712418,110.19811505740707,2.9406957063955415,26.26889385199481
2023-06-07 04:00:00,121.49583435058594,127.98221754198133,121.11895203748432,125.92919376166726,52539000,122.95775680541992,120.78322982788086,110.97261352539063,100.1126205444336,122.69092572022102,119.85344902064435,112.73008819872796,58.23521805998676,4.052430272508516,4.374026009818209,-0.3215957373096927,-0.21180558101220326,120.78322982788086,128.27038952174047,113.29607013402125,3.2339853654061446,30.75883858617094
2023-06-08 04:00:00,121.13878631591797,122.21985523958173,120.24616233464845,121.22805249747213,29389200,123.08074035644532,121.29847145080566,111.3913525390625,100.15179676055908,122.40871855580228,119.9758620963847,113.05984106606874,57.307447597649116,3.6685101647248786,4.232922840799543,-0.5644126760746646,-2.3270756376783552,121.29847145080566,127.14028553127928,115.45665737033205,3.1992729462949683,28.12253033457229
2023-06-09 04:00:00,121.2280502319336,122.74550718830598,120.9106736630639,121.2478829569892,23778300,122.9567642211914,121.5791519165039,111.80473587036133,100.19330364227295,122.19405158782615,120.09511810929412,113.38016299414188,57.489787652853316,3.3330324420725503,4.052944761054145,-0.7199123189815948,-0.2692608939097618,121.5791519165039,126.77476517527175,116.38353865773605,3.0597120234377604,24.16736804239172
2023-06-12 04:00:00,122.62650299072266,123.03314578873348,120.66273759761951,121.7834720869418,28306400,122.86056060791016,121.8831398010254,112.25600631713867,100.24264591217042,122.27267911562551,120.33620238371589,113.74276456263524,60.347122993048316,3.1437679798173264,3.8711094048067816,-0.7273414249894552,2.2663463959941677,121.8831398010254,126.52044940291219,117.2458301991386,2.9676158460581155,24.304711388789418
2023-06-13 04:00:00,122.81492614746094,124.1340255114408,122.170252900137,123.955500728595,22278300,122.87642898559571,122.24613876342774,112.65471084594726,100.27825160980224,122.37126948505012,120.57227131359636,114.09853560517743,60.730122874449656,2.9746883483336006,3.6918251935121456,-0.7171368451785449,0.2834333025938385,122.24613876342774,125.81010689767359,118.68217062918188,2.906691124922858,23.951513033800243
2023-06-14 04:00:00,122.65624237060547,123.03313225253616,120.45443908912067,122.09091511456377,30592300,122.9557716369629,122.45243301391602,113.03774505615235,100.34435523986816,122.42308273696926,120.77074474759723,114.43413194891971,60.20274348159218,2.795660434364052,3.512592241682527,-0.716931807318475,-0.754355346815605,122.45243301391602,125.55909425356604,119.345771774266,2.899606622859354,22.445030877722463
2023-06-15 04:00:00,124.06460571289062,124.43157546435972,121.39666138886585,122.13059332494937,35246300,123.09164810180664,122.66319160461425,113.44180557250976,100.42206295013428,122.72154145986406,121.0844457919109,114.8117975867225,63.252814456693066,2.735885093922178,3.3572508121304576,-0.6213657182082795,1.148219866404987,122.66319160461425,125.59321754388696,119.73316566534155,2.8032594656423973,22.464848258340055
2023-06-16 04:00:00,122.51739501953125,125.07624798326509,122.26944432692575,124.89772318191494,45535600,122.97858276367188,122.69790420532226,113.81988098144531,100.49441486358643,122.68442392525809,121.22091714692236,115.1139778782052,57.99431688645331,2.534450169673562,3.1926906836390785,-0.6582405139655165,0.5371442945862448,122.69790420532226,125.60236439522713,119.79344401541739,2.8046760965046595,22.3111782832291
2023-06-20 04:00:00,122.0909194946289,123.54887077747642,121.1387897432877,121.92231483974503,26097500,122.68996810913086,122.71476440429687,114.11107437133789,100.56820503234863,122.57651402878005,121.3037745133706,115.38758343179045,56.59759751327293,2.313727321968912,3.0168980113050456,-0.7031706893361336,-0.5011347173776493,122.71476440429687,125.59999815584804,119.8295306527457,2.7175389103262333,22.351487536205468
2023-06-21 04:00:00,119.56182098388672,121.65452532950529,119.11550521954592,121.39665450345422,30306300,122.0195083618164,122.49160842895508,114.39096084594726,100.62181201934814,122.02838802061761,121.13787417722928,115.55127902206873,49.05285645534812,1.9126776048537266,2.796053930014782,-0.8833763251610556,-3.3047245547655146,122.49160842895508,125.62950060124714,119.353716256663,2.8195535024089273,22.41664760435147
2023-06-22 04:00:00,122.14051055908203,122.22976917477193,117.85592296831348,119.01633037340913,26952200,122.08397598266602,122.52086639404297,114.74404266357422,100.69768501281739,122.04877393670205,121.23336335645335,115.80968025881435,55.55801379026804,1.7823753982422517,2.593318223660276,-0.8109428254180244,-2.269660803245521,122.52086639404297,125.63280659965862,119.40892618842732,3.0044539126838785,22.78811128165702
2023-06-23 04:00:00,121.33715057373047,121.78346637257002,120.06764420404919,120.3850207964695,34913600,122.10381240844727,122.59227638244629,115.09514083862305,100.77469856262206,121.9193878707072,121.2432478533369,116.02644380057578,53.275762533376124,1.595889107641213,2.3938324004564637,-0.7979432928152508,-3.903862914253975,122.59227638244629,125.51142941856628,119.67312334632629,2.9803673128892214,22.355229527317647
2023-06-26 04:00:00,117.36993408203125,120.99993578775403,117.30050819204033,119.77010249354858,33969900,121.71800079345704,122.33738250732422,115.31155212402344,100.81878421783448,121.09221445458428,120.87436082749826,116.07912969396618,43.72375630994868,1.115121734098679,2.1380902671849067,-1.0229685330862277,-3.395919119867985,122.33738250732422,126.07720683459847,118.59755818004997,3.01437206943892,23.908731861977483
2023-06-27 04:00:00,117.36003112792969,118.10388325320572,115.14830747935935,116.12027758580295,39535900,121.19135360717773,122.02595710754395,115.49920135498047,100.86812644958496,120.4136356679198,120.53966276087269,116.12936112274906,43.70269251270135,0.724954220208545,1.8554630577896343,-1.1305088375810892,-3.1193602832817358,122.02595710754395,126.32292731989607,117.72898689519182,3.0179149756170256,23.558862100216245
2023-06-28 04:00:00,119.19485473632812,119.4031324056984,115.89214976448287,116.1301803056411,27091400,120.82934646606445,121.85288772583007,115.78107147216797,100.91538581848144,120.19203913490313,120.41158580615416,116.2495765585757,48.639670995267146,0.5573735302784542,1.5958451522873984,-1.0384716220089443,-1.6771658801041145,121.85288772583007,126.31848953435617,117.38728591730397,2.778466199668349,24.32188868156924
2023-06-29 04:00:00,118.12369537353516,119.07582501976484,117.33025778510398,118.26254714068196,24090900,120.37609176635742,121.66593170166016,116.07067764282226,100.95624809265136,119.81597663283621,120.19369147923807,116.3230714140643,46.09810642238959,0.3342776726998409,1.343531656369887,-1.009253983670046,-3.671969360104932,121.66593170166016,126.43270979519212,116.89915360812819,2.7706736315462672,24.40888405772673
2023-06-30 04:00:00,118.71878814697266,120.08748080780242,118.708875567441,119.1849366580173,29532200,119.84151000976563,121.46657905578613,116.37853317260742,101.03251770019531,119.61648781722465,120.05322449521279,116.41702108986463,47.732138298657965,0.2031498269201677,1.1154552904799433,-0.9123054635597756,-3.3352118744672365,121.46657905578613,126.38142740098422,116.55173071058803,2.7798844821909237,24.332474918739305
2023-07-03 04:00:00,118.91714477539062,119.20476846528122,117.84599604756099,118.26255136387671,14467900,119.48148498535156,121.23003387451172,116.66833801269532,101.10640697479248,119.48933453689119,119.94502642665829,116.51506515596368,48.294787304466205,0.11392255825522568,0.9151487440349998,-0.8012261857797741,-3.048436445588454,121.23003387451172,126.15818014515791,116.30188760386552,2.7076247840913714,24.12322655702215
2023-07-05 04:00:00,120.75198364257812,121.60493460466255,118.25264406620929,118.26255664547801,27584800,119.34759140014648,121.01877975463867,116.99245910644531,101.19983478546142,119.71890710156154,120.02187949484113,116.68121882210542,53.3024265374931,0.18908580374062467,0.7699361559761247,-0.5808503522355001,-2.6700782638833687,121.01877975463867,125.62214666478255,116.4154128444948,2.806804636030619,24.50142768539608
2023-07-06 04:00:00,119.12543487548828,119.31387982882194,117.42945299604987,118.81797842897954,24745200,119.30395278930663,120.66173057556152,117.27294082641602,101.28567531585693,119.6110030604573,119.93650381680752,116.777070432042,48.791205623924704,0.11606638441014638,0.639162201662929,-0.5230958172527826,-2.7685539212633725,120.66173057556152,124.61286761043472,116.71059354068832,2.859935884824387,24.421241976850023
2023-07-07 04:00:00,118.50059509277344,120.05772509699975,118.42124905726847,119.1155079508008,21709500,118.93996124267578,120.5119686126709,117.582978515625,101.36705272674561,119.4091107026966,119.79975060499474,116.84465963442362,47.14065446608747,0.007689974810332956,0.5128677562924099,-0.5051777814820769,-2.9406973235330702,120.5119686126709,124.5559570798189,116.4679801455229,2.7600474536984874,20.68343842939694
2023-07-10 04:00:00,115.49542236328125,117.34017600620315,115.18796594507899,117.33026342725442,35315200,118.35578842163086,120.22980041503907,117.83568969726562,101.44297515869141,118.69753100462108,119.3898145819744,116.79174836888863,40.11234409230824,-0.317036831357683,0.34688683876239135,-0.6639236701200744,-3.4010845495181075,120.22980041503907,124.83783027001331,115.62177056006482,2.7961778459381383,22.398394748376106
2023-07-11 04:00:00,116.17977142333984,116.74509867791642,114.40444362500358,115.33674061449469,23078800,118.23677215576171,119.97738647460938,118.02512420654297,101.53154312133789,118.23975653529722,119.08409618591398,116.76774927298476,42.22480961133541,-0.5132475170817088,0.1748599675935713,-0.6881074846752802,-4.880231062124841,119.97738647460938,124.89766004693062,115.05711290228813,2.7912188472755752,22.566397009493404
2023-07-12 04:00:00,117.95510864257812,119.34363409167489,117.4393745101533,117.82617700118566,30404400,118.29627990722656,119.74381675720215,118.25502410888672,101.62472301483155,118.18800237298464,118.97657356273915,116.81431238551784,47.40759484826283,-0.5195025209766015,0.03598746987953674,-0.5554899908561383,-2.7873095050944374,119.74381675720215,124.57733743509053,114.91029607931378,2.804679446793579,22.90163166075721
2023-07-13 04:00:00,123.51912689208984,123.80675062438884,119.46264933218596,119.93871802592176,44297900,118.72870712280273,119.77902679443359,118.59898147583007,101.7526655960083,119.15729774009468,119.40919768934398,117.07724628773634,59.63035153462856,-0.07462960075113756,0.013864055753401883,-0.08849365650453944,5.239155034168164,119.77902679443359,124.71589857139375,114.84215501747343,2.9102362878901693,28.77077041729825
2023-07-14 04:00:00,124.39190673828125,125.74075916657561,122.47772701039696,123.77699383825481,33283100,119.35552825927735,119.86581001281738,118.99768615722657,101.8877986907959,120.10904483067405,119.88374140829039,117.36409571716948,61.155379689581586,0.34439150226415904,0.07996954505555333,0.26442195720860573,5.991712461874155,119.86581001281738,125.06945254958997,114.66216747604479,2.995248130829156,28.85683115456264
2023-07-17 04:00:00,123.62821197509766,126.05812564014278,123.18189620588134,124.9076384065508,25716200,119.84647064208984,119.84399032592773,119.37933181762695,102.022435836792,120.74889340238742,120.24035765274822,117.60974733512745,59.053217381274074,0.6078381801872581,0.1855432720818943,0.4222949081053638,3.7194199771261927,119.84399032592773,124.97667743503573,114.71130321681974,2.912361491727105,28.673776330330757
2023-07-18 04:00:00,122.74551391601562,123.65797065567115,121.95206866692536,123.57862461739118,26193600,120.22930755615235,119.85539627075195,119.75760513305664,102.14001411437988,121.11191531395617,120.47894396353558,117.81114994614268,56.63019900265061,0.7369006817650501,0.29581475401852547,0.4410859277465246,3.9126938315510618,119.85539627075195,125.0140458316254,114.69674670987851,2.823099078505635,28.428190318940867
2023-07-19 04:00:00,121.02969360351562,124.15387391443447,120.80158319859368,123.57862647852336,37224000,120.2570785522461,119.80233497619629,120.08410659790039,102.26205543518067,121.09696591205788,120.53139631020035,117.93736734447104,52.15081247420884,0.6927457428956245,0.3752009517939453,0.3175447911016792,1.946537268963766,119.80233497619629,124.88544447330673,114.71922547908585,2.8117639409788677,28.851714035694265
2023-07-20 04:00:00,118.22289276123047,123.07280793107658,117.25093023799634,120.42469622569655,37906800,120.16682434082031,119.73538856506347,120.31083297729492,102.37884017944336,120.57440715736197,120.31153882934608,117.94856441963807,45.77258030317847,0.4263525384948821,0.38543126913413267,0.04092126936074941,-0.5838115399351862,119.73538856506347,124.86687372094319,114.60390340918376,3.094426851111446,29.096663077301272
2023-07-21 04:00:00,119.03616333007812,119.99821321316037,117.75674443491287,119.6312510365837,72937900,120.22038116455079,119.58017120361328,120.56215560913085,102.48486389160156,120.29472646149217,120.19007449608246,117.9912153573024,47.766008514125005,0.2776574802713867,0.3638765113615835,-0.0862190310901968,-1.420945860052103,119.58017120361328,124.59173929703014,114.5686031101964,3.1142613756814623,28.07471821920298
2023-07-24 04:00:00,120.5337905883789,121.99174188501857,119.98830359973758,120.6627297925078,29686100,120.72421798706054,119.54000320434571,120.75615234375,102.58349868774414,120.33819266638066,120.22280936201545,118.09092418989363,51.315192251842944,0.2774631563394081,0.3465938403571484,-0.06913068401774031,1.18224602022452,119.54000320434571,124.50493844316036,114.57506796553106,3.2283189569114774,28.404205741431593
2023-07-25 04:00:00,121.20821380615234,122.14051081744289,120.02796610605938,120.36518297759501,52509600,121.2270622253418,119.73191719055175,120.86802780151368,102.68654693603516,120.49637832815732,120.31665740431421,118.21317084151161,52.86830085724477,0.32794907768129633,0.342864887821978,-0.014915810140681662,2.284898832161253,119.73191719055175,124.64007090497734,114.82376347612617,3.1397656835493524,25.715343487444443
2023-07-26 04:00:00,128.2103271484375,129.90630113026324,127.26811769923354,129.00377226018543,61682100,122.25258407592773,120.27443199157715,121.10129943847656,102.82465541839599,121.89891447729917,121.06843547518311,118.60521618688125,65.25976081175789,0.9223394071464952,0.45875979168688147,0.46357961545961374,11.009011894136012,120.27443199157715,126.34070661243368,114.20815737072061,3.523734017662399,32.48237486235216
2023-07-27 04:00:00,128.33926391601562,132.14779780312753,127.73426366088836,130.59066029279523,44952100,122.7345977783203,120.73165245056153,121.35698577880859,102.9769962310791,123.06988710252034,121.76089532669096,118.98694354880809,65.43994477452185,1.387804399928612,0.6445687133352276,0.7432356865933845,10.46610123578966,120.73165245056153,127.7578220724888,113.70548282863425,3.722095310698677,32.23900657926199
2023-07-28 04:00:00,131.49322509765625,132.64372004824634,129.4997067956334,129.70797692151828,36591200,123.44472961425781,121.40012893676757,121.61624313354493,103.14917324066163,124.60140310163595,122.6877838763067,119.47738596248841,69.59429121346501,1.9882675580520015,0.9133084822785824,1.074959075773419,11.477346433634072,121.40012893676757,129.7926860699764,113.00757180355875,3.79294009530841,32.658805904445586
2023-07-31 04:00:00,131.63204956054688,132.43540728957092,130.69975264360772,131.64196213896054,28055500,124.24511337280273,122.0457920074463,121.85189544677735,103.32541652679443,125.87970245780157,123.53961870337719,119.95403943692209,69.76656141754982,2.4471318976892036,1.2200731653607066,1.227058732328497,6.568150919286153,122.0457920074463,131.49071620892946,112.60086780596313,3.7497257805262927,32.69802769320881
2023-08-01 04:00:00,130.47164916992188,131.54279790983335,129.60877052366334,129.70795684787504,23166800,125.01772689819336,122.62351722717285,122.02486557006836,103.4939733505249,126.71460186000526,124.19981208114335,120.36649472056914,66.38103947308224,2.68618590017347,1.5132957123232593,1.1728901878502107,4.88757073595818,122.62351722717285,132.6578018700256,112.5892325843201,3.6682555211368992,33.06534792450203
2023-08-02 04:00:00,127.32763671875,129.02361087752263,126.51435123258612,128.38885774863965,26273300,125.6475212097168,122.95229988098144,122.13634399414063,103.63937160491943,126.82606274341339,124.49770014186778,120.63948068128211,58.147767957227344,2.5920627048733706,1.7290491108332815,0.8630135940400891,2.9923790731499977,122.95229988098144,133.15783775802973,112.74676200393316,3.5329452322458303,34.34015318086935
2023-08-03 04:00:00,127.39706420898438,128.329361244637,126.37550855512062,126.9210031114822,20089500,126.56493835449218,123.36588134765626,122.20378646850585,103.79751457214356,126.92988119169901,124.77383005302174,120.90448395687828,58.270851447901045,2.494318659857811,1.8821030206381875,0.6122156392196234,3.789588836746738,123.36588134765626,133.58883598831977,113.14292670699272,3.439432413198525,33.81175826905691
2023-08-04 04:00:00,127.05984497070312,130.43196810964983,126.8614874567136,128.22025231793552,26147200,127.36730651855468,123.79384384155273,122.31387634277344,103.93706123352051,126.95351096969975,124.99154575946758,121.14587066330279,57.38803964688512,2.3624126037592816,1.9781649372624064,0.38424766649687525,4.9823734883951865,123.79384384155273,133.87486432573468,113.71282335737077,3.4890217859610106,33.734361725300175
2023-08-07 04:00:00,130.4518280029297,130.53117404718972,127.96240829082672,128.10126008485418,22746300,128.35911026000977,124.54166412353516,122.52473388671875,104.08960056304932,127.58956861210518,125.51157263979731,121.51081016681756,63.39533772252077,2.502730863190095,2.083078122447944,0.41965274074215086,10.34396550116352,124.54166412353516,134.2425417516685,114.8407864954018,3.6151237207996396,32.834634602528304
2023-08-08 04:00:00,130.3228759765625,130.43197488498015,128.4781222465879,129.54927103822243,23535200,129.27057647705078,125.24881935119629,122.68183517456055,104.24714839935302,128.08653358746105,125.96979200520352,121.85638137504286,63.031536008144755,2.5738589006614063,2.1812342780906366,0.3926246225707697,9.481751033244578,125.24881935119629,134.43127593949467,116.0663627628979,3.5166533665497104,32.93684651150461
2023-08-09 04:00:00,128.59715270996094,130.9576330468754,127.94255923989908,130.58075827957177,24912900,129.30925903320312,125.78092155456542,122.78200744628906,104.39438159942627,128.17937342791555,126.22001683422803,122.12072534896122,58.216687995408336,2.4625897360947846,2.2375053696914664,0.2250843664033182,6.689710895360701,125.78092155456542,134.39985582761224,117.16198728151862,3.3161673746851443,33.41899763202398
2023-08-10 04:00:00,128.6269073486328,130.9675625582551,128.38886922887625,130.2435507528464,20857800,129.33802337646483,126.03631057739258,122.9014207458496,104.53601112365723,128.2607432316823,126.44924450226658,122.3758697411052,58.27586871002782,2.349722928922745,2.2599488815377224,0.08977404738502237,6.12061947744329,126.03631057739258,134.67573163499335,117.39688951979181,3.3402548426230996,29.38668529379363
2023-08-11 04:00:00,128.49795532226562,128.86491747828384,127.11935017534717,127.60533894622364,19591100,129.0384963989258,126.24161300659179,123.03412353515625,104.67010284423829,128.30387270269745,126.64435981845696,122.6159515286017,57.89316487969435,2.224230278135636,2.252805160857305,-0.028574882721669415,0.22434087816898263,126.24161300659179,134.91159426214278,117.5716317510408,3.2538254674799734,29.348592570339164
2023-08-14 04:00:00,130.25344848632812,130.29311393491162,127.9028809647762,128.3293488553076,24695600,128.9006362915039,126.57287483215332,123.18507568359375,104.80325233459473,128.65834102699392,126.9880825487304,122.91546121321842,61.59111778574167,2.240601812365668,2.2503644911589777,-0.009762678793309831,1.4915034665970328,126.57287483215332,135.3282761982719,117.81747346603474,3.2736603431051097,29.480862322853184
2023-08-15 04:00:00,128.71617126464844,130.34272731563817,128.22026984503316,130.02535827661376,19770700,128.72508850097657,126.87140769958496,123.28643814086914,104.97607398986817,128.66885561565837,127.15266242643688,123.1429400387647,56.880178973884405,2.105262788025968,2.221344150532376,-0.11608136250640833,-2.111936817235549,126.87140769958496,135.48331613402533,118.25949926514461,2.8039724964261175,29.734184423426985
2023-08-16 04:00:00,127.64498901367188,129.21203890604806,126.82179862311632,127.64498901367188,25216100,128.75682373046874,127.20217247009278,123.3397966003418,105.15697868347168,128.48269805166083,127.1995506728402,123.31949097895715,53.79266926600284,1.8897859051973143,2.1550325014653637,-0.2652465962680495,-3.0289436046812224,127.20217247009278,135.3658699102203,119.03847502996524,2.659451506475587,29.383070756440848
2023-08-17 04:00:00,128.85501098632812,130.90804993539842,128.23017041335734,128.73599949955613,33446300,128.90261840820312,127.73377838134766,123.39156845092774,105.32375034332276,128.55039131250942,127.35721355983905,123.5365701949325,56.65488341977803,1.7959549332192637,2.0832169878161437,-0.28726205459688003,-1.239072391495788,127.73377838134766,134.73784644241624,120.72971032027908,2.585066134296718,27.792008830005184
2023-08-18 04:00:00,126.41517639160156,128.19050420505582,125.34402761585469,127.4565647289768,30504800,128.83815155029296,128.10272903442382,123.48995529174805,105.48714977264405,128.1621704177989,127.26749573429262,123.64945671244894,49.937912891384954,1.507343236127582,1.9680422374784314,-0.4606990013508494,-0.7166239401457997,128.10272903442382,133.84066038013722,122.36479768871041,2.711875328904593,28.97891299981791
2023-08-21 04:00:00,127.31771850585938,127.67476811335399,125.5225578886843,126.13747833867052,25248700,128.52474060058594,128.44192543029786,123.61353393554687,105.67509643554688,128.00863370653715,127.2722788553942,123.7933101161121,52.19575878381835,1.3360429214680067,1.8416423742763466,-0.5055994528083398,-0.062282206907715576,128.44192543029786,132.9705396028685,123.91331125772722,2.7210846994607465,28.808322205639215
2023-08-22 04:00:00,128.0219268798828,129.21208739572333,127.26816208438329,127.45659193297413,22054900,128.29464569091797,128.78261108398436,123.74941146850585,105.88392059326172,128.01105064714545,127.3436739053455,123.95913822449526,53.941243094697846,1.2427838794606174,1.7218706753132007,-0.4790867958525833,0.7571880080614823,128.78261108398436,131.78937978730536,125.77584238066335,2.5772723690324812,28.80753319267278
2023-08-23 04:00:00,131.28494262695312,132.31642609894942,128.80543542234216,129.11289189432017,27819700,128.56342468261718,128.93634185791015,123.92258026123046,106.12661483764649,128.6063037343832,127.71903283121289,124.24642467165047,61.03984559476452,1.4158524516774094,1.6606670305860425,-0.24481457890863312,0.6386377537037857,128.93634185791015,132.1285896025022,125.7440941133181,2.7444614068574973,22.16436244726102
2023-08-24 04:00:00,128.71617126464844,133.14953116670597,128.5079011432878,132.85198728819475,28500700,128.57235107421874,128.9551872253418,124.04060516357421,106.34084434509278,128.6262796489769,127.81399839630198,124.42170885176805,53.98590215502538,1.330396182185595,1.5946128609059531,-0.26421667872035814,-1.2328646830990886,128.9551872253418,132.1370267119321,125.77334773875151,2.8209720761776365,23.368113178822885
2023-08-25 04:00:00,128.81533813476562,129.68811421046675,126.20689221900474,128.47811371877063,26762900,128.60408935546874,128.82129287719727,124.16378707885742,106.546097946167,128.66065391912028,127.90936408567947,124.59400803933659,54.20591789122862,1.2561928019129311,1.5269288491073487,-0.2707360471944176,0.1696658286803432,128.82129287719727,131.77029287041708,125.87229288397744,2.8216787129615946,21.53745681157507
2023-08-28 04:00:00,129.9360809326172,131.4535380240542,129.07321732909296,130.23362480291482,20543300,128.57235260009764,128.7364944458008,124.28121658325195,106.75492195129395,128.89254973975608,128.10238473776877,124.80350109397504,56.7243511946926,1.2731446468052496,1.476172008646929,-0.20302736184167935,1.0178069355550656,128.7364944458008,131.43180961558454,126.04117927601702,2.8691425796006516,21.80079295264593
2023-08-29 04:00:00,133.46690368652344,135.45050919179718,131.15600145683445,131.15600145683445,43075600,129.04742584228515,128.88625717163086,124.5002067565918,106.98923542022705,129.72425045735014,128.61329130431685,125.1432423721142,63.52923364990549,1.5535783102455696,1.4916532689666573,0.061925041278912296,3.8669474170199614,128.88625717163086,132.23996275903966,125.53255158422208,3.0476678976151996,23.656869834889942
2023-08-30 04:00:00,134.76617431640625,135.16288939766932,132.97101360306888,133.67518514236738,28315800,129.7595443725586,129.25818405151367,124.75371185302734,107.19721645355224,130.64096388626942,129.19928016261107,125.52061225228253,65.66856188976408,1.8592322186268007,1.565169058898686,0.2940631597281147,3.4645730170835387,129.25818405151367,133.43335896438367,125.08300913864366,3.020038073702455,21.828304564550642
2023-08-31 04:00:00,135.05377197265625,136.8687727314443,134.67688210350767,134.8950799084139,30053800,130.3794204711914,129.64101943969726,125.06355087280274,107.39438678741455,131.44329262924884,129.7568508111868,125.8944616530815,66.14200110286912,2.1004590855935703,1.6722270642376629,0.42823202135590743,4.923702007090713,129.64101943969726,134.45320178675982,124.8288370926347,3.0519183112024515,21.812540518063837
2023-09-01 04:00:00,134.54795837402344,136.3332062668677,133.74460060567057,136.3332062668677,21543700,131.19269866943358,130.0154251098633,125.31169982910156,107.59254901885987,132.00777731011695,130.2131467695522,126.23381446566746,64.45839096491753,2.225167835769554,1.7828152185440411,0.4423526172255128,5.40794387127268,130.0154251098633,135.1372713214169,124.89357889830966,3.0660877891354312,21.85377520813213
2023-09-05 04:00:00,134.6570587158203,135.30172442643027,133.4768110647792,134.3297620041587,19403100,131.9266326904297,130.2256866455078,125.57809799194337,107.77766899108887,132.48946483842664,130.6363764787206,126.56413776959504,64.66730195985018,2.3062192446744803,1.887496023770129,0.4187232209043512,4.502772290406143,130.2256866455078,135.7522413484093,124.69913194260631,3.044834638495863,19.975258636331898
2023-09-06 04:00:00,133.3577880859375,135.41081165738936,132.5742555345524,134.90499776499271,18684500,132.46021881103516,130.37743225097657,125.89785507202149,107.95425945281983,132.6473417925195,130.89555853655077,126.83055542905946,60.1341179251552,2.2397938396415498,1.9579555869444132,0.2818382526971366,5.491913148805416,130.37743225097657,136.07911089191,124.67575361004315,3.0767143413462352,20.360527923164256
2023-09-07 04:00:00,134.15126037597656,134.46864458133612,131.86019800324286,132.49495128025006,18844300,132.7468505859375,130.65513763427734,126.23367965698242,108.13724716186523,132.92078153496624,131.20562537840084,127.11764189756602,61.89107879992804,2.22552336208733,2.0114691419729964,0.2140542201143334,5.367314110174459,130.65513763427734,136.5301227794476,124.7801524891071,3.029956173943858,19.67962434482714
2023-09-08 04:00:00,135.26206970214844,135.53977327338907,133.7446126401159,133.80411838628038,23558300,133.4014404296875,130.9868957519531,126.55502395629883,108.33040077209472,133.34647029263573,131.59195340923395,127.43703122323592,64.26541334669636,2.277592269087478,2.0646937673958927,0.2128985016915852,5.655392789907565,130.9868957519531,137.12319372178825,124.85059778211799,2.9073974070009823,19.780557936545854
2023-09-11 04:00:00,135.79762268066406,136.35302976641478,134.6768807966762,135.4207328151726,20763400,134.09966888427735,131.35187911987305,126.90850250244141,108.53530723571777,133.79213436318634,131.99249333984636,127.76489755489978,65.385173529703,2.335153704264485,2.118785754769611,0.2163679494948738,3.4373173064741636,131.35187911987305,137.72850151606687,124.97525672367921,2.873393031648761,19.739351929791503
2023-09-12 04:00:00,134.23060607910156,135.7480633644747,134.08184169179512,135.1430629665754,18405500,134.52912139892578,131.5507369995117,127.21873886108398,108.72518795013428,133.87185649335274,132.20564693406115,128.0184547519273,59.509244566370164,2.2286360832185323,2.1407558204593955,0.08788026275913685,4.284181824453981,131.5507369995117,138.0303547196438,125.07111927937962,2.8570970086151113,19.932883326195455
2023-09-13 04:00:00,135.58935546875,135.7777852717878,133.05032781273377,133.9826247837674,20749500,134.74136657714843,131.8943962097168,127.55218307495117,108.91487022399902,134.18412903433406,132.5279048897458,128.3153528192537,62.6440293460121,2.2281748091149325,2.1582396181905033,0.06993519092442924,5.258703996023706,131.8943962097168,138.46938087209836,125.31941154733525,2.745165454328498,19.49514568099697
2023-09-14 04:00:00,136.96798706054688,137.56305972256655,135.12323305423436,136.4720856086748,24751000,134.9615478515625,132.36054611206055,127.87650314331054,109.11640468597412,134.69028503910002,132.95076985839353,128.65467180910832,65.55768195655665,2.3123974158253873,2.18907117771748,0.12332623810790722,5.411819471126211,132.36054611206055,138.98875470865508,125.73233751546603,2.587893786108071,19.214458102571257
2023-09-15 04:00:00,136.273681640625,137.38451092876176,135.36122499467155,136.84892900879936,38919600,135.0835388183594,132.7314796447754,128.2194680786133,109.32145984649658,134.97817533028638,133.26723764717747,128.95345650838348,62.89698986467697,2.296645493957186,2.2105860409654214,0.08605945299176465,2.1029767504713304,132.7314796447754,139.36400679881638,126.09895249073442,2.4837554962957995,19.317760777956693
2023-09-18 04:00:00,137.07705688476562,138.0192664165555,135.4901665221767,135.4901665221767,21861300,135.3364486694336,133.2645736694336,128.59099731445312,109.53479660034179,135.3597901583735,133.63007757456683,129.27202907216318,64.68309194880783,2.3222185604709864,2.232912544866535,0.08930601560445162,1.714734858417688,133.2645736694336,139.4589522434792,127.07019509538799,2.475962639516528,17.527768594738934
2023-09-19 04:00:00,136.908447265625,137.2754245802509,135.5000891528616,136.29353439301667,20353700,135.56158752441405,133.74411010742188,129.0192578125,109.71852806091309,135.64136417787375,133.9423032594295,129.57149645229896,63.98688764371102,2.3023400696262115,2.2467980498184703,0.055542019807741205,1.3732865553316431,133.74411010742188,139.46705878895887,128.02116142588488,2.208884580102908,17.58786046498009
2023-09-20 04:00:00,132.6436767578125,136.94809613666976,132.52465016244247,136.94809613666976,29927500,135.49017639160155,133.97519760131837,129.34853591918946,109.88093566894531,135.09633010149898,133.8186245449898,129.6919741113387,49.48001605159734,1.920318646607484,2.181502169176273,-0.2611835225687891,-1.4153181060669207,133.97519760131837,139.06330999509004,128.8870852075467,2.3682824500762547,21.471253387540067
2023-09-21 04:00:00,129.37074279785156,131.14606291971518,129.00378065244968,130.3625454686309,31503900,135.01212463378906,133.87948760986328,129.57684860229492,110.02970600128174,134.05531422810853,133.39501675954807,129.67937680492744,41.67180789747626,1.3380413907798925,2.012810013496997,-0.6747686227171044,-3.925762205399841,133.87948760986328,139.24511978208747,128.51385543763908,2.471711412749554,21.533496157730276
2023-09-22 04:00:00,129.18231201171875,130.94771974828387,128.5376462586181,129.68812598105728,26397300,134.4041488647461,133.9027946472168,129.6901123046875,110.18229488372803,133.16931382512857,132.99380678356434,129.65988406793886,41.26803732257757,0.8515614109296905,1.7805602929835358,-0.9289988820538453,-3.1310327909218283,133.9027946472168,139.1772674209764,128.62832187345722,2.4589591147830276,20.350067773212462
2023-09-25 04:00:00,130.0352783203125,130.09478407268804,127.90290814706238,128.76577182393018,20094600,133.82791442871093,133.96379165649415,129.80297973632813,110.35154613494873,132.59948918788928,132.71204216801655,129.6746054111692,43.91707235135868,0.5287546204399405,1.530199158474817,-1.0014445380348764,-3.068165028139491,133.96379165649415,139.01398926628804,128.91359404670027,2.4851707264955,20.474428325363597
2023-09-26 04:00:00,127.51607513427734,129.29139523509036,126.1771354911184,128.70623529835885,25718700,133.1564613342285,133.84279136657716,129.88073699951173,110.51831775665283,131.67523208723256,132.2171881648033,129.58995716501659,38.40719667858165,0.06885554615098499,1.2379304360100507,-1.1690748898590657,-5.726656840996169,133.84279136657716,139.39074743948373,128.2948352936706,2.55814120552101,21.39667527091268
2023-09-27 04:00:00,129.4699249267578,129.82697452376246,127.51608742320651,127.51608742320651,22746500,132.5445182800293,133.64294242858887,130.01522521972657,110.70095825195312,131.2742671489644,131.9555440468942,129.5852500184182,44.24932641199548,-0.13638625847755748,0.963067097112529,-1.0994533555900865,-4.659652819391546,133.64294242858887,139.52576320168848,127.76012165548924,2.536887834906142,19.682699655518686
2023-09-28 04:00:00,131.2254180908203,132.20730825142687,128.72607094890918,128.77566411264445,22513100,131.97026138305665,133.46590461730958,130.21913970947264,110.89674003601074,131.26538550202912,131.88600824155384,129.649570334983,48.93584188360807,-0.15559464208209306,0.7393347492736047,-0.8949293913556977,-2.238824718194521,133.46590461730958,139.41908921394,127.51272002067915,2.657321882709321,20.01482246283505
2023-09-29 04:00:00,129.7873077392578,132.9511609153293,129.29140636705122,132.18746856469267,30859800,131.3216239929199,133.20258140563965,130.4504280090332,111.08295097351075,130.99664409061614,131.68613200323992,129.6549718018173,45.557253944092565,-0.28359184084752087,0.5347494312493796,-0.8183412720969004,-4.279132170393285,133.20258140563965,139.32357036038167,127.08159245089763,2.7990079954621407,20.258964707304834
2023-10-02 04:00:00,133.07017517089844,133.31812586216128,130.09476687574428,130.1344474612235,22288000,130.9209358215332,133.1286922454834,130.7311082458496,111.27407135009766,131.37364974157654,131.81794563825503,129.78890134570284,53.456925698282035,-0.11876156794485837,0.404047231410532,-0.5228087993553904,-2.845783144878522,133.1286922454834,139.21688967188524,127.04049481908156,2.9286535050360354,22.417268847489098
2023-10-03 04:00:00,131.3444366455078,133.15943757319482,130.75927662958244,132.8420685488848,22989400,130.3645347595215,132.96306114196778,130.9473211669922,111.45934009552002,131.36833826956405,131.77284954370768,129.84990273000892,49.39909133090254,-0.12593338387341646,0.2980511083537423,-0.4239844922271588,-3.6171657914962463,132.96306114196778,139.05642583805752,126.86969644587806,2.9052751825044894,22.843477012233134
2023-10-04 04:00:00,134.13140869140625,134.45870541332442,131.44361659343454,131.70147985901755,26752300,130.51330795288087,133.00174217224122,131.20578506469727,111.67942108154297,131.870714709899,131.99747422444088,130.0178049245735,55.30025529228506,0.09220536666873613,0.25688196001674113,-0.164676593348005,-2.1488995024423696,133.00174217224122,139.11544542523296,126.88803891924948,2.9534496181819483,23.921868043956806
2023-10-05 04:00:00,133.96279907226562,134.37935439370042,132.3560683939219,133.96279907226562,19832600,130.97251358032227,132.99231910705566,131.32083450317384,111.90163452148437,132.25109368487475,132.1846480194718,130.1725105774242,54.88323852820006,0.24861068175840728,0.25522770436507436,-0.006617022606667078,-2.151545979952818,132.99231910705566,139.09913941575476,126.88549879835656,2.9534496228739706,23.836642632500077
2023-10-06 04:00:00,136.45223999023438,137.02748746801123,132.9114964978089,132.9114964978089,27597600,131.69950637817382,133.05182762145995,131.48309402465821,112.14532058715821,133.0149384676674,132.59108535002062,130.41877447596576,59.713693021114786,0.5669051678716812,0.31756319706639574,0.24934197080528547,2.8712738711063723,133.05182762145995,139.27388376039386,126.82977148252604,3.066798985432794,24.57820271208054
2023-10-09 04:00:00,137.2853240966797,137.80106572376255,134.49836100864687,135.8174603789753,19278100,132.42451095581055,133.12621269226074,131.59893600463866,112.39029579162597,133.7913722183969,133.0381557068453,130.68805093168004,61.21040100665654,0.8762775837979575,0.4293060744127081,0.4469715093852494,6.117752072580318,133.12621269226074,139.51969385347985,126.73273153104162,3.1758967916989636,24.629407192482557
2023-10-10 04:00:00,136.9282989501953,138.57469531209054,136.2042871076599,137.36469462527216,27786600,133.36573333740233,133.26109733581544,131.70486099243163,112.63070877075195,134.36172253326933,133.4086455395453,130.93276654024928,60.17855236993648,1.0801966719545817,0.5594841939210828,0.5207124780334988,5.996166826441285,133.26109733581544,139.8631090590969,126.65908561253397,3.0292512367134887,24.243554769184858
2023-10-11 04:00:00,139.39788818359375,139.95329533664227,137.44403543423456,137.44403543423456,25884300,134.35852966308593,133.4515239715576,131.88338577270508,112.89249519348145,135.2773890151465,133.97904960088323,131.26473209489023,64.6212236316912,1.4246566750611862,0.7325186901491036,0.6921379849120826,7.200053696365827,133.4515239715576,140.53821014207176,126.36483780104346,2.9853298282194984,24.790416682710063
2023-10-12 04:00:00,137.830810546875,140.06236642948565,137.1266240317535,139.89376180106655,24765500,135.0190689086914,133.49466514587402,132.09344924926756,113.13915637969971,135.74164747546075,134.34588397669197,131.52222536751708,60.04355839119829,1.5532882999214337,0.8966726121035696,0.6566156878178641,8.088968705895327,133.49466514587402,140.68128633002107,126.308043961727,3.0228776073670978,24.962099514535826
2023-10-13 04:00:00,136.2340087890625,138.85236710628996,135.500069400509,138.23745432331978,23420500,135.6637390136719,133.4926815032959,132.27018814086915,113.38695823669434,135.8311677142974,134.5257053873939,131.70700118796984,55.71275322486198,1.5089865746169835,1.0191354046062524,0.4898511700107311,5.224444106329074,133.4926815032959,140.67609414239084,126.30926886420094,3.10576487737819,25.257960261951713
2023-10-16 04:00:00,137.9597930908203,138.4854474310205,136.85889123736658,137.03740849990476,28501900,136.15270080566407,133.53681831359864,132.48818710327149,113.65018283843995,136.21819051002885,134.85276135914881,131.95220871357182,59.14273426089536,1.594750220463169,1.134258367777636,0.46049185268553305,5.131913540819655,133.53681831359864,140.8230722689125,126.25056435828478,2.9910002925756123,25.5762437552661
2023-10-17 04:00:00,138.57464599609375,138.75316318125235,136.055459180574,137.49358490719754,23515800,136.87572174072267,133.62012825012206,132.65064346313477,113.90443134307861,136.64663696204065,135.2072265626674,132.21191213641583,60.32179044940006,1.692818263407645,1.2459703469036376,0.44684791650400735,6.770568255017406,133.62012825012206,141.10411992905642,126.1361365711877,3.0186291933751295,25.60650045906386
2023-10-18 04:00:00,136.82911682128906,139.56648701861894,136.25386939858822,138.30689326315832,23375000,137.14549255371094,133.8294002532959,132.7807682800293,114.15104309082031,136.67981511826764,135.36169230158373,132.39297898680303,55.43121289564712,1.6111163313893258,1.3189995438007753,0.2921167875885504,2.8247814700500085,133.8294002532959,141.43156586021004,126.22723464638173,3.0065849303403462,23.284474629675362
2023-10-19 04:00:00,136.62083435058594,138.51518131196565,136.25387216099756,137.36468644323884,26066000,137.41129608154296,134.19190483093263,132.9412419128418,114.39219993591308,136.66909134232552,135.4816105919649,132.55877723636314,54.85966924614677,1.5121294202489253,1.3576255190904054,0.15450390115851986,4.017222076424032,134.19190483093263,141.5875033190005,126.79630634286477,2.9066959733896334,21.165869111584673
2023-10-20 04:00:00,134.48846435546875,136.73984579212933,133.97272266731449,136.2042789444492,26335700,137.2149185180664,134.45721244812012,133.0584730529785,114.62785236358643,136.27261370835154,135.38702523610812,132.63445124103396,49.25975015420606,1.2472397390298795,1.3355483630783003,-0.08830862404842077,0.2661984001703699,134.45721244812012,141.46675226989387,127.44767262634637,2.8521463306690173,22.119199783112702
2023-10-23 04:00:00,135.38108825683594,136.53158318839846,132.85198797694417,133.93304944521964,26317900,137.02449493408204,134.7245029449463,133.1961357116699,114.87729080200195,136.11051817171233,135.38645980951077,132.7421624965556,51.49194971629431,1.0966979952889062,1.2877782895204215,-0.1910802942315153,1.0587186848829644,134.7245029449463,141.42495055485372,128.02405533503887,2.943534492657725,22.120129674513688
2023-10-24 04:00:00,137.672119140625,138.2176136078902,136.29351410537674,136.70015681131144,44814300,137.098876953125,135.23230514526367,133.34450912475586,115.13253112792968,136.39444562060555,135.60414165056926,132.93549412965638,56.750959832735326,1.1490145002352676,1.2600255316633908,-0.11101103142812319,0.8939971600890662,135.23230514526367,141.12298895088782,129.34162133963952,2.9236956771747,21.17705497422072
2023-10-25 04:00:00,124.58033752441406,127.25820178277296,124.04476315937147,127.10943743152842,84366200,135.61712188720702,134.9878257751465,133.26179244995117,115.31894046783447,134.24642596675255,134.5542555433164,132.6078409294508,34.0401022131128,0.13255038515094952,1.0345305023609026,-0.9019801172099531,-9.254438998387371,134.9878257751465,142.15338264158817,127.82226890870481,3.752557818708629,40.62948222044443
2023-10-26 04:00:00,121.27764892578125,123.31084775543283,120.27592594806735,122.25953160944253,57061100,133.96180572509766,134.49043731689454,133.13444564819335,115.48685272216797,131.88846650475776,133.28981681783688,132.16351967440494,30.702132281233744,-0.9287975178419856,0.641864898320325,-1.5706624161623106,-11.429814103004842,134.49043731689454,143.81222906717676,125.16864556661233,3.7660164334332284,41.13340177401131
2023-10-27 04:00:00,121.16854095458984,122.29919549173574,119.22460845972752,121.87272000373477,44566500,132.45525894165038,134.05949897766112,132.9807162475586,115.63884647369385,129.93938913199995,132.13540959276574,131.73234403833376,30.595393768210073,-1.7584570803634563,0.1618005025835687,-1.920257582947025,-13.07720473139089,134.05949897766112,144.95995183777333,123.15904611754893,3.7497223132112674,41.049639320554505
2023-10-30 04:00:00,123.43977355957031,124.37207059770444,121.74379170735196,122.20002007986204,28940100,131.00325698852538,133.57797889709474,132.92120819091798,115.8041304397583,128.75764084610364,131.30725378008046,131.40714519602932,35.61347206396809,-2.207254910655479,-0.3120105800642408,-1.895244330591238,-10.441088556473687,133.57797889709474,145.46832853774208,121.68762925644741,3.8092309874029775,40.51109548507384
2023-10-31 04:00:00,123.0628890991211,124.34231557609246,121.68428385885795,124.03485157297696,26292300,129.45208129882812,133.16390151977538,132.8361116027832,115.96262050628663,127.72223143756136,130.52207619141765,131.0799194667388,35.15919649555218,-2.563788097493841,-0.762366083550161,-1.80142201394368,-9.668011539126676,133.16390151977538,145.92656227372288,120.4012407658279,3.783019225316374,40.3538916511999
2023-11-01 04:00:00,125.41345977783203,125.45313279745749,122.70584239837481,123.05297186152897,30082400,128.3105155944824,132.72800407409667,132.78394226074218,116.13697944641113,127.30245477215603,130.0355412948857,130.85770536129147,40.27605402178277,-2.626396345319108,-1.1351721359039506,-1.4912242094151575,-9.094195512984648,132.72800407409667,145.93915817824418,119.51684996994916,3.7695583682699825,40.19244979672756
2023-11-02 04:00:00,126.44493103027344,127.92271501549958,125.88952390924445,127.36730789447058,27124600,127.29292526245118,132.35211067199708,132.68714202880858,116.31733867645264,127.14654136454101,129.69357841254168,130.68465538752605,42.42324473783169,-2.56323534162199,-1.4207847770475586,-1.1424505645744314,-8.75319931624594,132.35211067199708,145.8402394628105,118.86398188118366,3.7093410491190246,40.38854018347834
2023-11-03 04:00:00,128.041748046875,128.4682159884043,126.81190712180837,126.970599202535,26393100,126.6482536315918,131.9315860748291,132.67365356445313,116.49611114501953,127.30930621587446,129.53626123485915,130.5810119624025,45.67914739079789,-2.357158151171731,-1.6080594518723932,-0.749098699299338,-6.422148281415241,131.9315860748291,145.40590499026592,118.45726715939229,3.6930443574170857,40.02878029268832
2023-11-06 05:00:00,129.18231201171875,129.27157062977093,127.61526180428386,127.9921517032279,19052700,126.02837600708008,131.52643547058105,132.6809930419922,116.65594017028809,127.64985272420978,129.50255178503625,130.52616098394432,47.94352153930557,-2.0778543021856137,-1.7020184219350374,-0.37583588025057635,-5.444647131768365,131.52643547058105,144.80887413729073,118.24399680387137,3.6186589877605653,40.12426963317492
2023-11-07 05:00:00,129.8964080810547,130.8287050924927,128.8153467097953,129.63854481279463,29757300,125.25080490112305,131.17484092712402,132.68019958496095,116.810562210083,128.05831733454522,129.54006190846658,130.50146479167415,49.36663676582547,-1.7783823203584461,-1.7172912016197193,-0.06109111873872686,-3.4144610814178966,131.17484092712402,144.22546766117085,118.1242141930772,3.5258547565224703,40.231055651436
2023-11-08 05:00:00,130.75929260253906,131.12626997179123,129.70798393466782,129.89642890979786,26425800,125.86870040893555,130.7429111480713,132.62604736328126,116.97986297607422,128.54940374690773,129.65617911742586,130.51157568621787,51.10604363182873,-1.4546527166961596,-1.6647635046350076,0.21011078793884796,-3.4139152770944703,130.7429111480713,143.20622559924115,118.27959669690145,3.465638819819279,39.66607176334755
2023-11-09 05:00:00,129.1724090576172,131.46347122727005,129.00380438860708,130.8783111759331,23747800,126.65817642211914,130.3099910736084,132.51417205810546,117.15352771759034,128.662677439764,129.61010577839647,130.4590593478414,47.85046893643749,-1.3110301736303427,-1.5940168384340747,0.282986664803732,-6.173879022175721,130.3099910736084,142.33030061404526,118.28968153317152,3.4436776565227163,39.69232535367564
2023-11-10 05:00:00,131.50311279296875,131.71139801314916,128.34918755672095,129.0335338225466,26913300,127.69163360595704,130.0734462738037,132.4431588745117,117.32744026184082,129.17912023125575,129.79039216073667,130.50000262019933,52.62400737472333,-0.9976397900763061,-1.474741428762521,0.4771016386862148,5.55687631460946,130.0734462738037,141.78513842153646,118.36175412607096,3.421007316877997,40.22491042205407
2023-11-13 05:00:00,131.00721740722656,131.50311876629735,130.1741067560777,130.69976098599605,18324800,128.44837799072266,129.72581748962403,132.37234405517577,117.48969913482667,129.51150153597771,129.90628027945,130.51989339616117,51.54295433402198,-0.780295505640737,-1.3358522441381642,0.5555567384974271,8.022556973708772,129.72581748962403,140.84988602359266,118.60174895565541,3.313327792532668,39.881690451152345
2023-11-14 05:00:00,132.524658203125,134.58760942147106,132.22712953091224,133.0899929477425,32395200,129.39455490112306,129.42331809997557,132.3296960449219,117.67159561157227,130.05934820273177,130.15564960551427,130.59851162388523,54.61535864225225,-0.4800698574142359,-1.1646957667933786,0.6846259093791427,9.372166371790414,129.42331809997557,139.84081253904225,119.00582366090889,2.59568750917488,40.12055515208395
2023-11-15 05:00:00,133.5164794921875,133.92312224608222,132.4750987262402,133.76443017621472,23861500,130.2048568725586,129.2576862335205,132.3328698730469,117.84902908325195,130.68791752808735,130.4757286423403,130.71294173636767,56.5543423597054,-0.16025980389372307,-0.9638085742134476,0.8035487703197245,8.163256981149857,129.2576862335205,139.27713407544857,119.23823839159243,2.3916597908531165,40.04435931409912
2023-11-16 05:00:00,135.8075408935547,136.09517216084916,133.21895029015656,134.0818138246226,28013200,131.14111785888673,129.21702156066894,132.36599548339845,118.03003303527832,131.6187581399905,130.9835202853131,130.9127299386103,60.72816885827727,0.2748926837757608,-0.7160683226156059,0.9909610063913667,10.356210460952543,129.21702156066894,139.11652622751885,119.31751689381902,2.377490850759144,40.55216577217339
2023-11-17 05:00:00,134.20083618164062,134.94468829125762,132.55443988026462,134.88518254388185,37240600,131.75702667236328,129.20264015197753,132.3447708129883,118.16675308227539,132.08822687483595,131.28993132305857,131.04167528147426,56.62005629104528,0.48452126337807044,-0.4759504054168707,0.9604716687949412,7.0067251309192,129.20264015197753,139.0706861657985,119.33459413815658,2.3810316629145345,40.38082062262697
2023-11-20 05:00:00,135.13311767578125,135.53976041427174,132.52467173584012,132.5941051889177,27815500,132.35210723876952,129.19024162292482,132.33148071289062,118.32281322479248,132.64184338409873,131.6559490709369,131.20212400281963,58.3794212728111,0.7176086029024589,-0.23723860375300482,0.9548472066554636,6.8711229265708385,129.19024162292482,139.02617302213312,119.35431022371652,2.4065357315714713,40.387502636402154
2023-11-21 05:00:00,135.8472137451172,136.05548383220494,134.8454984904721,135.17278005589571,22635300,132.9471878051758,129.0989963531494,132.36381286621094,118.49176677703858,133.224637995193,132.05511713514457,131.3842843848705,59.72676299875976,0.9490139416460579,1.1905326807726269e-05,0.9490020363192502,6.0960318156424,129.0989963531494,138.6328458926909,119.5651468136079,2.296728227475055,39.95855114940494
2023-11-22 05:00:00,137.35475158691406,138.2771207680308,136.34310866753836,136.34310866753836,17813900,133.6067337036133,129.73771705627442,132.3991207885742,118.6447522354126,133.9755677391423,132.55984422578928,131.6184203535781,62.487599953661174,1.2397588759999394,0.24796129946143408,0.9917975765385053,6.326283720989556,129.73771705627442,139.69898729433822,119.77644681821062,2.291060497849775,18.674941916668697
2023-11-24 05:00:00,135.56951904296875,136.99771741092056,134.87526015124462,136.8985310833705,12514300,134.24644470214844,130.4523105621338,132.37115142822265,118.82982261657715,134.26537706711073,132.84647992266352,131.77336540022088,57.46382678491092,1.3110104720479683,0.46057113397874094,0.8504393380692273,4.367411728870962,130.4523105621338,139.89523697803784,121.00938414622973,2.323646674816817,16.092186243191346
2023-11-27 05:00:00,135.29180908203125,137.2853270482676,134.88516634551732,134.91491921563218,23436500,134.62531433105468,131.15847396850586,132.3515139770508,119.03512577056885,134.45200106982355,133.07936841403188,131.9113435838213,56.70016363341838,1.3297405806484335,0.6344050233126795,0.695335557335754,3.4663054451276265,131.15847396850586,139.75236548730243,122.56458244970929,2.376778951764188,16.159081405841004
2023-11-28 05:00:00,136.0753173828125,136.12491054089853,134.30990991764168,134.96450328347996,18730000,135.1321243286133,131.79025115966797,132.33147918701172,119.24652835845947,134.747149490367,133.36469688724907,132.0746366739778,58.38066643466114,1.39176351501996,0.7858767216541356,0.6058867933658245,5.343949513333213,131.79025115966797,139.83519437817117,123.74530794116478,2.362610540375578,15.395235649968273
2023-11-29 05:00:00,133.88345336914062,137.15639020757226,133.7346738823066,136.44230617886066,23967200,135.26800384521485,132.33127937316894,132.27097930908204,119.4467733001709,134.5901138319622,133.41410226647685,132.1455706620234,52.26909800093696,1.2496468782942713,0.8786307529821629,0.3710161253121085,1.8101020771419618,132.33127937316894,139.2865605244768,125.37599822186105,2.5057127038143108,16.91533742935465
2023-11-30 05:00:00,131.443603515625,134.4388517451667,130.2038502076351,133.94295042197072,38988300,135.0607162475586,132.6327865600586,132.24697784423827,119.63447189331055,134.01802104717362,133.22643571877668,132.11804253863522,46.44108912009891,0.9294290477780578,0.8887904119413419,0.0406386358367159,0.333100814623033,132.6327865600586,138.8040152920097,126.46155782810753,2.632522325162069,17.745144185650737
2023-12-01 05:00:00,130.7790985107422,131.02704917414542,129.59885093154966,130.7790985107422,31442300,134.55787200927733,132.84949493408203,132.2751449584961,119.80764057159423,133.42912604054973,132.99335598467815,132.06553492969826,44.970397019778346,0.6149454018527649,0.8340214099236266,-0.2190760080708617,-1.3171584187052443,132.84949493408203,138.37658910226895,127.32240076589511,2.5241324771368636,17.794085583246506
2023-12-04 05:00:00,128.2103271484375,128.9640916810593,126.85155485379651,128.8153273436033,36669900,133.95882110595704,132.85792388916016,132.25570526123047,119.97505680084228,132.48025351471114,132.5378294288457,131.91435031082528,39.73228498152646,0.15663092213370078,0.6985433123656415,-0.5419123902319407,-3.974155373127919,132.85792388916016,138.35457710821834,127.36127067010199,2.709741880474436,18.83323558046099
2023-12-05 05:00:00,129.916259765625,131.05682698082634,127.1987145294908,127.89297349238338,27384800,133.4371353149414,132.89462127685547,132.25332489013672,120.15675518035889,132.01407283305912,132.28815612758657,131.83599381885665,44.366789304533036,-0.0681465488920594,0.5452053401141013,-0.6133518890061607,-4.337963186114424,132.89462127685547,138.29694076071655,127.49230179299438,2.729579054552368,19.166767227144025
2023-12-06 05:00:00,128.95419311523438,130.75926618523522,128.81534134061891,130.36255115310777,23576200,132.74783325195312,132.84751052856444,132.28208724975585,120.34633823394775,131.45773106618188,131.97063584069588,131.72298202655773,42.38717314533844,-0.3202237128448928,0.3721195295223025,-0.6923432423671954,-3.9095457343536366,132.84751052856444,138.3749029537488,127.32011810338008,2.765000577750531,19.253211902496023
2023-12-07 05:00:00,135.8075408935547,137.42418419027493,133.59582503757497,133.9330343345262,56767100,132.59311218261718,133.09992294311525,132.4088395690918,120.57088233947754,132.24860558024966,132.33605536953957,131.88316080565565,57.07898269709733,0.03263501238961908,0.30422262609576584,-0.27158761370614676,0.4990806320265273,133.09992294311525,138.68654612935944,127.51329975687105,3.164555520918242,26.995013814040036
2023-12-08 05:00:00,133.88345336914062,135.281883689647,132.93131610801126,133.09992075278979,32260100,132.42450561523438,133.3354751586914,132.4620002746582,120.78957489013672,132.54585063277528,132.4834266075968,131.9616036512825,52.99313255760401,0.15523090613987733,0.27442428210458814,-0.1191933759647108,-1.4455654421157704,133.3354751586914,138.61359406506443,128.05735625231836,3.137635790364911,27.145655259429475
2023-12-11 05:00:00,132.19735717773438,132.24695033270598,130.28318549222038,131.294828345558,31138000,132.11506042480468,133.37018737792968,132.51020126342775,121.00856479644776,132.4824881864042,132.45618189999087,131.97084888761395,49.639786880034976,0.11500940698712725,0.24254130708109597,-0.12753190009396873,-3.7547986870452355,133.37018737792968,138.60653248914048,128.1338422667189,3.1794343045426694,26.910950962478736
2023-12-12 05:00:00,131.43370056152344,131.90976162921305,130.18401944998905,130.7295139721899,29032800,131.6508987426758,133.39151153564453,132.47747177124023,121.2200666809082,132.29179952733497,132.35880272489874,131.9497842473751,48.153551782639276,0.021267711406323997,0.19828658794614157,-0.17701887653981757,-3.0506993833432916,133.39151153564453,138.59068116167657,128.19234190961248,3.2368166178292745,26.96152822258957
2023-12-13 05:00:00,131.48329162597656,132.4056608757626,130.49148892278734,132.28664939416652,30104800,131.41088256835937,133.3394432067871,132.4802488708496,121.43087432861329,132.14479809072435,132.2754207154776,131.93149041908498,48.26188414372514,-0.048463021715235755,0.14893666601386613,-0.19739968772910188,-2.8150391970481192,133.3394432067871,138.59571022530608,128.08317618826814,3.1999783985479633,26.630809853438407
2023-12-14 05:00:00,130.85845947265625,132.6238671868591,128.62690324736187,132.28665787823815,38722400,131.3523681640625,133.20654220581054,132.4147898864746,121.63707012176513,131.91091834198468,132.14047202568509,131.889410774127,46.93128789777484,-0.15238723771105356,0.0886718852688822,-0.24105912297993576,-3.8338017580954675,133.20654220581054,138.57713100091183,127.83595341070925,3.308369291678519,26.5126458909637
2023-12-15 05:00:00,131.51304626464844,132.41557523506742,130.10467308952005,130.54106870618423,50847100,131.42576293945314,132.99181747436523,132.36579483032227,121.83840606689454,131.83857796428717,132.08071719130064,131.87465138159843,48.53219531507028,-0.17985498777434827,0.03496651066023611,-0.21482149843458437,-1.7705004202099195,132.99181747436523,138.2671007374411,127.71653421128937,3.3019936804497405,25.75627612644688
2023-12-18 05:00:00,134.6868133544922,136.02573795572846,131.34442787355178,131.54280052592037,32258000,132.0734115600586,133.0161163330078,132.33048629760742,122.04742847442627,132.35643894432445,132.3289168258903,131.98493224328055,55.535925734427835,0.05385232618382929,0.038743673764954745,0.015108652418874546,2.46737745475889,133.0161163330078,138.31925126009025,127.71298140592535,3.5067300703725857,26.97462813320427
2023-12-19 05:00:00,135.52984619140625,136.34313174933595,134.96452646649996,135.71829114427823,25476800,132.63477020263673,133.03595275878905,132.29537673950196,122.2533267211914,132.9334220801575,132.63376724165371,132.1239484765404,57.20191513778481,0.30359312808511163,0.09171356462898612,0.21187956345612552,3.632650580072494,133.03595275878905,138.37527390035046,127.69663161722764,3.3806302181995926,26.95330152002234
2023-12-20 05:00:00,137.2059783935547,140.5384359860807,136.9382025676404,137.83081892143701,49107200,133.45994873046874,133.10389099121093,132.30093032836913,122.47390357971192,133.71025050077517,133.06921592278715,132.3232437674037,60.38040935809236,0.629507799511515,0.19927241160549192,0.4302353879060231,7.016323446942252,133.10389099121093,138.62529960426198,127.5824823781599,3.4358865222812267,27.24337477311639
2023-12-21 05:00:00,139.26893615722656,139.5367271291243,138.03909533601887,138.34656689160218,27488300,133.80608825683595,133.19960021972656,132.2983512878418,122.70286117553711,134.72092062012996,133.65966546892423,132.59562386112225,63.93098018842819,1.0422466052865502,0.36786725034170364,0.6743793549448466,7.199003734000842,133.19960021972656,139.08558782741338,127.31361261203975,3.4706005331022465,27.47880404010034
2023-12-22 05:00:00,140.3302001953125,140.82610165388616,139.5565951306345,139.61610088426949,26532200,134.4507629394531,133.43763427734376,132.34833908081055,122.94669605255127,135.7407896337995,134.29495449048503,132.8989405801101,65.6370486287317,1.4383992498261193,0.5819736502385868,0.8564255995875325,8.821742670990496,133.43763427734376,140.06546673387226,126.80980182081527,3.3012878073675265,27.074159668801133
2023-12-26 05:00:00,140.3599090576172,141.51038857911627,140.03261238154792,140.4293273705191,16780300,135.26701812744142,133.69103927612304,132.43085708618165,123.19906017303467,136.58062952903907,134.8725692111643,133.19152757922802,65.68597927752963,1.7347531768734257,0.8125295555655547,0.9222236213078709,3.3520731868863063,133.69103927612304,140.97265876993657,126.40941978230948,3.1312637892412982,27.042717513037047
2023-12-27 05:00:00,139.21934509277344,140.9153344287429,138.74328401733115,140.42934564037535,19628600,136.04558258056642,133.8482406616211,132.4560481262207,123.44334114074707,137.0603959951726,135.28654786655562,133.4279125797592,62.03391814829857,1.8561848754913512,1.0212606195507141,0.8349242559406371,3.9854751198572735,133.8482406616211,141.47420122925251,126.2222800939897,3.147558472583831,27.232873087345137
2023-12-28 05:00:00,139.0804901123047,139.9830342126131,138.60442904782565,139.6259846308267,16045700,136.80530242919923,134.10809249877929,132.46616500854492,123.67274509429932,137.42768583465116,135.6478756994841,133.64958228691785,61.58500036843673,1.9190938161319195,1.2008272588669553,0.7182665572649642,5.206709938471921,134.10809249877929,142.08519511332875,126.1309898842298,2.6410309075657517,26.470791825167723
2023-12-29 05:00:00,138.5449676513672,139.20947386527422,137.64242326217618,138.4854618909745,18733000,137.5739532470703,134.4631607055664,132.50048202514648,123.88885913848877,137.63082798314497,135.92378921871105,133.84155818356294,59.787982462035735,1.9037916922156057,1.3414201455366854,0.5623715466789203,5.410535547171169,134.4631607055664,142.57198864389036,126.35433276724243,2.547518465962509,25.485089030719937
2024-01-02 05:00:00,137.0373992919922,138.30690574155653,135.36125003790988,137.41428922141964,23711200,138.1263885498047,134.7760757446289,132.5088133239746,124.07655784606933,137.5229318574808,136.0298473209283,133.9668852858543,54.92881678521553,1.7498453534453802,1.4231051871184246,0.3267401663269556,4.224192745200739,134.7760757446289,142.7684833740372,126.78366811522062,2.5177648757151565,25.803801834574543
2024-01-03 05:00:00,137.78123474121094,138.48542134501582,135.9563213328076,136.1249259824603,24212100,138.43583068847656,135.25462112426757,132.57466873168946,124.26152904510498,137.56989601815903,136.19664612285996,134.1164676174369,56.79463788125314,1.6686281682674178,1.4722097833482233,0.1964183849191945,5.290277217424566,135.25462112426757,142.72054463683054,127.78869761170459,2.554605038891079,24.454536908848702
2024-01-04 05:00:00,135.27198791503906,138.01928600247774,135.23232246051418,137.2853464572302,27137700,138.41004486083983,135.52240753173828,132.57248672485352,124.43593761444092,137.15209454486447,136.10858343640083,134.16178213891152,49.36985012320579,1.3858129268718926,1.4549304120529571,-0.06911748518106453,2.858227192780838,135.52240753173828,142.55366218376457,128.491152879712,2.6169472952473853,25.357817312349678
2024-01-05 05:00:00,134.61737060546875,136.03565627670122,134.04212324747374,135.62901355461221,22513900,138.15118408203125,135.80556640625,132.5113917541504,124.58872482299805,136.6912356467925,135.96656316678826,134.17964835328632,47.620800291048994,1.09622110989406,1.3831885516211777,-0.28696744172711774,-0.05155868439820077,135.80556640625,142.14520190407754,129.46593090842245,2.473845087370975,25.245807091138552
2024-01-08 05:00:00,137.701904296875,137.87050896561743,135.1430511234635,135.17280399831742,21404000,137.9944808959961,135.90028457641603,132.7738230895996,124.7646210861206,136.87499358317112,136.13183375060603,134.3177760373486,55.60234768760286,1.1029000536288152,1.3271308520227052,-0.22423079839389004,1.6026419025084726,135.90028457641603,142.2963986849876,129.50417046784446,2.5411476741282115,18.56096917233753
2024-01-09 05:00:00,139.7946014404297,140.33018342656837,137.01755057751834,137.3646876105234,24759600,137.9409210205078,136.19584197998046,133.1441621398926,124.93992218017578,137.40583137539994,136.48066876868447,134.5325535041361,60.05014503867171,1.2625029861988253,1.3142052788579293,-0.05170229265910398,1.8866692816037034,136.19584197998046,142.7440409556658,129.6476430042951,2.443385014619165,18.354838730564204
2024-01-10 05:00:00,141.11367797851562,141.82777708783627,139.75491320864225,139.84417181388054,21320200,138.01629791259765,136.64165802001952,133.5430648803711,125.12261211395264,138.07998530323914,136.92190774104935,134.79063681685687,62.593902416396645,1.4783859992425903,1.3470414229348615,0.13134457630772878,1.3245895834276045,136.64165802001952,143.25738112618853,130.0259349138505,2.473138263501326,17.6478930370482
2024-01-11 05:00:00,140.91531372070312,144.0295732461307,139.48711557054665,142.31375900387354,24008700,138.18589477539064,137.11573867797853,133.89257568359375,125.3190881729126,138.59549956095987,137.302232120064,135.03082022485086,61.95502851128596,1.614853478932929,1.400603834134475,0.21424964479845388,0.4169548141285784,137.11573867797853,143.5154636027675,130.71601375318954,2.439843112137725,17.41550614350686
2024-01-12 05:00:00,141.48065185546875,142.02614637782855,140.6574689161085,141.50049214729324,18785500,138.42591094970703,137.61560668945313,134.2609309387207,125.52548225402832,139.12007270541602,137.7001768567692,135.28375479860057,63.11064499091589,1.7484677546382272,1.4701766182352256,0.2782911364030016,0.7984778597936337,137.61560668945313,143.7177878777807,131.51342550112557,2.371123735434184,17.375543508731358
2024-01-16 05:00:00,141.32199096679688,143.16674483949535,140.29050754673418,140.83600213102596,22670500,138.70361328125,138.13878326416017,134.5791015625,125.72929779052734,139.52042148021252,138.04511153391468,135.52054837382397,62.536533091094576,1.8205690364546854,1.5402551018791177,0.28031393457556764,1.5103115681389445,138.13878326416017,143.55761774357273,132.7199487847476,2.46534314944144,17.187310145913905
2024-01-17 05:00:00,140.31031799316406,140.67728012012063,137.7613779932037,140.19130652143912,20968600,139.0309051513672,138.57864685058593,134.85640930175782,125.93053447723389,139.66403902802188,138.26084548241462,135.7083824765432,58.85975571721414,1.7756081620728992,1.587325713917874,0.18828244815502515,0.8842562172928226,138.57864685058593,143.08416315599226,134.0731305451796,2.614117204871785,17.621323678692452
2024-01-18 05:00:00,142.30386352539062,143.02789047593322,140.826087018,140.88559276545064,25746400,139.48316802978516,138.95949935913086,135.14165161132811,126.12765529632568,140.14400711845255,138.6458948198409,135.96702879218427,63.42336052971556,1.8791768281671182,1.645695936767723,0.2334808913993951,2.713123354636937,138.95949935913086,143.3665120779801,134.55248664028161,2.653083067111599,16.373138084096606
2024-01-19 05:00:00,145.18008422851562,145.24950254806373,143.19647882633325,143.5535284040744,34271900,140.4739776611328,139.44201126098633,135.46160705566408,126.3360330581665,141.05965750210038,139.268198573048,136.3283250838051,68.80069251460054,2.1683473568016893,1.7502262207745165,0.4181211360271728,5.941943570582087,139.44201126098633,144.3523690741286,134.53165344784406,2.765014056960575,17.475522420013874
2024-01-22 05:00:00,144.7932891845703,147.17360973542569,144.64450969157375,145.89419084442545,32200400,141.49156951904297,139.8213768005371,135.75954467773437,126.54069160461425,141.7384996261858,139.79439767890727,136.66028446030572,67.36636109107741,2.339339506992104,1.8680488780180342,0.4712906289740699,5.089266659955438,139.8213768005371,145.15820286263957,134.48455073843465,2.8337318741572823,17.27762654442521
2024-01-23 05:00:00,145.83468627929688,145.97353807473283,144.30731652950118,144.69411904062358,21636100,142.30484771728516,140.14966430664063,136.06105255126954,126.75179691314698,142.48326083584237,140.36966325989675,137.0200649237956,69.22653378202318,2.529722988264865,2.0003837000674007,0.5293392881974643,7.8084890501439075,140.14966430664063,146.1142506816956,134.18507793158565,2.7253392978554496,16.754375895461948
2024-01-24 05:00:00,147.48104858398438,148.62163069280544,146.88597608407127,147.32235653052467,25233500,143.07349243164063,140.50720672607423,136.42722534179688,126.9515459060669,143.39194951732273,141.046938052667,137.43029957713634,71.9488134090773,2.7813888285161568,2.1565847257571518,0.624804102759005,9.555734093348157,140.50720672607423,147.31505438118492,133.69935907096354,2.7437567550911877,16.956592718921033
2024-01-25 05:00:00,150.6250762939453,151.7954113890045,148.31417410884393,148.83984348061125,29149100,144.0246322631836,141.0204650878906,136.8096646118164,127.17683380126954,144.70706347670864,141.95914169469353,137.94774180132492,76.26660619674018,3.197671810379262,2.364802142681574,0.8328696676976879,9.384889819104414,141.0204650878906,149.19266644205803,132.8482637337232,2.852856702452371,18.182663971329422
2024-01-26 05:00:00,150.94247436523438,151.2895962737746,149.77213916215013,149.861412918024,26115500,145.02734832763673,141.60662155151368,137.20836975097657,127.40911407470703,145.84077454734967,142.814697187126,138.45733915677238,76.65723605802349,3.512698245612654,2.5943813632677903,0.9183168823448637,7.974465973605649,141.60662155151368,150.84679474410288,132.3664483589245,2.8188512797664425,17.66297011378839
2024-01-29 05:00:00,152.25164794921875,152.51943895245324,150.18869623371097,150.8135368633547,27784300,146.1044479370117,142.2651794433594,137.60290954589843,127.65146110534668,147.00638789314405,143.7134544025634,138.99829244275068,78.24757914299718,3.8239185791120747,2.8402888064366474,0.9836297726754273,7.892906010428602,142.2651794433594,152.56408158218642,131.96627730453235,2.7529658768088416,17.625682555853345
2024-01-30 05:00:00,150.21844482421875,152.3607271720474,149.95065385559957,151.54745682095233,36331800,146.9940933227539,142.84885330200194,137.93694885253908,127.86980648040772,147.59039824424855,144.3329772998639,139.43829841849453,70.2434746275184,3.861981912148792,3.044627427579077,0.8173544845697154,6.6019305197408285,142.84885330200194,153.57433727817798,132.1233693258259,2.6884973387658277,18.529176195807935
2024-01-31 05:00:00,138.95156860351562,142.81959319917652,138.72344307921892,142.44270331878081,71910000,146.85821838378905,142.94456176757814,137.9998294067383,128.0246764755249,146.01970194593346,143.82046218592598,139.41921097476987,43.61732736453671,2.949010273279356,3.0255039967191326,-0.07649372343977667,-1.7875824141217134,142.94456176757814,153.48424776198374,132.40487577317253,3.3615071863233856,33.41425591673299
2024-02-01 05:00:00,140.0028839111328,141.88730313768718,139.63590659199247,140.9550061040643,40466500,146.62812042236328,143.0556442260742,138.11587036132812,128.1991841506958,144.92573503051514,143.45688330261234,139.4421001095292,45.686167534687335,2.2839777571285254,2.8771987488010113,-0.593220991672486,-0.9334053721150704,143.0556442260742,153.4114246659654,132.69986378618302,3.246741247651065,33.461172882458115
2024-02-02 05:00:00,141.212890625,141.45091361668173,135.38108518943704,138.11845552974717,62499600,146.2314010620117,143.35268936157226,138.2374658203125,128.3870316696167,144.25067241133056,143.2431697142683,139.51154287484178,48.04890497565035,1.8334374010552494,2.668446479251859,-0.8350090781966095,0.6432688947935361,143.35268936157226,153.09079805595167,133.61458066719285,3.5825377451885396,32.76478172502561
2024-02-05 05:00:00,142.50221252441406,144.27754793012062,141.60959609870966,141.64927668377285,38505400,146.0022933959961,143.74693145751954,138.37056579589844,128.5829126739502,143.93277061370935,143.1726023628536,139.62882403757013,50.518935454258546,1.5624079584889898,2.4472387750992852,-0.8848308166102954,0.1393841278160668,143.74693145751954,152.5936387838264,134.90022413121267,3.5959963174999285,32.732831281630205
2024-02-06 05:00:00,142.91879272460938,144.16845883237673,142.0162485243668,143.4642721698212,29128200,145.71070404052733,144.00777587890624,138.48184661865236,128.77537212371826,143.74841099750935,143.14843001635415,139.75784241745401,51.32420743146492,1.3654892036906574,2.2308888608175597,-0.8653996571269023,-1.5575769334497336,144.00777587890624,152.3999747514428,135.61557700636968,3.4953961271011247,31.882765062267005
2024-02-07 05:00:00,144.34693908691406,144.42628510839828,142.7501363470966,143.5733342945758,25208900,145.3972930908203,144.23539276123046,138.65739501953124,128.97437717437745,143.85723428649203,143.26257373735984,139.93780699272696,54.083100594012826,1.3095732030075453,2.046625729255557,-0.7370525262480117,-0.3082671166391382,144.23539276123046,152.3900267429126,136.08075877954832,3.421008718424876,31.651012742498413
2024-02-08 05:00:00,144.71392822265625,145.13048351940716,143.9105704979432,144.63458219465025,22563800,144.8061782836914,144.4154052734375,138.84583740234376,129.17244007110597,144.01299682034005,143.40079797405474,140.1251058644889,54.79218919034066,1.2801159460300369,1.893323772610453,-0.6132078265804162,-0.7685126805115461,144.4154052734375,152.43776305711634,136.39304748975866,3.297742575481365,31.524767978584624
2024-02-09 05:00:00,147.77862548828125,148.2150211661504,144.9817341712347,145.47763559904774,26829500,144.4897933959961,144.7585708618164,139.07990356445313,129.39633964538575,144.69765657814753,143.8177339277906,140.42524388895134,60.305108352000744,1.4869259573820557,1.8120442095647737,-0.32511825218271806,0.20177297839554242,144.7585708618164,152.73758178666415,136.77955993696864,3.3671706397415226,32.26351008692927
2024-02-12 05:00:00,146.32064819335938,148.11580862305635,146.16195613244383,147.20335197335376,21564100,143.89669342041014,145.00057067871094,139.3286474609375,129.61364356994628,144.9927459627315,144.05610671498764,140.65643621461442,56.759009647614,1.5157056868249867,1.7527765050168163,-0.2370708181918295,-2.8577101545733563,145.00057067871094,152.85357516187057,137.14756619555132,3.3877157072687276,32.55680478941432
2024-02-13 05:00:00,143.9502410888672,145.46769798615009,142.51213022242555,143.73204328748068,27837700,143.269873046875,145.13198318481446,139.57878021240234,129.79985454559326,144.8031996220289,144.04602427440472,140.78560503321256,51.460789218515316,1.3318886039865845,1.66859892481077,-0.3367103208241855,-4.632382837085425,145.13198318481446,152.81185209576645,137.45211427386246,3.4606852470848173,33.175899589718725
2024-02-14 05:00:00,144.7436981201172,145.31894554055629,142.90885694916992,144.88254990203635,22704200,143.84908599853514,145.3536521911621,139.85807220458983,129.9912724685669,144.79238116713586,144.11246940256783,140.9408243699539,53.04094434582963,1.2359898708768924,1.5820771140239946,-0.34608724314710226,-4.931276561029884,145.3536521911621,152.69605109541067,138.01125328691353,3.324665660396692,33.060380929778056
2024-02-15 05:00:00,141.5996856689453,142.34353774622787,139.30862369230854,141.9666478509511,37590700,144.0087661743164,145.31844329833984,140.125859375,130.16766460418702,144.21189107655576,143.87315666603234,140.96666206795356,46.571424312774944,0.895965769106283,1.4448548450404524,-0.5488890759341694,-5.737483945702449,145.31844329833984,152.72885792342777,137.90802867325192,3.6044954686955606,33.72091280141858
2024-02-16 05:00:00,139.3681182861328,142.01622965333587,138.9912284210113,141.81787214200648,31468900,143.82428894042968,145.0278450012207,140.31489654541016,130.34222183227538,143.33120511466066,143.4441053917562,140.90397407650963,42.5997109528145,0.4413379121772323,1.2441514584678084,-0.8028135462905761,0.2997804823677619,145.0278450012207,152.90240016610164,137.15328983633975,3.6540853625228675,33.27199050058576
2024-02-20 05:00:00,139.96319580078125,140.91533307623592,138.34656764889544,138.51517229621072,25144700,143.5703872680664,144.78634033203124,140.53507659912108,130.51930816650392,142.7188397848644,143.11259019261576,140.8670808107948,43.97189550631458,0.1275890748723043,1.0208389817487076,-0.8932499068764033,-0.028348066298944374,144.78634033203124,152.980948385343,136.5917322787195,3.6654205133009135,33.33976675076831
2024-02-21 05:00:00,141.3814697265625,141.52032149117545,139.5267884940164,140.29048076624125,23223300,143.41665496826172,144.56367950439454,140.64655517578126,130.70705627441407,142.47568159244588,142.94772157680117,140.88725292513863,47.210916974864915,-0.006540887054995892,0.8153630079879669,-0.8219038950429628,0.1193794000083015,144.56367950439454,152.8794560536534,136.2479029551357,2.9867441741694307,33.457343988931605
2024-02-22 05:00:00,142.9088592529297,143.8114034168082,141.62944032274333,143.74196995787472,27191900,143.2728469848633,144.3350700378418,140.82706329345703,130.89807746887206,142.5544411670793,142.9440204030991,140.96653160465985,50.52789546406147,0.010289115100249546,0.6543482294104235,-0.6440591143101739,0.28536169460944283,144.3350700378418,152.56409191660947,136.10604815907413,2.95061554246044,33.43346956356479
2024-02-23 05:00:00,142.77993774414062,143.49402183711422,142.2542683371376,142.4923064572686,19493800,143.0794479370117,143.94281311035155,141.03871490478517,131.07754428863527,142.59544054472678,142.92839348319828,141.03764557091398,50.240938653696,0.01307342246832377,0.5260932680220035,-0.5130198455536797,-0.09715655850544014,143.94281311035155,151.64013667721466,136.24548954348845,2.6056101905127207,32.34754813323862
2024-02-26 05:00:00,136.4423065185547,141.27238088903258,136.26377416065105,140.9748370483321,53641800,141.94581604003906,143.2178047180176,141.13888702392578,131.22740566253663,141.47668890360458,142.310670915137,140.85743619631165,38.627348551689316,-0.49046014869992405,0.322782584677618,-0.813242733377542,-5.476134525859145,143.2178047180176,150.8705489937738,135.56506044226137,2.85214635325336,35.52933684598551
2024-02-27 05:00:00,137.7415771484375,138.10853934016288,135.96624166875657,136.88862613854664,33099200,141.08790893554686,142.4923011779785,141.264052734375,131.3619437789917,140.79757767539238,141.8755191278323,140.73524564541464,41.607400914144634,-0.7757316981009126,0.10307972812191185,-0.8788114262228244,-4.818023503232616,142.4923011779785,149.23623393890932,135.7483684170477,2.8514383077816734,35.573270512413494
2024-02-28 05:00:00,135.26206970214844,136.87869796321857,134.30001978259713,136.76959905068048,37328600,140.219091796875,141.744482421875,141.35212493896483,131.4601819229126,139.7911216802571,141.2456668015767,140.5206112946983,37.83203389251295,-1.1881902673002571,-0.15517427096252195,-1.0330159963377352,-8.469801194033554,141.744482421875,148.19153449175735,135.29743035199266,2.97753892239158,35.760115268390926
2024-02-29 05:00:00,137.32501220703125,137.72172724425474,135.2818858775754,136.15467711991738,42133000,139.47722320556642,141.66315460205078,141.4683642578125,131.5640732574463,139.3427381396706,140.8722711259057,140.39529368341724,42.50631797795321,-1.333235724063485,-0.3907865615827145,-0.9424491624807704,-6.147892383883235,141.66315460205078,148.29688574171615,135.0294234623854,3.066092102437462,25.07500519390763
2024-03-01 05:00:00,136.01583862304688,137.7316532704347,135.79764079115824,137.29525760665743,31151100,138.91883850097656,141.46380233764648,141.49494476318358,131.66637771606446,138.73784731846627,140.40975374468104,140.22355034771644,40.428848693998575,-1.5361172570127337,-0.6198527006687184,-0.9162645563440153,-5.511906340554185,141.46380233764648,148.53295250545855,134.39465216983442,2.9541577835647694,25.082933802348233
2024-03-04 05:00:00,132.2569122314453,134.54797432652032,130.8287137478375,134.54797432652032,55999400,138.2077178955078,141.01600341796876,141.4294860839844,131.7350104904175,137.55949548446245,139.6332926481824,139.9111331666862,35.12120454406134,-1.9774217911946437,-0.8913665187739035,-1.0860552724207402,-8.626825244101177,141.01600341796876,149.19897149025732,132.8330353456802,3.1851058110359736,26.440096818392295
2024-03-05 05:00:00,131.5824737548828,132.14780860687847,129.59886818360178,130.79895621305897,40194800,137.36964569091796,140.4700164794922,141.31701599121095,131.79367568969727,136.47276426090252,138.86654799167766,139.58451907210568,34.25231698428509,-2.354439845550729,-1.1839811841292687,-1.1704586614214605,-7.074317903135996,140.4700164794922,149.63384951340666,131.30618344557772,3.10292910224381,26.043919172840184
2024-03-06 05:00:00,130.3228759765625,132.48501385237356,129.77739656818326,132.0287779261609,35318600,136.26378631591797,139.84022064208983,141.13809478759765,131.83617435455324,135.35460275465886,138.05286494261907,139.22131738208438,32.62875486936139,-2.723473872213674,-1.49187972174615,-1.231594150467524,-6.490180409123248,139.84022064208983,149.97531153047623,129.70512975370343,3.1241811517298044,25.99062415958998
2024-03-07 05:00:00,133.27845764160156,133.83386475709858,130.53115980204433,131.70147977631177,37738200,135.30074615478514,139.28679656982422,140.99705993652344,131.89379806518554,134.97712182501206,137.5981594853793,138.9882640589282,39.83514233289723,-2.7457934597417477,-1.7426624693452695,-1.0031309903964782,-4.776068537827982,139.28679656982422,149.59306424086276,128.98052889878568,2.9867464626389073,27.285034238753127
2024-03-08 05:00:00,134.30001831054688,136.95804250148979,132.90157275617153,133.10985799917378,39370400,134.45275421142577,138.76610107421874,140.87586212158203,131.94517345428466,134.8540120951093,137.28405080206193,138.80441128448186,42.13889393293981,-2.650497203333714,-1.9242294161429587,-0.7262677871907552,-5.008754987277642,138.76610107421874,148.9696371140934,128.5625650343441,3.0604227849955987,27.503651513849302
2024-03-11 04:00:00,136.54148864746094,137.95977451047298,135.01411900561908,135.01411900561908,32437800,134.4626724243164,138.20424423217773,140.82230499267578,132.02010414123535,135.1608260137187,137.21333059686182,138.71566922028495,46.9397183501865,-2.3668230473248,-2.012748142379327,-0.354074904945473,-4.455546450202464,138.20424423217773,147.51685417300067,128.8916342913548,3.1383506973231436,27.009499185463515
2024-03-12 04:00:00,137.36465454101562,138.23744563648094,135.90670356732062,135.90670356732062,27563400,134.42498016357422,137.75644454956054,140.78798828125,132.1073826599121,135.56152210959087,137.22774240106693,138.66268825247047,48.62555424371209,-2.0519332179479193,-2.020585157493046,-0.03134806045487348,-3.792747978941624,137.75644454956054,146.25115807647302,129.26173102264806,3.1624370596089477,27.125674980186748
2024-03-13 04:00:00,138.6440887451172,139.93343524438993,137.85065871514112,137.86057129371812,23347200,134.7631820678711,137.49113693237305,140.789970703125,132.18826404571533,136.12198877059564,137.36263252907173,138.66195886002527,51.21976301591177,-1.6797776804400257,-1.9524236620824418,0.27264598164241605,1.613709327218893,137.49113693237305,145.48821250388562,129.49406136086048,3.1723547034038484,26.99212229816494
2024-03-14 04:00:00,141.92698669433594,142.41296038062768,139.30862790840655,140.03263971476812,42753400,135.22337951660157,137.35030136108398,140.88776245117188,132.27995628356933,137.1774429385484,137.79733292576356,138.78999916725314,57.19284225502061,-1.1071764664384318,-1.78337422295364,0.6761977565152082,3.0385956314323392,137.35030136108398,144.89606643651007,129.8045362856579,3.3530059987991256,28.374129937126735
2024-03-15 04:00:00,140.02272033691406,142.0063260544533,138.88215310281325,141.33190737467106,49475400,135.6240676879883,137.2714530944824,140.93259216308593,132.3667886734009,137.6947661018876,138.00927458396836,138.8383411739065,53.1289637892119,-0.7978471738219355,-1.5862688131272993,0.7884216393053638,3.519575476886261,137.2714530944824,144.6616090707265,129.8812971182383,3.1107209536670166,27.708467398429992
2024-03-18 04:00:00,146.4694366455078,150.90279656609297,145.96362264352206,147.3918211593764,69273700,137.04532012939453,137.62651901245118,141.1565411376953,132.48982177734376,139.29016074618218,138.81500430411498,139.13759981985166,62.77289041072402,-0.032134920814996804,-1.275442034664839,1.2433071138498422,6.658964955845348,137.62651901245118,146.05084326502978,129.20219475987258,3.7348479935079166,31.581868311803905
2024-03-19 04:00:00,145.8247528076172,147.57032014783982,144.882543249734,146.9454947247472,24070400,138.46954803466798,137.91959686279296,141.3806887817383,132.60541633605956,140.4782683937158,139.48259939968662,139.39984111348954,61.4120848034911,0.5167205259064644,-0.9170095225505783,1.4337300484570428,7.211597034485551,137.91959686279296,147.0633260594626,128.7758676661233,3.681006531526878,31.673699456380145
2024-03-20 04:00:00,147.52072143554688,147.63973290255302,145.5371162723438,146.78678207702745,21311500,140.1893325805664,138.2265594482422,141.5770651245117,132.7247797012329,141.75871440132144,140.24813483167333,139.71830700847218,63.64486242771452,1.0761378687178649,-0.5183800442968898,1.5945179130147547,11.541029460441642,138.2265594482422,148.23128970804234,128.22182918844206,3.6555036092485147,31.72757260988213
2024-03-21 04:00:00,146.3900909423828,149.13737364463717,145.6958169152109,148.24475722928597,24755600,141.50049591064453,138.40062103271484,141.7089749145508,132.83184482574464,142.6007828633326,140.83308303269328,139.97994559411575,61.10641303137982,1.4119713843579973,-0.13230975856591237,1.5442811429239096,11.25348746299164,138.40062103271484,148.85918938855065,127.94205267687902,3.763185341402072,31.749672963389813
2024-03-22 04:00:00,149.5341033935547,150.3374611918101,147.75876801352786,147.89761979182254,29211800,143.0239044189453,138.73832931518555,141.87738342285155,132.94818325042723,143.86138659610026,141.6617516384896,140.3546184489957,65.25624198245117,1.9098023812138365,0.2761126693900374,1.633689711823799,14.741254958528671,138.73832931518555,150.1820858220435,127.29457280832762,3.6746314395604935,32.519431506688335
2024-03-25 04:00:00,148.83984375,149.14730017654827,146.60828759558476,148.71090455162476,19229300,144.2537399291992,139.35820617675782,142.0358740234375,133.08490329742432,144.76656062408202,142.34537945863346,140.68737238236844,63.641457154668316,2.2226942461453802,0.665428984741106,1.5572652614042743,11.675844981823303,139.35820617675782,151.59397643765632,127.12243591585933,3.693757993140951,27.605880473223323
2024-03-26 04:00:00,149.43492126464844,151.011884033954,148.7505749332153,148.98861304571224,22149100,145.4607666015625,139.94287338256837,142.19495941162108,133.22638397216798,145.61535346782136,143.02057391634918,141.03041351500687,64.45340276232454,2.4899781671760195,1.0303388212280886,1.4596393459479309,11.269471995978853,139.94287338256837,152.94677428421588,126.93897248092084,3.6618788371801236,27.54216019410705
2024-03-27 04:00:00,149.63327026367188,150.3969625890798,147.679417711027,149.94072668288968,22879200,146.55968475341797,140.66143341064452,142.36118499755858,133.36841007232667,146.34588379433964,143.6503545208561,141.36778044632706,64.73608088598863,2.686835539219828,1.3616381648264366,1.3251973743933916,9.588134526651348,140.66143341064452,154.15528489137512,127.16758192991392,3.6052042727170317,26.300010874677128
2024-03-28 04:00:00,149.69277954101562,150.1886809085542,148.93901491049212,149.61344863987313,24485400,147.33626403808594,141.27982177734376,142.54883422851563,133.5037414550781,146.95441029373526,144.2258235703951,141.69425099905996,64.82645616271537,2.8151964934101272,1.6523498305431747,1.1628466628669525,8.974743205370173,141.27982177734376,155.25487138660583,127.30477216808168,3.4047182907701625,26.07391918084277
2024-04-01 04:00:00,154.21542358398438,154.4633742852125,149.3754210532241,149.45476709366227,31730800,148.75553436279296,142.18980102539064,142.7870654296875,133.66074394226075,148.27459452832602,145.1772140478798,142.18527737493935,70.92505863722549,3.2444629026175846,1.9707724449580568,1.2736904576595278,11.231156683133792,142.18980102539064,157.06290345774056,127.3166985930407,3.5067323644888972,27.046095254857743
2024-04-02 04:00:00,153.29302978515625,153.43188156405296,150.90278153856184,152.24172129726563,24586000,149.43789367675782,143.24160690307616,142.9493243408203,133.8139278793335,149.18703730229515,145.95014888000136,142.62087550867335,68.32315757678414,3.4702275309776667,2.270663462161979,1.199564068815688,8.008373428866644,143.24160690307616,158.1323463978954,128.35086740825693,3.5768680770790553,24.38983868448511
2024-04-03 04:00:00,153.65008544921875,153.80877752671594,151.47803493131784,152.34091364414047,24705000,150.22042694091797,144.34498748779296,143.12646026611327,133.96185527801515,149.9985006017358,146.68347617230776,143.0533935455575,68.80029750728463,3.6360449704901043,2.5437397638276042,1.0923052066625,9.732252794057539,144.34498748779296,158.86386194337715,129.82611303220878,3.5598653550807557,24.01987068366482
2024-04-04 04:00:00,149.2960662841797,153.5013153792841,149.21672024838048,152.2417216532487,34724700,150.39796142578126,145.29364700317382,143.19568786621093,134.09574863433838,149.87078527127105,146.93229427820032,143.29820424118975,57.43852147837195,3.3771933447432616,2.7104304800107357,0.6667628647325259,1.9298426370772503,145.29364700317382,158.3617570095819,132.22553699676573,3.6073291811755968,26.612746348941812
2024-04-05 04:00:00,151.24993896484375,152.16239579697978,148.37371667079992,148.80018464435562,23459200,150.88394622802736,146.19222106933594,143.27106567382813,134.24154373168946,150.12154048828427,147.34349853407113,143.6100369754507,60.584216929817245,3.291767317960506,2.82669784760069,0.46506947035981616,3.7203465480129205,146.19222106933594,158.21104448494143,134.17339765373046,3.65479390792844,26.073242166642245
2024-04-08 04:00:00,153.58065795898438,153.99721328727458,151.35901440772807,151.52761905486636,20702000,151.28860168457032,147.1562530517578,143.3301773071289,134.41163791656493,150.75047093750246,147.9375137173962,144.00104171990301,64.00208757721845,3.373251378356059,2.9360085537517637,0.4372428246042954,4.1078544522202165,147.1562530517578,158.21328141772136,136.09922468579424,3.0738794860178627,26.264486240714717
2024-04-09 04:00:00,155.31631469726562,157.26023958727896,153.91786920573918,154.81048561572567,31079500,151.93624877929688,148.09499435424806,143.41765411376954,134.57751693725587,151.58062434836847,148.64025666785994,144.4447779150937,66.34266894969508,3.5371075030490147,3.056228343611214,0.4808791594378006,6.097560085809395,148.09499435424806,158.5278734582803,137.6621152502158,3.144722681031346,26.065860188825834
2024-04-10 04:00:00,154.860107421875,155.3262560052682,153.4120684989216,154.92954089050068,22838600,152.47876739501953,148.96976699829102,143.46982330322265,134.7451317214966,152.17689399809692,149.23262340633755,144.8532222094773,65.14371635814584,3.5887832881414,3.1627393325172513,0.42604395562414865,3.5617320112609763,148.96976699829102,158.51010362626948,139.42943037031256,3.1312634578983016,26.28481741128768
2024-04-11 04:00:00,158.10328674316406,158.37106260079813,155.1774715327962,155.62377976256258,27166400,153.32576904296874,149.94272689819337,143.62752014160156,134.94879848480224,153.2544199517455,150.07744848603534,145.3728325833474,69.38019422628292,3.8470873586369123,3.2996089377411835,0.5474784208957288,6.223765599165421,149.94272689819337,159.006293540613,140.87916025577374,3.136220490005221,26.790243359188633
2024-04-12 04:00:00,156.43707275390625,158.90666751104175,155.85191265414585,156.6651983253072,25353700,154.0001983642578,150.66823120117186,143.97723022460937,135.14418369293213,153.8330840975929,150.68312698773732,145.80672435474185,65.00860633716252,3.872703535994475,3.414227857391842,0.45847567860263316,4.6857531224960836,150.66823120117186,159.34489619889138,141.99156620345235,3.0724622476815506,26.670921007004317
2024-04-15 04:00:00,153.59059143066406,157.93469279815042,153.3228004211546,157.5578028687453,27136500,153.93771514892578,151.34662475585938,144.248984375,135.3161623764038,153.78899452178763,150.96002836325417,146.1119740439937,58.25550983540465,3.6215700818023606,3.455696302273946,0.16587377952841464,2.6446799966470813,151.34662475585938,158.50807682842932,144.18517268328944,3.1928962890405432,27.158326014534452
2024-04-16 04:00:00,153.1343536376953,154.37410719737133,152.1723036646899,152.9260835145476,20779500,153.92184753417968,151.67987060546875,144.48741363525392,135.49121566772462,153.6699689064981,151.16710696082,146.38736147904083,57.229341866808355,3.347146610482781,3.433986363915713,-0.08683975343293193,2.2990915842648896,151.67987060546875,158.49777790528492,144.86196330565258,3.188645891322165,22.443755943754685
2024-04-17 04:00:00,154.19557189941406,155.7923749027095,153.3128680735991,154.3443362556772,21763100,153.9763961791992,152.0984115600586,144.7212808227539,135.6685995864868,153.76553308702827,151.45553219306706,146.69356580925154,59.036820794071566,3.178653933198774,3.3829198777723253,-0.2042659445735513,-0.012872697236732122,152.0984115600586,158.41199178913166,145.78483133098553,3.1843942046765505,22.35376132929486
2024-04-18 04:00:00,154.73114013671875,155.6535245551475,153.3525349324206,154.0666341164594,19883000,154.51990356445313,152.45893249511718,144.95752777099608,135.84766956329346,153.9410980051538,151.76749485436721,147.00876480248556,59.956536752506274,3.053143416556736,3.316964585529208,-0.26382116897247165,0.938144645962069,152.45893249511718,158.48899156277724,146.42887342745712,3.259488749295465,22.116963126104597
2024-04-19 04:00:00,152.8268585205078,155.07825465285381,151.051538530931,154.9195626052641,32615600,154.67759552001954,152.78077087402343,145.12712615966797,136.0080439376831,153.73850900794542,151.86838663209488,147.23692534044724,55.20997975622128,2.7681068040305377,3.207193029229474,-0.4390862251989365,-0.5357803259946836,152.78077087402343,158.09114982041262,147.47039192763424,3.183686098576495,22.458195290935237
2024-04-22 04:00:00,154.9989471435547,156.34779961582007,152.79714362068458,153.04509433151492,26446200,154.81942443847657,153.05401306152345,145.33282653808592,136.18741149902343,153.9676795780562,152.16653525223393,147.5413183523338,59.17961253811987,2.6865141709378975,3.103057257571159,-0.41654308663326134,3.819846698786944,153.05401306152345,158.22145815976953,147.88656796327737,3.200687094984563,21.77080942625731
2024-04-23 04:00:00,156.96270751953125,157.66689417461689,154.99894218995382,155.67337597138751,21151600,154.98406372070312,153.46015625,145.51650817871095,136.37972206115722,154.51223011286982,152.6233135634051,147.9107845941847,62.42222997787578,2.7486260220578913,3.0321710104685056,-0.28354498841061426,3.777038585129855,153.46015625,158.5084794858571,148.41183301414293,3.22477347993206,21.948848128131665
2024-04-24 04:00:00,157.82557678222656,158.2619724145378,155.8816367293061,156.19902087415394,22779100,155.28061065673828,153.87968902587892,145.74660675048827,136.59137283325197,155.11465678002557,153.11876720329286,148.29959997410788,63.783566393473855,2.8347986554631177,2.992696539467428,-0.15789788400431037,2.7639670774010083,153.87968902587892,158.914110966881,148.84526708487684,3.078128514531591,21.96658812265256
2024-04-25 04:00:00,154.7212371826172,155.2072260039545,149.63328396324783,150.08951991120836,57109700,154.9424057006836,154.13408737182618,145.9620266723633,136.78408016204833,155.04312594413312,153.27138339179993,148.55142888424552,55.932833712788224,2.6223678029717234,2.9186307921682872,-0.2962629891965638,-0.3831390899329046,154.13408737182618,158.7628858053833,149.50528893826908,3.39267234973151,23.375795583098455
2024-04-26 04:00:00,170.5404815673828,173.27786687075127,168.2593321924788,172.94064243070838,64665300,156.35274658203124,155.17647247314454,146.4779623413086,137.04700702667236,157.86082696654216,154.9160594085221,149.4137446757411,73.69853912097022,3.6879828660099463,3.0725012069366193,0.615481659073327,10.12550902008018,155.17647247314454,163.5050618175382,146.84788312875088,4.521912018710315,42.616044185065675
2024-04-29 04:00:00,164.78802490234375,168.1601634153097,163.8557430067843,167.67417460775002,45610000,157.4724899291992,155.7051025390625,146.94172912597656,137.25335151672363,159.12031750032426,155.85624659840988,150.01665762580396,63.64969793400858,4.021952735669146,3.262391512683125,0.7595612229860209,4.228082980993886,155.7051025390625,165.05620697617968,146.3539981019453,4.736566085303451,43.99263243161644
2024-04-30 04:00:00,161.44566345214844,166.72206177178046,161.26714620693434,164.25246727701446,33562900,158.30362091064453,156.11273422241212,147.38328002929688,137.43862030029297,159.5431076733832,156.38857201305163,150.46485393271942,58.646115107832976,3.9711486975157015,3.40414294964964,0.5670057478660615,3.201664803662796,156.11273422241212,165.72815665079523,146.497311794029,4.989475232339132,44.69610970730451
2024-05-01 04:00:00,162.51678466796875,165.75005589531395,161.75309238141418,162.95318026028562,33493200,159.1357421875,156.55606918334962,147.83435180664063,137.63306316375733,160.08377621785326,156.97221131351992,150.93747866743507,59.73842385139434,3.971535275181509,3.5176214147560136,0.4539138604254953,5.811679709127415,156.55606918334962,166.50524487667946,146.6068934900198,5.046149322642159,44.71422085253713
2024-05-02 04:00:00,165.254150390625,165.36324928594854,162.54653343140467,163.43914975044652,24294500,160.18804321289062,157.35397338867188,148.31180541992188,137.84560634613038,161.0238442492663,157.76096741610135,151.49891677422684,62.46691321455252,4.144943844958561,3.6430859007965233,0.5018579441620381,7.9144858518188865,157.35397338867188,167.41065394193728,147.29729283540647,5.031271448433865,43.34672591569703
2024-05-03 04:00:00,165.86912536621094,166.58322467748795,161.71346872060798,166.18649443027212,34662400,161.49226989746094,158.08493270874024,148.7710107421875,138.06980350494385,161.90480445234712,158.5331729351594,152.06245436606935,63.0723824545854,4.282627265543368,3.7709941737458923,0.5116330917974761,7.570615240761813,158.08493270874024,168.39550428119563,147.77436113628485,5.049690275568447,43.254700805291435
2024-05-06 04:00:00,166.7220458984375,166.76171134902742,164.66900697168114,166.08729275303767,21871300,162.66457977294922,158.74200210571288,149.24985290527343,138.3122992706299,162.78066653345445,159.31306559832876,152.63734030851515,63.9411927664679,4.409733266970704,3.898741992390855,0.5109912745798493,7.7495103772412754,158.74200210571288,169.50880184132845,147.97520237009732,5.041897478758794,43.078973269194435
2024-05-07 04:00:00,169.84620666503906,170.35202057689946,167.00965043305126,167.11874933173186,28039700,163.9529296875,159.46849670410157,149.91793090820312,138.56634948730468,164.06531019374256,160.31622189039643,153.31219781269255,67.00351472236575,4.708285172353811,4.0606506283834465,0.6476345439703648,11.13635934762569,159.46849670410157,171.18129694677583,147.7556964614273,5.111322722576493,43.31612311427194
2024-05-08 04:00:00,167.99154663085938,168.75522381569002,167.35679350646177,167.6146567610361,19569100,164.9695266723633,160.12506866455078,150.52293029785156,138.8036382675171,164.77917136412742,161.04720519901196,153.8878585506599,63.55294509794543,4.7405876006555445,4.196638022837866,0.5439495778176786,8.382379188209189,160.12506866455078,172.21625221843578,148.03388511066578,5.124781546565807,43.5975033692306
2024-05-09 04:00:00,168.56680297851562,169.2908147525702,166.80138015076668,168.00146814371737,15346700,166.3540832519531,160.64824447631835,151.1890249633789,139.0404312133789,165.46783165765254,161.7633573684885,154.46350343018364,64.16929921605627,4.757761375911201,4.308862693452533,0.44889868245866804,7.392899652639118,160.64824447631835,173.26515406727117,148.03133488536554,5.014975723700145,43.158296964010695
2024-05-10 04:00:00,167.26751708984375,168.45769242107335,164.82769095498062,166.65260426676096,29799900,166.02678680419922,161.18976669311525,151.78787506103515,139.23571716308595,165.79504719077818,162.28756305623662,154.9656216129154,61.63407301235272,4.613350372517573,4.369760229265541,0.24359014325203177,5.982515952180245,161.18976669311525,173.97422528985356,148.40530809637693,5.028436868585824,43.04731907749175
2024-05-13 04:00:00,167.75350952148438,167.89236129533526,162.65564420480408,162.91350746089623,31327600,166.32333526611328,161.89791259765624,152.42262847900392,139.4327883911133,166.15113125090656,162.80812938626022,155.46710741325145,62.23509080765983,4.486402682097719,4.393088719831977,0.09331396226574196,8.42306626819771,161.89791259765624,174.4774043074178,149.3184208878947,5.211920090433547,42.26921924111381
2024-05-14 04:00:00,168.94366455078125,169.84620861991712,167.41629508538105,168.37834489380802,25127100,167.07313537597656,162.68837814331056,153.15636352539062,139.6200405883789,166.6588645781565,163.39246606859555,155.99559985001733,63.733419040184614,4.430756286731537,4.400622233211889,0.030134053519647708,-0.9363272590330096,162.68837814331056,174.93155536100795,150.44520092561316,5.2154613653838595,42.176519596072566
2024-05-15 04:00:00,171.09588623046875,171.23473800953292,169.11228073886124,169.23130735927975,26948400,167.93104553222656,163.53339385986328,153.94663177490236,139.81735977172852,167.4655957876678,164.1261251316311,156.58776794336836,66.33459933113863,4.5083529339070765,4.422168373350927,0.08618456055614931,3.8278639068968445,163.53339385986328,175.6406383022238,151.42614941750276,4.793945696796213,42.25762114611818
2024-05-16 04:00:00,172.752197265625,173.68449428030138,171.27442084056955,171.86949341563104,27867900,168.68085021972655,164.4344467163086,154.7952182006836,140.02876251220704,168.42679605638727,164.94765581105912,157.22166713247645,68.22350146723068,4.649898162459834,4.467714331172709,0.18218383128712556,7.003305986492325,164.4344467163086,176.46554010463845,152.40335332797875,3.653372722631823,42.27487168171148
2024-05-17 04:00:00,174.61679077148438,174.8250760090424,172.2662230829347,172.75219674772163,24479300,169.5556167602539,165.52394332885743,155.62198486328126,140.2652082824707,169.55224964095038,165.8685258072901,157.9038288438101,70.24735118936093,4.856547630739726,4.545480991086112,0.3110666396536139,7.445388566009736,165.52394332885743,177.06565904482008,153.98222761289477,3.35866660588248,41.751201283019725
2024-05-20 04:00:00,175.4697265625,177.3045675555055,174.63661595177967,174.74571485082933,22554400,170.43038482666014,166.5474822998047,156.4453790283203,140.5055715942383,170.62815453577758,166.78292587921484,158.59268757787635,71.15245407459497,5.031147674621309,4.642614327793152,0.3885333468281571,6.1817365238498345,166.5474822998047,177.78598404348165,155.30898055612775,3.161013835823553,41.66873062573114
2024-05-21 04:00:00,176.39215087890625,176.68967964035244,174.3688644988053,175.44992602195614,16989400,171.08497924804686,167.51895446777343,157.24239227294922,140.7522331237793,171.67615387089188,167.69809016489975,159.2907057465442,72.13955037013152,5.184191270713399,4.750929716377201,0.4332615543361973,6.344173751119908,167.51895446777343,178.6272070209883,156.41070191455856,3.0193297428508123,41.60702392086042
2024-05-22 04:00:00,174.93418884277344,175.69786612928917,173.7737813421162,175.19205213168274,17880000,171.77924346923828,168.37438507080077,157.99378295898438,140.97464492797852,172.26852386577943,168.38724241993535,159.90417567188652,68.16911215547688,5.128713455416403,4.826486464185042,0.3022269912313611,4.925649094624562,168.37438507080077,178.962431506417,157.78633863518453,3.003037237051546,41.92190764035067
2024-05-23 04:00:00,172.1273956298828,176.78886621440395,171.53230783879025,175.6185460612894,21024900,172.135302734375,169.24469299316405,158.6634490966797,141.18366752624513,172.2428641865255,168.74344748754942,160.38351763102364,61.187198613643545,4.802897321543838,4.8217686356568015,-0.018871314112963056,1.343090911263367,169.24469299316405,177.76754003648853,160.72184594983958,3.0306659812468126,41.65242851820852
2024-05-24 04:00:00,173.55555725097656,174.32916213437795,172.22653015180546,173.54562953855606,16579400,172.76410675048828,169.39544677734375,159.2960205078125,141.4084595489502,172.48153565278932,169.20174365549485,160.90006820435514,63.24972289823682,4.606821820944106,4.778779272714263,-0.1719574517701572,3.3120777394492373,169.39544677734375,178.11909674667083,160.67179680801667,3.038456133186017,20.97665517420102
2024-05-28 04:00:00,174.95399475097656,175.8168734132129,172.94063642860604,173.01998246270298,20572200,173.4841552734375,169.90374526977538,159.99464599609374,141.64009498596192,172.93107367064152,169.7495770931598,161.45120257873245,65.19981881308158,4.512258288326706,4.725475075836751,-0.2132167875100457,3.7891160415939096,169.90374526977538,178.68154740245978,161.12594313709099,2.9846177264820812,16.598276651916688
2024-05-29 04:00:00,174.45809936523438,175.39039638067896,173.28777937305267,173.99195085751208,23388700,174.0355987548828,170.5543670654297,160.55441925048828,141.86989570617675,173.20871470602205,170.19800778573833,161.96127696251685,63.90484545787605,4.347189697375484,4.6498180001444975,-0.30262830276901376,4.298851564543993,170.5543670654297,178.59012160840757,162.5186125224518,2.956989429985581,14.348193415457203
2024-05-30 04:00:00,170.69915771484375,173.78366461622676,170.38177359705276,173.7638243254379,22931500,173.9959259033203,170.96348571777344,161.05190734863282,142.07212425231933,172.7524316167169,170.24573635041503,162.30393895280417,54.989213146149005,3.8684632372272745,4.493547047561053,-0.6250838103337788,1.755938341774077,170.96348571777344,178.05379177171966,163.87317966382722,3.0703387990125868,16.90144883093721
2024-05-31 04:00:00,171.0859832763672,171.64139042387083,168.05106912485823,170.4512300886902,37638900,173.82930450439454,171.25507736206055,161.52321258544922,142.28397331237792,172.44944100938056,170.3257598671724,162.64833284784586,55.674552628031314,3.4801654772072936,4.290870733490301,-0.8107052562830077,1.2680669211730056,171.25507736206055,177.8167214394506,164.6934332846705,3.05971089011813,16.03184598388097
2024-06-03 04:00:00,171.75048828125,173.09934068848278,169.75697011042396,171.12564767729586,27459100,173.54267425537108,171.5491455078125,162.03042053222657,142.50450080871582,172.32235869517498,170.46144828756073,163.00528011974407,56.88890840005911,3.1892925262739595,4.070555092047034,-0.8812625657730742,0.3825936819424669,171.5491455078125,177.60188744119304,165.49640357443198,2.924400424941532,16.03455645815143
2024-06-04 04:00:00,172.36538696289062,172.42490783803038,170.48096786025872,171.85957302701576,26879600,173.23224029541015,171.83131256103516,162.4870462036133,142.72205268859864,172.33018201657782,170.64277578044928,163.37234313320081,58.034616540095406,2.9741071458584827,3.8512655028093237,-0.877158356950841,-0.22391049657076723,171.83131256103516,177.44693921469528,166.21568590737505,2.8896880280297887,16.000827665502914
2024-06-05 04:00:00,173.97213745117188,175.20196327061797,172.5042583714889,173.76385219874723,22068500,172.99023895263673,172.0376091003418,162.98969207763673,142.9598374938965,172.62871936832218,170.95985784432764,163.7880213417487,60.95462518548917,2.899795480542764,3.660971498356012,-0.7611760178132481,-0.3691817479088422,172.0376091003418,177.64932275994383,166.42589544073977,2.928652517242337,14.989105068705722
2024-06-06 04:00:00,175.2812957763672,175.6978511153371,174.30933331877074,174.4580976777925,23251000,173.0249496459961,172.4020965576172,163.5066195678711,143.19965538024903,173.1110059879667,171.37142336166474,164.23873798624356,63.201366384320686,2.912962270347549,3.5113696527543197,-0.5984073824067706,-0.1073864932853219,172.4020965576172,177.85191892174362,166.95227419349078,2.8670172039803794,14.423224936412371
2024-06-07 04:00:00,173.02992248535156,176.4119585188029,172.8712304058679,175.59868809544102,19661400,173.11520233154297,172.625252532959,163.97455261230468,143.42469535827638,173.09626353294576,171.52937565915872,164.5834903195419,57.114802896712554,2.7104852503090626,3.3511927722652683,-0.6407075219562057,-1.9061099809723814,172.625252532959,177.7708463521724,167.47965871374558,2.937151145896615,15.360528854139547
2024-06-10 04:00:00,173.77459716796875,175.8101292272444,171.54047994095143,173.73488619485127,23726700,173.1371063232422,172.95060653686522,164.45618896484376,143.63714363098146,173.21959692113177,171.74320627904538,164.94392588222533,58.537159529444764,2.580364935783308,3.1970272049688764,-0.6166622691855683,-0.6628730967203289,172.95060653686522,177.45241796825505,168.4487951054754,3.050142038916032,15.008583346958321
2024-06-11 04:00:00,175.3732452392578,175.59169348463175,172.54337230776866,174.97607487552963,21540600,173.1790313720703,173.33159332275392,164.8793453979492,143.8704290008545,173.61116934260923,172.0889242752561,165.3529187981874,61.49003529058743,2.5765404336704307,3.0729298507091873,-0.4963894170387566,1.8857251615857828,173.33159332275392,177.23088601307148,169.43230063243635,3.1021067557243134,15.226284935506706
2024-06-12 04:00:00,176.5349578857422,179.1364733750805,174.8668244279154,176.99171737123814,27864700,173.3867172241211,173.71115798950194,165.34418395996093,144.10902709960936,174.14276725954247,172.51235604768334,165.79143013495425,63.52302629400874,2.636853978644325,2.985714676296215,-0.34886069765188976,1.716684087768594,173.71115798950194,177.27552950547008,170.1467864735338,3.220055285036817,15.207407888458354
2024-06-13 04:00:00,173.92355346679688,175.49240210344783,173.64553119205647,174.8668444097431,20913300,173.70915679931642,173.85254135131837,165.7496533203125,144.32896446228028,174.10291020631598,172.64675580188464,166.1103369322814,56.32484997222976,2.445741400931439,2.8777200212232596,-0.43197862029182055,-0.5889784258121034,173.85254135131837,177.1977096126351,170.50737309000164,3.0509744506133893,15.815313498860597
2024-06-14 04:00:00,175.5420379638672,175.8101362841722,172.92067425165644,172.99018739624864,18063600,174.1547622680664,173.99203338623047,166.27457275390626,144.539340133667,174.364569798598,172.9224969601687,166.48020756097105,59.39585654868069,2.39724750190922,2.781625517360452,-0.38437801545123174,0.6213174410226507,173.99203338623047,177.37644648000673,170.60762029245421,3.100095559757719,15.788142622600448
2024-06-17 04:00:00,175.9888916015625,177.10098082049785,173.57603677345472,174.2214575995777,19618500,174.57860260009767,174.06063842773438,166.76935180664063,144.74545372009277,174.65990103550064,173.21453454506334,166.8530971311903,60.227375268403684,2.3675810905608046,2.6988166320005225,-0.3312355414397179,3.0988634961839345,174.06063842773438,177.55230323520178,170.56897362026697,3.146431778503167,15.364861673442883
2024-06-18 04:00:00,173.85406494140625,176.1378326510935,172.87106288475965,175.88959735984662,21869900,174.72747039794922,173.9798553466797,167.17481994628906,144.93945518493652,174.51338538202893,173.2754422018579,167.12764488845366,54.486565999768885,2.1470576319641737,2.5884648319932526,-0.44140720002907896,1.617947661187169,173.9798553466797,177.4084444370883,170.5512662562711,3.2295855469822783,15.889614082987915
2024-06-20 04:00:00,175.05551147460938,176.03851342488448,173.7547611134038,174.13206841253606,20160100,174.83580780029297,173.91302337646485,167.56960388183595,145.14199295043946,174.6119537624981,173.4449726087866,167.43854161732253,56.97229553497512,2.0456568379121904,2.4799032331770405,-0.4342463952648501,1.9243166214160778,173.91302337646485,177.1924920783809,170.6335546745488,3.1015445857893553,15.978498599094957
2024-06-21 04:00:00,178.3620147705078,179.57340412547137,175.36332840403423,175.75057482727152,57759000,175.14387969970704,174.08441467285155,168.0396420288086,145.3605177307129,175.2937830366817,173.9132623384743,167.86691311352587,62.96681681632935,2.2066660873971387,2.4252558040210603,-0.21858971662392168,3.479020883066397,174.08441467285155,177.90262842104295,170.26620092466015,3.1677996823500263,17.060795657019955
2024-06-24 04:00:00,177.95489501953125,179.61310474396652,177.40877441541713,178.88826202454848,18298000,175.636376953125,174.37578964233398,168.43667419433595,145.58350326538087,175.777621579018,174.29817973667022,168.26252024709473,61.8247110602886,2.2751889541533217,2.3952424340475127,-0.12005347989419102,2.289307717149369,174.37578964233398,178.4462687089368,170.30531057573117,3.086511093099353,15.893913359022454
2024-06-25 04:00:00,182.73092651367188,182.98908571292054,178.15346801046124,178.35205317535076,23130200,176.53200988769532,174.83455810546874,168.96255126953125,145.82640159606933,177.04185883986415,175.10129847733705,168.82990872813699,68.94177551896496,2.683940846966067,2.452982116631224,0.23095873033484304,4.25010021993979,174.83455810546874,180.33341846793365,169.33569774300383,3.3072432870720405,18.11935503511676
2024-06-26 04:00:00,182.58200073242188,183.20754327614856,181.19187420519867,181.3408244497642,19839000,177.2528854370117,175.21595840454103,169.54237945556642,146.0630012512207,178.04915736578374,175.81374631115466,169.36920645379521,68.51285382471282,2.961721716654523,2.554730036635884,0.4069916800186393,5.520477678003344,175.21595840454103,181.7166019110023,168.71531489807975,3.248607055873651,18.041114917637742
2024-06-27 04:00:00,184.10121154785156,184.73669324083986,182.7210240356858,182.87988309562385,18848900,178.00951080322267,175.69811401367187,170.16171661376953,146.30451919555665,179.14953085343245,176.6030287146496,169.94693214375823,70.52726806427432,3.266795093092526,2.697143047927212,0.5696520451653138,5.942533919328397,175.69811401367187,183.2993761105371,168.09685191680663,3.2792484018917043,18.062987413147344
2024-06-28 04:00:00,180.8642120361328,183.82318736943728,180.67556595744807,183.01890751714419,29156600,178.70357666015624,176.20636672973632,170.69508941650392,146.53768722534178,179.46129106846888,177.00885569764802,170.3750607669886,61.499210914501944,3.210362078334555,2.7997868540086808,0.410575224325874,3.1310173848831946,176.20636672973632,183.7594590792625,168.65327438021012,3.2710282217108824,17.39827738049216
2024-07-01 04:00:00,181.69830322265625,182.5820202242078,180.02023028518573,181.73801420146654,16006100,179.31920318603517,176.7369827270508,171.23443267822265,146.76823196411132,179.8680205510484,177.4554697476488,170.8191094907403,62.819908177784946,3.196100043721657,2.879049491951276,0.317050551770381,2.924828826399306,176.7369827270508,184.2665132526106,169.20745220149098,3.14903826833439,17.4059099043035
2024-07-02 04:00:00,183.9324188232422,184.26009121150622,180.27838761712013,180.76493422110232,17372500,180.11355590820312,177.3460792541504,171.85654388427736,147.0030541229248,180.60700205508363,178.07232204056245,171.3333569155443,66.16758439387371,3.3267233403682894,2.9685842616346787,0.3581390787336107,5.754749806417725,177.3460792541504,185.14331080553058,169.54884770277022,3.2157084410146046,17.711467491284285
2024-07-03 04:00:00,184.50831604003906,184.77639921891327,182.7011560285435,183.54516199454144,10242100,181.1789810180664,177.9532257080078,172.44673126220704,147.24422729492187,181.31633187053006,178.68527385003642,171.85002197924996,66.9926114223505,3.4370926716693475,3.0622859436416126,0.37480672802773496,5.107766880328368,177.9532257080078,186.00441323873602,169.9020381772796,3.058965172672081,17.71188575334622
2024-07-05 04:00:00,189.2545623779297,189.5127215858847,184.48844250446135,184.54801654082962,20967500,182.59888610839843,178.71734695434571,173.092568359375,147.5051148223877,182.75964650823906,179.69187275745483,172.53255297527662,72.8654467531264,3.8630131642107983,3.22243138775545,0.6405817764553485,7.537788695436842,178.71734695434571,187.98638107591233,169.4483128327791,3.211454628939054,19.31511579750777
2024-07-08 04:00:00,187.6956329345703,188.82758504993222,186.45445670495957,188.55948674203475,21035900,183.5322479248047,179.33806381225585,173.68996948242187,147.75905075073243,183.65709858575383,180.45413563146582,173.1271835619156,68.551128911606,4.0283295698461075,3.3836110241735815,0.644718545672526,7.961601586841849,179.33806381225585,189.276755904947,169.3993717195647,3.2050720318286516,19.769852894423597
2024-07-09 04:00:00,187.64598083496094,190.00918519904204,187.38782163636898,188.9665941471782,15121400,184.50135650634766,180.06886672973633,174.34846435546876,148.03406227111816,184.3823499037915,181.1390732698939,173.69654816085855,68.41219129383697,4.107983229336867,3.5284854652062387,0.579497764130628,7.192272470768635,180.06886672973633,190.20209484956467,169.93563860990798,3.14053056865936,18.874426582996207
2024-07-10 04:00:00,189.8304443359375,190.39642795230205,187.69562734501247,187.81477541116223,15952500,185.21130828857423,180.87165908813478,174.73426361083983,148.3363607788086,185.37291252781802,181.96682289523142,174.32924997164596,71.1797383530277,4.297834515576085,3.6823552752802082,0.6154792402958766,6.4298609657363,180.87165908813478,191.4399536698883,170.30336450638126,3.1036503794455927,19.06218077088445
2024-07-11 04:00:00,184.26007080078125,189.51272208583228,183.77352425069444,188.5098571184734,25625800,185.37911529541014,181.31600036621094,175.1237045288086,148.6117495727539,185.17057766835677,182.18522745766475,174.7186939257297,57.37514749418351,3.9532399476817943,3.736532209760526,0.21670773792126852,3.5431314101014078,181.31600036621094,191.6557248346437,170.97627589777818,3.3731623632857617,22.415810652070913
2024-07-12 04:00:00,183.7635955810547,185.78918852634615,183.18768799095292,183.77351953652854,22898400,185.34535369873046,181.67743225097655,175.57006317138672,148.8803911590576,184.91476274339274,182.33554823132093,175.07339595142872,56.32662246066982,3.5986024202914564,3.708946251866712,-0.11034383157525562,0.5651309754101996,181.67743225097655,191.81689896470087,171.53796553725223,3.2362772121808496,22.436287377172597
2024-07-15 04:00:00,185.21328735351562,186.91122316515236,183.61465170436622,183.61465170436622,16474000,185.78026123046874,182.2419189453125,176.02399322509766,149.1688772201538,184.96903994523325,182.60961862391088,175.47103875151055,58.70000513235505,3.3953877191957247,3.646234545332515,-0.2508468261367902,1.4411533505703789,182.2419189453125,191.8044385475347,172.67939934309032,3.3142944359120463,21.599803817867876
2024-07-16 04:00:00,182.62171936035156,187.34811338839907,182.0755987428797,186.03743905754484,18290700,185.8726028442383,182.5959030151367,176.37134460449218,149.4346361923218,184.54225438434565,182.61077107500046,175.75145759891606,53.14035971600503,2.990745276213687,3.5151366915087494,-0.5243914152950624,-0.8036297942099369,182.5959030151367,191.6233256721494,173.56848035812402,3.33131757534991,22.30341478510429
2024-07-17 04:00:00,179.7421875,182.2543270659603,178.63008325599765,181.67841945681636,20734100,185.45357971191407,182.7835678100586,176.64880584716798,149.67722003936768,183.66951495082824,182.33757263928612,175.90795681072328,47.73091509183209,2.409928908650244,3.2940951349370486,-0.8841662262868049,-0.6203684651050034,182.7835678100586,191.3783635438527,174.18877207626448,3.472458077735912,23.18194318681331
2024-07-18 04:00:00,176.43569946289062,181.21174353968178,175.22431015700485,180.64575986268414,25315700,184.6463180541992,182.91264953613282,176.84307891845702,149.91046199798583,182.35427577120322,181.7754894796294,175.92865260100436,42.39430513893269,1.6636443452496508,2.9680049769995693,-1.3043606317499186,-2.896341719447282,182.91264953613282,191.00567589523584,174.8196231770298,3.7462252830401224,23.75776554440253
2024-07-19 04:00:00,176.40589904785156,179.01732353591333,175.87964153783852,177.61728826175099,18881900,183.3614517211914,182.98016891479492,176.97427276611327,150.1271406173706,181.27275273059382,181.2640999146982,175.94736814793953,42.34834913834054,1.0576123112403764,2.5859264438477307,-1.5283141326073544,-4.092002825572338,182.98016891479492,190.81562295937442,175.1447148702154,3.725656455016645,23.650648618528802
2024-07-22 04:00:00,180.38760375976562,181.41033185766577,178.9577661837674,179.31522557776697,24100300,182.63064880371093,183.08144836425782,177.2221939086914,150.3723564529419,181.1118165540796,181.18062409041892,176.12149503467782,50.12742360722177,0.8883771925397639,2.2464165935861375,-1.3580394010463737,-2.2333477258440926,183.08144836425782,190.71533419613877,175.44756253237688,3.9001309457875117,24.063183154363028
2024-07-23 04:00:00,180.5067596435547,182.31391975552617,180.25852436340998,180.76493403159583,36352700,181.9167266845703,183.20904159545898,177.4609930419922,150.60423320770263,181.00180620671142,181.1164465240509,176.29346619581025,50.34335940357348,0.7551669313809839,1.948166661145107,-1.192999729764123,-4.622241400398142,183.20904159545898,190.56229198175092,175.85579120916705,3.7625375027682333,24.037888726480915
2024-07-24 04:00:00,171.4114227294922,174.9462905344622,170.60714288242724,172.37457678491225,49585200,180.07482452392577,182.64306640625,177.54387115478517,150.79147632598878,179.2581001199443,180.19215854361673,176.10201351085664,37.12859699670854,-0.0833599151658575,1.5418613458829142,-1.6252212610487717,-8.675859928373885,182.64306640625,191.69708606588256,173.58904674661744,4.321421329250924,28.218733638474188
2024-07-25 04:00:00,166.09918212890625,172.19583973492487,166.0098210682456,171.30219882616154,44852000,178.25873565673828,181.8189254760742,177.51078460693358,150.93971103668213,176.86556957611919,178.8499703136443,175.70974561352526,31.867162263686183,-1.1631439036448228,1.000860295977367,-2.1640041996221897,-11.482685965443407,181.8189254760742,193.51233121557323,170.1255197365752,4.404402728197776,29.88679104063396
2024-07-26 04:00:00,165.82115173339844,166.90345381803442,162.90190268589552,165.97008682721892,41336900,176.46449127197266,180.90492248535156,177.44833435058592,151.08239017486574,174.8574936047154,177.60913044885896,175.32195761822618,31.614649552406675,-2.018052371711377,0.3970777624396181,-2.415130134150995,-12.647756626461092,180.90492248535156,194.5431555871717,167.26668938353143,4.490220260995547,29.52433479954043
2024-07-29 04:00:00,168.33328247070312,169.22692328878654,166.80416003394157,167.6382268176297,20293800,174.7764907836914,180.27837600708008,177.3930822753906,151.23941509246825,173.67127339853133,176.72571635570125,175.04789192616644,36.50995851825446,-2.4644568121299812,-0.17522915247430176,-2.2892276596556793,-8.643646049228915,180.27837600708008,195.0303601782923,165.52639183586786,4.546249403332335,29.964238235000966
2024-07-30 04:00:00,169.0879364013672,170.02130347692145,167.25100442280618,169.0383014663059,18959700,173.42311248779296,179.64785766601562,177.31979705810548,151.38786533355713,172.83793939904692,175.99830874100277,174.8141681800959,37.94700256423208,-2.725918589360731,-0.6853670398515876,-2.0405515495091433,-7.986162402451658,179.64785766601562,195.20054302151988,164.09517231051137,4.547667398816204,29.95970510999087
2024-07-31 04:00:00,170.32908630371094,173.01996298271357,168.80988784082692,172.01709806342805,25729100,172.48180236816407,178.96769104003906,177.23404296875,151.5503567123413,172.381784290804,175.458382794594,174.6382826163161,40.33876367403165,-2.800693851797746,-1.1084324022408194,-1.6922614495569266,-8.036249052367006,178.96769104003906,194.91621419229557,163.01916788778254,4.415749902862174,29.665155722326688
2024-08-01 04:00:00,169.55459594726562,172.82138024945738,167.68787721137585,169.0482015028782,24531400,171.79369201660157,178.2200050354004,177.11574035644531,151.71695964813233,171.8677500465243,174.8961173805627,174.43892235478472,39.320293656785296,-2.8891444265654513,-1.4645748071057458,-1.4245696194597055,-7.155295360735114,178.2200050354004,194.47401022673776,161.96599984406302,4.596607224482767,29.556812294064027
2024-08-02 04:00:00,165.4835662841797,167.3204982165653,163.50760805366414,165.26511803151652,29130100,170.7014587402344,177.03145523071288,176.8975686645508,151.85457851409913,170.70698936246163,173.99968394281197,174.08773192064334,34.403309361636914,-3.250273090158771,-1.8217144637163512,-1.42855862644242,-7.932818340613723,177.03145523071288,193.3642936804108,160.69861678101495,4.793065541112434,28.150754639846486
2024-08-05 04:00:00,158.12586975097656,163.26929736266635,153.8363569379613,154.40234063596142,53630700,168.47528533935548,175.5529670715332,176.56140228271485,151.95233463287354,168.41951306946433,172.48789211501813,173.4617765414407,27.668940678744136,-4.0831072584129515,-2.2739930226556715,-1.80911423575728,-10.377621857511398,175.5529670715332,193.12744370615508,157.97849043691133,5.248400876876649,31.211253151032263
2024-08-06 04:00:00,157.17262268066406,159.4365420774317,155.30590392172098,158.2052897951303,49004600,166.1418716430664,174.02929916381837,176.26230682373046,152.05405216217042,166.37462390786428,171.02929502603203,172.82298619395928,26.933351456389687,-4.7651240253787535,-2.772219223200288,-1.9929048021784657,-10.902853289486824,174.02929916381837,192.45274182652463,155.6058565011121,5.258329594830706,31.080039233972563
2024-08-07 04:00:00,157.81805419921875,161.82952940748444,157.35137068982363,160.11174561926643,25138600,164.78253479003905,172.4286796569824,175.9475567626953,152.16003826141358,164.8188839608378,169.77108161395458,172.2345574882832,28.322833779306507,-5.193676823938716,-3.256510743347974,-1.9371660805907425,-12.511696530214056,172.4286796569824,190.63306898473118,154.22429032923364,5.1632919765552385,30.538378523254607
2024-08-08 04:00:00,160.88624572753906,162.53453159498838,159.0791007984094,159.37697100848436,25578800,164.26124114990233,171.2599884033203,175.66620178222655,152.29202716827393,164.10385882751075,168.9249067676293,171.78952565452855,34.681780106535655,-5.225494343925249,-3.650307463463429,-1.5751868804618194,-10.869683747445302,171.2599884033203,189.2662924805184,153.25368432612223,5.276063076390583,31.134762397615606
2024-08-09 04:00:00,162.5146484375,162.63379650679866,157.9371899119943,158.88048081312152,28602300,163.9305908203125,170.1975410461426,175.42733276367187,152.42769496917725,163.81491148387244,168.31440597428366,171.42580497935097,37.83403304963309,-5.060971736351746,-3.9324403180410927,-1.1285314183106534,-5.190304210958196,170.1975410461426,187.59471611567412,152.80036597661106,5.254075489604166,31.67423361186501
2024-08-12 04:00:00,161.14442443847656,163.7360016369403,160.69760391827538,163.18989608507255,15895300,163.21170501708986,168.9940979003906,175.23623809814453,152.5450564956665,163.32936838470954,167.63155058992106,171.02261358559122,36.24879415616394,-4.983702984056947,-4.142692851244264,-0.8410101328126833,-2.9830114916426287,168.9940979003906,185.31433946170347,152.67385633907776,5.324289941500504,31.256673427624982
2024-08-13 04:00:00,163.001220703125,163.56718927271257,161.81961832579947,162.25651485029758,18551700,162.60303344726563,168.0130729675293,175.0745428466797,152.73716091156007,163.26970516987598,167.19056679117858,170.70804915882783,39.92231602542122,-4.718249952069897,-4.257804271409391,-0.46044568066050573,-1.7005858425149678,168.0130729675293,183.20391622059125,152.82222971446734,4.790229089579687,31.780238190629888
2024-08-14 04:00:00,159.2379608154297,162.0678490367502,156.59674898008666,161.25363005478357,40591100,161.4939208984375,166.98786163330078,174.8242922973633,152.9269624710083,162.53666074179483,166.43317574586916,170.25824177281223,35.46221473232734,-4.756707767599067,-4.357584970647326,-0.39912279695174124,-5.403163011958966,166.98786163330078,181.60239991745436,152.3733233491472,4.805832879319619,32.19816481296921
2024-08-15 04:00:00,160.16139221191406,160.49898852805327,158.4833194361169,159.36703635252704,31524300,160.55460052490236,166.17414627075195,174.58021240234376,153.12192672729492,162.10479373636196,165.83586302834965,169.86228688807114,37.312898814684495,-4.658966995800142,-4.417861375677889,-0.24110562012225323,-5.279231847897192,166.17414627075195,180.38032621035006,151.96796633115383,4.663984162162298,32.09196161601645
2024-08-16 04:00:00,161.8096923828125,163.89485965448893,159.99260830608642,160.3302046522989,24208600,160.1872131347656,165.4443359375,174.33696350097657,153.31377632141113,162.05113894480752,165.45241820496517,169.5464988682571,40.587885880493836,-4.3978074943383945,-4.41385059940999,0.016043105071595676,-5.001725838948989,165.4443359375,178.91813964895172,151.97053222604828,4.6994470045204695,32.49705028057444
2024-08-19 04:00:00,165.4934844970703,165.5133475605536,163.1004929084528,164.1132970310061,22416200,160.923974609375,164.69962997436522,174.14120727539063,153.52592929840088,162.67701995430983,165.45632928040376,169.38755712821055,47.22396634515606,-3.8492141265932673,-4.300923304846646,0.4517091782533784,-2.3951644763780866,164.69962997436522,176.19736896127128,153.20189098745917,4.766115299065171,32.51834171740255
2024-08-20 04:00:00,165.9998779296875,167.44957853320707,165.642433695725,165.72185564699794,18341500,161.80670013427735,163.9742858886719,174.00060638427735,153.72886138916016,163.28117594983303,165.50809581843077,169.25470696356257,48.08244305789981,-3.3351427626343764,-4.107767196404192,0.772624433769816,0.312001763740799,163.9742858886719,172.7910560827972,155.15751569454656,4.605116648654465,32.576000229782345
2024-08-21 04:00:00,164.67926025390625,165.67220118965227,163.5075820711663,163.984189478023,22902000,162.4928207397461,163.63767776489257,173.8186996459961,153.92003303527832,163.53537309602814,165.42915909799987,169.07527768083096,45.98180369936182,-2.999721391644755,-3.886158035452305,0.8864366438075502,4.144413885754594,163.63767776489257,171.74437685304432,155.53097867674083,4.4164589929715845,27.670747439048753
2024-08-22 04:00:00,162.6437530517578,166.4069931043409,162.15720646482643,166.07932072756,22493300,162.66857147216797,163.46490631103515,173.5641098022461,154.09304306030273,163.37326036070624,165.1638823316911,168.82306102871044,42.87276126949889,-2.8651186539565288,-3.68195015915315,0.8168315051966211,3.480969063047157,163.46490631103515,171.49766936845,155.4321432536203,4.288087474822512,25.795626210330475
2024-08-23 04:00:00,164.4508819580078,165.00692648837935,162.67352425192186,163.55724112720742,13955700,162.86219482421876,163.39639282226562,173.3224282836914,154.26938591003417,163.5691915602156,165.09597753419746,168.6516030259378,46.341565698178556,-2.582851312489055,-3.462130389820331,0.879279077331276,4.202832047603522,163.39639282226562,171.36767634331923,155.42510930121202,3.624942052708452,26.143168528860617
2024-08-26 04:00:00,164.9871063232422,166.36729392576248,163.2991093861503,165.20555458992135,14190400,163.2464630126953,163.22908401489258,173.14369934082032,154.4448394012451,163.82699424440221,165.0856088474398,168.50789727289092,47.36290625804521,-2.289491750152621,-3.227602661886789,0.9381109117341682,2.5489193169737634,163.22908401489258,170.89883471313559,155.55933331664957,3.549052508701414,25.546045130922483
2024-08-27 04:00:00,163.51751708984375,165.26510295168842,163.29908400819048,164.66933228950003,11821900,163.2980926513672,162.9505630493164,172.90320892333983,154.60863052368165,163.77072567084613,164.93626677528778,168.312196089242,44.84367585614082,-2.1507927526940023,-3.0122406800482318,0.8614479273542295,0.6170943124117478,162.9505630493164,170.11222521612495,155.78890088250785,3.356846238464097,25.61536209665998
2024-08-28 04:00:00,161.70046997070312,164.43105809322844,160.3897803993729,163.8749983304621,16407400,163.54434356689453,162.519132232666,172.61744049072266,154.77127082824708,163.3943155435474,164.62809565104163,168.05291271204442,41.877702127176796,-2.1625646160103713,-2.84230546724066,0.6797408512302887,0.34506036070696133,162.519132232666,168.7939297761905,156.2443346891415,3.308617688327376,25.603534374516013
2024-08-29 04:00:00,160.6379852294922,164.7984102225247,159.11878679232862,163.15012461387778,19699800,163.59200286865234,162.07330169677735,172.35311889648438,154.9169451904297,162.89316457735555,164.2480851347036,167.7621312421404,40.203265849765295,-2.2318995923689897,-2.720224292266326,0.48832469989733607,-1.449826856166303,162.07330169677735,167.44550730168257,156.70109609187213,3.3788331765696404,25.63535368063885
2024-08-30 04:00:00,162.22671508789062,162.50473737235887,160.54864227379994,161.472070186267,22123800,163.63370513916016,161.91045913696288,172.09654296875,155.07304267883302,162.77199194290736,164.05557370167378,167.5450560988365,43.82049270555741,-2.134050829103984,-2.6029895996338577,0.46893877052987376,1.8769106670017965,161.91045913696288,167.03934727272002,156.78157100120575,3.3015258465620696,24.681857248664464
2024-09-03 04:00:00,156.24920654296875,160.70751737773818,155.37541355771157,160.57843019098567,38945300,162.70927734375,161.8166259765625,171.65428680419922,155.19166542053222,161.58603096110033,163.3121101627495,167.10208160644956,35.19419968366921,-2.5099073135584433,-2.584373142418775,0.07446582886033148,-2.4426521366453846,161.8166259765625,167.29388355083594,156.33936840228907,3.6178498962722876,22.9882395713876
2024-09-04 04:00:00,155.34561157226562,157.8776140734706,154.85908019413716,155.55413584223268,19353800,161.64385070800782,161.72527542114258,171.2021011352539,155.30081108093262,160.45140925403948,162.55339601127486,166.64104356589334,34.10135884090768,-2.847860484927196,-2.637070610920459,-0.21078987400673688,-3.9948662625561515,161.72527542114258,167.57680742692372,155.87374341536145,3.3759971931505084,22.9805719106044
2024-09-05 04:00:00,156.13006591796875,158.32445729106303,154.87895042005644,155.1966988484402,18688700,160.78893127441407,161.64087600708007,170.67008392333983,155.4024237060547,159.66571046566298,161.94165028810286,166.22884836401397,35.96049975888599,-3.017606805459991,-2.713177849828366,-0.3044289556316251,-5.657877473277395,161.64087600708007,167.77172215551937,155.51002985864076,3.478128463084094,23.007985432776902
2024-09-06 04:00:00,149.8546600341797,156.71588626121135,149.48727669749047,156.18962872176218,37912100,159.51002197265626,161.08929672241212,170.015537109375,155.4806928253174,157.8818831144842,160.7905083591578,165.58672333147143,28.92925872236863,-3.6168124341516545,-2.8939047666930238,-0.7229076674586308,-9.72604202898657,161.08929672241212,169.17827791921712,153.0003155256071,3.715725478463978,25.74893714637
2024-09-09 04:00:00,147.85621643066406,152.51927694187998,146.3747655212842,151.63438731483413,39260500,157.85055541992188,160.35637512207032,169.29063720703124,155.54430831909178,156.0590346265169,159.55867103263458,164.89140933536135,27.1112711593088,-4.204478300396772,-3.1560194734337736,-1.0484588269629986,-10.215642089540623,160.35637512207032,170.33677153716906,150.37597870697158,3.890072352953599,25.45754216284699
2024-09-10 04:00:00,147.8064727783203,150.40148807942415,147.4883027750186,149.58618882434916,31118800,156.1324920654297,159.6894775390625,168.629482421875,155.6041046142578,154.5585688359357,158.43941405603323,164.22141182332052,27.065677656029706,-4.62095414735245,-3.449006408217509,-1.1719477391349407,-9.122563882743073,159.6894775390625,171.1246353682735,148.2543197098515,3.958436014972798,25.45776881580208
2024-09-11 04:00:00,150.2921600341797,150.63020437651454,146.6730587008917,149.05927369184766,29607700,154.8099563598633,159.05402450561525,168.00135955810546,155.66879165649414,153.78285814470732,157.66348510157098,163.67516665511894,33.11843175261832,-4.696303999658255,-3.6984659265056585,-0.9978380731525966,-8.609696558175662,159.05402450561525,171.10994147699313,146.99810753423736,4.063068144765773,25.955607580969257
2024-09-12 04:00:00,153.8018798828125,153.931138367879,151.7735836501272,152.91699025153633,29621500,154.0200973510742,158.78222045898437,167.39874877929688,155.75995346069337,153.78631664254462,157.29571317597492,163.28797893855793,40.612639850724534,-4.421841998586331,-3.843141140921793,-0.5787008576645376,-6.779454885714298,158.78222045898437,171.06368298440788,146.50075793356086,4.01943898006469,26.63348159501876
2024-09-13 04:00:00,156.55596923828125,157.47068534964538,154.318887339598,154.53761027887018,29591200,153.6118957519531,158.60194931030273,166.8397018432617,155.86627426147462,154.28988984176945,157.22526137238506,163.0239785581549,45.74966814558866,-3.936716869691054,-3.8618562866756454,-0.07486058301540854,-4.25737130520244,158.60194931030273,170.90400009705093,146.29989852355453,4.112698410794072,27.414917298883722
2024-09-16 04:00:00,157.15252685546875,157.34143843484944,155.70091765708278,156.4068328344505,18379800,153.10447692871094,158.36909103393555,166.1976611328125,155.9716603088379,154.81036929880568,157.2183342755359,162.79372555020643,46.822677373387435,-3.4641815671092218,-3.7823213427623608,0.318139775653139,-2.812572601711283,158.36909103393555,170.59153720743655,146.14664486043455,4.010722427805105,27.156344880241555
2024-09-17 04:00:00,158.40530395507812,159.6282379126932,157.4706983462141,158.10702330973243,20715600,153.32008666992186,158.01468200683593,165.61185455322266,156.0942695617676,155.46399378176432,157.33137900692088,162.6216305856916,49.099500007510215,-2.954547113355659,-3.6167664968810205,0.6622193835253616,-1.3898837633106398,158.01468200683593,169.76942231552945,146.2599416981424,4.0471290073569985,25.894505892351745
2024-09-18 04:00:00,158.89248657226562,159.57852752922,157.6894419945441,158.9422025434275,23677300,153.67477416992188,157.65931243896483,165.03678466796876,156.23151397705078,156.08735610731,157.4800559179061,162.47538964398865,49.996121378902934,-2.482727237239118,-3.38995864495264,0.9072314077135224,-2.055289422471873,157.65931243896483,168.81191473171577,146.5067101462139,3.8934009959870246,25.89491665524801
2024-09-19 04:00:00,161.2091064453125,162.8496272464335,160.41369644399956,162.77009990036774,26587700,154.18267822265625,157.48580474853514,164.46435791015625,156.38366401672363,157.01858344149227,157.8352035871829,162.42573147933467,54.13354412703535,-1.8999730169362294,-3.091961519349358,1.1919885024131287,3.1743520572565354,157.48580474853514,168.28080190186145,146.69080759520884,3.7703665134135815,26.44388751002834
2024-09-20 04:00:00,162.6507568359375,162.7899524297552,161.12954242807913,162.56127720516508,40896400,155.46228790283203,157.48615493774415,164.03217163085938,156.55586616516112,158.04261496775504,158.2938277061119,162.43455600312302,56.543298748364464,-1.306743633493113,-2.734917942178109,1.428174308684996,4.702511509489016,157.48615493774415,168.28185704289817,146.69045283259013,3.74924614935052,26.30350078167044
2024-09-23 04:00:00,160.9207763671875,164.5398774216767,160.74180191250147,163.40642311261095,24150900,156.76874389648438,157.3096496582031,163.57531524658202,156.71088874816894,158.56591704037913,158.544013292881,162.37519209583144,52.94832445326116,-0.9650752521374386,-2.3809494041699755,1.4158741520325369,3.0684099318422087,157.3096496582031,167.73497553576038,146.88432378064584,3.5311585764216744,26.23246334873381
2024-09-24 04:00:00,161.35824584960938,162.2829143760533,159.76744095244402,162.0940027861785,23332100,158.1239212036133,157.1282066345215,163.0982144165039,156.87290901184082,159.07361318751188,158.81203544114086,162.33531185088157,53.74912769298603,-0.6514904903449406,-2.0350576214049685,1.383567131060028,7.676495220639712,157.1282066345215,167.107707752879,147.14870551616397,3.495225686727092,26.221616042647366
2024-09-25 04:00:00,160.5628204345703,161.87523384572484,160.37390888064178,160.54293101542476,18869200,159.15098724365234,156.9804718017578,162.65703643798827,156.9966854095459,159.3443781415225,158.97877686908652,162.26580238357525,52.015638857213794,-0.4618327700223688,-1.7204126511284488,1.25857988110608,8.593892303381722,156.9804718017578,166.64420078081773,147.31674282269788,3.356355550589697,26.099859244013775
2024-09-26 04:00:00,161.7957000732422,163.13795527115403,161.34828673099906,162.7004790534292,20319300,159.95036926269532,156.98523330688477,162.29810668945314,157.1362466430664,159.79007303819878,159.2470552694823,162.2473669988563,54.46686340416162,-0.20962811460464081,-1.4182557438236874,1.2086276292190465,9.464556613770814,156.98523330688477,166.65884322047486,147.31162339329467,3.023964498651328,25.96533103339091
2024-09-27 04:00:00,163.00869750976562,164.7486500925775,161.69628402203105,161.87524329123835,21101300,160.59564208984375,157.10376892089843,162.02956665039062,157.29030334472657,160.37527748757455,159.60530691141403,162.27722309732334,56.8048512044629,0.0871203780476435,-1.117180519449421,1.2043008974970646,8.461211464852148,157.10376892089843,167.02087240476274,147.18666543703412,2.8030969736478033,25.961982824937017
2024-09-30 04:00:00,164.89781188964844,165.19607736347226,162.32267031989335,162.38233858584195,20413900,161.37017059326172,157.23732376098633,161.79940490722657,157.45762390136719,161.19755646976978,160.1093550045792,162.37999128525766,60.229810301317364,0.46932139401315,-0.7998801367569068,1.2692015307700568,7.2144319791736855,157.23732376098633,167.51046977257815,146.9641777493945,2.8002556693030436,26.047208493385533
2024-10-01 04:00:00,166.03125,168.18878935347016,163.63508311957565,166.72722798963838,28338100,162.1327651977539,157.7264259338379,161.51227783203126,157.6303636932373,162.07640983890255,160.6733450041431,162.52317790152205,62.168032585401576,0.8538349578430768,-0.46913711783691014,1.322972075679987,6.052327999897078,157.7264259338379,168.708474510679,146.7443773569968,2.842867137751018,21.931730642391553
2024-10-02 04:00:00,164.90774536132812,166.5582184121097,163.7842281975384,165.46452779504156,17760200,162.73429107666016,158.20453262329102,161.2002975463867,157.80061012268067,162.5911981157072,161.07662122863692,162.6166903509262,59.09371347917836,1.0557374089514724,-0.16416221247923365,1.219899621430706,4.934835386383418,158.20453262329102,169.57584425017723,146.8332209964048,2.7810822720990194,21.987482053346774
2024-10-03 04:00:00,164.90774536132812,165.6832659184552,162.9788810936898,163.4660733087808,15073100,163.10415496826172,158.64341659545897,161.07022399902343,157.96758361816407,163.0123885240019,161.44149019365514,162.70653564545177,59.09371347917836,1.2018918944757218,0.10904860891175741,1.0928432855639643,4.104939193257073,158.64341659545897,170.35022275462373,146.93661043629422,2.7121950833799127,22.000641405753516
2024-10-04 04:00:00,166.100830078125,167.26411075507784,164.52989975669306,167.0950886229922,19047400,163.44916229248048,159.45572509765626,161.0702569580078,158.12465370178222,163.57392335202428,161.88523684931894,162.8396452310468,61.44205613430448,1.3978784700072424,0.3668145811308544,1.0310638888763881,4.536616967461815,159.45572509765626,170.8450839034373,148.0663662918752,2.7903158134240647,15.038993532961667
2024-10-07 04:00:00,162.0442657470703,167.51268816069472,161.81559051224986,166.75705707061962,22463100,163.56151123046874,160.16512756347657,160.99471923828125,158.25722579956056,163.2958037874872,161.9003824586286,162.808453878734,50.76995448266618,1.2118983934306584,0.5358313435908153,0.6760670498398431,0.5180596308566043,160.16512756347657,170.19922732631386,150.1310278006393,3.0204148556540935,17.209732866683385
2024-10-08 04:00:00,163.43621826171875,163.7841996365162,161.9348782063516,162.99874209117948,23072700,163.7693084716797,160.94661483764648,160.89677795410157,158.38837699890138,163.3213336918929,162.04665253511337,162.83307208983146,53.73921270472294,1.1634156463590557,0.6613482041444634,0.5020674422145923,0.4829128625411405,160.94661483764648,169.20550784112606,152.6877218341669,3.0175745624747146,17.15845619097612
2024-10-09 04:00:00,160.93069458007812,163.89358090449505,158.8228712424478,162.51156208330087,31181800,163.80609588623048,161.4785415649414,160.7336331176758,158.49668579101564,162.8866720351993,161.94037082511,162.7584690502333,48.113895388418726,0.9123014551451831,0.7115388543446073,0.20076260080057584,0.006163413522197736,161.4785415649414,168.0450942171112,154.9119889127716,3.097115204466099,18.018329227134164
2024-10-10 04:00:00,161.14944458007812,162.13376610989224,159.4790821511072,159.94638493252756,14144100,163.74147033691406,161.84591979980468,160.55004028320312,158.60078201293945,162.5708124979045,161.86504451605933,162.6953700514037,48.61958907568114,0.7226131121127537,0.7137537058982366,0.008859406214517085,-0.12940229266364955,161.84591979980468,167.33842186850504,156.35341773110432,3.1681347728310243,16.422834736459766
2024-10-11 04:00:00,162.30279541015625,162.9589946210884,160.31427801309022,161.19916764793726,15344300,163.67088012695314,162.13326110839844,160.40500427246093,158.71049644470216,162.52208211831393,161.9067350774019,162.67997496743322,51.31385176260974,0.6577671761008048,0.7025563999387503,-0.04478922383794548,1.083672403658964,162.13326110839844,167.02944346562342,157.23707875117347,3.085751994175522,15.492431415590877
2024-10-14 04:00:00,164.01290893554688,165.27560646204375,162.46185274166893,162.70048027253844,19016100,163.58238983154297,162.47628021240234,160.37559112548828,158.834464263916,162.793141539629,162.1073230638919,162.7322468877514,55.075465051484564,0.7358853459106456,0.7092221891331294,0.026663156777516184,1.370375641195043,162.47628021240234,166.83498543054782,158.11757499425687,3.118418967623967,15.786518209067294
2024-10-15 04:00:00,164.51004028320312,166.71728049354707,163.68480379630955,164.83813228183462,20247200,163.43026885986328,162.7815170288086,160.5032745361328,158.9616120147705,163.10530494755156,162.33615327525487,162.80196427580833,56.136436104125856,0.8283600839403675,0.7330497680945771,0.09531031584579042,0.9210200414904612,162.7815170288086,166.77998831971232,158.78304573790487,3.227786948492142,15.643117897350159
2024-10-16 04:00:00,164.21176147460938,164.84808640066018,162.7999160190336,163.58537367338423,16406000,163.3606704711914,163.04748077392577,160.6440573120117,159.0899459838867,163.30647886156206,162.51478262757436,162.8572504404672,55.29266738682626,0.867577479899893,0.7599553104556404,0.10762216944425262,-0.4160457965920017,163.04748077392577,166.64421107747862,159.45075047037292,3.190146630280919,15.692178806458823
2024-10-17 04:00:00,161.9945526123047,165.4148047545223,161.82553046438127,164.77847983302945,21453400,163.06935119628906,163.08675308227538,160.72758728027344,159.21473175048828,163.0679468162425,162.46523691183438,162.82341915308828,49.354234017555676,0.7115450748421495,0.7502732633329423,-0.03872818849079285,-2.4312877170383995,163.08675308227538,166.6154748851747,159.55803127937605,3.2284972173948177,15.799475897702612
2024-10-18 04:00:00,162.48175048828125,163.76435267205474,162.14370618061358,162.25307524146882,19757700,162.7074432373047,163.07830276489258,160.75949737548828,159.33823432922364,162.9613656657041,162.46680963340074,162.81002038191937,50.609487241004274,0.6200534760874632,0.7242293058838465,-0.10417582979638329,-1.4711224556077096,163.07830276489258,166.6122263537178,159.54437917606737,3.149668147121328,15.506121152214616
2024-10-21 04:00:00,163.12802124023438,163.5555451703661,161.68633408506915,162.01444125458505,20946500,162.8158187866211,163.18866500854492,160.77176483154298,159.47751449584962,162.99166667925505,162.5297821673849,162.82249100381406,52.29842903274131,0.5928602495712028,0.6979554946213178,-0.10509524505011503,-1.079224094171083,163.18866500854492,166.57361252267987,159.80371749440997,2.9579184936500735,15.03802532595689
2024-10-22 04:00:00,164.19189453125,164.81828241822615,162.04429192263328,162.04429192263328,16568100,162.89138641357422,163.33034744262696,160.83271423339843,159.6253871154785,163.20988992507228,162.6880785829911,162.8761931029292,55.02491476830471,0.6496661579990644,0.688297627296867,-0.0386314692978027,-1.1492630987919417,163.33034744262696,166.62881400450436,160.03188088074955,2.9579185137230417,15.164977380163311
2024-10-23 04:00:00,161.8454132080078,164.867967838788,161.00028733207427,163.81404098216163,18280500,162.98285827636718,163.39447708129882,160.8095980834961,159.74610466003418,162.96180324924237,162.60782473775458,162.8357703619519,48.44751907564569,0.4995849133691195,0.6505550845113175,-0.15097017114219802,-0.12271494961314522,163.39447708129882,166.51125712060923,160.2776970419884,3.0410110624336375,15.985345093348712
2024-10-24 04:00:00,161.78575134277344,162.3922496608961,160.08556255879625,161.89512038935888,22412500,163.0464889526367,163.39397964477538,160.86055389404297,159.8560604095459,162.74797562988437,162.52953203347067,162.79459314551352,48.28946293449506,0.3715472662088075,0.5947535208508156,-0.22320625464200805,-1.0098538356426823,163.39397964477538,166.51183704826326,160.2761222412875,3.010473641270429,15.756042358204251
2024-10-25 04:00:00,164.3211212158203,164.63927607521566,162.48173675810202,162.73030140529735,19828900,163.24832153320312,163.45960083007813,160.9437484741211,159.97209762573243,163.03400210005452,162.70015957464682,162.8544569914079,55.00705241385279,0.4692504411700327,0.569652904914659,-0.10040246374462636,2.106761947799285,163.45960083007813,166.59848905482104,160.32071260533522,2.807361290127383,16.517623841375507
2024-10-28 04:00:00,165.7628173828125,167.78116139958385,163.00871644109216,167.78116139958385,32138600,163.42331237792968,163.50285110473632,161.0228109741211,160.09633514404297,163.53015033328325,162.9918412706626,162.96851034009043,58.32257783746851,0.6554580309860967,0.5868139301289466,0.06864410085715011,2.8627916247281338,163.50285110473632,166.747243362384,160.25845884708863,3.0161558278650324,16.294594949645912
2024-10-29 04:00:00,168.70579528808594,169.40178845873763,166.13066910445878,166.76699401414237,42169000,163.84288787841797,163.63657836914064,161.08705718994142,160.23246086120605,164.47117668870192,163.53602736756008,163.19350190667848,64.1329219722,1.0286450293425844,0.6751801499716741,0.3534648793709103,3.9450952534419548,163.63657836914064,167.48417646894347,159.7889802693378,2.9138887859991667,17.30227654303565
2024-10-30 04:00:00,173.4583740234375,180.97496713171114,173.06066145323211,179.64264898550226,68890800,164.76754913330078,164.0641098022461,161.23622711181642,160.39314277648927,166.10521256774473,164.4810127633579,163.59604591125725,71.1320502002882,1.6884286447856311,0.8778298489344655,0.8105987958511657,5.758976625188983,164.0641098022461,169.8953359932485,158.2328836112437,3.6006379206306076,19.55820525019411
2024-10-31 04:00:00,170.12759399414062,175.80481742033143,170.01822493850247,172.13600066532192,44769000,165.5808532714844,164.32510223388672,161.34519378662108,160.54222915649413,166.83655464527124,165.01878240438484,163.8521850517625,62.000500946728884,1.9204085275417242,1.0863455846559171,0.8340629428858071,3.41471785020957,164.32510223388672,170.75213352584066,157.8980709419328,3.825057625904234,21.029520499938016
2024-11-01 04:00:00,170.3065643310547,171.33066473922122,167.91041241830663,169.09358268677013,31796500,166.36333465576172,164.5353889465332,161.49845001220703,160.68224266052246,167.46746549723187,165.5223806831153,164.1052979646759,62.28069736625899,2.094550986462906,1.287986665017315,0.8065643214455909,3.7115507450345975,164.5353889465332,171.46279056686566,157.60798732620074,3.857017716549026,20.925724108739747
2024-11-04 05:00:00,168.26834106445312,169.7497767581588,167.04539198951443,168.95436679599575,21492700,166.8773666381836,164.84659271240236,161.57479919433592,160.79768394470216,167.61307923672663,165.78390071943318,164.26855455682406,57.115421963678905,2.044524549974682,1.4392942420087886,0.6052303079658932,3.872839148587448,164.84659271240236,171.86145698743758,157.83172843736713,3.8733531197135074,19.296129299888285
2024-11-05 05:00:00,168.76547241210938,169.55093008750674,167.87063050478386,168.45723948005892,18242100,167.33472442626953,165.11305541992186,161.65036651611328,160.91754486083985,167.82260526861438,166.06785992825948,164.44490427663916,58.02971623550975,2.0216878249040633,1.5557729585878437,0.4659148663162196,3.867340119702445,165.11305541992186,172.30497981367876,157.92113102616497,3.847076634077528,19.142248708258506
2024-11-06 05:00:00,175.49658203125,175.92412112315387,172.50386907265272,172.80214969030013,33695500,168.69984130859376,165.84134979248046,161.8899478149414,161.0658543395996,169.21787377091175,166.96583346187762,164.87830340427095,67.98298785226118,2.5177112398382633,1.7481606148379276,0.7695506250003357,7.5821190602200605,165.84134979248046,174.1182061387242,157.56449344623672,4.102031949856348,22.394124337382152
2024-11-07 05:00:00,179.71224975585938,180.0403569286527,176.1726914135067,176.39142952870222,25352900,170.49249114990235,166.76949005126954,162.25018341064452,161.22701034545898,171.1259421318113,168.17977787082827,165.46002679060777,72.39797363623813,3.2139342895152367,2.04131534977339,1.172618939741847,9.452570889030977,166.76949005126954,176.80693753147438,156.7320425710647,4.300173009688679,23.4033203694634
2024-11-08 05:00:00,177.32603454589844,179.86138194143007,177.05758046511664,179.6128172813832,22006200,171.79298248291016,167.52065200805663,162.58394439697267,161.36051513671876,172.25323166164532,169.05084993512065,165.92536042807018,66.78425651613071,3.532428806963111,2.339538041211334,1.1928907657517769,9.565066461287074,167.52065200805663,178.36664138617314,156.67466262994012,4.366929466189857,24.325301655386735
2024-11-11 05:00:00,179.31454467773438,179.513393363608,177.44533365392132,177.55470270682915,17450400,173.14815521240234,168.285733795166,162.92570098876953,161.50237548828125,173.53710675547967,170.02834467251245,166.4504264770766,68.94525732967809,3.9003335384779803,2.6516971406646634,1.2486363978133168,10.834571765113555,168.285733795166,180.19639418231355,156.37507340801847,4.325027203483907,24.348598897901123
2024-11-12 05:00:00,180.57723999023438,181.44225527864106,178.3600475857902,178.78758666786376,25134900,174.33529968261718,169.08909378051757,163.41226165771485,161.64400344848633,174.8171309799805,171.03300136943835,167.0044191638671,70.26804419676823,4.244857571989883,2.9703292269297075,1.2745283450601752,9.892896697718601,169.08909378051757,182.0487129619042,156.12947459913096,4.268922002493702,24.356367239604527
2024-11-13 05:00:00,177.85299682617188,179.92105669289288,177.5149373462163,179.42392735486908,23184000,174.77476196289064,169.7711555480957,163.86240936279296,161.78217620849608,175.36910658837894,171.68252474627013,167.42985358199672,63.94003907668912,4.2490908208048666,3.2260815457047394,1.0230092751001272,7.293661892484815,169.7711555480957,183.08109781833875,156.46121327785264,4.322894541202146,25.271491986953855
2024-11-14 05:00:00,174.57192993164062,177.79333331489727,173.3191695348543,177.2564251654299,31007500,175.2191955566406,170.4000244140625,164.2312466430664,161.9602780151367,175.22416537806288,171.9577061924959,167.70993500747298,57.25262440494356,3.9422472512721924,3.3693146868182304,0.572932564453962,3.477138786807843,170.4000244140625,183.34644465349396,157.45360417463104,4.442916152550386,25.784640543274257
2024-11-15 05:00:00,171.4996795654297,173.1402002652983,170.236966835199,172.73255057874763,32504600,175.33850708007813,170.8509208679199,164.6641470336914,162.1177619934082,174.5469861394023,171.9140846089658,167.85855244111835,51.790499136163305,3.4118370493335135,3.3778191593212874,0.034017890012226104,-1.1292014404234885,170.8509208679199,183.25287795517463,158.4489637806652,4.411667448118237,26.88986041353556
2024-11-18 05:00:00,174.29354858398438,174.4327441914951,171.90731866370794,172.424337422112,20135300,175.94102783203124,171.40919723510743,165.19289367675782,162.28316528320312,174.50090658387174,172.14070022563425,168.11090523103465,55.9099642418987,3.1802649091314095,3.338308309283312,-0.15804340015190244,2.4487236268016854,171.40919723510743,183.3438052035408,159.47458926667406,4.361245558842542,27.310886261119993
2024-11-19 05:00:00,177.09732055664062,177.8430144374994,172.56350418840825,172.72258919074153,23434900,176.7742126464844,172.05446853637696,165.77871063232422,162.45614082336425,174.9729818516479,172.61275930477774,168.46331367517607,59.63738815111351,3.186254131474044,3.3078974737214586,-0.12164334224741458,3.9873719796176266,172.05446853637696,183.7389468371686,160.3699902355853,3.8619840163758243,27.662091429483226
2024-11-20 05:00:00,174.96963500976562,176.65987170014589,172.78226898861567,176.32182739630647,18997100,176.72151794433594,172.71067962646484,166.27226013183594,162.61639503479003,174.972373334942,172.83722365763373,168.71846353143448,55.78329725131094,2.9849060525732796,3.243299189491823,-0.2583931369185435,3.9825043159756657,172.71067962646484,183.41399473016017,162.0073645227695,3.7568739511041094,27.474301982509914
2024-11-21 05:00:00,166.66757202148438,173.13025284582125,162.7601278802168,172.90156244724747,59734400,175.41705017089845,172.95477066040038,166.52957397460938,162.7279981994629,173.46240945976788,172.24963778752428,168.63803641339723,43.86995127472276,2.130865854339987,3.020812522461456,-0.8899466681214689,-1.2430862549314137,172.95477066040038,182.79708548608338,163.1124558347174,4.384677866006555,33.004101734612334
2024-11-22 05:00:00,163.81405639648438,165.5043083073982,162.95899331574788,164.8978098993039,38604600,174.06585235595702,172.9294174194336,166.67473571777344,162.82349884033204,171.70816344826176,171.44624908361573,168.4488607264595,40.65604219902644,1.2098317932815519,2.6586163766254756,-1.4487845833439237,-6.656839409376847,172.9294174194336,182.8675196860526,162.99131515281462,4.416635463449144,33.214103629113936
2024-11-25 05:00:00,166.6874542236328,167.6618386099698,164.65917328191838,165.13641317917185,33135300,172.8031433105469,172.97564926147462,166.8654342651367,162.9180429840088,170.79530722560196,170.99303052552213,168.37978596164274,45.02363966885641,0.7036535744665855,2.2676238161936975,-1.563970241727112,-7.247583595398122,172.97564926147462,182.781094740304,163.17020378264522,4.571455651360755,33.662132091524825
2024-11-26 05:00:00,168.1490020751953,168.84499520108912,166.61785057482837,166.66756653684672,20486700,171.56031951904296,172.94780960083008,167.06030822753905,163.02718475341797,170.31416083461892,170.72217067311004,168.3707356131546,47.15412786055952,0.4156470655542819,1.8972284660658145,-1.4815814005115326,-5.17523131569706,172.94780960083008,182.8073119273817,163.08830727427846,4.219205359590488,33.198902930782715
2024-11-27 05:00:00,168.25839233398438,168.5069570042289,167.0553478258637,168.0297170852908,19266500,170.60085906982422,172.68781051635742,167.24762634277343,163.14872550964355,169.94038474359445,170.48752511700283,168.3663299943636,47.31868247649348,0.19399051009273194,1.556580874871198,-1.362590364778466,-6.16578669824035,172.68781051635742,182.76252562946675,162.61309540324808,3.998336379659238,31.50013970057699
2024-11-29 05:00:00,167.98001098632812,168.45725093330546,166.20029451813454,167.53259758783784,14257200,169.94166717529296,172.5804313659668,167.38304443359374,163.2649070739746,169.5839531513642,170.24871424741477,168.35118022934262,46.918288689978674,-0.004089810496111568,1.2444467377977362,-1.2485365482938477,-6.976089015751663,172.5804313659668,182.81455914393064,162.34630358800297,3.9592760181490587,30.787665971378335
2024-12-02 05:00:00,170.5054168701172,171.09202581712017,167.60218350894124,167.80103219947992,23789100,169.8422409057617,172.59037399291992,167.54013763427736,163.40943572998046,169.75149200931926,170.27316211624358,168.4356600976083,50.97132574135065,0.042222542284946485,1.0040018986951784,-0.9617793564102319,-4.131265757211833,172.59037399291992,182.81558278794105,162.3651651978988,4.052310553182585,31.274662809945063
2024-12-03 05:00:00,170.3562774658203,171.68858044714352,169.86910042539293,170.50542536954606,22248700,169.44851379394532,172.69477081298828,167.72884765625,163.5643765258789,169.86145300141035,170.2810778638223,168.51097842577346,50.72500349114933,0.06612882013493504,0.8164272829831298,-0.7502984628481948,-2.414851269314078,172.69477081298828,182.77580037110576,162.6137412548708,3.9621157195325662,30.946347584819776
2024-12-04 05:00:00,173.36888122558594,173.9057894087997,170.0778874212496,170.16736706139073,31615100,169.07566986083984,172.9249412536621,167.96906036376953,163.73140495300294,170.4991672239877,170.57515437446645,168.70148441792296,55.41234541531732,0.32442687256127556,0.7180272008987589,-0.3936003283374834,1.0899155408877093,172.9249412536621,182.83702283238318,163.012859674941,4.01680138692771,31.518870779096257
2024-12-05 05:00:00,171.64881896972656,175.04918185581036,171.3406012044101,174.35320380974355,21356200,168.74358825683595,172.73255310058593,168.19078033447266,163.88274169921874,170.70819481412207,170.6774081454436,168.8170661650525,52.3503371990712,0.3858870257319893,0.651599165865405,-0.2657121401334157,-1.5173996029941628,172.73255310058593,182.5836481888012,162.88145801237067,3.9578551983621884,28.27247995522785
2024-12-06 05:00:00,173.70692443847656,174.07479526094843,170.8732813965907,171.04230353586647,21462400,169.44752349853516,172.4322868347168,168.42900482177734,164.03673202514648,171.2534183821865,170.96593350668482,169.0088253130299,55.517682202184346,0.5938213480796151,0.6400436023082471,-0.04622225422863202,-1.9144254173397934,172.4322868347168,181.73864449264548,163.1259291767881,3.8768945389276257,27.163562259419678
2024-12-09 05:00:00,174.56297302246094,175.44887679032834,172.85088694703188,173.15947313956298,25389600,170.5224151611328,172.29413375854492,168.66009033203125,164.1956472015381,171.85515558950914,171.3085086986635,169.22663502712524,56.803845451997674,0.8182544352729337,0.6756857689011845,0.14256866637174925,-0.23241860639532375,172.29413375854492,181.37388245194816,163.21438506514167,3.852960625872701,26.889015660374184
2024-12-10 05:00:00,184.31785583496094,185.50238194938174,180.21682071285838,182.0085402477567,54813000,172.28545532226562,172.54429931640624,169.0484912109375,164.43502494812012,174.12110108868217,172.54749414021563,169.81844760782468,68.11685528510007,1.7629347771164419,0.8931355705442361,0.8697992065722058,10.590112761228276,172.54429931640624,182.65558315974593,162.43301547306655,4.257239102860534,33.39090374216639
2024-12-11 05:00:00,194.50079345703125,194.7098337526011,183.99935507018319,184.45722971599074,67894100,174.9206344604492,173.2404769897461,169.61788208007812,164.71882102966308,177.82649970110924,174.63828455134094,170.7863827391661,75.36879838209639,3.295292635567904,1.3735669835489697,1.9217256520189343,18.732664177654446,173.2404769897461,186.9556013465604,159.5253526329318,4.714055325317174,38.43821741036556
2024-12-12 05:00:00,191.07662963867188,194.28179760891206,190.8277801088796,194.10263323797517,34817500,177.20245819091798,173.9016586303711,170.141259765625,164.9978938293457,180.23561423521153,176.20384122632484,171.58207869600946,69.63323671052672,4.185152047584467,1.9358839963560692,2.2492680512283973,14.631680307695994,173.9016586303711,189.67376459007798,158.1295526706642,4.10430576950309,38.61405046771035
2024-12-13 05:00:00,188.94647216796875,191.84306905787375,188.7672926142497,190.13098313311997,25143500,179.29910430908203,174.6203857421875,170.62203430175782,165.25600112915038,181.81940658662194,177.41742512552904,172.26303530275297,66.25533450133,4.664714215489141,2.4816500401826835,2.1830641753064577,12.368476670157659,174.6203857421875,191.7709424491784,157.4698290351966,4.0591056079236285,38.138438474706675
2024-12-16 05:00:00,195.7550048828125,198.08423292115103,191.73358782946704,191.98243736831273,44934900,181.82406311035157,175.83315200805663,171.21511779785158,165.5546969604492,184.35315173138386,179.16386129288938,173.18428901177492,71.08369596105608,5.530411239214061,3.091402279988959,2.439008959225102,16.341896631372023,175.83315200805663,195.3250658879124,156.34123812820087,4.436961217901975,38.81162498726912
2024-12-17 05:00:00,194.52069091796875,200.4930793963414,194.082713332717,196.3422712265007,43504000,184.2405044555664,176.84450912475586,171.86464630126954,165.86601585388183,186.20179521985384,180.6264164952779,174.0210106551551,69.15192463029874,6.047175471555562,3.6825569183022804,2.3646185532532815,15.79990367651587,176.84450912475586,198.02586499945073,155.663153250061,4.735762749142235,38.916484811828475
2024-12-18 05:00:00,187.53298950195312,196.09341894237798,186.87603832190538,194.32161160052223,34166100,185.65691528320312,177.36629257202148,172.34658172607422,166.1457684326172,186.44383054387185,181.2841853530565,174.55089217855894,59.32307384414975,5.825710577992197,4.111187650240264,1.7145229277519336,9.986528841372078,177.36629257202148,199.08129473092956,155.6512904131134,5.290460709292764,41.391207728796985
2024-12-19 05:00:00,187.64248657226562,192.1416901461699,187.513095150107,190.748138909751,32265200,187.25628204345702,177.99993515014648,172.88081756591797,166.4323664855957,186.6617680035798,181.88973785012405,175.0642880371357,59.420406596585444,5.5945431418863905,4.407858748569489,1.1866843933169013,10.147092530777769,177.99993515014648,200.15559215113188,155.84427814916108,5.459863465070762,41.017432054284654
2024-12-20 05:00:00,190.52914428710938,192.00232914747002,184.3676279309519,184.925048408463,63462900,188.93850402832032,179.19301376342773,173.4684115600586,166.71861991882324,187.36492732785788,182.71253846317026,175.67075298811505,62.001784307898255,5.579948265872076,4.642276652030007,0.9376716138420695,9.898121819909921,179.19301376342773,201.3490978626626,157.03692966419285,5.755924815666418,36.40626164112369
2024-12-23 05:00:00,193.73434448242188,194.20218282242337,189.2749498878787,191.73358450411797,25675000,190.85564117431642,180.68902816772462,174.0970425415039,167.0157915496826,188.52300317414225,183.76223427452757,176.3791291251467,64.68782671527356,5.760609865590965,4.865943294742198,0.8946665708487664,12.866692381140421,180.68902816772462,202.51086216289835,158.86719417255088,5.97790716658028,35.4087010747728
2024-12-24 05:00:00,195.20751953125,195.20751953125,192.88824016493578,193.94335970742864,10403300,191.94460754394532,182.11503143310546,174.72093475341796,167.30912170410156,189.73836978452547,184.85226144183446,177.11749737636643,65.88160090220435,5.954024115811819,5.083559458956123,0.8704646568556962,12.377511813231434,182.11503143310546,203.8114385920883,160.4186242741226,5.870148407920575,35.253344037887494
2024-12-26 05:00:00,194.69989013671875,195.84459196860374,193.48550314170072,194.25194880473947,12046600,191.96451721191406,183.44257583618165,175.32473175048827,167.5957978820801,190.64046439401517,185.79013084134723,177.8070029748116,65.06534828521848,5.997212717807855,5.2662901107264695,0.7309226070813857,11.535617643076467,183.44257583618165,204.78720714372395,162.09794452863935,5.7737561347422,35.457668116789435
2024-12-27 05:00:00,191.87294006347656,194.42117206113832,189.77264937982267,194.05286442098586,18891400,192.04414825439454,184.62330322265626,175.87795532226562,167.86194213867188,190.86455087937176,186.36944600535955,178.35860835083767,60.565076213800694,5.737193950363093,5.3604708786537945,0.3767230717092982,4.098943205633043,184.62330322265626,205.02298008291365,164.22362636239887,5.897022341352082,36.25148159177623
2024-12-30 05:00:00,190.3599395751953,191.66390866604786,188.24968525874627,188.9265638700057,14264700,192.18549499511718,185.7422996520996,176.44526306152343,168.10410690307617,190.77280336952148,186.74949301201056,178.82924879100855,58.243195936801754,5.3473992195350775,5.357856546830051,-0.01045732729497395,-2.128965033117325,185.7422996520996,204.70244697558442,166.78215232861479,5.97025555288307,36.51148809384526
2024-12-31 05:00:00,188.4288787841797,191.07664159206533,187.64250571524292,190.20068633205602,17466900,191.4528823852539,186.63847274780272,176.9642056274414,168.3461376953125,190.3466352630957,186.90943451412193,179.2057048691721,55.32776828743286,4.827020729494393,5.251689383362921,-0.4246686538685278,-1.3857010454387364,186.63847274780272,204.20972152576527,169.06722396984017,5.434164620733185,36.82533952514888
2025-01-02 05:00:00,188.5582733154297,191.1164539742449,186.63716208422355,189.77266033181004,20370800,190.856640625,187.5485725402832,177.4728106689453,168.55658187866212,190.02147854533823,187.06646678091312,179.57247225922143,55.488548827512986,4.3746300719327,5.076277521076877,-0.7016474491441773,-0.20545440625848732,187.5485725402832,203.36706165939466,171.73008342117174,4.989079849847717,36.794989787971716
2025-01-03 05:00:00,190.9073944091797,192.32087307336826,189.10572628313417,190.489329030918,18596200,191.19408111572267,188.42549819946288,178.0071206665039,168.78199508666992,190.18255415694574,187.4322694121766,180.0169790102002,58.41478233658142,4.15773388819423,4.892568794500348,-0.7348349063061184,-2.476366045677758,188.42549819946288,202.8141260692824,174.03687032964336,4.995478879118211,36.60874453239637
2025-01-06 05:00:00,195.9640350341797,197.30782865396526,192.95794346331456,193.0873348986171,29563600,192.02623596191407,189.64125900268556,178.68949310302733,169.02421165466308,191.233732498261,188.24481851903403,180.6423537562386,63.91418052359398,4.343798137251582,4.782814663050595,-0.43901652579901285,0.7420003031038069,189.64125900268556,202.03154375286113,177.25097425251,5.232954436344035,36.91014819040972
2025-01-07 05:00:00,194.59039306640625,200.0750314967655,193.70448930563006,196.20293323603758,26487200,192.43236083984374,190.68543243408203,179.3455859375,169.2652131652832,191.84403441974194,188.84915895211708,181.18933568997068,61.53359060637131,4.330494720853068,4.69235067461109,-0.36185595375802215,3.7632864399997246,190.68543243408203,200.71697152767032,180.65389334049374,5.035295967626403,37.17773701394223
2025-01-08 05:00:00,193.05746459960938,195.38669258245946,191.49469743094454,191.683825506133,24864800,192.3646728515625,191.61015701293945,179.92031280517577,169.48282997131346,192.06465808880873,189.24994996616397,181.6547525099565,58.89716932291064,4.148436557139917,4.583567851116856,-0.43513129397693895,2.8857952834995704,191.61015701293945,198.20507478449449,185.01523924138442,4.855412331047154,37.50085534547927
2025-01-10 05:00:00,191.15625,195.61564455345277,189.4342154897214,193.40585949210492,26665200,191.9595458984375,191.95207672119142,180.42818145751954,169.69441200256347,191.8994929817526,189.43150235033883,182.0273602546641,55.7091356059446,3.806858921701888,4.428226065233862,-0.6213671435319741,0.32913899615569786,191.95207672119142,197.5955482234103,186.30860521897253,4.638558648422781,32.694134521619446
2025-01-13 05:00:00,190.13099670410156,190.30021256834414,186.4977995025927,189.19533519391976,21823700,191.50265655517578,191.73358688354492,180.85668548583985,169.89789237976075,191.57794820399783,189.49812086022098,182.34514991934793,54.01129168571511,3.4140715207975916,4.225395156346608,-0.8113236355490168,-1.8599426900516636,191.73358688354492,197.2994088936478,186.16776487344202,4.640691184233096,26.001033451669354
2025-01-14 05:00:00,188.78720092773438,191.09651654383717,187.44340746260227,190.3599316953501,17174900,191.19408264160157,191.61911544799804,181.16326202392577,170.09366203308105,191.07053960831357,189.43041419998417,182.5977793706572,51.78362321081612,2.9602279223071264,3.972361709538712,-1.0121337872315856,-3.288970946883951,191.61911544799804,197.33400464002742,185.90422625596867,4.35629174599858,25.370350093115075
2025-01-15 05:00:00,194.6501007080078,195.4563707355863,190.97707930364396,192.20141470890871,21776000,191.62309875488282,191.904296875,181.65371215820312,170.318448638916,191.72136889916706,189.92752720074833,183.07041942310235,59.61064880938064,3.0386133712345895,3.7856120418778874,-0.7469986706432978,-0.025572396921214047,191.904296875,197.62686684209748,186.18172690790252,4.480715808377669,27.36177648726248
2025-01-16 05:00:00,192.0222625732422,194.5804279448186,191.92271668187493,193.2465980564925,17815400,191.98243713378906,191.7176597595215,182.0880261230469,170.5074828338623,191.776076839908,190.1270258076525,183.42147209565687,55.279185490795946,2.855770286324855,3.599643690767281,-0.743873404442426,0.07782364189354851,191.7176597595215,197.14742914246173,186.28789037658126,4.509866141221859,24.6120046128385
2025-01-17 05:00:00,195.09800720214844,196.32234248434244,192.85836171130745,195.62556692490554,27735100,192.63641052246095,191.74652557373048,182.6246194458008,170.71650772094728,192.38006417849715,190.6004526071283,183.87937543316636,59.03148392891897,2.925331312290382,3.4647812150719015,-0.5394499027815196,2.4890045865356702,191.74652557373048,197.24474498549694,186.24830616196402,4.648508361521662,25.2234732857436
2025-01-21 05:00:00,197.1385955810547,201.3590737795005,196.9594160260543,198.15390588987137,29971300,193.25953063964843,192.22680587768554,183.19208190917968,170.93395027160645,193.24525170623488,191.22313289035938,184.39934485073059,61.348574457926155,3.109275561580233,3.393680084373568,-0.2844045227933347,4.622283406383176,192.22680587768554,197.85196793201584,186.60164382335523,4.743781634411375,21.4945562659822
2025-01-22 05:00:00,197.45712280273438,199.5574134711185,196.62099201618707,198.14394994474472,26200600,193.4088394165039,192.717537689209,183.63129272460938,171.1747555541992,194.01104645105298,191.81684621534748,184.9114145743386,61.71259386793335,3.243367665612766,3.363617600621408,-0.1202499350086419,4.719416088637085,192.717537689209,198.371144010629,187.063931367789,4.694722109425742,21.484919829755363
2025-01-23 05:00:00,197.06890869140625,199.37823954000908,194.30170322912596,197.22817603032425,26951400,193.6566909790039,193.04452590942384,183.9784259033203,171.40385040283203,194.56702140384448,192.31704264163878,185.38817904951773,60.95905321715497,3.2804954799412656,3.3469931764853795,-0.06649769654411397,3.2274885429635747,193.04452590942384,198.9174332692607,187.17161854958698,4.812036426144364,20.99699103528758
2025-01-24 05:00:00,199.28868103027344,199.9754930323733,197.08884431729592,197.18839021308668,23877500,194.27981262207032,193.3222427368164,184.4176788330078,171.6323905181885,195.4255049722861,192.9810082024611,185.93329677425325,63.68922634853086,3.449275515579018,3.3674496443041075,0.08182587127491026,1.6965592668643836,193.3222427368164,199.82412157227316,186.82036390135966,4.699700172640484,20.556590980289844
2025-01-27 05:00:00,190.92730712890625,195.97398278636885,189.85227535828872,191.5245520643281,41728900,194.25691833496094,193.1082321166992,184.64993408203125,171.8104454803467,194.60765081894428,192.78541762402733,186.12914031757296,49.61469189565718,2.8751984172878338,3.2689993989008532,-0.39380098161301946,-1.8824598068671983,193.1082321166992,199.63056576301761,186.5858984703808,5.10497202364378,25.528822442517697
2025-01-28 05:00:00,194.40126037597656,194.58042475121238,189.80251062684363,191.8629920734772,24157900,194.68394470214844,193.09330062866212,184.9264144897461,172.00815124511718,194.57012528385923,192.93930740992727,186.45353718260841,54.1484001236377,2.669781594549164,3.1491558380305156,-0.4793742434813515,0.6960599939267453,193.09330062866212,199.6016444192922,186.58495683803204,4.989077729328293,26.406389734760072
2025-01-29 05:00:00,194.51075744628906,195.88439657430914,192.5398581602494,194.66006109436606,18218300,195.2563003540039,193.22519149780274,185.25956970214844,172.1901885986328,194.55933113157374,193.0889693181522,186.76950660471354,54.28801860449395,2.487152435966351,3.0167551576176828,-0.5296027216513317,1.754851042688399,193.22519149780274,199.73631654658908,186.7140664490164,4.772934602394315,25.838915441403643
2025-01-30 05:00:00,199.94561767578125,200.47317747002577,196.76034669489817,197.08882990069444,24354700,195.78585205078124,193.70447540283203,185.76704345703126,172.4077313232422,195.53865595779328,193.74198344745022,187.28621684279466,60.686801271620126,2.749273399133415,2.9632588059208294,-0.2139854067874145,5.162030990114697,193.70447540283203,200.7192756641694,186.68967514149466,4.9208220932673,27.326670111685324
2025-01-31 05:00:00,203.0811309814453,204.5344037474068,200.87134591508243,201.0704225036096,32001100,196.89173889160156,194.4370880126953,186.39867248535157,172.6551840209961,196.91001505300272,194.63142606973548,187.90562524038882,63.83232427431836,3.1734344926747156,3.0052939432716066,0.16814054940310896,7.571450809942615,194.4370880126953,202.15706324159294,186.7171127837977,4.807061879545456,27.266760581457323
2025-02-03 05:00:00,200.303955078125,202.8123625387659,199.17916555521708,199.76644678798675,27838300,197.4123336791992,195.02437210083008,186.91888061523437,172.89103202819825,197.52709505757042,195.17166692767734,188.3918342536334,59.30612707844494,3.2480488444131765,3.0538449234999208,0.19420392091325578,2.9046244258555287,195.02437210083008,202.6477737204329,187.40097048122726,4.753027231604094,27.958472267889157
2025-02-04 05:00:00,205.43028259277344,206.09719755510824,201.8767037764101,202.4540365472158,43856400,198.2415023803711,195.75051651000976,187.48553985595703,173.14720558166505,198.96403824578914,196.14867794340077,189.06000869830555,64.33349846908186,3.678430387890586,3.178762016378054,0.4996683715125321,6.982534129039908,195.75051651000976,204.4179382962584,187.08309472376112,4.905893902728975,28.909529937281363
2025-02-05 05:00:00,190.4495391845703,191.86300280413045,187.16472209106553,190.19074112078758,70373900,197.54074401855468,195.47479171752929,187.79513793945313,173.3257975769043,197.4159475073857,195.60590282351217,189.11450008992378,46.32316156774152,2.778659412035978,3.0987414955096386,-0.32008208347366063,-2.382632239170779,195.47479171752929,204.45868653834344,186.49089689671513,5.7342075237186885,38.516227343770986
2025-02-06 05:00:00,190.71827697753906,191.21597601434,187.85152566522362,188.62793494754752,29297400,196.90568084716796,195.28118591308595,188.27615203857422,173.51525466918946,196.19818922923176,195.1404146477052,189.1773933012028,46.6119030438434,2.063482780112821,2.8916897524302754,-0.8282069723174543,-3.2567537496105747,195.28118591308595,204.50891125938253,186.05346056678937,5.779712261074652,38.46197224431423
2025-02-07 05:00:00,184.48707580566406,190.3001969256679,182.39674895869484,190.17080550398342,49315000,195.42552032470704,194.85266647338867,188.6896124267578,173.6626953125,194.06889587949217,194.12581094846317,188.99345928176993,41.092271331198596,0.9825678578569352,2.5098653735156073,-1.5272975156586721,-6.568538431519522,194.85266647338867,205.23850850542965,184.46682444134768,6.066958554484935,40.04831605183873
2025-02-10 05:00:00,185.6118927001953,187.33392723255807,185.00469922620795,186.4878479252447,23105600,194.89397888183595,194.57544860839843,189.06810119628906,173.8059412384033,192.53125893780182,193.31496159148526,188.86084882759053,42.41782129261679,0.21422882080585737,2.0507380629736573,-1.8365092421678,-5.813710578339726,194.57544860839843,205.6498720120237,183.50102520477316,5.823086043737931,40.03166173181361
2025-02-11 05:00:00,184.46719360351562,186.07973375626966,183.43197101543439,184.17851963260873,21239500,193.90057220458985,194.29225845336913,189.39446502685547,173.93914932250976,191.06506524065887,192.47231702120243,188.68854862272485,41.396914740100094,-0.48150258996136586,1.5442899323866528,-2.0257925223480187,-7.437194802100333,194.29225845336913,206.10993734577568,182.47457956096258,5.802467564159634,40.043865787382266
2025-02-12 05:00:00,182.7650604248047,184.25815769470228,180.9932528796119,182.37685574217417,22072600,192.72600250244142,193.99115142822265,189.68459838867187,174.0793684387207,189.5559734559581,191.54781639297406,188.45625496790447,39.860640370150115,-1.1568867968133532,1.0040545865466517,-2.160941383360005,-4.275054640869547,193.99115142822265,206.67458957771083,181.30771327873447,5.687996450803963,40.09313127338357
2025-02-13 05:00:00,185.28341674804688,185.42277188580212,182.2972222059454,183.47179995722882,21402500,191.25978240966796,193.5228172302246,190.03066650390625,174.15308311462402,188.7791449636106,190.95120690298097,188.33182993967478,43.21816026387904,-1.4719555507913071,0.50885255907906,-1.9808081098703672,-4.690218371164656,193.5228172302246,206.7824457581896,180.2631887022596,5.703636832153227,38.687769656172264
2025-02-14 05:00:00,184.37759399414062,185.54220800020582,183.4717932262479,184.20837813225802,20448400,189.3894287109375,193.14058380126954,190.30811004638673,174.251030960083,187.9788629691615,190.32514853071046,188.17676186337934,42.303320602532786,-1.7742892324156685,0.052224200780114305,-1.8265134331957829,-5.2095645429515836,193.14058380126954,207.00910705736595,179.27206054517313,5.177494625151311,38.47354224428335
2025-02-18 05:00:00,182.92430114746094,185.10422527431422,180.90364435146645,184.74588137416617,29916700,187.6514633178711,192.53189849853516,190.55947052001954,174.35842414855958,187.0598517288523,189.62030592278194,187.9707830117747,40.81070691487118,-2.1068727230825175,-0.3795951839924121,-1.7272775390901054,-8.512973040459915,192.53189849853516,207.0901421110414,177.97365488602892,5.136256539328384,37.941894191648075
2025-02-19 05:00:00,184.4174041748047,184.6065322377559,182.74512752374517,183.22292953180167,19549400,185.55017547607423,191.89583892822264,190.7804409790039,174.46792724609375,186.57940671902543,189.12479147059364,187.83143482208962,43.03455826496865,-2.2243259546364413,-0.748541338121218,-1.4757846165152233,-9.190281104129683,191.89583892822264,206.71587228080364,177.07580557564165,5.0303184178963125,37.842957241465776
2025-02-20 05:00:00,183.710693359375,184.4572420256199,181.87916427677797,183.9495944004591,20441500,184.87629089355468,191.2085174560547,191.02167846679689,174.5602099609375,186.05782247181625,188.60916307904898,187.66983711766943,42.225876008439606,-2.3473750648666964,-1.0683080834703138,-1.2790669813963826,-8.284040977762064,191.2085174560547,206.2164389380302,176.2005959740792,4.788579683975257,37.80320673233216
2025-02-21 05:00:00,178.83322143554688,184.48707519951907,178.25588873059436,184.29794713548316,35199200,183.68778533935546,190.2967330932617,191.12420440673827,174.62503044128417,184.74425864704,187.67812101776306,187.3233031693509,37.05101804419965,-2.8061164293140735,-1.4158697526390658,-1.3902466766750077,-12.947001202325259,190.2967330932617,206.0049666763062,174.58849951021722,4.905893998068054,38.6829240027027
2025-02-24 05:00:00,178.42510986328125,182.27729565940143,178.06676593885823,181.15250613186586,29854200,183.0815887451172,189.2535545349121,191.20144714355467,174.6835457611084,183.5953225045384,186.79688186019337,186.97435441225014,36.6463312028959,-3.1661065533289445,-1.7659171127770417,-1.4001894405519029,-6.313708803272988,189.2535545349121,205.2164835712647,173.2906254985595,4.927934304804838,38.24460397261494
2025-02-25 05:00:00,174.61273193359375,177.91746089820734,173.88609557732903,177.22067008112575,41913400,181.98167266845704,188.43782577514648,191.00734466552734,174.70737838745117,181.9621242189121,185.63648662908864,186.48958490328323,33.01826723021962,-3.7161904277506608,-2.1559717757717656,-1.5602186519788952,-8.444678349229251,188.43782577514648,205.6584725736261,171.21717897666684,4.838346576874051,36.26968587148819
2025-02-26 05:00:00,171.93511962890625,175.26970953461128,170.79041782229913,174.26436286262216,35431300,180.72846527099608,187.31451873779298,190.55603118896485,174.7270962524414,180.13903247527466,184.3315945338332,185.91882155919,30.718022128361326,-4.31841677614446,-2.5884607758463045,-1.7299560002981553,-6.803704878481486,187.31451873779298,205.7830187803711,168.84601869521487,3.853613091917211,35.46742500211583
2025-02-27 05:00:00,167.72459411621094,173.75670468511518,167.16717356296937,173.1893356179125,39991000,179.22441864013672,185.97521057128907,190.08899047851563,174.7228852081299,177.8818618645358,182.7499754464406,185.20532244377907,27.476462959673796,-5.076916186569463,-3.086151857990936,-1.9907643285785266,-9.636935609980746,185.97521057128907,206.06060963308565,165.8898115094925,4.083976004276457,35.975110141628534
2025-02-28 05:00:00,169.4963836669922,169.82486685567105,166.00254187779413,167.90374066525882,48130600,177.64571533203124,184.4527488708496,189.6999887084961,174.73402954101562,176.35722946498242,181.48772861030267,184.58928562900311,30.786348549862524,-5.471986174315134,-3.5633187212557758,-1.9086674530593584,-8.115703201242885,184.4527488708496,204.69487343367587,164.21062430802334,3.7626043584930784,34.21384713579866
2025-03-03 05:00:00,166.24143981933594,172.57217267061702,165.1664079930538,171.13879690224084,40770500,175.83209991455078,182.61076431274415,189.10971740722655,174.72646919250488,174.51799498395576,180.03570110640106,183.86976226391815,28.236787913865157,-5.978808765959457,-4.046416730196512,-1.9323920357629447,-9.040907801011066,182.61076431274415,202.4153844406257,162.8061441848626,4.088241019255165,33.23822641815622
2025-03-04 05:00:00,170.13345336914062,172.49254217135646,165.03701959982106,165.47499722472898,45388000,174.55301513671876,181.10223922729492,188.62197265625,174.7324181365967,173.7208055994439,179.09262989332865,183.3310834837308,35.15219815487322,-5.9972834048307675,-4.436590065123363,-1.560693339707404,-8.176642920778798,181.10223922729492,199.7974706919205,162.40700776266934,4.431652435733745,35.20533693073305
2025-03-05 05:00:00,172.22378540039062,172.98028249678805,168.2820021982634,169.73529012314535,30954900,173.33365325927736,179.4419143676758,188.31578857421874,174.7380576324463,173.44862010870693,178.43845422733455,182.89550316673706,38.575784706911435,-5.776662593421349,-4.704604570782961,-1.0720580226383882,-6.591803445561961,179.4419143676758,194.60433434724604,164.27949438810555,4.519105262492382,33.816291475126256
2025-03-06 05:00:00,171.55686950683594,174.0055403400316,169.71537693678601,169.7452376648565,28302000,172.11827087402344,178.49728088378907,187.99407623291015,174.73208099365235,173.1046654538213,177.78306520633467,182.4508508663488,37.88850425991669,-5.591181885467648,-4.881920033719899,-0.7092618517477494,-6.214281847364478,178.49728088378907,193.11651574925588,163.87804601832227,4.602291957020157,23.77604054474395
2025-03-07 05:00:00,173.05990600585938,174.16479845161754,169.48643064283362,170.47186499407138,27385800,171.5409393310547,177.61436233520507,187.64469146728516,174.72429656982422,173.09652737237366,177.33324052057512,182.08257851887862,40.46298370250042,-5.262244722499588,-4.957984971475837,-0.3042597510237508,-6.158582602203754,177.61436233520507,191.22396444096694,164.0047602294432,4.788574316650586,24.182789064794353
2025-03-10 04:00:00,165.2968292236328,167.87789100205225,163.12436954047675,167.6785699397653,43604000,170.22811126708984,176.65485000610352,187.0759411621094,174.67343208312988,171.67840043623897,176.18691563515205,181.4243138406337,32.882012191317756,-5.5638386005512075,-5.079155697290911,-0.48468290326029617,-10.023294670017368,176.65485000610352,190.9146586955281,162.39504131667894,5.198213998260219,26.340436593721222
2025-03-11 04:00:00,163.47315979003906,166.17380218640486,160.81238769070245,164.34016388069963,39587400,169.11415405273436,175.54791336059571,186.44125396728515,174.60883712768555,170.18653850056623,174.9760817451413,180.72034701512018,31.39398676544721,-5.882202435886313,-5.2397650450099915,-0.6424373908763217,-8.58904264107534,175.54791336059571,190.30843932266475,160.78738739852668,5.448214696952481,26.05381246841502
2025-03-12 04:00:00,166.53256225585938,167.06072965689114,162.96493090148982,166.0043948548276,28372400,168.5738983154297,174.65118179321288,185.87790740966796,174.56682899475098,169.5221791833468,174.17193703187635,180.16396329907076,36.57911433079073,-5.820544247654482,-5.35592088553889,-0.4646233621155922,-6.665288095680355,174.65118179321288,189.30894637560874,159.99341721081703,5.556623340278151,27.51425940514698
2025-03-13 04:00:00,162.19757080078125,165.55593597038603,161.54982298434425,165.4662354123983,31756200,168.0211959838867,173.62280731201173,185.28440002441405,174.51717987060547,168.1904322046985,173.0315212003435,179.45939888737314,32.79674196133577,-6.051716845910391,-5.49508007761319,-0.5566367682972011,-7.11011218674138,173.62280731201173,188.76177144230778,158.48384318171568,5.467448540463181,28.489408327535376
2025-03-14 04:00:00,164.91815185546875,165.91469633780176,161.88864811378173,162.70582188820455,31995900,167.56337280273436,172.60454406738282,184.77556427001954,174.47399284362794,167.59547214120218,172.25881935797446,178.88915390572984,37.186515246631785,-5.9468431353846825,-5.585432689167488,-0.3614104462171941,-4.081171891224122,172.60454406738282,187.1698823704804,158.03920576428524,5.454271290711525,28.78061280231562
2025-03-17 04:00:00,163.7222900390625,165.72535422603255,163.10443731189008,164.45973844695973,31184300,167.31145782470702,171.5717788696289,184.2814324951172,174.41783432006835,166.89125721354043,171.44581656569713,178.29437493056642,36.0711533477334,-5.892303214938181,-5.646806794321627,-0.2454964206165542,-2.386235661047642,171.5717788696289,185.5391527509608,157.604404988297,5.317264335582258,28.784570296453243
2025-03-18 04:00:00,160.11480712890625,163.68243835584954,156.17845929337233,163.11440067725707,42074800,166.3095932006836,170.43130416870116,183.7125631713867,174.3461178588867,165.65917537997058,170.3666728098123,177.58145070305034,32.86844462850439,-6.070200167934871,-5.7314854690442765,-0.3387146988905947,-5.534971505066344,170.43130416870116,184.21943461675232,156.64317372065,5.5361599808235455,29.35527798310926
2025-03-19 04:00:00,163.3236846923828,165.2968386316175,160.44367156873926,161.20103994792456,34275600,165.41958312988282,169.3766181945801,183.16088897705077,174.3092404937744,165.23454070950007,169.69591203672377,177.02232262420065,38.13063571518878,-5.884423215299535,-5.762073018295328,-0.12235019700420668,-1.7551310492281647,169.3766181945801,181.82182088146237,156.9314155076978,5.435624293721077,30.424131667983232
2025-03-20 04:00:00,162.23745727539062,164.32023175461748,160.4038189359583,161.0117117252994,28138500,164.48764190673828,168.30295639038087,182.486357421875,174.26499786376954,164.68961644875287,168.98558301183488,176.44252398307086,37.07130852861788,-5.7584631379202165,-5.761351042220306,0.002887904300089339,-4.641060260275776,168.30295639038087,179.1428582787763,157.46305450198545,5.4423448537769525,30.415427663151423
2025-03-21 04:00:00,163.42335510253906,163.6724912535671,160.33406074736575,160.65296231959232,36625800,163.52398681640625,167.53246307373047,181.86301666259766,174.22336219787599,164.45938711307764,168.45584702047336,175.93196834069707,39.06178477332177,-5.49955141999672,-5.708991117775589,0.20943969777886906,-5.109880889792362,167.53246307373047,177.36465856983287,157.70026757762807,5.151820984393963,29.751680777208477
2025-03-24 04:00:00,167.1005859375,167.7383890591239,164.56936942432435,166.492708348571,30879100,163.70436248779296,166.96623687744142,181.34387908935548,174.19703819274903,164.9396050811544,168.32677453638064,175.58563961900308,44.88346695358727,-4.940687056783474,-5.555330305577167,0.6146432487936924,-2.5975547246496977,166.96623687744142,175.35566438405067,158.57680937083217,4.927500369040351,31.2409707525657
2025-03-25 04:00:00,169.9706268310547,170.04039224469534,167.7383768915496,168.3960847024039,24174400,164.35410919189454,166.73413162231446,180.92016662597655,174.17703063964845,165.854336308409,168.48333189777819,175.36544303908354,48.9803023732261,-4.217577104845276,-5.287779665430789,1.0702025605855132,-1.7850923683617959,166.73413162231446,174.46373107175225,159.00453217287668,4.801895083945401,31.245686629557177
2025-03-26 04:00:00,164.4896240234375,169.02390429945322,164.27038302856647,168.41601157841293,28901600,164.14981536865236,166.36185684204102,180.4073391723633,174.12307228088378,165.6062068020505,168.1029787668886,174.93894033258763,42.4855253981429,-4.040205405161203,-5.038264813376872,0.9980594082156697,-0.48833677208849346,166.36185684204102,173.74623051690637,158.97748316717568,4.902615112462732,32.80117889421207
2025-03-27 04:00:00,161.67938232421875,164.84838647984,161.44020617422274,164.06112302928733,24508300,164.0979965209961,166.0595962524414,179.86518280029296,174.06631958007813,164.892238715172,167.49120767711054,174.41895766559279,39.58708336809487,-4.079375571954273,-4.846486965092353,0.7671113931380802,-1.097291731636063,166.0595962524414,173.69957303194388,158.4196194729389,4.811887433665114,32.228356657418786
2025-03-28 04:00:00,153.79672241210938,161.26084657481337,153.0991442674789,159.9354404969839,48669300,162.98585357666016,165.27461318969728,179.048115234375,173.96643020629884,162.87487211461516,166.18697098520568,173.61024255761305,32.82291288388353,-4.69239201388973,-4.815667974851829,0.12327596096209881,-7.647657413799203,165.27461318969728,174.49126303856534,156.05796334082922,4.715080404476345,35.91733756962984
2025-03-31 04:00:00,154.10565185546875,155.00253588696825,150.13940872047658,152.58093987828155,54603500,162.0241897583008,164.6678237915039,178.28978302001954,173.8600922393799,161.280468431134,165.03636916332596,172.84535664772503,33.30389915442903,-5.0945570539541905,-4.871445790672301,-0.22311126328188902,-4.988927334338056,164.6678237915039,175.13022353285896,154.20542405014885,4.679488452389863,35.56108275522105
2025-04-01 04:00:00,156.52725219726562,157.55369181763876,153.0891615011919,153.0891615011919,30672900,161.66543426513672,163.98751373291014,177.51836791992187,173.7600537109375,160.4162472977034,164.22597707132022,172.20543098300115,37.105380439342085,-5.15840989791883,-4.9288386121216075,-0.2295712857972223,-5.08791759051287,163.98751373291014,174.71949204994363,153.25553541587666,4.705826421035973,34.88579824813412
2025-04-02 04:00:00,156.49734497070312,157.86262130532444,154.1654344397735,154.61387643325034,25041700,160.98280029296876,163.2011917114258,176.70554290771486,173.67292266845703,159.70371960188515,163.48991687126144,171.58942760996985,37.07727317661263,-5.152037518552305,-4.973478393407747,-0.17855912514455774,-4.412926954928109,163.2011917114258,173.69413032960782,152.70825309324377,4.614001249181389,34.39438477645555
2025-04-03 04:00:00,150.19918823242188,152.25206746912303,149.87032672274708,150.58783997911712,46883400,159.7789733886719,162.13330764770507,175.76038421630858,173.5462084197998,157.97562298925544,162.22413319137198,170.75059469320328,31.64150631451504,-5.590749297104651,-5.096932574147129,-0.4938167229575221,-6.192818187328197,162.13330764770507,173.3668156023145,150.89979969309564,4.799784822319675,36.64862185110645
2025-04-04 04:00:00,145.09689331054688,150.54799324363788,144.8776522919314,147.49855413182192,62259500,157.94632720947266,160.73515701293945,174.7209439086914,173.39174842834473,155.63403577494478,160.59296748843624,169.7445671880011,28.05332665017535,-6.277777786352459,-5.333101616588196,-0.9446761697642634,-11.159919283088527,160.73515701293945,173.14197124779744,148.32834277808146,5.017600825002818,37.439183483337736
2025-04-07 04:00:00,146.24290466308594,152.3218321659185,140.04439668677543,141.06087632952463,76794100,155.86055908203124,159.7824607849121,173.66002838134764,173.25369262695312,153.92655739097043,159.22629483840288,168.82293336349463,29.97413294574578,-6.653086634006712,-5.5970986200718995,-1.0559880139348126,-9.858729840147006,159.7824607849121,173.56442352178698,146.00049804803723,5.355715448820882,35.265485384780085
2025-04-08 04:00:00,144.19998168945312,151.7139355045659,142.5357542501846,150.69745588802078,52200200,153.2834945678711,158.8188018798828,172.7254818725586,173.09941497802734,152.15808908160363,157.79521739564578,167.857327415493,28.512763828711584,-7.03428159078905,-5.8845352142153295,-1.1497463765737201,-11.762929111952413,158.8188018798828,174.1251231477843,143.51248061198132,5.641154716797315,35.33786298263094
2025-04-09 04:00:00,158.16159057617188,158.99868434001036,143.41272834835817,143.9209605893895,70406200,152.65069122314452,158.40025329589844,172.0006884765625,172.99841285705565,153.24963480788875,157.83011007950543,167.47710244140197,47.39036298582018,-6.139029277181834,-5.935434026808631,-0.20359525037320303,-5.349469788616745,158.40025329589844,173.27002238275915,143.53048420903772,6.474693514868243,50.2971284310767
2025-04-10 04:00:00,152.29193115234375,157.17499290712513,149.41190307502956,155.99906254121734,48022000,151.71194610595703,157.90497131347655,171.1563119506836,172.8700980377197,153.07550687051693,157.3026644673948,166.88160552810558,42.32951112959049,-5.835895261559273,-5.9155262737587595,0.07963101219948676,-10.401029876934553,157.90497131347655,172.9015221424819,142.9084204844712,6.861211871649742,51.1428024819786
2025-04-11 04:00:00,156.5970001220703,157.1251674838408,152.29193584419684,152.37164602184413,33636200,151.99197387695312,157.48891372680663,170.28933959960938,172.7394284057617,153.71577837079934,157.23545833926866,166.4782876690454,46.81561785916437,-5.188466866987255,-5.770114392404459,0.5816475254172033,-4.798250314100416,157.48891372680663,172.12357020530553,142.85425724830773,6.898226327000614,51.87970226824616
2025-04-14 04:00:00,158.52032470703125,161.16116127961118,157.015532933999,159.44710369836886,30333000,152.43344116210938,157.22881546020508,169.3981234741211,172.61912002563477,154.5893322501142,157.35782656476985,166.16621069014286,48.73428714058892,-4.468666968542323,-5.509824907632032,1.0411579390897092,-1.9539025766764584,157.22881546020508,171.5791564783543,142.87847444205588,7.014251673453866,52.084818811804745
2025-04-15 04:00:00,155.76988220214844,159.09833747842598,154.6736922783896,158.58014524074957,27551500,152.35770416259766,157.01156921386718,168.50744201660157,172.47746337890624,154.8039776959386,157.20659376832972,165.75851153375095,46.169194956946875,-4.073204718371926,-5.222500869780011,1.1492961514080848,1.282966086072923,157.01156921386718,171.30940846586077,142.71372996187358,6.923137487564448,51.86134878003953
2025-04-16 04:00:00,152.8001708984375,155.35132240030543,150.98645259897873,152.57096991980188,28187400,151.98798675537108,156.48539352416992,167.45483978271486,172.33714317321778,154.43964918730205,156.7869344473876,165.25034131275828,43.506514819644224,-3.9538513817153955,-4.968770972167088,1.0149195904516928,-0.8471337302123239,156.48539352416992,170.57824233698278,142.39254471135706,7.021369580246765,51.62643634709168
2025-04-17 04:00:00,150.63766479492188,154.14549035907424,147.98685287180376,153.75683862644127,33046600,152.0318344116211,155.9054039001465,166.65860229492188,172.1818399810791,153.74837929777837,156.20128971858134,164.67729517480393,41.624000418670384,-3.9877904067610928,-4.772574859085889,0.7847844523247964,-3.7626594217097242,155.9054039001465,169.95622725869273,141.85458054160026,6.848398110998953,51.76849230521011
2025-04-21 04:00:00,147.15972900390625,148.43530478654532,145.59516199807078,148.36555457655837,26049100,152.23811798095704,155.09222259521485,165.7874313354492,171.99797653198243,152.5504428807107,155.34018869813607,163.99033179555306,38.72204212230677,-4.246378077441875,-4.667335502757087,0.42095742531521196,-5.966628998431189,155.09222259521485,169.19346358888512,140.99098160154458,6.861210656024626,52.07297519599631
2025-04-22 04:00:00,150.94659423828125,151.66410748339032,148.02671099242252,148.37550764431742,26971800,152.70848693847657,154.2845230102539,165.11662170410156,171.83016792297363,152.2588340366326,154.92175113053085,163.47881267566004,43.35296458360843,-4.0984973668007,-4.55356787556581,0.4550705087651101,0.49760988368514614,154.2845230102539,167.29829393784402,141.2707520826638,6.864056953384428,52.30921087772792
2025-04-23 04:00:00,154.81320190429688,156.98566172409713,153.27851478210604,155.07229801307963,31128800,153.76980895996093,153.52665176391602,164.5006478881836,171.65796112060548,152.7232645580261,154.91141310898476,163.13898480227326,47.69913765297668,-3.6274825532908324,-4.368350811110815,0.740868257819983,6.696427726370713,153.52665176391602,164.25967882616945,142.7936247016626,7.031334140546209,52.85742045325702
2025-04-24 04:00:00,158.72959899902344,159.03852534598082,155.2516533895316,155.61041000027018,45894000,153.82660980224608,153.2386505126953,163.98589599609375,171.51313095092775,153.81532536548016,155.275049860417,162.96606771194973,51.73814923012762,-2.904695879271685,-4.075619824742989,1.170923945471304,8.538324894944015,153.2386505126953,162.99801726167024,143.47928376372036,6.859784511526773,52.74629358500047
2025-04-25 04:00:00,161.40036010742188,165.52605388757996,160.4835257508864,164.49961422965615,56034000,154.7374526977539,153.22469940185547,163.55860198974608,171.38190284729004,155.19442259128772,155.85841274108412,162.90466741373297,54.32842071606046,-2.0922559080252086,-3.678947041399433,1.5866911333742246,11.928141887709277,153.22469940185547,162.9339304321087,143.51546837160225,6.940221221301777,52.77101910637688
2025-04-28 04:00:00,160.05499267578125,162.5862086975955,158.05194395622814,161.86869553111612,29745800,155.083251953125,153.53761291503906,163.0540335083008,171.23302558898925,156.07816260665018,156.25808702057907,162.79291546322506,52.79134731057483,-1.539208250934223,-3.2509992833063914,1.7117910323721683,1.1971314228137464,153.53761291503906,163.71649655503117,143.35872927504695,6.387137597174942,49.631631412941424
2025-04-29 04:00:00,159.60658264160156,160.18458031932272,156.97570557414937,159.76603342291708,26809000,155.19187774658204,153.8126594543457,162.55861328125,171.10975814819335,156.7196935220959,156.57699136543835,162.6679612349261,52.260632406381376,-1.124138570744151,-2.8256271407939435,1.7014885700497926,4.803045987998322,153.8126594543457,164.347240664734,143.2780782439574,5.960758560802944,49.666654403459816
2025-04-30 04:00:00,158.2512664794922,158.7196436016194,154.86300612354924,157.43409270690867,34981100,155.4400161743164,153.89886016845702,162.06515258789062,170.98219650268555,156.99816133253157,156.7364461382054,162.49475751902676,50.60471194085702,-0.8942472208974266,-2.43935115681464,1.5451039359172136,1.056384449339598,153.89886016845702,164.55448643989112,143.24323389702292,5.186302884117239,49.53672176907006
2025-05-01 04:00:00,160.74264526367188,161.39039316416392,158.3609043039561,159.8955762805081,30203200,156.23426361083983,154.11112518310546,161.59165740966796,170.85984329223632,157.67897659273888,157.11798891205933,162.42604723450305,53.52021026044683,-0.5051995968277083,-2.052520844817254,1.5473212479895455,1.4019152185991368,154.11112518310546,165.14705126025405,143.07519910595687,4.785548540083626,49.80813337763087
2025-05-02 04:00:00,163.4632110595703,164.39996542535462,161.31067105386134,162.84535826769726,25715000,157.51681823730468,154.7743263244629,161.18670776367188,170.76405075073242,158.73065558670822,157.72229578325087,162.46672032568216,56.53703953035656,0.022392247308005153,-1.637538226392202,1.6599304737002072,4.938906513030528,154.7743263244629,166.3989096244133,143.14974302451247,4.701554527954032,47.48822532737388
2025-05-05 04:00:00,163.642578125,164.81849332954616,162.15772135408076,162.436752596043,21341800,159.16510314941405,155.70161056518555,160.88289489746094,170.68355270385743,159.6237324118522,158.28613219675077,162.51283239624365,56.73641751860884,0.44980098229410714,-1.2200703846549403,1.6698713669490475,7.09580831147707,155.70161056518555,167.03082765394464,144.37239347642645,4.565598157805785,45.2856883479863
2025-05-06 04:00:00,162.66595458984375,164.23053675483612,160.63301049910467,161.6096198520829,21277200,160.3370391845703,156.52276306152345,160.5677117919922,170.6147039794922,160.17686371694154,158.7032581389501,162.51883718814955,55.250271482231646,0.7016321481277998,-0.8357298780983924,1.5373620262261922,7.98491520118636,156.52276306152345,167.33423018205053,145.71129594099637,4.506518233212576,45.49214440148777
2025-05-07 04:00:00,150.85693359375,164.42986682579297,147.32915702645502,163.513047574886,127490100,159.94141235351563,156.8556106567383,160.0925958251953,170.4869591522217,158.48233096727034,157.95598913464534,162.061507635428,41.197986208487364,-0.05109020480347226,-0.6788019434394084,0.6277117386359361,2.512375236669273,156.8556106567383,166.4060538379444,147.3051674755322,5.386323961510308,52.99740151615163
2025-05-08 04:00:00,153.74688720703125,155.39117958130052,152.37165090458322,154.46440047734652,57498700,159.4431411743164,156.63487548828124,159.7288311767578,170.353755569458,157.6213411926814,157.55512228439636,161.73544408921637,44.89192299002008,-0.4097101052735468,-0.6249835758062361,0.2152734705326893,1.8551547869503526,156.63487548828124,166.2619883111241,147.00776266543838,5.270295997244596,40.390433923045755
2025-05-09 04:00:00,152.22218322753906,154.5142387821615,151.67408067225014,153.6372746936992,32435300,158.52532348632812,156.63138809204102,159.41878295898437,170.21233268737794,156.63967610811005,157.04722332660043,161.36237503581725,43.34483863359598,-0.8076398592164651,-0.6615148324882819,-0.14612502672818317,-1.6736419406657155,156.63138809204102,166.26517321947122,146.99760296461082,5.112985662463187,38.27265538240147
2025-05-12 04:00:00,157.91246032714844,158.5502482480448,155.7100901217978,156.94581087118723,44138800,158.31107025146486,156.69716110229493,159.1871044921875,170.14483787536622,156.87109142066248,157.12962685046213,161.2270842629283,50.23741077118915,-0.6562790732004373,-0.660467680630713,0.004188607430275715,-0.5147991786207617,156.69716110229493,166.34790492089996,147.0464172836899,5.243248986821876,39.280625431027
2025-05-13 04:00:00,158.97874450683594,160.01515931291138,155.62039437316713,158.24129609505388,42382100,158.24828643798827,156.72008209228517,159.0418505859375,170.10923568725585,157.25430107269403,157.30573329392632,161.13891407641486,51.429848023003785,-0.4451528923501087,-0.6174047229745921,0.17225183062448346,-1.5003780654356702,156.72008209228517,166.39121392682765,147.0489502577427,5.125798804959617,39.11333560627913
2025-05-14 04:00:00,164.79855346679688,166.4229258122212,159.0584628171564,159.40725946266062,48755900,158.90301513671875,157.17151565551757,158.93515258789063,170.10412269592285,158.62598332616727,158.0193352151521,161.28242934662592,57.42630057740845,0.18959058965029385,-0.45600566044961494,0.6455962500999088,2.9637068558208135,157.17151565551757,167.4779186907549,146.86511262028023,5.355717223795425,40.52267180364212
2025-05-15 04:00:00,163.39344787597656,165.6356730691148,161.80893051621783,165.26694125278715,33146700,159.16809539794923,157.70117950439453,158.75854583740235,170.0794235229492,159.4927950624962,158.53115546856395,161.36521438699262,55.6402293780625,0.5726479647173619,-0.2502749354162196,0.8229229001335815,2.372624719920502,157.70117950439453,168.14952000679665,147.2528390019924,5.143594914105457,39.92516480020267
2025-05-16 04:00:00,165.61572265625,168.76480673115492,165.04768502743337,167.15039440077075,42846900,159.3833465576172,158.45008239746093,158.63972290039064,170.06206245422362,160.6060546249969,159.20587615310546,161.53190098578705,57.87191553443508,1.0435137200798295,0.008482795682990207,1.0350309243968392,4.65364754455988,158.45008239746093,168.91382213191056,147.9863426630113,5.203387350806243,39.49574329121573
2025-05-19 04:00:00,165.96450805664062,166.06416858529283,163.65253281131433,163.94152401470697,30426100,159.61553955078125,159.39032135009765,158.49781494140626,170.0402395629883,161.58031888529572,159.8495553820136,161.7057287140558,58.22712409754122,1.428357079211736,0.29245765238873933,1.1358994268229967,3.2485858276147805,159.39032135009765,168.92022234167254,149.86042035852276,5.146441710006611,38.103001311026155
2025-05-20 04:00:00,163.41336059570312,167.91774593119885,162.337090725838,165.8548915457752,46607700,159.69028015136718,160.01365966796874,158.46014556884765,170.00953338623046,161.91359919627888,160.18896540236497,161.77269467019883,54.600752610562694,1.510084619206566,0.5359830457523047,0.9741015734542613,-0.030496442315097738,160.01365966796874,168.82164187767782,151.20567745825966,5.206233044814362,38.11758996154214
2025-05-21 04:00:00,167.9775390625,172.54171471286378,162.9948165454298,163.1243721968136,73416000,161.4023406982422,160.6718765258789,158.55023315429688,170.02200325012208,163.01613371740999,160.93073432237784,162.01602190126948,59.464732124379225,1.9210012348534633,0.8129866835725365,1.108014551280927,2.6490421913230255,160.6718765258789,169.80505768377816,151.53869536797964,5.663931007868807,38.29804507607443
2025-05-22 04:00:00,170.27955627441406,176.15917803179707,170.12012070875053,171.25618084668935,74864400,163.05560760498048,161.24937438964844,158.62517303466797,170.08277168273926,164.33675600050162,161.82109831780986,162.34008207276534,61.69389455827837,2.404689400941976,1.1313272270464245,1.2733621738955514,4.680513327922697,161.24937438964844,171.28180845758075,151.21694032171612,5.987096636984115,37.67386026045181
2025-05-23 04:00:00,167.88784790039062,169.3727046333075,167.30985028367255,168.47580548761593,35211400,164.62217407226564,161.57374877929686,158.73897857666014,170.13634780883788,164.9824090732087,162.39888399234135,162.55764151698594,58.11785288975149,2.565451946805041,1.418152170998148,1.147299775806893,11.289447492353254,161.57374877929686,172.03700169281177,151.11049586578196,6.009163352360981,37.85052400313738
2025-05-27 04:00:00,172.30255126953125,172.5716225630013,169.4125780788469,169.57202886061165,37995700,166.0611831665039,162.18612670898438,158.8866665649414,170.20877029418946,166.31334401799458,163.34209039969278,162.93979484061518,62.44503999947678,3.01433965809008,1.7373896684165344,1.2769499896735454,12.06896893952296,162.18612670898438,173.6599306528427,150.71232276512606,6.086752524280927,38.55587481580181
2025-05-28 04:00:00,171.764404296875,174.66435233443565,171.31596232961738,172.56164290870063,34784000,167.33974914550782,162.79401779174805,159.04750885009764,170.26316108703614,167.30444588688192,164.14421553275776,163.28585795654695,61.60942173071125,3.2887517570549107,2.04766208614421,1.2410896709107009,12.83795873570186,162.79401779174805,174.9597813415412,150.6282542419549,5.104443967529521,38.56354617732058
2025-05-29 04:00:00,171.26614379882812,173.81729536660228,170.04039828273065,173.39874848808273,29317300,167.98650817871095,163.44476165771485,159.2705355834961,170.30691856384277,168.02475459814488,164.82249441524064,163.5988103425188,60.79819748654175,3.4265210625871134,2.3234338814327904,1.103087181154323,8.456383646999587,163.44476165771485,175.97429343434877,150.91522988108093,5.050347617266744,38.37466519383601
2025-05-30 04:00:00,171.1465606689453,171.61493780799663,166.86141620850907,170.75790891590938,52639900,168.7618194580078,163.9649574279785,159.42699310302734,170.35692924499511,168.59235570192678,165.424786439403,163.89480055139828,60.591988713782214,3.4858719091235457,2.5559214869709415,0.9299504221526043,7.6537377369879644,163.9649574279785,176.88008721959073,151.04982763636627,5.187016437950758,38.164348934419536
2025-06-02 04:00:00,168.44593811035156,169.28303195267003,166.8116055203689,167.2600475640349,38612300,169.04484100341796,164.21409378051757,159.55116271972656,170.38415283203125,168.56573432164035,165.71251516996952,164.07327653410232,55.97470161652042,3.2772125459337644,2.7001796987635065,0.5770328471702579,2.213238263823447,164.21409378051757,177.2798288258212,151.14835873521395,5.044651447098665,38.3943994058118
2025-06-03 04:00:00,165.6057586669922,167.89781407143477,164.70887469424017,166.91124474262,45084900,169.00896606445312,164.3122528076172,159.59481079101562,170.41599182128905,168.02755692988612,165.70234788397167,164.133373872647,51.527589573672145,2.849818815235807,2.730107522057967,0.1197112931778399,1.353977665429329,164.3122528076172,177.38940202553547,151.23510358969892,4.997672766839175,38.962064850422266
2025-06-04 04:00:00,167.4693145751953,167.63872532387313,165.78515185366567,166.1638436483944,26900800,169.41456146240233,164.55242080688475,159.60218536376954,170.45253143310546,167.92605831994234,165.87063042599297,164.26419507666853,54.10415393045378,2.631149340098517,2.710315885666077,-0.07916654556755987,1.1192125295933497,164.55242080688475,177.678604589062,151.42623702470752,4.611157434803153,39.03963944587343
2025-06-05 04:00:00,167.62875366210938,170.339340657981,167.0108857444217,169.7513830642687,36379100,169.3796829223633,165.39101181030273,159.55534790039061,170.48162673950196,167.8720029276091,166.03807073419452,164.3961385506074,54.327837973546615,2.442561281438799,2.6567649648206215,-0.2142036833818226,1.0027719932148127,165.39101181030273,176.87319099699124,153.90883262361422,4.575565460564748,27.481325658627654
2025-06-06 04:00:00,173.07984924316406,173.897023068816,170.239706414102,170.239706414102,35731800,169.6597122192383,166.35765991210937,159.72715240478516,170.5195585632324,168.8188840758918,166.70871630647733,164.73667622482532,61.27661830443694,2.7018168797645785,2.665775347809413,0.036041531955165684,5.9153600490333025,166.35765991210937,176.9315751546716,155.78374466954713,4.639630499959624,28.74697197748309
2025-06-09 04:00:00,175.69395446777344,176.07310468622353,173.97782168090652,174.14743750903665,28935900,170.44032287597656,167.5312484741211,160.00744384765625,170.56802894592286,170.0688968744157,167.56445327421983,165.16637341082327,64.09762515178953,3.0826800373417598,2.7491562857158827,0.3335237516258771,4.593718569958538,167.5312484741211,176.60283499546532,158.45966195277688,4.681174762036837,28.26663932745277
2025-06-10 04:00:00,178.19833374023438,180.70268325607967,174.5166301339373,175.80372221831115,61766100,171.02990112304687,168.5455421447754,160.49547607421874,170.6356243133545,171.54697630456454,168.57720379479264,165.67743067864333,66.60744329459926,3.5457263843881037,2.908470305450327,0.6372560789377766,4.650456953892235,168.5455421447754,177.62512918870272,159.46595510084808,4.724417470378374,26.11759555472335
2025-06-11 04:00:00,176.9511260986328,179.96432281914957,176.3524694759701,179.3656814209572,31646800,171.54857330322267,169.44416122436525,160.95238555908202,170.70716117858888,172.52954899439513,169.37472020468218,166.11953638138803,64.20042000462865,3.7686124981640603,3.080498743993074,0.6881137541709861,5.39841228033342,169.44416122436525,178.08390633238898,160.8044161163415,4.300485697217338,26.531091699866927
2025-06-12 04:00:00,175.30484008789062,176.32255032681226,174.3569797237004,175.78375628436552,20941900,171.95244293212892,169.96947555541993,161.32793731689452,170.7614309692383,173.03414737503064,169.9394935268925,166.47974436987832,61.06358940403998,3.7689635608277,3.2181917073599995,0.5507718534677006,1.7424517491113178,169.96947555541993,178.69706594031763,161.24188517052224,3.901379083334149,24.30338666542631
2025-06-13 04:00:00,174.27716064453125,176.73163473712606,172.00228964381978,172.05218023736916,27663100,172.2655029296875,170.51366119384767,161.6835336303711,170.80788124084472,173.2601497876671,170.35260468095333,166.78552540025686,59.1216450920492,3.6443073316970356,3.303414832227407,0.3408924994696285,1.4629086613971776,170.51366119384767,178.86389865351404,162.1634237341813,4.027067590660203,24.1507475013837
2025-06-16 04:00:00,176.3724365234375,176.5420523549515,174.25719419482596,174.33701609632743,27389200,173.0581527709961,171.05149688720704,162.2069985961914,170.8721558380127,173.82602010326173,170.92592199928515,167.16148269920512,61.78974797480795,3.6722561415877806,3.3771830940994816,0.295073047488299,2.981495706826509,171.05149688720704,179.45889730575266,162.64409646866142,3.855716411911264,24.068165165046395
2025-06-17 04:00:00,175.5542755126953,176.96110799729416,174.1873615915514,175.30483777675101,24973000,174.0530044555664,171.53098526000977,162.8161462402344,170.94142486572267,174.1402483595224,171.36671757199088,167.49061182914593,60.13912266605286,3.5870378790602047,3.4191540510916263,0.16788382796857837,2.5754036929062085,171.53098526000977,179.80968578776418,163.25228473225536,3.814670440548728,24.22958712883935
2025-06-18 04:00:00,172.93020629882812,176.16290971424257,172.81046582918458,175.6141436330853,28707500,174.59909362792968,172.006827545166,163.3498922729492,171.00288597106933,173.92024071212342,171.5156212602611,167.70392925932956,55.05892089816721,3.270066050856201,3.3893364510445414,-0.11927040018834045,2.6621408855456385,172.006827545166,179.36365270783958,164.65000238249243,3.7843523549191826,24.18752816707021
2025-06-20 04:00:00,166.2652130126953,173.94789206625825,165.08787423262584,173.55876981570484,75659900,174.46273956298828,171.92121124267578,163.79119689941408,171.02307846069337,172.52841749404558,171.01558237954055,167.64750901436352,44.724648152417686,2.4527802133312946,3.2020252035018926,-0.749244990170598,0.3982073757647475,171.92121124267578,179.5116211475643,164.33080133778725,4.077673514500958,26.480026541289696
2025-06-23 04:00:00,164.81846618652344,166.96362443515676,161.63563852290417,165.89603893694584,57671000,173.63660125732423,171.64815673828124,163.9243344116211,171.06592475891114,171.12660816540517,170.42538083734843,167.5365661583698,42.84477893770292,1.6690946369623418,2.8954390901939826,-1.2263444532316408,-1.582886032223907,171.64815673828124,179.8550962029637,163.4412172735988,4.1486042833349694,26.090953602818523
2025-06-24 04:00:00,166.3949432373047,167.84167918331357,165.75638318822968,166.5445998017471,40524300,172.70670013427736,171.57351150512696,164.2063946533203,171.12117141723633,170.26630545120508,170.04152963734427,167.49179663205354,45.531401761697964,1.1618337975679651,2.548718031668779,-1.386884234100814,-0.7360374624580723,171.57351150512696,179.94986549596823,163.1971575142857,4.097614967669165,25.930765766312643
2025-06-25 04:00:00,170.29612731933594,171.97235685648238,167.17317715297744,167.25299905707695,35479000,171.9164794921875,171.4731903076172,164.48037719726562,171.19200172424317,170.27172760904705,170.0657770356292,167.60177038449598,51.59505051613629,1.0623725105969015,2.2514489274544034,-1.1890764168575019,-1.6083454752246817,171.4731903076172,179.86083320944886,163.08554740578552,4.350789750690361,25.559843031657937
2025-06-26 04:00:00,173.1497039794922,173.29937576602373,169.5578094698184,172.0421997468365,31796700,171.53633728027344,171.54245529174804,164.77296478271484,171.30847694396974,170.79499604003706,170.35948436361616,167.81933640782918,55.497605253705196,1.1999759365938587,2.0411543292822945,-0.8411783926884357,-1.4481149883548983,171.54245529174804,179.96303870227732,163.12187188121877,4.380297706593647,26.250113886176614
2025-06-27 04:00:00,178.12847900390625,178.27813555923768,171.3437693802371,173.14969619543672,108140200,171.818701171875,171.88557205200195,165.22013671875,171.45983825683595,172.12835657892236,171.09938861507237,168.22361650963614,61.35225633338012,1.691277187552231,1.971178900936282,-0.2799017133840509,-0.03920055528126021,171.88557205200195,180.80331718472087,162.96782691928303,4.427876047471789,28.044630881167382
2025-06-30 04:00:00,175.83364868164062,180.82240351749414,174.1873656755976,180.3734186271616,63378900,171.97434997558594,172.11992645263672,165.68080627441407,171.59997413635253,172.80204605214385,171.5502705261741,168.52204914383242,57.59138952100068,1.8738626184351688,1.9517156444360595,-0.07785302600089072,-0.6315175504276294,172.11992645263672,181.20075737038982,163.03909553488361,4.688003361674437,28.53594208415752
2025-07-01 04:00:00,175.44451904296875,175.6939567742825,173.139716841545,175.3447530851258,35904500,171.88155822753907,172.46985549926757,166.176943359375,171.72573593139649,173.2824956868393,171.92115133729737,168.79351855164168,56.95384738101397,1.9645176416154015,1.954276043871928,0.010241597743473552,0.07967775162858182,172.46985549926757,181.49377455736638,163.44593644116875,4.438566127242526,27.84397521186328
2025-07-02 04:00:00,178.2382354736328,178.45774190844105,174.67627237146584,175.1452013282233,29128900,172.14995422363282,173.10147933959962,166.79851348876954,171.84791770935058,174.1835392844381,172.52277839790074,169.16389960740605,60.347695954451375,2.236016561463515,2.0106241473902458,0.22539241407326926,2.2728594007684455,173.10147933959962,181.86716850079833,164.3357901784009,4.450681569656508,27.296375594815313
2025-07-03 04:00:00,179.12623596191406,179.26592049305205,176.65181774269593,178.098553649012,21689700,172.7695571899414,173.68432540893554,167.3621063232422,171.96076904296876,175.08221140761555,173.15167911828294,169.55457946444557,61.38971742127225,2.4940853659770426,2.1073163911076054,0.3867689748694372,1.5613547631126767,173.68432540893554,182.42334170128188,164.9453091165892,4.452107025043915,27.160404801726905
2025-07-07 04:00:00,176.3923797607422,178.89674433224096,175.28487562232132,178.65727862884938,34175600,173.7822738647461,174.12250671386718,167.7936898803711,172.0569683074951,175.32042383545675,173.46031727470765,169.8227284956729,56.46965597785668,2.4497680045653567,2.1758067137991555,0.27396129076620124,0.4774046348909655,174.12250671386718,182.45232606392125,165.79268736381312,4.388679542635805,27.9609079799103
2025-07-08 04:00:00,173.9678497314453,177.54977185383785,172.42133277200756,177.4500058972594,40442500,174.69721221923828,174.16690673828126,168.09845489501953,172.13478103637695,175.07450127109104,173.50865369915886,169.98528226962475,52.45457036620253,2.1937190381072753,2.1793891786607795,0.014329859446495785,0.6000359652749809,174.16690673828126,182.4827804159525,165.85103306061,4.591792465614716,26.18282065824637
2025-07-09 04:00:00,176.2227783203125,179.03644347316074,172.3814460707259,174.85586430994886,43025600,175.67999572753905,174.1933479309082,168.39490325927736,172.2214324951172,175.28327891640402,173.76714175831634,170.229889957887,55.615405426240756,2.14799156961692,2.1731096568520076,-0.02511808723508757,5.988964935711993,174.1933479309082,182.5329943555663,165.8537015062501,4.86902467966415,26.033757397759327
2025-07-10 04:00:00,177.22052001953125,178.02869585837095,173.98781666417247,175.2350053597822,29252400,176.3724349975586,174.14445724487305,168.73821380615234,172.30148956298828,175.63550457151806,174.0960349260511,170.5040323132456,56.978264644547735,2.1672785994311425,2.171943445367835,-0.004664845936692252,7.524674946903409,174.14445724487305,182.39624672042703,165.89266776931908,4.918198630317042,25.596966631765195
2025-07-11 04:00:00,179.7847442626953,181.0219456842772,176.08308157759498,176.39238193299045,34282900,177.03593902587892,174.28613815307617,169.14177703857422,172.38715950012207,176.38991178809573,174.63781676763625,170.8679818014593,60.348075831397075,2.3622446894875395,2.210003694191776,0.15224099529576351,8.046999965795054,174.28613815307617,182.8328656690182,165.73941063713414,4.638116221249171,25.96689315591411
2025-07-14 04:00:00,181.1516571044922,183.2569121837853,179.27588047712075,180.60289104600895,32536600,177.3382568359375,174.57847900390624,169.59978485107422,172.4883139038086,177.25568366380418,175.2581825140035,171.271263185892,62.0543512368921,2.5971172125014164,2.287426397853704,0.3096908146477122,6.374501849240621,174.57847900390624,183.6554533633539,165.50150464445858,4.54190520656431,25.776636032692213
2025-07-15 04:00:00,181.59066772460938,183.80567598843865,181.1915734457722,182.3988435351607,33448300,177.91395874023436,174.94415435791015,170.01674530029297,172.5894760131836,178.04386258395056,175.861276343585,171.67594571682207,62.61083123655783,2.7865581593449917,2.387252750151962,0.3993054091930297,4.874951300013164,174.94415435791015,184.54421006323506,165.34409865258525,4.5155341985040485,25.618661779975742
2025-07-16 04:00:00,182.55848693847656,183.91542879782378,181.62059863833602,182.82788394956327,33104200,178.62535552978517,175.25345687866212,170.3986508178711,172.69945434570312,178.86470337568255,176.49910592405087,172.1027120392399,63.86881120444565,2.980429856589666,2.505888171439503,0.4745416851501627,2.4869734246555586,175.25345687866212,185.42865676090014,165.0782569964241,4.283201873792385,25.386780906056877
2025-07-17 04:00:00,183.1671142578125,183.64603043273615,180.07408034072432,181.73035050857078,31992600,179.1182434082031,175.63409881591798,170.78914154052734,172.806311416626,179.6469598997062,177.13415433679006,172.53661016545843,64.6737581186003,3.14691009094102,2.6340925553398065,0.5128175356012137,4.1706838430280335,175.63409881591798,186.40860582022307,164.8595918116129,4.271086430635707,25.274111956067763
2025-07-18 04:00:00,184.64378356933594,186.00072543502688,183.2968289565469,184.98301522964096,34014500,179.6699981689453,176.21977767944335,171.2286981201172,172.91448684692384,180.5554732941843,177.84935712084203,173.01140127933596,66.61699991306438,3.3592780818399604,2.7791296606398372,0.5801484212001231,5.243403770347577,176.21977767944335,187.63011920872952,164.80943615015718,3.9781753590795494,24.506120242233422
2025-07-21 04:00:00,189.67245483398438,189.86201471908177,185.73132654425748,185.83110772544197,45803100,180.99800567626954,177.3901397705078,172.00500854492188,173.0383600616455,182.21310630142068,178.9753664268556,173.66477592853786,72.22102747157629,3.88852845386279,3.001009419284428,0.8875190345783621,6.415132718278649,177.3901397705078,189.2925208861708,165.4877586548448,3.876974881068784,20.34596668601152
2025-07-22 04:00:00,190.90966796875,191.21896833519165,187.03840453704987,191.0693117786785,44660200,182.6921875,178.69469985961913,172.74826416015625,173.16275215148926,183.79429933184417,180.1119665737027,174.34104620462463,73.40398050166671,4.357564654045831,3.272320466236709,1.085244187809122,6.578283713470845,178.69469985961913,190.51448556909872,166.87491415013955,3.9831628780720814,19.519862609700343
2025-07-23 04:00:00,189.8021697998047,192.09700016081177,188.75452819755446,191.06931784155387,58681900,184.0501266479492,179.86506118774415,173.49986389160156,173.28722427368163,184.8866394169279,181.03484307142668,174.94736477698464,70.5094263274026,4.5870368697258925,3.535263746934546,1.0517731227913467,7.602250197685123,179.86506118774415,191.18162380768186,168.54849856780643,3.951805908520803,20.053427669068576
2025-07-24 04:00:00,191.73777770996094,197.5047763656739,190.57041105035847,196.5868474168703,74881700,185.5018524169922,180.9371437072754,174.1763702392578,173.4213744354248,186.1323009247521,182.05417017985852,175.6058123429837,72.54698958502144,4.868956337866848,3.8020022651210064,1.0669540727458418,10.214489634692336,180.9371437072754,192.49675109395514,169.37753632059565,4.315270466771738,19.113632594880205
2025-07-25 04:00:00,192.74551391601562,193.8929365997576,190.82983399147875,191.54821586623893,39785900,186.7979293823242,181.91693420410155,174.85170562744142,173.55459785461426,187.3347032868,183.07239339282586,176.27795750271045,73.57081477750131,5.114735945151239,4.0645490011270535,1.050186944024185,9.376049880266034,181.91693420410155,194.0070352881484,169.82683312005472,4.259680628820746,18.68766729302315
2025-07-28 04:00:00,192.14688110351562,193.61357622809174,190.41078895772904,193.2144667106556,38139500,187.89745178222657,182.61785430908202,175.3986721801758,173.7051109313965,188.209644708021,183.93663031765345,176.9002682321538,71.85646273053128,5.201256541939273,4.291890509289497,0.9093660326497757,8.422479000930227,182.61785430908202,195.3893993744657,169.84630924369833,4.122134070858776,16.736083451721452
2025-07-29 04:00:00,195.30975341796875,195.47936925683575,191.64800916549822,191.99721287217557,41389200,189.2693603515625,183.59165954589844,176.03699829101564,173.86447860717774,189.50057356437512,185.01978489863586,177.62220882767593,75.15109886944032,5.462078658046522,4.525928139040903,0.9361505190056194,8.635331779090683,183.59165954589844,197.13206030305608,170.0512587887408,3.9204456914946815,16.07363454177889
2025-07-30 04:00:00,196.08799743652344,197.155598285003,194.2521393007246,195.1600963397073,32445400,190.6223114013672,184.62383346557618,176.6464437866211,174.04026512145995,190.6982869956748,186.07390037843467,178.34635740057192,75.89873023840528,5.666262703108714,4.753995051854465,0.9122676512542487,8.24521319361471,184.62383346557618,198.68648689827543,170.56118003287693,3.8392013907861053,15.837477655477429
2025-07-31 04:00:00,191.46839904785156,195.54921195775628,190.66022322341527,195.26984291287636,51329200,191.4524398803711,185.28534164428712,177.15652160644532,174.19185989379883,190.83830736879784,186.58766215647438,178.8609472690927,63.655657056900225,5.3931481922736,4.881825679938292,0.5113225123353073,5.439558897499186,185.28534164428712,199.3279228085386,171.24276048003563,3.8741235412451016,18.422228177128
2025-08-01 04:00:00,188.70465087890625,190.40082452841267,187.39759950913643,188.60486968944682,34832200,191.85852661132813,185.7642623901367,177.66234741210937,174.32386917114258,190.45036982518118,186.78928013003932,179.24697486163438,57.66284158321467,4.897239269255863,4.884908397801807,0.01233087145405598,3.3666821211664644,185.7642623901367,199.573806752097,171.95471802817642,3.8805355292487156,19.494168700960177
2025-08-04 04:00:00,194.60133361816406,194.830827292421,189.69240089649873,189.86201672672937,31547400,192.3514144897461,186.67471008300782,178.19482330322265,174.47681129455566,191.2050905148144,187.53328522414643,179.84910657757672,65.19229238350732,4.923288288607182,4.892584375962882,0.030703912644299614,6.242506689414573,186.67471008300782,200.28217740135523,173.06724276466042,4.128546781360735,20.766086116456446
2025-08-05 04:00:00,194.23216247558594,197.41499022677854,193.45391800516853,194.27208103659058,31602300,192.68366394042968,187.68792572021485,178.6738754272461,174.62542190551758,191.75546723495466,188.17127353380732,180.4131479853418,64.4198502193397,4.858141665174145,4.885695833805135,-0.02755416863099036,5.192906428203381,187.68792572021485,200.29238366606904,175.08346777436066,4.245426149103279,19.74812390225441
2025-08-06 04:00:00,195.64898681640625,196.18778087351924,193.23443126184418,194.0625664055758,21562900,193.26834564208986,188.65923614501952,179.2290982055664,174.78260803222656,192.46337988612765,188.88343670357867,181.0106318610698,66.0809158189197,4.864760449898313,4.881508757023771,-0.01674830712545816,3.1509751838520783,188.65923614501952,200.5154245852254,176.80304770481365,4.201240400507795,19.569481266105175
2025-08-07 04:00:00,196.07801818847656,197.09571318148866,193.8929412029117,196.6167969951023,26321800,193.7023696899414,189.60211105346679,179.70460754394531,174.95302536010743,193.12058685019107,189.56863494023563,181.60150975626223,66.58956559639066,4.848731966757384,4.874953398970494,-0.026221432213109352,2.70722288437093,189.60211105346679,200.59605732178,178.60816478515358,4.227609029176553,19.600025461360122
2025-08-08 04:00:00,200.96697998046875,202.15430596097147,196.72653874979915,196.77642933858343,39161800,194.5245162963867,190.66122283935547,180.2886590576172,175.14545150756837,194.54720378296884,190.65419161073402,182.36093996113308,71.78242642561594,5.170920483694687,4.934146815915333,0.23677366777935394,5.8823406457577665,190.66122283935547,201.75377850936616,179.5686671693448,4.288898787944343,20.587701386646916
2025-08-11 04:00:00,200.54794311523438,201.02685931355308,198.62229106869012,200.48808049350347,25832400,195.3646224975586,191.63103713989258,180.87429504394532,175.33255111694336,195.6382472979262,191.59645365878166,183.07415577109782,70.76716789124112,5.330992073428064,5.013515867417879,0.317476206010185,4.594903263456218,191.63103713989258,202.6139651402087,180.64810913957646,4.162041962710142,20.753233912384395
2025-08-12 04:00:00,202.88267517089844,204.04006993048975,200.1388600495838,200.91710457512625,30397900,196.12191467285157,192.69563751220704,181.5090173339844,175.5260050201416,196.95541600210296,192.67133189803087,183.85096045344295,73.05394193015195,5.581898672976649,5.127192428529633,0.45470624444701624,5.2593500356640455,192.69563751220704,203.7084551330893,181.68281989132478,4.2019518139707595,20.848603414794642
2025-08-13 04:00:00,201.5057830810547,204.06999503609887,197.06577929471834,203.6709007567403,28342900,196.6636932373047,193.64300231933595,182.17021423339844,175.72430686950685,197.78275547100327,193.512708201176,184.5433064388395,69.59625420105537,5.605028991120037,5.222759741047714,0.3822692500723228,4.870701998278659,193.64300231933595,204.23592014608704,183.05008449258486,4.152066755078711,21.311048877839184
2025-08-14 04:00:00,202.4835662841797,203.9801926061093,200.777405578413,201.04680257921203,25230400,197.7652099609375,194.60882492065429,182.9077703857422,175.92779594421387,198.63744834612623,194.36707563765253,185.24684604061756,70.65832712061952,5.6372758606711955,5.305662964972411,0.33161289569878427,3.673043839678991,194.60882492065429,204.6900961228181,184.52755371849048,4.162044213608529,21.301789562374967
2025-08-15 04:00:00,203.44140625,205.97570210941166,200.82730371462006,203.39153088363753,34931400,199.23888549804687,195.5487060546875,183.6272122192383,176.12339736938478,199.51089523773965,195.23129760073323,185.9603582056914,71.70119757731048,5.674706928269046,5.379471757631739,0.29523517063730687,3.750055541189856,195.5487060546875,205.214675125595,185.88273698378,4.301016436782021,21.27337822325705
2025-08-18 04:00:00,203.0423126220703,204.80833601681928,202.0345896716843,203.74073522255918,18526600,200.0829833984375,196.2171989440918,184.3354833984375,176.30979484558105,200.15297112579975,195.97520379324152,186.63023877103961,70.57564222999076,5.607527709734313,5.425082948052254,0.18244476168205903,6.044816602517367,196.2171989440918,206.02034781514317,186.4140500730404,4.225472597767554,19.680688156023837
2025-08-19 04:00:00,201.11666870117188,202.98245812812408,199.51028904350812,202.57337657986534,24240200,200.77143402099608,196.7275489807129,184.89621978759766,176.47184921264648,200.3281888667765,196.4648671178063,187.19833406241736,65.25300536589543,5.337378348705386,5.407542028182881,-0.07016367947749558,6.577483789856631,196.7275489807129,206.42951820721228,187.0255797542135,4.270370068787822,20.1670767982828
2025-08-20 04:00:00,198.87171936035156,200.82730262485018,196.15783565803162,200.27853657760338,28955500,201.0937072753906,197.18102645874023,185.35977508544923,176.59891593933105,200.06337622924468,196.69409114090584,187.65611387802264,59.608861544285325,4.8858137640309,5.303196375352485,-0.4173826113215853,2.1944277887461006,197.18102645874023,206.35344203908036,188.0086108784001,4.236874270932972,20.55236318241765
2025-08-21 04:00:00,199.30075073242188,202.02460654215824,198.9814631231269,199.30075073242188,19774600,201.41598052978514,197.55917510986328,185.78182342529297,176.74478172302247,199.92471704800417,196.94234443533594,188.11276630368536,60.31532159243126,4.510569782766964,5.144671056835381,-0.6341012740684162,2.6095514729560065,197.55917510986328,206.40447813946614,188.71387208026042,4.171309102582368,20.34569450780618
2025-08-22 04:00:00,205.62648010253906,208.07096677186306,200.84725997228378,202.27403645691825,42827000,201.88193054199218,198.20322341918944,186.3553305053711,176.92138130187988,200.96140123973777,197.76940497506956,188.79957860952277,68.94103046254183,4.66978929383427,5.049694704235159,-0.3799054104008883,5.099690751527142,198.20322341918944,207.43989168690203,188.96655515147685,4.360169075862828,22.91502196582143
2025-08-25 04:00:00,208.02110290527344,210.04653613391585,204.81831562838462,205.96572314134983,29928900,202.6292465209961,198.99693450927734,187.00965576171876,177.12014511108399,202.24498336074424,198.7457571588985,189.55336387602281,71.46915120645284,4.932340994246658,5.026223962237459,-0.09388296799080109,6.09098604072833,198.99693450927734,208.75574292159968,189.238126096955,4.450679667571486,22.96304456852178
2025-08-26 04:00:00,206.67413330078125,207.38254318133843,205.23736948208096,207.0432962842493,28464100,203.00839233398438,199.56515350341797,187.65759521484375,177.30968841552735,203.05028334984186,199.50084060098257,190.22476659856235,68.11075574903303,4.97438431251058,5.015856032292083,-0.041471719781503324,2.8398462876175756,199.56515350341797,209.73476502746948,189.39554197936647,4.438564225537015,22.76472285818032
2025-08-27 04:00:00,207.01336669921875,208.4401585010209,205.18748059977113,205.2373711930947,23022900,203.55915069580078,200.11142196655274,188.27041381835937,177.4672723388672,203.77084395881946,200.21631927700506,190.8831430730979,68.51206838461576,4.977697447635336,5.008224315360733,-0.030526867725397366,3.2238792797138593,200.11142196655274,210.66122190412514,189.56162202898034,4.442128934299357,22.765503397184776
2025-08-28 04:00:00,211.16400146484375,211.74269881815906,206.43465668224866,206.7838755896793,32339300,204.42719421386718,201.09620208740233,188.98260833740235,177.6245310974121,205.11505441446022,201.25895567584683,191.67847085316635,72.99076363481774,5.254672079561999,5.057513868200987,0.1971582113610122,4.081830194209313,201.09620208740233,211.92237558254325,190.2700285922614,4.387254245971893,21.279993981758313
2025-08-29 04:00:00,212.43115234375,214.167229203444,209.72724064780297,210.0365409975429,39728400,205.3261688232422,202.28252716064452,189.7726272583008,177.80005668640138,206.44525403796743,202.32297440612334,192.49230149985593,74.19738123934873,5.512875954408031,5.148586285442396,0.3642896689656352,5.421863876879729,202.28252716064452,212.57827862955787,191.98677569173117,4.53264141102747,20.003744508699214
2025-09-02 04:00:00,210.8746795654297,211.20392399730977,205.73625278986853,207.9712205067108,47523000,206.10940551757812,203.0961944580078,190.66481658935547,177.95785736083985,207.25060413386964,203.13742251653346,193.2131790710549,70.0573020874642,5.528184569713062,5.224505942296529,0.3036786274165326,4.144095955655636,203.0961944580078,213.40812037200382,192.78426854401178,4.732190673382864,18.150224931025008
2025-09-03 04:00:00,230.1412353515625,230.78976737242826,224.28442698424496,225.7012467158241,103336100,209.0118621826172,204.89164810180665,191.97127197265624,178.20567733764648,211.41253708254106,205.70921421510766,194.66133814087874,82.82924041111394,7.014112469832014,5.582427247803627,1.4316852220283867,13.124087959140574,204.89164810180665,220.06423574131236,189.71906046230094,5.654395820927009,35.74020309891061
2025-09-04 04:00:00,231.7775421142578,231.84737676203946,225.60146147412655,229.13349303754427,51684200,212.3024444580078,206.6980758666992,193.27892395019532,178.47530006408692,215.11526527012592,208.1919121102648,196.1168755515995,83.47397306199278,8.228899683532461,6.111721734949394,2.117177948583067,14.152335599956146,206.6980758666992,225.42405617714593,187.9720955562525,5.871762125228195,35.741258255966564
2025-09-05 04:00:00,234.47146606445312,235.22975128240526,231.37843212445287,231.677760445174,46588900,215.81951599121095,208.61774826049805,194.56243072509767,178.77479774475097,218.63457450545815,210.69472677256846,197.62097714033888,84.50548316184687,9.301779329227486,6.749733253805013,2.5520460754224725,16.584800046007775,208.61774826049805,230.3845450138682,186.8509515071279,5.779113608311109,35.668859112257486
2025-09-08 04:00:00,233.72247314453125,237.8069358559837,233.3529799966882,235.15054099905157,32474700,218.62911529541014,210.25552291870116,195.77388610839844,179.0859117126465,221.37782880347143,212.88784547466014,199.03672208167978,82.95514856698027,9.976602644017817,7.395107131847574,2.5814955121702425,17.524238185435912,210.25552291870116,234.3980195579829,186.11302627941942,5.89912857360829,35.4209048037231
2025-09-09 04:00:00,239.30490112304688,240.14375784585562,232.91357479962468,233.85230194861487,38061000,221.7574951171875,212.1933708190918,196.99741455078126,179.4109684753418,224.63729649793967,215.40375553641127,200.61586635781183,85.14292949928074,10.836938781880264,8.083473461854112,2.7534653200261516,20.07225273543196,212.1933708190918,239.1166922010096,185.27004943717398,6.163282821298915,35.65802467701904
2025-09-10 04:00:00,238.84552001953125,241.33214736167037,237.5273187664355,238.5758820575914,35141100,224.9746337890625,213.99151306152345,198.25765197753907,179.71970947265626,227.22060986550176,217.63630453480366,202.11506846219297,84.18533479119223,11.350847647652927,8.736948299013875,2.613899348639052,16.155039905573922,213.99151306152345,243.01814894427045,184.96487717877645,6.080853932162815,35.85433251079202
2025-09-11 04:00:00,240.0438995361328,241.9213539288796,235.92949376965038,239.55457404217233,30599300,228.2776870727539,215.91841888427734,199.54963958740234,180.04508079528807,229.55211707834377,219.77036120159693,203.60247360234746,84.66971815826005,11.71972563614787,9.333503766440675,2.386221869707196,15.394013484026958,215.91841888427734,246.52858445601072,185.30825331254397,6.283637716264424,35.43248158236764
2025-09-12 04:00:00,240.4733123779297,241.75157459718335,237.67710805902945,240.04388783032,26771600,231.2086181640625,217.81790618896486,200.79434112548827,180.4141094970703,231.53778895099575,221.74207083743815,205.04838884844872,84.84879593790689,11.909429635754236,9.848688940303386,2.06074069545085,16.35385064272128,217.81790618896486,249.60983536089637,186.02597701703334,5.948227037601048,35.49684015626104
2025-09-15 04:00:00,251.26864624023438,252.06756394348793,244.32807821701437,244.32807821701437,58383800,235.09236755371094,220.20926818847656,202.23718933105468,180.85138244628905,235.12521754903912,224.55412563770446,206.8609479618521,88.48915677819323,12.783504363655254,10.435652024973761,2.347852338681493,21.377981647589262,220.20926818847656,254.54153972623288,185.87699665072023,6.402943541888691,37.67290817551975
2025-09-16 04:00:00,250.8192596435547,252.696698721273,249.13154999644232,251.73800966841424,34109700,239.08682556152343,222.59811553955078,203.72572692871094,181.27204147338867,237.97867974804194,227.05556697159494,208.58480332191888,87.54617525316571,13.28679128106586,11.00587987619218,2.280911404873679,18.77936480821665,222.59811553955078,258.5131717800509,186.68305929905065,6.458758920577135,37.66513152762717
2025-09-17 04:00:00,249.19146728515625,251.25866627901078,245.94587648389523,250.87917693990602,34108000,240.99184875488282,225.00185546875,205.23019927978515,181.6772537994385,240.01736839115364,229.16374795383888,210.17722151655565,84.05215395161159,13.39983558627523,11.484671018208791,1.915164568066439,17.304578229619437,225.00185546875,261.2964918521134,188.7072190853866,6.605909770138977,37.46491360116552
2025-09-18 04:00:00,251.68807983398438,253.64542748570952,249.46110945180462,251.338548569648,31239500,242.98290252685547,227.64267349243164,206.7395053100586,182.09440223693846,242.13931592621375,231.30892241861466,211.80509831331756,85.03843826780628,13.534858358225875,11.89470848621221,1.6401498720136658,19.354338962203954,227.64267349243164,263.61655335750453,191.66879362735875,6.544903917613468,36.5440852619543
2025-09-19 04:00:00,254.3744354248047,255.65269769422878,251.4683796180924,252.90642848071656,55571400,244.97319946289062,230.39635772705077,208.28258361816407,182.52637435913087,244.36388310777573,233.5056379430137,213.4744840823955,86.03893500157425,13.700698202660334,12.255906429501836,1.4447917731584976,10.529708001359994,230.39635772705077,265.65998779839725,195.1327276557043,6.526641740505992,36.36175203583692
2025-09-22 04:00:00,252.18740844726562,255.4329993925613,249.96043800377367,254.08482475081846,32290500,246.81969299316407,232.72440414428712,209.73063690185546,182.9347843170166,245.78634226041027,235.2848541815139,214.99263797905706,81.27390957962214,13.500032701343343,12.504731683870139,0.9953010174732047,8.805799797008152,232.72440414428712,267.2425738192894,198.20623446928482,6.439331871570717,36.35195133087518
2025-09-23 04:00:00,251.31858825683594,254.01492224497756,250.1401811840686,252.69670571321294,26628000,248.02106170654298,234.88927841186523,211.13397552490235,183.3395958709717,246.7922051688513,236.8118764744017,216.4171850487739,79.39280986822925,13.119662020432855,12.627717751182683,0.49194426925017254,7.185148144103715,234.88927841186523,268.2971286016843,201.4814282220462,5.293592818278602,36.6818256201799
2025-09-24 04:00:00,246.80471801757812,252.00765659919705,246.1056707170572,251.31859024650916,28201000,248.81698150634764,236.89580764770508,212.43825653076172,183.70677505493165,246.79448023225618,237.76357566898994,217.60885300833485,70.2903231489843,12.312058168491745,12.564585834644497,-0.25252766615275135,5.5973414524657095,236.89580764770508,267.90263628040213,205.88897901500806,5.269026432151954,37.57106839704622
2025-09-25 04:00:00,245.45652770996094,246.15559020390248,240.41339128252798,244.0684141454478,31020400,249.35824432373047,238.81796569824218,213.69621734619142,184.0758135986328,246.5512161372934,238.49623776813002,218.70091868290842,67.79035984319461,11.431463807890424,12.337961429293683,-0.9064976214032594,2.570622899090136,238.81796569824218,266.62630626207664,211.0096251344077,5.450455544801794,37.84343550085183
2025-09-26 04:00:00,246.2055206298828,249.08161830530747,245.63630185383965,246.73481561544992,18503200,249.93146514892578,240.57004165649414,214.9569854736328,184.43830657958983,246.48836240867328,239.23045518353504,219.77953052396626,68.46146534724434,10.671015082422883,12.004572159919524,-1.333557077496641,3.0814899143805308,240.57004165649414,265.2858235318302,215.85425978115805,5.3912508830911525,37.654477929196744
2025-09-29 04:00:00,243.71890258789062,250.80926093832198,242.4406403715287,247.51375020937843,32505800,249.1764907836914,242.13442916870116,216.1384878540039,184.784086227417,245.98482425944005,239.65792636490224,220.71832942843386,63.715077790527914,9.75525221914927,11.554708171765473,-1.7994559526162028,1.5309712343698267,242.13442916870116,263.01405392718686,221.25480441021546,5.472567848845606,38.195529980089425
2025-09-30 04:00:00,242.77020263671875,242.9599320717839,238.92541967317948,242.48058753408858,34724300,248.3715850830078,243.7292053222656,217.2004428100586,185.07634796142577,245.40034760076344,239.95433362888477,221.58310876993522,61.95039927930962,8.850923458722917,11.013951229156962,-2.163027770434045,0.9551539154495581,243.7292053222656,258.5486094640328,228.90980118049842,5.543186014522484,38.0419465310649
2025-10-01 04:00:00,244.5677490234375,245.96585884887978,238.2862890899911,240.42338523813993,31658200,247.90921325683593,244.45053100585938,218.27360443115234,185.32668273925782,245.24896604124962,240.3937065236041,222.48446721124907,63.985725207227254,8.184932563782667,10.448147496082104,-2.2632149322994373,-2.666825852354948,244.45053100585938,257.8184739927899,231.08258801892885,5.6637367002124455,21.535671008335353
2025-10-02 04:00:00,245.356689453125,246.4751651396655,241.97128907367482,244.8174135056227,25483300,247.27607421875,245.12948837280274,219.38469482421874,185.5980830383301,245.26855211613605,240.86637156451084,223.38141710308736,64.8738284753919,7.6328046597016055,9.885078928806006,-2.252274269104401,-2.1778910432128207,245.12948837280274,257.0928608699051,233.1661158757004,5.694408809343644,21.484553091362752
2025-10-03 04:00:00,245.0171356201172,245.96584369150784,241.33213946713911,244.15830178707057,30249600,246.34034423828126,245.65677185058593,220.45028198242187,185.87843635559082,245.2228400259508,241.26168242694953,224.2298766527748,64.14071417025056,7.086155373133749,9.325294217671555,-2.2391388445378055,-1.6751503213640384,245.65677185058593,256.5213881365213,234.79215556465059,5.197226856401536,21.282202456761194
2025-10-06 04:00:00,250.09024047851562,250.97904766602093,244.24818617214953,244.44791178946252,28894700,246.13062744140626,246.47516021728515,221.59717651367188,186.15011253356934,246.1078219264171,242.10249747947964,225.24400856750975,69.65768581477252,6.981807113123665,8.856596796761977,-1.874789683638312,-0.6348490387477645,246.47516021728515,255.92889722872997,237.02142320584034,5.423349197047301,22.139491625854042
2025-10-07 04:00:00,245.42657470703125,250.1002333278666,245.18691006468788,247.93317917084852,23181300,245.5414260864258,246.78124389648437,222.6627703857422,186.40464195251465,245.98395879561966,242.41907626305598,226.03548174945178,60.450309244280255,6.448457706978871,8.374968978805356,-1.9265112718264845,-3.5175943301183232,246.78124389648437,255.6348557465211,237.92763204644763,5.394815873337527,22.088293283772746
2025-10-08 04:00:00,244.2881317138672,245.67624536262252,243.48922922331397,244.62768203424937,21307100,245.28976745605468,247.05337448120116,223.64233795166015,186.68841766357423,245.67562659893736,242.59708154408563,226.75127194413471,58.420294651252256,5.866288700351163,7.873232923114518,-2.006944222763355,-3.1323041788782424,247.05337448120116,255.18511084085532,238.921638121547,5.232891297534333,22.16270795755749
2025-10-09 04:00:00,241.2023162841797,244.42792989328805,238.82554034163272,244.13833003954065,27892100,244.86434631347657,247.1112953186035,224.54462432861328,186.9562168121338,244.8622974507996,242.46424675742793,227.31797956531295,53.20480782200063,5.097159174267745,7.3180181733451635,-2.220858999077419,-4.025278051585223,247.1112953186035,255.04695028258737,239.17564035461965,5.334182117214259,22.641750756586767
2025-10-10 04:00:00,236.24905395507812,243.75884063652228,235.52003337107624,241.10244578834048,33180300,243.8686996459961,246.90008239746095,225.44023742675782,187.18481636047363,243.2962531788502,241.87232363339461,227.6682177766763,46.0916927512722,4.041345494538831,6.662683637583898,-2.621338143045067,-4.276929609485103,246.90008239746095,255.7516382591257,238.04852653579619,5.531771108404145,23.80844565044981
2025-10-13 04:00:00,243.8187713623047,244.16830263513637,239.38480762364867,239.8841293059291,24995000,243.8786865234375,246.52758865356446,226.54251983642578,187.43523849487303,243.39125648493282,242.05769960757652,228.30157281924997,55.81395087939598,3.771937926159154,6.08453449529895,-2.312596569139796,-0.6672286791213233,246.52758865356446,255.23085835287526,237.82431895425367,5.8206645097719525,20.78367015274029
2025-10-14 04:00:00,245.11700439453125,246.78473694130554,240.18370386409978,240.9027282868883,22111600,244.11336669921874,246.2424758911133,227.55283325195313,187.68478591918947,243.70502883213254,242.34906196823889,228.9610015084767,57.23832423308283,3.6214413218665698,5.591915860612474,-1.9704745387459042,-0.44211690808830806,246.2424758911133,254.72457237661217,237.7603794056144,5.87059645227666,20.91998818635666
2025-10-15 04:00:00,250.68943786621094,251.76797450819856,245.6562821083569,246.91456723829836,27007700,244.72553558349608,246.317374420166,228.68197875976563,187.96473365783692,244.97492138378314,243.14338348233147,229.81309705191725,62.78389785248431,3.906785497761433,5.2548897880422665,-1.3481042902808333,2.8600716662945613,246.317374420166,254.93449371561468,237.70025512471733,5.889142407892172,22.43246151398492
2025-10-16 04:00:00,251.1188507080078,256.6113736152233,249.76069521164578,251.42842769264908,27997200,245.30175170898437,246.28891296386718,229.79137603759764,188.26096321105956,246.09199944273308,243.90295178953875,230.6486168031365,63.18016531357668,4.120079132947637,5.027927657023341,-0.9078485240757033,3.438909709929261,246.28891296386718,254.83480807368167,237.74301785405268,6.119541537051526,22.15179606347755
2025-10-17 04:00:00,252.95635986328125,253.87510990312921,247.4738024671156,250.41979725844868,29671600,246.09567413330078,246.218009185791,230.92894287109374,188.5739453125,247.34006497374182,244.76518112989515,231.5234302564755,64.90233113715811,4.386818989050397,4.899705923428752,-0.5128869343783551,3.429974260032065,246.218009185791,254.5009296357676,237.93508873581442,5.9790191705672635,21.96817037701144
2025-10-20 04:00:00,256.2019348144531,256.98087539491434,253.88509020638818,254.3444728441902,22350200,246.70684356689452,246.4187355041504,232.03364196777343,188.91281059265137,248.95131403568934,245.85439576651973,232.49121474894523,67.76982568700797,4.804717231514417,4.880708185045885,-0.07599095353146801,4.420195506183688,246.4187355041504,255.46971841589345,237.36775259240733,5.924092928918831,22.195945014694203
2025-10-21 04:00:00,250.12020874023438,254.53421031738455,243.81875668908756,254.39440086428343,47312100,247.17620697021485,246.35881652832032,233.02508728027342,189.2206202697754,249.16384034560662,246.26066366877828,233.18254784664285,58.177967117560485,4.592223834572593,4.823011314951227,-0.23078748037863406,2.0827413181538246,246.35881652832032,255.28827017898868,237.42936287765195,6.260064955095751,23.82943323021503
2025-10-22 04:00:00,251.34854125976562,256.01218852739623,248.95178813355238,254.02489806023604,35029400,247.8822479248047,246.58600769042968,233.9944046020508,189.52282600402833,249.56105869363552,246.7452234393485,233.89493974519667,59.42700955577327,4.47139400850304,4.752687853661589,-0.28129384515854916,0.5031386985923092,246.58600769042968,255.79021879927572,237.38179658158364,6.4426738356566915,22.925714899959765
2025-10-23 04:00:00,252.7366485595703,254.69398089708358,251.50832156545113,252.6367781341903,19901400,249.03568115234376,246.95001373291015,235.01902191162108,189.80668907165528,250.13843866926,247.31583535556013,234.6338302869368,60.849979796497365,4.4365029150312125,4.689450865935514,-0.2529479509043018,2.9785176528928092,246.95001373291015,256.5341320131154,237.36589545270488,6.350654936581636,22.845756520788072
2025-10-24 04:00:00,259.5674133300781,261.32500504033385,254.97364746401067,256.23191746004557,28655100,251.36751708984374,247.61810836791992,236.16069885253907,190.13157417297364,251.85279769849967,248.48265230551422,235.6116178572561,66.98601358334577,4.903512462636172,4.732263185275646,0.1712492773605261,6.254614789926616,247.61810836791992,258.7255291119674,236.51068762387249,6.483333149931075,24.573147394137397
2025-10-27 04:00:00,268.9046630859375,269.7735083332291,263.92144290721717,264.4607188078389,35235200,253.87610626220703,248.87739639282228,237.46996398925782,190.51081016540527,254.95313685985198,250.42760571317356,236.91722747406715,73.17511905780472,5.958374482308216,4.97748544468216,0.9808890376260555,11.485108115263486,248.87739639282228,263.33042563993513,234.42436714570943,6.861388274214805,26.723347187032232
2025-10-28 04:00:00,267.1071472167969,270.3627344019799,266.1384619149823,269.3241367489819,29738600,256.0751205444336,250.09424362182617,238.75126068115233,190.89056465148926,257.16295692475103,252.0161334754234,238.10114589535067,70.43750440202103,6.573540046822842,5.2966963651102965,1.2768436817125455,13.061679081934564,250.09424362182617,266.3658812933597,233.82260595029268,7.00690658476402,26.86544428956378
2025-10-29 04:00:00,274.197509765625,274.96645416764926,267.3068768000952,267.38675485794886,43580300,258.425927734375,251.57573165893555,240.21287750244142,191.3108972167969,260.2601483503645,254.12864550306165,239.51668957653789,74.49142686812844,7.54620819902064,5.746598731892366,1.799609467128274,12.459556839525998,251.57573165893555,270.84757408368466,232.30388923418644,7.168114970420953,27.937620041973716
2025-10-30 04:00:00,281.09814453125,291.1944142933695,279.6800575475708,291.1944142933695,74876000,261.4238571166992,253.3628044128418,241.8574060058594,191.77245193481446,264.0488749287073,256.697169220032,241.14733486887954,77.69698207700387,8.772751453994488,6.351829276312791,2.420922177681697,14.679169332048803,253.3628044128418,276.45617265615647,230.26943616952715,7.793693346299414,28.73529069178831
2025-10-31 04:00:00,280.80853271484375,285.6120049046921,276.6541726227251,282.8257813584811,39267900,264.20907440185545,255.15237426757812,243.4875616455078,192.20324409484863,267.09608543527753,258.9934895528712,242.70267596087814,77.2581751651188,9.610641079186621,7.003591636887558,2.607049442299063,12.01450492090812,255.15237426757812,280.91550164815067,229.38924688700558,7.867877889292897,28.72191397230471
2025-11-03 05:00:00,283.3350830078125,285.14262497278366,279.42038779718166,281.797163766903,29786000,266.9223892211914,256.81461639404296,245.0417337036133,192.65980819702148,270.0486304484657,261.3117365485799,244.29610368820892,78.40405199103787,10.359132506007768,7.6746998107116005,2.6844326952961675,12.829077629566177,256.81461639404296,285.3439655471694,228.28526724091654,7.805106753464058,28.27792997538856
2025-11-04 05:00:00,277.1634826660156,280.88840284028174,275.88522040271835,276.3745458896769,30078400,269.62671661376953,258.4014617919922,246.42458129882812,193.0701355743408,271.34223994256564,262.82142665500237,245.58502051086802,69.2281291752474,10.335183226182892,8.206796493805859,2.1283867323770327,9.569683409350894,258.4014617919922,287.78160250133726,229.0213210826471,7.862170502851689,28.66549540648835
2025-11-05 05:00:00,283.9242858886719,286.03143918614273,276.96374058170124,278.4916636746374,31010300,272.88429107666013,260.3832695007324,247.96958435058593,193.5040640258789,273.62988466003947,264.8312227724947,247.08852111391917,72.96133302680263,10.737963013584022,8.713029797761491,2.0249332158225304,10.820508086441993,260.3832695007324,291.0730325859143,229.69350641555053,8.020529088627688,29.052192646521835
2025-11-06 05:00:00,284.36370849609375,287.9588308357049,280.7586204462715,284.9429082592804,37173600,276.0469970703125,262.5413391113281,249.51659118652344,193.9385969543457,275.5814889938675,266.6914595080756,248.5502931681221,73.18900497353769,10.96621492950652,9.163666824110496,1.8025481053960242,13.690816878944556,262.5413391113281,293.619676805809,231.46300141684728,8.07759358530053,28.157972702301702
2025-11-07 05:00:00,278.4516906738281,283.39498707048995,274.816645004158,282.82575309004056,34479600,277.9354248046875,264.65147094726564,250.86234497070313,194.34551086425782,276.1033438447694,267.8114815238615,249.72289699187527,65.2308024566953,10.548459710524241,9.440625401393246,1.107834309130995,10.783093977080904,264.65147094726564,293.8896993535361,235.41324254099516,8.472061296750722,28.192816302680345
2025-11-10 05:00:00,289.7064208984375,290.40545290698407,282.47622284552773,284.03413439651047,29557300,280.0156005859375,266.94585342407225,252.4078503417969,194.79759956359862,278.5766305818,269.8967138452497,251.2908783215444,71.56875591717991,10.998761483250291,9.752252617764656,1.2465088654856356,14.627784513868548,266.94585342407225,296.50085772973864,237.3908491184059,8.441388733021464,29.261138843987624
2025-11-11 05:00:00,290.9147644042969,291.5239526379353,286.9301875660949,287.3595968518003,19842100,282.3963623046875,269.23574142456056,254.0086520385742,195.2975368499756,280.81992764043576,271.8984329461113,252.84475620714252,72.15561259689014,11.322612080773695,10.066324510366464,1.2562875704072312,12.076766752826561,269.23574142456056,298.76629698349086,239.70518586563023,8.2652004957355,29.282273727425984
2025-11-12 05:00:00,286.3210144042969,291.613842224268,283.30512258449664,291.2842728658537,24829900,283.6087127685547,271.01732025146487,255.1322476196289,195.7571356201172,281.82012523386504,273.2720121326052,254.15755064624665,66.53303866631613,11.080855573639383,10.269230723021048,0.811624850618335,6.476775493027942,271.01732025146487,300.1331175370215,241.90152296590819,8.619720495910745,30.02789327757534
2025-11-13 05:00:00,278.19207763671875,282.45627365196606,276.8638649512614,281.9569519907634,29494000,283.31810607910154,272.37098159790037,256.06053833007815,196.17554222106935,281.1604802162021,273.74058979966367,255.10008111646127,57.93055566767559,10.116705456121736,10.238725669641186,-0.12202021351945014,4.149993938921015,272.37098159790037,300.0746614504642,244.66730174533654,8.681777136787312,32.50800582362645
2025-11-14 05:00:00,276.0350036621094,278.1820807042813,270.3327588398133,271.04178706348836,31647200,282.84075317382815,273.5249137878418,256.8918090820313,196.55598915100097,280.2285753881852,273.9591054056109,255.92105847119257,55.866351040553745,9.073952819566443,10.005771099626237,-0.9318182800597938,0.6701351511379627,273.5249137878418,299.7043040269408,247.34552354874282,8.514150264912631,32.82450385399622
2025-11-17 05:00:00,284.63330078125,293.55120856159544,283.1852862901624,285.392279437324,52670200,282.9705749511719,274.9464820861816,257.91002563476565,196.96375,281.0294345505606,274.97569544138605,257.0470287578615,61.7214311064446,8.839478554623383,9.772512590625666,-0.9330340360022831,1.2576234737853298,274.9464820861816,300.2378610237536,249.6551031486096,9.46357400866181,34.05637185179034
2025-11-18 05:00:00,283.8943176269531,288.4081743957296,277.8225797399186,287.52939388700526,49158700,283.64365844726564,276.63518753051756,258.80181396484375,197.38170181274415,281.550322382632,275.8250880304877,258.09986361547294,60.97273520942243,8.496088624714105,9.517227797443354,-1.0211391727292494,1.0988928585168534,276.63518753051756,299.3231911853161,253.94718387571905,9.658308844730284,32.43799527841843
2025-11-19 05:00:00,292.4127502441406,303.39782684502376,286.2411417953812,286.77042153983126,68198900,284.4925048828125,278.68839797973635,259.87315856933594,197.81661415100098,283.52530926654265,277.4048653841689,259.4454670126756,66.0804780731929,8.809762493823314,9.375734736719346,-0.5659722428960325,3.203862769114907,278.68839797973635,299.05475162761786,258.32204433185484,9.837352036896435,33.47625498568389
2025-11-20 05:00:00,289.05731201171875,306.0042898345543,288.2783714658303,304.1268355762142,62025200,284.961865234375,280.5044311523437,260.85342681884765,198.30965301513672,284.53112794748375,278.5146222058403,260.6067158361675,62.60477544371792,8.687451934056753,9.238078176186828,-0.5506262421300754,4.291268543495419,280.5044311523437,297.2898023827716,263.71905992191586,10.463643900236223,34.1665601955346
2025-11-21 05:00:00,299.2534484863281,303.50767860502685,293.4513334764558,296.0178540164301,74137700,287.042041015625,282.4887329101563,262.02902954101563,198.85232887268066,287.20791350000087,280.4897485182677,262.12227397931105,68.09617738235441,9.30598928339299,9.251660397628061,0.054328885764928,5.3990318403642545,282.4887329101563,298.20144403177636,266.7760217885362,11.087081715786658,34.92607357518816
2025-11-24 05:00:00,318.14776611328125,319.0465694557707,309.17996886834777,310.70789188393536,85165100,289.88617553710935,284.9508880615234,263.3666119384766,199.52063232421875,292.83334124787,284.07622638445946,264.31935210221184,75.32676300062798,11.191786170824855,9.639685552267421,1.552100618557434,11.880579907984835,284.9508880615234,306.1691506396534,263.7326254833934,11.96874302752583,38.97366895400448
2025-11-25 05:00:00,323.0011901855469,328.3838617048627,317.2190369667809,325.767421144808,88632100,293.0948181152344,287.74559020996094,264.8102505493164,200.2075788116455,298.31840469108397,287.7833657940868,266.6206006544995,76.78238959555021,12.928888374197811,10.2975261166535,2.6313622575443105,15.999004855712307,287.74559020996094,313.3405686232512,262.15061179667066,12.11853775135728,38.599391633554255
2025-11-26 05:00:00,319.5159606933594,324.0597758686898,316.36024396458464,320.2449508538883,51373400,296.4143127441406,290.01151275634766,266.2167404174805,200.8828226470947,302.17250578240674,290.8055176892557,268.6949284991607,73.43213486012483,13.86450411963807,11.010921717250415,2.853582402387655,10.28956821270186,290.01151275634766,318.42521118395547,261.59781432873984,12.154203573833838,38.72897467174121
2025-11-28 05:00:00,319.74560546875,326.40656970987055,316.3602205188893,322.9312800436979,26018600,300.5696655273438,291.94388580322266,267.5778909301758,201.56772537231444,305.3676148162873,293.561716525398,270.69691583130145,73.51413982746422,14.457855593223371,11.700308492445007,2.757547100778364,9.910408336781984,291.94388580322266,322.9442034639353,260.94356814251,12.18986683805137,38.25741005073495
2025-12-01 05:00:00,314.4627990722656,319.41606123931075,313.46415578589995,317.26898426885936,41183000,304.4124450683594,293.62659912109376,268.779658203125,202.21362228393554,307.0212846810106,295.5522958155759,272.413224978006,68.29202629068615,14.336549763484015,12.22755674665281,2.1089930168312048,9.828752781740091,293.62659912109376,325.71633657150375,261.5368616706838,11.784701655886664,39.061133569794464
2025-12-02 05:00:00,315.38153076171875,317.948051296999,313.4841146313127,316.3102616947243,35854700,307.4872680664063,295.2289215087891,270.04354064941407,202.86864196777344,308.5413294229575,297.4407943818752,274.09825657736724,68.70833243666631,14.15141923662486,12.612329244647222,1.5390899919776384,13.36826463245455,295.2289215087891,328.33904539184357,262.1187976257346,11.775428198304228,39.05798677833835
2025-12-03 05:00:00,319.1963806152344,321.14371687287894,313.67388407801036,315.4614642178001,41838300,311.01747436523436,297.33056640625,271.40109649658206,203.5500023651123,310.47861145791694,299.5127549755285,275.86681046120515,70.44361077859435,14.149422723991506,12.919747940516078,1.2296747834754278,15.636196996942541,297.33056640625,330.94469949841636,263.71643331408364,11.715507709382601,37.73027096581579
2025-12-04 05:00:00,317.1890869140625,321.92264650582644,314.27306548179905,321.7928484740126,31240900,313.49510803222654,298.99380645751955,272.80878387451173,204.2138607788086,311.6986979044889,301.19621516015076,277.48729189072895,68.29744602628489,13.826485528826367,13.101095458178138,0.7253900706482295,11.437799457566866,298.99380645751955,333.10315804414506,264.88445487089405,11.586395678739166,37.462907021073036
2025-12-05 05:00:00,320.8341064453125,322.72155681925386,318.73697999805336,319.05652267664885,28851700,316.67278747558595,300.8173263549805,274.31633544921874,204.89947784423828,313.3596812755477,303.06649052064233,279.1871669713009,70.0800541200887,13.706676058995242,13.22221157834156,0.4844644806536831,13.011809861900625,300.8173263549805,335.52765184058006,266.1070008693809,11.420192186473875,37.478962199749354
2025-12-08 05:00:00,313.49932861328125,320.21460294317257,311.0010871288888,319.82486263347363,33909400,318.0973754882813,302.5697082519531,275.6622116088867,205.57280838012696,313.3850717005901,304.0600941485127,280.53274193765304,62.46816959109084,12.871496321854522,13.152068527044154,-0.2805722051896318,7.211237660305536,302.5697082519531,336.0424826667171,269.0969338371891,10.871393216255134,37.684266795954734
2025-12-09 05:00:00,316.85693359375,317.7662971049956,311.6805848338384,312.15025542764414,30194000,317.9682922363281,303.92723388671874,277.1249722290039,206.2649674987793,314.01631931752826,305.27884076234477,281.95722004181374,64.3756998016235,12.338312636532635,12.98931734894185,-0.6510047124092146,9.617338993626356,303.92723388671874,337.4056781937814,270.4487895796561,10.549973045922721,35.520594730148375
2025-12-10 05:00:00,319.9847412109375,321.0839735202244,314.45863248382005,315.6078174223929,33428900,317.66664733886716,305.38073272705077,278.6692630004883,206.99182754516602,315.10148693451174,306.6794027098298,283.44849538177937,66.10398510658317,12.029480298275075,12.797349938808496,-0.7678696405334211,6.927670451074697,305.38073272705077,339.00433223898386,271.7571332151177,9.630103890089414,35.56644568752472
2025-12-11 05:00:00,312.210205078125,320.8940942947929,308.3829128168011,319.85481737290655,42353700,316.9360717773437,306.67519226074216,280.02211212158204,207.6932029724121,314.5757993242596,307.2061457925246,284.5764055659498,58.506151726335766,11.030238628951167,12.443927676837031,-1.413689047885864,-1.8662903429100597,306.67519226074216,339.18414464724856,274.16623987423577,9.257622683608544,36.34579005907901
2025-12-12 05:00:00,309.07244873046875,314.6485102459599,305.34506149685063,313.47935032153816,35940200,315.86875610351564,308.2192108154297,281.2964273071289,208.3999422454834,313.57519012538853,307.38388892947165,285.53703470965644,55.72245585027195,9.871350904409098,11.929412322351446,-2.0580614179423478,-4.312287966207428,308.2192108154297,337.83688364762344,278.6015379832359,8.8899856947372,34.68398154327268
2025-12-15 05:00:00,308.003173828125,311.2009348824072,304.66552711937686,311.1009991314403,29151900,315.22279357910156,309.81761932373047,282.55614807128904,209.09247619628906,312.56209625315876,307.4428684436291,286.41805977312583,54.76617057728954,8.765598126254304,11.296649483132018,-2.5310513568777147,-3.603196172188483,309.81761932373047,335.28113861859407,284.35410002886687,7.943006179993469,34.49934161303142
2025-12-16 05:00:00,306.3543395996094,310.5513666605185,302.37712849550337,304.7354841263937,30585000,314.3200744628906,310.90367126464844,283.6814300537109,209.79304069519043,311.43341322524066,307.3391990299129,287.19987466828206,53.248637985831444,7.667843810311297,10.570888348567875,-2.9030445382565784,-4.188100052073873,310.90367126464844,333.54043967968227,288.2669028496146,7.729392853345851,33.34385768337707
2025-12-17 05:00:00,296.5112609863281,307.87325739956634,295.9116769824828,307.7933270972379,43930400,312.0515625,311.5345184326172,284.7031237792969,210.42492973327637,308.72029463634743,306.3079668352858,287.56502707291133,45.19716265259636,5.935194199777243,9.643749518809749,-3.708555319032506,-5.7086364870180155,311.5345184326172,331.55391706187896,291.5151198033554,8.033824889987162,35.672442890696296
2025-12-18 05:00:00,302.2472229003906,303.7461677101471,299.0195145942255,301.50775321966603,33518000,310.5573760986328,312.0262420654297,285.8623056030273,211.07504692077637,307.54337250253707,305.92122931767676,288.14079945830264,49.94678350768547,4.967637259315097,8.708527066910818,-3.740889807595721,-4.164577370655076,312.0262420654297,330.49079430133844,293.56168982952096,7.833007570904146,34.767988437042504
2025-12-19 05:00:00,306.9439392089844,307.03387224107576,300.7582909786616,301.5177661333593,59943200,309.168359375,312.92057342529296,287.17713806152346,211.7519822692871,307.43438463098204,306.018630259706,288.87817748774114,53.500455583350664,4.527635404546572,7.872348734437969,-3.3447133298913965,-3.8385276746039754,312.92057342529296,328.1502190785127,297.6909277720732,7.832588398015868,34.71405584850915
2025-12-22 05:00:00,309.56207275390625,309.9118326328777,305.0852133945127,309.66200850448513,26429900,308.7746337890625,313.4360046386719,288.6433984375,212.43449310302734,307.8212370169682,306.35610097343937,289.6893106354339,55.40131316731185,4.340161579983317,7.165911303547039,-2.825749723563723,-2.404563862634612,313.4360046386719,327.35986407702575,299.512145200318,7.858494296064346,32.67819579282421
2025-12-23 05:00:00,314.1288757324219,314.7184570357758,309.1024153195162,309.41219480947996,25478700,308.5018280029297,313.2350601196289,290.04960052490236,213.17865333557128,308.96808041977795,307.09636523619963,290.64772495296285,58.58182492503663,4.508123219081938,6.63435368665402,-2.126230467572082,-2.0899370042609777,313.2350601196289,326.98755381154723,299.48256642771054,7.726080647592279,24.016190720711858
2025-12-24 05:00:00,313.8690490722656,314.8583428959372,311.70059264113144,314.5485634057752,10097400,307.8902587890625,312.77845306396483,291.42464141845704,213.9306327819824,309.8591656293211,307.7413827443964,291.5583651145041,58.3269656542001,4.567615559228386,6.221006061168893,-1.6533905019405069,0.11793341332493323,312.77845306396483,325.7498993454321,299.8070067824976,7.405235592647878,23.281805647695506
2025-12-26 05:00:00,313.2894592285156,314.86833429915043,312.0603135401851,314.25877806497726,10899000,307.99818420410156,312.46712799072264,292.6766418457031,214.6644172668457,310.4828553746292,308.26977098097916,292.41056488368105,57.7236933471683,4.515938680819204,5.879992585098956,-1.3640539042797517,-1.1258943665118926,312.46712799072264,325.0507944359807,299.88346154546457,7.21063208220316,23.014734791540988
2025-12-29 05:00:00,313.33941650390625,313.79908436732376,310.4014822754237,311.15095467052413,19621800,308.4248809814453,312.14681854248045,293.9210531616211,215.42012649536133,311.0022301254068,308.7525943641151,293.23130416290553,57.764242982216025,4.4279726051073,5.589588589100624,-1.1616159839933244,-2.0767629987239244,312.14681854248045,324.2680381330698,300.0255989518911,6.750959423308615,23.010428300875414
2025-12-30 05:00:00,313.6292419433594,316.72706748217655,312.24020504037514,312.28018544302313,17380900,308.98748779296875,312.10514068603516,295.13451080322267,216.1636819458008,311.4798686377618,309.2170369907098,294.03122329155076,58.015835584132816,4.33171206682664,5.338013284645828,-1.0063012178191881,0.4545132869309354,312.10514068603516,324.1985308178071,300.0117505542632,6.636755864068915,22.261752539010672
2025-12-31 05:00:00,312.7798156738281,314.3586907819443,311.22091551782626,312.62992729269524,16377700,309.6300354003906,311.9750549316406,296.26606842041014,216.90896957397462,311.7162226443193,309.5563492462449,294.7664622085028,56.94518330133022,4.139169525968043,5.098244532910272,-0.9590750069422285,1.1995138869826727,311.9750549316406,323.9756681748973,299.97444168838393,6.387644023191322,22.252158974372037
2026-01-02 05:00:00,314.9283142089844,322.2731502440002,310.11169732658084,316.67708324131615,32009400,311.47174072265625,311.76165161132815,297.56223052978515,217.683037109375,312.3002392924402,310.067964956982,295.5571230712668,59.00589556743205,4.112537281365178,4.901103082601253,-0.788565801236075,2.2483990326423786,311.76165161132815,323.3668526931105,300.1564505295458,6.362663411721859,21.940509140905046
2026-01-05 05:00:00,316.3173522949219,318.79558832967825,314.4086921415047,317.4365596004392,30195600,312.8787536621094,311.7180648803711,298.8616067504883,218.4480054473877,313.0306234747096,310.6631447034525,296.3712497074886,60.327934365403244,4.155611497932114,4.752004765667425,-0.5963932677353112,3.252120635318456,311.7180648803711,323.2437126771825,300.19241708355975,6.011481085940736,21.900047889189782
2026-01-06 05:00:00,314.1188659667969,320.71422913013345,311.5606693028291,316.17741436833177,31212100,313.59624633789065,311.38230285644534,300.0892510986328,219.20741249084472,313.2284857459982,310.99226101424716,297.067234658834,57.18456155782012,3.9666238807716354,4.594928588688267,-0.628304707916632,5.938258439796873,311.38230285644534,322.1565367962943,300.6080689165964,6.198491947674593,21.58752435154419
2026-01-07 05:00:00,321.7535095214844,325.9205589972494,313.96898096999803,314.13884430323384,35104400,314.8153900146484,311.79501190185545,301.3329730224609,219.99906326293944,314.7784900688139,312.0171418244602,298.03532386913406,64.16704265894901,4.382384363076596,4.552419743565933,-0.17003538048933642,6.453752141677183,311.79501190185545,323.5026172592009,300.08740654451,6.468301937834322,21.73512682970099
2026-01-08 05:00:00,325.2110595703125,330.0876314322289,321.2738288701313,328.7385750407063,31896100,315.9236083984375,312.2127182006836,302.45910095214845,220.78961563110352,316.67532088726813,313.27370541930327,299.1010389946705,66.80713155797059,4.933996888856484,4.628735172624044,0.30526171623244025,5.951288827661405,312.2127182006836,325.20624552050265,299.2191908808645,6.2434606624781805,21.737170682663624
2026-01-09 05:00:00,328.3388671875,330.5972566011106,325.5707962902668,326.8598973489763,26214200,317.37059020996094,312.6304244995117,303.6837353515625,221.58145683288575,318.79596566912846,314.7084827305601,300.2476204924285,69.03009352948068,5.55945577864361,4.814879293827957,0.7445764848156529,6.065599143510325,312.6304244995117,327.1262285489103,298.1346204501131,6.111409970119545,21.724232934109622
2026-01-12 05:00:00,331.62652587890625,333.80501545240315,324.77136644379436,325.57079145505844,33923900,319.204296875,313.60124053955076,304.83231567382813,222.4171413421631,321.12879479817894,316.3197249351645,301.4781658017022,71.212438969989,6.248395422336671,5.1015825195297,1.1468129028069711,5.570213851142114,313.60124053955076,330.3968239127275,296.80565716637403,6.308414809133446,19.661862743920516
2026-01-13 05:00:00,335.7336730957031,340.25048265726696,333.38532003422745,334.7144015630273,33517600,321.4437225341797,314.9343017578125,305.9250262451172,223.2874127960205,323.78422721591056,318.16867237902534,302.8215190289179,73.70525796249632,7.044591839420946,5.49018438350795,1.5544074559129957,6.966161234459078,314.9343017578125,334.25829159529167,295.6103119203333,6.579653204847427,19.28167846712478
2026-01-14 05:00:00,335.603759765625,336.2832741209541,330.2475447349911,334.8243096530742,28525600,323.64117431640625,316.3143310546875,307.0209307861328,224.19644798278807,325.93323313404045,319.82915689203486,304.10709709702405,73.48848590418595,7.577748745683891,5.907697255943138,1.6700514897407528,7.12258260844747,316.3143310546875,337.41471824564525,295.21394386372975,6.609630895540525,19.14984344993608
2026-01-15 05:00:00,332.5458984375,337.4524480652932,330.507324974913,337.4124676651339,28442400,325.61778259277344,317.62390899658203,308.00514709472657,225.08864921569824,327.13553591648764,321.0402751344601,305.2223442084153,68.38994574114574,7.665176201672693,6.25919304508905,1.4059831565836438,6.129609274150893,317.62390899658203,339.3629719470898,295.88484604607424,6.880157526652986,19.447087614256237
2026-01-16 05:00:00,329.7678527832031,334.4145755186536,327.46948297740045,334.1747541117482,40341600,327.1017364501953,319.28673858642577,309.05723449707034,225.95485221862793,327.6141389831631,321.87147300576896,306.18491317213244,64.04281001605236,7.424710581359079,6.492296552343056,0.932414029016023,5.145760879898553,319.28673858642577,339.24046925003154,299.33300792282,7.175662653959258,14.846016911481025
2026-01-20 05:00:00,321.77349853515625,327.49947891315526,320.20459558658575,320.6442885211675,35361000,327.64735107421876,320.26305236816404,309.81421875,226.7812329864502,326.55220435625273,321.8621421038058,306.7962302451922,53.50330440241179,6.513973239886184,6.496631889851682,0.01734135003450188,2.8754038498145507,320.26305236816404,338.54732287790966,301.9787818584184,7.616066590010495,17.268860252585217
2026-01-21 05:00:00,328.1490173339844,332.24613943011235,319.12537039479025,320.6942733516965,35386600,329.0503662109375,321.32330627441405,310.68992492675784,227.670982131958,326.84253398856754,322.4608921257275,307.6335944447527,59.26132930913672,6.234787668668503,6.444263045615047,-0.2094753769465445,4.198003967412989,321.32330627441405,338.7969014187882,303.8497111300399,8.2327742038334,17.734604847610086
2026-01-22 05:00:00,330.3074951171875,334.9142376434696,328.5187457270175,334.2147483456718,26253600,329.9057647705078,322.36057739257814,311.727041015625,228.5970351409912,327.4725269210439,323.20818764872377,308.5227670201423,61.021261614510415,6.117187085107673,6.378847853513573,-0.2616607684058998,4.422818641078452,322.36057739257814,339.3508000441797,305.37035474097655,8.49187742135963,17.673223087692
2026-01-23 05:00:00,327.6993103027344,333.45526818914374,327.21966747627397,332.25610013077164,27280000,330.15458984375,323.0390991210937,312.4868988037109,229.50431716918945,327.5137602631694,323.63591361577244,309.27478832534194,57.773435527432966,5.747278014952826,6.252533885801425,-0.5052558708485986,4.32334565265271,323.0390991210937,339.72634438875735,306.3518538534301,8.068602263891803,17.556071759128418
2026-01-26 05:00:00,333.02557373046875,335.60374537803585,326.7699676491338,327.5793954045391,26042100,330.6232604980469,323.9969253540039,313.32911499023436,230.44844512939454,328.5159081663147,324.53016696002925,310.20619167456266,62.19822616248695,5.816854281688393,6.165397964978819,-0.3485436832904263,3.5033228466562205,323.9969253540039,340.66707497500806,307.32677573299975,8.386236659658124,18.203679883465206
2026-01-27 05:00:00,334.31463623046875,337.6722883721735,333.2454121385867,335.1340666902067,21636200,330.89207153320314,325.0481842041016,314.2889874267578,231.32921035766603,329.57022235979724,325.4620211762616,311.1516208728335,63.20319614728546,5.907907860678392,6.113899944118734,-0.20599208344034192,2.7992826173206975,325.0481842041016,341.52591011605733,308.5704582921458,8.064319146401013,18.113485699255737
2026-01-28 05:00:00,335.7736511230469,337.30257365930305,331.7065067534381,335.82360375323316,27434400,330.8960693359375,326.1698959350586,315.44061889648435,232.24661895751953,330.6981184985699,326.44408117119355,312.11719068656737,64.35816790632471,6.02830820190843,6.096781595676674,-0.0684733937682438,2.264363034212824,326.1698959350586,342.3431295001367,309.9966623699805,7.610354066301986,18.077793902873672
2026-01-29 05:00:00,338.0120544433594,342.0492210013424,326.3103005061971,340.06060015063264,39785600,331.13689880371095,327.38903656005857,316.6801599121094,233.153694229126,332.02792503398615,327.54579291139976,313.13267553977494,66.11539155253753,6.232502372846909,6.123925751110722,0.1085766217361872,1.9255180349429635,327.38903656005857,343.25503255341596,311.5230405667012,8.105005347233966,18.083145713664926
2026-01-30 05:00:00,337.7622375488281,339.76083067041884,332.0562627255977,339.76083067041884,31024000,331.6585327148438,328.6381576538086,317.74273864746095,234.04990379333495,333.07052730941194,328.5187876387739,314.09854071660055,65.72592347841747,6.3015294795984005,6.1594464968082585,0.14208298279014198,0.6042183479602059,328.6381576538086,343.5673560375097,313.7089592701075,8.270603269664182,18.002294157315944
2026-02-02 05:00:00,343.4482421875,344.5874244246442,335.3939142353609,335.983495554882,32006100,333.0265716552734,330.06415405273435,318.9338171386719,234.9882955932617,334.9573845599734,329.9406404529383,315.24950940173386,70.05037267222284,6.737382660000378,6.275033729446682,0.46234893055369586,2.3374238796827873,330.06415405273435,344.9277022784265,315.2006058270422,8.282021925426648,18.558439828467524
2026-02-03 05:00:00,339.47100830078125,348.7544814019383,337.2325938809106,347.09564553860224,36506700,334.79632263183595,331.22183685302736,319.8749822998047,235.92164978027344,335.77804342193843,330.84829453368525,316.1993721036573,63.97038618084341,6.684811563540052,6.356989296265357,0.3278222672746951,2.0824523459226363,331.22183685302736,345.15478773839266,317.28888596766205,8.489016978474288,19.406898098164913
2026-02-04 05:00:00,332.80572509765625,343.0684894885568,328.2888852617291,342.7187296036167,70618400,335.2619934082031,332.1561798095703,320.74995056152346,236.8324900817871,335.2376219084326,331.0347164921587,316.85060163283373,55.30688356062854,6.035739690411162,6.292739375094518,-0.25699968468335577,0.9212154213377177,332.1561798095703,343.53150837999095,320.7808512391496,9.113579467107481,20.79490852637285
2026-02-05 05:00:00,331.0169677734375,332.45595718246585,306.24439883874277,312.0003564748562,88205800,335.33294067382815,332.61935272216795,321.3852209472656,237.75177627563477,334.47023024752434,331.0330261379948,317.4061454030535,53.22365585735236,5.315731345823679,6.09733776924035,-0.7816064234166715,2.8726633114166678,332.61935272216795,342.91429422303935,322.32441122129654,10.51473683628843,19.377603111655795
2026-02-06 05:00:00,322.63287353515625,330.147603202773,319.694969697787,326.94984200428365,56380500,334.8262969970703,332.49044342041014,321.4749230957031,238.61020767211915,332.3179835725483,330.2330116043911,317.6111151337242,44.720936352418285,4.022227474550959,5.682315710302473,-1.6600882357515134,-1.6809874500443467,332.49044342041014,343.23089577168406,321.74999106913623,10.827372945888243,21.234426440928132
2026-02-09 05:00:00,324.09185791015625,327.4694850607409,317.03682684844796,320.70422803551696,39640100,333.93292541503905,332.278092956543,321.4967364501953,239.45660095214845,330.82232436120427,329.6481398239878,317.8652619092706,46.32780968009597,3.079347383387983,5.161722044919576,-2.082374661531593,-1.881772983936092,332.278092956543,343.52036331479104,321.03582259829494,10.8894730184365,20.99404178009285
2026-02-10 05:00:00,318.3558654785156,321.4437184993816,314.38865715458337,320.7441987510988,39170000,332.33704833984376,331.61455993652345,321.4735345458984,240.2547322845459,328.55569547344265,328.57268512441897,317.8845012649273,41.2509253231978,1.8479593415380577,4.498969504243272,-2.651010162705214,-2.8512250500579706,331.61455993652345,344.46957665339846,318.75954321964844,10.64536099845441,21.441426875091903
2026-02-11 05:00:00,310.7412414550781,320.8341425405983,309.44216816023624,318.7456164455411,45406400,329.83380737304685,330.3649383544922,321.293447265625,241.00143669128417,325.31670383374,326.8744523940056,317.60437342924695,35.66358550966511,0.2547028699394218,3.650116177382502,-3.3954133074430803,-6.69147778225172,330.3649383544922,346.0757570172185,314.6541196917659,10.97584343208847,22.084446334184282
2026-02-12 05:00:00,308.7826232910156,316.0175203045161,306.9839017615506,311.87044586439265,47761300,326.9108642578125,329.02388153076174,321.17984375,241.74507484436035,322.31050737142647,325.15142105086363,317.258422443434,34.373893199983854,-1.1527206336592712,2.6895488151741476,-3.842269448833419,-7.637120895255078,329.02388153076174,347.23217382985655,310.81558923166693,11.175701848523877,22.06414896404139
2026-02-13 05:00:00,305.50494384765625,308.41290048065196,303.4963480144474,307.5135396808651,38499700,323.6851348876953,327.67183380126954,320.98231201171876,242.4745666503906,319.2549503671046,323.2803279838915,316.7975017141878,32.27073770590657,-2.5037337543688523,1.6508923012655474,-4.1546260556344,-9.01461659488535,327.67183380126954,348.5927336034343,306.7509339991048,10.922308816214317,22.116154496103803
2026-02-17 05:00:00,301.8075256347656,304.22583664461854,296.04159566157676,299.82893803190484,39247600,319.52106323242185,326.27381744384763,320.63453491210936,243.192347946167,316.0826913248611,321.23529918873663,316.20965951499477,30.038034703165025,-3.82863797983498,0.5549862450454419,-4.383624224880422,-10.711017057724648,326.27381744384763,350.13516860855015,302.4124662791451,11.26635406938394,22.25053355142016
2026-02-18 05:00:00,303.1166076660156,305.1651838815364,301.0380842700908,301.87748970860525,28482100,315.8856231689453,325.3409729003906,320.35308532714845,243.9042177581787,313.72522156870735,319.50970951990604,315.6962065013093,31.836196827436964,-4.718608957637969,-0.49973279549124017,-4.218876162146729,-10.257401814435818,325.3409729003906,351.30888383817125,299.37306196261,11.161427834068272,21.14280857051673
2026-02-19 05:00:00,302.636962890625,305.25511494304027,299.828942056139,301.6076886754516,25834400,312.8687469482422,324.0653701782227,319.9891424560547,244.60008651733398,311.7091745363287,317.90278126949835,315.18407930089035,31.51656992193739,-5.400368606572954,-1.4798599577075828,-3.920508648865371,-11.882803370003781,324.0653701782227,351.8923642804321,296.23837607601325,10.424803004907984,19.38557736811405
2026-02-20 05:00:00,314.7584228515625,316.2773425544253,303.68620054308417,304.1059184917761,53210800,311.2428924560547,323.2879165649414,320.01432434082034,245.3556657409668,312.26358332091667,317.60331856302827,315.1673868911128,46.21319972636116,-4.906014048523389,-2.1650907758707443,-2.7409232726526445,-7.279733716560166,323.2879165649414,351.24912678648116,295.3267063434016,10.848789556263638,24.710945147476234
2026-02-23 05:00:00,311.2708740234375,319.29522413676915,309.65201848441603,318.82555353627805,31423000,310.1066925048828,322.46649475097655,319.90260314941406,246.09869033813476,312.083090721375,317.00022860687676,315.0145824649295,43.331890087216244,-4.7409992551609434,-2.6802724717287845,-2.060726783432159,-6.470697301826678,322.46649475097655,350.84418542074394,294.08880408120916,10.880910660768624,24.832233551038154
2026-02-24 05:00:00,310.6813049316406,312.05033638585,305.71479964031533,310.3015673465962,25615600,308.76563720703126,321.34928131103516,319.71653442382814,246.8978121948242,311.8282205777869,316.3984263520924,314.8446500126437,42.84556257766354,-4.604716831727842,-3.065161343728596,-1.539555487999246,-6.143389862635528,321.34928131103516,349.73599628971084,292.9625663323595,10.510457033947697,23.834557414568287
2026-02-25 05:00:00,312.67987060546875,313.4193707572093,309.22231323387047,311.84046520002283,29963600,308.1980377197266,320.26754302978514,319.725927734375,247.6924771118164,311.9830660373654,316.04427818574726,314.7597567025584,45.095137249929415,-4.2860377074025,-3.309336616463377,-0.9767010909391227,-3.084931433251159,320.26754302978514,348.2195004575056,292.3155856020647,9.75456084084135,23.95469790642197
2026-02-26 05:00:00,307.1637878417969,312.9197459051382,302.1373272609355,312.42009761480955,36431200,307.8402923583984,318.83704986572263,319.68775451660156,248.4671851348877,311.1068336381711,315.1985172006091,314.4618755707638,40.37202734767416,-4.427545990490046,-3.532978491268711,-0.8945674992213348,-5.2232321347153725,318.83704986572263,346.3729572831236,291.3011424483217,8.627496011219153,24.30022473553134
2026-02-27 05:00:00,311.54071044921875,312.1502667227519,303.5862877430576,303.92607541564644,44640600,308.11610107421876,317.51348266601565,319.7585052490234,249.23532638549804,311.1857203310889,314.8501546528576,314.34732007580124,45.27031270605352,-4.138801719490914,-3.654143136913152,-0.48465858257776206,-2.140734871981431,317.51348266601565,343.67932461334175,291.34764071868955,8.430494647222279,24.89719517224909
2026-03-02 05:00:00,306.3043518066406,308.27296712894787,301.088022863519,303.0166882830762,34790200,308.1960418701172,315.9405883789062,319.75750549316405,249.97195442199708,310.29819878118917,314.0362686675036,314.031909555442,40.937584447279306,-4.283126963335519,-3.7799399021976257,-0.5031870611378935,-1.4278406135153854,315.9405883789062,340.7270287059506,291.15414805186185,8.431925316751338,25.272605819913952
2026-03-03 05:00:00,303.3664245605469,303.72618716624237,296.5012623376298,298.37994467731505,35497000,308.3519317626953,313.9364974975586,319.8946087646484,250.66479377746583,309.03787619561786,313.0200930382696,313.6136552419167,38.69963066315392,-4.58175629978723,-3.9403031817155467,-0.6414531180716834,-1.7540490694530453,313.9364974975586,335.649249932222,292.2237450628952,8.43906022485405,23.986356470203976
2026-03-04 05:00:00,302.9167785644531,305.2551289128473,300.5384478137644,302.6769571429086,29536200,308.3319488525391,312.10878601074216,319.9079998779297,251.3624104309082,307.9249493535879,312.05787261219183,313.1941698820162,38.354045998548635,-4.799380602396127,-4.112118665851663,-0.6872619365444637,-0.8471762357121659,312.10878601074216,330.70119852483055,293.5163734966538,7.9622535619055395,23.94691460721262
2026-03-05 05:00:00,300.6683349609375,303.08661540637286,297.78035344585857,302.82681905445145,35752300,308.1350860595703,310.5019165039063,319.78248779296877,252.03767349243165,306.60556491856056,310.9731547406438,312.7029606694249,36.59427273835557,-5.094553199849884,-4.308605572651308,-0.7859476271985759,-0.37745601983654176,310.5019165039063,326.99976073380975,294.0040722740028,7.696013806016168,23.381520832129613
2026-03-06 05:00:00,298.30999755859375,300.31859339921897,294.97235071392555,295.88171424137005,25576900,306.49024353027346,308.86656799316404,319.5574462890625,252.6994009399414,305.0972799440211,309.76713977092476,312.13853074350993,34.79115928772285,-5.455885674966737,-4.538061593114394,-0.9178240818523431,-1.5857297112265023,308.86656799316404,323.13569454082955,294.59744144549853,7.725278732476434,23.40370879760749
2026-03-09 04:00:00,306.3599853515625,306.79998779296875,294.0799865722656,294.3599853515625,29312100,305.99915466308596,308.05292358398435,319.4020684814453,253.4141340637207,305.3268627453923,309.44264887384264,311.9119211202963,44.791013598815454,-5.034641315291992,-4.637377537549914,-0.39726377774207844,1.230194231853643,308.05292358398435,320.790512489351,295.3153346786177,7.957896806378122,24.731715912018068
2026-03-10 04:00:00,307.0400085449219,309.510009765625,305.57000732421875,306.1700134277344,23239700,305.63502502441406,307.20033111572263,319.26548767089844,254.1094464111328,305.6383437998522,309.213825985374,311.7208657251836,45.55062811330144,-4.592984866329573,-4.628499003305846,0.035514136976273036,-2.4521708543064347,307.20033111572263,317.45918728514715,296.9414749462981,7.944532722803883,24.658774769450005
2026-03-11 04:00:00,308.70001220703125,311.4200134277344,305.9200134277344,306.75,24125700,305.23703918457034,306.71753845214846,319.17369873046874,254.8015486907959,306.1950107829756,309.1648913398176,311.6024008813345,47.45133510055261,-4.062194081517475,-4.515238018948172,0.4530439374306967,-0.8259243093244439,306.71753845214846,315.5796510479081,297.8554258563888,7.949806088025221,24.138993750607067
2026-03-12 04:00:00,303.54998779296875,308.94000244140625,301.0299987792969,306.82000732421875,24928300,304.8756591796875,306.357975769043,318.97791015625,255.47985939025878,305.7140975120652,308.6301386210701,311.2866199759084,42.495159495419124,-4.010867703866097,-4.414363955931758,0.4034962520656604,-2.295380193617047,306.357975769043,315.11563014433005,297.6003213937559,7.540493516475871,23.36930200030192
2026-03-13 04:00:00,302.2799987792969,307.614990234375,300.44000244140625,307.17999267578125,23640054,303.9495880126953,306.03284454345703,318.75092529296876,256.1297466278076,305.0897159242891,308.0253633980441,310.93341914466873,41.34824590403062,-4.026256500769819,-4.33674246489937,0.3104859641295512,-3.326044559898822,306.03284454345703,314.89370107437,297.1719880125441,7.364192240805559,23.318391317183725
