Date,Close_META,High_META,Low_META,Open_META,Volume_META,SMA_10,SMA_20,SMA_50,SMA_200,EMA_10,EMA_20,EMA_50,RSI_14,MACD,MACD_Signal,MACD_Histogram,ROC_12,BB_Middle,BB_Upper,BB_Lower,ATR_14,Volatility_20,Sentiment_1d,Sentiment_3d,Sentiment_7d,News_Volume_7d,Sentiment_Momentum
2020-10-15 04:00:00,264.64324951171875,266.9451926519491,261.61700972164607,265.5164024462862,15416100,263.92981872558596,258.76683807373047,266.2668783569336,221.87395133972169,265.0608373743303,263.4026974899009,260.04206722839626,51.37105136074535,1.3545757056710954,-0.1771456864439923,1.5317213921150876,1.8831840341033468,258.76683807373047,275.07561120849084,242.4580649389701,6.7194095006470445,30.62923695150175,0.0,0.0,0.0,0.0,0.0
2020-10-16 04:00:00,263.85931396484375,269.25695752401367,263.2342146501678,265.2980355710011,16622700,264.52414855957034,259.4316177368164,266.27977569580077,222.1525151824951,264.8423785726054,263.44618477322877,260.1917631788452,50.69193435260558,1.2070657784830132,0.0996966065414088,1.1073691719416043,1.5387339950819312,259.4316177368164,275.4131196859399,243.45011578769294,6.810834785283747,30.404430425470203,0.0,0.0,0.0,0.0,0.0
2020-10-19 04:00:00,259.3646545410156,266.4589764240774,257.8565006211909,263.462501957598,13587000,264.20168151855466,260.0889610290527,266.14007171630857,222.41411239624023,263.84642874867995,263.0574676082561,260.15932754598913,46.86642641110248,0.7191912572355932,0.22359553668024568,0.4955957205553475,-1.9615169301121504,260.0889610290527,274.8141426377412,245.3637794203642,6.963918230147807,30.377400317509256,0.0,0.0,0.0,0.0,0.0
2020-10-20 04:00:00,265.4766540527344,267.60000557641126,260.83310192276537,261.01169309392856,18763200,265.0847503662109,260.7244728088379,266.2305618286133,222.68677253723143,264.1428333494171,263.28786631725404,260.3678501540968,52.15411687559999,0.8163243853157951,0.3421413064073556,0.47418307890843947,2.9314342536708837,260.7244728088379,275.2142312656204,246.23471435205542,7.128342001647395,30.07971710253447,0.0,0.0,0.0,0.0,0.0
2020-10-21 04:00:00,276.5596923828125,280.8460318857518,274.21805267032346,277.3832163022332,28998600,267.12969970703125,262.19840545654296,266.67904205322264,223.01256591796874,266.40044408276174,264.55184975206913,261.0028243591445,59.93940366646439,1.767240014725985,0.6271610480710815,1.1400789666549036,5.320234337111152,262.19840545654296,276.84108698551046,247.55572392757546,7.7704460418857355,31.571111442464368,0.0,0.0,0.0,0.0,0.0
2020-10-22 04:00:00,275.9544372558594,280.25073903320055,272.8984327390067,277.6908110286055,16720000,268.5545166015625,263.6167739868164,267.04080352783205,223.32461700439453,268.13753375059764,265.6378104667158,261.5891621198,59.37124385189353,2.443837434880436,0.9904963254329524,1.4533411094474835,7.523387962222539,263.6167739868164,277.7882084468128,249.44533952681996,7.767610706440645,31.674209746257297,0.0,0.0,0.0,0.0,0.0
2020-10-23 04:00:00,282.57257080078125,283.0190488336719,274.6646257653282,276.6291896699702,17535200,270.57268981933595,265.10360794067384,267.50694732666017,223.65447868347167,270.76208594154014,267.2506447842458,262.41204089160317,63.45084046698409,3.4740274065635504,1.4872025416590722,1.9868248649044782,10.332416253674982,265.10360794067384,280.6824173739981,249.52479850734957,8.014955387690971,31.870479860470518,0.0,0.0,0.0,0.0,0.0
2020-10-26 04:00:00,274.9523010253906,283.00910103507454,272.1245164393334,280.9552115795528,21322900,270.70762634277344,266.1102066040039,267.82187591552736,223.94742973327638,271.52394322951295,267.98413585483104,262.9038157988105,56.425338309396615,3.6336814774343793,1.9164983288141337,1.7171831486202456,5.0614120939303175,266.1102066040039,281.4917250955789,250.7286881124289,8.264425486932371,33.900119348285756,0.0,0.0,0.0,0.0,0.0
2020-10-27 04:00:00,281.0841979980469,282.29469979597246,274.15853619942936,276.5894716208232,16287200,271.41705932617185,267.1768341064453,268.26102935791016,224.2519401550293,273.2621713692464,269.2317608208516,263.6167719634865,60.24031680026737,4.206511274625598,2.3745009179764267,1.832010356649171,7.124242398514169,267.1768341064453,283.623513779542,250.73015443334862,8.465704960123693,34.09262001027905,0.0,0.0,0.0,0.0,0.0
2020-10-28 04:00:00,265.5858459472656,276.61925709522393,265.17903470962136,276.61925709522393,23121800,271.0052917480469,267.4630889892578,268.366799621582,224.4930977630615,271.8664758379772,268.8845308328911,263.6939905510857,48.64739265753337,3.3710363222244837,2.5738079988260383,0.7972283233984454,-2.9301914544782703,267.4630889892578,283.5693828736872,251.35679510482845,9.141119588162708,40.08140297821618,0.0,0.0,0.0,0.0,0.0
2020-10-29 04:00:00,278.6433410644531,281.39179220538097,271.6482470679973,274.3966679289681,32368100,272.4053009033203,268.1675598144531,268.7287594604492,224.78917434692383,273.09863315188187,269.8139413311351,264.2802395908256,56.281077564268465,3.719669103084982,2.802980219677827,0.9166888834071552,1.6984105768480973,268.1675598144531,284.95614963458326,251.378969994323,10.087265950930275,43.19647385190016,0.0,0.0,0.0,0.0,0.0
2020-10-30 04:00:00,261.06134033203125,274.54555158800633,257.0825838595243,272.362669266961,47247800,272.12550354003906,268.3248260498047,268.6116793823242,224.9942649078369,270.91003445736357,268.9803602836014,264.1540082473435,46.30059750382906,2.5478722877473388,2.7519586332917294,-0.20408634554439065,-3.2043264919557224,268.3248260498047,284.76437462469374,251.88527747491565,10.512491699813918,48.27684474225554,0.0,0.0,0.0,0.0,0.0
2020-11-02 05:00:00,259.3249816894531,268.36406506435355,255.33629315337143,262.53977496028796,27165700,272.1215362548828,268.16160888671874,268.4995602416992,225.18883811950684,268.8036612268344,268.06080041749203,263.964634656838,45.44352635731142,1.462249338000845,2.4940167742335526,-1.0317674362327076,-2.0095988966573386,268.16160888671874,284.9029697457332,251.42024802770433,11.038366052496045,47.91448913053976,0.0,0.0,0.0,0.0,0.0
2020-11-03 05:00:00,263.2342834472656,267.9472985392612,258.84871583422796,261.1109618671874,17961900,271.8972991943359,268.49102478027345,268.3787075805664,225.40643058776857,267.7910470850946,267.60113213461335,263.9359934329332,47.78696538989037,0.906879368446539,2.17658929307615,-1.2697099246296109,-0.23688021778962565,268.49102478027345,284.52254455403084,252.45950500651608,11.17443989102299,47.43904016679466,0.0,0.0,0.0,0.0,0.0
2020-11-04 05:00:00,285.142333984375,286.69018469531346,276.4505336229866,278.8120067096619,35364400,272.7555633544922,269.94263153076173,268.5088864135742,225.73415855407714,270.9458265213274,269.2717227869716,264.76761463102895,58.535967085819294,2.209076393910493,2.1830867132430187,0.025989680667474424,9.938778855190122,269.94263153076173,286.502784925277,253.38247813624642,12.27225340825001,55.51516232683318,0.0,0.0,0.0,0.0,0.0
2020-11-05 05:00:00,292.3855285644531,295.0645176913189,286.7001633898219,289.6271756640322,23823600,274.39867248535154,271.47659454345705,268.3257241821289,226.10584182739257,274.843954165532,271.4730376229222,265.8506700793985,61.36769133687454,3.7819462647627233,2.5028586235469596,1.2790876412157637,10.136060591743611,271.47659454345705,290.346893287753,252.60629579916113,12.550784896328441,55.66410510370069,0.0,0.0,0.0,0.0,0.0
2020-11-06 05:00:00,291.1254577636719,292.30619462052846,285.81710782166357,291.66126169971534,13891000,275.25396118164065,272.91332550048827,268.3294955444336,226.48025382995604,277.804227547012,273.344696683946,266.84183822387985,60.59243151101703,4.870634147963415,2.9764137284302508,1.894220419533164,5.266770893242656,272.91332550048827,293.1937894117386,252.632861589238,12.40549524917866,55.776411007025025,0.0,0.0,0.0,0.0,0.0
2020-11-09 05:00:00,276.599365234375,290.3018321753482,276.3612436678267,287.61294188655734,25117700,275.4186676025391,273.0631469726562,268.03401336669924,226.79726608276368,277.58516167198707,273.6546651173202,267.2244863419385,52.3777149461755,4.509312325935014,3.2829934479312035,1.2263188780038101,0.23370813853507144,273.0631469726562,293.40922728964415,252.7170666556683,12.871842610639339,57.31033308184285,0.0,0.0,0.0,0.0,0.0
2020-11-10 05:00:00,270.3087463378906,271.8665289718165,261.94439287795456,270.9735427793602,29067700,274.34112243652345,272.8790908813477,267.6218472290039,227.06833892822266,276.2621770657877,273.33600618594596,267.34543771432874,49.26295949985321,3.673021501253743,3.360999058595712,0.3120224426580309,-4.340061892113667,272.8790908813477,293.25644959173235,252.50173217096304,12.820813648025268,57.93429220177584,0.0,0.0,0.0,0.0,0.0
2020-11-11 05:00:00,274.3272705078125,276.2323039649721,270.35841547877567,271.3406974088748,14957000,275.21526489257815,273.1102783203125,267.2456015014648,227.33251609802247,275.9103758734285,273.43041231183804,267.61923507877907,51.25705990028585,3.296516127936002,3.3481024724637702,-0.051586344527768446,-0.22732325397794018,273.1102783203125,293.44080286995876,252.7797537706662,12.718760171802957,57.857045911775295,0.0,0.0,0.0,0.0,0.0
2020-11-12 05:00:00,272.9380798339844,277.57173026289297,272.29314710652244,275.02173426728365,12899500,274.6447387695313,273.52501983642577,266.70147003173827,227.65771385192872,275.36995841171137,273.3835235044234,267.82781722604204,50.51788534264473,2.853147520980656,3.2491114821671476,-0.3959639611864918,-2.8981060557943916,273.52501983642577,293.46290997540905,253.5871296974425,12.499057320947731,57.42412788527408,0.0,0.0,0.0,0.0,0.0
2020-11-13 05:00:00,274.7935791015625,275.5972697257865,270.97355054002895,275.55757270188633,10391200,276.01796264648436,274.07173309326174,266.4202767944336,228.02999244689943,275.26516217350246,273.51781451367475,268.10098435841536,51.52344690051566,2.6212814882044313,3.123545483374605,-0.5022639951701735,3.46695175770968,274.07173309326174,293.4864476164568,254.65701857006667,12.051852648806044,57.41308099825287,0.0,0.0,0.0,0.0,0.0
2020-11-16 05:00:00,276.7878723144531,277.2343805060042,272.4916011386614,272.90831385615263,12970400,277.7642517089844,274.9428939819336,266.34546356201173,228.40093124389648,275.5420185627662,273.82924858993937,268.44164663120114,52.637505125890506,2.568836830069529,3.01260375271359,-0.44376692264406126,-0.6658938063661912,274.9428939819336,293.10197894571934,256.78380901814785,11.80946806100602,56.954019872253625,0.0,0.0,0.0,0.0,0.0
2020-11-17 05:00:00,272.85870361328125,275.5178284394877,271.16202706192706,275.5178284394877,15040300,278.72669372558596,275.31199645996094,266.4216635131836,228.72424377441405,275.05414311740526,273.73681573501955,268.61486455206705,50.19018220411154,2.185035257590357,2.8470900536889436,-0.6620547960985865,4.519000502428083,275.31199645996094,292.9536526672052,257.6703402527167,11.075231058441775,56.798841021959625,0.0,0.0,0.0,0.0,0.0
2020-11-18 05:00:00,269.8523254394531,275.23013630396935,269.7233328307537,272.3824579271771,12152900,277.19769287109375,274.976628112793,266.38693572998045,229.03113525390626,274.1083580850503,273.3668642782989,268.66339243000374,48.33829337643949,1.6196102936891634,2.601594101688988,-0.9819838079998244,4.0595177839853,274.976628112793,292.7727541501906,257.18050207539534,10.339578002377511,54.95706784306525,0.0,0.0,0.0,0.0,0.0
2020-11-19 05:00:00,270.8147888183594,271.34066082761194,267.09398773026356,268.9097253380734,12963700,275.0406188964844,274.71964569091796,266.4831802368164,229.33916793823244,273.50952730928833,273.1238094725904,268.74776091582163,48.98722712046263,1.234934135175763,2.328262108386343,-1.09332797321058,2.879756113763343,274.71964569091796,292.6045348170069,256.83475656482904,9.102857708978906,54.973800948167494,0.0,0.0,0.0,0.0,0.0
2020-11-20 05:00:00,267.6000061035156,270.87429870110765,267.31225569610524,270.4377223174348,18114700,272.6880737304688,273.9710174560547,266.544499206543,229.6237843322754,272.43506890823875,272.5977329612499,268.7027509231822,46.869481221191755,0.6630264538438269,1.9952149774778398,-1.332188523634013,-6.152130283755286,273.9710174560547,291.7248365019421,256.2171984101673,8.42673421569464,54.33654641687746,0.0,0.0,0.0,0.0,0.0
2020-11-23 05:00:00,266.3399353027344,268.8403333850211,262.47030765153033,268.78080298115344,20990800,271.66213073730466,273.5403991699219,266.5897445678711,229.8984789276123,271.32686279814703,272.0017522318675,268.6100914870862,46.0295272013053,0.10687630967419182,1.6175472439171104,-1.5106709342429185,-8.90796250744581,273.5403991699219,291.6089981958696,255.47180014397418,8.23183728915589,53.557827897937436,0.0,0.0,0.0,0.0,0.0
2020-11-24 05:00:00,274.7638244628906,275.65681071523977,265.78427252771075,266.39944016199667,16930400,272.1076385498047,273.22438049316406,266.6790444946289,230.24441429138184,271.9517649190095,272.2648067300602,268.8514143488825,52.19719692465008,0.34191933417287146,1.3624216619682625,-1.020502327795391,-5.620131412232321,273.22438049316406,290.9553720866503,255.4933888996778,7.2615970705474036,54.19573823129025,0.0,0.0,0.0,0.0,0.0
2020-11-25 05:00:00,273.44415283203125,277.99840979634354,270.5270423142432,275.97431577662064,12467000,272.0193267822266,273.61729583740237,266.91856475830076,230.56604026794435,272.22310817592256,272.3771254064384,269.03152174037854,51.20988003723774,0.41690038470386526,1.173317406515383,-0.7564170218115178,-1.1407157061514628,273.61729583740237,290.9800311254091,256.25456054939565,7.086538768772864,50.27951204796264,0.0,0.0,0.0,0.0,0.0
2020-11-27 05:00:00,275.6468505859375,276.9565797708799,272.68014168909747,275.2301378416092,7808400,272.2902038574219,273.46747131347655,267.3747839355469,230.88687255859375,272.8456067959253,272.68852780448594,269.2909464009887,52.8142122568672,0.6466090014178008,1.0679757254958666,-0.42136672407806586,1.9748174339035751,273.46747131347655,290.69881211923644,256.23613050771667,6.92282572155807,47.17938360996854,0.0,0.0,0.0,0.0,0.0
2020-11-30 05:00:00,274.8133850097656,275.53771179376014,268.89980079782725,273.8807018610428,16693300,272.2921844482422,274.15507354736326,267.8597772216797,231.19837776184082,273.20338465298715,272.89089515736975,269.5075126209407,52.11589930434434,0.7527240938902651,1.0049253991747462,-0.25220130528448115,0.17720239808942662,274.15507354736326,290.3694869823183,257.94066011240824,6.350171128148434,40.952266766579214,0.0,0.0,0.0,0.0,0.0
2020-12-01 05:00:00,284.3188171386719,287.04740475144206,276.7879189610211,276.9863738084787,20738900,273.04527893066404,275.4047653198242,268.62179779052735,231.53945106506347,275.22437237765706,273.97926867939856,270.0883480922243,58.80559558238825,1.5855527368069602,1.1210508667011891,0.46450187010577104,4.169713992129598,275.4047653198242,290.6290166327859,260.1805140068625,6.177245941381004,42.27432390295441,0.0,0.0,0.0,0.0,0.0
2020-12-02 05:00:00,285.2812194824219,289.508058754062,278.64330863186876,283.1380346522925,17361600,274.28753051757815,276.50711212158205,269.2720938110352,231.88687446594238,277.0528900330688,275.05564494635314,270.6841469702713,59.42369320178851,2.2967576697979553,1.3561922273205425,0.9405654424774128,3.8165521971614824,276.50711212158205,291.20451634337894,261.80970789978517,6.530188262460415,42.105990838127774,0.0,0.0,0.0,0.0,0.0
2020-12-03 05:00:00,279.6554260253906,284.4180394796772,278.88150058207015,284.021160071813,12921700,275.26784057617186,276.23276672363284,269.92358154296875,232.22060554504395,277.5260783953091,275.4937193348329,271.03596183517794,54.29517528399351,2.379014390870509,1.560756660030536,0.818257730839973,1.0360113277216643,276.23276672363284,290.44843300714206,262.0171004401236,6.610269387030501,30.895044652914716,0.0,0.0,0.0,0.0,0.0
2020-12-04 05:00:00,277.5221862792969,281.25288923153835,277.1252765720726,278.11749028021455,10880300,275.93858032226564,275.489599609375,270.52228393554685,232.56549919128418,277.5253707378523,275.6869066628771,271.29032357808455,52.44679323120638,2.2461762935510023,1.6978405867346293,0.548335706816373,1.709119996635744,275.489599609375,287.53870517093304,263.4404940478169,6.574833206581088,29.368015788633517,0.0,0.0,0.0,0.0,0.0
2020-12-07 05:00:00,283.3564147949219,286.2437606997679,276.03390209887874,277.016184109819,13007700,277.51422119140625,275.1011474609375,271.1326943969727,232.98649559020996,278.58556056641044,276.4173360087861,271.7635036258037,56.780311104315196,2.5819119530963803,1.8746548600069795,0.7072570930894009,5.00425161557434,275.1011474609375,285.4018710683168,264.80042385355824,6.965338866120114,30.508775923877824,0.0,0.0,0.0,0.0,0.0
2020-12-08 05:00:00,281.193359375,284.1997657052833,279.35775795539723,283.78305290383537,10747700,278.9995635986328,275.3308471679687,271.6601550292969,233.41627296447754,279.0597058043358,276.87219537699696,272.13330189047804,54.78685778453288,2.6429777844489877,2.028319444895381,0.6146583395536065,3.832349999025242,275.3308471679687,285.9715184751471,264.69017586079036,6.909350473074402,24.690848721769704,0.0,0.0,0.0,0.0,0.0
2020-12-09 05:00:00,275.7560119628906,285.39039736328687,269.6340408403183,281.4513082325447,25189700,279.0987823486328,275.60321044921875,271.9802423095703,233.81673049926758,278.4590341968003,276.7658921947011,272.27536895214126,50.0317724963883,2.2269534680532956,2.0680462495269643,0.15890721852633138,3.0478347060350908,275.60321044921875,285.97817110696127,265.22824979147623,7.641461405199611,24.283829659112975,0.0,0.0,0.0,0.0,0.0
2020-12-10 05:00:00,274.9622497558594,276.55972952390835,269.743196117083,273.3945654669271,20065100,279.25059204101564,275.6349594116211,272.2822723388672,234.2501791381836,277.8232552075383,276.5941167243352,272.38073682679686,49.358284295965454,1.8123100416205489,2.0168990079456814,-0.20458896632513257,3.2373344400359994,275.6349594116211,285.9973584330851,265.2725603901571,7.825022855876536,23.76171449152422,0.0,0.0,0.0,0.0,0.0
2020-12-11 05:00:00,271.4200134277344,274.3272222377273,268.1457207169015,272.3923936395362,14391400,278.8279083251953,275.5590560913086,272.41959411621093,234.65242248535156,276.65902942939215,276.1013449818018,272.34306139938263,46.359179496153196,1.1842222934069468,1.8503636650379347,-0.6661413716309879,-1.2169764493898505,275.5590560913086,286.0263396874556,265.0917724951616,8.057486144016211,24.151247841553456,0.0,0.0,0.0,0.0,0.0
2020-12-14 05:00:00,272.0550537109375,275.06145975530757,269.4455270568558,271.24143127887464,16376900,278.5520751953125,275.42212982177733,272.7023748779297,235.0381453704834,275.82194293512765,275.71598390838614,272.33176698022794,46.98115074569171,0.7292938261628024,1.6261496972629084,-0.896855871100106,-0.5080010330105855,275.42212982177733,286.00261060415113,264.84164903940353,8.003622355799141,24.032194578357956,0.0,0.0,0.0,0.0,0.0
2020-12-15 05:00:00,273.4044189453125,273.93029089129226,265.38734715528943,272.69002401115574,23979500,277.46063537597655,275.2529571533203,272.9186767578125,235.48295448303222,275.3823931187976,275.4958348642839,272.3738317631724,48.35154385657268,0.4721990192275598,1.3953595616558387,-0.9231605424282789,-0.8135161478748265,275.2529571533203,285.84967701645184,264.6562372901888,7.908651323547271,23.948884422050167,0.0,0.0,0.0,0.0,0.0
2020-12-16 05:00:00,273.5235595703125,275.69647968054255,270.3881606955199,272.6206414843473,15885000,276.2848693847656,275.28619995117185,273.2562286376953,235.8992377471924,275.0444233827094,275.30799912200087,272.4189191281583,48.47816936314911,0.27489437397360916,1.1712665241193927,-0.8963721501457835,-0.46934593066029207,275.28619995117185,285.8554304229652,264.7169694793785,7.754147859470294,23.39653187515663,0.0,0.0,0.0,0.0,0.0
2020-12-17 05:00:00,272.3428039550781,278.2563886222878,271.4795526748358,274.91263358441915,16377800,275.55360717773436,275.4107238769531,273.5808807373047,236.34231079101562,274.5532198504128,275.0255995822939,272.41593421941,47.24200282990785,0.02298693190158474,0.9416106056758311,-0.9186236737742464,-4.21217747883097,275.4107238769531,285.7669319744824,265.0545157794238,7.932747707018117,23.08835840634358,0.0,0.0,0.0,0.0,0.0
2020-12-18 05:00:00,274.2478332519531,275.8353810694954,269.02881030122415,273.62273383854944,26693200,275.226171875,275.58237609863284,273.8317120361328,236.81515007019044,274.4976950143292,274.95152659845195,272.48777339715684,49.48030054375011,-0.022670258938603638,0.7487544327529442,-0.7714246916915478,-3.867547345207767,275.58237609863284,285.7295341150232,265.43521808224244,7.936999205601045,23.179483371436746,0.0,0.0,0.0,0.0,0.0
2020-12-21 05:00:00,270.6659851074219,272.5313517179054,265.70491658165054,270.85450813379794,16553700,273.95712890625,275.7356750488281,273.9972149658203,237.3275789642334,273.8010204858006,274.5433797897824,272.41633071912804,45.5659461940205,-0.3439146876912105,0.5302206086641134,-0.8741352963553238,-3.214470409436143,275.7356750488281,285.4588490310698,266.0125010665864,7.673348986217198,23.268950009796995,0.0,0.0,0.0,0.0,0.0
2020-12-22 05:00:00,265.0103454589844,269.38601137682167,262.569508309428,269.38601137682167,17312900,272.3388275146484,275.6691955566406,273.8253631591797,237.76861785888673,272.2027159354704,273.63547175827784,272.1258999246126,40.163191282338374,-1.0428447996925456,0.2156075269927816,-1.2584523266853271,-4.5084110168116975,275.6691955566406,285.67687589514793,265.6615152181333,7.475615177345816,24.444935996855072,0.0,0.0,0.0,0.0,0.0
2020-12-23 05:00:00,266.02239990234375,270.050815371756,264.15706358620935,264.8119282601544,14329000,271.36546630859374,275.2321243286133,273.6660137939453,238.2541574859619,271.07902211126554,272.9104172958079,271.88654698256283,41.499904606418966,-1.497821657776683,-0.12707830996111133,-1.3707433478155717,-6.117389262256001,275.2321243286133,286.1302193505621,264.3340293066645,7.439474669145454,21.46301715304396,0.0,0.0,0.0,0.0,0.0
2020-12-24 05:00:00,265.31793212890625,268.2945731706217,264.1272938801952,266.7864192769376,6702000,270.4010345458984,274.82581329345703,273.57830200195315,238.8144110107422,270.031551205382,272.1873234703887,271.6289542432038,40.81639219312126,-1.8934126748657718,-0.4803451829420435,-1.4130674919237283,-5.645733342131399,274.82581329345703,286.57712093415114,263.0745056527629,7.442307999928362,21.433029616682266,0.0,0.0,0.0,0.0,0.0
2020-12-28 05:00:00,274.8431396484375,275.14079158661707,263.59144218595503,266.6474464444262,23299700,270.74334716796875,274.785627746582,273.7822998046875,239.34385604858397,270.90638546775574,272.4402583444886,271.75500072968356,52.26460783756721,-1.4219256904019062,-0.6686612844340161,-0.7532644059678901,-0.33104348585371035,274.785627746582,286.53060874782585,263.04064674533817,7.537985914197853,25.041390849313196,0.0,0.0,0.0,0.0,0.0
2020-12-29 05:00:00,274.6249084472656,278.3258764729374,274.1288015940637,274.79359810053637,16383000,271.0003326416016,274.77620391845704,273.99761169433594,239.99261505126952,271.58248055493937,272.64832025903877,271.86754613037306,52.016349799798284,-1.0537315312669762,-0.7456753338006081,-0.30805619746636803,-0.12268640836815559,274.77620391845704,286.5213935987589,263.0310142381552,7.491919280554113,25.018521096108326,0.0,0.0,0.0,0.0,0.0
2020-12-30 05:00:00,269.75311279296875,275.9147509123316,269.59435497972174,275.78578857652786,11803800,270.6352020263672,274.04791870117185,274.205380859375,240.6000978088379,271.2498682345811,272.37258621465116,271.78462717596506,46.68508030591261,-1.1418852589966946,-0.8249173188398256,-0.316967940156869,-0.6141406500259516,274.04791870117185,285.08681665536614,263.00902074697757,6.817922095528489,22.18052682115727,0.0,0.0,0.0,0.0,0.0
2020-12-31 05:00:00,271.0331115722656,274.9325043424121,267.7091894539124,269.88213998871845,12900400,270.3861572265625,273.33551330566405,274.31651000976564,241.22618476867675,271.2104579323419,272.2450172010906,271.75515597582,48.18763185862496,-1.0958304677413366,-0.8790999486201279,-0.21673051912120878,-0.3756379911830976,273.33551330566405,283.0858019366015,263.5852246747266,6.846977915648084,22.23385527400876,0.0,0.0,0.0,0.0,0.0
2021-01-04 05:00:00,266.8459167480469,272.85872848796714,263.13504773019605,272.6404402939786,15106100,269.8364685058594,272.6950378417969,274.12223449707034,241.8007260131836,270.4169049897428,271.7308171579436,271.5626367904172,43.83547412586745,-1.3812807971200414,-0.9795361183201106,-0.4017446787999308,-2.3988281617999374,272.6950378417969,282.380001772775,263.01007391081873,7.05463160984903,21.842483675740635,0.0,0.0,0.0,0.0,0.0
2021-01-05 05:00:00,268.860107421875,270.27896553417906,266.1215883285125,266.2009823694545,9871600,269.2976959228516,272.2619338989258,273.9803479003906,242.40220573425293,270.1338508864941,271.457416230699,271.45665524655277,46.3458262849289,-1.4285069467596259,-1.0693302840080137,-0.3591766627516122,-1.704954467455555,272.2619338989258,281.81176717294056,262.71210062491105,6.950449074650087,22.010740974812624,0.0,0.0,0.0,0.0,0.0
2021-01-06 05:00:00,261.2597351074219,265.66516548406366,257.9854426588152,259.95993784061505,24354100,268.35707092285156,271.15709991455077,273.55409118652346,242.97377029418945,268.5203752902991,270.4862085046726,271.0567760254104,39.22188981346452,-2.0555257164705267,-1.2665693705005163,-0.7889563459700104,-4.069528802194588,271.15709991455077,280.4107701184562,261.90342971064536,7.117000576582727,22.27569470142546,0.0,0.0,0.0,0.0,0.0
2021-01-07 05:00:00,266.6474609375,269.49510899402355,262.7183037402035,263.82957807641225,15789800,268.5207824707031,270.42980499267577,273.38799438476565,243.50837471008302,268.179845407972,270.12061349827525,270.8838617082374,45.60488623871242,-2.093564849127006,-1.4319684662258143,-0.6615963829011915,-2.7713518186561648,270.42980499267577,278.58327554634985,262.2763344390017,7.326075926695515,23.859040194239476,0.0,0.0,0.0,0.0,0.0
2021-01-08 05:00:00,265.48663330078125,266.85589308419407,261.13080051963345,266.2208617666856,18528300,268.4672058105469,269.9163360595703,273.0760430908203,244.0608395385742,267.69017047939184,269.67928205089487,270.67220569225873,44.52001146259092,-2.192110934346829,-1.5839969598500174,-0.6081139744968114,-1.9135584416287266,269.9163360595703,277.95006886976296,261.88260324937767,7.250951399346134,23.03915852821661,0.0,0.0,0.0,0.0,0.0
2021-01-11 05:00:00,254.84014892578125,261.4185302363456,253.90746567716673,258.45182112764303,30412300,267.4194274902344,268.9102310180664,272.86112915039064,244.52469947814942,265.3538029241899,268.26603127707455,270.05134072102436,36.049799887084575,-3.09363028533852,-1.885923624947718,-1.207706660390802,-3.8376601923177267,268.9102310180664,279.04775199587084,258.7727100402619,7.591851174727798,26.759535336130615,0.0,0.0,0.0,0.0,0.0
2021-01-12 05:00:00,249.13491821289062,257.6977267357879,248.3510761020939,254.63179023434895,26383500,264.8486053466797,267.79597625732424,272.27096069335937,244.99252830505372,262.40491479486275,266.444020509057,269.2310888579603,32.483236410831125,-4.219811938735347,-2.3527012877052442,-1.867110651030103,-6.3481427487506625,267.79597625732424,281.15803598150876,254.43391653313975,7.649260743541469,27.399192438660762,0.0,0.0,0.0,0.0,0.0
2021-01-13 05:00:00,249.68063354492188,251.97264457383557,247.25962990122798,249.59133795314094,19528900,262.3541778564453,266.67725524902346,272.0433465576172,245.41764236450194,260.0914091130553,264.84750746485366,268.4644043358803,33.164370738523985,-5.01052612002394,-2.884266254168984,-2.126259865854956,-5.89379634407331,266.67725524902346,282.1221127293346,251.23239776871233,7.4075848774424475,27.394567124395667,0.0,0.0,0.0,0.0,0.0
2021-01-14 05:00:00,243.72735595703125,253.04424135584142,242.7053771272773,251.42692829090055,29739400,259.75160217285156,265.1934020996094,271.73139404296876,245.80877296447753,257.11612672105093,262.83606446410863,267.494324007298,29.65019578927361,-6.047836854597222,-3.5169803742546315,-2.53085648034259,-11.321288110450078,265.1934020996094,283.37661558448815,247.0101886147306,7.725092909086551,28.026230449742464,0.0,0.0,0.0,0.0,0.0
2021-01-15 05:00:00,249.40281677246094,251.88335082886272,245.2355225857016,245.96975097681036,24942900,257.5885726928711,263.9873649597168,271.45476470947267,246.2640005493164,255.7137067303982,261.55670754109457,266.7848531353436,36.55252458146798,-6.338880164446834,-4.081360332293072,-2.257519832153762,-9.184196662062039,263.9873649597168,283.02389217427515,244.9508377451584,8.010001164901196,29.794686883794085,0.0,0.0,0.0,0.0,0.0
2021-01-19 05:00:00,259.0670166015625,260.15845778432646,250.7522605182706,254.899706732813,28028500,256.81068267822263,263.32357559204104,270.9332583618164,246.7745442199707,256.32339943424626,261.319594118282,266.4821928791169,46.22735958951626,-5.723734279364294,-4.409835121707317,-1.3138991576569765,-3.9614357294210922,263.32357559204104,282.0567920271558,244.59035915692633,7.9533077085585875,33.508130649873024,0.0,0.0,0.0,0.0,0.0
2021-01-20 05:00:00,265.3973693847656,268.2152530627242,261.54757483263694,266.83606128782753,25199900,256.4644088745117,262.8810523986816,270.3934951782227,247.33663368225098,257.9732121525225,261.7079536674709,266.4396507812992,51.44972884988163,-4.671569226814881,-4.46218194272883,-0.20938728408605112,-2.079355601537758,262.8810523986816,280.93348084161545,244.8286239557478,8.306962107293442,34.69938509203463,0.0,0.0,0.0,0.0,0.0
2021-01-21 05:00:00,270.7453308105469,271.46965766775173,265.40721658830023,267.16345410838227,20838700,257.41296844482423,262.88501968383787,269.98589263916017,247.869055557251,260.29541554489055,262.5686562525258,266.6085009785246,55.391312064660966,-3.3673681263014146,-4.243219179443347,0.8758510531419326,1.4612980067376435,262.88501968383787,280.9446851417005,244.82535422597522,8.289240132320316,35.219395033991454,0.0,0.0,0.0,0.0,0.0
2021-01-22 05:00:00,272.36260986328125,276.3016987289684,269.88207607581967,269.89200790055463,21954000,257.98448333740237,263.25263290405275,269.9011575317383,248.39329147338867,262.48945087550703,263.50141373926436,266.83415230733857,56.54038164369765,-2.1781698681162993,-3.8302093171779377,1.6520394490616384,1.3027229941221297,263.25263290405275,281.78751960881664,244.71774619928888,8.231833544080965,34.36091642426318,0.0,0.0,0.0,0.0,0.0
2021-01-25 05:00:00,275.84527587890625,277.918998393061,269.3958883380603,275.9742684745155,19087000,259.02034759521484,263.74377670288084,270.0118881225586,248.90790290832518,264.9177826943069,264.6770196573255,267.187529702302,58.99015845040433,-0.9438198712192616,-3.2529314279862027,2.309111556766941,5.582774079399289,263.74377670288084,283.0904925822032,244.39706082355846,8.14607849388308,34.58473969057544,0.0,0.0,0.0,0.0,0.0
2021-01-26 05:00:00,279.8538513183594,283.16787159655127,275.6468750801152,275.97432254542565,19373600,261.52171783447267,264.4705726623535,270.1224197387695,249.43804260253907,267.6334315350437,266.1224321964716,267.6842481970494,61.66846185689149,0.3537916414196616,-2.5315868141050304,2.885378455524692,4.9527530974520895,264.4705726623535,285.11490469562193,243.82624062908508,8.3863370160809,34.81276044609357,0.0,0.0,0.0,0.0,0.0
2021-01-27 05:00:00,270.0210266113281,281.24296012848583,266.03230851624016,280.33011028325467,35346200,263.6103286743164,264.22946701049807,270.0640786743164,249.92100257873534,268.06753973073177,266.4937269026484,267.7758865662368,52.59471413434488,0.58202214744,-1.9088650217960246,2.4908871692360246,1.7079554078376802,264.22946701049807,284.47246381732623,243.98647020366994,8.696050362451318,35.012580569922974,0.0,0.0,0.0,0.0,0.0
2021-01-28 05:00:00,262.9366149902344,284.55695871630996,262.6389630097755,275.02176987618066,37758800,264.93592681884763,263.64505233764646,269.82693939208986,250.35177215576172,267.1346443233686,266.15495433956136,267.58611121031515,47.20548976220727,0.18906424195631644,-1.4892791690455565,1.678343411001873,3.177076335334861,263.64505233764646,283.2904633307089,243.99964134458403,9.673380492446515,36.171770028480864,0.0,0.0,0.0,0.0,0.0
2021-01-29 05:00:00,256.318603515625,264.48453481506306,252.8657185221048,263.23433561122147,30389500,266.195051574707,262.9733268737793,269.4175540161133,250.75540481567384,265.1680914492334,265.218159022996,267.14424816346457,42.79409037866556,-0.6488958784565853,-1.3212025109277623,0.6723066324711771,2.8834518076650273,262.9733268737793,282.65804961690264,243.28860413065593,10.094360758760633,36.694977018831054,0.0,0.0,0.0,0.0,0.0
2021-02-01 05:00:00,259.9699401855469,262.11312556743917,252.92521634580092,257.4993073019976,22914300,267.25176391601565,262.42016830444334,269.1597787475586,251.18086624145508,264.222973037654,264.7183286575247,266.86290275256584,45.80338742904517,-1.0067477953850243,-1.2583115678192147,0.25156377243419037,4.12098707638604,262.42016830444334,281.7701852181108,243.0701513907759,9.9235565871909,37.08959596595532,0.0,0.0,0.0,0.0,0.0
2021-02-02 05:00:00,265.0003967285156,266.75663419137607,261.22006530975233,261.9443921433572,17320800,267.84510192871096,262.3278923034668,269.0627401733398,251.6166463470459,264.36432279962884,264.7451922833334,266.7898633006423,49.72710940651575,-0.8743532163841223,-1.1815198975321963,0.307166681148074,8.728212181169681,262.3278923034668,281.60651431353403,243.04927029339956,9.740702542343413,37.448969521314446,0.0,0.0,0.0,0.0,0.0
2021-02-03 05:00:00,264.57373046875,267.1038931262707,261.78561288501646,263.55175174887563,14223400,267.7627380371094,262.1135734558105,268.93791900634767,252.0552542114258,264.4023969212872,264.7288625867064,266.7029561307642,49.40042952321743,-0.7946971855653828,-1.1041553551388337,0.30945816957345085,6.0828958921221865,262.1135734558105,281.1805761994636,243.04657071215746,9.783935797246745,37.342451682296,0.0,0.0,0.0,0.0,0.0
2021-02-04 05:00:00,264.4150085449219,266.07201868018495,261.9444062212849,264.93097902725805,16060000,267.12970581054685,262.27133712768557,268.8742190551758,252.5299787902832,264.40468994376624,264.69897172558404,266.6132326960253,49.27075588275558,-0.7358938141972544,-1.0305030469505179,0.29460923275326345,2.064327606622518,262.27133712768557,281.3607946521479,243.18187960322322,9.340274956556454,35.88032379813272,0.0,0.0,0.0,0.0,0.0
2021-02-05 05:00:00,266.0124816894531,267.0741575464519,263.60140982277744,264.7225857955426,12454400,266.49469299316405,262.2395881652832,268.8676699829102,252.95573776245118,264.6970157157093,264.82406791261917,266.58967383302246,50.67414131232829,-0.5540027873314557,-0.9352029950267055,0.38120020769524976,0.23177030959780076,262.2395881652832,281.3004913241338,243.17868500643254,9.005757303116667,35.18081223511106,0.0,0.0,0.0,0.0,0.0
2021-02-08 05:00:00,264.5042724609375,267.7587316645188,262.9365883891931,266.6573891682855,13755200,265.3605926513672,262.190470123291,268.6624789428711,253.35981658935546,264.66197148756896,264.7936112029352,266.50789338705835,49.287798287250936,-0.5254951373628387,-0.8532614234939321,0.3277662861310934,-2.305139789825783,262.190470123291,281.2211814801516,243.1597587664304,8.581936036220965,35.206080468947846,0.0,0.0,0.0,0.0,0.0
2021-02-09 05:00:00,267.3519592285156,271.2612831266557,263.6807568981955,264.3653866856333,14613400,264.1104034423828,262.81606063842776,268.54063507080076,253.75362609863282,265.1510601677411,265.0372633958476,266.54099400829193,51.96019451793881,-0.2700056394054968,-0.7366102666762451,0.46660462727074825,-1.8396984216302092,262.81606063842776,281.65099100046297,243.98113027639258,8.469956733885144,31.995691177533285,0.0,0.0,0.0,0.0,0.0
2021-02-10 05:00:00,269.75311279296875,271.6680778178337,265.6354323142313,270.3286136509837,14687200,264.0836120605469,263.84697036743165,268.4227603149414,254.17219131469727,265.9877970086916,265.48639190985915,266.66695945082824,54.15401985749431,0.12478619620861764,-0.5643309740992726,0.6891171703078902,-2.2085435636069795,263.84697036743165,281.76360712547125,245.93033360939205,8.467125106786309,30.656943832162085,0.0,0.0,0.0,0.0,0.0
2021-02-11 05:00:00,268.2846984863281,271.44983258670095,266.39946808051525,269.77301915620467,12828600,264.61842041015626,264.777173614502,268.29218658447263,254.6061856842041,266.40541545917097,265.7528972980943,266.73040019731843,52.57286004816971,0.3155355108044091,-0.38835767711853625,0.7038931879229453,-4.133998077042822,264.777173614502,281.4882204851646,248.0661267438393,8.369320953431806,30.84123837681968,0.0,0.0,0.0,0.0,0.0
2021-02-12 05:00:00,268.3937683105469,269.0684662649887,266.2505833847128,268.4136016809876,9097600,265.82593688964846,266.01049423217773,267.97368560791017,254.9847646331787,266.7669341594211,266.00440882308976,266.7956303194058,52.68336953599945,0.47008785994614755,-0.2166685697055995,0.686756429651747,-0.6026413280487031,266.01049423217773,279.51327370863777,252.50771475571773,7.961804726665747,29.113378761243787,0.0,0.0,0.0,0.0,0.0
2021-02-16 05:00:00,271.8367614746094,274.4462880900078,267.9472708355453,268.6914310362883,15417200,267.0126190185547,267.13219146728517,267.7047964477539,255.32836814880372,267.6887209440008,266.55987098037735,266.9933217372569,56.15629978205457,0.8604734815072561,-0.0012401594630283563,0.8617136409702845,3.384901902956927,267.13219146728517,278.36194846124755,255.90243447332278,7.888806207953349,28.471378093766,0.0,0.0,0.0,0.0,0.0
2021-02-17 05:00:00,271.4399108886719,271.8367903151839,267.4809576103231,269.12803599630945,12763200,267.6565704345703,267.75083618164064,267.54048614501954,255.6820925140381,268.37075547939554,267.02463668592924,267.1676977824104,55.64928874040909,1.1248676000172964,0.22398139243303658,0.9008862075842597,5.899418600774764,267.75083618164064,278.46104110894527,257.040631254336,7.113462000283001,25.469581841797932,0.0,0.0,0.0,0.0,0.0
2021-02-18 05:00:00,267.2924499511719,269.8325144750873,263.95859633855946,267.4710411411446,15249100,267.9284423828125,267.84559020996096,267.33589141845704,256.0002459716797,268.1746999288094,267.05014271119046,267.17259002432263,50.51608415429667,0.9883434004166816,0.3768537940297656,0.611489606386916,2.816675558873749,267.84559020996096,278.5015208145113,257.1896596054106,6.08227048911,24.817617436334576,0.0,0.0,0.0,0.0,0.0
2021-02-19 05:00:00,259.52337646484375,268.16554809850663,258.12435171092875,267.7587369051026,25622600,267.4392791748047,267.2844924926758,266.85923065185546,256.27057441711423,266.60173202627016,266.333307830586,266.8726208651274,42.590776624268344,0.25036167361031403,0.3515553699458753,-0.10119369633556125,-2.0667970053202978,267.2844924926758,278.4663500173458,256.10263496800576,5.9695833530114015,25.772444861506127,0.0,0.0,0.0,0.0,0.0
2021-02-22 05:00:00,258.302978515625,261.021664636817,255.524792274946,255.94153535102737,17434900,266.6683288574219,266.58151092529295,266.40142303466797,256.5278554534912,265.0928677516074,265.5685145624945,266.53655645926455,41.489635486692315,-0.42803594503442355,0.19563710694981554,-0.6236730519842391,-2.370134004617541,266.58151092529295,278.17922267503775,254.98379917554814,5.705937863028025,25.6131557713901,0.0,0.0,0.0,0.0,0.0
2021-02-23 05:00:00,263.7898864746094,265.3774342503566,252.97477970473903,257.47942267295707,21924600,266.5968902587891,265.97874145507814,266.16210052490237,256.79872970581056,264.8559620648805,265.39912141126734,266.42884391084675,47.999152141545984,-0.5169640888965432,0.05311686778054381,-0.570080956677087,-0.23641701496165402,265.97874145507814,276.7746184942825,255.18286441587378,6.107077901584337,26.445735164040507,0.0,0.0,0.0,0.0,0.0
2021-02-24 05:00:00,262.2519836425781,264.3058731357695,256.37809587571655,260.2873897430093,15736100,266.08689270019534,265.09864807128906,265.9078952026367,257.05650680541993,264.38251144264365,265.0993940047255,266.2650454689539,46.439633302195105,-0.7034275148320717,-0.09819200874197928,-0.6052355060900924,-1.413654736421377,265.09864807128906,273.79826485362713,256.399031288951,6.2934705457842455,25.72526761523986,0.0,0.0,0.0,0.0,0.0
2021-02-25 05:00:00,252.70689392089844,264.8615109881435,252.06194597211868,260.25762517278304,19053100,264.3822708129883,264.2329414367676,265.5336328125,257.2624407196045,262.2596718932354,263.9191559015039,265.7333532513831,38.15388670852294,-1.6029324842906476,-0.399140103851713,-1.2037923804389346,-4.4601844916442035,264.2329414367676,274.22064575809765,254.24523711543756,6.912895728436014,25.936468631943704,0.0,0.0,0.0,0.0,0.0
2021-02-26 05:00:00,255.6140594482422,263.48230592627357,254.47301987913823,254.47301987913823,26619500,263.1152069091797,263.86681365966797,265.2048129272461,257.498190612793,261.0513787214185,263.1281943345266,265.33651820027956,41.5731293414168,-2.057495167761715,-0.7308111166337135,-1.3266840511280016,-4.390429684579422,263.86681365966797,274.56611321511707,253.16751410421887,7.4345146057003495,24.926832182828846,0.0,0.0,0.0,0.0,0.0
2021-03-01 05:00:00,262.8472900390625,264.57373189281464,255.89186349959488,258.7891403322834,22157300,262.56055908203126,264.19324798583983,264.9936703491211,257.79491188049315,261.37790805189917,263.1014415444824,265.23890140964363,49.111604372270286,-1.8131769362532282,-0.9472842805576165,-0.8658926556956117,-2.5600530360538776,264.19324798583983,274.3051385039653,254.0813574677144,7.73005240350369,25.355665709707203,0.0,0.0,0.0,0.0,0.0
2021-03-02 05:00:00,256.98333740234375,264.6332962265504,256.6360565660787,263.71054479187086,15191700,261.07521667480466,264.0439178466797,264.6628659057617,258.05382987976077,260.57889520652543,262.5187649595168,264.91515380151424,44.13949100569992,-2.068876230892158,-1.1716026706245248,-0.8972735602676334,-4.2124508582662585,264.0439178466797,274.5007419476841,253.58709374567528,7.759817648647366,26.201701580837494,0.0,0.0,0.0,0.0,0.0
2021-03-03 05:00:00,253.42127990722656,258.95781848728717,253.1136961127763,258.26328713334885,15513500,259.27335357666016,263.46496200561523,264.2844354248047,258.27474609375,259.27751060665287,261.6523378116796,264.4644136487971,41.39773599635347,-2.5297862336426533,-1.4432393832281507,-1.0865468504145026,-5.5785529215403695,263.46496200561523,274.9321816149387,251.99774239629178,7.746351710855115,25.516541066208585,0.0,0.0,0.0,0.0,0.0
2021-03-04 05:00:00,255.6339569091797,264.4150240918917,251.52617758116583,254.47305353562282,31626500,258.1075042724609,263.0179733276367,263.9121578979492,258.49526580810544,258.61504629802135,261.0791586781082,264.11812122763564,43.73569072126423,-2.685558740101669,-1.6917032546028543,-0.9938554854988149,-5.960490581750511,263.0179733276367,274.9890845384324,251.04686211684103,8.306243282607985,25.80570835050616,0.0,0.0,0.0,0.0,0.0
2021-03-05 05:00:00,262.2221984863281,263.3831016749771,253.61970873593322,258.64032206827693,26820100,258.37738647460935,262.90833282470703,263.7432821655273,258.73042037963864,259.2708921504408,261.18801961222437,264.0437713162118,50.1170084620159,-2.2514403359867856,-1.8036506708796405,-0.44778966510714513,-3.3958574375322015,262.90833282470703,274.86572887641756,250.95093677299647,8.80235114394856,27.57714394165756,0.0,0.0,0.0,0.0,0.0
2021-03-08 05:00:00,253.3220672607422,263.5120906541324,253.06409715938335,263.48232545551326,18391800,257.8792953491211,262.2738121032715,263.5095166015625,258.85613403320315,258.189287625041,260.4388812930356,263.6233123336444,43.018821072719746,-2.5956436175847557,-1.9620492602206636,-0.6335943573640921,-5.226628246694487,262.2738121032715,274.8675464516033,249.68007775493967,9.0844208753976,29.91587961804134,0.0,0.0,0.0,0.0,0.0
2021-03-09 05:00:00,263.67083740234375,266.43912187751977,257.78701790933485,259.14634572246285,22039700,257.86739044189454,262.2321403503418,263.4624853515625,259.0265466308594,259.185933039096,260.7466866367792,263.62517606182865,51.60231196731628,-2.0101956517848976,-1.9716785385335105,-0.03851711325138707,1.5981068811586674,262.2321403503418,274.8002887593952,249.66399194128843,9.710222440534512,33.55182049681842,0.0,0.0,0.0,0.0,0.0
2021-03-10 05:00:00,262.83740234375,266.8757193587203,260.82320974954456,266.548302161812,14210300,257.9259323120117,262.0064125061035,263.4128747558594,259.1753290557861,259.8498365490331,260.94580241839543,263.59428297484516,50.93683627740682,-1.5950879835185674,-1.896360427530522,0.3012724440119545,1.7554671085028506,262.0064125061035,274.3475027854489,249.66532222675815,9.608164944753321,33.32554543919288,0.0,0.0,0.0,0.0,0.0
2021-03-11 05:00:00,271.74749755859375,275.7361857987075,265.73468485814243,266.0224050343976,21834000,259.8299926757812,262.10613174438475,263.3509619140625,259.38210670471193,262.0130476416805,261.97453528889054,263.91401688009023,57.279791709022156,-0.540906710803597,-1.625269684185137,1.08436297338154,3.016647525927918,262.10613174438475,274.7395495278059,249.47271396096363,9.812278306709006,35.3897744666688,0.0,0.0,0.0,0.0,0.0
2021-03-12 05:00:00,266.31011962890625,267.63968219657,261.9642192904478,267.04437827071723,20600200,260.8995986938477,262.00740280151365,263.18466613769533,259.57687805175783,262.7943334575397,262.38744808317773,264.0079816937693,52.79425290958035,-0.14256797915521702,-1.3287293431791531,1.1861613640239361,1.5474186047945926,262.00740280151365,274.46718477388197,249.54762082914533,10.118450157157222,36.0906277644516,0.0,0.0,0.0,0.0,0.0
2021-03-15 04:00:00,271.61846923828125,273.8112527855251,266.4093479104238,266.98481846727327,16844800,261.7767166137695,262.1686378479004,263.22197326660154,259.81644790649415,264.3987217813109,263.26659295509234,264.30643218571095,56.38514459802237,0.5946035655239825,-0.9440627614385262,1.5386663269625087,7.483600872124385,262.1686378479004,275.0526245725816,249.28465112321925,9.768341486514455,36.7875438100518,0.0,0.0,0.0,0.0,0.0
2021-03-16 04:00:00,277.1053466796875,279.94309264213257,272.66021991471524,273.9302518075718,22437700,263.7889175415039,262.4320671081543,263.34341796875,260.0852878570557,266.70901721737937,264.5845695002919,264.808350401161,59.78995125321818,1.6030831349942218,-0.43463358215197656,2.0377167171461985,8.407709371634532,262.4320671081543,276.32436749657063,248.53976671973797,9.79668763964291,37.196678445699725,0.0,0.0,0.0,0.0,0.0
2021-03-17 04:00:00,281.798583984375,284.0012993075215,273.26554127849425,273.5631932356945,21315000,266.62664794921875,262.95000076293945,263.64247131347656,260.34375946044923,269.45257481137855,266.22399945115694,265.474634071091,62.48748066319587,2.7493230027879463,0.20215773483600796,2.5471652679519385,7.210001648674447,262.95000076293945,278.879362390331,247.0206391355479,9.649272854857369,37.5919358459746,0.0,0.0,0.0,0.0,0.0
2021-03-18 04:00:00,276.4505615234375,282.9694124523862,276.11321251700224,277.69082858237186,18728300,268.7083084106445,263.40790634155275,263.7942803955078,260.5714723968506,270.7249360317529,267.19795774375507,265.905062598634,57.73443586927356,3.189419990610986,0.7996101859910036,2.3898098046199827,7.575286521637414,263.40790634155275,280.3567544274477,246.4590582556578,9.369329135572286,37.84136285610704,0.0,0.0,0.0,0.0,0.0
2021-03-19 04:00:00,287.8510437011719,290.5201004362551,279.0104480701917,279.0302814393915,38930500,271.2711929321289,264.8242897033691,264.3261065673828,260.8688882446289,273.8387737898291,269.1649183111281,266.76568930853745,64.01766521906742,4.407318830113695,1.5211519148155421,2.886166915298153,13.58597975929625,264.8242897033691,284.85981577923644,244.7887636275018,9.7343195975898,38.42168256039854,0.0,0.0,0.0,0.0,0.0
2021-03-22 04:00:00,291.2544250488281,297.3763667697082,284.5172853838437,288.1884882749741,28273100,275.0644287109375,266.4718620300293,264.81824584960935,261.2025202178955,277.0052558369198,271.2686808575757,267.7260318865881,65.65894259784034,5.582782030333533,2.3334779379191404,3.2493040924143926,13.934169220055326,266.4718620300293,289.45235999879895,243.49136406125962,10.081594006546428,38.28889593569168,0.0,0.0,0.0,0.0,0.0
2021-03-23 04:00:00,288.3670349121094,295.67964408375025,287.5534125169044,290.86740220961764,23000900,277.53404846191404,267.7007194519043,265.2758538818359,261.49948974609373,279.0710338505906,272.89709552943606,268.5354829856281,63.032100536582504,6.2097744181141366,3.1087372339581396,3.101037184155997,9.970489369970092,267.7007194519043,292.62373525374943,242.7777036500592,10.244601805998926,38.27314826614013,0.0,0.0,0.0,0.0,0.0
2021-03-24 04:00:00,279.943115234375,289.4485066914686,278.97073515982777,288.7341118015862,18675000,279.24461975097654,268.5852760314941,265.7779132080078,261.7512141418457,279.2295941021878,273.56814502514453,268.98284111302996,55.99371875014636,5.958247517802647,3.678639290727041,2.279608227075606,10.508775749975218,268.5852760314941,293.9459713974184,243.22458066556982,10.072382164635707,39.99100465693368,0.0,0.0,0.0,0.0,0.0
2021-03-25 04:00:00,276.56964111328125,285.8170802003852,275.5873592254311,278.7922204243197,24505600,279.7268341064453,269.7784133911133,266.3266076660156,261.95000411987303,278.7459662860229,273.8540017954433,269.28036268166727,53.42112099255809,5.424172979205707,4.027746028422775,1.3964269507829323,4.892009991705981,269.7784133911133,294.2225006623408,245.33432611988582,10.105691310057862,37.62782488888564,0.0,0.0,0.0,0.0,0.0
2021-03-26 04:00:00,280.8163146972656,282.2848018961399,275.6071926939098,276.1330647516216,17629200,281.1774536132813,271.0385261535645,266.9493212890625,262.17965209960937,279.1223932698852,274.5170792146645,269.7327529567888,56.15221361838827,5.282690558466697,4.27873493443156,1.0039556240351377,6.84031731907091,271.0385261535645,295.00181966733885,247.07523263979013,9.836378146306512,37.74363585857723,0.0,0.0,0.0,0.0,0.0
2021-03-29 04:00:00,288.5555725097656,290.89718212081135,282.4832299943889,283.5448755560306,21718800,282.8711639404297,272.3239402770996,267.8458856201172,262.5090174102783,280.83751676804525,275.85407857610267,270.47090274318003,60.67729037641598,5.729017597819677,4.568791467109183,1.1602261307104937,6.185181134022311,272.3239402770996,297.1786426626879,247.46923789151134,9.619507632504236,37.684059317511895,0.0,0.0,0.0,0.0,0.0
2021-03-30 04:00:00,285.7574462890625,290.1926411978719,284.46758103932046,287.57318340584686,17474500,283.7363739013672,273.76264572143555,268.5729782104492,262.80380378723146,281.7320494082302,276.7972564535274,271.07037503909703,58.3333432269424,5.790203726740174,4.813073919035381,0.9771298077047925,7.3025113304952205,273.76264572143555,298.206220340774,249.3190711020971,9.596118386031074,36.72812386423533,0.0,0.0,0.0,0.0,0.0
2021-03-31 04:00:00,292.2366943359375,294.1913564992557,286.3627760195834,287.732035744542,19498200,284.7801849365234,275.7034164428711,269.2363717651367,263.1115389251709,283.6419848496315,278.267679108995,271.900426776228,61.99443656047783,6.28901944143729,5.108263023515764,1.1807564179215264,7.590877437560639,275.7034164428711,299.5019440619573,251.90488882378492,9.27719886854791,36.452555047771725,0.0,0.0,0.0,0.0,0.0
2021-04-01 04:00:00,296.33453369140625,300.0454030697104,294.29057598549946,296.0765484516456,17616000,286.7685821533203,277.7384452819824,269.85511505126954,263.42413581848143,285.94972100268143,279.98833192636755,272.85862704741146,64.1404945228518,6.935052905052942,5.473620999823199,1.4614319052297429,6.939305661953266,277.7384452819824,301.2702381114425,254.20665245252232,9.13615818752126,36.52647966999598,0.0,0.0,0.0,0.0,0.0
2021-04-05 04:00:00,306.50469970703125,308.3502024258869,298.3387710674743,298.5471577202137,28237000,288.6339477539062,279.95257034301756,270.5703024291992,263.7881788635254,289.68698985801774,282.5137002864308,274.1780808772005,68.84279672531503,8.173467831866503,6.01359036623186,2.1598774656346436,8.767295908068196,279.95257034301756,305.5773385163706,254.32780216966447,9.458625014511389,37.20813426741995,0.0,0.0,0.0,0.0,0.0
2021-04-06 04:00:00,303.8753356933594,308.9256990987487,302.87319030448623,306.4352333643989,17335200,289.8960388183594,282.48023376464846,271.20055694580077,264.13704109191895,292.26668910080707,284.5481417537573,275.34267910528513,66.41787043087226,8.840841168514544,6.579040526688397,2.261800641826147,9.920317766327557,282.48023376464846,306.9936882607855,257.9667792685114,9.29633111382647,34.390443329470024,0.0,0.0,0.0,0.0,0.0
2021-04-07 04:00:00,310.65216064453125,311.8031320847076,303.12126285402763,303.9547186665781,22855200,292.1245513916016,284.8292999267578,271.8966946411133,264.5056484222412,295.60950210875694,287.0342387909739,276.7273646558438,69.4087410361856,9.803563110215237,7.2239450433937655,2.579618066821471,7.921151387948422,284.8292999267578,310.7190326194448,258.9395672340708,9.14962477108738,32.72763751272821,0.0,0.0,0.0,0.0,0.0
2021-04-08 04:00:00,310.58270263671875,313.4204493921913,307.63582691524516,312.39847055437156,20894100,295.1885101318359,287.21656494140626,272.51127166748046,264.8717751312256,298.33190220475,289.2769496334258,278.05502496881934,69.3405766420549,10.440570111093052,7.867270056933624,2.5733000541594286,6.636217659062282,287.21656494140626,313.37171030057283,261.0614195822397,9.073083524056106,32.606007368967816,0.0,0.0,0.0,0.0,0.0
2021-04-09 04:00:00,310.02703857421875,312.28928426591995,307.9136188596121,308.9752946294777,15988600,298.5342498779297,289.1305419921875,273.31139190673827,265.2201412200928,300.4582906355625,291.25314858016793,279.30882942393305,68.75881316352897,10.776342336298228,8.449084512806545,2.327257823491683,7.511262051403023,289.1305419921875,316.1088753465345,262.1522086378405,8.380663987876838,31.367786930428267,0.0,0.0,0.0,0.0,0.0
2021-04-12 04:00:00,309.1142578125,309.71949362187615,305.53235068829883,308.62805251976675,10881900,301.3640441894531,291.2707489013672,274.2349447631836,265.6047233581543,302.0321028495511,292.9542066022948,280.4776697528965,67.75320748624196,10.843790003700292,8.928025610985294,1.9157643927149977,10.42038221004371,291.2707489013672,317.4046641280697,265.1368336746647,7.783207309309367,29.98825010777982,0.0,0.0,0.0,0.0,0.0
2021-04-13 04:00:00,307.3480529785156,311.9816729088787,306.91147663099315,309.7789578027251,14036900,303.2432922363281,293.0572280883789,275.2555337524414,265.97223915100096,302.99863923663554,294.32504911431585,281.5314102715482,65.74942499162441,10.632163830393154,9.268853254866867,1.3633105755262864,11.128629932533961,293.0572280883789,318.4078211337982,267.7066350429596,7.564919074383632,29.976689031872393,0.0,0.0,0.0,0.0,0.0
2021-04-14 04:00:00,300.46221923828125,305.6316451577821,299.59899799360056,304.90731811295234,17421400,304.71376953125,294.2250717163086,276.0653793334961,266.4025626373291,302.5374719642075,294.90954150707444,282.2737949369103,58.48702156003374,9.795898309858671,9.374262265865228,0.421636043993443,6.995998278160909,294.2250717163086,318.615293637575,269.8348497950422,7.3700107496175065,31.16032886063384,0.0,0.0,0.0,0.0,0.0
2021-04-15 04:00:00,305.4231872558594,307.7251299969415,301.73215157790185,303.95470027690254,14558300,306.0324188232422,295.4063018798828,276.87383514404297,266.8350685119629,303.0621474717805,295.91084110219685,283.18161424353576,61.76387392174398,9.424817093635795,9.384373231419342,0.040443862216452686,5.845534223922466,295.4063018798828,319.54959340012635,271.2630103596392,7.158095734167948,31.137683230890605,0.0,0.0,0.0,0.0,0.0
2021-04-16 04:00:00,303.7959289550781,306.5443797906979,302.2381464580605,305.7704544545926,13059200,306.7785583496094,296.77357025146483,277.65827911376954,267.22753829956054,303.19556228692556,296.6618018500903,283.9900187420276,60.088397372682586,8.896868845038341,9.286872354143142,-0.3900035091048011,6.312515351837411,296.77357025146483,319.44952686588596,274.0976136370437,6.988711743482753,30.150493731863413,0.0,0.0,0.0,0.0,0.0
2021-04-19 04:00:00,299.8866271972656,305.3041352263425,298.2197156252216,302.635078233983,14553500,306.1167510986328,297.3753494262695,278.3677114868164,267.54846969604495,302.5939377251692,296.96892807363076,284.6134151520369,56.14778398243405,8.069992226909562,9.043496328696428,-0.9735041017868653,2.6177181064518384,297.3753494262695,319.6902355118229,275.0604633407161,6.774679756166693,27.501536912950257,0.0,0.0,0.0,0.0,0.0
2021-04-20 04:00:00,300.2934265136719,302.72436183660926,294.89578234939887,299.6385619334526,16796400,305.75856018066406,297.8272994995117,279.05333038330076,267.89192436218264,302.1756629594424,297.2855469726823,285.2283175583755,56.467710632167446,7.362639924819291,8.707325047921,-1.3446851231017085,1.3359539210466398,297.8272994995117,319.9858024466776,275.6687965523458,6.9249311367851885,27.26531957353393,0.0,0.0,0.0,0.0,0.0
2021-04-21 04:00:00,299.1225891113281,299.62862765893846,295.0743715702996,299.59886246672323,14863500,304.60560302734376,298.36507720947264,279.7456967163086,268.1954917907715,301.6205586234216,297.460503366839,285.773190952609,55.21903751394663,6.631141662597827,8.292088370856366,-1.660946708258539,-2.4084820241775162,298.36507720947264,320.0743695341947,276.6557848847506,6.695298617726552,27.00882047665012,0.0,0.0,0.0,0.0,0.0
2021-04-22 04:00:00,294.2111511230469,300.56134207084875,293.7349079979299,298.98369587903517,16375400,302.96844787597655,299.07847900390624,280.2828805541992,268.4716246032715,300.2733936233534,297.1510412483826,286.1040913514497,50.20390049705046,5.5906662995403735,7.751803956593168,-2.1611376570527945,-3.180312264653362,299.07847900390624,319.11187795562864,279.04508005218383,6.6251361419512635,25.382689053939473,0.0,0.0,0.0,0.0,0.0
2021-04-23 04:00:00,298.7853088378906,300.2339323251979,294.83628751007234,296.4337672726164,17536800,301.8442749023437,300.1892623901367,280.8635244750977,268.75713417053225,300.0028327532692,297.30668578071675,286.6013939979768,54.36123532917366,5.076657826539474,7.216774730582429,-2.140116904042955,-3.819980450810212,300.1892623901367,317.20388440113805,283.1746403791354,6.197072746784861,25.15805243966861,0.0,0.0,0.0,0.0,0.0
2021-04-26 04:00:00,300.6803894042969,303.41887809110506,299.21190251430323,300.9780413441826,16172600,301.0008880615234,301.1824661254883,281.51143829345705,269.0475549316406,300.12602487163787,297.62799088772437,287.1535114648913,56.000207330805885,4.7672655031148565,6.726872885088914,-1.9596073819740578,-3.1883015854892505,301.1824661254883,315.54846033386616,286.81647191711045,6.095719922424288,24.819154129437766,0.0,0.0,0.0,0.0,0.0
2021-04-27 04:00:00,301.206298828125,302.96250605186816,298.7654314975515,301.91076202680745,15309300,300.3867126464844,301.81500244140625,282.1676889038086,269.3377773284912,300.32243831827185,297.9687821201435,287.7046011654103,56.46742575654085,4.512489186627533,6.283996145396639,-1.7715069587691055,-2.8451517605236565,301.81500244140625,314.8967179443338,288.7332869384787,5.775377445541194,23.14012444085195,0.0,0.0,0.0,0.0,0.0
2021-04-28 04:00:00,304.7088317871094,308.49909536915743,302.9922911939932,304.9667867574344,33907200,300.8113739013672,302.76257171630857,282.82513031005857,269.6756262207031,301.119964403515,298.6106916122355,288.37143373881025,59.548221550556114,4.54085807286981,5.935368530891274,-1.3945104580214638,-1.425177232705599,302.76257171630857,313.4784720562549,292.04667137636227,5.8831041644045,22.91715086692178,0.0,0.0,0.0,0.0,0.0
2021-04-29 04:00:00,326.9443359375,329.2264152654433,319.1058237242205,327.5495717415354,56526800,302.96348876953124,304.4979537963867,283.93521881103516,270.12103103637696,305.81530468242136,301.30913392892734,289.8840965701314,72.73837271311467,6.285109148756135,6.005316654464246,0.2797924942918888,6.375925524523884,304.4979537963867,318.70823604403705,290.28767154873634,7.321812598120646,33.2006192181199,0.0,0.0,0.0,0.0,0.0
2021-04-30 04:00:00,322.5487976074219,327.25191086363225,321.97332701790543,323.6005719261197,26332400,304.8387756347656,305.8086669921875,285.0403457641602,270.5417295074463,308.8577579415124,303.3319590411649,291.16506523826047,68.01688701775352,7.229421217222011,6.2501375670158,0.9792836502062112,7.350867082435042,305.8086669921875,321.59680197918954,290.0205320051855,7.377805166678281,33.72896631566104,0.0,0.0,0.0,0.0,0.0
2021-05-03 04:00:00,320.0682373046875,325.99175347728556,319.33400895885666,323.6303106363787,18719500,306.8569366455078,306.4868438720703,286.25124298095704,270.94680046081544,310.8960269166351,304.9258903043575,292.2985229663557,65.43551256814561,7.689000833981709,6.537910220408983,1.151090613572726,4.79500269131814,306.4868438720703,323.51723241784896,289.4564553262917,7.491201469574236,32.05024268660924,0.0,0.0,0.0,0.0,0.0
2021-05-04 04:00:00,315.881103515625,319.68129851653737,310.68191400122157,317.5281817062086,24032600,308.41570434570315,307.0871322631836,287.40280548095706,271.325478515625,311.8024044800878,305.96924394352584,293.2233300467192,61.21246606314067,7.627430022526539,6.755814180832495,0.8716158416940445,3.9780567837477188,307.0871322631836,324.57028115954625,289.60398336682096,7.608149206613583,32.292957561069315,0.0,0.0,0.0,0.0,0.0
2021-05-05 04:00:00,312.567138671875,318.56011770266906,312.04126663923637,315.712469321402,15577600,309.7601593017578,307.1828811645508,288.3783505249023,271.6707688903809,311.9414470604127,306.5976148700353,293.9819107771175,58.02083925584075,7.227906635446061,6.850232671755209,0.37767396369085215,4.2284351233401685,307.1828811645508,324.7689105399628,289.5968517891388,7.555002085525899,31.668077922094678,0.0,0.0,0.0,0.0,0.0
2021-05-06 04:00:00,317.5281982421875,317.746486454234,310.8307561707074,312.0710232209815,19012200,312.09186401367185,307.53015594482423,289.4838748168945,272.0590715789795,312.9572200025536,307.63862281024024,294.9052945992771,61.27593935208591,7.228274470146403,6.925841031433448,0.3024334387129546,5.739310356742333,307.53015594482423,325.66462351990293,289.3956883697455,7.741394724875128,32.131925935390235,0.0,0.0,0.0,0.0,0.0
2021-05-07 04:00:00,316.59552001953125,320.4254804771027,316.2681028362469,319.86984325216355,15916700,313.8728851318359,307.8585800170898,290.7616473388672,272.4520378112793,313.6187290965495,308.49166063969653,295.75589167458116,60.328835471194324,7.071787479911734,6.955030321129105,0.1167571587826286,5.8413946469619615,307.8585800170898,326.4164213055539,289.30073872862573,7.532320299141909,32.14912472594164,0.0,0.0,0.0,0.0,0.0
2021-05-10 04:00:00,303.58758544921875,312.1305297025952,302.4564474516533,311.9023399620006,24239200,314.1636047363281,307.5822463989258,291.7211178588867,272.81603134155273,311.7948847970348,308.024605859651,296.0630169206454,48.96224629659101,5.830923547709574,6.730208966445199,-0.8992854187356247,3.1869744876700468,307.5822463989258,326.2257521716833,288.9387406261683,7.983069804903879,35.485114662412194,0.0,0.0,0.0,0.0,0.0
2021-05-11 04:00:00,304.14324951171875,304.45083332141724,297.3565117661836,298.40825581482176,18920100,314.4572998046875,307.42200622558596,292.54703704833986,273.19217948913575,310.40367838152275,307.65495287413364,296.379888786962,49.400814755202255,4.83661391296198,6.351489955748555,-1.5148760427865753,1.7932410046088032,307.42200622558596,326.12896960902054,288.7150428421514,8.117017420036834,35.44389212371786,0.0,0.0,0.0,0.0,0.0
2021-05-12 04:00:00,300.1942138671875,302.5854522871309,295.86817708684436,298.78528750586537,24645500,314.00583801269534,307.4086059570312,293.4112545776367,273.5347411346436,308.54741210618903,306.9444063020435,296.5294701626571,46.35235099497436,3.6874554991319997,5.818683064425244,-2.131227565293244,-0.16169180107574732,307.4086059570312,326.1369325550065,288.68027935905593,8.220491588033658,34.81662900533551,0.0,0.0,0.0,0.0,0.0
2021-05-13 04:00:00,302.88311767578125,306.4550622284353,300.41248534825166,303.6967097732454,18079200,311.59971618652344,307.28160247802737,294.40049133300784,273.90751579284665,307.5175403915694,306.55761690906616,296.77863281023065,48.67480145471373,2.9595948747469265,5.24686542648958,-2.2872705517426537,0.5567011228450713,307.28160247802737,326.10084845320824,288.4623565028465,8.237496385112,34.44795298918414,0.0,0.0,0.0,0.0,0.0
2021-05-14 04:00:00,313.4799499511719,314.3828679110663,306.673349284258,307.12978931670204,19245700,310.6928314208984,307.765803527832,295.55741119384766,274.3175479888916,308.60161485695164,307.2168867226,297.4335864236009,56.64114523983648,3.2009374744793035,4.837679836087526,-1.6367423616082224,2.878524430230689,307.765803527832,326.70537318314325,288.8262338725208,8.727937883831329,36.55943825834102,0.0,0.0,0.0,0.0,0.0
2021-05-17 04:00:00,313.003662109375,313.2219502904879,309.153868886086,311.10853069152074,15401300,309.9863739013672,308.4216552734375,296.5730404663086,274.7191959381104,309.40198708466494,307.7680081880072,298.0441776269646,56.21878021979931,3.3155511652433347,4.533254101918688,-1.2177029366753533,-4.263928839186237,308.4216552734375,327.1193082732839,289.72400227359117,8.737152634600559,36.174745151235214,0.0,0.0,0.0,0.0,0.0
2021-05-18 04:00:00,307.5465393066406,314.03562515796114,307.39771331279434,313.13270708868293,14522400,309.1529174804688,308.78431091308596,297.65752990722655,274.9984545135498,309.06463294320594,307.74691591359135,298.41681926146174,51.48193000646909,2.9322381220028433,4.2130509059355195,-1.2808127839326762,-4.651159270182948,308.78431091308596,327.09552648406464,290.4730953421073,8.690375156324441,36.85414148486457,0.0,0.0,0.0,0.0,0.0
2021-05-19 04:00:00,311.14825439453125,312.2099301973566,301.2062851765557,301.8214527542808,19106200,309.0110290527344,309.3855941772461,298.6070782470703,275.3042050170898,309.44347320708323,308.0708529117761,298.91609122746445,54.22339154966438,2.8858221193868303,3.947605148625782,-1.0617830292389518,-2.7869003763922096,309.3855941772461,327.1423509570203,291.6288373974719,7.725093837929227,36.9703002646904,0.0,0.0,0.0,0.0,0.0
2021-05-20 04:00:00,316.12921142578125,316.76424276633463,310.72166460369823,311.1383774259706,17320200,308.8711303710937,310.4814971923828,299.67291442871095,275.64542739868165,310.6590619741192,308.8383156273957,299.5911155489671,57.776594567120675,3.213910745250246,3.800866267950675,-0.5869555227004293,0.07854471425954301,310.4814971923828,326.9539880535551,294.00900633121046,7.779664860565625,36.5912380499194,0.0,0.0,0.0,0.0,0.0
2021-05-21 04:00:00,313.7677307128906,317.4389030180048,313.3509876603318,316.8039020331024,13600900,308.5883514404297,311.2306182861328,300.51331909179686,275.9783647918701,311.22427447207764,309.3077837307761,300.14706124167,55.57414735319152,3.245954247160455,3.6898838637926312,-0.4439296166321762,0.3841069301517175,311.2306182861328,326.8015351541762,295.65970141808947,7.596105634797348,36.52716874189141,0.0,0.0,0.0,0.0,0.0
2021-05-24 04:00:00,322.102294921875,323.41202409677993,315.5536793273055,315.7322705020775,16445400,310.4398223876953,312.30171356201174,301.62916259765626,276.27280403137206,313.2020963720408,310.52630860611885,301.0080507977564,61.19638198567784,3.8989341442779164,3.7316939198896883,0.16724022438822805,1.4405324330277969,312.30171356201174,327.763687420771,296.83973970325246,7.614532069113303,37.48746362469803,0.0,0.0,0.0,0.0,0.0
2021-05-25 04:00:00,325.2377624511719,326.61692385566414,322.2710226674773,324.5332688679081,16437000,312.5492736816406,313.50328674316404,302.70154846191406,276.5672435760498,315.39039929551916,311.92739944850484,301.95823556847864,63.08887618353967,4.616218548695372,3.9085988456508254,0.7076197030445464,2.7297424900729617,313.50328674316404,329.0694618789144,297.93711160741367,7.4713733455673355,37.539275650277936,0.0,0.0,0.0,0.0,0.0
2021-05-26 04:00:00,325.1087341308594,327.2618208339103,323.2830646151076,325.7933639842611,9686900,315.0407257080078,314.5232818603516,303.6616162109375,276.8880265045166,317.157369265581,313.1827646563481,302.86609825719944,62.95281166564151,5.1152941727730195,4.1499379110752646,0.9653562616977549,7.0889422733791285,314.5232818603516,330.33459533159294,298.7119683891102,7.26158948380134,37.46228547297132,0.0,0.0,0.0,0.0,0.0
2021-05-27 04:00:00,330.1591491699219,331.181128195072,324.2157980675405,325.4461335168576,20477700,317.76832885742186,314.6840225219727,304.62882751464844,277.2681438446045,319.5213292481884,314.79956318145037,303.936413979267,66.04015223550384,5.850895999052227,4.490129528670657,1.36076647038157,8.553831031913383,314.6840225219727,331.0815176512,298.28652739274537,7.462157518563889,27.580483554087575,0.0,0.0,0.0,0.0,0.0
2021-05-28 04:00:00,326.1703186035156,330.27806629264296,325.77340902354615,328.42263209808925,12037400,319.03736572265626,314.86509857177737,305.62322265625,277.6096636199951,320.73023640370246,315.8824922692661,304.80833180766894,61.66896744439557,6.042348028599804,4.800573228656487,1.2417747999433173,8.653099738897874,314.86509857177737,331.70236495040945,298.0278321931453,6.773984997222377,27.492330786481407,0.0,0.0,0.0,0.0,0.0
2021-06-01 04:00:00,326.5672607421875,328.8394383209458,324.0966586152129,327.5793076939704,11765900,320.3937255859375,315.19004974365237,306.3975469970703,277.9461730194092,321.79151355615426,316.9000892666872,305.6616231384344,61.93895151943601,6.155152290406136,5.071489041006417,1.0836632493997191,7.819565266017481,315.19004974365237,332.68802191040675,297.692077576898,6.606017722258039,27.312954820506587,0.0,0.0,0.0,0.0,0.0
2021-06-02 04:00:00,326.58709716796875,329.2859193445906,324.5729047910016,327.8075307847348,11654300,322.2977813720703,315.72534942626953,307.1042004394531,278.28307914733887,322.6634378492114,317.8226614477616,306.482229963122,61.95337349265033,6.174969905098408,5.2921852138248155,0.8827846912735922,4.181175612296251,315.72534942626953,333.9521926262696,297.49850622626946,6.351585017166225,26.798451388094907,0.0,0.0,0.0,0.0,0.0
2021-06-03 04:00:00,323.5013122558594,324.8308747707798,320.961248006466,323.24332704492036,12610800,323.5330871582031,316.2720581054688,307.8068859863281,278.6049530792236,322.8157786504201,318.3634853342471,307.1496449549941,58.25537402156719,5.87396701871927,5.4085415748037065,0.4654254439155636,3.3538425958786755,316.2720581054688,334.754186640253,297.78992957068454,6.3062279314701515,26.73749560834187,0.0,0.0,0.0,0.0,0.0
2021-06-04 04:00:00,327.7777404785156,329.87129645914183,322.6479832868195,323.3623782282559,13289400,324.69794006347655,316.78453521728517,308.7635784912109,278.94235511779783,323.71795352825563,319.26008106227266,307.9585898774851,61.66998399781924,5.912338324717041,5.509300924786373,0.40303739993066756,6.578256811956318,316.78453521728517,335.9684006425573,297.60066979201304,6.000768141258528,26.569105682612726,0.0,0.0,0.0,0.0,0.0
2021-06-07 04:00:00,333.959228515625,335.060601318784,326.36880079638615,326.9145364253234,20136700,326.71708984375,317.65272064208983,309.9113702392578,279.3094245147705,325.5800035259591,320.65999986735386,308.9782227652553,65.99934979933681,6.368134395627521,5.681067618954603,0.6870667766729186,7.331223556269673,317.65272064208983,338.3152100963297,296.99023118785,6.31260524535224,27.18144160056261,0.0,0.0,0.0,0.0,0.0
2021-06-08 04:00:00,331.08184814453125,335.66587042753156,329.65305804593925,334.0783527890586,14580500,327.61504516601565,319.02743377685545,310.91668090820315,279.63025703430174,326.58033891115406,321.65255684613265,309.84503160365824,62.462677621087174,6.423133630747884,5.829480821313259,0.5936528094346247,4.729913016045484,319.02743377685545,339.4063415934986,298.6485259602123,6.267955283668349,22.21611157944589,0.0,0.0,0.0,0.0,0.0
2021-06-09 04:00:00,327.6785583496094,334.17754565379573,327.4305049367785,333.1258016057894,13727900,327.8591247558594,320.20419921875,311.699140625,279.9439951324463,326.7800151726914,322.22646175122566,310.54438559369555,58.4716319090976,6.121538590512216,5.887892375153051,0.2336462153591654,4.433479378237171,320.20419921875,339.6614772513305,300.74692118616946,5.963912119112373,22.812371430569748,0.0,0.0,0.0,0.0,0.0
2021-06-10 04:00:00,329.8713073730469,331.33979432346086,325.9917487704963,328.2143277062519,13240200,328.33538208007815,321.688053894043,312.5814178466797,280.246967086792,327.34206830002876,322.9545422866372,311.3023040948466,60.234606555126,5.990405206550406,5.9083949414325225,0.08201026511788356,2.411970536582553,321.688053894043,339.14355459500314,304.2325531930828,5.914302646992955,21.94130568072491,0.0,0.0,0.0,0.0,0.0
2021-06-11 04:00:00,328.6806640625,330.2384162938498,326.3687895778356,329.99036291102897,13587900,328.1875335693359,322.9779312133789,313.31029724121095,280.4972034454346,327.5854493477508,323.49988721767176,311.98380840730357,58.77553947560492,5.724418556661533,5.8715996644783255,-0.1471811078167926,1.0585799094731563,322.9779312133789,338.2598035032053,307.69605892355247,5.8987106011601815,22.079635453296234,0.0,0.0,0.0,0.0,0.0
2021-06-14 04:00:00,334.1477966308594,334.19742548380253,327.24199776174,329.31572075979597,12250800,328.9852813720703,324.0113235473633,314.0665625,280.66022422790525,328.77860339922506,324.5139738284515,312.85298441607046,63.18528234672297,5.886913454006162,5.874662422383893,0.01225103162226926,2.780319797979258,324.0113235473633,339.3838242808901,308.6388228138365,5.706648768172556,19.49371933883097,0.0,0.0,0.0,0.0,0.0
2021-06-15 04:00:00,334.1279296875,337.27326012162166,332.42132108487635,334.3660512618339,15795200,329.74134826660156,325.06753692626955,314.61902709960935,280.8761794281006,329.7512081789114,325.42958867217044,313.6872959953422,63.15884313002567,5.94555211081439,5.888840360069993,0.05671175074439727,1.2020810350269917,325.06753692626955,340.1557395309295,309.9793343216096,5.7307423469551395,19.453004237274502,0.0,0.0,0.0,0.0,0.0
2021-06-16 04:00:00,328.5020751953125,334.9216985906193,326.16046556361823,334.0783412293465,17232200,329.93284606933594,326.1153137207031,315.11156188964844,281.06182243347166,329.5240930909843,325.7222064362792,314.26826772867435,56.011392725648506,5.4749523854519,5.806062765146374,-0.3311103796944739,0.7148892645352234,326.1153137207031,338.79940899206724,313.431218449339,6.072347833255025,19.369373730297845,0.0,0.0,0.0,0.0,0.0
2021-06-17 04:00:00,333.8898620605469,335.3484174989163,327.5793668014927,327.9167158462907,17794100,330.97170104980466,327.2523941040039,315.57631591796877,281.27668647766114,330.3178692672684,326.5000784004951,315.03774201619876,60.60889301204545,5.473651240751224,5.7395804602673435,-0.2659292195161198,2.242294987475879,327.2523941040039,338.25269550758406,316.2520927004237,6.129756445390176,19.705809725036417,0.0,0.0,0.0,0.0,0.0
2021-06-18 04:00:00,327.0931396484375,333.5325962354284,326.43827503756376,331.92521504508204,23039500,330.9032409667969,327.8005905151367,315.9065246582031,281.4464543914795,329.73155479111733,326.5565604241087,315.5105027076591,53.07308698281582,4.868065351022551,5.565277438418385,-0.6972120873958341,0.1549487058297716,327.8005905151367,337.48042609541255,318.1207549348609,6.340251427810626,20.863976519403618,0.0,0.0,0.0,0.0,0.0
2021-06-21 04:00:00,329.70263671875,330.3277360767431,325.09875148397424,328.51196839114846,11337500,330.4775817871094,328.5973358154297,316.30003662109374,281.5942443084717,329.7262969597778,326.85618673788406,316.06705698260384,55.367575065930744,4.54629195184674,5.361480341104056,-0.8151883892573162,1.9169395078020512,328.5973358154297,335.69176423201856,321.5029073988408,6.374980348313195,20.67454713531893,0.0,0.0,0.0,0.0,0.0
2021-06-22 04:00:00,336.3902282714844,337.2733130481438,330.0103010916536,330.09959669604154,15345300,331.0084197998047,329.31173248291014,316.8455560302734,281.83192924499514,330.93792083463353,327.764190693465,316.8640440919717,60.674421825557296,4.775863777760776,5.244357028435401,-0.46849325067462466,2.6275389477014466,329.31173248291014,336.52879135030787,322.0946736155124,6.5790990465849655,19.80973597998223,0.0,0.0,0.0,0.0,0.0
2021-06-23 04:00:00,337.9380187988281,340.7460001805239,335.56664409367676,336.70768365205276,14817800,332.03436584472655,329.94674530029295,317.45735534667966,282.1189766693115,332.2106659190325,328.7331267034996,317.69047447263273,61.8063132586383,5.0247724153132935,5.20044010581098,-0.17566769049768638,1.1914000103808942,329.94674530029295,337.8562195262609,322.037271074325,6.547206684109564,19.63541942114066,0.0,0.0,0.0,0.0,0.0
2021-06-24 04:00:00,340.5078125,342.21442088527454,339.12865151768773,339.1881819036896,12329100,333.0980163574219,330.71669921875,318.2582672119141,282.4762722015381,333.71923802466296,329.85452535078537,318.58527204233343,63.67569390608353,5.367521729554085,5.233856430559602,0.1336652989944831,2.8470193724887904,330.71669921875,339.5833389384334,321.8500594990666,6.336713035118428,19.71169287300459,0.0,0.0,0.0,0.0,0.0
2021-06-25 04:00:00,338.71197509765625,341.44056268544,337.035131575858,339.92247698416224,14594400,334.1011474609375,331.1443405151367,318.92404296875,282.81188850402833,334.6270084015708,330.6980919933445,319.3745545150912,61.41353206746278,5.431631493748796,5.273411443197441,0.15822005055135513,3.3671463899310083,331.1443405151367,340.6962839092324,321.592397121041,6.0305437913458695,19.24974447055585,0.0,0.0,0.0,0.0,0.0
2021-06-28 04:00:00,352.8708801269531,355.351414273791,339.1088512451318,339.79348109205574,29156100,335.97345581054685,332.47936859130857,319.9055419921875,283.24623008728025,337.9440759880039,332.8097861013072,320.6881359116348,70.35563203043483,6.549446308560391,5.528618416270032,1.0208278922903595,6.972286537154426,332.47936859130857,345.817433136553,319.14130404606414,6.789588562384616,23.332710330683845,0.0,0.0,0.0,0.0,0.0
2021-06-29 04:00:00,349.1501159667969,353.9623284984824,346.33220223052217,353.4959868181793,21417300,337.4756744384766,333.60851135253904,320.8908117675781,283.66931037902833,339.98153780232985,334.3660079932586,321.8042919922294,66.02547930446701,7.05377648620879,5.833650030257783,1.2201264559510063,6.227762732158926,333.60851135253904,348.56462518035437,318.6523975247237,6.852666101737689,23.888553093124536,0.0,0.0,0.0,0.0,0.0
2021-06-30 04:00:00,345.0025939941406,350.17204882576885,344.466820433669,349.4278886007124,15107500,339.1257263183594,334.52928619384767,321.7849951171875,284.0739350128174,340.89445710993175,335.37901618381886,322.7140293256377,61.482925254686194,7.037665596391378,6.074453143484503,0.9632124529068751,3.248501852392227,334.52928619384767,349.92630371003077,319.13226867766457,6.8781791616759245,24.482169052706208,0.0,0.0,0.0,0.0,0.0
2021-07-01 04:00:00,351.6305847167969,351.90840330765593,343.80200504587583,344.1195206582734,17137000,340.89979858398436,335.93574981689454,322.83515502929686,284.4805937957764,342.84648031117996,336.92678461553106,323.8480118899969,65.5606790479802,7.473570391687701,6.354276593125142,1.119293798562559,5.238309483935266,335.93574981689454,352.20550935579536,319.6659902779937,7.180805700659205,24.68417573996688,0.0,0.0,0.0,0.0,0.0
2021-07-02 04:00:00,351.9382019042969,353.66464400562825,349.87438050780213,352.3350813174818,11521300,343.3843048095703,337.1437728881836,323.98969604492186,284.9329441070557,344.49952060083757,338.35644340493735,324.9495879689891,65.74195644225743,7.754461612171326,6.63431359693438,1.1201480152369463,7.13424007901633,337.1437728881836,354.41978650021116,319.86775927615605,6.9547225417851735,24.480095266477385,0.0,0.0,0.0,0.0,0.0
2021-07-06 04:00:00,350.03314208984375,355.9963560178773,346.4611667728856,353.72417820404075,13488500,345.4173553466797,337.94746856689454,325.01465270996096,285.4189303588867,345.5056335988387,339.468509946357,325.9332567580422,63.51234134978175,7.734192564819864,6.854289390511477,0.8799031743083869,4.834911707013578,337.94746856689454,356.0742968998578,319.8206402339313,7.289240413802775,23.994587865759428,0.0,0.0,0.0,0.0,0.0
2021-07-07 04:00:00,347.76092529296875,353.71420672723315,347.2747503320895,352.4938034123803,14218900,346.55442504882814,338.7814224243164,325.95626342773437,285.90491638183596,345.91568663413506,340.25826378889144,326.7892437594119,60.86107872149628,7.448913850878398,6.973214282584862,0.4756995682935363,6.31862400622194,338.7814224243164,357.111849582832,320.4509952658008,7.123399225812956,23.876067657210314,0.0,0.0,0.0,0.0,0.0
2021-07-08 04:00:00,342.9586181640625,345.61774329354535,339.89268183283735,343.03801220730537,14406500,347.0564849853516,339.54542541503906,326.79130981445314,286.38862052917483,345.37803782139457,340.51544039605056,327.4233368733198,55.58027342763519,6.757426952454523,6.930056816558794,-0.1726298641042714,4.020587028735356,339.54542541503906,357.18821443733486,321.90263639274326,7.130484423149227,24.159165316186296,0.0,0.0,0.0,0.0,0.0
2021-07-09 04:00:00,347.69146728515625,347.97918739800417,342.58154354659945,342.63117238947024,13018700,347.7748504638672,340.43643341064455,327.65096252441407,286.86324577331544,345.79866136026027,341.19887152834633,328.2181655169212,59.32598999624187,6.516205216027856,6.8472864964526075,-0.33108128042475116,3.35956221788678,340.43643341064455,357.82011937796557,323.05274744332354,6.9837741966079125,24.456946627583026,0.0,0.0,0.0,0.0,0.0
2021-07-12 04:00:00,350.4101257324219,351.43210443333663,346.9175450888969,348.49516093128256,10018600,348.9446655273438,341.5229064941406,328.1202783203125,287.379891204834,346.637109427926,342.0761338334964,329.08843846654867,61.342540104737616,6.469828116717281,6.7717948205055425,-0.3019667037882616,3.690649243291655,341.5229064941406,358.52496522359456,324.52084776468666,6.932743821727262,24.399445202747692,0.0,0.0,0.0,0.0,0.0
2021-07-13 04:00:00,349.34844970703125,355.6986100896785,346.0840587937821,348.76304737206374,11456000,348.59242248535156,342.2829391479492,328.65627136230466,287.88869812011717,347.1300803877633,342.76873534526163,329.88294871127346,60.08964783394137,6.275070442961692,6.672449944996773,-0.397379502035081,2.5963096535505326,342.2829391479492,359.25583638736134,325.3100419085371,7.07873489076316,23.97067432256681,0.0,0.0,0.0,0.0,0.0
2021-07-14 04:00:00,344.92327880859375,352.4343443386098,344.0302924687415,351.79931298940556,13894200,348.16973876953125,342.8227066040039,329.1533721923828,288.349135055542,346.7288437370052,342.9739299608171,330.47276557783505,55.04327896533184,5.697966661734085,6.477553288344236,-0.7795866266101505,1.8338010367500823,342.8227066040039,359.3852936725468,326.26011953546094,7.3090703038361005,24.548431439389976,0.0,0.0,0.0,0.0,0.0
2021-07-15 04:00:00,341.77789306640625,346.5107713852772,337.57091703181555,346.5107713852772,14781600,347.84726867675784,343.4864974975586,329.67130798339844,288.7839228820801,345.82867088780534,342.8600216851589,330.91610391072015,51.718564554676135,4.929971769238932,6.168036984523176,-1.2380652152842435,-3.143639128441522,343.4864974975586,358.6363831236129,328.3366118715043,7.642174037194333,23.920089021998077,0.0,0.0,0.0,0.0,0.0
2021-07-16 04:00:00,338.5036315917969,343.2960104688672,337.4915845124047,342.2244329895084,11026100,346.5345733642578,343.7171859741211,330.1900378417969,289.177682800293,344.49684556125834,342.44512739055307,331.2136540158604,48.43862399115421,4.010889707124477,5.736607529043437,-1.72571782191896,-3.049257006694639,343.7171859741211,358.38461936816594,329.04975258007624,7.74210224054294,23.634532558637304,0.0,0.0,0.0,0.0,0.0
2021-07-19 04:00:00,334.3263854980469,337.1442684957518,331.9351470822577,334.9415530868475,14372300,344.7733917236328,344.07884826660154,330.52600158691405,289.5500109863281,342.6476710043108,341.6719138769811,331.33572191712267,44.556314457666204,2.9118754150020436,5.171661106235159,-2.259785691233115,-3.0945299200489718,344.07884826660154,357.3063860198801,330.85131051332297,7.022748335786113,22.84124616615582,0.0,0.0,0.0,0.0,0.0
2021-07-20 04:00:00,338.99969482421875,340.77576560791334,331.8954419693958,336.16194824446416,11024300,343.6700469970703,344.543701171875,330.9740850830078,289.9222398376465,341.98440260793035,341.41741682433707,331.6362698742637,49.43873763949056,2.390440170384238,4.615416919064975,-2.224976748680737,-3.5920908025537712,344.543701171875,356.20467895041685,332.88272339333315,7.112048147968778,23.174580511613108,0.0,0.0,0.0,0.0,0.0
2021-07-21 04:00:00,343.5341491699219,343.8218693320699,338.59291420253294,338.84096761953117,9279700,343.24736938476565,344.90089721679686,331.77301635742185,290.3503305053711,342.2661747101106,341.6190103810594,332.1028533760542,53.69920250213281,2.3163896539405187,4.155611466040084,-1.8392218120995656,-2.3879342137061665,344.90089721679686,355.9308631726294,333.8709312609643,7.0780286292142875,22.553029290245206,0.0,0.0,0.0,0.0,0.0
2021-07-22 04:00:00,348.45550537109375,348.8027861958201,342.5220569930656,343.9806122329509,12385400,343.79705810546875,345.42677154541013,332.65926147460937,290.7796614074707,343.391507557562,342.27010514201504,332.74413384644794,57.85043124404167,2.624562084125728,3.849401589657213,-1.2248395055314854,-0.4507106696614027,345.42677154541013,356.054524635313,334.7990184555073,6.947623696426746,23.01015357692791,0.0,0.0,0.0,0.0,0.0
2021-07-23 04:00:00,366.9106750488281,372.40751658266703,354.40877765238,358.09981344980844,33694300,345.71897888183594,346.7469146728516,333.9935906982422,291.330984954834,347.66771982870125,344.61682608552104,334.0839982073256,69.05502765837211,4.3083054486299375,3.941182361451758,0.36712308717817965,5.506584657182745,346.7469146728516,360.807047103761,332.6867822419421,8.387748533122972,29.335197289720337,0.0,0.0,0.0,0.0,0.0
2021-07-26 04:00:00,369.55987548828125,371.5244693516764,365.35289943975135,366.7022954251453,14925200,347.6339538574219,348.2893096923828,335.3271258544922,291.89823333740236,351.64811176680666,346.99235460006963,335.47520908108856,70.27650229999502,5.7897123311053065,4.310888355382468,1.4788239757228387,7.7564043926411586,348.2893096923828,365.1310252453511,331.4475941394145,8.147490009332492,29.15163154795688,0.0,0.0,0.0,0.0,0.0
2021-07-27 04:00:00,364.94610595703125,370.24452329824976,361.71147971727765,369.01418804237403,15705400,349.1937194824219,348.89307098388673,336.35644897460935,292.41443252563477,354.065928892302,348.702235681685,336.630930527204,65.43240351078101,6.5163291301973345,4.751976510345441,1.764352619851893,4.962629312304556,348.89307098388673,367.22609317914623,330.5600487886272,8.297031951177384,26.15993543875263,0.0,0.0,0.0,0.0,0.0
2021-07-28 04:00:00,370.37347412109375,374.61021509469094,364.0729119989861,371.6435062586561,29676900,351.7387390136719,349.95423889160156,337.50384521484375,292.954345703125,357.03093711571864,350.7661631521049,337.95416753088597,68.20848462831556,7.444308081260772,5.290442824528507,2.1538652567322645,5.697137988505552,349.95423889160156,370.6540669539582,329.25441082924493,8.487679068004057,26.123542588219678,0.0,0.0,0.0,0.0,0.0
2021-07-29 04:00:00,355.5299987792969,362.67391881987123,353.9622842712004,358.1891240675114,33413200,353.11394958496095,350.48060913085936,338.46351440429686,293.3639810180664,356.7580392363692,351.219861783266,338.6434158151374,55.1610169788788,6.90242679820409,5.612839619263624,1.289587178940466,1.7694508383963248,350.48060913085936,371.1856692149726,329.7755490467461,9.274360925038959,29.90866227660911,0.0,0.0,0.0,0.0,0.0
2021-07-30 04:00:00,353.5256652832031,357.9211941922931,350.1918423883139,351.2435862977697,15976200,354.61615295410155,350.5753631591797,339.3110626220703,293.7616600036621,356.1703348812481,351.4394621165934,339.22703344133606,53.668141929305094,6.239325949417662,5.738136885294432,0.5011890641232295,2.493999971333638,350.5753631591797,371.3198896091897,329.83083670916966,9.503988957863205,29.269684294822262,0.0,0.0,0.0,0.0,0.0
2021-08-02 04:00:00,349.2096252441406,356.6015991711631,348.0090248606978,355.3117334679123,13180400,356.10447692871094,350.4389343261719,339.9726708984375,294.15919052124025,354.9047513108649,351.22709670016934,339.61850762968135,50.498777195399796,5.304399572472676,5.651389422730081,-0.3469898502574056,2.1744332587041892,350.4389343261719,371.1816119072004,329.69625674514333,9.430990601760985,29.609713919241653,0.0,0.0,0.0,0.0,0.0
2021-08-03 04:00:00,348.505126953125,351.0154263788304,344.99271229041113,349.9835459423059,12406100,357.0550201416016,350.36253356933594,340.6674188232422,294.57849990844727,353.7411832458213,350.96786148616513,339.9670025051105,49.979940648802135,4.45525910495644,5.412163359175353,-0.9569042542189132,2.9546198114024813,350.36253356933594,371.1227531196859,329.60231401898596,9.2608950459432,29.55528842728647,0.0,0.0,0.0,0.0,0.0
2021-08-04 04:00:00,356.1252746582031,357.6731252606666,348.77296915652533,349.6758870546211,14180600,358.3141326904297,350.78075103759767,341.34787841796873,295.0398297119141,354.1746544117089,351.4590436930259,340.6006602366043,55.32642758631178,4.347080958960419,5.199146879132367,-0.852065920171948,6.5202419269667855,350.78075103759767,371.65697575259446,329.9045263226009,9.277191042663194,30.437149879860602,0.0,0.0,0.0,0.0,0.0
2021-08-05 04:00:00,360.14373779296875,361.0664890871515,354.12099453919336,356.83968013833373,10247200,359.4829559326172,351.64000701904297,342.0459979248047,295.54372512817383,355.2599422992107,352.28615741682995,341.3670554348931,57.88302730542969,4.533347778871189,5.065987059080132,-0.5326392802089428,6.237186431602493,351.64000701904297,372.5752100267422,330.70480401134375,9.358695942055741,30.079411024241022,0.0,0.0,0.0,0.0,0.0
2021-08-06 04:00:00,360.6795654296875,362.3067799430136,358.58597904613214,358.58597904613214,8925000,358.85984497070314,352.2894119262695,342.7574145507813,296.0197396850586,356.24532832293374,353.0855296085307,342.12440876802225,58.22632002542366,4.670365323566671,4.986862711977439,-0.31649738841076847,4.990891386254881,352.2894119262695,373.51269139498044,331.0661324575586,9.155289969723047,29.78838782977749,0.0,0.0,0.0,0.0,0.0
2021-08-09 04:00:00,358.79437255859375,362.9319169074044,357.94108333229246,360.92765618426364,7798900,357.7832946777344,352.7086242675781,343.3301190185547,296.4309130859375,356.70879091123555,353.6292289371081,342.77813283824077,56.48197386176127,4.574105959197368,4.904311361421425,-0.33020540222405703,2.9670551987661886,352.7086242675781,374.1061109653972,331.311137569759,8.87746925090836,29.81040191669414,0.0,0.0,0.0,0.0,0.0
2021-08-10 04:00:00,358.318115234375,361.2649909446652,356.2443923686089,359.01264661164123,7469900,357.12049560546876,353.1571075439453,343.9730749511719,296.8427314758301,357.00139533362454,354.0757895368478,343.38754391259897,56.02533970706258,4.408570477383989,4.805163184613938,-0.39659270722994844,-2.3418669444026485,353.1571075439453,374.63390994495217,331.68030514293844,8.862586639945457,29.783346563185265,0.0,0.0,0.0,0.0,0.0
2021-08-11 04:00:00,357.1572265625,359.53853333042804,355.0239732137303,359.2805783648751,8400300,355.7988708496094,353.7688049316406,344.58487426757813,297.21565475463865,357.02972828432917,354.36925972976707,343.92753146749703,54.86106267148984,4.13603081293752,4.671336710278655,-0.5353058973411349,-3.3560593961653007,353.7688049316406,374.9530766004432,332.584533262838,8.736431705227115,29.37657212929884,0.0,0.0,0.0,0.0,0.0
2021-08-12 04:00:00,359.82623291015625,360.1735137038781,354.32936144025535,355.6589542253566,7170700,356.22849426269534,354.6712219238281,345.24965698242187,297.6400244140625,357.5381836708432,354.8889714612327,344.55100995544444,57.06996635042496,4.088280518806073,4.554725471984138,-0.46644495317806545,-1.4029120912110282,354.6712219238281,375.233306740065,334.1091371075912,7.443013208944933,29.140135768700887,0.0,0.0,0.0,0.0,0.0
2021-08-13 04:00:00,360.3521423339844,361.8206294212598,358.6653973147733,360.143785948073,7195700,356.91114196777346,355.7636474609375,345.9866735839844,298.0363641357422,358.049812518687,355.4092734491138,345.17066220558326,57.511177192885334,4.046232116828321,4.4530268009529745,-0.40679468412465347,-2.705736908100742,355.7636474609375,374.98704786900737,336.5402470528676,7.227560508556467,28.7826035899837,0.0,0.0,0.0,0.0,0.0
2021-08-16 04:00:00,363.705810546875,364.09278838073544,354.597297072418,359.6972591712923,11222100,358.3607604980469,357.2326187133789,346.7052349853516,298.5269639587402,359.0781757965393,356.1994198393768,345.89753076798684,60.31231538637817,4.23470639303838,4.409362719370056,-0.17465632633167605,2.2996123521642486,357.2326187133789,373.8754617058407,340.5897757209171,7.296306774795421,28.24437111267522,0.0,0.0,0.0,0.0,0.0
2021-08-17 04:00:00,355.6590270996094,361.83059777160577,352.30533981470364,360.1537541291529,12328700,359.07615051269534,358.0655853271484,347.13923095703126,298.912042388916,358.45651239709747,356.14795386416085,346.28033454569754,51.533492012369585,3.6922040108793794,4.26593097767192,-0.5737269667925409,0.603453165047374,358.0655853271484,372.3693210781713,343.76184957612554,7.357961605971602,29.494995232654077,0.0,0.0,0.0,0.0,0.0
2021-08-18 04:00:00,352.6824035644531,357.05803972946774,352.3847212596474,353.4761624840114,10042400,358.7318634033203,358.522998046875,347.5712420654297,299.3701477050781,357.4066744275258,355.8179014546649,346.53139607584484,48.70908941927205,2.9876386828975683,4.01027251871705,-1.022633835819482,0.9944680986054166,358.522998046875,371.3822895820953,345.66370651165465,6.519542221680674,29.447784905907724,0.0,0.0,0.0,0.0,0.0
2021-08-19 04:00:00,352.3548889160156,354.7858243488867,348.2669737273142,348.61425454343237,12004500,357.952978515625,358.7179672241211,348.0647686767578,299.8352972412109,356.48816797088756,355.48809073669827,346.7597683440868,48.3948018194529,2.375455121407981,3.683309039255237,-1.3078539178472557,1.1046500223821365,358.7179672241211,371.0416496122264,346.39428483601574,6.433077851508764,29.06031100861189,0.0,0.0,0.0,0.0,0.0
2021-08-20 04:00:00,356.57177734375,357.18694489775766,350.5589656746457,351.83892962795636,8697700,357.5421997070313,358.2010223388672,348.59877807617187,300.3019847106934,356.5033696750443,355.5912989849889,347.14455301074025,52.63262308101348,2.20514337235187,3.3876759058745636,-1.1825325335226937,0.12537798278300372,358.2010223388672,369.93077291123694,346.4712717664974,6.292749630983524,22.092638187034733,0.0,0.0,0.0,0.0,0.0
2021-08-23 04:00:00,360.52081298828125,362.8425891488838,356.3039052424102,356.64125422848525,10942000,357.71484375,357.7490692138672,349.2355810546875,300.6788771057129,357.2338139138147,356.060776509112,347.6691122255458,56.255520716416186,2.361601188782174,3.182460962456086,-0.8208597736739116,0.10470130554629531,357.7490692138672,368.270337214003,347.22780121373137,6.329604617987404,22.331703646305318,0.0,0.0,0.0,0.0,0.0
2021-08-24 04:00:00,362.66400146484375,365.0949066090898,359.02256424131787,360.82840025472757,9235100,358.14943237304686,357.6349639892578,349.8059051513672,301.0302694702148,358.2211207412745,356.6896550763245,348.2571470976751,58.12732909492081,2.628235867149556,3.07161594339478,-0.44338007624522424,0.5501936414923136,357.6349639892578,367.8732816211461,347.39664635736955,6.108486336575282,22.046597386128493,0.0,0.0,0.0,0.0,0.0
2021-08-25 04:00:00,365.5215759277344,367.97231440598324,362.5548367278309,362.75329155616987,9684500,358.9858673095703,357.39236907958986,350.43377807617185,301.40225006103515,359.5484762297217,357.5307903955064,348.93418352238336,60.55111755883562,3.035140932800232,3.064320941275871,-0.029180008475639063,1.8749467337428882,357.39236907958986,366.5306277454478,348.2541104137319,5.999342274446296,21.545741378178356,0.0,0.0,0.0,0.0,0.0
2021-08-26 04:00:00,361.5428161621094,366.5634148299636,361.29476274855944,365.51167077890847,7888700,359.15752563476565,357.6930099487305,351.0945928955078,301.8269673156738,359.9110834901558,357.91288808756383,349.42863970433336,55.71526454381684,3.001958755835062,3.051848504187709,-0.04988974835264681,0.8999547582530409,357.6930099487305,366.967899689202,348.418120208259,6.109903073340774,16.299463521868702,0.0,0.0,0.0,0.0,0.0
2021-08-27 04:00:00,369.72857666015625,370.8299192755366,361.2451317980848,362.2572090986586,11219100,360.0951690673828,358.50315551757814,351.8113671875,302.32406646728515,361.6960822483377,359.03819176114405,350.22471566338527,62.3732603458578,3.5947461069932842,3.1604280247488243,0.4343180822444599,3.519836408925725,358.50315551757814,368.9959940900669,348.01031694508936,6.438042637793623,17.817840456274432,0.0,0.0,0.0,0.0,0.0
2021-08-30 04:00:00,377.6960144042969,378.5195383294216,367.6349544508704,369.6590785756934,13547300,361.494189453125,359.92747497558594,352.8234246826172,302.8409101867676,364.60516082214843,360.81512725096815,351.3020214963622,67.49567715068588,4.653793953080196,3.459101210415099,1.1946927426650973,4.966225322043849,359.92747497558594,372.61311376951346,347.2418361816584,6.856898730828972,18.196661185420115,0.0,0.0,0.0,0.0,0.0
2021-08-31 04:00:00,376.42608642578125,379.7797740048885,375.8505854495045,376.9916555742027,12345400,363.5708953857422,361.3235229492187,353.7578936767578,303.35835021972656,366.7544200228089,362.301885267617,352.2872789445747,65.95444697152215,5.329192809100505,3.8331195301521803,1.4960732789483244,4.46062121004378,361.3235229492187,374.83492902114364,347.8121168772938,6.815086476449421,18.261703696824704,0.0,0.0,0.0,0.0,0.0
2021-09-01 04:00:00,379.0751953125,381.33744111851894,375.8604329249879,376.6343583249429,11567200,366.2101745605469,362.4710189819336,354.6115930175781,303.87975830078125,368.99456098457085,363.8993433671297,353.3377854688071,67.61568426510226,6.008944840431809,4.268284592208106,1.740660248223703,4.225773776480302,362.4710189819336,377.8874564855475,347.0545814783197,6.788861900014301,17.047679381729676,0.0,0.0,0.0,0.0,0.0
2021-09-02 04:00:00,372.3579406738281,378.77756425764454,371.14743879885947,378.5295108429375,14832900,368.2104797363281,363.08172912597655,355.2999914550781,304.3576086425781,369.60608456443583,364.7049240630057,354.0836739082197,59.665596040532584,5.937186718983298,4.602065017563145,1.335121701420153,4.695203074247267,363.08172912597655,379.06719446761787,347.09626378433524,7.129756500525303,18.283511265456195,0.0,0.0,0.0,0.0,0.0
2021-09-03 04:00:00,373.3302917480469,374.2232779151266,370.20479474333473,371.8320395508646,7509600,369.88633117675784,363.71426544189455,355.95644104003907,304.85996658325195,370.28321314327417,365.5263876520572,354.83844323527177,60.39158158239161,5.890872188510002,4.859826451752517,1.031045736757485,5.854527465762915,363.71426544189455,380.28978535576954,347.13874552801957,6.738541633630616,18.28587049711834,0.0,0.0,0.0,0.0,0.0
2021-09-07 04:00:00,379.2041931152344,379.97811852578053,370.2445053593143,372.95325943620423,10793800,371.7546691894531,364.73475646972656,356.76628540039064,305.4067259216309,371.90520950181235,366.8290357914074,355.79396283840754,64.54339400744396,6.256026757304994,5.139066512863013,1.116960244441981,7.619960739531084,364.73475646972656,382.5049669744002,346.96454596505293,6.619480378937392,18.727706257585748,0.0,0.0,0.0,0.0,0.0
2021-09-08 04:00:00,374.63006591796875,377.9043584211516,371.87171354427096,377.1998953005184,11067200,372.95127563476564,365.55035400390625,357.20146911621094,305.9258023071289,372.4006379411135,367.57199104155615,356.53263354740994,59.328120555498366,6.105935127293549,5.33244023574912,0.7734948915444289,5.064418925340197,365.55035400390625,383.5760472989024,347.5246607089101,6.809420457590469,19.41915781248061,0.0,0.0,0.0,0.0,0.0
2021-09-09 04:00:00,375.0567626953125,376.87250036613216,373.6379044316709,374.69958031283954,9098900,373.90479431152346,366.44533081054686,357.71960205078125,306.46308609008787,372.88356971460416,368.284826437152,357.2590699845826,59.65561519223514,5.952797152943901,5.456511619188076,0.4962855337558256,4.031930802148653,366.44533081054686,384.4938282689703,348.39683335212345,6.574830837082524,19.31542223554877,0.0,0.0,0.0,0.0,0.0
2021-09-10 04:00:00,375.74139404296875,380.8016897745919,375.3147494355466,378.39058756343474,11549600,375.32465209960935,367.2410888671875,358.3343780517578,307.01009338378907,373.4031741379432,368.99497573294406,357.9838670064801,60.209238420048905,5.8195935807970045,5.5291280115098616,0.29046556928714296,3.605925188412362,367.2410888671875,385.4633653112544,349.0188124231206,6.5117556839516295,19.227115446605282,0.0,0.0,0.0,0.0,0.0
2021-09-13 04:00:00,373.578369140625,378.77755895045016,371.43518403399025,378.7080967281156,13026300,375.7096313476562,367.9024002075195,358.77333374023436,307.50416610717775,373.43502777479443,369.43148939081846,358.59541610977993,57.5234868919836,5.476362657921811,5.518574940792252,-0.04221228287044099,2.2041908723011927,367.9024002075195,386.0317647997972,349.77303561524184,6.569162184664939,19.43527287350435,0.0,0.0,0.0,0.0,0.0
2021-09-14 04:00:00,373.59820556640625,375.64216326926356,372.1892488559139,374.46142659975425,8711600,375.2998504638672,368.3970199584961,359.20653381347654,308.00493637084963,373.46469646417836,369.8283195027792,359.18376079435353,57.54219142448297,5.146623243390536,5.4441846013119095,-0.2975613579213734,3.3344292474868142,368.3970199584961,386.5839944611687,350.21004545582355,6.3820601879204935,19.242591666405616,0.0,0.0,0.0,0.0,0.0
2021-09-15 04:00:00,371.008544921875,374.62018689725124,364.80720954935725,374.06454967027025,17940300,374.7580963134766,369.16449584960935,359.6260418701172,308.4817448425293,373.0181234564868,369.94072192364547,359.6474778189622,54.18743704647553,4.623046804596925,5.279957041968913,-0.6569102373719886,0.34619132588586954,369.16449584960935,386.35642732988356,351.97256436933515,6.696024450044896,17.450079113818173,0.0,0.0,0.0,0.0,0.0
2021-09-16 04:00:00,370.15521240234375,370.65131921468594,366.8312907036599,369.8873256244635,11934200,373.86609802246096,370.0381362915039,360.0739276123047,308.95845397949216,372.49759417391533,369.9611495882834,360.05954584183996,53.08908963202232,4.0920809401140446,5.04238182159794,-0.9503008814838951,-1.9965267607725434,370.0381362915039,385.3797145666139,354.6965580163939,6.618067459817106,17.093140377822788,0.0,0.0,0.0,0.0,0.0
2021-09-17 04:00:00,361.8801574707031,368.518069098452,358.77452395434756,368.518069098452,26299000,372.8183197021484,370.51439971923827,360.4523583984375,309.34626068115233,370.56715113696765,369.191531291371,360.1309423763052,43.81447265695752,2.969330300287254,4.627771517335803,-1.6584412170485487,-3.864219160046467,370.51439971923827,384.02695105813314,357.0018483803434,6.7463461005702765,19.219070327189254,0.0,0.0,0.0,0.0,0.0
2021-09-20 04:00:00,352.9303894042969,358.2188745657045,347.0763049441087,356.50233413802766,19822800,370.77832946777346,370.33233032226565,360.5571368408203,309.6845065307617,367.36046718557293,367.6428511116497,359.84856774995194,36.40655892989074,1.341902229025436,3.9705976596737296,-2.6286954306482935,-6.896997279563488,370.33233032226565,384.70654460562736,355.95811603890394,7.026293861144792,20.886280825085684,0.0,0.0,0.0,0.0,0.0
2021-09-21 04:00:00,354.696533203125,357.2365976294864,352.4243555514342,355.70858018739267,11751900,368.3275634765625,370.04111633300784,360.6428649902344,310.0597120666504,365.05793373421875,366.40986845369497,359.64652717948815,38.61232021297559,0.19244837675790905,3.2149678030905657,-3.0225194263326567,-4.7431263151640035,370.04111633300784,385.4509685448683,354.63126412114735,7.089369112763949,20.55120405311577,0.0,0.0,0.0,0.0,0.0
2021-09-22 04:00:00,340.53759765625,347.1159782146659,338.0372304577377,344.5263154319161,43692900,364.91831665039064,368.93479614257814,360.4666479492187,310.37478912353515,360.5996908109517,363.9458426634621,358.89715739426316,29.714181319624288,-1.8398017605443329,2.204013890363586,-4.043815650907919,-8.783828908779789,368.93479614257814,389.0372115141629,348.8323807709934,7.88810443789654,24.619675304627183,0.0,0.0,0.0,0.0,0.0
2021-09-23 04:00:00,343.2662048339844,346.94733905140663,340.32926108840206,342.6708706244858,21806300,361.7392608642578,367.8220275878906,360.4335064697266,310.6743380737305,357.4481479060485,361.97635334636897,358.2841788624875,32.922272603742044,-3.193387457807546,1.12453362072936,-4.317921078536906,-9.477212787657386,367.8220275878906,390.955371821621,344.6886833541602,7.794555969993971,24.627548742696366,0.0,0.0,0.0,0.0,0.0
2021-09-24 04:00:00,350.2117004394531,351.5908918646858,339.7041621492039,340.5673831281829,18801900,359.18629150390626,367.25547180175784,360.6021826171875,311.01942977905276,356.13243018484934,360.855910212377,357.96761108119205,40.381700204214724,-3.66344056311533,0.16693878396042194,-3.830379347075752,-6.517994069344779,367.25547180175784,391.5616139334196,342.94932967009606,8.356573580257544,25.760704152686948,0.0,0.0,0.0,0.0,0.0
2021-09-27 04:00:00,350.826904296875,352.3846870622932,344.3775152914721,347.0862695745265,15205800,356.91114501953126,366.3103881835938,360.84864807128906,311.39478424072263,355.16778911430856,359.900766791853,357.68758336416,41.00748437228388,-3.9408910864754034,-0.6546271901267432,-3.28626389634866,-6.460317692797146,366.3103881835938,391.6591699959391,340.9616063712484,8.233256337711465,24.18729811643197,0.0,0.0,0.0,0.0,0.0
2021-09-28 04:00:00,337.99755859375,346.87788247328035,336.2810484357312,345.26056945182785,21710300,353.3510803222656,364.3254653930664,360.9220715332031,311.7099607849121,352.0459290196615,357.81474696346226,356.9154255300263,33.18482152714404,-5.13678000176202,-1.5510577524537985,-3.5857222493082213,-10.045162989122902,364.3254653930664,392.0282069532568,336.622723832876,8.748497501295779,25.292658133067945,0.0,0.0,0.0,0.0,0.0
2021-09-29 04:00:00,336.9656677246094,342.5419339486069,336.2413711294323,340.4781125717642,14452200,349.94679260253906,362.3524444580078,360.88139099121094,312.03768905639646,349.304063329652,355.8291203692858,356.13308208667667,32.64540103893461,-6.097507283906509,-2.4603476587443405,-3.6371596251621687,-9.800541048519229,362.3524444580078,391.9804050931694,332.72448382284625,8.967495135918162,25.296226121419878,0.0,0.0,0.0,0.0,0.0
2021-09-30 04:00:00,336.7474060058594,340.1308279140143,335.5170404865727,337.7991500549551,16547100,346.60601196289065,360.2360549926758,360.7456561279297,312.3611508178711,347.02103472532605,354.0118142394357,355.3728594952721,32.52497140685236,-6.798137772735856,-3.327905681542644,-3.4702320911932123,-9.86375175562687,360.2360549926758,390.8645994870521,329.6075104982995,8.886699446501174,24.939659337668395,0.0,0.0,0.0,0.0,0.0
2021-10-01 04:00:00,340.3392028808594,342.3335316631441,336.0032342139593,338.95007959136314,14905300,344.45191650390626,358.63511810302737,360.583330078125,312.69582473754883,345.8061562081503,352.70966077671414,354.7833043339226,36.66563236002419,-6.983068031531047,-4.058938151540325,-2.9241298799907227,-8.266478619103989,358.63511810302737,389.9356860741941,327.3345501318606,8.814408198838667,25.17213799709434,0.0,0.0,0.0,0.0,0.0
2021-10-04 04:00:00,323.6898498535156,333.32423531875986,320.18733709756447,332.9174241139099,42885000,341.5278625488281,356.1530960083008,359.71891357421873,312.9466561889648,341.78500959821673,349.945869260219,353.56395317782824,28.0675534109307,-8.376530805913376,-4.922456682414936,-3.4540741234984402,-12.552940223984244,356.1530960083008,390.29124062152147,322.0149513950801,10.00719043954904,29.544378593931636,0.0,0.0,0.0,0.0,0.0
2021-10-05 04:00:00,330.3674621582031,332.5701777639631,323.6204211697277,326.02156134576114,35377900,339.09495544433594,353.71125946044924,358.9350653076172,313.23677947998044,339.7090918818506,348.08125906002704,352.65428686333314,34.683246667080695,-8.840129082837109,-5.70599116249937,-3.1341379203377384,-8.708047308465972,353.71125946044924,387.89345205264425,319.52906686825423,9.945531814287714,30.0888377471782,0.0,0.0,0.0,0.0,0.0
2021-10-06 04:00:00,331.0422058105469,331.7764342864804,323.26322346461006,327.1725480115366,26443000,338.1454162597656,351.5318664550781,358.2569873046875,313.52075134277345,338.13329441434087,346.4584920838861,351.8067542730278,35.33046757700896,-9.048779189837262,-6.3745487679669495,-2.6742304218703126,-6.201841567311495,351.5318664550781,385.65640719009394,317.40732572006226,10.255243000263087,30.171640795298206,0.0,0.0,0.0,0.0,0.0
2021-10-07 04:00:00,326.65655517578125,336.20164494595497,326.4184336067815,334.3759755970612,28307500,336.4844512939453,349.1118560791016,357.38264892578127,313.8007041931152,336.04661455278455,344.57259333073324,350.82047195548876,33.03889620512234,-9.458983977413084,-6.991435809856177,-2.467548167556907,-7.90534313209259,349.1118560791016,383.0763319341576,315.14738022404555,10.141137492490035,30.152903311533088,0.0,0.0,0.0,0.0,0.0
2021-10-08 04:00:00,327.4800720214844,330.8039934898283,326.1505094901377,328.92872561470415,15946100,334.21128845214844,346.6987899780273,356.821650390625,314.11305282592775,334.4890613652754,342.94473415842384,349.9051621541553,33.90579918742799,-9.606881154034227,-7.514524878691787,-2.09235627534244,-3.834385901772386,346.6987899780273,379.5361106094754,313.86146934657927,9.416111169139763,30.180020548448333,0.0,0.0,0.0,0.0,0.0
2021-10-11 04:00:00,322.9158935546875,327.8868625664949,322.7769691312274,325.07891170321585,14708200,331.42018737792966,344.1656661987305,356.2094549560547,314.39752029418946,332.3848490360776,341.0372255294966,348.84675946398005,31.473756012827053,-9.977368891997173,-8.007093681352865,-1.9702752106443082,-5.928434256771364,344.1656661987305,376.0755913644863,312.2557410329747,9.437371980369424,30.286495032891942,0.0,0.0,0.0,0.0,0.0
2021-10-12 04:00:00,321.2489318847656,321.85419782368473,314.898771977796,320.51470363488266,31658700,329.7453247070313,341.54820251464844,355.6502410888672,314.67717529296874,330.3601368267481,339.15262613476034,347.7644917157756,30.61016010539437,-10.286911852480443,-8.463057315578382,-1.8238545369020613,-8.270074505890124,341.54820251464844,371.83989254981685,311.25651247948,8.820073325476866,30.179867160461605,0.0,0.0,0.0,0.0,0.0
2021-10-13 04:00:00,322.0130310058594,324.45386814100897,320.1476644726713,324.42410294228614,14761500,328.25006103515625,339.09842681884766,355.1203991699219,314.91302474975583,328.84248122295014,337.52028374153167,346.75463051146517,31.537467518085847,-10.351247725222208,-8.840695397507147,-1.510552327715061,-8.213131016494934,339.09842681884766,367.20431283497174,310.99254080272357,8.654939447286372,30.37709270689203,0.0,0.0,0.0,0.0,0.0
2021-10-14 04:00:00,325.971923828125,327.9464191482135,324.5530656863524,325.8032341975856,14302200,327.1725128173828,336.8892623901367,354.5173321533203,315.16975982666014,328.3205616966183,336.4204399402548,345.93962240623614,36.288157988935836,-9.967881272457703,-9.06613257249726,-0.9017486999604429,-3.557905807266193,336.8892623901367,361.4373545535165,312.3411702267569,8.229700763491536,31.10200488246476,0.0,0.0,0.0,0.0,0.0
2021-10-15 04:00:00,322.2312927246094,326.5077308425533,319.9988121641068,326.1207530110209,21596400,325.3617218017578,334.90681915283204,353.75908325195314,315.43215072631835,327.21342188352577,335.0690925863839,345.0098839873488,33.89487717490128,-9.852326774732205,-9.22337141294425,-0.6289553617879555,-4.372663571186697,334.90681915283204,357.26326906919456,312.5503692364695,8.122682685464778,30.58560719782592,0.0,0.0,0.0,0.0,0.0
2021-10-18 04:00:00,332.7289123535156,333.2746480135661,324.94996119096635,326.38868305478695,21585000,326.2656280517578,333.896745300293,353.2000701904297,315.7406297302246,328.2162383326148,334.8462182784917,344.5282772566103,44.88134276303202,-8.812098445436561,-9.141116819442713,0.32901837400615186,-1.1933257927675966,333.896745300293,354.5879117895731,313.20557881101286,7.872504073165699,32.53560831388324,0.0,0.0,0.0,0.0,0.0
2021-10-19 04:00:00,337.3427429199219,339.7935120917823,334.65385213782736,337.0053938787701,18786300,326.96315612792966,333.0290557861328,352.77103759765623,316.09311386108396,329.8756028030342,335.08398253005646,344.246491596348,48.90101506371188,-7.528627105842702,-8.818618876722711,1.2899917708800093,-0.8804333839808831,333.0290557861328,351.36955903180126,314.68855254046434,7.927078138815132,32.96466932484468,0.0,0.0,0.0,0.0,0.0
2021-10-20 04:00:00,338.1265563964844,341.3016520941956,336.8069256043469,340.77578008650755,13639500,327.6715911865234,332.9085037231445,352.3672064208984,316.439446105957,331.37577618366146,335.37375146971624,344.00649413752984,49.57381187976787,-6.374735641012421,-8.329842229580652,1.9551065885682313,4.460043016332471,332.9085037231445,351.07204405249195,314.7449633937971,7.918573786129928,29.832043594699876,0.0,0.0,0.0,0.0,0.0
2021-10-21 04:00:00,339.2179870605469,339.6446316371412,335.1697386557774,337.63043926024426,16354400,328.927734375,332.70609283447266,352.0084216308594,316.82923736572263,332.80163270673154,335.7398691450334,343.8187095462756,50.55015990971408,-5.31097736754765,-7.726069257174053,2.415091889626402,2.6789941250647376,332.70609283447266,350.4694533598356,314.9427323091097,7.786044895571284,29.70572731612761,0.0,0.0,0.0,0.0,0.0
2021-10-22 04:00:00,322.08245849609375,327.06339039987455,318.60971071997267,323.80893083802226,35224500,328.3879730224609,331.2996307373047,351.2535461425781,317.1064123535156,330.85269194116097,334.4391633689439,342.9663075443077,38.08303947368941,-5.783961313791735,-7.337647668497589,1.553686354705854,-2.706527191152397,331.2996307373047,347.623028460252,314.97623301435743,7.818645649662662,33.547124696997535,0.0,0.0,0.0,0.0,0.0
2021-10-25 04:00:00,326.1307373046875,326.9939584154982,317.23057882708565,317.80604947430595,38409000,328.70945739746094,330.0648223876953,350.56911804199217,317.40963287353514,329.99415473452945,333.6478846961576,342.30608910353834,41.738822975548665,-5.765679072542014,-7.023253949306475,1.257574876764461,-0.1609696369971214,330.0648223876953,343.68030313761545,316.44934163777515,7.876761577818172,34.007973643727006,0.0,0.0,0.0,0.0,0.0
2021-10-26 04:00:00,313.3509826660156,327.6388528181023,307.1893445296699,325.7040544162325,65654000,327.91966247558594,328.8324935913086,349.562021484375,317.70218704223635,326.9681234493451,331.7148464075726,341.17059473343943,34.76126844433527,-6.705117241342521,-6.959626607713684,0.2545093663711633,-4.3144882887841245,328.8324935913086,343.8174874923904,313.8474996902268,8.729354254001176,34.35719637051647,0.0,0.0,0.0,0.0,0.0
2021-10-27 04:00:00,309.7889404296875,316.7642010297312,309.63018261546694,311.74360248983976,29971800,326.69725341796874,327.4736572265625,348.6446197509766,318.0054571533203,323.8446356275892,329.6266648858693,339.9399416234884,33.10031885698433,-7.648884221604533,-7.097478130491854,-0.5514060911126784,-4.065130700287711,327.4736572265625,344.1828880239214,310.76442642920364,8.540126187936234,34.4677563720809,0.0,0.0,0.0,0.0,0.0
2021-10-28 04:00:00,314.452392578125,322.98540653916393,305.7109616496412,310.55296955755523,50806800,325.54530029296876,326.3589065551758,347.88001953125,318.32931594848634,322.1369550731411,328.1814960946556,338.94042989621926,37.32276217154647,-7.929122747329188,-7.263807053859321,-0.665315693469867,-2.1156612931801377,326.3589065551758,343.4339107929693,309.2839023173823,9.441623394352815,35.112941904001175,0.0,0.0,0.0,0.0,0.0
2021-10-29 04:00:00,321.0505065917969,323.4615779578528,317.1114180662041,317.69682035590796,37059400,325.4272216796875,325.3944717407227,347.2539318847656,318.71593170166017,321.93941898562394,327.50235423724047,338.238864276438,42.82157506510715,-7.531977195198635,-7.317441082127184,-0.2145361130714516,-0.2989085289672566,325.3944717407227,341.2823528605133,309.50659062093206,9.72014424752855,35.83615162637873,0.0,0.0,0.0,0.0,0.0
2021-11-01 04:00:00,327.41064453125,330.8536268282647,323.46162362425594,323.50132064541936,31518900,324.89539489746096,325.58051147460935,346.67070922851565,319.1059708404541,322.93418726664686,327.49361997952707,337.81422820799924,47.59432635531005,-6.627627343570737,-7.179478334415895,0.5518509908451579,0.4413633806952033,325.58051147460935,341.47148635149813,309.6895365977206,9.847715580355429,32.189655041320435,0.0,0.0,0.0,0.0,0.0
2021-11-02 04:00:00,325.5254821777344,332.1832584136249,321.27880842933786,328.79980580521203,28353000,323.7136688232422,325.3384124755859,345.9708026123047,319.43826316833497,323.40533179593547,327.30617828411823,337.33231659896927,46.359122247446436,-5.9939459399425346,-6.942371855521223,0.9484259155786887,1.02230588012453,325.3384124755859,341.06904323835914,309.6077817128127,10.319018888637528,31.38299894853785,0.0,0.0,0.0,0.0,0.0
2021-11-03 04:00:00,329.0378723144531,329.56374431625284,320.6834506798263,324.94002526271333,20786500,322.80480041503904,325.2381958007812,345.29828002929685,319.7564656829834,324.42943007202956,327.4711015251025,337.0070442740863,49.014166362770275,-5.148974163345201,-6.583692317086019,1.4347181537408176,-1.1093235069217111,325.2381958007812,340.84084343020703,309.6355481713554,10.529512138214127,31.631463617907695,0.0,0.0,0.0,0.0,0.0
2021-11-04 04:00:00,333.2349548339844,334.64388123663895,330.0598590951158,331.40928538211995,22495300,322.2064971923828,325.5671157836914,344.65254760742187,320.0689138031006,326.0304345742032,328.02003993547214,336.85911919800384,52.06724307789569,-4.09347146885932,-6.08564814744068,1.9921766785813597,-1.2176897746137727,325.5671157836914,341.56793850328563,309.5662930640972,10.465018584195507,31.545907216552493,0.0,0.0,0.0,0.0,0.0
2021-11-05 04:00:00,338.4738464355469,344.0897793143083,336.99545779027494,337.6602239773612,26872800,323.84563598632815,326.1168045043945,344.1911682128906,320.3994699859619,328.2928730944475,329.0156405545269,336.92244183477027,55.638118793464066,-2.801944142070681,-5.428907346366681,2.6269632042959996,0.10271007482041128,326.1168045043945,343.1183907916977,309.1152182170913,10.451552097864594,31.965118884825287,0.0,0.0,0.0,0.0,0.0
2021-11-08 05:00:00,335.9833984375,342.1053702931129,335.7055798125427,341.73825606870065,18342500,324.8309020996094,326.77017974853516,343.5162646484375,320.7001605987549,329.6911504295479,329.6792365433815,336.8856166035048,53.59411281894586,-1.9568009868290233,-4.7344860744591495,2.7776850876301262,-0.9535427796962703,326.77017974853516,344.25143020417994,309.2889292928904,10.404065722314849,31.61762824975456,0.0,0.0,0.0,0.0,0.0
2021-11-09 05:00:00,332.7586975097656,338.6524492000935,331.86571125243444,337.3526516997646,17556700,326.77167358398435,327.34566802978514,342.61751831054687,320.9646848297119,330.2488862623148,329.97251854018,336.7237766390444,50.982392981393296,-1.5295931644295706,-4.093507492453234,2.563914328023664,3.314753328549047,327.34566802978514,344.81941670033865,309.87191935923164,10.567780826444155,31.792893725621123,0.0,0.0,0.0,0.0,0.0
2021-11-10 05:00:00,325.0888671875,330.5956403649357,322.9754474478496,329.9010787569911,21872600,328.3016662597656,327.4994598388672,341.59077392578126,321.24002403259277,329.3107009759848,329.50740888754376,336.2675056801603,45.324861440222925,-1.7892932362411784,-3.632664641210823,1.8433714049696448,-0.3194639443672376,327.4994598388672,344.82913978768346,310.16977989005096,10.946949189340744,33.006020104042825,0.0,0.0,0.0,0.0,0.0
2021-11-11 05:00:00,325.1880798339844,329.8713292985275,324.4538514499528,327.2519011057933,12376600,329.37523498535154,327.4602676391602,340.5130316162109,321.5512813568115,328.56113349562105,329.0960442157762,335.83301839207496,45.409251593849895,-1.9644567482117168,-3.2990230626110018,1.334566314399285,3.7775841860324677,327.4602676391602,344.808029360716,310.1125059176044,9.86189215419792,32.71976089233972,0.0,0.0,0.0,0.0,0.0
2021-11-12 05:00:00,338.2356872558594,339.1981053182596,327.2121791111643,327.6090584700832,25414300,331.0937530517578,328.26048736572267,339.83058654785157,321.96086677551267,330.32014327020977,329.9664864100698,335.9272407004587,55.2020822259368,-1.038471366407009,-2.8469127233702034,1.8084413569631943,9.182621815586867,328.26048736572267,346.0631981681511,310.45777656329426,10.165224003902397,35.32469153286617,0.0,0.0,0.0,0.0,0.0
2021-11-15 05:00:00,344.8537292480469,350.8963059628038,340.5276928269547,341.6588004963411,25076600,332.8380615234375,328.8667282104492,339.26105529785156,322.3852857208252,332.9626134479983,331.38431906130575,336.27729907487395,59.199990117853865,0.22678516135130167,-2.2321731464259025,2.458958307777204,9.668025236083633,328.8667282104492,348.0800280265074,309.65342839439097,9.608874748081828,34.14553680890421,0.0,0.0,0.0,0.0,0.0
2021-11-16 05:00:00,340.28955078125,343.95082120477787,338.2158280944205,341.15277172534195,18181100,334.31446838378906,329.0140686035156,338.4827624511719,322.7617314910889,334.2947838722259,332.23243636796707,336.4346422790456,55.520035414707905,0.8514045557041072,-1.6154576059999006,2.466862161704008,5.992528837188482,329.0140686035156,348.5436445169509,309.48449269008034,9.573437800893405,34.25273746772825,0.0,0.0,0.0,0.0,0.0
2021-11-17 05:00:00,338.1166076660156,344.59576107300916,337.4518415302655,341.55958996835096,13602800,335.2223419189453,329.01357116699216,337.7524932861328,323.12944587707517,334.98966092564217,332.7928336344479,336.5006017059856,53.80522652692387,1.1577359175207675,-1.060818901295767,2.2185548188165347,3.269888537097887,329.01357116699216,348.5421702846262,309.48497204935813,8.849828847552045,34.33598059391636,0.0,0.0,0.0,0.0,0.0
2021-11-18 05:00:00,336.0528259277344,339.79346029139595,332.68920729614837,337.07480472247227,17487200,335.50412902832034,328.8553131103516,336.97241455078125,323.48763496398925,335.1829636532953,333.10330909095137,336.4830418715444,52.15750840059926,1.2199133880552608,-0.6046724434255614,1.8245858314808223,3.2339538150970792,328.8553131103516,348.0847284241229,309.62589779658026,8.7137622486606,34.3873917303493,0.0,0.0,0.0,0.0,0.0
2021-11-19 05:00:00,342.6113586425781,349.35842957953895,337.2534110290804,339.53552057480016,26488500,335.9178802490234,329.88175811767576,336.30981384277345,323.8706293487549,336.533580924074,334.0088376196777,336.7233680194281,56.69602403240097,1.7779135785407334,-0.12815523903230241,1.9060688175730358,4.125204868560894,329.88175811767576,349.76930992497336,309.99420631037816,8.96393963547037,29.437657379669897,0.0,0.0,0.0,0.0,0.0
2021-11-22 05:00:00,338.3547668457031,351.07492208794804,337.8586600494858,346.332142327309,27116800,336.15501708984374,330.4929595947266,335.605341796875,324.2398818206787,336.8647056370974,334.42273564120393,336.7873444439879,53.17059813775231,1.8552749111813114,0.2685307910104204,1.586744120170891,1.5363970488238232,330.4929595947266,350.64472733785925,310.3411918515939,9.129069067911454,29.724563549121886,0.0,0.0,0.0,0.0,0.0
2021-11-23 05:00:00,334.6240539550781,338.741734552648,330.903252762101,336.29096562234207,17225000,336.341552734375,331.5566131591797,334.82585876464844,324.5762422943115,336.4573144221848,334.44190881395383,336.70250952285414,50.22294953782193,1.5971361815343812,0.5342518691152125,1.0628843124191687,-1.1373973265617843,331.5566131591797,350.0785016019397,313.03472471641965,9.054653936062916,25.99528204137179,0.0,0.0,0.0,0.0,0.0
2021-11-24 05:00:00,338.4044189453125,339.11881405607335,330.21865551282673,333.38381979578475,13566200,337.67310791015626,332.9873870849609,334.1737762451172,324.9194988250732,336.8113334263898,334.8192907312261,336.7692510688329,53.062506868236476,1.6782573335215716,0.7630529619964843,0.9152043715250873,0.7205774211081595,332.9873870849609,348.6257694016985,317.3490047682233,9.289950337567259,25.52644301329251,0.0,0.0,0.0,0.0,0.0
2021-11-26 05:00:00,330.5262451171875,335.12019970178665,329.31574311061917,333.18537074474375,14750700,338.20692443847656,333.79107971191405,333.3811968994141,325.23070655822755,335.66859009744394,334.4104292441748,336.5244273060233,47.04014749997423,1.0942300408575534,0.8292883777686981,0.26494166308885525,-0.6708922739765866,333.79107971191405,346.85970842986114,320.72245099396696,9.163796862879357,27.017417071914167,0.0,0.0,0.0,0.0,0.0
2021-11-29 05:00:00,335.39801025390625,338.01746906917316,332.6991876624011,334.26690233273945,16650900,337.92315673828125,334.50845489501955,332.85155395507815,325.56572776794434,335.61939376225524,334.5044845784349,336.48025408829324,50.7617260611028,1.0128197792680567,0.8659946580685699,0.14682512119948676,3.171176901748618,334.50845489501955,346.1270923544674,322.88981743557173,9.241756396551889,26.541691383286587,0.0,0.0,0.0,0.0,0.0
2021-11-30 05:00:00,321.9336242675781,333.1952549665662,320.9116454450948,332.3915643527665,25390000,335.6311462402344,334.23460388183594,332.23161865234374,325.81621208190916,333.1310720359503,333.30725978692476,335.9097980168927,41.981206189495545,-0.13658736794388915,0.6654782528660782,-0.8020656208099674,-1.0007917781204356,334.23460388183594,346.77895101525166,321.6902567484202,9.79172974377706,29.65167129998455,0.0,0.0,0.0,0.0,0.0
2021-12-01 05:00:00,308.1815490722656,327.9265935829965,307.87396527980366,327.7182372061574,30329600,332.42034606933595,333.3674072265625,331.30131896972654,325.9999202728271,328.5947951334622,330.91433495695725,334.8224157053387,35.27058296527987,-2.132595121448901,0.10586357800308238,-2.2384586994519835,-8.885560961182437,333.3674072265625,350.134136983608,316.60067746951694,10.525256761011118,33.18350225751191,0.0,0.0,0.0,0.0,0.0
2021-12-02 05:00:00,307.97314453125,312.15035464008247,304.80798123160264,308.9752595164392,24396200,329.4059997558594,332.31417083740234,330.65002990722655,326.2033237457275,324.84540411487814,328.72945967831845,333.7695031102764,35.178810432945625,-3.688740645313601,-0.6530572666602543,-3.0356833786533466,-10.694558761830686,332.31417083740234,352.5198130639888,312.1085286108159,10.662749301004343,32.82089972121959,0.0,0.0,0.0,0.0,0.0
2021-12-03 05:00:00,304.4508056640625,311.30700500958125,297.167961754166,311.2871716391293,27471000,326.2457977294922,330.8749633789063,329.8737219238281,326.4279608917236,321.1372953056389,326.41720691505594,332.6197502692484,33.58808941635786,-5.146890345492466,-1.5518238824266968,-3.595066463065769,-10.531838263886595,330.8749633789063,354.59866153714177,307.1512652206708,10.671964856085774,32.39157523675515,0.0,0.0,0.0,0.0,0.0
2021-12-06 05:00:00,315.3948974609375,317.6075444461002,303.95467712375086,305.7307477505859,21758300,323.52415161132814,329.7210159301758,329.1773858642578,326.7134204864502,320.0932229702386,325.36746315752083,331.9442658453931,42.31584682177213,-5.357628339380597,-2.312984773817477,-3.0446435655631197,-6.720081087386909,329.7210159301758,354.1238774136687,305.31815444668285,10.742839757186122,34.75944897512565,0.0,0.0,0.0,0.0,0.0
2021-12-07 05:00:00,320.29644775390625,323.9974151280257,318.5005436838794,319.0661126641519,18794000,321.71831970214845,328.9366683959961,328.56677673339846,326.9959532928467,320.1301729309055,324.88450930955753,331.4874886653348,45.75428000148624,-5.070673999661494,-2.8645226189862805,-2.2061513806752138,-4.688661114611903,328.9366683959961,353.49990305492537,304.3734337370668,10.88316950814768,35.34998843817539,0.0,0.0,0.0,0.0,0.0
2021-12-08 05:00:00,327.98614501953125,330.15909535727707,320.55447439589165,322.46943949245696,19937700,321.0545288085938,328.6980407714844,328.3665484619141,327.32462409973147,321.5585314924738,325.17990318669786,331.3501810713817,50.71743495094687,-4.1746436211460605,-3.1265468194182366,-1.0480968017278238,-4.268747446375332,328.6980407714844,353.19758356249133,304.19849798047744,11.077364369621048,36.408046798023804,0.0,0.0,0.0,0.0,0.0
2021-12-09 05:00:00,327.2519226074219,333.51278849439655,325.44608644592824,326.97410398872734,16879200,319.9392791748047,328.80619354248046,328.1722735595703,327.69734924316407,322.5936935133734,325.37723836962397,331.1894650531872,50.24473452877642,-3.483621680868964,-3.1979617917083822,-0.28565988916058194,-3.2814209599548505,328.80619354248046,353.2577020265562,304.3546850584047,11.146110730565384,35.43275248293974,0.0,0.0,0.0,0.0,0.0
2021-12-10 05:00:00,327.1824951171875,332.4213826829981,323.82880768408097,329.97061342649425,14528000,319.6049041748047,328.9059143066406,327.98097534179686,328.05519142150877,323.42802107770325,325.5491675836776,331.0323289772656,50.19709189313783,-2.9080617077261763,-3.1399817749119414,0.23192006718576508,-2.2238565189607096,328.9059143066406,353.31151777926885,304.5003108340124,10.809465826787712,35.4337387881873,0.0,0.0,0.0,0.0,0.0
2021-12-13 05:00:00,331.885498046875,338.4341134815039,327.0236577459982,328.3730839089908,22948700,319.25365295410154,328.5884048461914,327.8119012451172,328.40038246154785,324.9657441630072,326.1526276277917,331.06578658783855,53.41920364444014,-2.0488157775939158,-2.9217485754483365,0.8729327978544208,-1.9263699093394426,328.5884048461914,352.6456875598428,304.53112213253996,10.680479662290818,32.69166624188735,0.0,0.0,0.0,0.0,0.0
2021-12-14 05:00:00,331.141357421875,333.08611788089667,325.09878022695415,325.4956596112595,20461000,320.17442626953124,327.9027862548828,327.9609313964844,328.7711725616455,326.08858293734676,326.6277447510377,331.0687501499576,52.83671673794852,-1.4116307166345337,-2.619725003685576,1.2080942870510425,0.18610089630535231,327.9027862548828,350.759923234657,305.04564927510864,10.691112223961925,31.798956086997425,0.0,0.0,0.0,0.0,0.0
2021-12-15 05:00:00,338.99969482421875,339.44617276651826,321.4573660255817,329.9010829872585,24681300,323.25624084472656,327.8382934570312,328.1335760498047,329.19906463623045,328.4360578258689,327.8060257103883,331.37976758816393,58.04007577315152,-0.26944877391088085,-2.149669757730637,1.8802209838197563,1.0738538870835646,327.8382934570312,350.5551206760904,305.1214662379721,11.34030138093978,32.73477058794778,0.0,0.0,0.0,0.0,0.0
2021-12-16 05:00:00,332.29229736328125,341.7778560656633,331.14132606182676,336.340545427701,22635000,325.6881561279297,327.54707794189454,328.15857788085935,329.582356338501,329.1371922872166,328.23328967733056,331.4155530695411,52.696079771252705,0.09343071451758078,-1.7010496632809937,1.7944803777985745,3.217642493625772,327.54707794189454,349.8547632499764,305.2393926338127,11.450862393021437,33.420597017604834,0.0,0.0,0.0,0.0,0.0
2021-12-17 05:00:00,331.1910095214844,334.4851358944469,328.1746714850775,330.20869739741596,40012600,328.3621765136719,327.30398712158205,328.24926696777345,329.92720039367674,329.510613602538,328.51497728153566,331.40674744020555,51.85190119855154,0.2888212469661653,-1.303075481231562,1.5918967281977272,7.4662031255554595,327.30398712158205,349.3255293912523,305.2824448519118,11.366522425691702,33.37493274429686,0.0,0.0,0.0,0.0,0.0
2021-12-20 05:00:00,322.9158935546875,327.3312254325602,320.01861683063964,327.2121646581388,17901800,329.11427612304686,326.3192138671875,328.1579833984375,330.2751695251465,328.31157359383786,327.98173121231207,331.0737727780284,45.901565817925366,-0.22150962378839267,-1.0867623097429282,0.8652526859545355,4.8519649484961125,326.3192138671875,347.18998776003,305.448439974345,11.129810131551222,33.569790307697126,0.0,0.0,0.0,0.0,0.0
2021-12-21 05:00:00,331.5978088378906,333.3837812684171,321.2291642430061,323.86845614497594,16116800,330.2444122314453,325.9813659667969,328.33162170410156,330.6148043823242,328.90907091093834,328.3261195576053,331.0943232117485,52.11083089166986,0.07375726215849454,-0.8546583953626437,0.9284156575211382,8.91671254231552,325.9813659667969,346.2416455876623,305.7210863459315,10.565666468852523,34.93822937178544,0.0,0.0,0.0,0.0,0.0
2021-12-22 05:00:00,327.8769836425781,331.9053682815048,325.7040335196158,331.20087485098674,16764600,330.23349609375,325.6440124511719,328.4641827392578,330.94000228881833,328.72141868032736,328.2833447085551,330.96815303256534,49.489183949885934,0.007433214061677518,-0.6822400734777795,0.689673287539457,3.957605618266724,325.6440124511719,345.51939305299186,305.7686318493519,10.484163708381752,34.94587854425081,0.0,0.0,0.0,0.0,0.0
2021-12-23 05:00:00,332.6296691894531,334.04855761445225,325.8032349487416,327.5297071595906,13987700,330.7712707519531,325.3552749633789,328.6765155029297,331.24441314697265,329.4320096819866,328.6972803734025,331.0333105289139,52.75848222907006,0.3345168301004833,-0.4788886927621269,0.8134055228626103,3.8505645385811027,325.3552749633789,344.60816331129047,306.10238661546737,10.063183666259997,35.11059518507836,0.0,0.0,0.0,0.0,0.0
2021-12-27 05:00:00,343.4844970703125,345.1613404781223,335.3781289082556,336.2115846993633,17795000,332.40147094726564,326.00318756103513,329.0267669677734,331.6302850341797,331.9870073889549,330.1055867254892,331.5215923540668,59.24639157675737,1.4528789604547683,-0.09253516211874785,1.545414122573516,4.725306933272533,326.00318756103513,346.7991085600569,305.2072665620134,9.983098235282844,35.92599349519469,0.0,0.0,0.0,0.0,0.0
2021-12-28 05:00:00,343.52423095703125,349.96368822790424,342.5121838763576,343.93104221062464,16637600,333.5653442382812,326.4094985961914,329.4526257324219,331.98981384277346,334.0846844013324,331.38355284277895,331.992284063987,59.26844290402903,2.3157012363342915,0.38911211757186004,1.9265891187624313,4.972410313118303,326.4094985961914,348.26864849802513,304.55034869435764,9.900882998458448,35.621065466910004,0.0,0.0,0.0,0.0,0.0
2021-12-29 05:00:00,340.2697448730469,346.9671868790593,338.97987926535325,344.20883419741097,10747000,334.4781829833984,327.32630462646483,329.6034423828125,332.3056358337402,335.20924085073506,332.2298568456616,332.3168903702246,56.56853084146732,2.70569471374165,0.8524286368058182,1.853266076935832,3.9999847030850244,327.32630462646483,349.9207560806703,304.7318531722594,9.766930142053821,32.38952881654141,0.0,0.0,0.0,0.0,0.0
2021-12-30 05:00:00,341.6786804199219,344.52635905092467,340.54757259642133,341.3214980377505,10593300,334.74608154296874,329.0011611938477,329.6901611328125,332.60503631591797,336.3855025905872,333.12974480511497,332.68401939178136,57.471757868340596,3.0928047500509024,1.300503859454835,1.7923008905960673,2.9507714048004896,329.0011611938477,350.56274988989696,307.4395724977984,9.494781008440214,27.528930450050755,0.0,0.0,0.0,0.0,0.0
2021-12-31 05:00:00,333.7311096191406,340.7659016575022,333.65171556028093,340.34915854839227,12870500,334.8899627685547,330.2890594482422,329.6022521972656,332.8914390563965,335.9028856866878,333.187017644546,332.7250817536386,51.02550051530877,2.7268561989482123,1.5857743273535108,1.1410818715947015,0.7820684850205151,330.2890594482422,349.51243500911716,311.06568388736724,9.454380284206199,29.291550886441055,0.0,0.0,0.0,0.0,0.0
2022-01-03 05:00:00,335.90399169921875,338.42419237470216,334.5644973188107,335.66583985117506,14537900,335.36126098632815,331.86171875,329.53597229003907,333.1317037963867,335.90308677987525,333.44577707832434,332.8497448887594,52.59116562154404,2.58240440947003,1.7851003437768145,0.7973040656932153,-0.9131875846098314,331.86171875,346.8687575038852,316.85467999611484,8.974567928495901,28.709003990572786,0.0,0.0,0.0,0.0,0.0
2022-01-04 05:00:00,333.90966796875,340.41858727642335,329.2859485939772,337.3030520719377,15998000,336.46063842773435,332.78745727539064,329.7725164794922,333.3449800109863,335.5406469960343,333.48995716312675,332.8913104997394,50.98024203103265,2.2807094687363474,1.884222168768721,0.3964872999676263,0.48673129600129705,332.78745727539064,345.648261163269,319.92665338751226,9.199232287674732,26.501540370853178,0.0,0.0,0.0,0.0,0.0
2022-01-05 05:00:00,321.64593505859375,333.1456884441966,321.3184875740911,330.42700225998425,20564500,335.4654510498047,332.854931640625,329.6828204345703,333.51137451171877,333.0143357346814,332.36195505793313,332.45031538440037,42.38289474168073,1.0400443175652185,1.7153865985280206,-0.675342280962802,-2.8820451607915465,332.854931640625,345.4512423510881,320.2586209301619,8.8136875486549,29.53849135244179,0.0,0.0,0.0,0.0,0.0
2022-01-06 05:00:00,329.8713073730469,336.5290820753032,320.20715711438896,320.30638452508464,27962800,335.6648834228516,332.9491897583008,330.01322692871094,333.7610154724121,332.44287603256606,332.1247505165154,332.34917781532766,48.63912284023079,0.7123159157486043,1.5147724619721374,-0.8024565462235331,2.1539397586763265,332.9491897583008,345.41968289376086,320.47869662284074,9.219787188446166,29.70925854765092,0.0,0.0,0.0,0.0,0.0
2022-01-07 05:00:00,329.2066345214844,334.37606008777516,326.31928864796174,330.1492194902525,14722000,335.3225799560547,333.0469253540039,330.4015808105469,334.0242004394531,331.8544684850967,331.84683470746484,332.2259408234122,48.18382096954719,0.3944087533374159,1.2906997202451933,-0.8962909669077774,-0.7211067904176693,333.0469253540039,345.3590461873956,320.7348045206122,9.344523404906454,29.706677260668553,0.0,0.0,0.0,0.0,0.0
2022-01-10 05:00:00,325.5155334472656,325.78342022706335,312.9739386071096,322.77701413394965,24942400,333.52568359375,332.9635772705078,330.6228436279297,334.2476965332031,330.7019348418546,331.2438536350649,331.9627875929751,45.629407416663085,-0.15360530579232545,1.0018387150376895,-1.155444020830015,-0.7202244479248776,332.9635772705078,345.46398485305133,320.4631696879643,9.705973635158601,29.995102664620504,0.0,0.0,0.0,0.0,0.0
2022-01-11 05:00:00,331.76641845703125,332.0244036529667,322.74720150321167,324.23552173215785,16226800,332.34990234375,332.95762329101564,330.83716186523435,334.46375076293947,330.89547731734126,331.2936217133474,331.9550868425459,50.42279219328029,-0.08256446466435818,0.78495807909728,-0.8675225437616382,-0.2595230709652063,332.95762329101564,345.4603061747301,320.4549404073012,9.500444001183174,30.350715614645036,0.0,0.0,0.0,0.0,0.0
2022-01-12 05:00:00,330.66510009765625,333.75086972930177,327.46023940386385,332.57013317263903,14104900,331.3894378662109,332.9338104248047,330.9022509765625,334.68828903198244,330.8535905501258,331.233762511853,331.90449912706,49.593215492100015,-0.11381923644114522,0.605202615989595,-0.7190218524307402,-3.732161737137174,332.9338104248047,345.45286223406254,320.4147586155468,9.506822255722382,30.36441150782807,0.0,0.0,0.0,0.0,0.0
2022-01-13 05:00:00,323.9379577636719,333.01670756958674,323.2235626485857,332.3717746845691,14797100,329.61536560058596,332.1807235717773,330.87050048828127,334.84679534912107,329.5962027707705,330.5389239644072,331.5920857402605,44.75008731728716,-0.6736476428354763,0.3494325642245808,-1.023080207060057,-5.701569621098801,332.1807235717773,344.9724910053417,319.38895613821296,9.617380988243124,29.841357456731483,0.0,0.0,0.0,0.0,0.0
2022-01-14 05:00:00,329.3156433105469,330.1391974441028,318.7088789365741,319.28437970362916,16868500,329.17381896972654,332.0318908691406,330.8760559082031,335.01170089721677,329.5451919598207,330.42242104499195,331.50281348811484,49.03484726596465,-0.6755935854981203,0.1444273342800406,-0.8200209197781609,-3.2192405371176736,332.0318908691406,344.88730099036565,319.1764807479156,9.538712932447377,29.776573427887932,0.0,0.0,0.0,0.0,0.0
2022-01-18 05:00:00,315.6727600097656,321.6855721790978,315.1667516493473,320.7727525971954,22645600,327.15069580078125,331.2559783935547,330.5248120117187,335.05754119873046,327.0229316052653,329.01769142258945,330.8820270771992,40.461794713266926,-1.7577402872420294,-0.2360061900243734,-1.521734097217656,-7.611221273213498,331.2559783935547,346.05189342166943,316.46006336543996,10.017097740279727,33.171213536764796,0.0,0.0,0.0,0.0,0.0
2022-01-19 05:00:00,317.1015319824219,324.55306560102997,316.84354676400187,317.0916001571118,20814700,325.4698822021484,330.9652603149414,330.09736572265626,335.1236721801758,325.2190407647483,327.8828190949544,330.341615504855,41.61309225021446,-2.4715686821030545,-0.6831186884401097,-1.7884499936629448,-4.982927020407746,330.9652603149414,346.6527795262705,315.27774110361236,10.080883310105321,32.11853374169694,0.0,0.0,0.0,0.0,0.0
2022-01-20 05:00:00,314.0951232910156,325.2674577074556,313.5196527472708,321.3779672147133,16925000,324.7148010253906,330.09012603759766,329.65960021972654,335.14088699340823,323.1965103149787,326.569705208865,329.70449816313584,39.8661986947725,-3.2424973921251876,-1.1949944291771253,-2.0475029629480623,-6.492589831362173,330.09012603759766,347.48855873036223,312.6916933448331,10.615968365984392,30.528717499409698,0.0,0.0,0.0,0.0,0.0
2022-01-21 05:00:00,300.8094787597656,315.8315803302447,300.6804861176738,312.3588319414594,28710700,321.8086181640625,328.736750793457,329.02061584472654,335.09202087402343,319.12614094130356,324.11635030895076,328.57136014731736,33.2278764086375,-4.869373325351944,-1.9298702084120891,-2.939503116939855,-9.912917289978607,328.736750793457,350.5188136724274,306.9546879144866,11.124834748336534,33.54592343413302,0.0,0.0,0.0,0.0,0.0
2022-01-24 05:00:00,306.30621337890625,307.1198356955683,286.759626090013,295.5208577507992,38878100,319.51857604980466,327.4205780029297,328.6449627685547,335.0734167480469,316.79524502086764,322.42014679180363,327.69821713679147,37.83970737900349,-5.6500138353234775,-2.6738989337943666,-2.976114901529111,-4.769132766093587,327.4205780029297,351.29306703276626,303.5480889730931,12.243915237621804,33.848881202450684,0.0,0.0,0.0,0.0,0.0
2022-01-25 05:00:00,297.8128662109375,303.8455410500459,295.2628703323014,297.61444168541084,25108500,316.74830932617186,325.1369964599609,328.09745849609374,335.01690979003905,313.34390341906214,320.0765962602926,326.52624259067954,33.93905918798053,-6.87477111624662,-3.5140733702848177,-3.3606977459618026,-9.718469125856688,325.1369964599609,351.1785702573573,299.09542266256454,12.237536977918852,31.936389423888784,0.0,0.0,0.0,0.0,0.0
2022-01-26 05:00:00,292.33587646484375,305.1155915443927,288.5853105419286,304.61948478062106,28348800,312.8052551269531,322.57757873535155,327.1794622802734,334.9418489074707,309.5242621546588,317.4346229464403,325.1854439190782,31.67175944994682,-8.19290467943597,-4.449839632115048,-3.743065047320921,-11.199883049208237,322.57757873535155,350.966188891976,294.1889685787271,12.518901307047795,32.07142982727851,0.0,0.0,0.0,0.0,0.0
2022-01-27 05:00:00,292.3458251953125,299.3607522279332,291.96877918824987,295.4315949100361,21629900,308.97332763671875,320.18138275146487,326.1293041992187,334.90126693725585,306.4009099802322,315.0452136368091,323.8976157338325,31.680687632174013,-9.131470339567613,-5.386165773605562,-3.7453045659620514,-10.189900279313925,320.18138275146487,350.31860824477945,290.0441572581503,11.88104759838844,32.18454337715356,0.0,0.0,0.0,0.0,0.0
2022-01-28 05:00:00,299.36077880859375,299.54930182886426,290.74837139396675,293.3182011734946,21871600,306.51560974121094,318.06548767089845,325.31072875976565,334.8709548950195,305.12088613084336,313.5514579388838,322.9353868348035,37.84753226030222,-9.203154026194568,-6.149563424123364,-3.0535906020712043,-9.76760692029911,318.06548767089845,347.78708079149914,288.34389455029776,11.93420181232302,33.854209474452524,0.0,0.0,0.0,0.0,0.0
2022-01-31 05:00:00,310.8208312988281,311.3467032774815,296.98937176977,298.338767684822,21579500,304.66612854003904,316.9199737548828,324.7648132324219,334.9060794067383,306.15723979774964,313.29139825887853,322.46030622554963,46.365064217586486,-8.240244989132123,-6.567699737125116,-1.6725452520070068,-6.001319399285698,316.9199737548828,345.85493350952987,287.9850140002357,11.800247211847067,36.709837631139166,0.0,0.0,0.0,0.0,0.0
2022-02-01 05:00:00,316.51617431640625,317.17103900031117,309.6897391289893,312.11074301010717,18023800,304.75046997070314,315.95058288574216,324.3740802001953,334.98922714233396,308.0406824375054,313.5985197881669,322.2272030134264,50.03012844963113,-6.937593793574081,-6.64167854841491,-0.2959152451591711,-2.291112624930536,315.95058288574216,343.47216197732104,288.4290037941633,11.67196847767327,37.36198609438572,0.0,0.0,0.0,0.0,0.0
2022-02-02 05:00:00,320.4850158691406,325.44608422624805,314.40274121853355,325.26749303258214,58458300,305.088818359375,315.2793502807617,323.9315533447266,335.09018508911134,310.3032885159845,314.2543765577835,322.1588819489446,52.467667117460415,-5.521334484658553,-6.417609735663639,0.8962752510050862,-2.681508643996877,315.2793502807617,341.58463704500895,288.9740635165145,12.011447954978738,37.72377103290305,0.0,0.0,0.0,0.0,0.0
2022-02-03 05:00:00,235.9087371826172,246.06901149472793,233.9143929833956,242.7450893560449,188119900,297.27017974853516,310.9924903869629,321.8826327514648,334.77411582946775,296.77700645537226,306.7928870934819,318.77652333065726,24.755078843239247,-11.095634072499763,-7.353214603030864,-3.7424194694688993,-25.267946092238326,310.9924903869629,354.95052299863005,267.0344577752958,17.495553523889022,100.1580517774448,0.0,0.0,0.0,0.0,0.0
2022-02-04 05:00:00,235.2439422607422,240.72096611837983,228.31829488096275,233.1404540636697,89342200,290.7136260986328,306.26112213134763,319.8950305175781,334.4792797851562,285.58917660180316,299.9787018713162,315.5007358377194,24.64489040427965,-15.3895489106161,-8.960481464547911,-6.4290674460681885,-25.81431543705609,306.26112213134763,360.76787091426877,251.75437334842647,17.56500729030962,99.20514701383713,0.0,0.0,0.0,0.0,0.0
2022-02-07 05:00:00,223.1587677001953,236.44450739450184,222.26576636304068,235.8491731697321,88613800,282.39888153076174,300.9587287902832,317.5901174926758,334.10114707946775,274.23819316514715,292.6625176645428,311.8794821852675,22.669455499268395,-19.542407236926124,-11.076866619023555,-8.465540617902569,-28.95185211346497,300.9587287902832,365.73263381706624,236.18482376350013,17.567139388185446,99.92197130908849,0.0,0.0,0.0,0.0,0.0
2022-02-08 05:00:00,218.465576171875,224.01206152431283,214.4669567033592,219.1303725857273,94729700,274.46415252685546,295.60623092651366,315.34890411376955,333.69007301330566,264.09771734818855,285.5961422842887,308.21619175336974,21.93416824785328,-22.947751321201167,-13.451043559459077,-9.49670776174209,-27.37410500739328,295.60623092651366,368.95970546169053,222.2527563913368,17.614625047448968,99.90698406543291,0.0,0.0,0.0,0.0,0.0
2022-02-09 05:00:00,230.19354248046875,231.55287019256502,220.479778534801,222.45427380011273,86563300,268.24991912841796,290.52758712768554,313.2448147583008,333.33500923156737,257.93332191769406,280.31970420773445,305.15648001717756,28.20133740511092,-24.41867884613049,-15.64457061679336,-8.77410822933713,-24.848555978942798,290.52758712768554,367.3238127286164,213.73136152675465,17.710302837485056,102.30864341998252,0.0,0.0,0.0,0.0,0.0
2022-02-10 05:00:00,226.294189453125,233.1702232371406,224.934846367152,226.49262916830958,49310400,261.6447555541992,285.309041595459,311.3320260620117,332.94293601989745,252.1807523786815,275.1744170882478,302.06384117152845,27.41333626037617,-25.603898899511364,-17.63643627333696,-7.967462626174402,-24.014636327752413,285.309041595459,364.7599616935704,205.8581214973476,17.216323027300604,102.2025824959012,0.0,0.0,0.0,0.0,0.0
2022-02-11 05:00:00,217.8404998779297,228.6258569131585,217.06657447768202,226.68112672688727,46156900,253.49272766113282,280.00416870117186,309.525205078125,332.3974168395996,245.9370701058175,269.71404402059846,298.76096504236773,25.734489252543952,-26.91507618494481,-19.49216425565853,-7.422911929286279,-25.48280337253538,280.00416870117186,362.69714399595426,197.31119340638946,16.58768537229497,102.466111155352,0.0,0.0,0.0,0.0,0.0
2022-02-14 05:00:00,216.00489807128906,219.27920598503405,213.1076361709991,217.60236257569318,38184000,244.0111343383789,274.338631439209,307.68584014892576,331.86469734191894,240.4948570086305,264.59888726352136,295.5156290827176,25.371155009982743,-27.782057094746392,-21.150142823476102,-6.63191427127029,-26.113226372574683,274.338631439209,358.3228751223812,190.35438775603674,16.239701569968553,101.74970058841781,0.0,0.0,0.0,0.0,0.0
2022-02-15 05:00:00,219.2792205810547,219.4280465752312,213.38546897199984,218.7533485483256,42685500,234.28743896484374,269.5189544677734,305.98240844726564,331.3607522583008,236.63746856725308,260.28272853185786,292.52596600422106,27.341776490809735,-27.883511486606864,-22.496816556102253,-5.386694930504611,-26.75085178033354,269.5189544677734,354.5723376494629,184.46557128608396,15.490579898594785,102.04625785543317,0.0,0.0,0.0,0.0,0.0
2022-02-16 05:00:00,214.8539276123047,215.76677745313566,210.70648200582244,210.75609571412514,45817500,223.72433013916014,264.4065742492676,303.97158905029295,330.8556163787842,232.67682475726247,255.956176063329,289.480003714342,26.329847376271772,-27.99825255481258,-23.59710375584432,-4.401148798968261,-30.875312727755787,264.4065742492676,349.7088914927897,179.10425700574547,15.574920293991138,101.7717568892221,0.0,0.0,0.0,0.0,0.0
2022-02-17 05:00:00,206.09266662597656,215.80642984090412,205.54694618918825,212.35353120264293,38747500,220.7427230834961,259.00645141601564,301.68751342773436,330.3232440185547,227.84334146066502,251.20727040262875,286.20991206381785,24.404115959066004,-28.467985008244227,-24.571280006324304,-3.8967050019199228,-34.887161115515234,259.00645141601564,344.7375348755394,173.27536795649192,15.67910266662102,102.07171517124067,0.0,0.0,0.0,0.0,0.0
2022-02-18 05:00:00,204.5547332763672,209.10898948493596,203.58235317181104,207.75957855573304,37128400,217.6738021850586,254.1937141418457,299.2188851928711,329.7583766937256,223.60904906351993,246.7641716286991,283.00774818980017,24.071301242157162,-28.634271670494343,-25.383878339158315,-3.250393331336028,-36.17338622786337,254.1937141418457,340.8459366356342,167.54149164805722,15.048338724150552,101.74507634336851,0.0,0.0,0.0,0.0,0.0
2022-02-22 05:00:00,200.5065460205078,205.8644939367054,198.5022701102353,200.76451613173913,39852400,215.40858001708983,248.9037307739258,296.6839776611328,329.1779318237305,219.40859396479044,242.35868347553802,279.7724069282593,23.17537158930604,-28.761169073915624,-26.05933648610978,-2.7018325878058462,-15.006731664501471,248.9037307739258,335.0771267946487,162.7303347532029,15.039833292375425,100.89814777437718,0.0,0.0,0.0,0.0,0.0
2022-02-23 05:00:00,196.90478515625,205.32868403916535,196.5079057737242,202.57033145267047,44481400,213.25250091552735,243.85832672119142,294.07842346191404,328.64451782226564,215.31699236323763,238.02974077846298,276.5226962705334,22.377337009465137,-28.82014746093671,-26.61149868107517,-2.208648779861541,-16.297617161166865,243.85832672119142,329.79033428449407,157.92631915788874,14.88107866792733,100.84188508331113,0.0,0.0,0.0,0.0,0.0
2022-02-24 05:00:00,205.98355102539062,206.72771123120492,188.73887367786082,189.5723294747781,49957200,210.83150177001954,239.54071044921875,291.56038452148437,328.15371932983396,213.6200030290836,234.97772270674182,273.7564552805278,29.012806202897366,-27.8136888348715,-26.851936711834437,-0.961752123037062,-7.696411327149333,239.54071044921875,323.87970278965594,155.20171810878156,9.982379715612979,103.39401127877044,0.0,0.0,0.0,0.0,0.0
2022-02-25 05:00:00,208.8411102294922,209.67458114367503,201.59794806228433,203.34425365392673,37627600,209.08619384765626,235.36547470092773,289.1143795776367,327.6969538116455,212.7511134291579,232.48852151843232,271.21075547460487,31.011798079356993,-26.480234318568762,-26.777596233181303,0.2973619146125408,-4.405483971905433,235.36547470092773,316.91945447019435,153.81149493166112,9.673376990182522,103.77678657907109,0.0,0.0,0.0,0.0,0.0
2022-02-28 05:00:00,209.3868408203125,211.49032886803136,205.21954660842596,206.06291910870078,34239800,208.24082794189454,230.86677780151368,286.5221224975586,327.22947242736814,212.13942750027692,230.2883614519447,268.78628823326005,31.409049616477816,-25.090201880390737,-26.44011736262319,1.3499154822324542,-9.038785986762266,230.86677780151368,307.3241552247589,154.4094003782685,9.108522792192826,103.00487174717283,0.0,0.0,0.0,0.0,0.0
2022-03-01 05:00:00,201.90557861328125,210.1012586232327,200.64546292921548,208.23589195453502,27094900,206.83089599609374,225.42101516723633,283.9143881225586,326.6716005706787,210.27872770264133,227.58523927683387,266.16351530698637,28.948155550152876,-24.31201274585044,-26.014496439268644,1.7024836934182055,-10.777391544512305,225.42101516723633,292.8867085091258,157.95532182534686,9.102143568840223,101.22664400296611,0.0,0.0,0.0,0.0,0.0
2022-03-02 05:00:00,206.4895782470703,207.52147375619305,200.44700090023863,203.1855050567392,29452100,205.55193176269532,219.91968536376953,281.4203594970703,326.1390301513672,209.58979143799206,225.57612870257068,263.82336091247987,32.440973021646926,-23.05958524520065,-25.423514200455045,2.3639289552543943,-5.2106571722062895,219.91968536376953,272.38515799463056,167.4542127329085,8.672656342787679,101.45294897970874,0.0,0.0,0.0,0.0,0.0
2022-03-03 05:00:00,201.3896026611328,207.45202857519675,199.85166849923849,207.39249817950693,27263500,204.20549926757812,213.96491470336915,278.9898336791992,325.60824546813967,208.09884802401766,223.27265003195757,261.37497823595646,30.63650982527618,-22.222386990917897,-24.783288758547616,2.560901767629719,-6.766187035875781,213.96491470336915,237.3417589830176,190.5880704237207,8.627298000356943,100.78356758530657,0.0,0.0,0.0,0.0,0.0
2022-03-04 05:00:00,198.50225830078125,204.2868656360038,197.2421427393917,200.7942693856852,32130900,203.4464584350586,212.09459075927734,276.327922668457,325.0450154876709,206.35401352888374,220.91356510517886,258.9093813757535,29.631605961029692,-21.543545321967486,-24.135340071231592,2.591794749264107,-9.475116805513007,212.09459075927734,234.01965546019753,190.16952605835715,8.30482946186663,43.65748398689861,0.0,0.0,0.0,0.0,0.0
2022-03-07 05:00:00,186.01026916503906,199.32577274078756,185.82174617449198,199.22654533313855,38560600,201.59201202392578,209.63290710449218,273.49058837890624,324.3944207763672,202.6551509172756,217.5894416823084,256.0505926616079,25.703405879474857,-21.76269077937934,-23.660810212861143,1.8981194334818028,-13.424775971195114,209.63290710449218,231.6695599448533,187.59625426413106,8.828576372742388,47.69564689117142,0.0,0.0,0.0,0.0,0.0
2022-03-08 05:00:00,188.80831909179688,195.16841189497072,184.66087351517342,186.38733062782254,37508100,200.42218933105468,207.91538467407227,270.6141613769531,323.7696237182617,200.13754513082492,214.84838238797397,253.41364075690942,28.005619169037942,-21.46317180422696,-23.221282531134307,1.758110726907347,-8.386687317481245,207.91538467407227,230.84954086083994,184.9812284873046,9.147502142497098,46.08327720932624,0.0,0.0,0.0,0.0,0.0
2022-03-09 05:00:00,196.95440673828125,197.54974097584935,192.4100664687819,194.21590255342085,31894700,200.42715148925782,206.83982620239257,267.6835595703125,323.1438842773438,199.55879269581698,213.1441942308604,251.19955314833578,34.380711386079625,-20.334081036462408,-22.64384223219993,2.309761195737522,-3.7155466492273193,206.83982620239257,229.70825397217826,183.9713984326069,9.15955095026997,49.18786584087889,0.0,0.0,0.0,0.0,0.0
2022-03-10 05:00:00,193.6900177001953,194.75167834752023,189.58225412516933,193.32288838403682,24853000,199.1977981567383,205.0146499633789,264.68687530517576,322.48614555358887,198.49174269661302,211.2914155136542,248.9442772484087,33.11523729658738,-19.478145446107135,-22.01070287498137,2.5325574288742345,-3.3996537547533734,205.0146499633789,225.76367520223323,184.26562472452457,8.953313018941117,44.19358623585338,0.0,0.0,0.0,0.0,0.0
2022-03-11 05:00:00,186.14920043945312,192.0528685324607,185.2165172013014,191.14003380617865,34694500,196.92860717773436,203.0074005126953,261.6044644165039,321.7913478851318,196.2476441044021,208.89691883992074,246.48172521668496,30.337334716684452,-19.187114147442315,-21.44598512947356,2.258870982031244,-5.462327748034157,203.0074005126953,222.83553102106856,183.17927000432206,9.163803317924616,45.44062018975313,0.0,0.0,0.0,0.0,0.0
2022-03-14 04:00:00,185.1768341064453,190.79275173053884,184.3731434907347,185.57371350137103,31010500,194.50760650634766,201.37421722412108,258.47442749023435,321.06643630981443,194.23476955931903,206.63786315101834,244.07761183981282,29.98800709669375,-18.81800928590846,-20.920389960760538,2.1023806748520784,-10.101154589951001,201.37421722412108,221.4375255304658,181.31090891777637,9.096473633162761,44.22691267267953,0.0,0.0,0.0,0.0,0.0
2022-03-15 04:00:00,190.53477478027344,190.7828281781689,184.46243244458515,189.3143563018215,31721700,193.3705261230469,200.1007110595703,255.61050079345702,320.38825859069823,193.5620432358562,205.10423568713787,241.97789273943874,34.46591746120356,-17.886960246214386,-20.313704017851308,2.4267437716369216,-8.765676177981529,200.1007110595703,219.4753985468817,180.7260235722589,8.917874880887231,46.096465261788964,0.0,0.0,0.0,0.0,0.0
2022-03-16 04:00:00,202.04446411132812,202.14367638925566,193.00539743531633,193.18398861957286,40640300,192.92601470947267,199.23897323608398,252.93331024169922,319.76564460754395,195.10430157685107,204.8128288703941,240.41187593049324,42.91272591611815,-16.035514012111094,-19.458066016703267,3.4225520045921733,-3.506608476549544,199.23897323608398,216.43235662853542,182.04558984363254,8.46216517057567,51.3326318903903,0.0,0.0,0.0,0.0,0.0
2022-03-17 04:00:00,206.2216796875,206.42011938787329,199.5440861170762,200.12948853216994,29499700,193.4092224121094,198.80736083984374,250.37955047607423,319.1638175201416,197.1256430515145,204.94700513868992,239.0710839209641,45.65068808490679,-14.068984648693203,-18.380249743101256,4.3112650944080535,2.1376829228109573,198.80736083984374,214.7372378227671,182.87748385692038,8.376408041247554,51.628850435068884,0.0,0.0,0.0,0.0,0.0
2022-03-18 04:00:00,214.8043212890625,215.1119050734654,204.3959954860092,205.090541957238,52128000,195.0394287109375,199.24294357299806,248.24271820068358,318.6203325653076,200.3399481856141,205.8857971530111,238.11944617069346,50.86500936580753,-11.683271035079429,-17.040854001496893,5.357582966417464,4.026713170019347,199.24294357299806,216.43778414035896,182.04810300563716,8.69391713609404,51.60904793777522,0.0,0.0,0.0,0.0,0.0
2022-03-21 04:00:00,209.84324645996094,213.03817526135632,206.01330160027447,212.82980375692748,30142300,197.4227264404297,199.50736923217772,245.84215698242187,318.03066009521484,202.0678205991317,206.26269708700633,237.010575593802,47.998390872269695,-10.076734759668426,-15.6480301531312,5.5712953934627745,4.197656526018667,199.50736923217772,217.20155482494383,181.81318363941162,8.646433135720526,52.305913344162256,0.0,0.0,0.0,0.0,0.0
2022-03-22 04:00:00,214.96304321289062,217.75117579405494,208.54342082112635,209.7241572782789,31998800,200.03819885253907,200.23019409179688,243.55728515625,317.4356791687012,204.41240652890605,207.09130147994767,236.14596648082508,51.06349574435811,-8.29480107346123,-14.177384337197207,5.882583263735977,8.292492515207117,200.23019409179688,219.22925199862632,181.23113618496743,8.79881042979011,52.239439350275894,0.0,0.0,0.0,0.0,0.0
2022-03-23 04:00:00,211.79791259765625,215.11190224536244,210.5080319452024,211.66891999041766,23717300,201.52254943847657,200.9748504638672,241.2829327392578,316.8392594909668,205.75522581413333,207.5395501578247,235.19114083834788,49.135322867222605,-7.056660586924835,-12.753239587142733,5.696579000217898,13.863559011216143,200.9748504638672,220.5828158753305,181.3668850524039,8.584775445804524,52.07117970055063,0.0,0.0,0.0,0.0,0.0
2022-03-24 04:00:00,217.86036682128906,218.95179279450193,213.11757146212778,213.32594299827517,31502300,203.93958435058593,201.5686912536621,239.00481170654297,316.2901685333252,207.9561605427071,208.52248507815463,234.5115026416005,52.81084581766832,-5.522575132774051,-11.307106696268999,5.784531563494948,15.387059145083203,201.5686912536621,222.49072247567503,180.6466600316492,8.59257239582121,50.550939589007726,0.0,0.0,0.0,0.0,0.0
2022-03-25 04:00:00,220.09283447265625,223.74417336052977,217.18564066662418,218.79302190096215,40039000,207.33394775390624,202.13127746582032,236.79336639404298,315.7412761688232,210.16282852997057,209.62442311572622,233.94606467419092,54.12545306014947,-4.079632412942601,-9.86161183960372,5.781979426661119,11.748113747524336,202.13127746582032,224.43610273549675,179.8264521961439,8.096465690650495,50.46657771428751,0.0,0.0,0.0,0.0,0.0
2022-03-28 04:00:00,221.84902954101562,222.29552262165006,217.83056153535037,220.40040620029254,26224100,211.00116729736328,202.75438690185547,234.75158782958985,315.2071179962158,212.28759235016057,210.78867134670617,233.4716711395566,55.18316468033299,-2.7625348644540395,-8.441796444573784,5.679261580119745,14.538184350009441,202.75438690185547,226.55854878430824,178.9502250194027,7.664853026829239,50.495536902927974,0.0,0.0,0.0,0.0,0.0
2022-03-29 04:00:00,228.07020568847656,229.09218442696672,223.5357825280101,224.30972302063074,31417900,214.75471038818358,204.06261825561523,232.72667907714845,314.6767300415039,215.15715841167255,212.4345317602081,233.25984896500447,58.806500625821336,-1.2028627920293502,-6.994009714064898,5.791146922035548,22.52011029327985,204.06261825561523,230.41038118362619,177.71485532760428,7.5578339555362835,48.9968968907327,0.0,0.0,0.0,0.0,0.0
2022-03-30 04:00:00,226.0758819580078,229.35017482946435,224.94475902387336,227.12762598483724,25588000,217.15785217285156,205.04193344116212,230.9347415161133,314.1364698028564,217.14238087464258,213.73370796952236,232.97812476865167,57.20972062211408,-0.12628100675360088,-5.620463972602638,5.4941829658490375,22.086481847968354,205.04193344116212,233.16566151290658,176.91820536941765,7.345924183570503,48.89456070055465,0.0,0.0,0.0,0.0,0.0
2022-03-31 04:00:00,220.62863159179688,226.71090621508176,220.5294041691088,226.6712091900149,24192300,218.59854736328126,206.0038848876953,229.00528350830078,313.59710258483886,217.77624464139788,214.39036736211992,232.49383091857896,52.97831866112419,0.2840953599812508,-4.439552106085861,4.723647466067112,15.794416975183644,206.0038848876953,234.9069279272905,177.10084184810012,7.182210008361864,48.846386342533926,0.0,0.0,0.0,0.0,0.0
2022-04-01 04:00:00,223.0992431640625,225.51031504373782,220.9659747526021,222.80157604386122,19544800,219.42803955078125,207.23373413085938,227.18536590576173,313.0431494903564,218.74406255460963,215.2197841051621,232.1254157125195,54.61781946201524,0.7994635748974872,-3.3917489698891914,4.191212544786678,10.420864112927642,207.23373413085938,236.8765527355167,177.59091552620205,7.072358237800207,48.342447878898334,0.0,0.0,0.0,0.0,0.0
2022-04-04 04:00:00,232.06886291503906,232.52528788104456,224.1013880730897,224.22044887292608,28054800,221.65060119628907,209.5366638183594,225.81055358886718,312.56802810668944,221.16675352923315,216.82445827753133,232.1231979557556,60.06223738355271,1.9096566171474194,-2.3314678524818695,4.241124469629289,12.533688633855977,209.5366638183594,239.39276697331164,179.68056066340714,7.294190308042943,42.228311496735586,0.0,0.0,0.0,0.0,0.0
2022-04-05 04:00:00,230.03477478027344,235.01569080189273,229.2211675810315,232.2573384762096,29727200,223.15777435302735,211.5979866027832,224.28512481689452,312.06968879699707,222.7791210294223,218.08258365874488,232.0412990076975,58.352589600931964,2.5954400712120673,-1.3460862677430823,3.94152633895515,7.090385053620629,211.5979866027832,241.11912978264493,182.07684342292148,6.8788775660343005,42.80185972412057,0.0,0.0,0.0,0.0,0.0
2022-04-06 04:00:00,221.56129455566406,227.20699222567552,219.68601150256504,225.14318617073423,28995100,224.1341125488281,212.82833099365234,222.76009338378907,311.495544128418,222.55769803419352,218.41388945845148,231.6303184409511,51.744902742666675,2.427209995126219,-0.591427015169222,3.018637010295441,5.584191196707855,212.82833099365234,241.82623700618709,183.8304249811176,7.126929709385109,44.05056226339224,0.0,0.0,0.0,0.0,0.0
2022-04-07 04:00:00,221.2140350341797,223.76403143713907,216.85821762186922,222.18640019306102,21037200,224.4694793701172,214.20453186035155,221.33765655517578,310.9119242095947,222.31339567055463,218.6805699894732,231.2218367387248,51.487585510629756,2.240043677446266,-0.025132876646124402,2.2651765540923905,2.9079379077725065,214.20453186035155,241.96417521960993,186.44488850109317,6.854780011371799,43.33476561784689,0.0,0.0,0.0,0.0,0.0
2022-04-08 04:00:00,220.59886169433594,223.37706293065762,218.31676728092958,220.6484754046232,18375700,224.52008209228515,215.9270149230957,219.90271728515626,310.31237945556643,222.00166222033303,218.86326443755536,230.8052494820821,51.00371281665579,2.0188021800462366,0.3836541346923478,1.6351480453538887,4.155352141453106,215.9270149230957,240.4424726554104,191.411557190781,6.5882997228675135,40.02416090398798,0.0,0.0,0.0,0.0,0.0
2022-04-11 04:00:00,214.77456665039062,218.8922471136339,213.54421631232353,216.7192968654244,20516600,223.81263580322266,217.40690155029296,218.2109930419922,309.69269241333006,220.68764484397985,218.47386464830157,230.17659525338834,46.54385059058535,1.3578424030215785,0.5784917883581939,0.7793506146633846,-1.416411904524939,217.40690155029296,237.2310741969741,197.5827289036118,6.4345061806592145,41.68178797080454,0.0,0.0,0.0,0.0,0.0
2022-04-12 04:00:00,212.47262573242188,220.30119065314656,211.4704954183544,218.5251349202986,20128800,222.25287780761718,218.5037940979004,216.24402893066406,308.9907011413574,219.19400500551475,217.90231808488446,229.48232193884064,44.87373192751097,0.6408918218335486,0.5909717950532649,0.04992002678028373,-3.4622702545007655,218.5037940979004,234.0290676581898,202.978520537611,6.736422247418651,41.38631397473805,0.0,0.0,0.0,0.0,0.0
2022-04-13 04:00:00,213.31600952148438,214.92339072532232,209.68450407431595,210.17069419373846,19231800,220.97689056396484,219.0673713684082,214.18002563476563,308.31153060913084,218.12527855387285,217.46552679313206,228.8483489028659,45.64331191686837,0.13915327191821802,0.5006080904262555,-0.3614548185080375,-3.8463183892150643,219.0673713684082,232.79067651147676,205.34406622533965,6.599636994144414,36.00551122517556,0.0,0.0,0.0,0.0,0.0
2022-04-14 04:00:00,208.54345703125,213.3160173902609,208.3648658420038,213.21678996958275,18379500,219.76837310791015,219.1834602355957,211.9411944580078,307.6292349243164,216.38312918612323,216.615805863429,228.05207863339078,42.0646353440577,-0.6362489618167047,0.2732366799776635,-0.9094856417943682,-8.56172712182246,219.1834602355957,232.48193414843414,205.88498632275727,6.484824055169521,36.43653782115989,0.0,0.0,0.0,0.0,0.0
2022-04-18 04:00:00,209.12887573242188,211.71855397049873,206.6781068000665,208.36486698096425,16580800,218.3713363647461,218.89968795776366,211.40559722900392,306.9167263793945,215.064174012723,215.90276489857115,227.30999224511748,42.658537128954016,-1.1898070666515252,-0.01937206934817426,-1.170434997303351,-7.49615840434219,218.89968795776366,232.8193217056277,204.98005420989963,6.525930204036131,33.12513896036209,0.0,0.0,0.0,0.0,0.0
2022-04-19 04:00:00,215.61795043945312,216.7292249062666,207.37265725519583,208.88082627442776,20089900,216.7262451171875,219.18842315673828,211.0130773925781,306.2351251220703,215.1648606357648,215.87563971198847,226.8514808017581,48.910333435559664,-1.0923003964694544,-0.2339577347724303,-0.8583426616970241,-2.2710928840887767,219.18842315673828,232.54526863752085,205.8315776759557,6.676888258687536,33.92704025896605,0.0,0.0,0.0,0.0,0.0
2022-04-20 04:00:00,198.85943603515625,212.4924555364703,197.37111572392018,211.94673506102163,43036500,213.60871124267578,218.38324279785155,210.52709075927734,305.47925659179685,212.20023798110867,214.2550488856235,225.75375355600903,37.53005921099034,-2.3403199618095414,-0.6552301801798526,-1.6850897816296888,-10.86503333006863,218.38324279785155,234.4742527049948,202.2922328907083,7.665561037969105,42.97444737617091,0.0,0.0,0.0,0.0,0.0
2022-04-21 04:00:00,186.60562133789062,201.38959810560033,184.13500399279943,200.03027030150272,49954100,210.11314392089844,217.12362823486328,209.88989166259765,304.6734800720215,207.54667131870536,211.6217700715537,224.21853268471025,31.718584226135945,-4.268955039144913,-1.3779751519728647,-2.8909798871720485,-19.590409935258158,217.12362823486328,238.47083771137616,195.7764187583504,8.456496185599672,47.57254971415805,0.0,0.0,0.0,0.0,0.0
2022-04-22 04:00:00,182.6764373779297,191.21939665285564,181.84298162915087,188.88768875332022,36426800,206.25938415527344,215.36443176269532,208.93954956054688,303.87206916809083,203.0248106022007,208.86507171978,222.58943090797376,30.108628850526244,-6.04478403341713,-2.311336928261718,-3.7334471051554123,-20.587468763181516,215.36443176269532,241.6773729601869,189.05149056520375,8.777548440725658,46.0377878065147,0.0,0.0,0.0,0.0,0.0
2022-04-25 04:00:00,185.53402709960938,185.72253496662242,180.24552677813085,181.307187460691,29281100,202.75290069580078,213.63649139404296,208.12434631347656,303.0612819671631,199.84466814718408,206.64306747023994,221.13627781744967,32.78086692428195,-7.1392607430586565,-3.276921691221106,-3.8623390518375507,-16.260632313196453,213.63649139404296,243.0036457837997,184.26933700428623,8.495474402976338,46.36570315176227,0.0,0.0,0.0,0.0,0.0
2022-04-26 04:00:00,179.54104614257812,185.73246439664177,178.10233946459232,185.17682720845232,31747400,199.22954864501952,211.5210922241211,207.35835723876954,302.2069365692139,196.15310050998298,204.0619225818912,219.50509226157237,30.175141733970563,-8.393470198830897,-4.300231392743065,-4.093238806087832,-18.83831145033934,211.5210922241211,244.2949479041376,178.74723654410462,8.626588810918353,46.71736456176212,0.0,0.0,0.0,0.0,0.0
2022-04-27 04:00:00,173.5877685546875,179.79903546123612,167.68410058572994,173.07181323676826,71062900,195.3410629272461,208.79697036743164,206.5100146484375,301.32813316345215,192.0503128817474,201.159622198348,217.70441290051807,27.810251379005948,-9.755366187443371,-5.391258351683127,-4.364107835760245,-21.310668957479706,208.79697036743164,244.68786869172058,172.9060720431427,8.752743925046767,45.11276692695036,0.0,0.0,0.0,0.0,0.0
2022-04-28 04:00:00,204.1280975341797,206.90629861285063,191.39799536375196,201.3399797700055,100890600,194.42227172851562,207.69958114624023,206.2069921875,300.62415725708007,194.24627372764417,201.44233413509386,217.17200837634795,49.62250437979221,-8.274940890272063,-5.967994859400914,-2.306946030871149,-4.9570436957469095,207.69958114624023,242.69701290979896,172.7021493826815,10.639366513824857,80.92686222676643,0.0,0.0,0.0,0.0,0.0
2022-04-29 04:00:00,198.9090576171875,210.82553726399675,198.3434886093317,202.867995252245,49193400,193.45883178710938,206.61360244750978,205.88809478759765,299.909813079834,195.09405261665202,201.20106970481706,216.4558142289299,47.008518985097275,-7.4370958685985045,-6.261815061240433,-1.1752808073580718,-6.383677929558651,206.61360244750978,241.26805323334574,171.95915166167381,11.169491728463216,80.97720349671192,0.0,0.0,0.0,0.0,0.0
2022-05-02 04:00:00,209.486083984375,210.2302442617145,199.4250376403443,199.60362883971555,49915300,193.4945526123047,205.93294448852538,205.95596313476562,299.26472534179686,197.71078559260164,201.99011868382257,216.1824914742415,52.47270219773117,-5.852159963425123,-6.179884041677371,0.32772407825224814,-1.7954233935374875,205.93294448852538,239.74863985317253,172.11724912387822,11.474244675785686,83.35829422930485,0.0,0.0,0.0,0.0,0.0
2022-05-03 04:00:00,210.37905883789062,213.2267071664261,206.4697346374748,208.8113594552885,41556300,192.97066345214844,204.84845428466798,206.0724496459961,298.6449887084961,200.014108000836,202.7890653651624,215.9549058806591,52.914140510411634,-4.472475320476917,-5.8384022974372805,1.3659269769603632,0.8802011018574252,204.84845428466798,236.4538844393255,173.24302413001047,11.326121625368483,81.9139583161392,0.0,0.0,0.0,0.0,0.0
2022-05-04 04:00:00,221.67044067382812,222.5535101589403,205.348530227441,209.0097856387637,41375900,195.25176391601562,204.43023757934571,206.4957275390625,298.05834243774416,203.9516230322891,204.58729158503533,216.17904449999907,58.200865698105666,-2.4398204216196007,-5.158685922273745,2.718865500654144,5.997050812558791,204.43023757934571,234.8307938561362,174.02968130255522,12.180842573975122,84.36372135484805,0.0,0.0,0.0,0.0,0.0
2022-05-05 04:00:00,206.65823364257812,218.45565195579698,204.5547457953696,217.0367938694191,41129200,197.25702514648438,203.6850845336914,206.69079650878905,297.37396286010744,204.44373405234163,204.78452416194418,215.8056793683355,50.14030361586888,-2.017035287724326,-4.530355795363861,2.513320507639535,-4.155366832220652,203.6850845336914,233.02988214061924,174.34028692676355,13.049738526132368,86.80146928960738,0.0,0.0,0.0,0.0,0.0
2022-05-06 04:00:00,202.18336486816406,207.74968364193575,199.45477753082457,205.72555946603094,34747200,199.2077178955078,202.73355102539062,206.61479278564454,296.64260215759276,204.0327578370366,204.53679470539367,215.2714709565641,48.006020487364715,-2.0197768054208893,-4.028239997375267,2.0084631919543776,1.6714966607972226,202.73355102539062,230.89544832341699,174.57165372736426,13.282199879038005,87.07674503892477,0.0,0.0,0.0,0.0,0.0
2022-05-09 04:00:00,194.68223571777344,200.99271477399856,194.0571363094751,198.28396076469102,36303200,200.1225387573242,201.4377197265625,206.33161529541016,295.7814599609375,202.33266290626148,203.59826527800126,214.46404996680758,44.58039408400647,-2.597287991619794,-3.7420495962241724,1.1447616046043785,4.328173139681746,201.4377197265625,228.50200950226844,174.37342995085658,13.194318515296446,87.90675262569063,0.0,0.0,0.0,0.0,0.0
2022-05-10 04:00:00,196.1110076904297,201.37967450866105,192.67795718797927,197.95652555162374,34452500,201.77953491210937,200.50454177856446,206.0660986328125,294.91421562194824,201.20145286701933,202.88519312680398,213.74432281871432,45.37989285715896,-2.90617918536293,-3.574875514051924,0.668696328688994,7.35429840067765,200.50454177856446,226.91166168627,174.0974218708589,12.51252441566422,87.62478145023931,0.0,0.0,0.0,0.0,0.0
2022-05-11 04:00:00,187.27040100097656,199.10750202518517,186.8040593960686,194.80129861899218,31153400,203.14779815673828,199.2444305419922,205.77339508056642,294.025837097168,198.66853434592062,201.39807006720136,212.70612980625404,41.400107348514084,-3.8203026863389766,-3.623960948509335,-0.1963417378296417,0.935878948196911,199.2444305419922,225.65214773809114,172.83671334589323,12.158870738258198,88.85820477827698,0.0,0.0,0.0,0.0,0.0
2022-05-12 04:00:00,189.75094604492188,196.50791865624595,183.3412391310792,185.6034850677345,38262200,201.7100830078125,198.06617736816406,205.43862243652345,293.1227244567871,197.04715465482994,200.28882016031758,211.80592652149593,42.912915294185666,-4.29508186238624,-3.758185131284716,-0.5368967311015242,5.68666615334068,198.06617736816406,223.92753670784188,172.20481802848624,12.429603916934054,89.04150328428072,0.0,0.0,0.0,0.0,0.0
2022-05-13 04:00:00,197.07347106933594,198.33358664883283,189.7906264841729,191.08050726208492,24549800,201.52652435302736,197.49267807006837,205.3522998046875,292.3304418182373,197.05193945746737,199.98259643736694,211.22818317043087,47.24271534783864,-4.033979997086732,-3.8133441044451195,-0.22063589264161232,13.529583743251727,197.49267807006837,222.88012256539076,172.10523357474597,12.651434803749725,90.03456117206505,0.0,0.0,0.0,0.0,0.0
2022-05-16 04:00:00,198.4823760986328,203.77087571642969,194.40437812678445,195.5156675096079,27112600,200.42615356445313,196.9603530883789,205.35190216064453,291.55522537231445,197.31201884677017,199.83971830986843,210.72834759898782,48.05900775395913,-3.6710504421976964,-3.7848853719956352,0.11383492979793886,-2.7657737977994645,196.9603530883789,221.76014983602806,172.16055634072973,12.775461422149423,90.07442514869923,0.0,0.0,0.0,0.0,0.0
2022-05-17 04:00:00,201.04232788085938,203.8602261947691,196.8155031199633,200.54622104854852,24872700,199.49248046875,196.23157196044923,205.65254333496094,290.81438888549803,197.9902568529682,199.95425255472472,210.348503688473,49.5853599007654,-3.1406559143754578,-3.6560394804716,0.5153835660961423,1.0724852297965715,196.23157196044923,219.53427681625817,172.9288671046403,12.41330343638511,89.44310939450195,0.0,0.0,0.0,0.0,0.0
2022-05-18 04:00:00,190.7431640625,199.43495048394504,190.13791310966099,198.44273679994532,23960000,196.39975280761718,195.8257583618164,205.691240234375,290.02557907104494,196.6726036183376,199.07700603165569,209.57966684039562,43.98513699993524,-3.5108994132513374,-3.6270114670275477,0.11611205377621037,-8.947095465908362,195.8257583618164,219.21828759078136,172.43322913285147,10.812295201601914,86.9293511517062,0.0,0.0,0.0,0.0,0.0
2022-05-19 04:00:00,189.800537109375,193.76939159776364,188.12370880561264,189.71124151698106,24446900,194.71398315429687,195.98550415039062,205.54816284179688,289.19395538330076,195.4231369803444,198.1935328009623,208.80401469408108,43.500883804758864,-3.836161291386304,-3.668841431899299,-0.16731985948700512,-9.78163978971528,195.98550415039062,219.15550064208543,172.81550765869582,10.323983354279482,83.94041900689187,0.0,0.0,0.0,0.0,0.0
2022-05-20 04:00:00,192.0330352783203,196.36901949764322,186.407185344579,193.45190876015224,31465600,193.6989501953125,196.45333404541014,205.51502319335938,288.35340187072757,194.80675485270365,197.60681875118686,208.14632922679635,45.04406557279614,-3.869188136375186,-3.7089107727944763,-0.16027736358070976,-13.370030440421733,196.45333404541014,218.85702245596502,174.04964563485527,10.226886747746429,83.54683163140672,0.0,0.0,0.0,0.0,0.0
2022-05-23 04:00:00,194.7020721435547,195.45616417554956,189.75093592706153,193.67017665237506,25059200,193.70093383789063,196.91173629760743,205.6860806274414,287.52351440429686,194.7877216328584,197.33017621712668,207.61910345882612,46.91099607286284,-3.638055935805056,-3.6947398053965923,0.05668386959153615,-5.785475511080773,196.91173629760743,218.74255931636614,175.08091327884873,10.151762156284764,83.51618025219719,0.0,0.0,0.0,0.0,0.0
2022-05-24 04:00:00,179.86846923828125,182.2497756772085,174.73872705560913,179.14415759360392,50406300,192.0766799926758,196.92810745239257,205.5799133300781,286.62888488769534,192.07513028838983,195.66715650485568,206.53084329331458,38.98448432195668,-4.598817481239962,-3.8755553405652665,-0.7232621406746955,-11.036959269341217,196.92810745239257,218.7045054690867,175.15170943569842,10.348788238888067,87.38549854299913,0.0,0.0,0.0,0.0,0.0
2022-05-25 04:00:00,182.39862060546875,184.00600172835072,177.92374289893897,178.99532022087533,28030200,191.589501953125,197.36865005493163,205.41719024658204,285.7492874145508,190.3157648914951,194.4034864191998,205.5844816192814,40.82126650503842,-5.09730727265989,-4.119905726984191,-0.9774015456756988,-6.3095716293868565,197.36865005493163,217.44722039481184,177.29007971505143,9.560685663956155,86.50728009286905,0.0,0.0,0.0,0.0,0.0
2022-05-26 04:00:00,190.13790893554688,191.32856230221216,180.84085662538251,181.4560393911431,23056500,191.6281982421875,196.669140625,205.1790591430664,284.914190826416,190.28342744495905,193.9972409445662,204.97873367089966,46.160261571959616,-4.81239385473296,-4.2584033525339455,-0.5539905021990146,-3.0457743424130657,196.669140625,216.73096562360075,176.60731562639927,9.717314204364618,60.28409463628171,0.0,0.0,0.0,0.0,0.0
2022-05-27 04:00:00,193.6106414794922,193.80908116828513,188.32214126028134,189.86999202883518,22562700,191.28191528320312,196.40421981811522,204.92683837890624,284.0831128692627,190.88837545123778,193.96042194789248,204.53292613398173,48.40941607671308,-4.2573018986665545,-4.258183061760468,0.0008811630939131732,3.385607359532794,196.40421981811522,216.48143095814612,176.32700867808433,9.528793586458535,60.10080046244347,0.0,0.0,0.0,0.0,0.0
2022-05-31 04:00:00,192.1322479248047,196.06142058608745,190.5149348528655,193.37251497016206,26131100,190.64690246582032,195.53652801513672,204.47339691162108,283.2420133972168,191.1145340827954,193.78631013616985,204.0466250277395,47.49969023145221,-3.8918190611119314,-4.18491026163076,0.29309120051882864,1.2549617957209325,195.53652801513672,214.71302254420016,176.3600334860733,9.303419901639975,56.65397663762734,0.0,0.0,0.0,0.0,0.0
2022-06-01 04:00:00,187.17117309570312,197.97637860549406,183.5595161934951,194.97988929114155,36623500,189.2597869873047,194.37613372802736,204.01995544433595,282.3593402099609,190.3975593578695,193.15629708469683,203.3848425990322,44.47900056604643,-3.9568761512625485,-4.139303439557118,0.18242728829456922,-5.024673244908195,194.37613372802736,212.55364076677554,176.19862668927917,9.454378457560145,57.09795171426379,0.0,0.0,0.0,0.0,0.0
2022-06-02 04:00:00,197.3115997314453,199.3754058637499,186.26825737146237,186.98265238418233,31951600,189.91663055419923,193.1581916809082,203.66692657470702,281.5676030731201,191.65465760761057,193.55204019391095,203.14667621206803,51.296713815640835,-3.153831277717245,-3.9422090071891436,0.7883777294718985,-0.5898641432051877,193.1581916809082,206.16404852016643,180.15233484164997,9.450126240925915,57.167347840206105,0.0,0.0,0.0,0.0,0.0
2022-06-03 04:00:00,189.2945098876953,195.07911700749378,188.30229628512222,194.45401759307975,19465000,189.86602783203125,192.29000549316407,203.2168585205078,280.7506636047363,191.22553984035324,193.1465611171285,202.6034540032691,46.44125160999442,-3.1282638996236756,-3.77941998567605,0.6511560860523744,-5.843455016162558,192.29000549316407,203.72472125366278,180.85528973266537,9.480602158241068,53.9546755056593,0.0,0.0,0.0,0.0,0.0
2022-06-06 04:00:00,192.73748779296875,195.38669623309409,186.93303229765272,192.47951771272406,30574200,189.93647308349608,191.8177116394043,202.7144009399414,279.9525765991211,191.5004394681015,193.10760175292282,202.21655336757104,48.68754260572113,-2.7979292388776003,-3.5831218363163604,0.7851925974387601,1.0455544974682596,191.8177116394043,202.26996793055872,181.3654553482499,9.415399754369362,54.06174674587197,0.0,0.0,0.0,0.0,0.0
2022-06-07 04:00:00,194.1265869140625,194.99973973643614,189.99898979915574,190.43555107036437,18828700,189.87892456054686,191.78992919921876,202.19507598876953,279.14035064697265,191.97792082191256,193.20464795874565,201.89929978115893,49.60587351617633,-2.3964234723496247,-3.3457821635230136,0.9493586911733889,2.2792610972405036,191.78992919921876,202.21303977690403,181.3668186215335,9.269401673117548,52.49284512988418,0.0,0.0,0.0,0.0,0.0
2022-06-08 04:00:00,195.10890197753906,200.45693323180112,192.89626965875735,193.15423977117806,22267200,191.40296783447266,191.7398239135742,201.6602734375,278.3132910919189,192.54719012293555,193.38600548434502,201.63300967121307,50.28348278345443,-1.9761824425435748,-3.071862219327126,1.0956797767835513,1.6017383127651996,191.7398239135742,202.08481519822516,181.39483262892327,9.03056230182079,52.459024799944444,0.0,0.0,0.0,0.0,0.0
2022-06-09 04:00:00,182.5673065185547,197.8970039563833,182.24979089220236,192.76726134545828,23501600,191.41983642578126,191.50466918945312,200.75021545410155,277.4128076171875,190.73266583122992,192.3556532018888,200.8853350377755,42.43767497892976,-2.624882328255012,-2.982466241112703,0.3575839128576912,-6.232478931222152,191.50466918945312,202.47249670098017,180.53684167792608,9.7449573212515,55.039763334820854,0.0,0.0,0.0,0.0,0.0
2022-06-10 04:00:00,174.2029571533203,181.6743246989857,173.65723661984313,181.6147791626238,27450800,189.8263412475586,190.72726974487304,199.71275695800782,276.45621452331545,187.7272642534282,190.62682500678704,199.8389672776008,38.16108965462176,-3.7704513353324955,-3.140063259956662,-0.6303880753758335,-3.1498083621624318,190.72726974487304,204.14822420240012,177.30631528734597,9.669831303083452,57.01377631035414,0.0,0.0,0.0,0.0,0.0
2022-06-13 04:00:00,162.9810028076172,171.23622734441977,162.75279791555977,169.2617168018966,31749300,186.76337738037108,189.02264633178712,198.55980438232422,275.46340545654294,183.22794399055346,187.99388955924707,198.3935569062289,33.31095633337334,-5.520207441556607,-3.6160920962766516,-1.9041153452799557,-10.645704300501368,189.02264633178712,206.95260260150422,171.09269006207,10.080183516602917,58.596545102878714,0.0,0.0,0.0,0.0,0.0
2022-06-14 04:00:00,162.4551239013672,165.4516131279456,160.10358258056343,164.73721814492058,27244300,183.79566497802733,187.22128372192384,197.34692199707033,274.427038192749,179.4510676107014,185.56162616325852,196.98420659231274,33.098658657106895,-6.870141084919567,-4.266901894005235,-2.6032391909143318,-14.55931917478046,187.22128372192384,208.13964353483354,166.30292390901414,9.036232477991247,58.337317255517426,0.0,0.0,0.0,0.0,0.0
2022-06-15 04:00:00,168.0313720703125,170.8194897453489,162.70317496971361,165.89810383704474,30008300,181.88168487548828,185.57073593139648,196.06617218017578,273.3787149810791,177.37475933063067,183.89207815440653,195.84880131694018,37.6372825658434,-7.404660283935726,-4.894453571991333,-2.5102067119443934,-13.211706347189144,185.57073593139648,207.09790226592312,164.04356959686984,9.199240121889101,59.89429537781083,0.0,0.0,0.0,0.0,0.0
2022-06-16 04:00:00,159.61741638183594,163.7946428069884,158.36723254432198,162.4452315414264,26944100,178.11226654052734,184.0144485473633,194.65782501220704,272.2946716308594,174.1461515217589,181.5802056046379,194.42796269203416,33.9001864454269,-8.41025828356831,-5.597614514306729,-2.812643769261582,-16.923151576144658,184.0144485473633,208.29187971212787,159.7370173825987,9.140413968257734,59.78563914558948,0.0,0.0,0.0,0.0,0.0
2022-06-17 04:00:00,162.46507263183594,164.6082426639391,158.65496061258537,160.42109974328864,31374200,175.4293228149414,182.64767532348634,193.47590057373046,271.2116210174561,172.02231899631835,179.75971675008535,193.17451602300676,36.208787509820134,-8.87511310341074,-6.2531142321275315,-2.6219988712832087,-13.199735864899786,182.64767532348634,208.57532893847946,156.72002170849322,9.173724121354159,60.492194162331295,0.0,0.0,0.0,0.0,0.0
2022-06-21 04:00:00,155.82716369628906,166.45376388238589,154.75557108979552,164.63801100527013,50724900,171.73829040527343,180.83738174438477,192.16816314697266,270.12896713256833,169.07774530540394,177.4804259830571,191.70991397097862,33.29007177721323,-9.667694508648196,-6.936030287431665,-2.7316642212165316,-21.024833862590654,180.83738174438477,208.9681549671017,152.70660852166785,9.613131768451904,61.202022429308045,0.0,0.0,0.0,0.0,0.0
2022-06-22 04:00:00,154.63648986816406,159.5380121523933,154.22967867369047,157.1467889716582,47267800,167.7892807006836,178.83410263061523,190.8489157104492,269.03549812316896,166.45206249863304,175.30481301973396,190.2560542022408,32.779651001575786,-10.273472216890923,-7.603518673323517,-2.6699535435674058,-18.309046596276445,178.83410263061523,208.47355521844295,149.19465004278752,8.962522558930752,60.57603614646234,0.0,0.0,0.0,0.0,0.0
2022-06-23 04:00:00,157.51390075683594,158.50611430491048,153.04893979050044,155.05321539680466,40499200,164.02978057861327,177.71637420654298,189.70370239257812,267.92704666137695,164.82694218194266,173.61044042326748,188.97204818477394,35.359030430918466,-10.40147072406009,-8.163109083470832,-2.2383616405892575,-18.275420853242963,177.71637420654298,208.84042555345232,146.59232285963364,8.416095846225216,56.180933189643646,0.0,0.0,0.0,0.0,0.0
2022-06-24 04:00:00,168.83505249023438,168.92434807147959,160.04404029043087,160.47068482747557,68736000,162.65655517578125,177.03819580078124,188.83095092773436,266.8980715942383,165.55568951072297,173.15564157250242,188.18236207910573,44.399062931569134,-9.480107356653008,-8.426508738107268,-1.05359861854574,-13.028372272894483,177.03819580078124,208.32334325465837,145.7530483469041,8.587606122533828,62.331646863949864,0.0,0.0,0.0,0.0,0.0
2022-06-27 04:00:00,168.17030334472656,170.41270082808344,166.7018161864418,169.98605620964864,29174600,162.05328979492188,175.93981552124023,187.92803680419922,265.86363929748535,166.03107384417817,172.68084745557138,187.39757546207127,44.00987077147578,-8.703234480899908,-8.481853886665796,-0.2213805942341125,-13.806955172098546,175.93981552124023,206.8284793961135,145.05115164636698,8.248836172976706,59.965463407169096,0.0,0.0,0.0,0.0,0.0
2022-06-28 04:00:00,159.42889404296875,169.96621409614545,159.35944695501826,168.57710579735652,27744500,161.69807891845704,174.23072814941406,186.9457455444336,264.78207679748533,164.8306775166855,171.41875665437115,186.30076442602802,39.14994349977178,-8.692711636721924,-8.524025436677022,-0.16868620004490253,-12.673908005119383,174.23072814941406,204.78336861073785,143.67808768809027,8.649265973251476,61.448238094872686,0.0,0.0,0.0,0.0,0.0
2022-06-29 04:00:00,162.6635284423828,165.03491875533774,159.07171942727453,162.2964141909988,28595200,161.7189193725586,172.75729217529297,186.01643859863282,263.72750259399413,164.43665041226683,170.58492539608653,185.37381399529684,41.714818804812204,-8.327371488917265,-8.484694647125071,0.15732315820780585,-6.624129061587258,172.75729217529297,202.50666161010295,143.007922740483,8.535161384324294,62.32084860332127,0.0,0.0,0.0,0.0,0.0
2022-06-30 04:00:00,159.99444580078125,163.9434517587167,157.25594166723448,160.8874320004222,35250600,160.91522674560548,171.39845581054686,184.90396850585938,262.659483795166,163.62897684654217,169.57630829177177,184.37854465433546,40.208741534028576,-8.159155783398433,-8.419586874379744,0.2604310909813119,-1.8324571302099968,171.39845581054686,200.85697337953144,141.9399382415623,7.895182600560099,62.043903976311285,0.0,0.0,0.0,0.0,0.0
2022-07-01 04:00:00,158.78395080566406,159.36935323149515,153.7931173068404,159.0617694192781,31423900,160.83188018798828,169.47207336425782,184.10245880126953,261.598360824585,162.74806302092796,168.54846472166628,183.37483509164247,39.51200021080442,-8.030944722748899,-8.341858444053576,0.31091372130467754,-2.25980751332413,169.47207336425782,196.75417061554361,142.18997611297203,7.701701071647905,57.67512180295149,0.0,0.0,0.0,0.0,0.0
2022-07-05 04:00:00,166.88043212890625,166.9399625311862,155.7974064183734,156.90868096754664,28618600,161.2734161376953,168.35136947631835,183.70795501708983,260.58198692321776,163.49940285874217,168.38960447473676,182.72799575977047,46.22407767147317,-7.193100569984239,-8.11210686923971,0.9190062992554715,-0.684955390904407,168.35136947631835,193.99735619431806,142.70538275831865,7.679729419865923,60.36436631225356,0.0,0.0,0.0,0.0,0.0
2022-07-06 04:00:00,168.44810485839844,170.25392571345915,164.17166672198726,166.8903222600425,23085900,162.53551025390624,167.13690032958985,183.4233883666992,259.61482666015627,164.39916685867965,168.39517593984738,182.16800003814805,47.440221748902985,-6.329640795864577,-7.755613654564684,1.4259728587001064,5.53240910467927,167.13690032958985,190.0783906681262,144.1954099910535,7.732174308729475,59.98439562413495,0.0,0.0,0.0,0.0,0.0
2022-07-07 04:00:00,170.84927368164062,171.37514571376303,166.47360777815038,168.13060278464656,24083400,164.15678863525392,165.97303466796876,183.12969329833984,258.704421081543,165.57191355376347,168.62889953430388,181.72412841632425,49.330374200370215,-5.3894620832801365,-7.282383340307774,1.8929212570276377,5.1606175493511985,165.97303466796876,185.21240640756585,146.73366292837167,7.484829458131685,60.242287501410416,0.0,0.0,0.0,0.0,0.0
2022-07-08 04:00:00,169.54946899414062,171.05762280254982,166.84071489855444,168.65646764813104,19249200,165.36034545898437,164.69506301879883,182.9298617553711,257.77868576049804,166.29510545201384,168.7165728161931,181.2466907919249,48.31742611658798,-4.69512458173071,-6.764931588592361,2.0698070068616516,8.806106055165497,164.69506301879883,178.37914256075538,151.01098347684228,7.095741485132032,60.11046437856462,0.0,0.0,0.0,0.0,0.0
2022-07-11 04:00:00,161.6117706298828,166.18587634519014,160.64932213963525,165.76914841229626,21885600,164.6380172729492,163.64728622436525,182.690341796875,256.8840566253662,165.4435900298082,168.03992498892546,180.4766939228252,42.56878486818044,-4.730828977588857,-6.358111066391661,1.6272820888028043,4.510759890932303,163.64728622436525,174.48182686114092,152.81274558758957,7.306231828214292,58.16494701973946,0.0,0.0,0.0,0.0,0.0
2022-07-12 04:00:00,161.9987335205078,164.61817705836836,160.83784531918116,163.51681925608725,16639700,164.02086029052734,163.0370750427246,181.84775451660155,255.97771926879884,164.81725248266267,167.46457342050473,179.75206802469512,42.92528898324274,-4.674021091586383,-6.021293071430606,1.3472719798442236,2.8472615700092296,163.0370750427246,172.67731875967274,153.39683132577647,6.7406703243997805,56.210871007649175,0.0,0.0,0.0,0.0,0.0
2022-07-13 04:00:00,162.21702575683594,163.6954145029734,158.36723169686718,158.91295226825136,16555100,164.29967346191407,162.99887619018554,181.11391387939454,255.03774589538574,164.3444839870578,166.9648069763458,179.0644193083085,43.13971586126452,-4.558834665278084,-5.728801390200102,1.169966724922018,-3.9198179736883887,162.99887619018554,172.64610730174542,153.35164507862567,6.742088133500023,51.319146770500076,0.0,0.0,0.0,0.0,0.0
2022-07-14 04:00:00,156.81936645507812,161.3240096508679,156.05535772465447,159.96468182944713,23765200,163.7152572631836,162.7170883178711,180.0605795288086,254.06770820617675,162.97628079942513,165.99857454574888,178.19206429445632,39.216385113646275,-4.84721886628472,-5.552484885417026,0.7052660191323055,-6.749667844970553,162.7170883178711,172.75261111372828,152.6815655220139,6.792409099055125,52.68023258145019,0.0,0.0,0.0,0.0,0.0
2022-07-15 04:00:00,163.41758728027344,163.6954058947358,158.57559489965857,159.2899748082911,23342800,164.0575714111328,162.48639907836915,179.12135009765626,253.1948083496094,163.05651834139752,165.75276623475122,177.61267303899817,45.71557123940486,-4.491568144649989,-5.340301537263619,0.8487333926136298,2.5018634553342967,162.48639907836915,172.21498307199306,152.75781508474523,6.468522822270414,53.4406052301587,0.0,0.0,0.0,0.0,0.0
2022-07-18 04:00:00,165.92788696289062,170.35316657049168,164.35027086909628,165.4516286428729,23574300,164.77196502685547,162.8019226074219,178.0064990234375,252.3396194458008,163.57858536348715,165.76944439933592,177.1544461340528,47.99386860156426,-3.9614866285775463,-5.064538555526404,1.103051926948858,2.0068164952318,162.8019226074219,172.5480373115468,153.05580790329697,6.698858154311599,50.40911715677824,0.0,0.0,0.0,0.0,0.0
2022-07-19 04:00:00,174.41128540039062,175.1157636372119,168.190102602461,169.043406806228,25933700,165.5250503540039,163.39923324584962,177.36156005859374,251.52793884277344,165.5481671883787,166.59247687562686,177.04687120332093,54.884924885493184,-2.82429711380766,-4.616490267182655,1.7921931533749955,9.010837549673845,163.39923324584962,174.43711355103835,152.36135294066088,6.5975088352540325,53.07419957135101,0.0,0.0,0.0,0.0,0.0
2022-07-20 04:00:00,181.6643829345703,182.17042155610093,175.32413868697932,176.1079959030853,24784300,166.8466781616211,164.69109420776368,176.95118041992188,250.734564743042,168.47838823314078,168.02789650028814,177.22795009474248,59.79058383024844,-1.3225562705769107,-3.957703467861507,2.635147197284596,14.409788906757747,164.69109420776368,177.84297355107702,151.53921486445034,6.725790037228825,51.870112341809936,0.0,0.0,0.0,0.0,0.0
2022-07-21 04:00:00,181.7437744140625,182.4184875761292,177.47725264504635,179.22355837746912,27195800,167.93612823486328,166.04645843505858,176.69241119384765,250.02483436584473,170.89027662967197,169.33417058731428,177.40504124451974,59.842057150752936,-0.12457359708250237,-3.191077493705706,3.0665038966232037,8.906581853572337,166.04645843505858,180.37034543148138,151.72257143863578,6.601056097200299,51.621497359776534,0.0,0.0,0.0,0.0,0.0
2022-07-22 04:00:00,167.95199584960938,174.23270958756183,167.09869157067797,171.72241045744528,42583900,167.77638092041016,166.56836318969727,176.12923095703124,249.21275703430175,170.35604376056966,169.20253489800905,177.03433358197424,48.27962129471399,-0.2847624010865104,-2.6098144751818673,2.325052074095357,-0.2945174178160759,166.56836318969727,180.33295620838223,152.8037701710123,7.204181407874848,59.49095344101064,0.0,0.0,0.0,0.0,0.0
2022-07-25 04:00:00,165.35240173339844,169.24189263554436,163.52673221768362,167.68410990943246,26166300,168.15044403076172,166.39423065185548,175.6908709716797,248.384308013916,169.44629066472035,168.8358555489985,176.5762186075203,46.45753501533831,-0.6143963234530645,-2.2107308448361067,1.5963345213830422,-3.2173809286921595,166.39423065185548,180.12616300080023,152.66229830291073,6.816510286806844,54.08473029749777,0.0,0.0,0.0,0.0,0.0
2022-07-26 04:00:00,157.91078186035156,164.70745079555678,156.7201286175358,164.6479204044126,28468400,167.74164886474608,165.88125457763672,175.0540676879883,247.54057914733886,167.3489254275624,167.79537234055593,175.84424069586663,41.61571078322918,-1.4592883456818413,-2.060442345005254,0.6011539993234125,-6.864478669757013,165.88125457763672,180.0919986138952,151.67051054137823,6.998654152834754,56.34953163326999,0.0,0.0,0.0,0.0,0.0
2022-07-27 04:00:00,168.2595977783203,169.53954676474433,160.7584647751414,161.32401870031222,43846600,168.34590606689454,166.3227897644043,174.47779022216798,246.74447677612304,167.51450221860927,167.83958428700967,175.54680371870793,49.4982658191588,-1.2790641491777137,-1.9041667058397458,0.6251025566620321,4.113454807485595,166.3227897644043,180.2350290732937,152.41055045551488,7.479170364890477,58.08703599303612,0.0,0.0,0.0,0.0,0.0
2022-07-28 04:00:00,159.46856689453125,160.25240895674543,153.64427805738555,159.80591587624482,73214300,168.61082611083984,166.1630416870117,173.69751403808593,245.92724014282226,166.05160488695873,167.04234453534505,174.91628462756375,44.056778970593335,-1.8245654429405533,-1.8882464532599075,0.06368101031935414,-1.5618434607430176,166.1630416870117,180.3233583728439,152.00272500117953,8.221914066100434,60.91701125860944,0.0,0.0,0.0,0.0,0.0
2022-07-29 04:00:00,157.86122131347656,158.8931170017767,153.96181321465303,156.46219622473936,42065400,168.05518951416016,166.05638046264647,172.83389190673827,245.11030158996581,164.56244423723467,166.16795184754804,174.24745861524661,43.12332274773088,-2.3593810277911302,-1.982473368166152,-0.3769076596249783,-2.685170944934445,166.05638046264647,180.4426700982367,151.67009082705624,7.9795288393413495,60.736041521293124,0.0,0.0,0.0,0.0,0.0
2022-08-01 04:00:00,158.68472290039062,163.90377642591454,154.02132174038147,156.02559756676067,40596700,167.33087310791015,166.05141906738282,172.1927230834961,244.29366004943847,163.49376763053576,165.45526337639018,173.6371552538797,43.78053819092179,-2.6858161197829986,-2.1231419184895213,-0.5626742012934773,1.1894936750983742,166.05141906738282,180.4483333918683,151.65450474289736,8.415394764080341,60.693559002178276,0.0,0.0,0.0,0.0,0.0
2022-08-02 04:00:00,158.94268798828125,160.97672875527448,156.779654617437,157.07732170479792,27374500,165.7840133666992,165.65453186035157,171.57556610107423,243.45851387023924,162.6662986046713,164.83501810133217,173.06090163562095,43.99883720019682,-2.8903841065570646,-2.2765903561030303,-0.6137937504540343,-2.738321723179893,165.65453186035157,180.38891221174626,150.92015150895688,8.334601287775431,57.721544947670864,0.0,0.0,0.0,0.0,0.0
2022-08-03 04:00:00,167.48565673828125,168.21988510406044,160.31195673384136,161.42323110797926,31721900,164.36614074707032,165.6064094543457,171.08461853027345,242.68478569030762,163.54254553805492,165.0874598762797,172.84226458082333,50.810733040125704,-2.336228935436395,-2.2885180719697034,-0.047710863466691844,0.9388233671287605,165.6064094543457,180.30862542421264,150.90419348447878,8.557139079460983,60.921173363843415,0.0,0.0,0.0,0.0,0.0
2022-08-04 04:00:00,169.2418670654297,170.80955110099563,165.50121786264722,166.98953813993725,23938200,163.11595001220704,165.52603912353516,170.57541442871093,241.86735046386718,164.5787858157594,165.4831177038178,172.70107252139616,52.100624586715476,-1.735341536689674,-2.1778827649136976,0.44254122822402353,-2.963924222617631,165.52603912353516,180.1247897726871,150.9272884743832,8.44516006508175,60.8222306634809,0.0,0.0,0.0,0.0,0.0
2022-08-05 04:00:00,165.80880737304688,170.27376835954388,164.50901004159635,165.68974659153304,25832700,162.9016311645508,165.33900604248046,170.29422119140625,241.0096807861328,164.80242609890257,165.5141357675539,172.43078761361775,49.374920133628876,-1.5186471508908426,-2.0460356421091266,0.527388491218284,-8.727949477710284,165.33900604248046,179.816059137075,150.86195294788592,8.361529995633841,61.204092537298706,0.0,0.0,0.0,0.0,0.0
2022-08-08 04:00:00,168.9243621826172,176.1278273310258,165.82866065437182,166.69188162513768,27299100,163.25882720947266,165.7046356201172,170.0247360229492,240.16366981506349,165.55186902321432,165.8389192356552,172.2932807339707,51.83746362011412,-1.0830315401609028,-1.8534348217194818,0.7704032815585791,-7.053563332650481,165.7046356201172,180.15467921875808,151.2545920214763,8.44232594446653,58.99660834716517,0.0,0.0,0.0,0.0,0.0
2022-08-09 04:00:00,167.2177734375,168.20998713624027,165.30280826612145,167.63450137417337,18655100,164.1895263671875,165.9655876159668,169.5663333129883,239.30366874694823,165.8547607349026,165.97023868344994,172.09424123214833,50.39151206738231,-0.8655331519896947,-1.6558544877735244,0.7903213357838297,-0.4371620643120133,165.9655876159668,180.32204090039025,151.60913433154334,8.146784355951203,59.176579083785384,0.0,0.0,0.0,0.0,0.0
2022-08-10 04:00:00,176.9513702392578,179.07470674304471,172.59555312980802,174.6196773573301,30262100,165.05870361328124,166.7023048400879,169.2331478881836,238.57801330566406,167.87232609933082,167.01606073638402,172.28471687948598,57.647808906604375,0.09120445429022084,-1.3064426993607754,1.3976471536509962,7.0146961182702805,166.7023048400879,181.74464840945964,151.65996127071614,8.640762811269909,62.415209230628555,0.0,0.0,0.0,0.0,0.0
2022-08-11 04:00:00,176.1079864501953,181.67430500840524,174.9966969915663,178.31070171750684,24079100,166.72264556884767,167.66673583984374,168.9126626586914,237.8278995513916,169.3697188903971,167.88195842341366,172.4346490195138,56.87157803784583,0.7724673540511162,-0.8906606886783972,1.6631280427295134,11.523725217152325,167.66673583984374,182.51320845045225,152.82026322923522,8.071657466516653,60.89275490293274,0.0,0.0,0.0,0.0,0.0
2022-08-12 04:00:00,179.09457397460938,180.04710579418173,177.51695781529796,179.40215780114409,21274000,168.84598083496093,168.45058517456056,168.75113067626953,237.15661750793458,171.13787436025387,168.94982657114662,172.6958225471646,58.97806570131392,1.535663589668303,-0.4053958330090572,1.9410594226773603,6.439440209861913,168.45058517456056,183.99160819179662,152.9095621573245,7.9447973898113435,59.58615772749318,0.0,0.0,0.0,0.0,0.0
2022-08-15 04:00:00,179.4815216064453,180.02724212693158,176.81246453895838,177.56655658180426,15878700,170.9256607055664,169.12826690673828,168.39452911376952,236.50508041381835,172.65490113228867,169.95284514593698,172.9619283926266,59.2557322099467,2.146976535900393,0.10507864077283285,2.04189789512756,12.549780249263897,169.12826690673828,185.3722529012391,152.88428091223744,7.557833423533528,59.47353552994406,0.0,0.0,0.0,0.0,0.0
2022-08-16 04:00:00,178.0725860595703,179.58075505593564,175.66149900261934,178.0428208610876,21156700,172.83865051269532,169.31133193969725,168.17009063720704,235.8231813812256,173.63993475543077,170.72615380437824,173.16234634034987,57.723640733492914,2.4890647374893433,0.581875860116135,1.9071888773732084,12.803248687629608,169.31133193969725,185.88517905703952,152.737484822355,7.007154219885209,56.98686466839254,0.0,0.0,0.0,0.0,0.0
2022-08-17 04:00:00,173.48855590820312,176.75293202621683,172.81384278005555,175.38367239848955,20118100,173.4389404296875,168.9025405883789,167.7851119995117,235.0853716278076,173.6124113286621,170.9892397190282,173.17513887242256,52.928666250289574,2.3630395302207603,0.9381085941370602,1.4249309360837001,9.329085205703858,168.9025405883789,184.5721428276512,153.23293834910663,6.338827331212351,55.72680274333609,0.0,0.0,0.0,0.0,0.0
2022-08-18 04:00:00,173.30001831054688,174.39144410658275,170.5218174061318,172.98250271462427,18844500,173.84475555419922,168.48035278320313,167.36858062744142,234.3148184967041,173.55561259809568,171.20931387060142,173.18003610529018,52.73463854571854,2.2223325705224397,1.1949533894141362,1.0273791811083035,9.033023477823775,168.48035278320313,183.1139387839437,153.84676678246257,6.221889689824691,55.72162774624163,0.0,0.0,0.0,0.0,0.0
2022-08-19 04:00:00,166.65220642089844,170.9782584134384,165.74928839232285,168.87475524203418,26240800,173.92909545898436,168.41536331176758,166.79944671630858,233.52045211791992,172.30044783860527,170.7753036372964,172.92404278433366,46.290952804752884,1.556456567362062,1.2672540250037214,0.28920254235834064,-0.497624891357229,168.41536331176758,183.07035866517498,153.76036795836018,6.055337920731186,50.445662601511344,0.0,0.0,0.0,0.0,0.0
2022-08-22 04:00:00,161.78042602539062,164.20142956470605,160.996568824722,164.20142956470605,19499700,173.2147018432617,168.23676452636718,166.3837091064453,232.6841648864746,170.38771659983894,169.91864862663869,172.48703820555158,42.21953656293891,0.6283893929666817,1.1394810985963135,-0.5110917056296318,-4.4087442247103255,168.23676452636718,183.13399090530677,153.3395381474276,6.159521024898254,51.238607270286074,0.0,0.0,0.0,0.0,0.0
2022-08-23 04:00:00,159.8555450439453,163.76486932772292,159.44873380548583,161.21487292760173,18111800,172.47847900390624,168.33400268554686,166.09676086425782,231.8172678375244,168.47277631694917,168.96025780923932,171.99168553254742,40.69651021773274,-0.2594416554978807,0.8596965477774747,-1.1191382032753554,-3.5904379407949993,168.33400268554686,182.9705448949924,153.69746047610133,5.80515948250239,48.719083084818436,0.0,0.0,0.0,0.0,0.0
2022-08-24 04:00:00,161.98880004882812,164.1716822581917,158.52598399302542,159.34952316474363,20891500,170.9822219848633,168.02046279907228,166.07691680908204,230.93484260559083,167.29387154092714,168.29630945110492,171.59941551357804,43.144394145071416,-0.7819049933013957,0.5313762395617008,-1.3132812328630965,-4.105720479969199,168.02046279907228,182.92983577812052,153.11108982002403,5.8292569844179525,42.70892010589481,0.0,0.0,0.0,0.0,0.0
2022-08-25 04:00:00,167.46580505371094,167.56503246665474,162.74287391315033,163.89383014741966,15550500,170.11800384521484,168.42032470703126,166.1771304321289,230.09225463867188,167.3251321796151,168.21721379421027,171.43731314260287,48.968556479625605,-0.7454196878485675,0.27601705407964716,-1.0214367419282147,0.1483285006803614,168.42032470703126,182.78291935041642,154.0577300636461,5.8157908486950305,40.00027500736224,0.0,0.0,0.0,0.0,0.0
2022-08-26 04:00:00,160.5203399658203,169.5891730748827,160.4111958472438,167.16816909189782,24023600,168.26058044433594,168.55328063964845,166.02690979003907,229.23106285095216,166.08789723165242,167.48417819150646,171.00919654743493,42.958820335584086,-1.262393718361409,-0.031665100408564045,-1.230728617952845,-9.285619123051115,168.55328063964845,182.5488524360467,154.5577088432502,5.7342877965278864,42.790520063395945,0.0,0.0,0.0,0.0,0.0
2022-08-29 04:00:00,157.93064880371094,161.78044270679146,157.77189098214532,159.4090526295797,20052700,166.1054931640625,168.51557693481445,165.99317443847656,228.3952717590332,164.60476115384486,166.57431824981165,170.49631232219085,40.94124184119569,-1.8596291487222345,-0.3972579100712982,-1.4623712386509364,-10.32169977800812,168.51557693481445,182.62667436645762,154.40447950317127,5.761930497110058,43.19243924878492,0.0,0.0,0.0,0.0,0.0
2022-08-30 04:00:00,155.93629455566406,160.40125579993304,154.6960275433671,159.10145839344236,19567900,163.89186401367186,168.3652572631836,165.86259887695311,227.5490128326416,163.02867631781197,165.5611731360833,169.92533123330747,39.40633116411839,-2.465450076641474,-0.8108963433853335,-1.6545537332561406,-12.930754352294628,168.3652572631836,182.9614413951189,153.7690731312483,5.322522993611573,43.42183628239098,0.0,0.0,0.0,0.0,0.0
2022-08-31 04:00:00,161.66136169433594,166.53313431830148,160.87751957743515,165.76914071346795,40953000,162.70914459228516,168.07404251098632,165.97928283691405,226.666141204834,162.78007365899813,165.18976252258358,169.60125399648507,45.69975329592189,-2.4552992931326685,-1.1397769333348005,-1.315522359797868,-9.928687785021229,168.07404251098632,182.9733763451946,153.17470867677804,5.602468118311464,40.944154948338735,0.0,0.0,0.0,0.0,0.0
2022-09-01 04:00:00,164.0724639892578,166.05689146124206,159.10147862233006,162.30632475039022,30145700,161.78638916015626,167.81557235717773,166.16800231933593,225.76223487854003,163.01505371904534,165.0833531384573,169.384438702084,48.14256709106127,-2.227027136735927,-1.3572269740150258,-0.8698001627209013,-7.862031085250298,167.81557235717773,182.80866470635831,152.82248000799714,5.817917653663291,41.14513643800396,0.0,0.0,0.0,0.0,0.0
2022-09-02 04:00:00,159.0717010498047,166.62243245907325,157.98025996910707,166.14617414203198,22634200,161.02833862304686,167.4787170410156,166.1991583251953,224.8561456298828,162.2980805064561,164.51081484429992,168.9800176176809,43.7467494801431,-2.421723463655127,-1.570126271943046,-0.8515971917120808,-8.309974558798416,167.4787170410156,182.9565425109231,152.00089157110813,6.205588718091361,41.922964888773365,0.0,0.0,0.0,0.0,0.0
2022-09-06 04:00:00,157.30552673339844,160.43100844381465,156.46215431501463,158.8533925612111,19339800,160.58084869384766,166.89777526855468,165.9685678100586,223.95209022521973,161.39034345680926,163.82459692897595,168.52219444574826,42.278460412486496,-2.687556731197958,-1.7936123637940287,-0.8939443674039294,-9.229365197461735,166.89777526855468,183.00647628688384,150.78907425022553,6.209131437768769,41.3196607752442,0.0,0.0,0.0,0.0,0.0
2022-09-07 04:00:00,159.14114379882812,159.7067128361439,155.58901718018615,156.5316171024006,16831200,160.50940856933593,166.4939437866211,165.78798461914062,223.0675318145752,160.98139806444905,163.37855377372378,168.15431010665336,44.36833877586508,-2.718772240649372,-1.9786443391650974,-0.7401279014842745,-4.507028609690467,166.4939437866211,182.9696357118923,150.01825186134988,6.127628036086127,41.56187861382274,0.0,0.0,0.0,0.0,0.0
2022-09-08 04:00:00,160.7981414794922,160.96681598296698,156.51178639006864,157.47423484046743,22530800,160.39034271240234,165.6862823486328,165.8153695678711,222.15846572875978,160.94807868536597,163.1328002218922,167.8658329055882,46.25983970159434,-2.580063525771777,-2.0989281764864334,-0.48113534928534385,-0.6071714422017149,165.6862823486328,181.5768162532099,149.7957484440557,6.169442528403796,35.355076750516986,0.0,0.0,0.0,0.0,0.0
2022-09-09 04:00:00,167.8329315185547,168.21989423340526,161.75067218718405,161.97887708569115,22086800,160.42705535888672,165.27252960205078,165.91875762939452,221.30585655212403,162.1998701095821,163.58043177395533,167.8645426551163,53.48995484173993,-1.8808063411900378,-2.055303809427154,0.17449746823711632,4.9903720714951305,165.27252960205078,180.4347432405429,150.11031596355866,6.160229873810157,39.28895578184628,0.0,0.0,0.0,0.0,0.0
2022-09-12 04:00:00,167.64442443847656,170.05549633320575,165.9774976389288,166.0866417456848,23220400,161.13946380615235,164.70002212524415,166.07175720214843,220.47095840454102,163.189789078472,163.9674786943859,167.85591056818927,53.283085168272095,-1.3265591819804854,-1.9095548839378205,0.5829957019573351,3.491367543894186,164.70002212524415,178.46505876273648,150.93498548775182,6.047541380817336,38.64379067935364,0.0,0.0,0.0,0.0,0.0
2022-09-13 04:00:00,151.9376678466797,160.3714831377137,151.48124294581012,160.28217241060221,44444100,160.54016571044923,163.32282943725585,165.93483154296874,219.53862464904785,161.14394885450974,162.8217824231758,167.23166575558105,39.55594912371459,-2.1301631109257073,-1.953676529335398,-0.1764865815903094,-9.272422631026645,163.32282943725585,176.35286660302685,150.29279227148484,6.8937589501337175,50.19292494181944,0.0,0.0,0.0,0.0,0.0
2022-09-14 04:00:00,150.29061889648438,152.34449349948872,147.88946342274005,152.13613708902906,43064200,159.97559814453126,161.93373107910156,165.6030352783203,218.63744651794434,159.17061613486877,161.6283382777766,166.56731097679295,38.437664776730124,-2.86688048591634,-2.1363173206515866,-0.7305631652647535,-6.372850363707272,161.93373107910156,174.24679800869833,149.6206641495048,6.8087112223896025,50.20446831850375,0.0,0.0,0.0,0.0,0.0
2022-09-15 04:00:00,148.38555908203125,152.99934664457024,147.54217139684576,148.63361250238236,34606300,158.64801788330078,160.67858123779297,165.20178436279298,217.70238426208496,157.20969667071648,160.36712121151515,165.85430109856702,37.13012869044446,-3.5633802892879487,-2.4217299143788593,-1.1416503749090894,-6.0438488627645,160.67858123779297,173.1490613020652,148.20810117352073,6.800207138810878,49.80323000053246,0.0,0.0,0.0,0.0,0.0
2022-09-16 04:00:00,145.15093994140625,147.4231178621415,143.16651248084165,146.8972457962903,40122800,156.75586547851563,159.27112731933593,164.6878176879883,216.8184708404541,155.01719544720552,158.9179610905524,165.04240458259991,34.955847333143495,-4.326494992158416,-2.802682929934771,-1.5238120622236453,-6.916513339623953,159.27112731933593,172.09277502283345,146.4494796158384,6.517426379778785,50.0024728760382,0.0,0.0,0.0,0.0,0.0
2022-09-19 04:00:00,146.86746215820312,147.4230993550111,143.9702002462915,144.10910954549348,22169500,155.53544158935546,158.28189010620116,164.23417755126954,216.01190040588378,153.535425758296,157.77029452556675,164.32966174242748,37.06210951564154,-4.738141548427478,-3.1897746536333127,-1.5483668947941656,-9.15116598120993,158.28189010620116,171.74273673753848,144.82104347486384,6.477736907212602,49.17282628278087,0.0,0.0,0.0,0.0,0.0
2022-09-20 04:00:00,144.95249938964844,147.68108713223123,144.08927829406127,144.6449155574268,23217400,154.30013885498047,157.44049377441405,163.90099212646484,215.1967971801758,151.97489369126916,156.54955213166977,163.56977302271065,35.674221999196334,-5.159421304267397,-3.5837039837601297,-1.5757173205072674,-11.653365918159919,157.44049377441405,172.03643632314345,142.84455122568465,6.326778377327175,48.48179073827523,0.0,0.0,0.0,0.0,0.0
2022-09-21 04:00:00,141.01336669921875,148.43513399705418,140.89430593336294,145.25012225063338,38338600,152.48736114501952,156.49838485717774,163.48128479003907,214.37960998535155,149.98188878362362,155.0699154238173,162.68520806884823,32.94151736423112,-5.744919774270073,-4.015947141862118,-1.728972632407955,-11.352323657450514,156.49838485717774,172.7737388869856,140.22303082736988,6.108491827402448,49.06889588532303,0.0,0.0,0.0,0.0,0.0
2022-09-22 04:00:00,141.70794677734375,143.45423717863846,139.77311823877739,140.44783132698993,34418500,150.57834167480468,155.4843421936035,163.07110321044922,213.5111752319336,148.4775356915727,153.79734698129602,161.86257037114217,33.902967009683735,-6.082766378162233,-4.429310989122142,-1.6534553890400918,-9.915468502571734,155.4843421936035,172.81251035338397,138.15617403382305,5.874613691755954,48.7233271345768,0.0,0.0,0.0,0.0,0.0
2022-09-23 04:00:00,139.3166961669922,141.50947944488234,137.80852746194344,140.31882631562323,31710700,147.72671813964843,154.07688674926757,162.7210498046875,212.60627647399903,146.81192850528535,152.41823737993374,160.97841844156767,32.19175084660887,-6.468896770320498,-4.837228145361813,-1.6316686249586851,-12.457147886844533,154.07688674926757,171.87386706759887,136.27990643093628,5.535845607858391,46.47169171413283,0.0,0.0,0.0,0.0,0.0
2022-09-26 04:00:00,135.3081512451172,141.1324548324313,135.12956008086076,139.0289519002258,30497000,144.4930908203125,152.81627731323243,162.15886108398436,211.64288650512697,144.7203326398002,150.78870536709405,159.97174129660883,29.50340208693956,-7.017470925804076,-5.273276701450266,-1.7441942243538104,-15.852167195368938,152.81627731323243,172.19311663623006,133.4394379902348,5.681134223770572,45.49355576930568,0.0,0.0,0.0,0.0,0.0
2022-09-27 04:00:00,133.35350036621094,138.33441682444828,133.0756817723629,136.84609644027194,30826500,142.63467407226562,151.58741989135743,161.5073733520508,210.6733943939209,142.65363586278397,149.12820965272425,158.92788871110304,28.263919236088327,-7.523220879263192,-5.723265537012852,-1.7999553422503407,-20.543900914065784,151.58741989135743,172.64316102463437,130.5316787580805,5.762637037779688,45.458000906479114,0.0,0.0,0.0,0.0,0.0
2022-09-28 04:00:00,140.50735473632812,140.92408259070461,133.22451125941086,133.571776901403,32658500,141.65634765625,150.81597290039062,160.82929473876953,209.7400186920166,142.2634029307011,148.30717585116273,158.20551482973931,38.454930266581194,-7.26305116792679,-6.031222663195639,-1.2318285047311504,-16.187278397742013,150.81597290039062,172.32649731831154,129.3054484824697,5.994390019093645,50.38721894841336,0.0,0.0,0.0,0.0,0.0
2022-09-29 04:00:00,135.34786987304688,138.7511554817555,134.1472846750604,138.2748971610571,38985400,140.35257873535156,149.50029830932618,159.90296447753906,208.75733055114745,141.00603328385486,147.0729562341993,157.30913659614356,34.633492069144324,-7.388027523717824,-6.302583635300077,-1.085443888417747,-10.91881836068037,149.50029830932618,171.4325259738846,127.56807064476779,5.9185555410475486,49.106615758082825,0.0,0.0,0.0,0.0,0.0
2022-09-30 04:00:00,134.62353515625,139.89220213583388,134.4449439738801,134.99066448664058,33166400,139.29983825683593,148.0278518676758,158.96055969238282,207.77474143981934,139.84557907883578,145.8872970839184,156.4195051671281,34.12085226479721,-7.459531112942813,-6.533973130828625,-0.9255579821141877,-10.424525399702688,148.0278518676758,169.79439063904573,126.26131309630586,6.016359788738752,48.35269138493803,0.0,0.0,0.0,0.0,0.0
2022-10-03 04:00:00,137.5307159423828,138.5328461423061,135.04026546971457,136.07216086389462,27723100,138.3661636352539,146.9508026123047,158.3521340942383,206.76739654541015,139.42469487220797,145.09143221329597,155.67876833478516,38.08225154579276,-7.19863168437692,-6.666904841538284,-0.5317268428386361,-7.315296182998243,146.9508026123047,168.54752777249567,125.35407745211374,5.1410833239808715,48.871164825325245,0.0,0.0,0.0,0.0,0.0
2022-10-04 04:00:00,139.18771362304688,141.2812847896686,138.25503047678262,139.396085127203,34670700,137.78968505859376,146.0449119567871,157.82884033203126,205.80187362670898,139.3816073723605,144.52917329993892,155.03206030687386,40.286241437347236,-6.780005460297986,-6.689524965290225,-0.09048049500776045,-4.108293284746612,146.0449119567871,167.33054108586958,124.75928282770462,5.0907646647335225,49.28928612550611,0.0,0.0,0.0,0.0,0.0
2022-10-05 04:00:00,137.89784240722656,139.11827604059891,133.73054829955544,137.1636140300522,27979300,137.47813262939454,144.98274688720704,157.42858154296874,204.8354077911377,139.1118319241543,143.89761797682345,154.3601301931622,39.11892007303879,-6.477652641437743,-6.647150500519729,0.16949785908198578,-6.107288584665982,144.98274688720704,165.62720630108356,124.33828747333052,5.090763955859734,48.873098555380125,0.0,0.0,0.0,0.0,0.0
2022-10-06 04:00:00,137.98715209960938,140.3486101635324,135.5363833056393,136.64765768866192,36231100,137.1060531616211,143.8421974182129,156.82313262939454,203.91076408386232,138.90734468332795,143.33471646470784,153.71805262086605,39.25017500753491,-6.159822706568718,-6.549684941729527,0.389862235160809,-4.805261943994099,143.8421974182129,163.2937008093395,124.39069402708628,5.061705402767127,48.541995702723945,0.0,0.0,0.0,0.0,0.0
2022-10-07 04:00:00,132.41090393066406,137.21321419500794,131.4087736296269,135.695128574833,33214800,136.41547393798828,142.07109603881835,156.2819793701172,202.91482955932617,137.72617363738905,142.29435336622748,152.88247816242676,34.280693540799334,-6.285442153335708,-6.496836384050764,0.21139423071505536,-6.100459105344047,142.07109603881835,158.54817946133426,125.59401261630246,5.28495392857162,45.95755068654347,0.0,0.0,0.0,0.0,0.0
2022-10-10 04:00:00,132.74826049804688,135.05020348397787,130.84321206485183,132.51013890638444,24024000,136.15948486328125,140.32628784179687,155.7797201538086,201.93918594360352,136.82109852114502,141.385201664496,152.09290099911777,34.81837666866133,-6.285321342397992,-6.454533375720209,0.1692120333222169,-6.322642083986041,140.32628784179687,152.1284361317904,128.52413955180333,5.328895541497055,46.08445923936204,0.0,0.0,0.0,0.0,0.0
2022-10-11 04:00:00,127.53913879394531,131.6270694195871,126.00121214365586,130.59515872186037,38481400,135.5780487060547,139.10636138916016,155.15680847167968,200.913733291626,135.13346947983598,140.06652901015784,151.13000836362082,30.648673510989838,-6.629141568430441,-6.489455014262256,-0.13968655416818532,-8.45380180343186,139.10636138916016,150.89889666755207,127.31382611076825,5.272196990832754,36.13519106608409,0.0,0.0,0.0,0.0,0.0
2022-10-12 04:00:00,126.50724029541016,128.6603420977581,125.26697323369045,127.3208627550881,34605200,134.17803726196288,137.91719245910645,154.50809951782227,199.82884700775148,133.56506417357673,138.77516818018185,150.16440961584786,29.88517262091355,-6.905287305878261,-6.572621472585458,-0.3326658332928032,-6.504346463032928,137.91719245910645,149.75754496851295,126.07683994969995,5.251643413990366,36.12443758734957,0.0,0.0,0.0,0.0,0.0
2022-10-13 04:00:00,129.2755126953125,130.11890037271309,121.5759400490777,122.56815372132348,34325700,133.57080154418946,136.9616901397705,153.7438966369629,198.75760341644286,132.78514572298323,137.87043908638478,149.34523718759155,34.59257621231781,-6.822117224332288,-6.622520622934824,-0.19959660139746394,-3.0580282180067253,136.9616901397705,148.31953914471822,125.60384113482277,5.5833249145785855,37.62482108359642,0.0,0.0,0.0,0.0,0.0
2022-10-14 04:00:00,125.77299499511719,130.76382050048636,125.53485828651976,129.9799784371502,23559400,132.68574752807618,135.99279289245607,152.87451919555664,197.68511966705321,131.51020922700758,136.7183015538831,148.4208355329847,31.693265541950296,-6.958613675281015,-6.689739233404063,-0.2688744418769522,-10.486539846160358,135.99279289245607,147.7096393857524,124.27594639915971,5.5280440190354465,37.953931535261475,0.0,0.0,0.0,0.0,0.0
2022-10-17 04:00:00,132.99630737304688,133.74046759034007,129.1663621824455,129.2854381123977,29612200,132.23230667114257,135.29923515319825,152.21826919555664,196.64170780181885,131.7804088899238,136.36382591761298,147.81595207573224,42.41285466505795,-6.41003624715492,-6.633798636154235,0.22376238899931433,-1.7374211372559567,135.29923515319825,145.89418313375106,124.70428717264546,5.721525272116698,43.9171341989169,0.0,0.0,0.0,0.0,0.0
2022-10-18 04:00:00,131.76597595214844,136.7667260943057,130.37686775600895,136.02256585565274,25445000,131.49013290405273,134.63990898132323,151.47510147094727,195.63188213348388,131.77778471941917,135.9259354447116,147.18654124735642,41.226109767238995,-6.005336366989297,-6.508106182321248,0.5027698153319502,-2.1226297473060374,134.63990898132323,144.30597085857005,124.97384710407641,5.627974344045484,43.8409783246517,0.0,0.0,0.0,0.0,0.0
2022-10-19 04:00:00,132.19259643554688,135.93324545852587,131.19046628073306,131.85524748917106,30691000,130.91960830688475,134.19887046813966,150.77459793090821,194.61332515716552,131.85320503144237,135.57037934860068,146.5985434115992,41.83387281173907,-5.585794526394807,-6.3236438511359605,0.7378493247411537,-3.881401671079998,134.19887046813966,143.4359086016862,124.96183233459311,5.512453566654419,43.067677101268636,0.0,0.0,0.0,0.0,0.0
2022-10-20 04:00:00,130.505859375,135.70506431958893,130.28757116213697,131.89495242051143,26356300,130.17147903442384,133.63876609802247,149.84568771362305,193.59630611419678,131.6082330939074,135.08804411301966,145.96745776310513,40.06964091756432,-5.327992399404081,-6.124513560789585,0.7965211613855034,-6.237514807922906,133.63876609802247,142.2991588792078,124.97837331683716,5.510327494904288,43.10017897256817,0.0,0.0,0.0,0.0,0.0
2022-10-21 04:00:00,128.9976806640625,129.106824762259,124.46327252621275,125.32649348650858,46348600,129.83015670776368,133.12281532287597,148.9034815979004,192.63306484222412,131.13358719757196,134.50800949883325,145.3019763082407,38.50596858520647,-5.185603366316229,-5.936731521894914,0.7511281555786846,-6.454170411804538,133.12281532287597,141.58621136802114,124.65941927773079,5.662704342242227,42.926582672361846,0.0,0.0,0.0,0.0,0.0
2022-10-24 04:00:00,128.70994567871094,132.44066325636285,123.60004427257866,126.25917694643074,63563400,129.42632522583008,132.79290504455565,147.89578903198242,191.62725803375244,130.69292510323356,133.9558129445359,144.65130844041602,38.199691360608576,-5.037903030206337,-5.756965823557199,0.7190627933508624,-6.723239286945681,132.79290504455565,141.41062246732918,124.17518762178214,6.026279351992113,41.874726594793756,0.0,0.0,0.0,0.0,0.0
2022-10-25 04:00:00,136.4392852783203,137.27275620010687,129.57316905393745,129.86091947335717,38433200,130.31633987426758,132.94719429016112,147.0349443054199,190.6634212875366,131.73771786234022,134.19233411918202,144.32926831641225,49.760027144562684,-4.248185898183237,-5.455209838482407,1.2070239402991696,3.04233354510266,132.94719429016112,141.7163354323773,124.17805314794495,6.248111151842434,47.01258625765355,0.0,0.0,0.0,0.0,0.0
2022-10-26 04:00:00,128.80917358398438,134.49455312999504,127.5292095937446,130.65467629925334,82791500,130.546533203125,132.36228523254394,146.0496760559082,189.67988948822023,131.20525526627551,133.6796521634489,143.7206371504347,41.50603196616702,-4.189719153289559,-5.2021117014438385,1.0123925481542795,-2.9673359931676524,132.36228523254394,140.54943228459828,124.1751381804896,6.54081463946262,46.99873702916005,0.0,0.0,0.0,0.0,0.0
2022-10-27 04:00:00,97.17740631103516,101.70189808643511,95.62954788524887,97.21709576502857,232316600,127.33672256469727,130.45376205444336,144.52345306396484,188.50694442749023,125.01837363805,130.20324779655238,141.89541241163474,23.846352740210094,-6.619497649539312,-5.485588891062934,-1.1339087584763785,-23.805815822516372,130.45376205444336,148.07314321745454,112.83438089143218,8.440903727230694,97.57977542277791,0.0,0.0,0.0,0.0,0.0
2022-10-28 04:00:00,98.42758178710938,100.06473566950352,96.75074602404112,98.8046277834116,95928300,124.60218124389648,128.64396438598632,143.0260043334961,187.3457568359375,120.18368421060623,127.17699389089114,140.19079160282982,25.20091840192464,-8.348005292104673,-6.058072171271282,-2.2899331208333917,-22.19608809956749,128.64396438598632,151.20328584589996,106.0846429260727,8.37711788625472,98.0162217217093,0.0,0.0,0.0,0.0,0.0
2022-10-31 04:00:00,92.43461608886719,98.54664749730443,91.87897136447218,97.45521412829655,121361400,120.54601211547852,126.38915939331055,141.54165252685547,186.1882401275635,115.13839909756275,123.8681960049841,138.31800040620385,23.081445548770176,-10.085186545916187,-6.8634950462002635,-3.2216914997159236,-28.497969830740544,126.38915939331055,153.71889572285968,99.05942306376141,8.371448441857664,98.4760588459404,0.0,0.0,0.0,0.0,0.0
2022-11-01 04:00:00,94.458740234375,96.73091049225727,92.82159370231095,93.59551916910262,110189600,116.81528854370117,124.15271072387695,140.19521881103515,185.01395561218263,111.3784611224377,121.06729545540227,136.5980294190733,25.36460561220231,-11.169826496173414,-7.724761336194894,-3.44506515997852,-24.897439042425507,124.15271072387695,154.25274898762706,94.05267246012683,8.435943123237838,98.93010531928392,0.0,0.0,0.0,0.0,0.0
2022-11-02 04:00:00,89.83501434326172,94.45872547873054,89.77548395357398,93.47643619894015,71821100,112.57953033447265,121.74956932067872,138.7948081970215,183.8847668838501,107.46147079895115,118.09279249234126,134.7641856906101,23.638509582149638,-12.261168391578565,-8.632042747271628,-3.629125644306937,-32.45300105116471,121.74956932067872,154.76258847287463,88.73655016848281,8.160249977321097,99.51519879694885,0.0,0.0,0.0,0.0,0.0
2022-11-03 04:00:00,88.21772003173828,89.75564666078411,87.7216132023707,89.37860819566096,60664000,108.35071640014648,119.26109771728515,137.3193865966797,182.7403478240967,103.96260702309426,115.24754749609336,132.93883409614455,23.047701904409337,-13.105494854236,-9.526733168664503,-3.5787616855714965,-33.04969709041199,119.26109771728515,154.54553088292118,83.97666455164914,7.937709900672842,99.24491518950246,0.0,0.0,0.0,0.0,0.0
2022-11-04 04:00:00,90.08307647705078,90.67840314172008,87.40409513105502,89.64650005696497,55638100,104.45925598144531,117.14470634460449,135.7717320251465,181.62028759002686,101.43905601472271,112.8509312085655,131.25821615029773,25.364710878226646,-13.4688504592078,-10.315156626773163,-3.1536938324346373,-31.854673479408834,117.14470634460449,154.14418168752798,80.145231001681,7.602483858918712,99.96871187946584,0.0,0.0,0.0,0.0,0.0
2022-11-07 05:00:00,95.96690368652344,96.12565393122965,92.37508761392576,94.04200681828185,81987300,101.18495178222656,115.30563850402832,134.48066329956055,180.59607471466063,100.44411922777738,111.24292858741865,129.87424311250265,32.29005479588149,-13.130674469649918,-10.878260195348513,-2.2524142743014046,-26.46544442823149,115.30563850402832,152.69392993641043,77.91734707164622,7.57767808148172,103.9921925861967,0.0,0.0,0.0,0.0,0.0
2022-11-08 05:00:00,95.7188491821289,97.03849511420917,94.05192999686678,95.17312866285086,52088300,97.11290817260742,113.7146240234375,133.2364273071289,179.54313789367677,99.58497921947765,109.76444483453392,128.53481589954683,32.15459448939387,-12.735872279097308,-11.249782612098274,-1.4860896669990336,-25.79800761581038,113.7146240234375,151.61562482164882,75.81362322522617,7.4522342200209755,103.6155102528599,0.0,0.0,0.0,0.0,0.0
2022-11-09 05:00:00,100.67992401123047,104.0832172597688,99.95560468906787,100.92797743293154,107677300,94.29998321533203,112.42325820922852,132.13129989624022,178.55747318267822,99.78406009070542,108.89925237517168,127.44246719804424,37.77682660475955,-11.885660920883026,-11.376958273855225,-0.5087026470278015,-21.777665680513714,112.42325820922852,150.24891840010037,74.59759801835668,7.662725285748685,106.06588013192409,0.0,0.0,0.0,0.0,0.0
2022-11-10 05:00:00,110.99894714355469,111.87209245704757,103.79547370477209,106.28593216199393,80671000,95.68213729858398,111.50942993164062,131.11805160522462,177.6507885360718,101.82313046395073,109.09922330549387,126.79762327433876,47.51866072017204,-10.260921847100889,-11.153750988504358,0.8928291414034693,-18.645903987894897,111.50942993164062,148.49459407104112,74.52426579224013,8.03055254267939,112.81928611773839,0.0,0.0,0.0,0.0,0.0
2022-11-11 05:00:00,112.13998413085938,114.00535064993957,107.96276554524319,108.37950103418012,59961700,97.05337753295899,110.82777938842773,130.07940200805663,176.7497593307495,103.69892203975229,109.38881957457629,126.2228138961631,48.479204043181404,-8.780021652448397,-10.679005121293166,1.8989834688447687,-12.940995574555558,110.82777938842773,147.20357122717172,74.45198754968374,7.830692979887402,112.62517952759292,0.0,0.0,0.0,0.0,0.0
2022-11-14 05:00:00,113.33063507080078,115.36466834540867,109.9372664813659,110.12578191189753,53395000,99.14297943115234,109.84449577331543,129.16458068847658,175.81960861206053,105.45014259085201,109.76423057421673,125.71723825595282,49.517502715542854,-7.424734283623366,-10.028150953759205,2.6034166701358394,16.62241190927043,109.84449577331543,144.72979752426775,74.9591940223631,7.606735218647891,110.4961698080405,0.0,0.0,0.0,0.0,0.0
2022-11-15 05:00:00,116.1683578491211,117.81542831496209,113.51914963340798,115.16622009924896,50670500,101.31394119262696,109.06461486816406,128.34183731079102,174.84634624481203,107.39890900144638,110.37414745754094,125.3427723576457,52.00033906433976,-6.051916046146587,-9.23290397223668,3.1809879260900935,18.024191735588445,109.06461486816406,142.55601510137296,75.57321463495515,7.290643615761148,111.00685231515546,0.0,0.0,0.0,0.0,0.0
2022-11-16 05:00:00,112.34835815429688,115.1761656241988,111.78279666031649,113.60846619527436,33287800,103.56527557373047,108.07240295410156,127.4059815979004,173.82550716400146,108.2988088474192,110.56216752389865,124.83318748692615,48.53950592300854,-5.212107818124878,-8.42874474141432,3.2166369232894425,21.543597959323478,108.07240295410156,139.80862076493636,76.33618514326676,5.233924722194655,111.44770207370102,0.0,0.0,0.0,0.0,0.0
2022-11-17 05:00:00,110.58221435546875,111.45536726035598,108.94506779878482,109.55031876422171,35093800,105.80172500610351,107.076220703125,126.40166305541992,172.77599315643312,108.71397348524638,110.56407674595295,124.27432579549645,46.982611875979075,-4.6356301326226514,-7.670121819655987,3.034491687033335,17.06933003879525,107.076220703125,137.04930452033258,77.10313688591742,5.240303344341059,111.47826349563796,0.0,0.0,0.0,0.0,0.0
2022-11-18 05:00:00,111.17754364013672,113.42986531772654,109.75867780342048,112.91391754527949,33357700,107.9111717224121,106.18521385192871,125.26855529785156,172.1523371887207,109.16189533159007,110.62250216444663,123.76072649528626,47.59280941879932,-4.083655477311211,-6.952828551187032,2.869173073875821,23.757473021960784,106.18521385192871,134.42376498527537,77.94666271858203,5.026268443017758,111.52115941396212,0.0,0.0,0.0,0.0,0.0
2022-11-21 05:00:00,109.00459289550781,111.4950512926187,108.33981156253067,110.65166362870413,24351100,109.21494064331054,105.19994621276855,124.09575866699218,171.52114044189454,109.13329488866601,110.46841556740485,123.1820545894126,45.5328699001208,-3.7780001175668474,-6.317862864462995,2.539862746896148,23.56314905473753,105.19994621276855,131.43329267318398,78.96659975235313,4.944764537781898,111.63771357818264,0.0,0.0,0.0,0.0,0.0
2022-11-22 05:00:00,110.57229614257812,110.75089490974986,107.47658670159785,109.00459669406948,29029000,110.70028533935547,103.90659675598144,123.26845123291015,170.95820808410645,109.39493148028639,110.4783089555166,122.6875542581642,47.30494312644759,-3.370413464239391,-5.728372984418274,2.357959520178883,22.744804536895558,103.90659675598144,125.8558492218582,81.95734429010469,4.84412538973554,109.22332814950566,0.0,0.0,0.0,0.0,0.0
2022-11-23 05:00:00,111.36605834960938,111.79271052341535,109.86782118321183,110.85011058058302,21343100,111.76889877319336,103.0344409942627,122.48996002197265,170.42271049499513,109.75331818379965,110.56285651685877,122.24357402645617,48.22346893637115,-2.949349859342277,-5.1725683594030745,2.2232185000607974,16.046318127953143,103.0344409942627,122.0008829336434,84.067999054882,4.830660261115005,107.83456168007642,0.0,0.0,0.0,0.0,0.0
2022-11-25 05:00:00,110.54252624511719,111.85224795871838,110.15555595769946,110.43338213815132,12007600,111.7232566833496,103.7026969909668,121.73309936523438,169.82445541381836,109.89681055858466,110.56092030050243,121.78470940758014,47.302218312011014,-2.6515407657289103,-4.668362840668242,2.0168220749393315,15.486685422619907,103.7026969909668,122.74189913341888,84.66349484851472,4.717973403283137,59.69395712852405,0.0,0.0,0.0,0.0,0.0
2022-11-28 05:00:00,107.93299865722656,111.1676172464969,107.53611168682706,109.91742593923475,23309400,111.30255813598633,104.17796783447265,120.98874053955078,169.23264945983885,109.53975384924681,110.31064204876186,121.24150506442902,44.40727844834733,-2.596165006909388,-4.253923273916471,1.6577582670070834,7.204092292706776,104.17796783447265,123.13711644310695,85.21881922583836,4.5457539822467785,60.625234538331426,0.0,0.0,0.0,0.0,0.0
2022-11-29 05:00:00,108.60769653320312,110.07617594853657,107.69486186501712,108.68707543565115,23899200,110.83026428222657,104.98662185668945,120.22354522705078,168.68648544311523,109.3702888826934,110.1484567615658,120.74606159261626,45.338750286079765,-2.4693714620935765,-3.8970129115518923,1.4276414494583158,-2.154300263099762,104.98662185668945,123.20183822797597,86.77140548540294,4.50252176554514,55.35914614656472,0.0,0.0,0.0,0.0,0.0
2022-11-30 05:00:00,117.18042755126953,117.2399655163382,108.52832353355872,108.65731614954981,43348600,110.93147125244141,106.12270622253418,119.6681037902832,168.19236309051513,110.79031409516179,110.8181682653471,120.60623280668109,55.53355175221124,-1.6580262222685462,-3.4492155736952235,1.7911893514266772,4.494778075345818,106.12270622253418,124.4073610631266,87.83805138194175,4.527327044483682,60.62053736430377,0.0,0.0,0.0,0.0,0.0
2022-12-01 05:00:00,119.50221252441406,120.25628943600728,117.4780958022648,118.27186216762439,36551400,111.64685668945313,107.6060661315918,119.23788070678711,167.69347805023193,112.37429562775311,111.64522009954395,120.56293789365102,57.82766246022562,-0.818248373012139,-2.9230221335586064,2.1047737605464674,5.445639168754091,107.6060661315918,125.12463379876947,90.08749846441414,3.9475908615494424,56.28370427961033,0.0,0.0,0.0,0.0,0.0
2022-12-02 05:00:00,122.5284652709961,123.07418582320302,116.69425155553571,116.91253977641848,39950500,112.84148178100585,109.32160339355468,118.85429107666016,167.2318507385254,114.22050829016092,112.68171963968224,120.64001739864494,60.67548662866866,0.09043247867408866,-2.3203312111120673,2.410763689786156,5.47490516319038,109.32160339355468,125.51571981646629,93.12748697064308,3.9716872303330795,55.00635412506034,0.0,0.0,0.0,0.0,0.0
2022-12-05 05:00:00,121.47672271728516,123.69927926965117,120.40513011221967,120.80201710335389,35474900,113.8713996887207,110.8912857055664,118.49749160766602,166.80877101898193,115.5398200041835,113.51933898040633,120.67282937192495,59.17977543773232,0.7174316604265272,-1.7127786368043485,2.4302102972308757,8.125053817387862,110.8912857055664,125.21118454789222,96.57138686324059,3.819312037003703,55.72483863269486,0.0,0.0,0.0,0.0,0.0
2022-12-06 05:00:00,113.2314224243164,119.61135638173694,112.8543763993124,118.97634026277038,43689200,114.29408264160156,111.75451164245605,118.05595703125,166.35215446472168,115.12011135329857,113.49191835601682,120.38100949162659,48.98496817163236,0.5427497234951488,-1.2616729647444491,1.804422688239598,2.3956909203606047,111.75451164245605,124.25182520142663,99.25719808348548,4.114851542275949,59.874200318087325,0.0,0.0,0.0,0.0,0.0
2022-12-07 05:00:00,113.04290771484375,114.97772141162169,112.00108029658497,112.87423320178922,29461100,114.54114379882813,112.6207145690918,117.64974517822266,165.91483627319337,114.74243796448859,113.44915543780986,120.09324079449785,48.778071368136025,0.3846672636223758,-0.9324049190710841,1.31707218269346,1.6778245081083165,112.6207145690918,122.58253498087447,102.65889415730913,4.014214394149671,59.85154706310932,0.0,0.0,0.0,0.0,0.0
2022-12-08 05:00:00,114.43199920654297,116.42634314272308,113.69775567353206,115.48374322681642,30619400,114.84773788452148,113.30831832885742,117.12823806762695,165.50247234344482,114.68599455395301,113.54275960626063,119.8712313204604,50.43918625645093,0.3672405292864198,-0.6724758293995834,1.0397163586860032,4.979062043961657,113.30831832885742,121.54970499534528,105.06693166236957,4.012796185033048,57.70709143518312,0.0,0.0,0.0,0.0,0.0
2022-12-09 05:00:00,114.99755859375,116.62478830403349,112.9833661822399,114.40223194340052,26033400,115.29324111938476,113.50824890136718,116.72123184204102,165.04754238128663,114.74264256118882,113.68131189078343,119.68010689980508,51.134022371293874,0.39451787624440726,-0.4590770882707853,0.8535949645151926,4.002143941612357,113.50824890136718,121.70764618487432,105.30885161786004,4.010670085567872,45.376387227627916,0.0,0.0,0.0,0.0,0.0
2022-12-12 05:00:00,113.81681823730469,114.81895606727694,112.25904322793656,114.28315982857858,24747100,115.88162307739258,113.59209060668945,116.30509750366211,164.5724209213257,114.57431086593715,113.69421725711878,119.45017401107958,49.571462865084314,0.317202972905406,-0.3038210760355471,0.6210240489409531,2.200634487755404,113.59209060668945,121.76683384144764,105.41734737193127,3.9809040595482585,45.47466667518965,0.0,0.0,0.0,0.0,0.0
2022-12-13 05:00:00,119.21446228027344,122.33993654844322,117.71621766581951,121.17904091513068,44701100,116.9422996520996,113.88628196716309,115.93877243041992,164.12155902862548,115.41797475945283,114.21995487837161,119.44093041379307,56.16584043302946,0.6835950609204247,-0.10633784864435275,0.7899329095647774,7.8448867867621175,113.88628196716309,122.43628672111306,105.33627721321311,4.355819066904439,48.283162631217856,0.0,0.0,0.0,0.0,0.0
2022-12-14 05:00:00,120.64324951171875,123.17339725161956,118.46038259218837,118.46038259218837,36922000,117.28858184814453,114.11002655029297,115.56788314819336,163.71524738311768,116.36802471441027,114.83169722440468,119.48808018233917,57.741140230352045,1.0768414610370058,0.13029801329191898,0.9465434477450869,11.77605645411315,114.11002655029297,123.1326270441086,105.08742605647734,4.554970875420701,47.710763785902614,0.0,0.0,0.0,0.0,0.0
2022-12-15 05:00:00,115.24561309814453,117.70629862846144,113.12227656392382,117.40863908543345,34531000,116.86292190551758,114.25488929748535,115.11483856201171,163.25902755737306,116.16394987508922,114.87111778380847,119.32170892413546,50.375793701049616,0.9420881123413807,0.2926560331018113,0.6494320792395694,6.111828882138282,114.25488929748535,123.25139324298947,105.25838535198123,4.97099094304756,49.038249181339296,0.0,0.0,0.0,0.0,0.0
2022-12-16 05:00:00,118.50007629394531,122.34986252333044,117.8948253630125,119.29385024041143,67064000,116.4600830078125,114.65078239440918,114.72509704589844,162.84457992553712,116.58870013306304,115.21673288001197,119.28948803667703,54.17159114268904,1.085391377702507,0.45120310202195046,0.6341882756805566,1.1261682264287698,114.65078239440918,123.66363391955863,105.63793086925972,5.219044076298707,49.44499603284461,0.0,0.0,0.0,0.0,0.0
2022-12-19 05:00:00,113.58861541748047,116.8827642422822,113.43978186458503,115.9203158462125,29769900,115.67127227783203,114.77133598327637,114.34865127563477,162.4200117111206,116.0432301847753,115.0616740740566,119.06592440455168,48.181839203582065,0.7934994344617223,0.5196623685099049,0.27383706595181745,-4.948525204690634,114.77133598327637,123.6521104611823,105.89056150537044,5.410399815287337,51.990360064696695,0.0,0.0,0.0,0.0,0.0
2022-12-20 05:00:00,116.17827606201172,116.41641275441326,111.58433024343215,112.37810407812732,28742500,115.96595764160156,115.13002014160156,114.01725158691406,162.07085174560547,116.06778398063646,115.1680171205285,118.95268329307952,51.24303269070037,0.7623490524611896,0.5681997053001618,0.19414934716102772,-5.182623641730655,115.13002014160156,123.60008887731257,106.65995140589055,5.133288424444596,51.880762246576985,0.0,0.0,0.0,0.0,0.0
2022-12-21 05:00:00,118.82750701904297,119.40298517401476,114.71974317671537,115.79132814906961,20392800,116.54441757202149,115.5427806854248,113.84301895141601,161.7209476852417,116.56955180580127,115.51653996800607,118.9477744195879,54.22239617380816,0.9405904072671234,0.6426778456935542,0.29791256157356916,-2.180842254369797,115.5427806854248,123.88122609989867,107.20433527095093,5.248101289627571,52.19590870353582,0.0,0.0,0.0,0.0,0.0
2022-12-22 05:00:00,116.20806884765625,117.69638936664268,113.48939791591519,116.2874401888101,23618100,116.7220245361328,115.78488121032714,113.63703552246093,161.3172159957886,116.50382763159307,115.58239986130609,118.8403349853945,50.909852172048474,0.8605611826054087,0.6862545130759252,0.17430666952948348,2.6288165949071463,115.78488121032714,123.89064637442205,107.67911604623224,5.173685206446176,52.99342403784178,0.0,0.0,0.0,0.0,0.0
2022-12-23 05:00:00,117.12090301513672,117.25981232393049,114.6403688295484,115.12655141032663,17796600,116.93435897827149,116.11380004882812,113.39394332885742,160.9343704223633,116.61602315587372,115.72892397119472,118.77290628067851,52.01012648540604,0.8608719380956131,0.7211779980798628,0.1396939400157503,3.6074755884552445,116.11380004882812,123.84929858872653,108.37830150892972,5.12549194479979,52.88606562272612,0.0,0.0,0.0,0.0,0.0
2022-12-27 05:00:00,115.96993255615234,117.67654130229182,115.14640095236707,117.01175995140878,21392300,117.14967041015625,116.51564674377441,113.19788208007813,160.58347408294676,116.49855213774256,115.75187716976211,118.66298574246181,50.473985056072756,0.759489593810315,0.7288403172259533,0.030649276584361673,1.3439714068383068,116.51564674377441,123.22927428326834,109.80201920428048,4.690334375653504,52.17344470802313,0.0,0.0,0.0,0.0,0.0
2022-12-28 05:00:00,114.7197494506836,117.23004887272762,114.61060533929127,115.34484134957533,19612500,116.70019912719727,116.82124938964844,112.83235092163086,160.23118865966796,116.1751334673682,115.65357929175464,118.50834902513718,48.78838751591618,0.5716741237053924,0.6974070785218411,-0.12573295481644875,-0.2415782964991564,116.82124938964844,122.49515060062541,111.14734817867148,4.664820262682049,52.43038532263123,0.0,0.0,0.0,0.0,0.0
2022-12-29 05:00:00,119.32362365722656,120.08762488808055,114.86857862007219,115.49367810621536,22366200,116.56823654174805,116.92840919494628,112.58350387573242,159.87513290405275,116.74758622916062,116.00310732656149,118.54032057933676,54.7776570695827,0.785271066752486,0.7149798761679701,0.07029119058451594,4.8383055379744855,116.92840919494628,122.7107905941436,111.14602779574896,4.806565977647594,46.47322208375185,0.0,0.0,0.0,0.0,0.0
2022-12-30 05:00:00,119.40298461914062,119.48236352635037,116.823230694738,117.23996617259452,19583800,116.98397369384766,116.92344779968262,112.3277116394043,159.4619255065918,117.23038593642971,116.32690516394999,118.57415054168203,54.8756251874478,0.9500009300132746,0.761984086937031,0.18801684307624356,0.1581371381133012,116.92344779968262,122.69669384839018,111.15020175097506,4.736402456920365,45.95668168602588,0.0,0.0,0.0,0.0,0.0
2023-01-03 05:00:00,123.76873016357422,125.38604327854202,121.32788546177093,121.86368174801889,35528500,117.51083908081054,116.98546104431152,112.19296905517578,159.04966075897218,118.41917579591052,117.03565040200944,118.77785954646211,60.00823716903943,1.4165011691038814,0.8928875033704011,0.5236136657334802,2.5906800956583043,116.98546104431152,123.03236567477889,110.93855641384415,4.968155549319504,46.92926308210962,0.0,0.0,0.0,0.0,0.0
2023-01-04 05:00:00,126.37825012207031,128.0451692882345,124.87008119697514,126.38816680776964,32397100,118.78980255126953,117.23053741455078,112.14058044433594,158.60753040313722,119.86628021884866,117.92542180392,119.0759140788389,62.736567666059294,1.9740171802474578,1.1091134387458126,0.8649037415016452,9.65992259891497,117.23053741455078,124.3466543457296,110.11442048337196,4.664821321713914,47.31214941081943,0.0,0.0,0.0,0.0,0.0
2023-01-05 05:00:00,125.95160675048828,127.51930617905816,123.5702924084817,125.14790852344242,25447100,119.76713562011719,117.86654663085938,112.08541366577148,158.18807220458984,120.9727032246013,118.68982037025984,119.34554908557025,61.99192042794459,2.354287322524357,1.3581482155015214,0.9961391070228354,6.2882073071911515,117.86654663085938,125.71390349112933,110.01918977058942,4.610249829652861,39.498616513492195,0.0,0.0,0.0,0.0,0.0
2023-01-06 05:00:00,129.00762939453125,129.3152132188516,125.0586155413681,127.96580198249362,27584500,120.78514785766602,118.66478271484375,111.9367805480957,157.75829513549806,122.43359889186128,119.67246884876188,119.7244541957256,65.18003827391507,2.86917556716611,1.6603536858344392,1.2088218813316707,13.574436065075846,118.66478271484375,127.61637665557113,109.71318877411638,4.377080167487759,39.933242938721705,0.0,0.0,0.0,0.0,0.0
2023-01-09 05:00:00,128.46188354492188,131.91478229886474,128.2733605568084,130.13872678869754,26649100,122.01052932739258,119.3662769317627,111.92983474731446,157.34161499023438,123.52965064696319,120.50955596268189,120.06709848392937,64.14527344794686,3.196345599128378,1.967552068493227,1.228793530635151,10.573067443653251,119.3662769317627,129.08708757153073,109.64546629199465,4.129735332978504,40.06940906300052,0.0,0.0,0.0,0.0,0.0
2023-01-10 05:00:00,131.95449829101562,132.4009914039198,126.15996665938663,126.27902745216674,28684400,123.49388885498047,120.21412391662598,112.62537658691406,156.912085647583,125.0614411277,121.59955047014225,120.53327102538374,67.6813758665518,3.694862947515091,2.3130142442976,1.381848703217491,11.047098101510255,120.21412391662598,131.20548879978875,109.2227590334632,4.214073212633709,40.756191100040965,0.0,0.0,0.0,0.0,0.0
2023-01-11 05:00:00,131.85525512695312,132.80778677539865,129.32510760262235,129.94029028515095,25423000,125.08242111206054,121.1160457611084,113.29393005371094,156.4708977508545,126.29668003665509,122.57628424698139,120.97727040191587,67.47773098768754,4.035415683761627,2.6574945321904053,1.377921151571222,13.464801914753144,121.1160457611084,132.83350138671426,109.39859013550253,4.117687259904794,40.352814578068575,0.0,0.0,0.0,0.0,0.0
2023-01-12 05:00:00,135.64552307128906,136.60795630012376,130.7340538147821,132.40098047601523,30757700,127.1749984741211,121.93759880065917,114.15814819335938,156.03988021850586,127.99646967931581,123.82097365882022,121.55249599679325,71.05925608472947,4.558600419300532,3.0377157096124305,1.5208847096881017,15.816664300955917,121.93759880065917,135.28446788624802,108.59072971507032,4.202734437622099,38.41146653116982,0.0,0.0,0.0,0.0,0.0
2023-01-13 05:00:00,135.91342163085938,136.3202328612328,133.79008502400478,133.91907764338632,22423800,128.83397827148437,122.70110740661622,114.98724182128906,155.57909629821776,129.43591548868736,124.972635370443,122.11566955107037,71.2998345283668,4.9379239528161065,3.4177573582531657,1.5201665945629408,17.197120525227906,122.70110740661622,137.41343105731792,107.98878375591453,4.002165775772116,38.395079171223806,0.0,0.0,0.0,0.0,0.0
2023-01-17 05:00:00,134.30604553222656,135.68522195416884,133.20468773197197,135.11965288431784,21147600,130.32428436279298,123.65412902832031,115.87666244506836,155.12024711608888,130.32139367842177,125.86153157632714,122.59372351111571,67.66533141730922,5.050618383425217,3.744329563287576,1.3062888201376408,17.0731684608175,123.65412902832031,138.7960847422412,108.51217331439945,4.0085436618082095,34.13854816857663,0.0,0.0,0.0,0.0,0.0
2023-01-18 05:00:00,131.9842529296875,136.1813120791631,131.7659647337358,134.75252212019842,20215500,131.1458366394043,124.32833786010742,116.75199310302735,154.67702522277833,130.62373172410645,126.4446478956948,122.96197956674598,62.69399590332312,4.896140611381682,3.9746917729063975,0.9214488384752846,10.610329190831758,124.32833786010742,139.70302630126284,108.95364941895203,4.143201304344104,34.36547659183761,0.0,0.0,0.0,0.0,0.0
2023-01-19 05:00:00,135.0898895263672,136.37977036748882,131.1111180301182,131.45839888195158,28625200,132.017000579834,125.40340156555176,117.65212936401367,154.23697845458983,131.43576041542656,127.26800424147312,123.43758387888799,66.2643243469673,4.967057634029899,4.173164945131099,0.7938926888988007,13.137782909918915,125.40340156555176,140.6222546854435,110.18454844566003,4.332430504625123,30.027106368375804,0.0,0.0,0.0,0.0,0.0
2023-01-20 05:00:00,138.28482055664062,138.85038964114324,133.56188872561822,134.8319210690861,28688600,133.2503219604492,126.5087287902832,118.49848770141601,153.76805824279785,132.68104407746546,128.31722484291765,124.01982845448613,69.49838261375834,5.220881051522198,4.382708166409318,0.83817288511288,11.728398904862125,126.5087287902832,142.11275747417227,110.90470010639412,4.326760895919984,30.080972101277208,0.0,0.0,0.0,0.0,0.0
2023-01-23 05:00:00,142.15447998046875,142.64065506866532,137.58037360836377,138.20545802747102,27470100,134.56500701904298,127.67507743835449,119.42720031738281,153.32865676879882,134.4034869689206,129.63505866554158,124.73099125942663,72.88845266172407,5.668939112694517,4.639954355666358,1.0289847570281587,12.483342539685417,127.67507743835449,144.31452395670092,111.03563092000806,4.4982715122549255,30.45204987252392,0.0,0.0,0.0,0.0,0.0
2023-01-24 05:00:00,142.0254364013672,143.87095407300617,140.25929762463457,140.58672988863236,21970200,135.9213623046875,128.96594581604003,120.25411056518554,152.93097747802733,135.78929595663814,130.8150946403821,125.40920479440469,72.59867637334752,5.945084383796399,4.900980361292366,1.0441040225040323,12.761909169385488,128.96594581604003,145.8634809838706,112.06841064820946,4.3288856400385125,28.435518825698107,0.0,0.0,0.0,0.0,0.0
2023-01-25 05:00:00,140.39820861816406,142.05520332710776,139.2174721444914,140.12039005259123,26622000,136.76573333740234,130.12981109619142,120.84209579467773,152.52689834594727,136.62728007691555,131.72777216207564,125.99700886592467,68.87995529520303,5.963879922509079,5.113560273535709,0.85031964897337,8.829384182231692,130.12981109619142,146.79715544354576,113.46246674883707,4.226120787035375,29.457618125882036,0.0,0.0,0.0,0.0,0.0
2023-01-26 05:00:00,146.15304565429688,146.36140200246518,142.18419181515765,143.2756175369354,25482100,138.1955123901367,131.63896675109862,121.52235702514649,152.15466926574706,138.35923745462125,133.10160773276337,126.78744168115496,73.96007547434033,6.36971664748819,5.364791548326206,1.0049250991619836,13.771526324529226,131.63896675109862,148.37369342909088,114.90424007310637,4.3699907594442795,30.58990540712551,0.0,0.0,0.0,0.0,0.0
2023-01-27 05:00:00,150.55848693847656,151.99719353324195,146.24235201420336,147.0857395731919,35771900,139.68680877685546,133.43090362548827,122.2669140625,151.8335888671875,140.5772828153222,134.764167657117,127.71963953438326,77.0488066816661,6.966521743603096,5.685137587381584,1.2813841562215114,14.098790786526472,133.43090362548827,150.21253638285447,116.64927086812207,4.4833872024058214,30.025890489060398,0.0,0.0,0.0,0.0,0.0
2023-01-30 05:00:00,145.9149169921875,149.94330143789412,145.8057729000142,148.24662480680917,28040100,140.68695831298828,134.76046829223634,122.86184524536132,151.50080032348632,141.54776175657045,135.82614378426658,128.43317982684619,67.90569821860265,6.9842862905007905,5.944967328005426,1.039318962495365,10.662951470305382,134.76046829223634,151.04213759816037,118.47879898631233,4.56276522357768,32.2726939224423,0.0,0.0,0.0,0.0,0.0
2023-01-31 05:00:00,147.81005859375,148.71297658740454,146.37135192714462,146.79799650042315,29842100,142.03735961914063,136.1808219909668,123.57107925415039,151.17327056884767,142.68636118151218,136.96746900421738,129.1930574255483,69.49662504494299,7.069790763659228,6.169932015136187,0.8998587485230409,8.9678857414762,136.1808219909668,151.76274132256793,120.59890265936565,4.316839141483671,32.080355435721245,0.0,0.0,0.0,0.0,0.0
2023-02-01 05:00:00,151.92776489257812,152.38418988018302,145.9149519766229,146.87740052745855,55661000,144.03171081542968,137.588773727417,124.39799026489258,150.8901921081543,144.36661640170598,138.39225908882315,130.0846145811181,72.6669825395589,7.384692026995765,6.4128840175081026,0.9718080094876624,11.782753365751963,137.588773727417,153.53302940405834,121.64451805077564,4.5301647651110875,31.296753465087214,0.0,0.0,0.0,0.0,0.0
2023-02-02 05:00:00,187.30015563964844,195.6248266993024,178.757196388301,181.95212522311238,150475700,149.25273742675782,140.6348690032959,125.92044250488281,150.78104850769043,152.17271444496825,143.05015399842557,132.32836128929577,86.06532254588977,10.368982682914663,7.2041037505894145,3.164878932325248,39.45772500218987,140.6348690032959,167.26098735060413,114.00875065598768,7.231819002352702,84.99290937960339,0.0,0.0,0.0,0.0,0.0
2023-02-03 05:00:00,185.07760620117188,195.23787916833177,181.46594921292,182.04143493203435,76809700,153.93201599121093,143.59116897583007,127.4419027709961,150.62834678649904,158.15542203700525,147.0527684939252,134.3969591289772,83.30225271135065,12.411639706757114,8.245610941822955,4.166028764934159,40.22703625088442,143.59116897583007,175.8802509023257,111.30208704933443,8.034803439365827,85.36943458556408,0.0,0.0,0.0,0.0,0.0
2023-02-06 05:00:00,184.6112518310547,189.21512212589636,184.0754631723348,185.07759341363374,42483800,158.17769317626954,146.37135009765626,128.92268188476564,150.55710586547852,162.96557290865059,150.62976690698517,136.36614707807826,82.70228144048296,13.833366773327924,9.363162108123948,4.470204665203976,36.65808187297526,146.37135009765626,182.69636622672942,110.04633396858308,8.208440943271125,85.74754740022722,0.0,0.0,0.0,0.0,0.0
2023-02-07 05:00:00,190.12796020507812,192.27114515851267,182.96417698960028,184.13499687970858,47080700,162.98794555664062,149.45465393066405,130.497919921875,150.57471755981445,167.9041887807283,154.39149960204165,138.4744534752155,84.15602105431964,15.22968959579606,10.53646760565837,4.69322199013769,37.49011600821572,149.45465393066405,189.64214601477403,109.26716184655409,8.557842430662918,85.35959380480418,0.0,0.0,0.0,0.0,0.0
2023-02-08 05:00:00,182.00173950195312,189.34412947288163,181.49571599932648,188.52059034038672,36139100,167.14829864501954,151.95701599121094,131.9271041870117,150.57134407043458,170.46737982095098,157.02104625917607,140.1814058684209,74.25627151416901,15.501871470747773,11.529548378676251,3.9723230920715213,28.030955849551265,151.95701599121094,193.75662561966013,110.15740636276175,8.798098992690134,88.24906202101783,0.0,0.0,0.0,0.0,0.0
2023-02-09 05:00:00,176.5346221923828,185.19664171443122,175.88968948035418,184.68070160079887,37118800,170.18645629882812,154.19098434448242,133.29913665771485,150.52634704589843,171.57051479757493,158.87948206233864,141.6070221948508,68.42444297198479,15.10233655639098,12.244106014219197,2.8582305421717837,24.297891043609866,154.19098434448242,196.24208265631387,112.13988603265096,9.085131229729566,89.65437499980116,0.0,0.0,0.0,0.0,0.0
2023-02-10 05:00:00,172.7940216064453,177.49712031621215,172.00026270418945,174.97690400759063,33433600,172.410009765625,156.04840927124025,134.58286315917968,150.49261192321777,171.79297058100587,160.20467630463452,142.83004177961922,64.68145023072371,14.3188087384994,12.65904655907524,1.6597621794241597,23.07423528200916,156.04840927124025,197.93180365238874,114.16501489009177,9.11631524056679,90.46532377297085,0.0,0.0,0.0,0.0,0.0
2023-02-13 05:00:00,178.03289794921875,179.59068073438124,174.45102100596873,176.83232784369244,31463200,175.62180786132814,158.1543830871582,135.79991256713868,150.51483757019042,172.92750282977184,161.9026021755473,144.21054594313293,67.37336607010721,13.959672421472277,12.919171731554648,1.0405006899176286,21.812649987690904,158.1543830871582,200.01061935545272,116.2981468188637,9.343815431964241,90.54344700995024,0.0,0.0,0.0,0.0,0.0
2023-02-14 05:00:00,178.08248901367188,180.09668136890622,174.51052921137415,175.78056138196592,24034600,178.6490509033203,160.34320526123048,136.97151809692383,150.38460952758788,173.86477304502637,163.4435437791782,145.53885743609524,67.39869655745994,13.523169210464715,13.039971227336661,0.4831979831280542,18.2812690502413,160.34320526123048,201.52139007230127,119.16502045015969,9.540131215886792,90.16939714462127,0.0,0.0,0.0,0.0,0.0
2023-02-15 05:00:00,175.78057861328125,176.80255748917412,173.96482576796248,175.04633504206592,25308900,181.03433227539062,162.53302154541015,138.03656036376952,150.26896713256835,174.21310133016362,164.61849947766422,146.72480728618095,64.88069253010786,12.843441144710084,13.000665210811347,-0.1572240661012625,20.46786047426035,162.53302154541015,201.98313716684984,123.08290592397046,9.408307634558811,89.97162634062754,0.0,0.0,0.0,0.0,0.0
2023-02-16 05:00:00,171.09732055664062,174.4807726641265,170.45237261399396,171.40490435914325,25827500,179.41404876708984,164.33339309692383,139.02897232055665,150.0770233154297,173.6465957349776,165.23553005661435,147.68059212031662,59.97166585062854,11.790933428905788,12.758718854430237,-0.9677854255244487,15.754856052722864,164.33339309692383,201.74398876785983,126.92279742598782,9.371454643154683,91.1546227212768,0.0,0.0,0.0,0.0,0.0
2023-02-17 05:00:00,171.5338897705078,171.8315417346345,168.37864269096454,168.89459799541382,24171300,178.05967712402344,165.9958465576172,140.19502166748046,149.88279747009278,173.26246737780127,165.83537383888992,148.616015557579,60.273418307056474,10.866775544080951,12.38033019236038,-1.5135546482794293,12.904899174810058,165.9958465576172,201.43569675908924,130.55599635614516,9.278610714955226,91.14420809659059,0.0,0.0,0.0,0.0,0.0
2023-02-21 05:00:00,170.74012756347656,176.78270508862917,170.541687860479,172.95275977485835,34592600,176.6725646972656,167.42512893676758,141.34896606445312,149.62814590454101,172.80386013883313,166.3024932412315,149.4836277931044,59.39668501396368,9.955562261174919,11.895376606123289,-1.9398143449483705,-8.841438502609755,167.42512893676758,201.07709265689226,133.7731652166429,9.524536260164737,91.13192225851914,0.0,0.0,0.0,0.0,0.0
2023-02-22 05:00:00,169.78761291503906,171.4148428676804,168.36875451254429,169.73801433927213,22433200,174.6385299682617,168.81323776245117,142.45607833862306,149.4437928009033,172.25545155268875,166.63440940064174,150.2798625037685,58.3007575668795,9.052210944935268,11.326743473885685,-2.2745325289504166,-8.261395638277925,168.81323776245117,200.27268424924614,137.3537912756562,9.28002557813445,91.2252131830157,0.0,0.0,0.0,0.0,0.0
2023-02-23 05:00:00,170.70040893554688,172.337570343035,168.06113245373834,170.66072705596093,20017800,173.5083969116211,170.3283477783203,143.570135345459,149.28637802124024,171.97271653139023,167.02164745158507,151.08066824619118,59.07994609842619,8.314113602566522,10.724217499621853,-2.410103897055331,-7.535208584273178,170.3283477783203,198.80288317779556,141.85381237884505,6.464266726889621,90.88606783096881,0.0,0.0,0.0,0.0,0.0
2023-02-24 05:00:00,169.0632781982422,169.39071050981784,166.35453925336142,167.32690436229686,19791300,172.76126251220703,171.47385940551757,144.67506454467772,149.15828323364258,171.4437277435451,167.21608847507622,151.78586863646768,57.021921586341854,7.5104871518366,10.081471430064802,-2.5709842782282024,-11.079213169969792,171.47385940551757,197.59989912804488,145.34781968299026,5.7909767073734555,90.46050448602493,0.0,0.0,0.0,0.0,0.0
2023-02-27 05:00:00,168.21987915039062,171.7720054876957,167.74362088404132,170.54167037129523,19277000,172.30384826660156,172.35692901611327,145.65517288208008,149.01882759094238,170.85757345388066,167.3116875870109,152.43033963701367,55.940802408019884,6.7279959954322806,9.410776343138298,-2.682780347706018,-7.572378368073018,172.35692901611327,196.63490956744786,148.07894846477868,5.711599968094371,90.21434838784292,0.0,0.0,0.0,0.0,0.0
2023-02-28 05:00:00,173.5778350830078,176.16751296792663,170.53173231868809,170.56149751299935,46051100,171.85834197998048,173.7400749206543,146.71386459350586,148.95036476135255,171.3521664773583,167.90846353901063,153.25965318391542,60.99964325896273,6.465676092641274,8.821756293038893,-2.356080200397619,-1.6749049408295469,173.7400749206543,194.58433639639483,152.89581344491378,5.614504657281772,89.47493685605201,0.0,0.0,0.0,0.0,0.0
2023-03-01 05:00:00,172.06968688964844,176.46520116867393,171.70257268922543,173.23057502664264,30998400,171.25706176757814,174.95305633544922,147.85034606933593,148.86195846557618,171.4826247341383,168.30477052478568,153.9973015645324,58.947948755781105,6.066163764857379,8.270637787402592,-2.204474022545213,-0.41918968611461827,174.95305633544922,191.9037175207264,158.00239515017205,5.3381035339744045,89.71141610679906,0.0,0.0,0.0,0.0,0.0
2023-03-02 05:00:00,173.17103576660156,173.64729404817407,170.09516759732804,171.0377826149936,17352000,170.99610748291016,176.01521987915038,148.94376525878906,148.7424462890625,171.78960855822254,168.7682243573396,154.74921270971157,60.00585550905249,5.771882349913483,7.7708866999047705,-1.9990043499912877,-2.730878527857228,176.01521987915038,189.11597170846468,162.91446804983607,4.927044549457904,89.43535923004102,0.0,0.0,0.0,0.0,0.0
2023-03-03 05:00:00,183.80755615234375,185.16688384157925,175.6714082467401,177.52684270021945,45877700,172.26713104248046,175.84058990478516,150.34814407348634,148.66907218933105,173.97468993897184,170.20054167114952,155.8887555898148,68.45944577662043,6.32404090345068,7.481517540613953,-1.1574766371632732,3.214840027439392,175.84058990478516,188.38945762271607,163.29172218685426,5.391258153954689,38.393570925494856,0.0,0.0,0.0,0.0,0.0
2023-03-06 05:00:00,183.46029663085938,188.183243263601,183.20232653393649,186.5361649817629,33209400,173.45977172851562,175.75972442626954,151.69378448486327,148.58116203308106,175.69934570113318,171.46337547683618,156.96999249338518,67.95443360069275,6.656873302332059,7.316588692957574,-0.6597153906255153,4.368922936858444,175.75972442626954,188.0766666371941,163.44278221534498,5.261562268363875,38.17022551860908,0.0,0.0,0.0,0.0,0.0
2023-03-07 05:00:00,183.0733184814453,188.87777386268286,182.5772117015097,187.5283628156589,36701500,174.6930908203125,175.68282775878907,152.97870071411134,148.54281280517577,177.04006802482627,172.569084334418,157.9936523360542,67.35811907856724,6.810907570991446,7.215452468564349,-0.4045448975729027,6.999523946863984,175.68282775878907,187.78441025153344,163.5812452660447,5.312591554338239,38.16714786592493,0.0,0.0,0.0,0.0,0.0
2023-03-08 05:00:00,183.5297393798828,183.81747464438317,179.92799939127048,181.44608489358308,19432400,176.0673034667969,175.3529167175293,154.32513412475586,148.51145881652832,178.2200082712002,173.6129562435099,158.99506751424354,67.71793686945836,6.8903821543351,7.1504384057185,-0.26005625138339994,6.9932825667417875,175.3529167175293,186.07784845949666,164.62798497556193,5.296292412009903,36.51135039740033,0.0,0.0,0.0,0.0,0.0
2023-03-09 05:00:00,180.2753143310547,187.4589320189714,178.89613785727124,184.89903392862337,26582800,177.02479400634766,175.26659545898437,155.58822235107422,148.452670211792,178.5937002820828,174.24746653756176,159.82958699725575,62.43327719302956,6.614513437625618,7.043253412099924,-0.4287399744743059,5.584619681177871,175.26659545898437,185.79214223348308,164.74104868448566,5.527334423610823,33.74024106479087,0.0,0.0,0.0,0.0,0.0
2023-03-10 05:00:00,178.1122589111328,183.33131216676873,177.40779572946437,179.60057931970218,25665000,177.92969207763673,175.34547729492186,156.83106887817382,148.36972114562988,178.50616548736463,174.6155420017114,160.54655452329015,59.13032974763796,6.1504464786414985,6.86469202540824,-0.7142455467667412,4.902976049412611,175.34547729492186,185.93449198583448,164.75646260400924,5.703807094584708,32.201447432407974,0.0,0.0,0.0,0.0,0.0
2023-03-13 04:00:00,179.49143981933594,182.3490199218457,173.4587942651152,176.57434446133212,24728000,179.05684814453124,175.68034820556642,158.12650268554688,148.36783599853516,178.68530627499575,175.07991322243754,161.28949120156645,60.56294089458516,5.826790825634333,6.657111785453459,-0.8303209598191259,5.1499764637988665,175.68034820556642,186.35289696817176,165.00779944296107,5.893036268054731,31.223407736271362,0.0,0.0,0.0,0.0,0.0
2023-03-14 04:00:00,192.50929260253906,192.8069597193349,185.10737226611835,186.1194344072328,41642600,180.9499938964844,176.40416793823243,159.59021606445313,148.4183893585205,181.1987583345491,176.73985411578056,162.5137971388595,70.92330530400476,6.545273475349973,6.634744123432762,-0.0894706480827896,13.868188677143877,176.40416793823243,189.4485556428154,163.35978023364947,6.626567092687793,38.92939338994805,0.0,0.0,0.0,0.0,0.0
2023-03-15 04:00:00,196.2102508544922,196.24001605303158,189.35405084464165,191.4476222684607,42123600,183.36405029296876,177.31055603027343,161.12636138916017,148.44875106811523,183.92812061090237,178.59417761470547,163.8352266963353,73.08790471248408,7.328830358042524,6.773561370354715,0.5552689876878087,16.639158133669696,177.31055603027343,193.08044480387665,161.54066725667022,6.8129619011944555,39.25622542952463,0.0,0.0,0.0,0.0,0.0
2023-03-16 04:00:00,203.33433532714844,204.1578744706101,194.563170324946,196.71627212123454,50447100,186.38038024902343,178.6882438659668,162.71767349243163,148.4973695373535,187.45652328658346,180.95038311112862,165.38421134852405,76.68582910115583,8.42751180118401,7.104351456520574,1.323160344663437,17.14302994383503,178.6882438659668,198.2530371341107,159.12345059782288,7.187878648585788,40.13133736459975,0.0,0.0,0.0,0.0,0.0
2023-03-17 04:00:00,194.0869140625,200.32793130379721,193.90830773144071,198.99836863693588,50141100,187.40831604003907,179.83772354125978,164.07184677124025,148.507142868042,188.66204888220466,182.2014812969735,166.50980753338584,64.61085345568046,8.4545760583037,7.3743963768772,1.0801796814265012,12.795529282837382,179.83772354125978,200.20943380651707,159.46601327600249,7.573424576589598,42.735675191238556,0.0,0.0,0.0,0.0,0.0
2023-03-20 04:00:00,196.26979064941406,197.807724920832,192.1322613145537,196.93457201525698,25186300,188.68926544189452,181.07451858520508,165.47821044921875,148.55263595581056,190.04527465806092,183.54132028292022,167.67686569479872,65.97289203493706,8.553564408469782,7.610229983195717,0.943334425274065,13.338694187834509,181.07451858520508,202.3087867453729,159.84025042503725,7.411126704356905,42.73624538272593,0.0,0.0,0.0,0.0,0.0
2023-03-21 04:00:00,200.58590698242188,201.9650832943874,196.4086810237472,201.61780247498058,31827000,190.44052429199218,182.56680755615236,166.90977600097656,148.56900749206542,191.96175326249016,185.16461425430134,168.96741633352906,68.55030714700099,8.877948442617964,7.863773675080167,1.0141747675377966,9.128216043616755,182.56680755615236,204.90913602810497,160.22447908419974,7.477745573322965,42.8122358615801,0.0,0.0,0.0,0.0,0.0
2023-03-22 04:00:00,198.25421142578125,205.75534436543967,198.1153021172683,200.9232686264753,28477800,191.91297149658203,183.99013748168946,168.30562255859374,148.61380599975587,193.10583656490672,186.41124255634705,170.11591810185269,65.65694120946259,8.844918072345422,8.060002554533218,0.7849155178122036,8.063823653729685,183.99013748168946,206.53073365514726,161.44954130823166,7.7697395588462035,43.12717114055714,0.0,0.0,0.0,0.0,0.0
2023-03-23 04:00:00,202.6893768310547,206.26135156215855,200.57595718682018,201.26058693861313,27389700,194.15437774658204,185.58958587646484,169.72032012939454,148.6635654449463,194.84829843147907,187.96154105870016,171.39330864025277,68.38995447684216,9.07204515848025,8.262411075322625,0.8096340831576256,10.714864684990943,185.58958587646484,208.69234362652116,162.4868281264085,7.484831848946176,43.404573542060646,0.0,0.0,0.0,0.0,0.0
2023-03-24 04:00:00,204.4059295654297,205.96371227058293,201.9650924531236,203.5823904151866,27716400,196.78374481201172,187.35671844482422,171.17133361816406,148.71496215820312,196.5860495467428,189.5276732974363,172.68792122555382,69.40477316520348,9.283541581886709,8.466637176635443,0.8169044052512664,11.374826911477198,187.35671844482422,210.54352739182474,164.1699094978237,7.414667783788663,42.84994204319822,0.0,0.0,0.0,0.0,0.0
2023-03-27 04:00:00,201.26058959960938,204.25707871143297,199.7921178085074,203.21525147275494,18527200,198.96065979003907,189.00875396728514,172.48363494873047,148.74572059631348,197.43596591999125,190.64509389764325,173.8084180245364,65.269817475842,9.09253825159115,8.591817391626584,0.5007208599645665,11.640681557774268,189.00875396728514,211.1387436502365,166.87876428433378,7.294185612056457,43.48274960734443,0.0,0.0,0.0,0.0,0.0
2023-03-28 04:00:00,199.11741638183594,199.46469719503838,196.3590638071846,198.5915443892571,19127300,199.62147216796876,190.28573303222657,173.74771484375,148.8284711456299,197.7416841857812,191.45198175328065,174.80092776403833,62.53590067718307,8.668307713313936,8.607115455964056,0.06119225734988021,11.793212662124187,190.28573303222657,211.59896783103312,168.97249823342003,7.366474936293033,43.18269318256438,0.0,0.0,0.0,0.0,0.0
2023-03-29 04:00:00,203.7510986328125,204.1182128737428,200.96296529121707,201.97502755051556,18851100,200.37555694580078,191.86980361938475,175.13661590576172,148.97621185302734,198.83430499433234,192.62332621799797,175.93622858242165,65.86499796952147,8.606787696641135,8.607049904099473,-0.00026220745833782644,13.515774812378067,191.86980361938475,212.1676517538932,171.5719554848763,7.112046531307797,43.11002680841935,0.0,0.0,0.0,0.0,0.0
2023-03-30 04:00:00,206.2216796875,206.4697330979613,201.24077810622202,201.7964153232587,22608300,200.66429138183594,193.5223358154297,176.62136444091797,149.19241523742676,200.17746402945372,193.9184075008077,177.12389333164043,67.52212694879134,8.657588591682924,8.617157641616163,0.04043095006676012,7.122974117032355,193.5223358154297,212.76443718343015,174.28023444742925,7.062434999481719,43.11513467727651,0.0,0.0,0.0,0.0,0.0
2023-03-31 04:00:00,210.2897491455078,210.5179540303412,205.16000673960775,205.62634833468755,25440300,202.28457489013672,194.8464454650879,178.12536163330077,149.43158836364745,202.01606132328172,195.47758289554102,178.4245151282627,70.09639552305366,8.923246245796832,8.678375362452298,0.2448708833445341,7.175720039956968,194.8464454650879,214.90127340520164,174.79161752497416,6.810129401910501,38.72273397948145,0.0,0.0,0.0,0.0,0.0
2023-04-03 04:00:00,211.41098022460938,211.82770816161158,206.57888921274505,207.21390537484075,17924600,203.79869384765624,196.24397964477538,179.58788482666014,149.64848640441895,203.72422839625037,196.99504930783323,179.71810199478608,70.78375221548632,9.11913610366858,8.766527510695555,0.3526085929730254,3.9721008675029035,196.24397964477538,216.84601826882394,175.64194102072682,6.233936476829612,38.5866935039517,0.0,0.0,0.0,0.0,0.0
2023-04-04 04:00:00,213.04811096191406,214.5562799124581,210.885077384689,211.72846502268536,21026400,205.04491424560547,197.74271926879882,181.00575744628907,149.91563987731934,205.41947977182556,198.52391232250758,181.0251611699676,71.80289733665992,9.299286608353981,8.87307933022724,0.426207278126741,9.769436023547762,197.74271926879882,218.66914216879115,176.8162963688065,6.004310571070982,38.42305345914387,0.0,0.0,0.0,0.0,0.0
2023-04-05 04:00:00,209.8333282470703,213.51444737094567,208.30532596205177,212.48253674679614,19396600,206.20282592773438,199.0578987121582,182.36191528320313,150.15248115539552,206.2219976764155,199.60099955341832,182.1548932122069,66.87006577174137,9.078005486813964,8.914064561544585,0.16394092526937953,6.9106598385709095,199.0578987121582,219.52444225535942,178.59135516895697,5.691054661301682,39.24833494347777,0.0,0.0,0.0,0.0,0.0
2023-04-06 04:00:00,214.4173583984375,215.25081416311986,207.02535519459414,207.6206893922116,26104400,207.37562408447266,200.76500091552734,183.84229827880858,150.44543212890625,207.71206326223768,201.01208134818205,183.42008792539244,70.03160336203469,9.166861651678687,8.964623979571407,0.20223767210728028,6.895525026704763,200.76500091552734,220.30993289582415,181.22006893523053,5.6052997593601095,38.4458602310284,0.0,0.0,0.0,0.0,0.0
2023-04-10 04:00:00,213.077880859375,213.98079891244384,209.019730673576,213.0381989750547,16106100,208.2428192138672,202.51328201293944,185.18079498291016,150.7376390838623,208.68766646171716,202.1612051111528,184.58313862868587,67.98989001324476,9.02515973611554,8.976731130880234,0.048428605235306676,7.4771019122300775,202.51328201293944,219.63114768982263,185.39541633605626,5.58545433925891,38.08199358253381,0.0,0.0,0.0,0.0,0.0
2023-04-11 04:00:00,212.1848602294922,214.33796167926738,211.7482838728601,213.80215791795482,16710100,209.33524627685546,204.14795303344727,186.41332244873047,151.01099388122557,209.32351987403987,203.11583893194702,185.66555908361946,66.5959023004819,8.740050780670941,8.929395060838376,-0.18934428016743432,4.6847464563237295,204.14795303344727,217.92774384716836,190.36816221972617,5.363624707932764,38.38001036599991,0.0,0.0,0.0,0.0,0.0
2023-04-12 04:00:00,212.33372497558594,215.15160815942397,210.92478338366692,213.16718082320352,18972200,210.65687713623046,205.1391746520996,187.74169860839845,151.22848724365235,209.8708298925028,203.99373284086502,186.7113695107554,66.71840166469732,8.428948350530447,8.82930571877679,-0.40035736824634327,3.8784566705138523,205.1391746520996,218.22866867431875,192.04968062988044,5.119823459903169,30.108517037963473,0.0,0.0,0.0,0.0,0.0
2023-04-13 04:00:00,218.63427734375,219.42803612820578,214.0105582384014,214.05024012163284,23310400,212.14519500732422,206.2603759765625,189.15818298339843,151.48080711364747,211.46418397454772,205.38807041256837,187.9632482493042,71.48472125040733,8.591758904997192,8.781796356020871,-0.19003745102367908,8.632434088911346,206.2603759765625,219.95702038792948,192.56373156519552,5.05462138963478,30.975261532761806,0.0,0.0,0.0,0.0,0.0
2023-04-14 04:00:00,219.76539611816406,220.38056370650133,215.85607210458502,216.18350440998398,21591200,213.49956665039062,207.0819290161133,190.51493560791016,151.78248962402344,212.97349527338704,206.757339527387,189.210391302985,72.25298358832791,8.71163694642732,8.767764474102162,-0.056127527674842526,10.36975072875228,207.0819290161133,221.95978745588837,192.2040705763382,5.092183659953134,28.77580486948431,0.0,0.0,0.0,0.0,0.0
2023-04-17 04:00:00,217.1558837890625,219.25937191854015,215.43935838415817,218.07863523228386,15481900,214.1861801147461,208.2353775024414,191.11205017089844,152.05495140075683,213.73392954896437,207.747677076118,190.30629296910567,67.71999461478703,8.498114349255587,8.713834449132847,-0.21572009987725949,6.579000185126493,208.2353775024414,222.43264168472206,194.03811332016073,5.071628372601964,22.996276221197274,0.0,0.0,0.0,0.0,0.0
2023-04-18 04:00:00,216.1934356689453,218.7235835521437,214.52652397270768,218.19771151892738,12281000,214.6644256591797,209.23155975341797,191.73436676025392,152.33594635009766,214.18111247986997,208.55203503733966,191.32147503576604,66.0735054225492,8.157203468963473,8.602508253098971,-0.445304784135498,4.835454738103251,209.23155975341797,222.6693604290681,195.79375907776785,5.021309357388483,23.17023714015042,0.0,0.0,0.0,0.0,0.0
2023-04-19 04:00:00,214.02049255371094,215.63780573322012,211.2720563592022,211.80786023682174,15898100,214.76166381835938,209.9032890319824,192.32255157470703,152.6121290588379,214.15190885693195,209.0728405150893,192.21163258548938,62.38558185726129,7.623808274710626,8.406768257421302,-0.7829599827106755,1.774096656333768,209.9032890319824,222.8557606457293,196.95081741823552,5.015636701519644,22.833148895246254,0.0,0.0,0.0,0.0,0.0
2023-04-20 04:00:00,211.41098022460938,215.06231937166476,211.11331308675648,211.81777633502944,16475400,214.91942901611327,210.56112747192384,192.74821197509766,152.8347817993164,213.65355819650964,209.29552048742454,192.96454817918035,58.185434528357,6.910858825328262,8.107586371002695,-1.1967275456744328,0.0,210.56112747192384,222.30226585207748,198.8199890917702,4.924211793888858,22.883406457072944,0.0,0.0,0.0,0.0,0.0
2023-04-21 04:00:00,211.23236083984375,211.74831617092386,207.9481361196577,208.5732355565436,17717200,214.6009292602539,210.98827667236327,193.33282440185548,153.04870307922363,213.21334049529764,209.47998147336924,193.68093298940244,57.89809294998834,6.259275131154737,7.737924123033103,-1.4786489918783658,-0.8522723406803157,210.98827667236327,222.12990120653876,199.84665213818778,4.81294270535548,21.776451404468965,0.0,0.0,0.0,0.0,0.0
2023-04-24 04:00:00,211.13314819335938,212.25435452781917,209.06935700458934,212.01621778758587,15750900,214.40645599365234,211.32463760375975,194.024794921875,153.25012245178223,212.83512371312705,209.6374259228921,194.36533358563605,57.727566962353244,5.669529915986914,7.324245281623866,-1.6547153656369522,0.6194535239695487,211.32463760375975,222.02708157241636,200.62219363510314,4.665526889238573,21.66357940669673,0.0,0.0,0.0,0.0,0.0
2023-04-25 04:00:00,205.93392944335938,209.61503330899023,205.51720156083385,209.17847205585224,19198200,213.78136291503907,211.55830459594728,194.68759307861328,153.4320447540283,211.5803611186238,209.28471197246043,194.81900401142914,49.49974289846086,4.728116301072106,6.805019485513514,-2.0769031844414085,-3.9565028775860323,211.55830459594728,221.51355842983733,201.60305076205722,4.80443718243546,22.84632192313019,0.0,0.0,0.0,0.0,0.0
2023-04-26 04:00:00,207.76953125,212.44286418050763,207.25359105527792,210.84539960612796,41992700,213.32494354248047,211.99091033935548,195.2823257446289,153.66283355712892,210.88748296069218,209.14040904651182,195.32686782470643,52.09572154399933,4.083089638052371,6.2606335160212865,-2.1775438779689154,-2.4912720118886234,211.99091033935548,220.28288203159104,203.69893864711992,4.897280991596484,22.548770067361062,0.0,0.0,0.0,0.0,0.0
2023-04-27 04:00:00,236.7024688720703,239.80810221766666,234.92641322808916,238.02211474831446,71196500,215.1317626953125,213.63847885131835,196.4547253417969,154.03635223388673,215.5811167627609,211.76536712513644,196.94944041479914,74.41806141100545,5.839236539862441,6.176354120789518,-0.3371175809270772,11.554834127213741,213.63847885131835,226.73787025712724,200.53908744550947,6.598217562963695,53.3943561030201,0.0,0.0,0.0,0.0,0.0
2023-04-28 04:00:00,238.44879150390625,238.5579204709665,233.91436785871295,237.1489789055397,39554000,217.0001022338867,215.24983444213868,197.70808959960937,154.41751106262208,219.7388758066055,214.30664563740024,198.5768659477053,75.17012839244771,7.287898891798989,6.398663074991412,0.8892358168075765,12.29906673154395,215.24983444213868,231.9432628970011,198.55640598727626,6.54435505492027,53.37257337385811,0.0,0.0,0.0,0.0,0.0
2023-05-01 04:00:00,241.2864990234375,242.10012145288675,234.61883747613797,236.76200737278006,29143900,219.4131637573242,216.79967193603517,199.11187316894532,154.83984672546387,223.65662548239314,216.8761554836895,200.25175351930264,76.38502253288554,8.566207614768302,6.832171982946791,1.734035631821511,10.360782378177745,216.79967193603517,236.95146778503096,196.64787608703938,6.893755495658949,53.21241339560696,0.0,0.0,0.0,0.0,0.0
2023-05-02 04:00:00,237.37721252441406,243.01297910850474,237.12915909786122,241.2865218093042,24350100,221.5315414428711,218.09798355102538,200.42873962402345,155.20964485168457,226.15127767185146,218.82863710661564,201.70765387244427,71.2154710274525,9.158259028970122,7.297389392151458,1.8608696368186637,8.013916984810665,218.09798355102538,240.05313198464768,196.14283511740308,7.012112298150839,53.868096839773706,0.0,0.0,0.0,0.0,0.0
2023-05-03 04:00:00,235.18441772460938,239.8676677118151,230.93774419824183,237.60542163290825,34463900,223.64793395996094,219.20479888916014,201.7176254272461,155.55592750549317,227.79366677235288,220.38633049880553,203.02046814115664,68.41840463501433,9.3428255486142,7.706476623444007,1.6363489251701937,8.302116259055236,219.20479888916014,242.29081558997393,196.11878218834636,7.14322746679037,54.145035613699854,0.0,0.0,0.0,0.0,0.0
2023-05-04 04:00:00,231.70172119140625,236.3452735137011,231.11630366840006,234.22193704205742,17889400,225.67700805664063,220.29821853637696,202.95590759277343,155.84237968444825,228.50422212127168,221.4639867552437,204.14522316273505,64.11148670324931,9.103136055104187,7.985808509776043,1.117327545328144,7.173337837236016,220.29821853637696,243.58597031283045,197.01046675992347,7.193547341317851,54.130969404007544,0.0,0.0,0.0,0.0,0.0
2023-05-05 04:00:00,230.96749877929688,232.85269871171457,228.06031996962398,230.4317100547082,27000500,227.65052185058593,221.12572555541993,204.16124938964845,156.08889526367187,228.95209060454897,222.36908313848687,205.19707710848257,63.208121775220754,8.753035250332886,8.139253857887411,0.6137813924454747,7.918403524528328,221.12572555541993,244.7079255149201,197.54352559591976,7.2268574133239,53.8556395753974,0.0,0.0,0.0,0.0,0.0
2023-05-08 04:00:00,231.45367431640625,233.7853672287388,228.47703347004094,229.618073071823,16400500,229.6825744628906,222.04451522827148,205.40905731201173,156.33744476318358,229.40692400670483,223.23428229828872,206.2267475872247,63.574127175630345,8.417773292286256,8.19495774476718,0.22281554751907606,9.480441399260764,222.04451522827148,245.73811182275875,198.3509186337842,7.306234140414032,53.72152153050865,0.0,0.0,0.0,0.0,0.0
2023-05-09 04:00:00,231.55288696289062,234.043352831237,229.2807244414687,229.6577704607354,16865600,232.24447021484374,223.0129165649414,206.67571746826172,156.65544921875,229.79709908964767,224.02653036158412,207.21992952352534,63.65358847985737,8.067089025817808,8.169384000977306,-0.10229497515949859,9.61998722272195,223.0129165649414,246.5926861338677,199.43314699601513,7.29489478898726,53.64565799184818,0.0,0.0,0.0,0.0,0.0
2023-05-10 04:00:00,231.26515197753906,234.90657414001882,228.92352723267723,234.33108842458907,19119000,234.59403228759766,223.95948791503906,207.82946380615235,156.9850129699707,230.064017796537,224.71592289643695,208.16287942368274,63.22283380501121,7.67745053871829,8.070997308525504,-0.39354676980721415,9.535216973955428,223.95948791503906,247.25240796553217,200.66656786454595,7.440183404875354,53.670181619751354,0.0,0.0,0.0,0.0,0.0
2023-05-11 04:00:00,233.9540557861328,236.35522620301435,230.49123974968126,231.2354000059932,20449000,234.3191909790039,224.7254768371582,209.06715118408204,157.3652293395996,230.77129743100897,225.59574507640798,209.17429810456315,65.5678130044407,7.499185355052731,7.95663491783095,-0.45744956277821913,13.606367060790813,224.7254768371582,248.2870840113585,201.1638696629579,7.5875981478801355,52.9375046916578,0.0,0.0,0.0,0.0,0.0
2023-05-12 04:00:00,231.98948669433594,235.11496898613234,229.64786171717228,234.89668075724575,16161400,233.6732604980469,225.3366813659668,210.24352020263672,157.68387878417968,230.9927863879775,226.20467284954398,210.0690113825935,62.43547323531861,7.117340336538319,7.788776001572424,-0.6714356650341049,11.657125709733208,225.3366813659668,248.9905509679193,201.6828117640143,7.750605986860866,53.11246144315327,0.0,0.0,0.0,0.0,0.0
2023-05-15 04:00:00,237.00015258789062,238.38924563922228,233.4976396213384,235.07525568820336,20653200,233.2446258544922,226.3288948059082,211.30737213134765,158.0715367126465,232.0850347879617,227.23281377700556,211.12513456711494,66.7928276370554,7.13677595927885,7.65837599311371,-0.5216000338348596,0.1257628267414379,226.3288948059082,250.20168359052843,202.45610602128795,7.806592580600925,53.18116109135722,0.0,0.0,0.0,0.0,0.0
2023-05-16 04:00:00,236.96044921875,237.77405646362476,233.68614144893996,233.95402820885016,18163800,233.20294952392578,227.36724548339845,212.37737518310547,158.46703285217285,232.97147377537772,228.15925524764788,212.13828416129672,66.72677932466212,7.067505298539771,7.540201854198923,-0.4726965556591516,-0.6241769043026868,227.36724548339845,251.19032887309453,203.54416209370237,7.633662600424963,53.10364461267775,0.0,0.0,0.0,0.0,0.0
2023-05-17 04:00:00,240.6018829345703,241.94136221960335,236.28574768951486,236.59333148518962,21193100,233.74469604492188,228.6963150024414,213.52794647216797,158.87661865234375,234.3588208952309,229.34426740830716,213.25450372103296,69.68741271711964,7.223176783284941,7.476796840016127,-0.2536200567311857,-0.28373576293660996,228.6963150024414,252.34952435131513,205.04310565356766,5.749165712026523,52.90856644917091,0.0,0.0,0.0,0.0,0.0
2023-05-18 04:00:00,244.9279327392578,245.16605431320838,239.31200014059405,239.42114424198073,22943300,235.06731719970702,230.37216262817384,214.75591033935547,159.30654487609863,236.28047759414488,230.82842601125486,214.49659897664964,72.78550187531678,7.607924206940339,7.503022313400971,0.10490189353936863,3.180895139236317,230.37216262817384,253.61466586803832,207.12965938830936,5.835630109195149,52.58829198584319,0.0,0.0,0.0,0.0,0.0
2023-05-19 04:00:00,243.72735595703125,246.753610562604,241.51472379688204,245.5431087203749,21733600,236.34330291748046,231.9969123840332,216.024951171875,159.6877533721924,237.63445547830602,232.05689552990023,215.64290317195875,70.62809765989512,7.726891998322458,7.547796250385268,0.17909574793718974,3.632442282985471,231.9969123840332,254.12215034782315,209.87167442024327,5.67545887983609,52.69705904841528,0.0,0.0,0.0,0.0,0.0
2023-05-22 04:00:00,246.38648986816406,251.5956112987984,243.21139421750922,243.49914464158914,27738500,237.83658447265626,233.75957946777345,217.39043579101562,160.07347648620606,239.2257344582802,233.4216188002111,216.84853402279035,72.56757952211966,7.944169275098858,7.627070855327986,0.31709841977087194,6.337790069598537,233.75957946777345,254.4572661681034,213.0618927674435,5.854058670596493,52.61878459384951,0.0,0.0,0.0,0.0,0.0
2023-05-23 04:00:00,244.81881713867188,249.65089307900408,244.72950639806524,244.8882642258329,17748100,239.16317749023438,235.70382385253907,218.69698333740234,160.4685265350342,240.24265858198774,234.5070662610169,217.945407870472,69.64772986111106,7.8988124021283,7.681419164688049,0.21739323744025096,5.997085491500576,235.70382385253907,252.29368016399587,219.11396754108227,5.567734611122605,51.49338542145391,0.0,0.0,0.0,0.0,0.0
2023-05-24 04:00:00,247.2695770263672,247.64660792831876,243.04273707413475,243.3701694042358,17724300,240.76361999511718,237.67882614135743,219.7921890258789,160.86025260925294,241.52028011732943,235.7225434767645,219.09537528835023,71.57336228991454,7.968763647655493,7.738888061281538,0.22987558637395455,6.833290833110728,237.67882614135743,248.75502244383296,226.6026298388819,5.523084683185674,51.49419302235464,0.0,0.0,0.0,0.0,0.0
2023-05-25 04:00:00,250.7224578857422,253.6296364767489,247.22986176229892,251.4269210658252,22371400,242.44046020507812,238.37982559204102,220.88243316650392,161.27777603149414,243.19340334794992,237.15110675381,220.33565303726758,74.06944796614539,8.208200120566744,7.83275047313858,0.3754496474281641,8.278700893901503,238.37982559204102,250.8790478203978,225.88060336368423,5.637898681211346,17.53030673674779,0.0,0.0,0.0,0.0,0.0
2023-05-26 04:00:00,259.99969482421875,260.26758163108605,250.74233888741432,250.96061197968322,25727200,245.2414810180664,239.45737075805664,222.01574035644532,161.69301765441895,246.24909270727153,239.3271627605156,221.8911056563637,79.32290567942653,9.042316541779485,8.07466368686676,0.9676528549127248,12.424934150680178,239.45737075805664,255.26068193750774,223.65405957860554,5.940526537400345,21.278371716299553,0.0,0.0,0.0,0.0,0.0
2023-05-30 04:00:00,260.47589111328125,266.55816503984386,259.255487821885,263.1846450145921,23816500,247.58905487060548,240.41684036254884,223.34351989746094,162.11485717773436,248.83578332654602,241.34132736554088,223.40423449781144,79.55190717977386,9.630767384400968,8.385884426373602,1.2448829580273664,11.336343470528742,240.41684036254884,258.8062418260754,222.02743889902231,6.12195859655681,21.108386402295608,0.0,0.0,0.0,0.0,0.0
2023-05-31 04:00:00,262.6588439941406,262.936662652915,256.43767423517716,257.9755935462562,25473700,250.15889434814454,241.68092193603516,224.67130096435548,162.53267852783202,251.34906708429048,243.37156704445516,224.9436309486479,80.61195596932922,10.156190725846443,8.73994568626817,1.416245039578273,13.220149644200884,241.68092193603516,262.50508428376503,220.85675958830527,6.158811561585115,19.76145762379131,0.0,0.0,0.0,0.0,0.0
2023-06-01 04:00:00,270.48736572265625,271.866557317883,263.8197186411394,263.8296201878953,25609500,253.14744262695314,243.4460693359375,226.06933013916014,162.98770774841307,254.82875774581152,245.9540240614267,226.72965976331488,83.84616926177777,11.076604584514712,9.207277465917478,1.8693271185972336,14.129616698177871,243.4460693359375,267.6605016693815,219.23163700249347,6.397649195185778,20.82343413153298,0.0,0.0,0.0,0.0,0.0
2023-06-02 04:00:00,270.48736572265625,273.20605188620755,269.0089769801132,270.5369945762739,19416900,255.70338592529296,245.3853515625,227.51399322509766,163.44978164672852,257.67577737796506,248.29053279106762,228.44564823230866,83.84616926177777,11.671497441482586,9.7001214610305,1.9713759804520858,14.148739426534384,245.3853515625,271.75596786049414,219.01473526450587,6.3069325978382285,19.369942595216063,0.0,0.0,0.0,0.0,0.0
2023-06-05 04:00:00,269.27691650390625,273.42436290204057,267.4611483013033,268.1953768204094,20742900,258.25834197998046,247.30082244873046,228.84574401855468,163.92872344970704,259.78507540086343,250.28923600181415,230.046874439038,81.41086510524292,11.908013019189752,10.141699772662351,1.7663132465274014,11.918042045054932,247.30082244873046,274.8029620433819,219.798682854079,6.275750858970438,19.473666249070646,0.0,0.0,0.0,0.0,0.0
2023-06-06 04:00:00,269.00897216796875,274.41654891819206,267.59011385118043,268.0366221259544,19419000,260.5205902099609,249.1785873413086,230.13780487060546,164.40726821899415,261.4621475403371,252.0720680176384,231.57479984017252,80.8510580315122,11.936238917726683,10.500607601675219,1.4356313160514649,9.831887755467573,249.1785873413086,277.24744302201907,221.10973166059816,6.47135943413664,19.623853310040033,0.0,0.0,0.0,0.0,0.0
2023-06-07 04:00:00,261.54754638671875,272.11461659977925,260.753757231396,269.5547184887687,26163600,262.19346313476564,250.6783203125,231.34354400634766,164.88174491882324,261.47767460331556,252.9744945289794,232.75020166552727,67.02878980565904,11.227114258329976,10.64590893300617,0.5812053253238059,7.311526586629524,250.6783203125,277.9765947351437,223.38004588985632,6.878876922586268,23.211302443811785,0.0,0.0,0.0,0.0,0.0
2023-06-08 04:00:00,262.51983642578125,265.56593916023627,256.8642376024119,258.59067941544686,20899400,263.718489074707,252.2410545349121,232.61159240722657,165.38544197082518,261.66715857103657,253.8835747096272,233.91763832279216,67.80127641709592,10.621149536752625,10.640957053755463,-0.019807517002837116,6.547983441076566,252.2410545349121,278.41531919443855,226.0667898753857,7.082280307244129,23.06640309564767,0.0,0.0,0.0,0.0,0.0
2023-06-09 04:00:00,262.8869934082031,265.8636340720592,259.6622993556924,260.43622471709676,16949800,264.9349426269531,253.6877014160156,233.79431030273437,165.90059921264648,261.88894672324864,254.74104315711062,235.05369146339652,68.10516686283206,10.05464098668719,10.523693840341808,-0.4690528536546186,7.3802236611971495,253.6877014160156,278.7822743961046,228.59312843592664,7.1510265894330445,23.048131442949284,0.0,0.0,0.0,0.0,0.0
2023-06-12 04:00:00,268.9394836425781,269.6340452732035,263.2640206504683,265.0897203172627,15442500,265.82892150878905,255.53520126342772,235.04866638183594,166.43535263061523,263.1708625267631,256.093275584298,236.38254605865856,72.68226358141352,9.979032187108118,10.41476150969507,-0.43572932258695296,8.763676824626177,255.53520126342772,279.3095474208277,231.76085510602775,7.03408621684099,23.152935053263015,0.0,0.0,0.0,0.0,0.0
2023-06-13 04:00:00,269.2074279785156,273.57316219648015,266.9947805297934,272.73970632322903,16164000,266.7020751953125,257.145565032959,236.2270199584961,166.94406074523926,264.26841988162715,257.3422424789854,237.66979633002552,72.86789369571572,9.827447836035674,10.297298774963192,-0.46985093892751806,7.372682227452199,257.145565032959,279.9781784426195,234.3129516232985,7.152443001537271,22.64035889501327,0.0,0.0,0.0,0.0,0.0
2023-06-14 04:00:00,271.22161865234375,272.8488333609741,266.23078499484023,269.77299514100963,19175100,267.5583526611328,258.8586235046387,237.4232327270508,167.49756713867188,265.53263783993924,258.664087828829,238.98555406815564,74.28261598128762,9.757367639392157,10.189312547848985,-0.43194490845682765,4.3161296153489515,258.8586235046387,280.42035429792975,237.29689271134762,7.2963128238194015,22.504555152251648,0.0,0.0,0.0,0.0,0.0
2023-06-15 04:00:00,279.63555908203125,281.7787441952247,269.3066416531064,270.1797642281489,25973500,268.4731719970703,260.81030731201173,238.75498168945313,168.10609169006347,268.0968053385014,260.66137080532445,240.57967191183704,79.16894298912985,10.262463956761678,10.203942829631524,0.05852112713015423,7.355639666635194,260.81030731201173,282.4801029167908,239.1405117072326,7.73005052579571,23.929537329332632,0.0,0.0,0.0,0.0,0.0
2023-06-16 04:00:00,278.8119812011719,285.6086494323509,277.94876033904234,282.5327816620416,43127700,269.3056335449219,262.50450973510743,240.13455474853515,168.72047012329102,270.0450191317142,262.3900003668337,242.0789781584776,77.61445182765765,10.47554501313067,10.258263266331355,0.21728174679931556,6.149854678943001,262.50450973510743,284.24416160425267,240.7648578659622,7.595390907793188,23.88449805034489,0.0,0.0,0.0,0.0,0.0
2023-06-20 04:00:00,282.1160888671875,282.5824304857627,274.0692508402336,276.55971674793904,20701600,270.58955078125,264.42394638061523,241.48852935791015,169.3227437591553,272.2397590836184,264.2686754621055,243.64906093136818,79.36499263281145,10.786684970673093,10.363947607199703,0.42273736347338975,4.299174238124959,264.42394638061523,285.96097443359855,242.88691832763192,7.681855366905348,23.55186957415051,0.0,0.0,0.0,0.0,0.0
2023-06-21 04:00:00,279.4470520019531,281.78866155656544,276.1925623349365,281.32231995476303,20556200,271.63335876464845,266.0769744873047,242.81591278076172,169.89961669921874,273.5501759778611,265.7142351325671,245.05290371844995,74.30982230887605,10.694615786100144,10.430081242979792,0.26453454312035163,3.312423208884252,266.0769744873047,286.8461359334053,245.3078130412041,7.640750946513431,24.25380878572382,0.0,0.0,0.0,0.0,0.0
2023-06-22 04:00:00,282.66180419921875,283.0388501973206,275.62701368291556,276.90694737547614,17563100,273.7447845458984,267.96912384033203,244.22545166015624,170.51756721496582,275.20683565447155,267.3282893293911,246.52776256083303,76.27036158058556,10.757053314936286,10.495475657371092,0.26157765756519424,4.970677720575556,267.96912384033203,287.438363050771,248.4998846298931,7.512474031560763,23.82983794538413,0.0,0.0,0.0,0.0,0.0
2023-06-23 04:00:00,286.48187255859375,287.41455585917544,276.7780237818679,279.31808843197484,51092000,276.1409881591797,269.9297386169434,245.7084146118164,171.16344894409178,277.2568423643119,269.15244011312467,248.09459040388248,78.38161338351134,10.988118902493852,10.594004306395643,0.3941145960982091,6.495285361603087,269.9297386169434,288.49889232078243,251.36058491310436,7.97243525807599,23.914646641249092,0.0,0.0,0.0,0.0,0.0
2023-06-26 04:00:00,276.3017578125,287.5336244711032,275.43853671466735,286.45211514209774,24232700,277.4824645996094,271.2087036132813,246.8617642211914,171.74925201416016,277.0831906276188,269.83332751306517,249.2007538316714,62.438661971878595,10.231843540891987,10.521572153294912,-0.289728612402925,5.641120182395443,271.2087036132813,287.6040299394282,254.8133772871344,8.410426197768746,28.207718584276986,0.0,0.0,0.0,0.0,0.0
2023-06-27 04:00:00,284.81488037109375,287.09698964762225,278.46471986414537,279.8141460043459,26108300,279.07000427246095,272.449462890625,248.16275390625,172.36933570861817,278.4889523991597,271.2601420709727,250.59738624498206,68.25388080463898,10.20182739569691,10.457623201775311,-0.25579580607840136,8.492708303060237,272.449462890625,289.02800604047474,255.8709197407753,8.69391168120522,27.349231916978688,0.0,0.0,0.0,0.0,0.0
2023-06-28 04:00:00,283.0686340332031,287.29544349247846,281.84820037160534,282.60229241746646,16722100,280.4561248779297,273.57910003662107,249.48100891113282,172.94551422119142,279.3216217871676,272.38476035308986,251.87076851118684,65.99678952325436,9.922748629393823,10.350648287299014,-0.4278996579051917,7.676926257687677,273.57910003662107,289.79739519415466,257.3608048790875,8.27151052066878,27.60522152706237,0.0,0.0,0.0,0.0,0.0
2023-06-29 04:00:00,279.337890625,284.33865559418587,278.50443484346164,282.2847661968472,15395700,281.2677520751953,274.4130523681641,250.7438980102539,173.50398155212403,279.32457975768256,273.04696323612893,252.9479105548658,61.33048849012411,9.293408257084423,10.139200281256098,-0.8457920241716756,3.8664486305928225,274.4130523681641,289.96878823234596,258.8573165039822,8.06669046301877,28.2373134170303,0.0,0.0,0.0,0.0,0.0
2023-06-30 04:00:00,284.7454833984375,286.7993426355483,282.20541888378625,282.542767890268,19694900,281.77874450683595,275.12595825195314,252.15839782714843,174.16802062988282,280.31019860145614,274.1611080134916,254.1948741957902,65.17414853074129,9.125802451508434,9.936520715306566,-0.8107182637981314,5.771778117935855,275.12595825195314,291.22167707591865,259.0302394279876,8.156698841174594,27.15631248126536,0.0,0.0,0.0,0.0,0.0
2023-07-03 04:00:00,283.79296875,287.14665610377796,282.6320956075144,284.46769711960735,8629300,282.27684326171874,275.79123840332034,253.60603759765624,174.83553237915038,280.943429537555,275.0784280836353,255.35558378615139,63.96802553890329,8.814505538415347,9.712117679928323,-0.8976121415129761,4.635084091054864,275.79123840332034,292.17699189392175,259.4054849127189,7.997235171979107,27.226473132783806,0.0,0.0,0.0,0.0,0.0
2023-07-05 04:00:00,292.0779113769531,295.79871236153565,284.13027078429906,285.41023480138307,33865500,283.2730255126953,276.93128814697263,255.22294860839844,175.553994140625,282.96788078108193,276.6974264925227,256.79567506422205,69.29131388315321,9.131068844114509,9.59590791276556,-0.4648390686510506,4.449488589994344,276.93128814697263,294.53611055024396,259.3264657437013,8.384903882325457,28.660538508825706,0.0,0.0,0.0,0.0,0.0
2023-07-06 04:00:00,289.7164611816406,295.79873585225204,289.0417631500449,293.5861187368782,47600500,284.2999664306641,277.96666259765624,256.79461486816405,176.27682174682616,284.19489539936535,277.937334558153,258.086686284513,66.28535202525049,9.08665297010333,9.494056924233114,-0.4074039541297836,3.9110514309644406,277.96666259765624,296.0391713524275,259.894153842885,8.394827049187834,28.94100250944921,0.0,0.0,0.0,0.0,0.0
2023-07-07 04:00:00,288.267822265625,293.89368682314864,286.4123876380687,289.90496868523604,25586000,284.8605682373047,279.30267639160155,258.44129272460935,176.98382354736327,284.93542755686707,278.9211905302932,259.2702602445566,64.43856600983722,8.832741668445408,9.361793873075573,-0.5290522046301653,2.1805680856909815,279.30267639160155,296.17527533338057,262.43007744982253,8.038341095113664,26.68474923090608,0.0,0.0,0.0,0.0,0.0
2023-07-10 04:00:00,291.81005859375,295.8086786396994,284.8149337600443,293.2487503073784,37058300,285.3933868408203,280.7671875,260.1221032714844,177.71811134338378,286.18536047266394,280.1487017744319,260.54633076805436,66.8692700507898,8.815721846672716,9.252579467795002,-0.4368576211222859,4.424096265546029,280.7671875,296.5561034188399,264.9782715811601,8.276473651281274,26.802866589398278,0.0,0.0,0.0,0.0,0.0
2023-07-11 04:00:00,295.9674072265625,297.84267521035605,289.6271477024056,291.6115749292531,27585900,287.3599517822266,282.421208190918,261.3074020385742,178.4928815460205,287.9639144279182,281.6552451508253,261.9353925899567,69.50390610197664,9.033563508623047,9.208776275960611,-0.1752127673375643,4.707251857051764,282.421208190918,297.2234591793653,267.61895720247065,8.255212784311372,26.933736048219064,0.0,0.0,0.0,0.0,0.0
2023-07-12 04:00:00,306.93133544921875,307.0404946851265,297.76329195096815,299.40043824994797,36677100,289.57159729003905,284.32080078125,262.67705291748047,179.31899848937988,291.412536431791,284.06249184591036,263.6999393687513,75.12253312558389,9.975905939495476,9.362202208667584,0.6137037308278916,7.138135026830539,284.32080078125,301.41236172920947,267.22923983329053,8.623038564762298,28.516876959330567,0.0,0.0,0.0,0.0,0.0
2023-07-13 04:00:00,310.9696960449219,313.77764746289074,307.87399417862326,311.17805244131847,30281000,292.36170349121096,286.40891418457034,264.07071685791016,180.17726348876954,294.9683836341784,286.6250827220067,265.55365531683645,76.81680416223118,10.922671299642502,9.674296026862569,1.248375272779933,12.547129090632758,286.40891418457034,305.77857110556994,267.03925726357073,8.582643957567083,28.51638062153349,0.0,0.0,0.0,0.0,0.0
2023-07-14 04:00:00,306.46502685546875,312.4282406131699,304.9667745464392,309.36230405201036,23054100,295.0744171142578,288.17108459472655,265.45247314453127,181.03304786682128,297.0586824016857,288.51460121090787,267.15802282815537,71.00750831386905,11.180617315417976,9.975560284573652,1.2050570308443245,7.601480110929026,288.17108459472655,308.126882921992,268.2152862674611,8.355853528240166,29.554209948598515,0.0,0.0,0.0,0.0,0.0
2023-07-17 04:00:00,308.2013244628906,309.2828334458228,302.33733957822324,305.1453204843249,25323100,297.4200012207031,289.59937286376953,266.9128112792969,181.9072869873047,299.0846173219048,290.3895272349062,268.76756406873324,71.88992795248916,11.393805401128532,10.259209307884628,1.1345960932439034,8.878656060049206,289.59937286376953,311.0183321410642,268.18041358647486,7.988025393323288,28.07343002598401,0.0,0.0,0.0,0.0,0.0
2023-07-18 04:00:00,309.6202697753906,311.75355343232627,305.22477039697566,308.4593967151567,20731900,300.0027313232422,291.1397872924805,268.47118225097654,182.7528515625,301.0001904952658,292.2210265244762,270.36963095919043,72.6232548440071,11.544181386074115,10.516203723522526,1.0279776625515886,10.840770323938443,291.1397872924805,313.6934757083066,268.5860988766544,7.683279050482456,27.916682295324595,0.0,0.0,0.0,0.0,0.0
2023-07-19 04:00:00,313.5494384765625,316.1986319082592,308.1021650649504,310.59263096242654,21763700,302.14988403320314,292.7114547729492,270.12282104492186,183.6438594055176,303.28187194641066,294.25230385324636,272.06295674418544,74.59931762299223,11.84387766512981,10.781738511843983,1.0621391532858269,10.115684622754962,292.7114547729492,316.93645121546547,268.4864583304329,7.87250931637072,27.943988426779626,0.0,0.0,0.0,0.0,0.0
2023-07-20 04:00:00,300.1644287109375,313.08306835899816,299.86677676142403,311.0589442624439,23836900,303.19468078613284,293.74732360839846,271.4970361328125,184.47156387329102,302.7150640854155,294.8153633635027,273.16497525268557,58.98101406203633,10.875959410549456,10.800582691585078,0.07537671896437814,5.768803939381417,293.74732360839846,317.34786599647293,270.146781220324,8.433112242400309,32.42443602458379,0.0,0.0,0.0,0.0,0.0
2023-07-21 04:00:00,291.96881103515625,303.0815862304324,288.93263955652174,302.1985317891098,42139300,303.5647796630859,294.2126739501953,272.7053546142578,185.2437543487549,300.7611998944593,294.54426314175544,273.9023805774884,51.82623328130966,9.339894873302512,10.508445127928566,-1.1685502546260533,-0.03735316418914669,294.2126739501953,317.2532557794413,271.17209212094934,8.910790432640473,34.082349725231424,0.0,0.0,0.0,0.0,0.0
2023-07-24 04:00:00,289.33941650390625,295.20340298252125,286.05519164762,293.47696087002083,24915700,303.3177154541016,294.3555511474609,273.86683990478514,185.99451286315917,298.68451200526783,294.04856346196027,274.5077545353871,49.74144829355345,7.820235687800732,9.970803239902999,-2.1505675521022667,-0.13014264919450902,294.3555511474609,317.22911677982034,271.4819855151015,9.241765492543164,33.99666571578839,0.0,0.0,0.0,0.0,0.0
2023-07-25 04:00:00,292.1771240234375,295.97728858041813,289.58743092349596,292.89151898756404,19585600,302.9386871337891,295.1493194580078,275.03130126953124,186.76590927124025,297.5013505540259,293.87033113448194,275.2006709858989,51.98622939676966,6.766869852423838,9.330016562407167,-2.5631467099833287,1.3561353213437322,295.1493194580078,316.4314085464084,273.8672303696072,8.858346097184324,31.28608769354948,0.0,0.0,0.0,0.0,0.0
2023-07-26 04:00:00,296.2452087402344,299.42027395208453,289.6271309972358,298.8448034126717,47256900,301.8700744628906,295.72083587646483,276.31641571044923,187.55719955444337,297.27296113333654,294.0965099540774,276.025946976265,55.08348549702579,6.188987481859613,8.701810746297657,-2.512823264438044,1.5198756916939837,295.72083587646483,316.44088704784997,275.0007847050797,9.07521540094444,29.834367317436595,0.0,0.0,0.0,0.0,0.0
2023-07-27 04:00:00,309.2828674316406,322.8166743609135,307.4274329964879,322.58845435083214,64229200,301.7013916015625,297.0315475463867,277.7620700073242,188.44155937194824,299.4565804603009,295.5428297138453,277.33013993529937,63.26271915067506,6.7057420161239065,8.302597000262907,-1.596854984139,4.49896166941286,297.0315475463867,317.69814230256,276.36495279021347,10.438798717772954,33.119276047550926,0.0,0.0,0.0,0.0,0.0
2023-07-28 04:00:00,322.9456787109375,323.66007368157807,311.80310958996205,314.41263608382906,39220300,303.3494567871094,299.2119369506836,279.48177459716794,189.3925464630127,303.7273255967803,298.1526248564255,279.11898459316757,69.52551299235425,8.124098838569807,8.266897367924287,-0.14279852935447934,5.217565433089599,299.2119369506836,321.17917762760686,277.2446962737603,10.68047452993598,35.21642203915002,0.0,0.0,0.0,0.0,0.0
2023-07-31 04:00:00,316.1192626953125,323.1242883704477,315.11711725806254,321.1696263444991,25799600,304.14125061035156,300.78062591552737,280.9921221923828,190.33544708251952,305.9804050692407,299.8637332220338,280.5699758912909,63.68395737697725,8.598207335381346,8.3331593614157,0.26504797396564683,1.6559705707294148,300.78062591552737,322.87859954559553,278.6826522854592,10.665591930252743,36.326013904625235,0.0,0.0,0.0,0.0,0.0
2023-08-01 04:00:00,320.1972351074219,321.6161235359721,312.2099279207589,315.0675078686695,22817900,305.1989471435547,302.60083923339846,282.4975082397461,191.3038970565796,308.56528325800093,301.8002572111184,282.12398605662935,65.54628703821561,9.19698293316111,8.505924075764781,0.6910588573963281,4.480840242312323,302.60083923339846,324.8041238136645,280.39755465313243,10.54652822715626,36.259739214948965,0.0,0.0,0.0,0.0,0.0
2023-08-02 04:00:00,311.8626403808594,315.9108886463333,308.2311351321081,315.5239108250941,20461100,305.0302673339844,303.59007568359374,283.86021392822266,192.21683269500733,309.16480273488423,302.7585794177604,283.29020779483443,58.898361542167756,8.896432236047247,8.584025707821274,0.3124065282259725,1.1879624217544738,303.59007568359374,325.58126982535777,281.5988815418297,10.912227367273532,36.92771848657026,0.0,0.0,0.0,0.0,0.0
2023-08-03 04:00:00,310.75140380859375,313.4899232457008,307.5167775331678,307.5167775331678,15180200,306.08896484375,304.6418228149414,285.14751220703124,193.1417247390747,309.4532756573769,303.519800788316,284.36711744243286,58.05294828944395,8.470928547517474,8.561406275760515,-0.0904777282430409,0.3653294514676553,304.6418228149414,325.8368765803231,283.4467690495597,10.805918770545125,36.773500837442526,0.0,0.0,0.0,0.0,0.0
2023-08-04 04:00:00,308.3105773925781,315.93077142766623,307.7847053368224,312.5076220119246,17612800,307.7231414794922,305.6439605712891,286.4173474121094,194.01829608917237,309.24551233650436,303.9760652268171,285.306076656164,56.14659107057717,7.84631211394435,8.418387443397283,-0.5720753294529324,-1.6708245785539755,305.6439605712891,325.4275806384357,285.86034050414247,10.891673929348286,36.87754856167768,0.0,0.0,0.0,0.0,0.0
2023-08-07 04:00:00,314.0951232910156,314.60116189806973,308.04261449667547,310.79106544719536,16236500,310.19871215820314,306.75821380615236,287.75385833740233,194.9299418258667,310.1272597827791,304.93978504245507,286.4350588771386,59.5377424186695,7.728968858866949,8.280503726491215,-0.551534867624266,4.64102113628313,306.75821380615236,325.75585527211393,287.7605723401908,10.893799955494261,37.14992369205008,0.0,0.0,0.0,0.0,0.0
2023-08-08 04:00:00,310.2056884765625,315.41481011229837,307.6953588862012,311.95196390121913,15183500,312.00156860351564,307.47012786865236,288.94352294921873,195.82000728607179,310.1415195452852,305.4412996552272,287.3672404300572,56.38072912024467,7.238685538677771,8.072140088928526,-0.8334545502507549,6.246173136352673,307.47012786865236,325.82127269653483,289.1189830407699,10.866870268550574,37.37250966678317,0.0,0.0,0.0,0.0,0.0
2023-08-09 04:00:00,302.83349609375,311.1879477003987,300.4918865961825,310.4437875207549,19955800,312.6603973388672,307.2652359008789,289.8001989746094,196.68164546966554,308.8127880086424,305.19293741127706,287.9737602600059,50.87421662101319,6.183973168519685,7.694506704846758,-1.510533536327073,4.6637543383798,307.2652359008789,325.73284564517814,288.79762615657967,10.653541653484698,36.15598424899142,0.0,0.0,0.0,0.0,0.0
2023-08-10 04:00:00,303.359375,309.90799078632176,301.5039404211993,305.54225702209254,14358900,312.06804809570315,306.8847198486328,290.6578686523437,197.55345394134523,307.8212583707074,305.01831241972684,288.57711770079004,51.240049698265864,5.329109393327144,7.221427242542836,-1.8923178492156918,3.827216457803684,306.8847198486328,325.3445583095763,288.4248813876893,10.243191917142687,35.812555325757536,0.0,0.0,0.0,0.0,0.0
2023-08-11 04:00:00,299.2913513183594,302.34735615356055,298.021288729232,300.21410278081095,14046300,309.70261535644534,306.52603607177736,291.3905187988281,198.40636096954347,306.2703661793714,304.47288755292993,288.99728372500846,48.2469203632189,4.274099026269653,6.6319615992882,-2.357862573018547,1.0282504115690427,306.52603607177736,325.2963754591813,287.7556966843734,9.971040126847454,35.76080434550527,0.0,0.0,0.0,0.0,0.0
2023-08-14 04:00:00,303.8058776855469,303.82571105631087,295.9276994586192,298.63645342569663,15641900,308.4712768554688,306.30626373291017,292.05688903808596,199.24319393157958,305.8222773623124,304.40936280365537,289.57801289993154,51.62413083259433,3.7589494286496006,6.057359165160481,-2.29840973651088,-1.7708674882563002,306.30626373291017,325.09693032004,287.51559714578036,10.06105009264601,36.14586968251039,0.0,0.0,0.0,0.0,0.0
2023-08-15 04:00:00,299.59893798828125,304.83782509841706,297.6938743664323,303.75631580203975,11623600,306.4114471435547,305.80519714355466,292.6391204833984,200.09714275360108,304.69076111248853,303.95122710695307,289.9709903543766,48.451168198029976,2.9769088343944077,5.4412690990072665,-2.464360264612859,-7.229308909116405,305.80519714355466,324.75753455974746,286.8528597273619,9.871822076727154,36.39471015202762,0.0,0.0,0.0,0.0,0.0
2023-08-16 04:00:00,291.9985656738281,298.735674605063,291.988633847669,297.8625520218376,18547700,304.42503967285154,304.72765350341797,293.0935534667969,201.07124855041505,302.38308921455024,302.81287839903644,290.05050311200216,43.27612653187553,1.7239765735328092,4.697810593912375,-2.9738340203795657,-7.630252207924704,304.72765350341797,324.2675478472081,285.18775915962783,8.51745339957952,36.94432201262585,0.0,0.0,0.0,0.0,0.0
2023-08-17 04:00:00,282.8702087402344,293.7448627460336,282.7313145635703,290.7682215551062,23950100,301.6369201660156,303.8629425048828,293.3707781982422,201.99346168518068,298.8352927646746,300.91357652676953,289.7689229405603,38.02320675144097,-0.005499985360984283,3.757148478057703,-3.7626484634186874,-11.657510519934622,303.8629425048828,325.6540843842889,282.0718006254767,8.277192109045652,35.52373371491322,0.0,0.0,0.0,0.0,0.0
2023-08-18 04:00:00,281.04449462890625,283.46549817008304,272.2435650787886,276.857352138506,35347900,298.9103118896484,303.3167266845703,293.7607171630859,202.93651107788085,295.6006021945349,299.02128301268726,289.426788496966,37.054443786844175,-1.5060813211772484,2.704502518210713,-4.2105838393879615,-9.881961402724205,303.3167266845703,326.8418533257295,279.7916000434111,8.506817964682028,34.3625002860215,0.0,0.0,0.0,0.0,0.0
2023-08-21 04:00:00,287.64276123046875,288.23809553886474,279.6554526227014,281.24300068510377,20181500,296.26507568359375,303.2318939208984,294.2631756591797,203.90243118286133,294.1537220192501,297.93761427152356,289.35682664337793,42.73320294618884,-2.138229689328284,1.735956076702914,-3.8741857660311982,-7.436375924582695,303.2318939208984,326.9804188956207,279.48336894617614,8.447992771892753,35.364460849760206,0.0,0.0,0.0,0.0,0.0
2023-08-22 04:00:00,285.3606262207031,290.61934598241027,284.5172386377998,290.27206518004357,12980200,293.7805694580078,302.89106903076174,294.7126483154297,204.88005924224854,292.55497732860516,296.73980588573113,289.20011290131225,41.34390304136475,-2.791185993481122,0.830527662666107,-3.6217136561472287,-7.443776780532685,302.89106903076174,327.48809547649626,278.2940425850272,8.029136155413946,35.268496984413424,0.0,0.0,0.0,0.0,0.0
2023-08-23 04:00:00,291.9489440917969,295.08434296040133,285.4301232140553,286.25364724690445,18287000,292.6921142578125,302.67625579833987,295.17283752441404,205.89871536254884,292.4447894673673,296.2835333339279,289.3079102028999,46.72838941732875,-2.7453892392859416,0.11534428227569726,-2.860733521561639,-7.050787343393372,302.67625579833987,327.59065606066974,277.76185553601,8.297034085925743,35.9248979373583,0.0,0.0,0.0,0.0,0.0
2023-08-24 04:00:00,284.5172424316406,297.1282684826556,284.40811347284574,296.17575192971134,18360900,290.8079010009766,301.43797454833987,295.4790338134766,206.8708861923218,291.00341727905334,295.1629342003767,289.1200408785368,42.04030537227967,-3.271064402031186,-0.5619374545856795,-2.7091269474455064,-8.281100895047821,301.43797454833987,327.4091752264459,275.46677387023385,8.623754722994745,32.84275244919775,0.0,0.0,0.0,0.0,0.0
2023-08-25 04:00:00,283.2769775390625,286.1444893241868,273.8807137103689,283.9020769402463,23701400,289.2064636230469,299.4545394897461,295.72014099121094,207.80743656158447,289.59861005360045,294.03093832787056,288.8909011397339,41.29569307768032,-3.7445795847633008,-1.1984658806212038,-2.5461137041420967,-6.45784525389268,299.4545394897461,324.55413348326937,274.3549454962228,9.031271023882145,27.490089321516326,0.0,0.0,0.0,0.0,0.0
2023-08-28 04:00:00,287.9999694824219,289.1807062538626,283.57467440628267,285.7575567433899,14239300,287.62587280273436,298.04857482910154,295.88742919921873,208.76884216308594,289.30794813156797,293.45656034258974,288.8559626433687,45.27098827663771,-3.696131101852302,-1.6979989248674237,-1.9981321769848783,-5.063105604558327,298.04857482910154,322.3554295284549,273.74172012974816,8.901576558789495,28.069728279818772,0.0,0.0,0.0,0.0,0.0
2023-08-29 04:00:00,295.6697082519531,296.8206796120224,285.93609567718016,286.3329750441115,20844500,287.2329498291016,296.82219848632815,296.2245837402344,209.74379108428954,290.4646317898198,293.6673363339577,289.12316835350924,51.06604615646824,-3.004220723633466,-1.9592432846206322,-1.044977439012834,-1.2100727436503367,296.82219848632815,318.7859293836562,274.8584675890001,8.915042475262782,29.581003966617068,0.0,0.0,0.0,0.0,0.0
2023-08-30 04:00:00,292.80224609375,295.9674099723324,291.14523602077895,294.85613555978125,17717000,287.3133178710938,295.86917877197266,296.4383068847656,210.65280757904054,290.88965257235253,293.58494678727124,289.26744591195006,48.97798648492644,-2.6566329843883523,-2.0987212245741764,-0.5579117598141758,-3.6219284747302183,295.86917877197266,316.7104647170206,275.0278928269247,8.659194160007852,28.5024834832314,0.0,0.0,0.0,0.0,0.0
2023-08-31 04:00:00,293.5860900878906,298.7555143501628,293.3578700641985,293.49676421952233,17229900,288.38490600585936,295.0109130859375,296.72108764648436,211.5600381088257,291.37991393881396,293.5850556730445,289.43680450708496,49.58484631448683,-2.2915025226621424,-2.13727748419177,-0.1542250384703725,-2.0069656924570967,295.0109130859375,314.6508598722181,275.37096629965686,8.703135730411052,28.571975601049047,0.0,0.0,0.0,0.0,0.0
2023-09-01 04:00:00,294.0722351074219,299.3904848088491,292.17710373308387,297.03894371355636,12842300,289.68768005371095,294.2989959716797,296.9492962646484,212.46374610900878,291.86942687856083,293.6314537144138,289.618586099255,49.98219911639575,-1.9405368599493045,-2.0979293593432766,0.15739249939397215,0.7101642533100971,294.2989959716797,312.9146045754647,275.6833873678947,8.654233550273451,28.543089455286907,0.0,0.0,0.0,0.0,0.0
2023-09-05 04:00:00,297.8128662109375,299.0432315009917,293.20901146736196,294.70723321290353,14956000,290.70469055175784,293.4848831176758,297.1759161376953,213.37196865081788,292.9500522117202,294.02968347598744,289.93993041736024,53.048590209496766,-1.345051459424269,-1.9473537793594753,0.6023023199352062,5.282513679065182,293.4848831176758,309.72825734555636,277.2415088897952,8.560681357533806,28.030327878431834,0.0,0.0,0.0,0.0,0.0
2023-09-06 04:00:00,296.8406066894531,300.9384241215608,293.3579266695663,299.3608078619437,15418100,291.8526885986328,292.81662902832034,297.58669311523437,214.29442989349366,293.6574257531262,294.2973904486984,290.2105451731286,52.15361830224342,-0.940734011046743,-1.7460298256969289,0.8052958146501858,5.620502220263801,292.81662902832034,307.15111823031305,278.4821398263276,8.55855230834682,27.790185075076423,0.0,0.0,0.0,0.0,0.0
2023-09-07 04:00:00,296.34442138671875,304.65914513819365,289.9446321561456,295.6796250140112,33748700,292.292236328125,292.49217529296874,297.81728393554687,215.22324092864991,294.14597041377937,294.4923457761289,290.45108933836747,51.67448310853084,-0.6528221994471437,-1.527388300446972,0.8745661009998282,3.025162225194311,292.49217529296874,306.1497993202062,278.83455126573125,8.82290693688859,26.581090650977885,0.0,0.0,0.0,0.0,0.0
2023-09-08 04:00:00,295.570556640625,302.87323501269304,294.46918367681815,296.8901875518962,17548000,293.39756774902344,292.102734375,298.0673223876953,216.14520599365235,294.4049860913876,294.59503252512854,290.6518527619854,50.88923766904046,-0.4815434983160003,-1.3182193400207778,0.8366758417047775,3.5779044064843557,292.102734375,304.8708518598412,279.3346168901588,8.621629668644337,26.567628288411555,0.0,0.0,0.0,0.0,0.0
2023-09-11 04:00:00,305.16522216796875,306.6337092437882,298.93412177158643,299.063114388511,19489300,295.5863922119141,292.3964279174805,298.5838690185547,217.12600914001465,296.361392650766,295.6017172530181,291.2210045033965,59.17297749796117,0.42352331527359866,-0.9698708089619026,1.3933941242355012,4.526914155242268,292.3964279174805,306.09694784885204,278.6959079861089,8.798808932001467,28.670343501506668,0.0,0.0,0.0,0.0,0.0
2023-09-12 04:00:00,299.3111572265625,306.2566524037513,297.8922990504119,303.94477776656885,13480400,296.71751098632814,292.17169189453125,298.8751824951172,218.06970344543458,296.897713482729,295.9549972504985,291.5382653945011,53.269097845186366,0.6608038341245219,-0.6437358803446177,1.3045397144691395,5.199654920202712,292.17169189453125,305.21593226223615,279.12745152682635,8.960397932624959,29.035788709352445,0.0,0.0,0.0,0.0,0.0
2023-09-13 04:00:00,302.6846618652344,304.7881497375785,298.97379289345565,300.0056731795405,13210900,297.41900634765625,292.3259780883789,299.25301635742187,219.0262964630127,297.94988591591175,296.5959176899971,291.9753789815887,55.993902596876296,1.1082883276582152,-0.2933310387440512,1.4016193664022665,6.851133648337404,292.3259780883789,305.80583011501665,278.8461260617412,8.681157940083864,28.882790958494304,0.0,0.0,0.0,0.0,0.0
2023-09-14 04:00:00,309.2928161621094,310.4338557149774,302.65490493687196,304.3515816681793,19343100,299.0680633544922,293.190690612793,299.597314453125,220.02004791259765,300.01223686976584,297.8051461159126,292.65449416513854,60.813900074501696,1.9733977371271862,0.1600147164301963,1.8133830206969899,7.393350324985759,293.190690612793,308.6548583016533,277.7265229239327,8.328214780676408,28.08766277756417,0.0,0.0,0.0,0.0,0.0
2023-09-15 04:00:00,297.9716491699219,309.5706280070703,296.4237984522829,309.18365018768327,28131100,299.5066192626953,293.94576263427734,299.7624182128906,220.97024116516113,299.6412209243397,297.82100354962773,292.86301004767904,50.590435858691606,1.72558810998828,0.47312939514181307,1.2524587148464668,0.7785514896261114,293.94576263427734,308.74874835344735,279.14277691510733,8.391290062174233,29.001754715543683,0.0,0.0,0.0,0.0,0.0
2023-09-18 04:00:00,300.1942138671875,301.23605631967,295.4811992467907,295.86817708684436,14234200,300.1188171386719,294.9032485961914,300.0009460449219,221.92817375183105,299.74176509576654,298.0470235798715,293.15050823667934,52.28628175730042,1.6890690547753593,0.7163173270685224,0.9727517277068369,2.5245597914814955,294.9032485961914,308.6308594496017,281.17563774278113,8.380656373465607,28.835333484993065,0.0,0.0,0.0,0.0,0.0
2023-09-19 04:00:00,302.69464111328125,303.7860822406688,297.47558735502014,300.12481126059,15924400,300.60699462890625,295.65584259033204,300.2186376953125,222.8557448196411,300.27865164440556,298.48965382114864,293.52478795733043,54.1911681262793,1.840672890923429,0.9411884398395036,0.8994844510839253,3.102514503552878,295.65584259033204,309.35784275123746,281.95384242942663,8.053935727094638,27.927512643476994,0.0,0.0,0.0,0.0,0.0
2023-09-20 04:00:00,297.336669921875,305.66132647870694,297.09851806182877,302.67475378193933,19379500,300.65660095214844,296.2546447753906,300.24602294921874,223.7449171066284,299.7437458766727,298.3798458307416,293.67427352456747,49.61974736656157,1.511057990688812,1.0551623500093654,0.45589564067944655,1.1100792338524013,296.2546447753906,309.08101776420807,283.42827178657313,8.32112390318926,28.627229987908887,0.0,0.0,0.0,0.0,0.0
2023-09-21 04:00:00,293.4273681640625,297.9220950102227,290.98650066246944,293.397602964285,21319600,300.3648956298828,296.3285659790039,299.97594360351565,224.59941162109374,298.59531356528896,297.9081812910579,293.66459096141045,46.5352244546616,0.923739532722891,1.0288777865520706,-0.10513825382917963,-1.472568362365112,296.3285659790039,309.06719688125224,283.5899350767555,8.39129005257072,28.00546056884269,0.0,0.0,0.0,0.0,0.0
2023-09-22 04:00:00,296.751220703125,303.00218435179124,295.94753013514656,296.9695088993633,25369600,300.4829620361328,296.9402648925781,299.6915740966797,225.47578411102296,298.2600239539864,297.7979945683976,293.7856352650071,49.414521998733534,0.7182134273732004,0.9667449147162966,-0.24853148734309627,-0.030112452378061594,296.9402648925781,308.4017167052792,285.478813079877,8.559963989139542,26.504711898937217,0.0,0.0,0.0,0.0,0.0
2023-09-25 04:00:00,298.487548828125,298.60663987328957,291.4130926020834,293.3379890529125,18987000,299.81519470214846,297.70079345703124,299.53202453613284,226.402064743042,298.30139211292067,297.8636664026573,293.9700240321882,50.902022552332994,0.6875144382544818,0.9108988194239337,-0.22338438116945192,0.7231880496949117,297.70079345703124,307.1945449886674,288.20704192539506,8.657058791823573,26.415192172850375,0.0,0.0,0.0,0.0,0.0
2023-09-26 04:00:00,296.6322326660156,297.9617955400917,293.70522008949223,295.34236682279686,19417200,299.54730224609375,298.1324066162109,299.30064270019534,227.32001136779786,297.99790857711974,297.7463869991676,294.0744243707697,49.23598524620217,0.5076251724432268,0.8302440900277923,-0.3226189175845655,0.3591954616377624,298.1324066162109,306.48558186096307,289.77923137145876,8.457189598012024,26.062278126668502,0.0,0.0,0.0,0.0,0.0
2023-09-27 04:00:00,295.4216613769531,298.95393929645525,284.55694085285074,298.11058197811235,36429800,298.8210021972656,298.12000427246096,299.01667053222656,228.2249596786499,297.52949999527124,297.5249845589567,294.1272571945416,48.129070227604025,0.26433159728202327,0.7170615914786386,-0.4527299941966153,-3.1928804736643834,298.12000427246096,306.4892962545451,289.75071229037684,8.434509988123198,24.376534461438492,0.0,0.0,0.0,0.0,0.0
2023-09-28 04:00:00,301.5932922363281,303.944834051272,294.3898407804168,296.6123899591044,22167100,298.0510498046875,298.55955657958987,298.77754760742187,229.1579383468628,298.268371311827,297.91244243299207,294.42004288245477,53.82813181151382,0.5630284762108317,0.6862549684250773,-0.12322649221424553,0.7624623922850127,298.55955657958987,306.67237985291786,290.4467333062619,8.516720126336073,25.156499751200723,0.0,0.0,0.0,0.0,0.0
2023-09-29 04:00:00,297.8724365234375,308.22124738927045,297.0290489070334,304.98662136210095,25373700,298.04112854003904,298.7738739013672,298.73170776367186,230.07821643829345,298.19638316848346,297.9086323463678,294.55543086837565,50.243945137732645,0.49381356977113455,0.6477666886942888,-0.15395311892315422,-1.5898477683482515,298.7738739013672,306.5531061553873,290.9946416473471,8.525937689127062,25.63129660074444,0.0,0.0,0.0,0.0,0.0
2023-10-02 04:00:00,304.4309997558594,304.78818213594394,299.28140848326984,300.3827511018216,16265600,298.4648071289063,299.29181213378905,298.98095153808595,231.0042991256714,299.3299498207336,298.5298101948908,294.94270807964955,55.82719262434879,0.957148091018496,0.7096429691591303,0.24750512185936568,-1.5719137827313046,299.29181213378905,307.1321346839099,291.4514895836682,8.422465707638995,26.712599723166896,0.0,0.0,0.0,0.0,0.0
2023-10-03 04:00:00,298.5968017578125,304.3813944694725,297.30693602326215,301.89095860230594,17362300,298.0550231933594,299.3310089111328,299.16609924316407,231.89406688690187,299.19665017292976,298.5361903437405,295.0860058709501,50.408417348058045,0.8438456894048159,0.7364835132082674,0.10736217619654842,0.20980270761736808,299.3310089111328,307.14800328116235,291.5140145411033,8.516016199672878,27.383660406300407,0.0,0.0,0.0,0.0,0.0
2023-10-04 04:00:00,303.2005920410156,304.51032114563077,296.1757336907266,296.40395369954626,16880500,298.64141540527345,299.6490081787109,299.3865686035156,232.8338417816162,299.92463960349085,298.9804190768143,295.40422493644286,54.18727496292269,1.1127134521636322,0.8117295009993404,0.3009839511642918,1.001477721738575,299.6490081787109,307.5563632405281,291.7416531168937,8.555704533729928,27.862387766044673,0.0,0.0,0.0,0.0,0.0
2023-10-05 04:00:00,302.4167785644531,303.82570485884224,297.1679603687021,302.25802076171334,19130000,299.5403564453125,299.95262603759767,299.51,233.75342529296876,300.3777557782112,299.30769140897036,295.6792270395021,53.44064378919183,1.2481579068823407,0.8990151821759405,0.3491427247064003,-0.09179632246086866,299.95262603759767,307.7917497440964,292.1135023310989,8.092198457683695,27.876789996522707,0.0,0.0,0.0,0.0,0.0
2023-10-06 04:00:00,312.973876953125,313.8470296218841,298.56694875845375,299.09282066850847,21803900,301.1626220703125,300.82279205322266,299.58382019042966,234.75035160064698,302.66795962819555,300.609232889366,296.3574486047422,61.19600118362468,2.1822130302524556,1.1556547517912437,1.026558278461212,5.259091330833376,300.82279205322266,310.3052190423295,291.3403650641158,8.772571585580197,30.281127927829164,0.0,0.0,0.0,0.0,0.0
2023-10-09 04:00:00,315.881103515625,317.8357654962619,309.392048448092,310.066746421115,22503700,302.9019775390625,301.3585861206055,299.4425286865234,235.74886573791503,305.07034942590997,302.0636967585335,297.1230821306592,63.02262822218534,3.121069584542397,1.5487377183414743,1.5723318662009227,7.652229405884214,301.3585861206055,312.8683763858507,289.84879585536027,8.924944597188857,28.35031108317042,0.0,0.0,0.0,0.0,0.0
2023-10-10 04:00:00,319.3340148925781,322.1320644548327,315.68267618606524,316.6351927442957,19038000,305.1721557617187,302.35972900390624,299.50682373046874,236.7513982772827,307.6637431471223,303.7084889617759,297.9940991017149,65.12257847571763,4.096519136241113,2.058294001921402,2.038225134319711,7.610008860602235,302.35972900390624,316.338177639812,288.3812803680005,8.773986015180949,27.381700917839698,0.0,0.0,0.0,0.0,0.0
2023-10-11 04:00:00,325.2674865722656,326.2795335962298,320.4354109332088,320.4949413299151,22036300,308.15673828125,303.48887023925784,299.6082287597656,237.79669536590575,310.8644237698756,305.7617268294416,299.06364370840316,68.4394293041638,5.287401635396179,2.7041155286163576,2.5832861067798216,8.971877671038486,303.48887023925784,320.82332908573227,286.1544113927834,8.774694897745121,27.780969171446767,0.0,0.0,0.0,0.0,0.0
2023-10-12 04:00:00,321.635986328125,327.9663143762472,320.1774310246236,325.44608318054617,20530500,310.1610076904297,304.1060287475586,299.80369567871094,238.8192707824707,312.82288968955726,307.2735610674115,299.94883361505896,64.40254339060952,5.870481617989185,3.337388746490923,2.533092871498262,8.429209947073279,304.1060287475586,323.1091353811462,285.102922113971,8.647128266594754,27.398933195684965,0.0,0.0,0.0,0.0,0.0
2023-10-13 04:00:00,312.23968505859375,322.5190029215304,309.9377423510793,321.0108492234802,21341000,311.5977325439453,304.8194305419922,299.8334613037109,239.8006195449829,312.71685248392754,307.7465252570479,300.43082778931523,55.31154780594311,5.510848094326093,3.7720806160579574,1.7387674782681355,5.6928877873248185,304.8194305419922,323.9238951785393,285.71496590544507,9.031964930826534,26.10973048442328,0.0,0.0,0.0,0.0,0.0
2023-10-16 04:00:00,318.6494140625,319.3142105445774,313.0632462556419,316.15897834118726,16536100,313.0195739746094,305.7421905517578,300.04023803710936,240.82026786804198,313.79550004366797,308.78489561947185,301.14528215296957,59.51030141900161,5.677599663342278,4.153184425514822,1.5244152378274558,5.655338585185343,305.7421905517578,325.67103131430093,285.81334978921467,9.195693269923026,26.842809549978224,0.0,0.0,0.0,0.0,0.0
2023-10-17 04:00:00,321.4772033691406,321.87408274940765,314.8293601998335,315.70251300439446,16387800,315.3076141357422,306.68131866455076,300.18787963867186,241.83103576660156,315.19217337557205,309.99368683372603,301.94261239674097,61.24049753987826,5.969122123205636,4.5163719650529845,1.4527501581526518,7.9244548845142315,306.68131866455076,327.74347047993444,285.6191668491671,8.670530706063715,26.85752041552254,0.0,0.0,0.0,0.0,0.0
2023-10-18 04:00:00,314.5019226074219,323.4020791485381,313.1028979019005,318.88751971635827,16851000,316.4377471923828,307.5395812988281,300.27380432128905,242.80653045654296,315.0666732359084,310.42304262169705,302.4351343657873,54.99750124676089,5.573066073751193,4.727710786792627,0.8453552869585659,3.3081134508768706,307.5395812988281,328.39635970786344,286.6828028897928,8.723686990048176,27.302838598879987,0.0,0.0,0.0,0.0,0.0
2023-10-19 04:00:00,310.3743591308594,319.3836763111059,309.3226150513973,317.3893171227114,18709200,317.23350524902344,308.38693084716795,300.42462158203125,243.7395586013794,314.2135252168086,310.4184060987601,302.7464765134372,51.642603801165755,4.8699907027006475,4.756166769974231,0.11382393272641611,3.9443012462670346,308.38693084716795,328.17951907860663,288.59434261572926,8.642891474153288,27.300994224392173,0.0,0.0,0.0,0.0,0.0
2023-10-20 04:00:00,306.2467041015625,312.8449181089046,304.08368584423033,311.69397704496873,22312300,316.5607879638672,308.86170501708983,300.4823681640625,244.63890087127686,312.7650122867638,310.02110114664606,302.88374034042255,48.45909602267538,3.9343780797091767,4.591809031921221,-0.6574309522120441,1.0046524118049183,308.86170501708983,327.9210512089442,289.80235882523544,8.774711949308132,27.695547417911893,0.0,0.0,0.0,0.0,0.0
2023-10-23 04:00:00,311.5650329589844,314.8889246228949,304.8675904983353,307.090139491986,17796800,316.1291809082031,309.5155792236328,300.727841796875,245.56696800231933,312.5468342271675,310.16814227163064,303.22418318820934,52.52036396693856,3.5807661833168254,4.389600462200342,-0.8088342788835163,3.0250485564845997,309.5155792236328,327.9638714153566,291.067287031909,8.981659834448303,28.219990168820967,0.0,0.0,0.0,0.0,0.0
2023-10-24 04:00:00,310.11639404296875,315.8712519348251,308.2113606083932,314.313469087205,19525500,315.20741882324216,310.18978729248045,300.85405212402344,246.47251182556153,312.1049360118586,310.163213868901,303.49446596682736,51.33382266311066,3.147352434343702,4.1411508566290145,-0.9937984222853125,-0.9130100371233962,310.18978729248045,327.61271098380263,292.76686360115826,8.933467253843142,28.162753474059503,0.0,0.0,0.0,0.0,0.0
2023-10-25 04:00:00,297.1977233886719,308.4593532359643,296.5130936168484,307.58620046726446,42192500,312.4004425048828,310.2785903930664,300.80602783203125,247.31619102478027,309.39453371673375,308.9284052517363,303.2475348853311,42.1817044651067,1.7413667676049727,3.661194038824206,-1.9198272712192335,-5.91468749444487,310.2785903930664,327.4000773174889,293.15710346864387,9.429578392127443,32.1775911608307,0.0,0.0,0.0,0.0,0.0
2023-10-26 04:00:00,286.10479736328125,292.703011741462,277.22447353914265,292.703011741462,66684100,308.8473236083984,309.50416564941406,300.68815246582034,248.0869425201416,305.16003619792417,306.75472830997865,302.57527066878015,36.211638094430135,-0.26493936953039565,2.875967357153286,-3.140906726683682,-10.405787037899794,309.50416564941406,329.4482107207941,289.560120578034,9.764804748277365,33.874306325912436,0.0,0.0,0.0,0.0,0.0
2023-10-27 04:00:00,294.4195556640625,296.9794534570117,290.6888227974808,292.18707503953055,29596300,307.0653106689453,309.33152160644534,300.91913940429686,248.89976402282716,303.20722155540386,305.5799499627486,302.25543870781087,42.75202391152743,-1.1705268276849097,2.066668520185647,-3.2371953478705566,-9.483865489688148,309.33152160644534,329.75357187844565,288.909471334445,9.93844325153169,35.41832551433298,0.0,0.0,0.0,0.0,0.0
2023-10-30 04:00:00,300.3033752441406,306.9908852950392,296.7214683615975,296.7611653844392,28435100,305.2307067871094,309.12514038085936,301.30431701660154,249.7230532836914,302.6792494988105,305.07741903716686,302.17888719943164,46.90101532979407,-1.397328808994132,1.3738690543496914,-2.7711978633438235,-6.632532425094184,309.12514038085936,329.83707998536437,288.41320077635436,10.375724777403779,35.25500676525874,0.0,0.0,0.0,0.0,0.0
2023-10-31 04:00:00,298.9241943359375,301.31543285724274,294.5485285219265,300.9483186528854,19434200,302.97540588378905,309.1415100097656,301.52994567871093,250.5381071472168,301.99651219646995,304.49139763704983,302.05125218517696,46.05838387494584,-1.6691188233923526,0.7652714788012827,-2.434390302193635,-4.264509400897431,309.1415100097656,329.8189023278608,288.4641176916704,10.362966608236961,34.60232310956967,0.0,0.0,0.0,0.0,0.0
2023-11-01 04:00:00,309.4218444824219,310.30489891866,299.4997076080775,299.4997076080775,20434600,302.46739807128904,309.45257263183595,302.0111700439453,251.4136861419678,303.3465726120976,304.96096400327576,302.34029502036304,52.98258552889115,-1.0256190358264803,0.40709337587573,-1.4327124117022103,-2.8958376111334116,309.45257263183595,329.9399654644572,288.9651797992147,10.619525267601167,36.40492092793621,0.0,0.0,0.0,0.0,0.0
2023-11-02 04:00:00,308.449462890625,316.3375737850467,305.92923165658965,314.82938960721833,21631800,302.2749084472656,309.7542068481445,302.3411804199219,252.29601219177246,304.2743708445571,305.29320199254715,302.57987023096155,52.31272800693041,-0.5873334712862857,0.20820800644332688,-0.7955414777296126,-4.052461680636288,309.7542068481445,329.98142756992644,289.5269861263626,10.464316807458735,36.41328038462613,0.0,0.0,0.0,0.0,0.0
2023-11-03 04:00:00,312.150390625,313.0929753347785,308.5982491394363,310.11633466819546,16764300,302.8652770996094,309.7130325317383,302.8938433837891,253.18131469726563,305.70637444100123,305.94626757659023,302.955184756218,54.66218981803355,0.0579766161673092,0.17816172838812336,-0.12018511222081416,-0.7477003520125369,309.7130325317383,329.91599578873775,289.51006927473884,10.29067301875658,34.45922380363551,0.0,0.0,0.0,0.0,0.0
2023-11-06 05:00:00,313.341064453125,315.85136382365476,312.00160022439076,313.5196859262533,12887700,303.0428802490234,309.5860305786133,303.4951251220703,254.05659591674805,307.094499897751,306.650533945784,303.3624741560967,55.42311596064894,0.6578832679410311,0.2741060362987049,0.38377723164232624,0.9558474258547944,309.5860305786133,329.6572386389999,289.5148225182267,10.062461665163,34.31996955415032,0.0,0.0,0.0,0.0,0.0
2023-11-07 05:00:00,316.3375244140625,318.5005426389386,312.6663222467412,314.5912189143697,14055600,303.6649932861328,309.4362060546875,304.06187622070314,254.927511138916,308.7750498098076,307.57310446657243,303.87129965640906,57.36254371840784,1.359432199770822,0.49117126899312835,0.8682609307776937,3.2949971958403657,309.4362060546875,329.2440415050245,289.6283706043505,9.743535889845845,34.26461261260218,0.0,0.0,0.0,0.0,0.0
2023-11-08 05:00:00,317.2900695800781,318.8279885761275,312.4282289074521,315.66285499199586,13609700,305.6742279052734,309.03733520507814,304.4942834472656,255.80383430480958,310.32323522258406,308.49852971547773,304.3975259279255,57.98828682363832,1.9695732029119881,0.7868516557769003,1.1827215471350878,1.8375093529341635,309.03733520507814,327.79639426680853,290.27827614334774,9.482014347629189,33.5684458042483,0.0,0.0,0.0,0.0,0.0
2023-11-09 05:00:00,318.0541076660156,321.65584844839833,316.3177335914204,316.93293155587264,16103100,308.86915893554686,308.85824127197264,304.99932067871094,256.69211380004884,311.72884839411705,309.40858475838616,304.93307815294867,58.51420516258323,2.4861075318532926,1.126702830992179,1.3594047008611136,2.5595917453970607,308.85824127197264,327.1740129797351,290.5424695642102,9.237505961365164,33.369959690701386,0.0,0.0,0.0,0.0,0.0
2023-11-10 05:00:00,326.21002197265625,326.5374693849102,316.9725166965042,317.4487900779858,19096200,312.04820556640624,309.55675811767577,305.65179931640625,257.59239868164065,314.3617890447605,311.0087216359357,305.7674681066627,63.73333260916307,3.513082206831598,1.6039787061600628,1.9091035006715351,9.761951825600779,309.55675811767577,329.41606434751253,289.697451887839,9.204907287354192,32.751952773432116,0.0,0.0,0.0,0.0,0.0
2023-11-13 05:00:00,326.62677001953125,329.74230471672405,323.1639545354659,323.6600612938685,16908900,314.6805450439453,309.9556259155273,306.3028900146484,258.4727400970459,316.5917855856279,312.4961548153257,306.5854799463831,63.982674671900284,4.310901728496049,2.14536331062726,2.1655384178687886,14.163332118055072,309.9556259155273,330.8759721563213,289.0352796747333,9.127654348413207,32.043455803973764,0.0,0.0,0.0,0.0,0.0
2023-11-14 05:00:00,333.69140625,335.46747735371565,330.7345983528603,331.9351988006026,17179400,318.1572662353516,310.5663360595703,307.0204608154297,259.41162254333494,319.7008075246046,314.51475019005665,307.6484574484857,67.99919292256803,5.450407643017002,2.8063721771052084,2.6440354659117933,13.338737128843213,310.5663360595703,333.5174071086788,287.61526501046177,8.78746912756064,32.74847492767791,0.0,0.0,0.0,0.0,0.0
2023-11-15 05:00:00,330.11944580078125,335.765144760248,327.4503882492599,335.29880306180473,14531200,320.2270263671875,311.34721221923826,307.68603759765625,260.3231694793701,321.5951053930004,316.0009116767923,308.52967267798755,64.10656990177652,5.996127310661052,3.4443232038163774,2.5518041068446746,9.928649830325998,311.34721221923826,335.8709292186625,286.823495219814,7.9547196033791305,31.912115343794685,0.0,0.0,0.0,0.0,0.0
2023-11-16 05:00:00,331.587890625,331.9748382128518,323.83870424203946,326.80541344208376,18932600,322.540869140625,312.4078887939453,308.3909069824219,261.22147010803224,323.4119754351821,317.4853858623359,309.4339165190469,64.99376606309187,6.472494417320888,4.049957446517279,2.422536970803609,10.927083490724176,312.4078887939453,338.5369136986815,286.2788638892091,7.7591108803135524,31.36728822282015,0.0,0.0,0.0,0.0,0.0
2023-11-17 05:00:00,332.4311828613281,332.88759254261316,326.7854862464807,327.68840406551067,14494400,324.56894836425784,313.7171127319336,309.12811950683596,261.94712524414064,325.051831330845,318.9087951003351,310.3357701010971,65.52083399807945,6.839227064840429,4.60781137018191,2.2314156946585193,7.436235931368906,313.7171127319336,341.1383453382754,286.29588012559174,7.2970234992532506,30.73994826762957,0.0,0.0,0.0,0.0,0.0
2023-11-20 05:00:00,337.32281494140625,339.2080144802842,331.5878222903206,332.2823838319898,16960500,326.9671234130859,315.0050018310547,309.7712713623047,262.7083512878418,327.28291926003794,320.66251127567523,311.39408558503084,68.48497729716661,7.4388289681187985,5.174014889769288,2.2648140783495103,9.360804775017439,315.0050018310547,344.3525151361417,285.6574885259677,7.357972631728062,30.604463851696927,0.0,0.0,0.0,0.0,0.0
2023-11-21 05:00:00,334.35614013671875,337.25338680796017,333.2845325230063,335.69560423392653,12027900,328.76898498535155,316.2169891357422,310.4721710205078,263.4570757293701,328.56895941943446,321.96666640529844,312.294558312548,64.84403880566686,7.587171740192332,5.656646259853897,1.930525480338435,7.113798405716398,316.2169891357422,346.69477519550765,285.7392030759768,6.833513905705023,30.79743297337844,0.0,0.0,0.0,0.0,0.0
2023-11-22 05:00:00,338.8310241699219,340.2499126792458,335.9436788615161,336.5687782957013,10702700,330.92308044433594,318.2986541748047,311.1950982666016,264.2005910491943,330.43478937406854,323.57279571621496,313.335204032445,67.63876720918383,7.973902020218361,6.12009741192679,1.8538046082915711,8.134892808028393,318.2986541748047,348.99324097347517,287.60406737613425,6.511044649567168,25.774333082990836,0.0,0.0,0.0,0.0,0.0
2023-11-24 05:00:00,335.596435546875,339.1981456805994,334.1477818085071,337.4816354360319,5467500,332.67731323242185,320.7732360839844,311.7211706542969,264.9685645294189,331.37327049639697,324.7179042715159,314.20819350359915,63.69708041716564,7.927995289394971,6.4816769874204265,1.4463183019745447,6.088089349654258,320.7732360839844,348.36250398411875,293.18396818385,6.540105465848512,20.907511783892723,0.0,0.0,0.0,0.0,0.0
2023-11-27 05:00:00,332.0939025878906,337.2533951174812,331.59779579004794,333.56235933033327,15684500,333.2657012939453,322.6569534301758,312.40361572265624,265.7463609313965,331.50429451303216,325.42038030164684,314.9095938598459,59.64386167362768,7.522276614222392,6.68979691278082,0.8324797014415717,4.665709528005357,322.6569534301758,347.6967944760856,297.617112384266,6.669093732146316,20.346440741268516,0.0,0.0,0.0,0.0,0.0
2023-11-28 05:00:00,336.3504943847656,336.7374722413347,330.80402373364524,330.80402373364524,12637200,334.2380737304687,324.45930938720704,313.1267413330078,266.5641432952881,332.3854217624382,326.46134354765815,315.75041348827415,62.74637404360075,7.458239087678635,6.843485347760383,0.6147537399182514,5.7526019245639715,324.45930938720704,347.8600770505483,301.0585417238658,6.676181454681459,19.8515422644188,0.0,0.0,0.0,0.0,0.0
2023-11-29 05:00:00,329.6133728027344,337.25339941898335,328.20441615570996,337.04504303961954,16024500,333.8302703857422,325.9937683105469,313.66511596679686,267.3220456695557,331.88141286067383,326.7615368100463,316.29405895158635,55.47674935254312,6.7856388584845035,6.8319160499052085,-0.046277191420704966,1.043300512196832,325.9937683105469,346.1432707968763,305.8442658242175,6.8654117114384565,21.59850673141131,0.0,0.0,0.0,0.0,0.0
2023-11-30 05:00:00,324.60272216796875,330.90328553474234,319.8897068567543,329.30583593205915,23146400,333.2785980224609,326.75281219482423,314.21043701171874,268.05464683532716,330.55801455290924,326.5559354155628,316.6198888816406,50.76589353825383,5.781633627043618,6.62185956533289,-0.8402259382892723,-0.619682168562441,326.75281219482423,345.3583859904811,308.14723839916735,7.2708019843677505,19.57884712841123,0.0,0.0,0.0,0.0,0.0
2023-12-01 05:00:00,322.29083251953125,324.31492648520225,318.2624476796763,322.9456971366447,15276400,332.34889221191406,327.4448806762695,314.78770629882814,268.7871981048584,329.0548905468405,326.14973513975025,316.8422788282245,48.71061775755191,4.744708033565985,6.246429258979509,-1.5017212254135242,-3.4165020485806274,327.4448806762695,344.11260889246626,310.7771524600728,7.040467827216783,19.780077524460275,0.0,0.0,0.0,0.0,0.0
2023-12-04 05:00:00,317.5281982421875,318.3616540663768,311.2177340247724,314.81947438356156,19037100,330.85859375,327.7137710571289,315.2032458496094,269.51935249328614,326.9591283096309,325.3286363876014,316.8691776287721,44.69610735473685,3.49830595349124,5.696804597881855,-2.1984986443906154,-3.8141490053852367,327.7137710571289,343.49240852951993,311.93513358473786,7.361521278181117,20.309964153284284,0.0,0.0,0.0,0.0,0.0
2023-12-05 05:00:00,315.81170654296875,319.3737500866392,312.9342928735929,316.4963364172633,16952100,328.7074829101563,327.8373031616211,315.54972900390624,270.2407415771484,324.9323243520559,324.42226211668407,316.8277081744269,43.31068200337667,2.3449852600078884,5.026440730307063,-2.6814554702991744,-4.7577684614161235,327.8373031616211,343.174666506439,312.4999398168032,7.190003412385538,20.399912149939546,0.0,0.0,0.0,0.0,0.0
2023-12-06 05:00:00,314.9782409667969,319.74085446043057,314.5714297293888,319.42333881953283,11294300,326.7696929931641,327.7693389892578,315.91664916992187,270.961932144165,323.12249100928153,323.5228315309805,316.7551800486375,42.61987576411108,1.3481756649059662,4.290787717226844,-2.942612052320878,-5.250091686438352,327.7693389892578,343.3316624524722,312.2070155260434,6.965336856675086,20.136736681325914,0.0,0.0,0.0,0.0,0.0
2023-12-07 05:00:00,324.0469970703125,325.6841432576897,315.29566690221316,315.29566690221316,15905100,325.2912902832031,328.10718536376953,316.48915588378907,271.7332290649414,323.29058302037805,323.57275205853597,317.04113365733065,51.655410222113105,1.2752691964894325,3.687684013079362,-2.4124148165899295,-3.935641849010363,328.10718536376953,342.9901747248601,313.224196002679,7.1488917366808336,22.600350012949857,0.0,0.0,0.0,0.0,0.0
2023-12-08 05:00:00,330.1591491699219,330.57589229821855,320.48506440836894,320.57436001872617,14087400,324.7475616455078,328.71243743896486,317.06047302246094,272.5305227661133,324.539413229386,324.20002797390606,317.5555656382166,56.614152754095564,1.6911948465992737,3.2883861797833442,-1.5971913331840706,-1.255245668609739,328.71243743896486,342.83938519516335,314.58548968276637,7.4338004219463425,23.460160195998895,0.0,0.0,0.0,0.0,0.0
2023-12-11 05:00:00,322.7472229003906,327.3213431195111,317.5083365583756,326.83513788878696,25802500,323.8128936767578,328.53929748535154,317.55796875,273.29894248962404,324.21356044229594,324.06166558595226,317.75916004065476,49.9264632305542,1.4065248718042085,2.9120139181875175,-1.505489046383309,-4.746850235728505,328.53929748535154,342.87866364443056,314.1999313262725,7.793130452059391,23.2343507780791,0.0,0.0,0.0,0.0,0.0
2023-12-12 05:00:00,331.61761474609375,331.86566813423246,322.032828194819,322.0725252153085,18485500,323.3396057128906,328.78883972167966,318.10170104980466,274.1159311676025,325.55975213389553,324.78127979168005,318.3026288526327,56.5426892887652,1.8750736727268418,2.7046258690953824,-0.8295521963685406,-1.185596859602367,328.78883972167966,343.16173528795633,314.415944155403,8.207027417846072,25.26368079179715,0.0,0.0,0.0,0.0,0.0
2023-12-13 05:00:00,332.13360595703125,335.73534655135336,330.0499814002796,331.32991527829347,16353300,323.5916290283203,328.71094970703126,318.7724371337891,274.90871002197264,326.7549982835566,325.4815013312373,318.84502011162874,56.899443516238776,2.2619636427241403,2.616093423821134,-0.35412978109699367,0.011955464653601311,328.71094970703126,342.98854768113114,314.4333517329314,8.192141175599406,24.0526904741823,0.0,0.0,0.0,0.0,0.0
2023-12-14 05:00:00,330.5758361816406,332.0939218599385,326.08110954354635,331.2505341986713,19607300,324.1889404296875,328.73376922607423,319.31994201660154,275.7012407684326,327.44969608320815,325.96667607889475,319.30505211437435,55.420265195846305,2.415038666847863,2.57588247242648,-0.160843805578617,-1.7168573555058075,328.73376922607423,343.0223004701078,314.4452379820407,8.263722071413165,23.795214387248233,0.0,0.0,0.0,0.0,0.0
2023-12-15 05:00:00,332.31219482421875,336.02306402754414,328.64099236363404,329.40498594080213,31776900,325.1910766601562,328.76998443603514,319.91785034179685,276.4969465637207,328.3337867633919,326.57101119749706,319.8151361422114,56.76930744239643,2.6459603732832306,2.5898980525978303,0.05606232068540029,0.8187841405025598,328.76998443603514,343.09260536829464,314.44736350377565,8.387041524018652,23.816073684413023,0.0,0.0,0.0,0.0,0.0
2023-12-18 05:00:00,341.93670654296875,344.85381746597506,334.3958757915235,334.8523159299258,18993900,327.6319274902344,329.24526062011716,320.4971069335937,277.2875923156738,330.8070449051331,328.0344107542087,320.68264870694696,63.383655068531176,3.564495860182376,2.78481761411474,0.7796782460676361,5.340061309168687,329.24526062011716,344.6680286996221,313.82249254061225,8.859053962166286,25.91256922540247,0.0,0.0,0.0,0.0,0.0
2023-12-19 05:00:00,347.6319274902344,350.8467200070785,342.432738138237,342.8891478963245,17729400,330.81394958496094,329.7607162475586,321.13212341308594,278.1084504699707,333.8661144660606,329.90084091954446,321.7394831690367,66.63663391393881,4.697844754712207,3.1674230422342338,1.5304217124779735,7.8628035344962655,329.7607162475586,346.9123752255639,312.6090572695533,8.849127547940311,26.052280149529484,0.0,0.0,0.0,0.0,0.0
2023-12-20 05:00:00,346.5603332519531,352.19609871652887,345.08194481295914,345.9352338964191,16369900,333.97215881347654,330.3709259033203,321.67664978027346,278.92588554382326,336.1741542453138,331.4874592369167,322.712849838955,65.45828115890541,5.446776174384524,3.6232936686642923,1.8234825057202322,9.14316749519739,330.3709259033203,349.0144757762619,311.7273760303787,8.570597206910431,25.826946758918577,0.0,0.0,0.0,0.0,0.0
2023-12-21 05:00:00,351.33294677734375,353.63488983756224,346.4909390575598,350.23160410040464,15289600,336.7007537841797,330.9960220336914,322.197958984375,279.76490158081054,338.9302983420465,333.37750566933835,323.8352065816369,68.15888636452536,6.352195588695906,4.169074052670616,2.1831215360252907,11.247600864201047,330.9960220336914,351.5721063850186,310.4199376823642,8.628002656318289,25.8501341966869,0.0,0.0,0.0,0.0,0.0
2023-12-22 05:00:00,350.63836669921875,354.4186979641028,348.4852499373512,352.81128655167174,11772800,338.74867553710936,331.7481185913086,322.7780065917969,280.6167168426514,341.05903804335054,335.0213971959936,324.88631089997347,67.33379698056996,6.9337719829789535,4.7220136387322835,2.21175834424667,11.321456879994752,331.7481185913086,354.0587360268372,309.43750115577996,8.260884765746344,25.541896496227558,0.0,0.0,0.0,0.0,0.0
2023-12-26 05:00:00,352.0671081542969,354.2003914352068,350.69787893895216,352.22586595026877,9898600,341.6806640625,332.7467788696289,323.5745550537109,281.4864910888672,343.06050533624983,336.64479823964155,325.95222451779006,68.18689814719238,7.424379336933612,5.2624867783725495,2.161892558561062,8.646928173170053,332.7467788696289,356.8394624607005,308.6540952785573,8.0553538745279,25.096374878473927,0.0,0.0,0.0,0.0,0.0
2023-12-27 05:00:00,355.0437927246094,356.2046960041271,352.5434252578998,353.29751731228595,13207900,344.0232818603516,333.6814437866211,324.3024426269531,282.36425285339357,345.2392848614061,338.3970834286861,327.09307032982224,69.94782624727904,7.9616063254194955,5.802310687781938,2.159295637637557,7.537166126473216,333.6814437866211,359.733499988475,307.62938758476724,7.981651240155644,24.91815350549999,0.0,0.0,0.0,0.0,0.0
2023-12-28 05:00:00,355.5299987792969,359.08211028758853,355.0239601332717,356.8992584473952,11798800,346.3629211425781,334.9772750854492,324.98349853515623,283.17935638427736,347.11032375556806,340.02878965255377,328.20824399450754,70.23761106308967,8.33056577289301,6.307961704804153,2.0226040680888566,10.157415324693275,334.9772750854492,362.7018502842231,307.2526998866753,7.506811801828787,23.428206349097604,0.0,0.0,0.0,0.0,0.0
2023-12-29 05:00:00,351.2038879394531,357.1968660595051,349.08056675900855,356.1947207179197,14987100,348.42572631835935,336.3073333740234,325.71753784179685,283.9543245697021,347.8546081526381,341.0930847274966,329.11003395313287,64.29673343582364,8.179598483571112,6.682289060557546,1.4973094230135668,5.906282514080496,336.3073333740234,364.48492001652784,308.129746731519,7.365774045446427,23.12301928738605,0.0,0.0,0.0,0.0,0.0
2024-01-02 05:00:00,343.5936279296875,350.41012995956766,337.36252824234924,348.5844607184317,19042200,349.5538696289062,337.3724731445312,326.3819232177734,284.65562103271486,347.07988447573797,341.3312316991338,329.67801803064486,55.416815072473824,7.361018202171579,6.818034888880352,0.5429833132912263,3.4504253008769137,337.3724731445312,364.92271503959626,309.8222312494662,7.450813122986257,24.58521468369253,0.0,0.0,0.0,0.0,0.0
2024-01-03 05:00:00,341.787841796875,345.24075624582997,340.507877692872,342.29388045472786,15451100,349.5389831542969,338.5854553222656,327.0927459716797,285.39412567138675,346.1176948977629,341.3747183751091,330.152913080301,53.52773472338454,6.4917428121079865,6.75277647352588,-0.2610336614178932,3.3916591559564946,338.5854553222656,364.54736630508864,312.62354433944256,7.0865301668108645,23.877798178918646,0.0,0.0,0.0,0.0,0.0
2024-01-04 05:00:00,344.41717529296875,345.43915407584143,340.72613954007755,341.8175805411929,12099900,349.21750793457034,340.01572875976564,327.7497888183594,286.1348625946045,345.80850951507307,341.66447617681007,330.7122959121703,55.88577678862935,5.946454021152761,6.591511983051256,-0.6450579618984955,3.642653100694404,340.01572875976564,363.75133641517147,316.2801211043598,7.017076551431586,23.660074046947084,0.0,0.0,0.0,0.0,0.0
2024-01-05 05:00:00,349.2096252441406,350.7475443733981,343.5639268458326,344.2882234705981,13920700,349.48243713378906,341.7272979736328,328.53165344238283,286.8779811859131,346.42689419308533,342.3830618022701,331.43768137616917,59.881530049065645,5.833771300456249,6.4399638465322555,-0.6061925460760067,2.1269780523717863,341.7272979736328,362.62863583194206,320.82596011532354,7.097870916723058,23.731799606863284,0.0,0.0,0.0,0.0,0.0
2024-01-08 05:00:00,355.8673095703125,356.18482516823184,349.30876236808746,351.93815245591145,13890200,349.9358734130859,343.3183135986328,329.7050451660156,287.66604667663574,348.1433333525812,343.667275875417,332.39570601123364,64.66919602286694,6.210102718517362,6.3939916209292775,-0.18388890241191547,2.3689947409417655,343.3183135986328,363.3804980513031,323.2561291459625,7.068808649593137,22.681474751992234,0.0,0.0,0.0,0.0,0.0
2024-01-09 05:00:00,354.64691162109375,357.8319391849978,352.5930221333329,353.62493279017207,13463900,350.33672790527345,344.5427017211914,331.07588745117187,288.42583435058594,349.32580212867435,344.71295547024334,333.2683023096596,63.180769682457374,6.336825187219972,6.382558334187417,-0.04573314696744468,2.3333825580267975,344.5427017211914,364.2084582966839,324.8769451456989,6.547186821729464,22.22290906363883,0.0,0.0,0.0,0.0,0.0
2024-01-10 05:00:00,367.5853576660156,370.03612636295736,356.28403071762176,357.3655701410914,22117200,351.8885528564453,346.7846084594727,332.5392034912109,289.24173149108884,352.64572131728187,346.8912794888883,334.6140691863795,70.84276043846435,7.396021390644876,6.585250945478909,0.810770445165967,4.625928492545217,346.7846084594727,366.21016185543226,327.3590550635131,7.009986912997598,22.87001646805391,0.0,0.0,0.0,0.0,0.0
2024-01-11 05:00:00,366.7916259765625,369.8773958319146,360.10408551905675,369.2324630283158,17205400,353.06333618164064,348.5433090209961,333.86896850585936,290.0693866729736,355.2177039826056,348.78655058295254,335.87593415854354,69.88201436722251,8.078273194276107,6.883855395238348,1.1944177990377591,4.606814544969695,348.5433090209961,368.54754589241384,328.5390721495784,7.199926656518179,21.67308995279781,0.0,0.0,0.0,0.0,0.0
2024-01-12 05:00:00,371.5740661621094,374.1240624141553,366.6626269467996,367.277794541933,19310000,354.66774291992186,350.51533203125,335.3219659423828,290.931669921875,358.1915880152426,350.95679016191986,337.27586090378145,72.31798141051948,8.902246067258432,7.287533529642365,1.6147125376160663,5.54069311105978,350.51533203125,371.4622072692522,329.56845679324783,7.222604134186265,21.804039459500967,0.0,0.0,0.0,0.0,0.0
2024-01-16 05:00:00,364.5987854003906,372.685319838908,364.3705956613117,370.74058974438293,15306900,356.0072326660156,352.2164794921875,336.4255047607422,291.73590835571287,359.3565329943604,352.256027803679,338.3473481389426,64.16626476770085,8.889926108491977,7.608012045412289,1.2819140630796886,2.691215244873346,352.2164794921875,371.82875881440447,332.6042001699705,7.3926952878180305,23.222214211681084,0.0,0.0,0.0,0.0,0.0
2024-01-17 05:00:00,365.50177001953125,365.6704596782648,355.8177542418374,363.4478803135723,12724800,358.198046875,353.87595825195314,337.5665509033203,292.53230880737306,360.47384881711866,353.51752706233157,339.41222742837743,64.7206689081411,8.85099698097406,7.856609032524643,0.9943879484494165,2.804762263232985,353.87595825195314,371.9534995797722,335.7984169241341,7.842029623563698,23.239284258375832,0.0,0.0,0.0,0.0,0.0
2024-01-18 05:00:00,373.2013244628906,373.91571950102383,368.06166503074314,368.59743859937487,16354300,361.3393951416016,355.4391891479492,338.7875695800781,293.34686668395995,362.7879352981681,355.39217443381335,340.7372900571819,69.10932639801501,9.333840361095781,8.15205529823887,1.1817850628569104,6.263437643728431,355.4391891479492,374.54740374031604,336.3309745555824,8.147484025825296,22.30382771460112,0.0,0.0,0.0,0.0,0.0
2024-01-19 05:00:00,380.4643249511719,381.3672126996037,375.02698340921194,376.0489622272857,21670800,364.94411010742186,357.08080902099607,340.1300347900391,294.1921334075928,366.001824325987,357.7799982926094,342.2952129942011,72.57503886818978,10.185152559844994,8.558674750560096,1.6264778092848982,10.73090244532402,357.08080902099607,378.82450322868857,335.3371148133036,8.440893888853603,22.528111181927954,0.0,0.0,0.0,0.0,0.0
2024-01-22 05:00:00,378.80731201171875,387.3105899434806,378.19214441636774,384.9292833279464,17680500,367.9038787841797,358.6931579589844,341.3794305419922,295.0209294128418,368.3300948143018,359.78259959919126,343.7270600144959,70.62816601535907,10.603881568711017,8.96771611419028,1.6361654545207376,10.831125536889186,358.6931579589844,381.8862207574798,335.50009516048897,8.512475762183337,22.590251597500888,0.0,0.0,0.0,0.0,0.0
2024-01-23 05:00:00,382.2007141113281,385.35594628431977,379.10498205560805,381.62521323149974,15506100,370.53721923828124,360.2365463256836,342.6776434326172,295.8827663421631,370.8520255955793,361.9176581241567,345.2358307633913,72.26880492079559,11.081802394786166,9.390533370309457,1.6912690244767088,10.970282996549141,360.2365463256836,385.39249279853686,335.08059985283035,7.991566803290275,22.393528722333834,0.0,0.0,0.0,0.0,0.0
2024-01-24 05:00:00,387.6578674316406,393.0654134087709,384.7903555799496,386.96330579643376,15698500,373.83831481933595,362.0875213623047,344.06971862792966,296.7489688873291,373.9076332021359,364.36910662963135,346.8994400444991,74.7148424700076,11.765281912051876,9.865483078657942,1.899798833393934,11.010075154892984,362.0875213623047,389.6066417250797,334.5684009995297,8.429553999324904,22.530860188296142,0.0,0.0,0.0,0.0,0.0
2024-01-25 05:00:00,390.1185302734375,392.41054123350926,382.65709501138133,387.1319879715003,15091100,376.0916320800781,363.9900924682617,345.3478887939453,297.6341721343994,376.85506903328167,366.82143269094627,348.5943063279869,75.75336666167205,12.362986468092231,10.364983756544799,1.9980027115474321,9.62471679246999,363.9900924682617,393.7615647716231,334.2186201649003,8.789584834065193,22.53123590398626,0.0,0.0,0.0,0.0,0.0
2024-01-26 05:00:00,391.07110595703125,393.70046609647795,388.5409429594839,391.2794623469608,13163700,378.519580078125,365.7914581298828,346.6367755126953,298.5286033630371,379.4398030194179,369.1309253829544,350.2600631761847,76.16155532049576,12.766373722164474,10.845261749668733,1.9211119724957406,10.270551678976215,365.7914581298828,397.5754803400236,334.007435919742,8.645006663310088,22.518531692868553,0.0,0.0,0.0,0.0,0.0
2024-01-29 05:00:00,397.8975524902344,399.79268441188725,390.0392364410356,391.91450470824583,18742400,381.1519287109375,367.9098358154297,347.9208984375,299.45642250061036,382.79575746865726,371.8706041550763,352.1282000120298,78.90261227036484,13.481491964075872,11.372507792550161,2.1089841715257105,8.246300945360318,367.9098358154297,402.35068545654644,333.46898617431293,8.843452952364405,22.901021482642502,0.0,0.0,0.0,0.0,0.0
2024-01-30 05:00:00,396.9450378417969,403.19597247196214,396.4588627847728,400.4475512337395,18614700,384.3865539550781,370.1968933105469,349.2574102783203,300.3479763031006,385.36835390013715,374.2586454585735,353.88572306417757,77.56246235378485,13.812150478358149,11.86043632971176,1.9517141486463885,8.220856129131239,370.1968933105469,406.01414646440895,334.37964015668484,8.950466712044724,22.137169615841415,0.0,0.0,0.0,0.0,0.0
2024-01-31 05:00:00,387.1022644042969,394.90104949050806,384.0859263016593,385.9711262608232,20180800,386.5466033935547,372.37232513427733,350.36769775390627,301.1846606445313,385.6836103554389,375.4818472629281,355.188332528496,65.23262457359864,13.128631484808807,12.11407536073117,1.014556124077636,4.1790317614397,372.37232513427733,406.6377503417007,338.10689992685394,8.769745054778578,22.68108995141874,0.0,0.0,0.0,0.0,0.0
2024-02-01 05:00:00,391.7060852050781,397.38154822868097,389.98954477012256,390.87262941167637,29727100,388.39707946777344,374.8682373046875,351.5531958007812,302.05741165161135,386.77860578264597,377.0270127812281,356.620401260911,67.81019052635327,12.810753231978595,12.253410934980657,0.5573422969979376,7.434829980280688,374.8682373046875,406.956467933698,342.78000667567704,8.805886019887595,22.359333450175434,0.0,0.0,0.0,0.0,0.0
2024-02-02 05:00:00,471.29156494140625,482.1761501937465,449.48272769119956,456.021412191709,84707600,397.47980346679685,381.2119567871094,354.2325708007813,303.33290229797365,402.144598356966,386.00458917743555,361.1173096405383,86.47593361973256,18.764411067194942,13.555610961423515,5.208800105771427,28.94371617303575,381.2119567871094,432.4209084834702,330.00300509074856,14.735073842838501,73.17290686984691,0.0,0.0,0.0,0.0,0.0
2024-02-05 05:00:00,455.8328552246094,468.2255934429309,455.64433221754496,466.221332864614,40832400,405.18235778808594,386.5431182861328,356.66210510253904,304.5419641113281,411.9060996056284,392.65490022954737,364.83164476148227,77.1213283575014,21.981944937124922,15.240877756563798,6.741067180561124,22.14127478798249,386.5431182861328,445.3593317446705,327.72690482759515,15.258824453286,75.25859192746053,0.0,0.0,0.0,0.0,0.0
2024-02-06 05:00:00,451.17938232421875,463.4828252605775,449.4727736721461,460.3871235847148,21655200,412.080224609375,391.3087219238281,358.909072265625,305.74080612182615,419.0466964635539,398.2286604290399,368.21783054825625,74.50841992346768,23.881081100291055,16.968918425309248,6.912162674981808,18.58651461792702,391.3087219238281,454.91031064016624,327.70713320748996,15.555777749857713,75.73233648229343,0.0,0.0,0.0,0.0,0.0
2024-02-07 05:00:00,465.9336242675781,467.8485894270778,452.628035016413,454.4338712041085,23066000,419.9078002929688,396.87305755615233,361.51581604003906,307.01431243896485,427.57159242792187,404.6767522231864,372.0498224588179,77.15161705034221,26.27383578656901,18.8299018975612,7.443933889007809,23.000166441656233,396.87305755615233,466.18557789389604,327.5605372184086,16.145439008526747,75.78450877016235,0.0,0.0,0.0,0.0,0.0
2024-02-08 05:00:00,466.34039306640625,466.9257954581502,461.40909025193133,464.6734814817839,18815100,427.5299865722656,401.81080932617186,364.20074584960935,308.29034866333006,434.6204652712827,410.5494799225407,375.7474918944096,77.22174138164223,27.881533000094237,20.64022811806781,7.2413048820264265,22.014526883005715,401.81080932617186,476.22131296525004,327.4003056870937,15.95621164920573,75.4814277297634,0.0,0.0,0.0,0.0,0.0
2024-02-09 05:00:00,464.4651184082031,469.9024601255168,463.8301174160843,469.26745913339795,18413100,434.8693878173828,406.6944839477539,366.76303833007813,309.5830046081543,440.0467658416318,415.6843026354609,379.22661450279367,76.06273155913422,28.67379200661668,22.246940895777584,6.426851110839095,19.813154182948868,406.6944839477539,484.1848543974318,329.20411349807597,15.738632876514279,75.53368422991113,0.0,0.0,0.0,0.0,0.0
2024-02-12 05:00:00,465.24896240234375,475.41915205194476,462.947019526659,464.5444992074422,19382000,441.6045288085937,411.37822875976565,369.47575012207034,310.870401763916,444.6289833981249,420.4047464227831,382.60003991061916,76.22336918387934,29.03026975762282,23.603606668146632,5.426663089476186,19.258360292767087,411.37822875976565,491.2189017824595,331.5375557370718,16.16173989456319,75.63713908257087,0.0,0.0,0.0,0.0,0.0
2024-02-13 05:00:00,456.5373229980469,464.2468421541009,451.54648973334866,453.3126287541774,20916600,447.5637573242187,415.97515563964845,372.11444213867185,311.9695760345459,446.79413605265614,423.84594419185584,385.49954120816534,70.55624073914444,28.283786564391733,24.539642647395656,3.7441439169960766,16.740233692490868,415.97515563964845,495.0586222902751,336.8916889890218,16.36443799253121,75.63455148790385,0.0,0.0,0.0,0.0,0.0
2024-02-14 05:00:00,469.5948486328125,470.4183725927847,462.4608304684062,464.2864998480657,16858400,455.8130157470703,421.1798095703125,375.0605224609375,313.1253063201904,450.93972015813915,428.2029827100422,388.7973964012888,73.71118444139947,28.41823868227584,25.315361854371695,3.102876827904147,18.01903421970352,421.1798095703125,499.97757227298706,342.38204686763794,16.65926680486049,75.7540266094136,0.0,0.0,0.0,0.0,0.0
2024-02-15 05:00:00,480.2611389160156,484.8153956241021,468.5430989342173,471.5792700729416,24212300,464.66852111816405,426.5328002929688,378.31518127441404,314.3201795196533,456.27088720502576,433.1609023487063,392.38420983323886,75.97575234212059,29.05059624814112,26.06240873312558,2.9881875150155395,20.989329285286228,426.5328002929688,506.1486456260943,346.9169549598432,17.453036344352686,75.77787619519874,0.0,0.0,0.0,0.0,0.0
2024-02-16 05:00:00,469.6345520019531,475.2306210030674,465.5565383292655,474.38723338064216,23324600,464.50281982421876,430.99131164550784,381.3916381835937,315.48146621704103,458.70064444083073,436.6345832680632,395.41363501632566,69.54793332861269,28.36726722257589,26.523380431015642,1.843886791560248,21.32053857258194,430.99131164550784,509.72688983233263,352.25573345868304,17.806690102631148,76.78711740606197,0.0,0.0,0.0,0.0,0.0
2024-02-20 05:00:00,468.0767822265625,472.4722813616275,462.9271910394476,466.0625897590752,18015500,465.7272125244141,435.45478515625,384.45360900878904,316.64592803955077,460.4053967655092,439.6290784069679,398.26317020104085,68.63128048436495,27.384355243568336,26.695575393526184,0.6887798500421525,19.49693913524484,435.45478515625,511.8200348155878,359.0895354969122,18.007260147987616,76.75941048849208,0.0,0.0,0.0,0.0,0.0
2024-02-21 05:00:00,464.8785095214844,465.8419792197742,458.68053638482485,463.3588130192424,12921800,467.0971252441406,439.5886749267578,387.2702392578125,317.8118119812012,461.2186899938683,442.0337861321599,400.8755364489014,66.68787057355055,26.047062220937164,26.565872759008382,-0.518810538071218,-1.360740547248962,439.5886749267578,512.6975663418766,366.47978351163897,17.75991259810191,77.03665684136313,0.0,0.0,0.0,0.0,0.0
2024-02-22 05:00:00,482.8565979003906,486.69059163885595,472.8543980185372,477.0062442785985,21625800,468.7894226074219,444.34861145019534,390.3241882324219,319.07125747680664,465.1528550677814,445.9216729672295,404.0904800352343,71.56254620604972,26.13664240470365,26.480026688147436,-0.34338428344378613,5.928432399298078,444.34861145019534,515.5939060257014,373.1033168746893,18.58368390474387,77.66484610960347,0.0,0.0,0.0,0.0,0.0
2024-02-23 05:00:00,480.77069091796875,491.0311185651113,479.10201079171736,484.7636105726592,18374300,470.2324523925781,448.8812194824219,393.48465759277343,320.31784255981444,467.99246158599726,449.24062705777607,407.0975471286748,70.27756683873308,25.742575696467668,26.332536489811485,-0.5899607933438169,6.5586571002673955,448.8812194824219,517.0686738815514,380.69376508329236,12.973615532224269,77.86110108840724,0.0,0.0,0.0,0.0,0.0
2024-02-26 05:00:00,478.4961242675781,482.86652048024735,477.3638163849019,480.2144859744723,12101400,471.63555297851565,453.2524703979492,396.42222778320314,321.55255874633787,469.9022184371937,452.026864887281,409.89749133020047,68.82628057992841,24.95902437520931,26.05783406689105,-1.0988096916817405,2.6961994897336528,453.2524703979492,516.893137834811,389.61180296108745,12.249006344473136,78.01367167973319,0.0,0.0,0.0,0.0,0.0
2024-02-27 05:00:00,483.7703552246094,483.9888750302903,476.68839173449226,476.7479852894886,10809600,473.48769226074216,457.54611053466795,399.4549627685547,322.81508476257324,472.42369785308745,455.05005444321705,412.7944663848832,70.35501739991227,24.481433936320343,25.74255404077691,-1.261120104456566,3.737605066460792,457.54611053466795,516.9051546579557,398.1870664113802,11.769751466427895,77.97839262315668,0.0,0.0,0.0,0.0,0.0
2024-02-28 05:00:00,480.76080322265625,487.7434649649456,479.4993657776015,481.73421522969807,12715500,475.9100402832031,461.7368988037109,402.458662109375,324.0491184997559,473.939535193009,457.498697184116,415.459812927541,68.2968892236751,23.588184470524197,25.31168012672637,-1.7234956562021715,3.5084840967823494,461.7368988037109,514.5559232573193,408.9178743501026,11.167958043891113,78.07639856022568,0.0,0.0,0.0,0.0,0.0
2024-02-29 05:00:00,486.8296813964844,488.389116970363,479.36029842457447,485.1510587006431,17732000,477.63352355957034,466.7232696533203,405.5490118408203,325.3233194732666,476.2831981390955,460.2921242519606,418.25863129887216,70.19063353269726,23.103660960242678,24.870076293429634,-1.7664153331869556,4.638531353773945,466.7232696533203,507.28206540626724,426.16447390037337,11.4188232824318,76.94407732642591,0.0,0.0,0.0,0.0,0.0
2024-03-01 05:00:00,498.91766357421875,500.8545450353312,488.5380486516633,488.7962772842843,16273600,479.4991760253906,472.08384857177737,408.6886309814453,326.63290702819825,480.398555490936,463.9707470445567,421.4217306037877,73.57629305609353,23.425042418385488,24.581069518420808,-1.1560271000353204,9.282995812448224,472.08384857177737,495.69477600172775,448.472921141827,11.986860491675682,77.06674132168311,0.0,0.0,0.0,0.0,0.0
2024-03-04 05:00:00,494.8354187011719,501.02347964142564,493.07734798440794,499.6130279349868,12324100,482.0192626953125,473.26104125976565,411.63270080566406,327.92228187561034,483.0234397109789,466.91023958328196,424.3006987644694,70.65765862149429,23.08423579408469,24.281702773553587,-1.1974669794688957,5.374967409000608,473.26104125976565,498.96093302482575,447.56114949470555,11.66357471537082,30.26102971380982,0.0,0.0,0.0,0.0,0.0
2024-03-05 05:00:00,486.9190368652344,492.24293001218,484.60473958064495,491.6668488599236,15325300,483.9034881591797,474.8153503417969,414.4398748779297,329.1538676452637,483.7317301026617,468.81583932442027,426.7563198664602,65.25200717971454,21.922647599596644,23.8098917387622,-1.8872441391655563,1.3863078666423334,474.8153503417969,499.82811641088705,449.8025842727067,11.415589461908809,28.168494807955145,0.0,0.0,0.0,0.0,0.0
2024-03-06 05:00:00,492.74951171875,499.583189220119,490.96164437082433,494.2791504217165,11757900,486.6905883789062,476.89385681152345,417.2682061767578,330.39297554016116,485.37132676013226,471.0952366953088,429.34428817439317,67.23991262958666,21.227849742091905,23.293483339428143,-2.0656335973362374,4.921903556342411,476.89385681152345,500.50631602405343,453.28139759899346,11.328668230490722,27.840290616158658,0.0,0.0,0.0,0.0,0.0
2024-03-07 05:00:00,508.7411193847656,516.3495133273082,498.0039120353607,499.8911121312514,18586400,489.27904052734374,479.0342315673828,420.4302612304688,331.7180443572998,489.62037996461106,474.6805588562095,432.45788939832937,71.97552708428618,21.717263431169613,22.978239357776438,-1.2609759266068252,8.687535614300224,479.0342315673828,505.98780352823667,452.0806596065289,11.852075724681677,27.807206861320672,0.0,0.0,0.0,0.0,0.0
2024-03-08 05:00:00,502.5431213378906,520.0444695551262,495.9875573729022,510.7276263527499,18597100,491.45628356933594,480.84436798095703,423.4397814941406,332.99882751464844,491.9699693052073,477.33413623541725,435.20632986654743,67.87993499078185,21.35878982848925,22.654349451919003,-1.295559623429753,8.102033336661595,480.84436798095703,509.04236691152875,452.6463690503853,12.520097981501237,28.41565185460786,0.0,0.0,0.0,0.0,0.0
2024-03-11 04:00:00,480.33367919921875,493.9712373423791,472.7947911045604,493.6633271933071,20428300,491.6400390625,481.63779602050784,425.9455792236328,334.1764018249512,489.8542801950275,477.6198069938746,436.9760298403777,55.65822227084255,19.062836039503964,21.936046769435997,-2.8732107299320333,-0.5224985455603792,481.63779602050784,508.76806405769935,454.5075279833163,13.963186546583406,33.09328464395712,0.0,0.0,0.0,0.0,0.0
2024-03-12 04:00:00,496.3848571777344,498.9276166024425,481.4660075501953,489.9385682821363,15448200,492.9014892578125,483.19459075927733,428.7626763916016,335.421978225708,491.0416578282469,479.40695463043266,439.30578777517604,61.10828709892939,18.327207399245935,21.21427889539799,-2.8870714961520534,3.2477367182996097,483.19459075927733,509.93566543809004,456.4535160804646,14.620164515260987,34.933256524754924,0.0,0.0,0.0,0.0,0.0
2024-03-13 04:00:00,492.2330017089844,497.60657618383044,487.723564090034,492.0542210447472,12090700,494.0487091064453,484.97937469482423,431.5832586669922,336.62953094482424,491.2582658065628,480.62848292362804,441.38136479218815,59.08532297348906,17.210800963938368,20.413583309106066,-3.202782345167698,2.8708440350343256,484.97937469482423,508.8387344613035,461.120014928345,13.768088085005619,34.24689487612916,0.0,0.0,0.0,0.0,0.0
2024-03-14 04:00:00,488.5181579589844,497.9740726695781,484.872887560761,496.891416024587,12620000,494.2175567626953,485.9255401611328,434.48174926757815,337.77212326049806,490.7600643797303,481.3798805460429,443.2298664850037,57.25884816565982,15.843648261473106,19.499596299579476,-3.65594803810637,0.9814166335534669,485.9255401611328,508.69191769357104,463.15916262869456,13.851807894678704,33.18914878424559,0.0,0.0,0.0,0.0,0.0
2024-03-15 04:00:00,480.84027099609375,488.5182008794358,478.05910688483056,485.71721266457956,29153600,492.4098175048828,485.9544967651367,437.2627978515625,338.8739451599121,488.9564655827054,481.32848916033345,444.70478430896804,53.57277412793901,13.979481819351236,18.39557340353383,-4.416091584182595,0.0165295866270343,485.9544967651367,508.69199417210774,463.21699935816565,14.205835744625833,32.83793123293853,0.0,0.0,0.0,0.0,0.0
2024-03-18 04:00:00,493.63348388671875,494.0705234723531,483.5319525403296,488.5976166013962,11755300,492.2896240234375,487.154443359375,440.2471240234375,340.028818359375,489.8068325470714,482.50039341998917,446.62355684142887,58.38051195428836,13.380183420709045,17.392495406968873,-4.012311986259828,1.3975734738928658,487.154443359375,508.7709541257541,465.53793259299596,14.629390686087358,32.98685497594666,0.0,0.0,0.0,0.0,0.0
2024-03-19 04:00:00,492.89849853515625,493.28588697301825,478.039241983051,484.88286188860536,10903100,492.8875701904297,488.39552917480466,443.1209014892578,341.1408740234375,490.3689536358141,483.49068914524315,448.4382604372613,58.00885175842203,12.699535605457754,16.45390344666665,-3.7543678412088966,-1.206444565610587,488.39552917480466,508.1720726420191,468.61898570759024,15.154400880110476,32.94899272883017,0.0,0.0,0.0,0.0,0.0
2024-03-20 04:00:00,502.1159973144531,504.7779741854075,491.835714780714,496.13654476437773,11711100,493.82421875,490.2574035644531,446.04587524414063,342.2990171813965,492.50477975920296,485.2645280185012,450.543269726563,61.333404140194595,12.756839520569997,15.714490661447321,-2.9576511408773243,1.4713131554711767,490.2574035644531,507.5697049251398,472.94510220376645,15.433932370032263,33.205414802873186,0.0,0.0,0.0,0.0,0.0
2024-03-21 04:00:00,504.3409423828125,511.5718900411895,502.6027262330663,511.24415578806696,9712500,493.3842010498047,491.33162078857424,449.039755859375,343.47433731079104,494.65680932713195,487.08132938653085,452.65298237974923,62.11315305825819,12.833847157286868,15.138361960615232,-2.304514803328363,3.577988166110657,491.33162078857424,509.3616847794372,473.30155679771127,15.107577304881513,30.59436045883081,0.0,0.0,0.0,0.0,0.0
2024-03-22 04:00:00,506.1487121582031,506.5361006295545,500.9440055787889,503.5860980145008,8120600,493.74476013183596,492.60052185058595,451.81102294921874,344.6600360107422,496.7462462055085,488.8972706028806,454.75085413576704,62.77008354125388,12.892135662070189,14.689116700906224,-1.7969810388360354,2.719272190187594,492.60052185058595,511.0678813604433,474.1331623407286,14.939431833006362,30.49410387852326,0.0,0.0,0.0,0.0,0.0
2024-03-25 04:00:00,499.6328125,503.80454316153504,496.87153334771386,502.3841796013196,8380600,495.67467346191404,493.65735626220703,454.4678466796875,345.85046234130857,497.27107644087056,489.919703164511,456.51093093436447,58.81176180843866,12.271097501778002,14.20551286108058,-1.9344153593025784,-1.790361843717403,493.65735626220703,511.1179108783551,476.196801646059,14.87132466800367,30.893430737069792,0.0,0.0,0.0,0.0,0.0
2024-03-26 04:00:00,492.5508728027344,506.56584667768334,491.87542863664703,501.7286443250279,11205400,495.29127502441406,494.0963821411133,456.8873828125,347.00061752319334,496.412857597573,490.17029074910374,457.92426198802605,54.76919451467912,11.079746517131582,13.580359592290781,-2.5006130751591993,-1.9883365448430501,494.0963821411133,510.94089545881263,477.25186882341393,15.016057931300221,31.247265288562815,0.0,0.0,0.0,0.0,0.0
2024-03-27 04:00:00,490.5345458984375,496.5239715871602,484.78355507786483,495.9379177172375,9989700,495.1214294433594,494.58506927490237,459.4060980224609,348.1388552856445,495.3440736522756,490.204981715707,459.2030966511794,53.63870954310696,9.859240362810738,12.836135746394774,-2.9768953835840364,2.1237042374844473,494.58506927490237,510.3319249166377,478.838213633167,14.168944709924306,31.190375764697947,0.0,0.0,0.0,0.0,0.0
2024-03-28 04:00:00,482.310302734375,489.57110826984064,481.88320544172586,489.5214267607809,15212800,494.5006439208984,494.3591003417969,461.7422686767578,349.20570938110353,492.97429712174824,489.45310752700874,460.1092615956184,49.179741480005355,8.134582350038045,11.895825067123429,-3.761242717085384,-2.8354117253661215,494.3591003417969,510.69330121096453,478.0248994726292,13.068546729530567,31.504563741808276,0.0,0.0,0.0,0.0,0.0
2024-04-01 04:00:00,488.0414733886719,494.08052003170116,478.53590624338904,483.91942370792447,9247000,495.22076416015625,493.8152908325195,464.03907165527346,350.2998796081543,492.07742007937065,489.3186661805005,461.204642450248,52.164042281072504,7.147840171712289,10.9462280880412,-3.7983879163289114,-0.8515333806875858,493.8152908325195,510.2344477862621,477.39613387877694,12.053995554886415,30.453624040006883,0.0,0.0,0.0,0.0,0.0
2024-04-02 04:00:00,494.0208740234375,494.1798002750776,481.3865249828398,481.8335069600827,11081000,495.25950317382814,493.7745635986328,466.31020263671877,351.41387588500976,492.4307753419282,489.76649549887543,462.4915534923339,55.12485275425431,6.770283926832008,10.111039255799362,-3.3407553289673544,1.126409730079092,493.7745635986328,510.187105824617,477.36202137264866,11.639662546958846,30.67093349172075,0.0,0.0,0.0,0.0,0.0
2024-04-03 04:00:00,503.3277893066406,503.82442249033096,495.3916007311355,495.57038140236386,12099200,496.30243225097655,494.5950012207031,468.8006121826172,352.5323370361328,494.41205060823955,491.05804729009117,464.09297450465965,59.34302217278702,7.1397555076874255,9.516782506176977,-2.3770269984895513,4.676712760343982,494.5950012207031,511.2039293385957,477.98607310281056,11.633986573608635,30.73932780955657,0.0,0.0,0.0,0.0,0.0
2024-04-04 04:00:00,507.4796447753906,526.4311529440604,507.1419075498126,512.9425792580104,26476300,496.8387969970703,495.33150787353514,471.30619079589843,353.6756753540039,496.7879768204488,492.6220089553577,465.7944125544922,61.099700435441584,7.679064954495118,9.149238995840605,-1.4701740413454871,2.8049476667691753,495.33150787353514,512.8759039490346,477.78711179803565,12.348427897080253,30.604529437603574,0.0,0.0,0.0,0.0,0.0
2024-04-05 04:00:00,523.7891845703125,527.1265454718879,510.946195332254,513.3797103903854,19263300,498.7836212158203,496.0839111328125,474.02881713867185,354.88404083251953,501.69728732042404,495.59031139487723,468.06871733942637,67.11127613522707,9.315136043702978,9.18241840541308,0.1327176382898987,6.267149550457174,496.0839111328125,517.0137547395472,475.1540675260778,13.004699804358252,30.56258691396902,0.0,0.0,0.0,0.0,0.0
2024-04-08 04:00:00,515.7534790039062,527.9110477017449,515.3959177184777,525.7159681793986,13260600,499.7440979003906,496.74442901611326,476.54151611328126,356.0655729675293,504.2529585356026,497.51061307192765,469.9387079929354,62.02533331281896,9.849777780164459,9.315890280363355,0.5338874998011036,2.716002231036785,496.74442901611326,519.30299375648,474.18586427574655,12.953619626287386,30.77183363678061,0.0,0.0,0.0,0.0,0.0
2024-04-09 04:00:00,513.4193115234375,522.3288800381697,503.32769320807216,518.7133766013989,10863800,501.12274780273435,498.3987106323242,478.98848022460936,357.2193605041504,505.91956816975437,499.0257272101667,471.6438297000139,60.58897670698572,9.970207059233132,9.446753636137311,0.5234534230958214,1.800046035868763,498.3987106323242,520.741626847329,476.0557944173193,13.196972835318084,25.779836970304103,0.0,0.0,0.0,0.0,0.0
2024-04-10 04:00:00,516.3297119140625,519.0413099030587,502.3941546225541,505.8606751200009,11418500,503.50063171386716,499.3959533691406,481.35712341308596,358.36859970092775,507.81232157781034,500.6737257533949,473.39621723781977,61.77752646274975,10.183108581866975,9.594024625283245,0.58908395658373,2.0114641233498043,499.3959533691406,523.0993992141847,475.6925075240966,13.461608255018879,23.261981519302356,0.0,0.0,0.0,0.0,0.0
2024-04-11 04:00:00,519.6372680664062,520.3325667313413,513.8067986443587,517.6010838952341,10369500,506.41090393066406,500.7661666870117,483.81096801757815,359.5852772521973,509.9623118484641,502.4797774022531,475.2095917801173,63.13808344909927,10.497715580905265,9.774762816407648,0.7229527644976166,4.003831426985438,500.7661666870117,525.8540402176368,475.6782931563866,13.252313637893618,22.97204451871479,0.0,0.0,0.0,0.0,0.0
2024-04-12 04:00:00,508.45306396484375,516.6872509060779,505.9003620426098,514.2636784657437,11984500,509.0251800537109,501.7629119873047,486.23798400878906,360.703468170166,509.6879031423513,503.0486618367855,476.51325735598897,55.893080958775435,9.732383237794636,9.766286900685046,-0.03390366289040969,3.228537810038179,501.7629119873047,526.3815240733541,477.1442999012553,13.834085850252965,24.3049249880399,0.0,0.0,0.0,0.0,0.0
2024-04-15 04:00:00,496.8616638183594,515.0384571853876,493.93151580388917,513.2405867962719,13512900,509.9071990966797,502.563981628418,488.3410955810547,361.7724333190918,507.3558596288982,502.4594239302687,477.3112340800035,49.54733162858631,8.097183433212933,9.432466207190624,-1.3352827739776902,1.289841454149454,502.563981628418,525.2856029851521,479.84236027168396,14.679068891039337,25.110447782330258,0.0,0.0,0.0,0.0,0.0
2024-04-16 04:00:00,496.39483642578125,501.3710805844467,493.7626561595775,494.75592258091154,9847900,510.14459533691405,502.7020492553711,488.84316101074216,362.8577180480957,505.36294631924056,501.88184416793655,478.05961064258304,49.30454935540549,6.68652859849783,8.883278685452066,-2.1967500869542356,2.920222440108877,502.7020492553711,525.227897216973,480.1762012937691,14.173212204170259,23.33631170317722,0.0,0.0,0.0,0.0,0.0
2024-04-17 04:00:00,490.8424987792969,499.77195453488656,483.8598367935751,499.7123609723866,12193700,508.8960662841797,502.5992492675781,489.5433538818359,363.888203125,502.7228649483417,500.83047794044705,478.5609003734346,46.39281564698432,5.062193418890445,8.119061632139742,-3.056868213249297,0.5739318364024193,502.5992492675781,525.3312978212444,479.86720071391176,14.471190863599983,23.690518105178064,0.0,0.0,0.0,0.0,0.0
2024-04-18 04:00:00,498.4210510253906,508.76098785932845,495.67965646364473,496.4544030177161,14808700,507.9902069091797,502.414501953125,490.4881872558594,364.96134353637694,501.94071696235056,500.6010087104417,479.3397298107662,50.67465034345262,4.336434201862062,7.3625361460842065,-3.0261019442221446,0.8906864534117487,502.414501953125,525.2230175653926,479.6059863408573,15.133130050979977,23.37339976855331,0.0,0.0,0.0,0.0,0.0
2024-04-19 04:00:00,477.8306884765625,499.41434858815046,472.5266493809035,499.41434858815046,25215400,503.3943572998047,501.0889892578125,490.72612854003904,365.890107421875,497.55707541948,498.4324067834056,479.2805517192288,41.07515255210291,2.0758653333223265,6.3052019835318305,-4.229336650209504,-5.065704968366969,501.0889892578125,526.3730506415926,475.80492787403244,15.943350438046751,27.440002539009313,0.0,0.0,0.0,0.0,0.0
2024-04-22 04:00:00,478.4862365722656,488.69701401127566,470.2123104372898,486.4224254546389,17271100,499.6676330566406,499.70586547851565,490.96904541015624,366.8339562988281,494.08965017453187,496.53277152520184,479.24940210562244,41.45540307719702,0.33340221793190494,5.110842030411845,-4.77743981247994,-5.7132159883885425,499.70586547851565,526.7871111376419,472.62461981938947,16.349881029600187,27.38554693680264,0.0,0.0,0.0,0.0,0.0
2024-04-23 04:00:00,492.7594909667969,495.4015833562038,485.67749634188175,487.94214263107534,15079200,497.6016510009766,499.3621994018555,491.5349328613281,367.85641464233396,493.84780304585274,496.17341147202046,479.779209511943,49.14968558026902,0.10303229611645293,4.1092800835527665,-4.006247787436314,-5.924080625866813,499.3621994018555,526.6212124755128,472.1031863281981,16.857866623674806,29.395458701705756,0.0,0.0,0.0,0.0,0.0
2024-04-24 04:00:00,490.17694091796875,506.56583559911667,481.31699178938914,504.63889646618475,37772700,494.9863739013672,499.2435028076172,492.03349243164064,368.8482490539551,493.18037356805564,495.6023190383013,480.1869636847283,47.92244226791667,-0.2846465045983564,3.230494765922542,-3.5151412705208984,-4.959062638866618,499.2435028076172,526.6476843788872,471.8393212363471,17.011115207411077,29.014021203921654,0.0,0.0,0.0,0.0,0.0
2024-04-25 04:00:00,438.4079284667969,442.76835220036213,411.7089227857851,418.56245488313147,82890700,486.8634399414062,496.63717193603514,491.6709045410156,369.5604516601563,483.22174718600854,490.15523422196753,478.5485701467702,31.138011374927615,-4.714861412891821,1.6414235301596696,-6.356284943051491,-14.610160033533603,496.63717193603514,535.1802729194828,458.0940709525874,21.21262359567439,47.41741274029073,0.0,0.0,0.0,0.0,0.0
2024-04-26 04:00:00,440.3050537109375,443.4338366860677,429.05132886461274,438.48735929530994,32691400,480.04863891601565,494.53690948486326,491.0851086425781,370.22732025146485,475.4187120087229,485.4075979828218,477.04882440418857,32.0768614145034,-7.98075926842796,-0.28301302955785634,-7.697746238870104,-14.724052567360001,494.53690948486326,540.2736546434336,448.80016432629293,21.346007726973514,47.32361048453554,0.0,0.0,0.0,0.0,0.0
2024-04-29 04:00:00,429.7068786621094,436.7988148712777,425.6742197513567,436.60014947867506,21502600,473.3331604003906,491.6201797485352,490.0740234375,370.8210061645508,467.10746958206585,480.1027675713254,475.1922775123423,29.64526355139276,-11.294000791407825,-2.4852105819278503,-8.808790209479975,-17.306377916066708,491.6201797485352,545.7678973626379,437.4724621344325,21.03383966479375,47.433434381929885,0.0,0.0,0.0,0.0,0.0
2024-04-30 04:00:00,427.2734069824219,436.65975597546355,426.8264249918601,428.147455924362,18429500,466.4210174560547,488.2828063964844,489.2268005371094,371.42504806518554,459.86491274576696,475.0713998961917,473.3131061190121,29.09979501311213,-13.955261824698653,-4.779220830482011,-9.176040994216642,-15.966008022332412,488.2828063964844,549.5653537497013,427.0002590432674,20.547137929300806,46.9478749830182,0.0,0.0,0.0,0.0,0.0
2024-05-01 04:00:00,436.2326354980469,446.9301028028631,424.23396143290347,425.7139488551081,20344900,460.9600311279297,484.9280487060547,488.58991760253906,372.0652046203613,455.56813506436333,471.3724699535112,471.8589700162292,33.92049570641821,-15.166564783156389,-6.856689621016887,-8.309875162139502,-12.202396106469793,484.9280487060547,549.9732090414649,419.8828883706446,21.702164592370586,47.107896236938885,0.0,0.0,0.0,0.0,0.0
2024-05-02 04:00:00,438.70587158203125,440.9705176340693,429.3691740100177,435.88499880227045,15221300,454.98851318359374,481.4893600463867,488.06646484375,372.7106326293945,452.5022689766666,468.2613653467036,470.55884850900577,35.22973193728804,-15.745457786266627,-8.634443254066834,-7.111014532199793,-11.621588423266239,481.4893600463867,548.7485911066403,414.23012898613314,21.549624420960242,47.0081991588911,0.0,0.0,0.0,0.0,0.0
2024-05-03 04:00:00,448.91668701171875,451.11182764572453,440.8613108178751,442.9272916540199,16489100,452.09711303710935,477.74573516845703,487.3876666259766,373.3874688720703,451.8503449830397,466.419015029086,469.71013629342593,40.473473898026995,-15.205033036064322,-9.948561210466332,-5.256471825597989,-8.54160181154764,477.74573516845703,543.4075146507549,412.08395568615913,20.928125469688442,46.13104950819889,0.0,0.0,0.0,0.0,0.0
2024-05-06 04:00:00,462.5442810058594,463.02105978106573,450.28737750238747,452.5122844958483,15094600,450.50291748046874,475.0852752685547,487.02313842773435,374.1993681335449,453.7946969871887,466.0499927411596,469.4291223605802,46.67808799620818,-13.52124508653202,-10.663097985679471,-2.8581471008525483,-7.198084821201423,475.0852752685547,538.5375595081905,411.6329910289189,21.392121780008285,47.88810564243741,0.0,0.0,0.0,0.0,0.0
2024-05-07 04:00:00,465.0870666503906,468.3549217147275,458.2037375185185,463.150215285953,13406800,447.7356750488281,472.66866302490234,486.7549572753906,375.0649594116211,455.84785510777084,465.9582854944197,469.258845666063,47.77200121508894,-11.845106441191888,-10.899499676781954,-0.9456067644099342,-2.666974334947292,472.66866302490234,533.6053503195017,411.73197573030296,20.980626526786676,48.032603218846255,0.0,0.0,0.0,0.0,0.0
2024-05-08 04:00:00,469.41766357421875,472.3775777745394,459.88230094787235,460.3789341022437,11683900,445.6597473144531,470.3230606079102,486.4679034423828,375.96535064697264,458.3150930107613,466.2877500734482,469.265073819324,49.66592267069974,-10.051444711560862,-10.729888683737736,0.6784439721768738,-1.895263082802856,470.3230606079102,527.690434649339,412.9556865664814,20.593254222974927,48.151906312401344,0.0,0.0,0.0,0.0,0.0
2024-05-09 04:00:00,472.2187194824219,472.8742486238149,464.48116583313845,466.8352023225762,9437700,449.04082641601565,467.95213317871094,486.2970617675781,376.8655586242676,460.84302509651775,466.8526043028743,469.3809030610141,50.905991440641216,-8.30816174881312,-10.245543296752814,1.9373815479396939,-4.168518691354661,467.95213317871094,520.4509565214388,415.4533098359831,19.272210193219887,48.13922315411467,0.0,0.0,0.0,0.0,0.0
2024-05-10 04:00:00,472.9935302734375,474.2847646282181,466.4379651606612,473.87752171642705,10750000,452.30967407226564,466.1791564941406,486.0203387451172,377.7493002319336,463.0522078559577,467.43745439530886,469.5225747164033,51.263671749408,-6.785853589555813,-9.553605355313415,2.767751765757602,-3.505552630107689,466.1791564941406,515.1986413685089,417.1596716197723,18.512359899903537,47.74165329423325,0.0,0.0,0.0,0.0,0.0
2024-05-13 04:00:00,464.85858154296875,470.16262007051995,459.73332367866385,469.56665421428306,14668800,455.82484436035156,464.5790023803711,485.3391571044922,378.52717880249025,463.3806394354142,467.19184745699073,469.33967302332746,47.36208561452851,-6.16477212602058,-8.875838709454849,2.7110665834342687,6.033342774770345,464.5790023803711,511.42239164862076,417.7356131121214,18.251278457820355,47.47682619650426,0.0,0.0,0.0,0.0,0.0
2024-05-14 04:00:00,468.6727600097656,469.3581162552764,456.9819950045203,460.2498499695703,10478600,459.96477966308595,463.1928985595703,484.81590393066404,379.25581420898436,464.3428431762053,467.3328867477312,469.3135195718153,49.310063880696795,-5.3036510774549015,-8.16140118305486,2.8577501055999583,6.442739200865888,463.1928985595703,507.6522843796812,418.73351273945946,17.331798275036682,47.637050006850416,0.0,0.0,0.0,0.0,0.0
2024-05-15 04:00:00,478.2975158691406,479.25104313597546,468.02714482052664,471.78169064027946,13100500,464.1712677001953,462.5656494140625,484.6434735107422,380.0667054748535,466.8800563931026,468.37713714024636,469.66583315210255,53.94201301828104,-3.8007563289423842,-7.289272212232365,3.488515883289981,11.307856499369517,462.5656494140625,505.717293726403,419.41400510172195,12.528646859555623,48.19055657005436,0.0,0.0,0.0,0.0,0.0
2024-05-16 04:00:00,470.04345703125,474.4734165714435,469.5666782594295,471.801527600696,16608200,467.3050262451172,461.14676971435546,484.18935241699216,380.81593658447264,467.45522014549306,468.5358342727229,469.680641931677,49.743986777845855,-3.2384046659914816,-6.4790987029841896,3.240694036992708,10.009995789554882,461.14676971435546,501.0805288730429,421.213010555668,12.124956130145348,48.12357342113259,0.0,0.0,0.0,0.0,0.0
2024-05-17 04:00:00,468.73236083984375,469.61635219313234,465.265870726958,467.6596161293241,10807300,469.2865936279297,460.69185333251954,483.38917724609377,381.60028518676756,467.6874275444659,468.5545510886392,469.6434544378796,49.09045496180844,-2.8654997297633145,-5.7563789083400145,2.8908791785767,7.450090318137681,460.69185333251954,500.02818551846417,421.3555211465749,11.42115272619615,45.89070625231485,0.0,0.0,0.0,0.0,0.0
2024-05-20 04:00:00,465.6830139160156,470.01367116907085,463.89514652631107,466.78555537893186,11745100,469.6004669189453,460.051692199707,482.65197509765625,382.3749432373047,467.3229887029295,468.28107135791316,469.48814304486535,47.526518475063085,-2.7839352211746586,-5.161890170906944,2.3779549497322856,6.149254906641954,460.051692199707,498.57707378618346,421.5263106132306,11.155809416135886,45.932261616669955,0.0,0.0,0.0,0.0,0.0
2024-05-21 04:00:00,461.5013427734375,467.53047671083374,459.1572184570371,463.97456625143184,11742200,469.24189453125,458.48878479003906,482.27532836914065,383.14089706420896,466.26450762484,467.63538292129647,469.1749351910839,45.390923943366346,-3.021886250364389,-4.733889386798433,1.7120031364340438,2.803338821172008,458.48878479003906,493.83197938694684,423.1455901931313,10.13274633640996,44.5287122236313,0.0,0.0,0.0,0.0,0.0
2024-05-22 04:00:00,464.6301574707031,470.5301623382244,462.51449517924743,464.71954780965524,10078600,468.7631439208984,457.2114456176758,481.640234375,383.8935722351074,465.96735305136053,467.3491709736209,468.99670861381406,47.29908744508597,-2.9242856136187356,-4.371968632162494,1.4476830185437581,0.4509571408617852,457.2114456176758,489.4420847931574,424.9808064421942,9.948994617891048,44.648386725297165,0.0,0.0,0.0,0.0,0.0
2024-05-23 04:00:00,462.64361572265625,471.1658279710308,458.4321759489414,469.6958131205523,11747900,467.8056335449219,458.42322998046876,481.04844665527344,384.6557618713379,465.3630371734143,466.9010228544814,468.74756771612164,46.19538530031618,-2.9729632528945444,-4.092167556308904,1.1192043034143593,-0.5253749465304214,458.42322998046876,489.47813813006144,427.3683218308761,9.9724014720622,22.574960605612198,0.0,0.0,0.0,0.0,0.0
2024-05-24 04:00:00,474.9998474121094,476.61887645447604,463.16009887613995,464.4712177669983,12024300,468.0062652587891,460.15796966552733,480.77808044433596,385.5165936279297,467.11518448954064,467.67233947901747,468.99275515518,53.46848219857791,-1.9915387813406369,-3.6720418013152507,1.6805030199746138,1.1891720893898672,460.15796966552733,490.82516204296826,429.4907772880864,9.963179183667402,24.12196290607277,0.0,0.0,0.0,0.0,0.0
2024-05-28 04:00:00,476.68841552734375,477.6220580395815,471.6426053305284,473.37087913585106,10175800,469.1892486572266,462.5070465087891,480.6950433349609,386.3832388305664,468.85577195095937,468.5310133883819,469.29454575801,54.37611326595043,-1.0652202855307564,-3.1506774981583523,2.085457212627596,0.9465308892923519,462.5070465087891,490.4275642474556,434.5865287701225,9.665198363156264,21.748534497139527,0.0,0.0,0.0,0.0,0.0
2024-05-29 04:00:00,471.1658020019531,476.618854768797,470.5102728984341,471.4638000883628,9226200,469.4385528564453,464.7016662597656,480.2456896972656,387.2426110839844,469.27577741477637,468.78194563729346,469.36792835581167,50.88049339583931,-0.7678832804626836,-2.674118654619219,1.9062353741565352,-0.38641718216055887,464.7016662597656,487.366850790769,442.0364817287622,9.213974491887878,22.24016491718129,0.0,0.0,0.0,0.0,0.0
2024-05-30 04:00:00,463.905029296875,468.55353877845073,461.5807897121286,468.49394522336104,10719600,467.9993041992187,466.08528594970704,479.6658203125,388.043106842041,468.2992777569761,468.3174774143964,469.1536970201671,46.63569235389044,-1.1053830702821301,-2.3603715377518015,1.2549884674696714,-0.20512738367197692,466.08528594970704,484.3925243839966,447.7780475154175,9.2991123132556,22.52158236922482,0.0,0.0,0.0,0.0,0.0
2024-05-31 04:00:00,463.6865234375,465.9611118987805,451.3998233629331,462.66346029491183,16919800,467.3636108398438,467.33431854248045,478.89723083496096,388.8635447692871,467.46059515343495,467.87643417850154,468.93929805614096,46.5099398237287,-1.374639691312609,-2.1632251684639634,0.7885854771513543,-1.0639057777033445,467.33431854248045,480.44844297133915,454.22019411362174,9.778718675276346,22.53684518235277,0.0,0.0,0.0,0.0,0.0
2024-06-03 04:00:00,474.2747802734375,476.3705882132415,465.0870657511374,467.68941896049296,11279400,467.9178527832031,468.6022232055664,478.29590759277346,389.77492584228514,468.69953790252634,468.4858004732573,469.1485326528977,53.10835762154913,-0.7252830548791849,-1.8756367457470078,1.150353690867823,-0.8410529978173042,468.6022232055664,478.7973246705531,458.4071217405797,9.73756568820262,22.484493815647298,0.0,0.0,0.0,0.0,0.0
2024-06-04 04:00:00,473.77813720703125,475.66536764367015,470.0434761018759,473.7880795710405,7088700,468.7273651123047,469.163916015625,477.64849609375,390.72946548461914,469.6229195942545,468.98983254314055,469.33008577266764,52.779478418732324,-0.2478807717473046,-1.5500855509470672,1.3022047791997626,0.7945393388452127,469.163916015625,479.19016463700996,459.13766739424,9.255120708991058,20.01604869338657,0.0,0.0,0.0,0.0,0.0
2024-06-05 04:00:00,491.7264404296875,493.30573030037567,480.65152660799043,481.18789892832643,15690500,471.7498748779297,470.49588470458986,477.49036865234376,391.7828752136231,473.6417415643332,471.1552237704308,470.20837419059,61.94996373324297,1.560750684613538,-0.9279183038349463,2.4886689884484845,4.905588244140957,470.49588470458986,484.5218822741813,456.46988713499843,9.848241764555029,23.855072085303014,0.0,0.0,0.0,0.0,0.0
2024-06-06 04:00:00,490.43524169921875,499.4342331212912,487.5845718978277,489.6604950970564,10667300,474.33038330078125,471.54676361083983,477.44805603027345,392.7968376159668,476.6951052252214,472.9914159541249,471.0015846811245,61.03169177081405,2.856981691188082,-0.17093830483034067,3.0279199960184227,5.315252445017693,471.54676361083983,488.1459985595808,454.9475286620989,10.071014879823057,23.805500711806843,0.0,0.0,0.0,0.0,0.0
2024-06-07 04:00:00,489.640625,495.5505725541797,486.86943340489194,492.57077317803936,9380700,477.03008422851565,472.41785888671876,477.4301776123047,393.8182376098633,479.048836093363,474.5770549108749,471.73252743872746,60.43796127726267,3.7766008720003583,0.6185695305357992,3.158031341464559,6.09733485442463,472.41785888671876,490.8886010989183,453.94711667451924,10.34984008303704,23.802756849182643,0.0,0.0,0.0,0.0,0.0
2024-06-10 04:00:00,499.21563720703125,499.2752307587235,490.08751769050286,490.5344693281946,11220900,479.4516632080078,473.7289642333984,477.76828430175783,394.8545710754395,482.715527204939,476.9235865581279,472.81029644924917,64.87249155795428,5.21788068120901,1.5384317606704414,3.6794489205385688,7.443657967575823,473.7289642333984,495.75267915803346,451.70524930876337,10.600988734177308,24.6106996252125,0.0,0.0,0.0,0.0,0.0
2024-06-11 04:00:00,504.0528869628906,504.18201644117164,494.914824216535,496.792112209235,9673700,482.1881103515625,475.68867950439454,478.0885125732422,395.9522492980957,486.5950471609302,479.5073294538196,474.0354960772351,66.89156217717729,6.673502954632454,2.565445999462844,4.1080569551696104,8.950576606477645,475.68867950439454,501.1031636150438,450.2741953937453,10.664841160665882,23.53799604542001,0.0,0.0,0.0,0.0,0.0
2024-06-12 04:00:00,505.41363525390625,510.5488355125895,501.0730662457402,510.52895078627483,11983200,485.61289367675784,477.5257232666016,478.31636779785157,397.06293258666994,490.0166086323804,481.97459667287546,475.26601133906536,67.45820531347049,7.8464461612460354,3.6216460318194823,4.224800129426553,6.40290476039036,477.5257232666016,505.9394385784926,449.1120079547105,10.696766139384623,23.49356284198272,0.0,0.0,0.0,0.0,0.0
2024-06-13 04:00:00,500.70556640625,505.930126725215,497.9839960314029,502.30471065857984,9954600,489.29294738769534,478.64612579345703,478.26392333984376,398.12646057128904,491.9600555003567,483.7584985522444,476.2636409495432,63.41423996592381,8.300428125460769,4.55740245054774,3.743025674913029,5.038333237516768,478.64612579345703,508.895839884784,448.3964117021301,10.35480033022196,23.073032666392105,0.0,0.0,0.0,0.0,0.0
2024-06-14 04:00:00,501.26239013671875,504.2351956755983,497.8719851588786,499.76105901416054,10243300,493.0505340576172,480.20707244873046,478.1395782470703,399.15442398071286,493.6513890706043,485.42553584600387,477.24398405492263,63.691470408267826,8.605939214094121,5.367109803257017,3.2388294108371047,6.387685185742931,480.20707244873046,511.7806227590213,448.6335221384396,9.811082457714807,21.88928762247532,0.0,0.0,0.0,0.0,0.0
2024-06-17 04:00:00,503.71820068359375,507.8145165497157,493.15924290347647,498.786716272725,11266600,495.9948760986328,481.956364440918,477.73815856933595,400.2090037536621,495.4817184547842,487.1676944019648,478.282188628596,64.95284313584648,8.943131487114897,6.0823141400285925,2.8608173470863045,8.582181453618265,481.956364440918,514.7078266696609,449.20490221217506,10.430783953228103,21.774999056229877,0.0,0.0,0.0,0.0,0.0
2024-06-18 04:00:00,496.61920166015625,503.0917955375381,492.1748915017007,501.6600694232584,13060400,498.2789825439453,483.503173828125,477.35547302246096,401.22416931152344,495.68853358303363,488.067837950364,479.00128717885326,58.6138278441094,8.539095522659068,6.5736704165546875,1.9654251061043801,7.102358286911747,483.503173828125,515.9391879043536,451.0671597518963,10.81401013558406,22.403877363341113,0.0,0.0,0.0,0.0,0.0
2024-06-20 04:00:00,498.8164978027344,500.77517646661437,493.9148098546325,499.1147614196994,11801200,498.98798828125,485.36893157958986,477.06341674804685,402.247890625,496.2572543502519,489.0915198410659,479.7783542621427,59.91775064392276,8.300514382135418,6.919039209670834,1.381475172464584,5.174577808068914,485.36893157958986,516.7519560728192,453.9859070863605,10.619392587166727,21.92848245284084,0.0,0.0,0.0,0.0,0.0
2024-06-21 04:00:00,491.936279296875,500.5564623228992,489.56003146184884,500.5564623228992,22359200,499.1380920410156,486.73423767089844,476.57554809570314,403.2185076904297,495.4716225223651,489.36244931304776,480.2551356360538,54.16334566290882,7.470149740150816,7.02926131576683,0.4408884243839859,3.8326255822794586,486.73423767089844,516.6604615703079,456.80801377148896,10.364759896109799,22.780135292436423,0.0,0.0,0.0,0.0,0.0
2024-06-24 04:00:00,496.04254150390625,504.88143086237153,491.4490995948573,496.33088323813683,13525300,499.7782836914063,488.40418395996096,476.1036535644531,404.21451736450194,495.5754259735544,489.99864856932,480.8742495916559,56.82820423955529,7.0620143164769615,7.035811915908857,0.026202400568104522,0.8777443552653308,488.40418395996096,516.3308235995065,460.47754432041535,10.418207502664997,22.689118046822664,0.0,0.0,0.0,0.0,0.0
2024-06-25 04:00:00,507.66534423828125,507.77469745154934,492.65212507473245,494.1932043482864,12063200,500.6232543945313,490.0374588012695,476.08789916992185,405.27112197875977,497.77359293077745,491.6811910139829,481.92488075426866,63.32730098506224,7.588946446922307,7.146438822111548,0.44250762481075956,3.5132268389533206,490.0374588012695,518.4793701673096,461.5955474352294,11.096827562309471,22.27222884611681,0.0,0.0,0.0,0.0,0.0
2024-06-26 04:00:00,510.17083740234375,510.856874053988,501.77934388389946,503.7380225205022,8882300,501.23504943847655,491.71157989501955,476.35408264160156,406.34412338256834,500.0276373801531,493.44210971763636,483.032565328703,64.56565367615156,8.115169691020697,7.340184995893378,0.7749846951273183,4.192914426237349,491.71157989501955,520.7798421285396,462.6433176614995,10.350394496362624,22.278698122749013,0.0,0.0,0.0,0.0,0.0
2024-06-27 04:00:00,516.5738525390625,519.8747782877508,510.9464098062174,511.294373925033,10121200,502.3510711669922,493.981982421875,476.7576629638672,407.40116653442385,503.03604013631843,495.64513284348646,484.3479099251877,67.57871322865148,8.945754127462578,7.661298822207218,1.28445530525536,3.477097678499308,493.981982421875,523.3847658138593,464.5791990298906,10.19712875793002,21.75331625345149,0.0,0.0,0.0,0.0,0.0
2024-06-28 04:00:00,501.322021484375,518.8805251412638,500.94420066099576,514.1777300033583,15855100,502.4127166748047,495.85283203125,476.9672534179688,408.4112208557129,502.7244003814196,496.18578890452346,485.01356135888136,55.47765098428005,8.277880719999303,7.784615201765636,0.4932655182336667,-0.5417815370466594,495.85283203125,521.7503585830002,469.95530547949977,10.858213424428609,23.949988733263268,0.0,0.0,0.0,0.0,0.0
2024-07-01 04:00:00,501.7793884277344,503.6684622749848,490.3355617817053,502.0478560452752,10328200,502.46441650390625,497.7574752807617,477.03442016601565,409.4066944885254,502.5525800262041,496.71851266863877,485.6710447733462,55.73363620694558,7.696768368095263,7.767045835031562,-0.07027746693629844,-0.7190638662421756,497.7574752807617,518.8519409113111,476.6630096502123,11.12237733403975,23.920802514777883,0.0,0.0,0.0,0.0,0.0
2024-07-02 04:00:00,506.5716857910156,507.5659383637164,496.57945957224564,497.88192801510917,7739500,502.74976501464846,499.3723205566406,477.6092401123047,410.3930888366699,503.2833265288971,497.65691010886513,486.4906777544313,58.43059495522904,7.536059980419736,7.720848664109197,-0.18478868368946078,1.1715706351876465,499.3723205566406,517.6551115329373,481.0895295803439,11.245183517385044,22.98456495472316,0.0,0.0,0.0,0.0,0.0
2024-07-03 04:00:00,507.02899169921875,508.34141226916296,503.11163445819557,503.459628898402,6005600,503.7907440185547,501.03486328125,478.18009521484373,411.4383755493164,503.9643565598646,498.54948930794643,487.29610183069747,58.689244269990546,7.360748068446014,7.648828544976562,-0.28808047653054736,1.1504157654690816,501.03486328125,515.072545976303,486.9971805861971,10.94189841339348,22.94492966055877,0.0,0.0,0.0,0.0,0.0
2024-07-05 04:00:00,536.8068237304688,537.7613279468876,508.65956910819915,508.65956910819915,21354100,507.58977661132815,503.28888244628905,479.0610418701172,412.62143859863284,509.93571422724716,502.19304496723424,489.2376987679434,71.23854089735309,9.514951854225046,8.022053206826259,1.4928986473987873,6.5688758123034985,503.28888244628905,523.9484942724836,482.62927062009453,12.569484524383247,27.773806443941503,0.0,0.0,0.0,0.0,0.0
2024-07-08 04:00:00,526.27783203125,539.6902908773806,523.6231943865845,539.2329128015355,14917500,511.0239318847656,505.0810119628906,479.78305969238284,413.73935455322265,512.9070083734294,504.48683421142624,490.69025301356334,63.852487295882135,10.25436628754187,8.468515822969382,1.7858504645724889,5.972107053442044,505.0810119628906,527.2118861926443,482.95013773313696,13.262619236817276,28.98331778311187,0.0,0.0,0.0,0.0,0.0
2024-07-09 04:00:00,526.953857421875,534.3908471604564,525.1542627135257,530.6823045262751,8753200,514.1150634765625,506.94667358398436,481.55397827148437,414.88744049072267,515.4609809276923,506.6265507076595,492.1123551472226,64.10978411541296,10.770748666315171,8.92896239163854,1.8417862746766307,5.640823778500614,506.94667358398436,529.8737250644516,484.0196221035172,12.87557000829524,28.93103819104086,0.0,0.0,0.0,0.0,0.0
2024-07-10 04:00:00,531.616943359375,535.7828643236683,525.3233071938398,527.739333812602,10983300,516.5102233886719,508.5667388916016,483.3802160644531,416.07838836669924,518.3984286425436,509.00658810306095,493.66155468495407,65.91218053039688,11.424562243943228,9.428082362099477,1.9964798818437508,8.066220307885331,508.5667388916016,533.6694629243387,483.46401485886435,12.798159147433482,28.404237598535648,0.0,0.0,0.0,0.0,0.0
2024-07-11 04:00:00,509.7532958984375,532.3824937070442,505.44816535369097,527.8387522591509,16458300,516.4684692382813,508.8517593383789,484.9811444091797,417.1433987426758,516.8265863254334,509.07770313119204,494.29260335999265,52.57932604226417,10.062506278033538,9.554967145286291,0.5075391327472474,2.764027930540558,508.8517593383789,533.8679873600257,483.835531316732,14.232013557531436,32.34231252484177,0.0,0.0,0.0,0.0,0.0
2024-07-12 04:00:00,496.00274658203125,505.1697559706881,491.3894306970728,494.8991408562319,19750500,514.4113586425781,508.38121490478517,486.35573120117186,418.1309747314453,513.0404336448148,507.8324691741291,494.3596678000726,46.24366644590109,7.783786059809245,9.200730928190882,-1.4169448683816377,-2.2973003354698096,508.38121490478517,534.0161154419342,482.7463143676362,14.75825886755389,33.78897883081084,0.0,0.0,0.0,0.0,0.0
2024-07-15 04:00:00,493.308349609375,503.76787552831104,490.5343764947893,495.76415462534726,12539200,513.6099914550781,508.01135406494143,487.49724548339844,419.1143553161621,509.45278200200755,506.44921969177153,494.3184396357315,45.096965019349646,5.694822186631825,8.499549179879072,-2.8047269932472467,-3.3052629740320194,508.01135406494143,534.3172203063782,481.7054878235046,14.744056565125854,33.686010919452606,0.0,0.0,0.0,0.0,0.0
2024-07-16 04:00:00,486.9750061035156,501.0536270420419,482.9979955675087,498.61769595186473,14075800,512.1295532226562,507.29698486328124,488.46262817382814,420.0721220397949,505.36591365682716,504.5945326833662,494.03046185015444,42.433407117112544,3.488047337531043,7.497248811409467,-4.009201473878424,-5.7298382970920265,507.29698486328124,535.1074951756295,479.48647455093294,14.953560786391304,33.958609727367914,0.0,0.0,0.0,0.0,0.0
2024-07-17 04:00:00,459.3347473144531,476.41602998115064,456.4812472174527,476.41602998115064,28076600,507.405859375,505.0778121948242,488.6709893798828,420.8608293151855,496.9966106854864,500.28407693394587,492.6698455938524,33.21355535116871,-0.48557807257321883,5.9006834346129295,-6.386261507186148,-8.375310154060433,505.0778121948242,540.2101643148161,469.9454600748323,16.483291408960902,39.14046266990418,0.0,0.0,0.0,0.0,0.0
2024-07-18 04:00:00,473.11505126953125,476.48555141727223,461.8700580864728,472.2699305884637,19267200,504.01446533203125,503.902604675293,488.88240478515627,421.737042388916,492.65450897349456,497.6965506801921,491.9029909144673,40.190820892322236,-2.49400019435717,4.22174670881891,-6.71574690317608,-5.712537784387561,503.902604675293,541.697864822442,466.1073445281439,17.01521021020462,40.77433657707966,0.0,0.0,0.0,0.0,0.0
2024-07-19 04:00:00,474.0496826171875,483.91265093835443,472.975872869739,473.3238673312673,15149400,497.73875122070314,502.6642639160156,489.0616571044922,422.58513580322267,489.2718132723478,495.444468007525,491.20286117731905,40.64374935867353,-3.964571148712764,2.584483137312575,-6.549054286025339,-6.4200199272971155,502.6642639160156,542.7167209432749,462.61180688875623,16.51524260937229,40.731547650950354,0.0,0.0,0.0,0.0,0.0
2024-07-22 04:00:00,484.59869384765625,489.23191443908513,481.11880987205853,483.78339946267863,12023100,493.5708374023437,502.29738464355466,489.36527770996094,423.51514526367185,488.42215519513115,494.41153713515655,490.9438742232146,45.64688533040807,-4.230031015948612,1.221580306660338,-5.451611322608949,-4.423868894832084,502.29738464355466,542.8943248990578,461.70044438805155,16.647337704273586,41.37882879977106,0.0,0.0,0.0,0.0,0.0
2024-07-23 04:00:00,485.8813171386719,492.3737855582179,484.91689087992546,487.02470158757365,9455500,489.4635833740234,501.789323425293,489.63852966308593,424.42854888916014,487.96018463941124,493.5991352307294,490.7453425728404,46.24022763987609,-4.287489384260937,0.11976636847608302,-4.4072557527370195,-9.486747250695649,501.789323425293,542.9660454814064,460.61260136917963,16.417952912780077,41.26782993122339,0.0,0.0,0.0,0.0,0.0
2024-07-24 04:00:00,458.618896484375,473.56251219425883,457.9328597471359,469.59545393801864,17649700,482.1637786865234,499.33700103759764,489.35103698730467,425.2095594787598,482.6254049748592,490.2676839215528,489.4854819419202,36.99574459636937,-6.458426341722941,-1.1958721735637219,-5.262554168159219,-12.85612492658772,499.33700103759764,544.6722714393803,454.001730635815,18.04071573996355,44.61823363634464,0.0,0.0,0.0,0.0,0.0
2024-07-25 04:00:00,450.8040466308594,460.88575158232453,440.1058796187656,460.59744019284307,18240500,476.26885375976565,496.36866149902346,489.0699462890625,425.8987103271484,476.8397034577683,486.5092422748201,487.9685629101139,34.845208943669405,-8.709109401077967,-2.698519619066571,-6.010589782011396,-14.450944749428164,496.36866149902346,546.2621625780981,446.4751604199488,17.329825433955698,44.671343496494174,0.0,0.0,0.0,0.0,0.0
2024-07-26 04:00:00,463.0234375,467.0700224305545,456.7795325266989,461.5320586336811,14222400,472.9709228515625,493.69114074707034,488.9569598388672,426.6344219970703,474.3276551018104,484.2724989629325,486.9903226979526,40.654172676025205,-9.398449741198704,-4.038505643492998,-5.359944097705705,-12.902806563297498,493.69114074707034,544.752999534013,442.6292819601276,17.344031098877057,45.74961165610432,0.0,0.0,0.0,0.0,0.0
2024-07-29 04:00:00,463.03338623046875,471.23597047064357,462.347349484825,467.1794330696992,11339600,469.94342651367185,491.776708984375,488.65167724609375,427.3529188537598,472.2741516706574,482.24972632174547,486.05083499334535,40.65881153681777,-9.83063273298012,-5.196931061390423,-4.633701671589698,-9.165200116190553,491.776708984375,544.4786621088473,439.07475585990267,17.319176565940477,44.847309425102175,0.0,0.0,0.0,0.0,0.0
2024-07-30 04:00:00,460.5278625488281,470.0130408141906,454.07517290776104,464.315962513696,11390400,467.2987121582031,489.71413269042966,488.4613653564453,428.0292207336426,470.1384627394157,480.1809773909915,485.0499341131682,39.814737506663725,-10.257078473418574,-6.208960543796053,-4.048117929622521,-7.15215475673503,489.71413269042966,543.9736605717166,435.4546048091428,17.710484478554843,44.81940256384736,0.0,0.0,0.0,0.0,0.0
2024-07-31 04:00:00,472.1009521484375,473.76136735309956,464.06740443244325,468.31285214220173,24285800,468.57533264160156,487.99059600830077,488.5287371826172,428.78154556274416,470.49527899560144,479.4114511774149,484.542130898865,45.448141487765064,-9.551089174096205,-6.877386269856084,-2.6737029042401215,-4.299014496253816,487.99059600830077,542.185358226373,433.7958337902286,16.731854225049002,45.7705713382126,0.0,0.0,0.0,0.0,0.0
2024-08-01 04:00:00,494.8793029785156,524.1401511076672,489.27173382544174,518.0056292651893,43083100,470.7517578125,487.38311157226565,489.1126629638672,429.69474365234373,474.9287379015858,480.8845799203769,484.94751019610624,54.47936680293949,-7.072042914118299,-6.9163175987085275,-0.15572531540977153,1.623142209750239,487.38311157226565,540.9480376906749,433.8181854538563,19.13723520775364,49.27393320586357,0.0,0.0,0.0,0.0,0.0
2024-08-02 04:00:00,485.3344421386719,498.2696468567978,473.4133337307261,486.1894847459628,24044700,471.88023376464844,484.80949249267576,489.5893249511719,430.5281687927246,476.8206841265105,481.3083763221193,484.9626839977755,50.69223376273345,-5.810590521996517,-6.695172183366125,0.8845816613696087,5.660293495370983,484.80949249267576,533.0582549910145,436.560729994337,19.96743621436435,44.31519011516424,0.0,0.0,0.0,0.0,0.0
2024-08-05 04:00:00,472.99578857421875,480.7012460328518,448.2090488117456,448.7559059334732,21396200,470.7199432373047,482.14539031982423,489.7566375732422,431.28576171875,476.12524857154835,480.5167012985097,484.49339398116547,46.21937267788912,-5.74033562137879,-6.504204870968659,0.7638692495898685,-0.02520796896916533,482.14539031982423,526.4783915738237,437.81238906582473,21.32956206096386,44.62218786207825,0.0,0.0,0.0,0.0,0.0
2024-08-06 04:00:00,491.2502746582031,499.6715955852924,475.8990117379211,476.2470062242667,20955000,471.2568389892578,480.36021118164064,490.32877075195313,432.1695034790039,478.87525331457647,481.53894638038525,484.7583696939905,52.84809395331204,-4.163677357826259,-6.03609936834018,1.8724220105139207,3.6284365693596943,480.36021118164064,519.6890118098676,441.03141055341376,21.056851212750335,47.20349220012734,0.0,0.0,0.0,0.0,0.0
2024-08-07 04:00:00,486.1099853515625,507.21794823147314,484.0617971194812,500.2383060346242,20105300,474.0059478759766,478.08486328125,490.5509735107422,433.0481816101074,480.19065913948305,481.9742834252593,484.8113742295816,50.94395267437809,-3.2910060435177115,-5.487080703375686,2.196074659857975,0.31186454340328407,478.08486328125,509.370801951149,446.798924611351,21.485804570548396,47.05378670279368,0.0,0.0,0.0,0.0,0.0
2024-08-08 04:00:00,506.7009582519531,507.0290482599496,491.876648319754,494.64066933875364,16156800,479.59563903808595,477.93224639892577,491.1512243652344,434.0504528808594,485.0107135235685,484.3292048373254,485.66978928928245,57.543156339716866,-0.9272001266519965,-4.575104588030948,3.6479044613789515,4.284923165164489,477.93224639892577,508.59122887717234,447.2732639206792,22.198824916246373,47.65551001833447,0.0,0.0,0.0,0.0,0.0
2024-08-09 04:00:00,514.7941284179688,515.3608596163658,502.79349364561364,504.7919205071636,13696600,484.7727081298828,478.87181549072267,492.0237908935547,435.0665983581543,490.42587986800487,487.23062613072,486.81192023550545,59.83045253256221,1.5809599653511555,-3.3438916773545273,4.924851642705683,12.248782674289039,478.87181549072267,512.8361072625227,444.9075237189226,22.012048784021697,46.84725278590773,0.0,0.0,0.0,0.0,0.0
2024-08-12 04:00:00,512.984619140625,515.0427292166193,506.1739830538234,513.8893622667638,9767400,489.76783142089846,479.85562896728516,493.0053826904297,436.08093948364257,494.52746882666304,489.6833873697585,487.8383005847258,59.06428023700527,3.383677702313719,-1.9983778014208782,5.3820555037345965,13.793259615675568,479.85562896728516,516.6062376275488,443.10502030702145,22.090166959181285,46.81033579797527,0.0,0.0,0.0,0.0,0.0
2024-08-13 04:00:00,525.502197265625,528.4452065274616,515.1719598564413,517.0212549519154,13743800,496.2652648925781,481.7819885253906,494.2416961669922,437.22246185302737,500.159237633747,493.0947025979363,489.3153161408395,62.6294320992086,5.756056204750848,-0.4474910001865329,6.203547204937381,13.493649501408878,481.7819885253906,523.7696830107724,439.7942940400089,21.1981762445599,47.071024376296805,0.0,0.0,0.0,0.0,0.0
2024-08-14 04:00:00,523.7325439453125,530.9309235361922,520.1234019137161,525.0250602739767,11444200,501.4284240722656,485.0018783569336,495.23085144042966,438.4106005859375,504.44529332675893,496.01259225006737,490.66501134885806,61.80986229874875,7.407992302706646,1.123605660392103,6.2843866423145425,13.10902399695031,485.0018783569336,529.5409386132544,440.4628181006129,20.485865505911125,41.364439032617625,0.0,0.0,0.0,0.0,0.0
2024-08-15 04:00:00,534.2417602539062,536.667738996692,523.6728503857054,528.7335620768248,13482100,505.3646697998047,488.05821380615237,496.4401239013672,439.6097116088867,509.8628327680584,499.65346539329016,492.3739034627815,64.75917210704694,9.456164708312429,2.790117469976168,6.66604723833626,16.006392598507002,488.05821380615237,537.3033643638968,438.81306324840796,20.252216421003375,40.7748463300952,0.0,0.0,0.0,0.0,0.0
2024-08-16 04:00:00,524.388671875,530.5927981833395,521.6445250806896,528.842964640351,14776700,509.2700927734375,490.57516326904295,497.09336853027344,440.730138092041,512.503894423866,502.0091993439292,493.6293845769862,60.07483153176779,10.167094275545935,4.265512831090122,5.901581444455813,11.075537867189533,490.57516326904295,541.9071387339283,439.2431878041576,20.51711743438895,41.70283990188312,0.0,0.0,0.0,0.0,0.0
2024-08-19 04:00:00,526.2379760742188,528.6042411215221,519.7554305554554,523.8417936399916,9879700,514.5943115234375,492.6571273803711,497.8094232177734,441.86670700073245,515.0010001784756,504.3167018896711,494.9081528709953,60.65015339666567,10.755748895104773,5.563560043893053,5.1921888512117205,6.3366305495027975,492.6571273803711,546.2943927813885,439.01986197935366,20.010756195791604,41.22537247266791,0.0,0.0,0.0,0.0,0.0
2024-08-20 04:00:00,523.70263671875,528.0376240435813,522.8575463080886,525.3133210272216,7944400,517.8395477294922,494.548193359375,498.49066345214845,442.93811096191405,516.5831159130709,506.16298139720243,496.0373483160053,59.38668144568778,10.892123604065262,6.629272755927495,4.2628508481377665,7.90551653639191,494.548193359375,549.8215457921133,439.27484092663667,19.435511405164558,41.35364348235244,0.0,0.0,0.0,0.0,0.0
2024-08-21 04:00:00,532.0841674804688,536.2998492635563,523.9014884202904,524.1202555369616,13423300,522.4369659423828,498.22145690917966,499.14803405761717,444.0562844848633,519.401488925325,508.63166578608497,497.4509490675529,62.190840558200286,11.543455261831639,7.612109257108324,3.9313460047233146,12.492368924544529,498.22145690917966,553.2049171028763,443.237996715483,16.618226661277173,34.84332133591971,0.0,0.0,0.0,0.0,0.0
2024-08-22 04:00:00,528.872802734375,541.1020981439891,525.5520328797932,533.9136709320021,15708300,524.654150390625,502.1248947143555,499.64443237304687,445.1398965454102,521.1235459815159,510.55939311449356,498.6831786231146,60.468132417596784,11.666031250287006,8.422893655744062,3.2431375945429437,7.658525606392486,502.1248947143555,553.9270830852338,450.32270634347714,15.953494671143192,34.01686152677312,0.0,0.0,0.0,0.0,0.0
2024-08-23 04:00:00,524.96533203125,536.7671046219766,522.0422271868836,533.834047542885,11323900,525.6712707519531,505.221989440918,500.03546630859375,446.1980178833008,521.822052536013,511.9313872970418,499.7138513057866,58.35017031084577,11.31741327916609,9.001797580428468,2.3156156987376217,7.993118399241839,505.221989440918,554.5274575388496,455.91652134298636,14.353457821726535,33.680604173823966,0.0,0.0,0.0,0.0,0.0
2024-08-26 04:00:00,518.1248779296875,524.9653402482775,511.99035675969463,524.5676149591942,9584000,526.1852966308594,507.97656402587893,500.3838525390625,447.2069546508789,521.1498389712265,512.5212435477699,500.43585234986114,54.73576611743365,10.369628920138496,9.275363848370473,1.0942650717680227,2.2545683981228803,507.97656402587893,553.3573883864515,462.5957396653064,13.374827570120049,34.326466196929175,0.0,0.0,0.0,0.0,0.0
2024-08-27 04:00:00,516.116455078125,520.9982688988101,512.3482599012927,515.9971496313474,6282700,525.2467224121094,510.75599365234376,500.6809338378906,448.20108657836914,520.2346782633898,512.863644645899,501.05077794704795,53.684296424234,9.348674349606028,9.290025948617584,0.05864840098844404,0.2568651402881983,510.75599365234376,550.3396565950785,471.172330709609,12.338674561943293,34.263917360965294,0.0,0.0,0.0,0.0,0.0
2024-08-28 04:00:00,513.8098754882812,518.0951016645886,509.5047448414531,514.6947141610383,9106100,524.2544555664062,512.841439819336,500.88276733398436,449.17986541748047,519.0665323042791,512.953761868983,501.5511347133708,52.438425149534,8.258242917097618,9.083669342313591,-0.8254264252159729,0.16087350709241832,512.841439819336,547.9974755012404,477.6854041374315,11.458052698711034,33.67011375722383,0.0,0.0,0.0,0.0,0.0
2024-08-29 04:00:00,515.2415771484375,524.1700071760439,512.7161972736417,516.0668238363469,8317400,522.3544372558594,513.8595535278321,501.25521484375,450.12502319335937,518.3710859123079,513.1716490384548,502.08801480886365,53.16497502105482,7.424015084836071,8.751738490818088,-1.3277234059820167,-1.9525361017664888,513.8595535278321,547.9897645684352,479.72934248722896,11.37851297954318,29.426811975849464,0.0,0.0,0.0,0.0,0.0
2024-08-30 04:00:00,518.3139038085938,520.5310680440539,512.2390340101765,518.3536520726135,9157500,521.7469604492187,515.5085266113281,501.64516296386716,451.08345886230467,518.360689166178,513.6613875879918,502.7243241814021,54.762001546582624,6.930899507266588,8.387570694107788,-1.4566711868412003,-1.0346197117902522,515.5085266113281,546.9139090330835,484.1031441895726,11.337319256049003,28.328209580266773,0.0,0.0,0.0,0.0,0.0
2024-09-03 04:00:00,508.8186950683594,522.4697631708141,505.69672749483755,516.6534100228187,12459100,520.0050323486328,517.2996719360351,501.98281127929687,451.9590953063965,516.6257811483928,513.2001787765982,502.96331911814553,49.1804414338711,5.708118234938183,7.851680202273868,-2.1435619673356845,-4.75871919362204,517.2996719360351,541.829664890725,492.7696789813453,11.431065562416146,27.467335350888728,0.0,0.0,0.0,0.0,0.0
2024-09-04 04:00:00,509.7930908203125,513.6209999091698,501.1729373910715,503.1614426784679,8335200,518.6140777587891,518.2268127441406,502.257822265625,452.85746353149415,515.3834738160145,512.8756942093329,503.23115330254427,49.746495861912784,4.762778514780393,7.233899864775173,-2.47112134999478,-2.783351707903925,518.2268127441406,539.8394722562921,496.6141532319892,11.548247054960585,24.19539945186785,0.0,0.0,0.0,0.0,0.0
2024-09-05 04:00:00,513.889404296875,518.6320088026798,508.212230225459,508.7789615116668,8640900,516.7946014404297,519.6157836914062,502.3823034667969,453.7689710998535,515.1118248125346,512.9722380271941,503.64912392977294,52.15901042591863,4.294622504071697,6.6460443926344785,-2.351421888562782,-2.3465755682372413,519.6157836914062,535.2934325321215,503.93813485069103,11.364310623977312,23.82341711420973,0.0,0.0,0.0,0.0,0.0
2024-09-06 04:00:00,497.3947448730469,521.5650538628864,495.3863655135682,518.880559665027,14744500,513.6467956542969,519.1504730224609,502.12678161621096,454.5937889099121,511.89053755080954,511.4886672506086,503.40385416284255,43.17156548465669,2.563078752423962,5.829451264592376,-3.266372512168414,-5.0234407851247,519.1504730224609,536.8624836202891,501.4384624246327,12.334414422270283,22.056912953983502,0.0,0.0,0.0,0.0,0.0
2024-09-09 04:00:00,501.8887634277344,508.39115339074016,499.19431711601146,503.2508845942156,11047800,511.3391387939453,518.5052047729492,501.83307983398436,455.41661865234374,510.07203316479587,510.5743906960492,503.3444388398972,45.90638755773095,1.5357444869493975,4.970709909063781,-3.4349654221143835,-5.67493000134095,518.5052047729492,537.758689623758,499.2517199221405,12.487814275957893,21.485894698956585,0.0,0.0,0.0,0.0,0.0
2024-09-10 04:00:00,501.8887634277344,511.22477928436297,497.15611148388973,505.23938973469745,9899000,509.71552734375,517.9504119873047,501.84441467285154,456.2542817687988,508.58416593987556,509.7471880990669,503.2873535296163,45.90638755773095,0.7133516067405026,4.1192382485991255,-3.405886641858623,-5.102179421427588,517.9504119873047,538.4714285894519,497.4293953851576,13.12271356631364,21.471481631962405,0.0,0.0,0.0,0.0,0.0
2024-09-11 04:00:00,508.8883056640625,510.1709000409841,492.7516050439692,504.0960310908237,10782500,508.9927124023437,517.1197174072265,501.9865930175781,457.10456817626954,508.6394640715459,509.6653897719236,503.5069987113593,50.232642511303695,0.6192653791986231,3.4192436747190253,-2.7999782955204022,-3.0624929659603617,517.1197174072265,537.6985712536188,496.54086356083434,13.467148027185683,20.10807907682684,0.0,0.0,0.0,0.0,0.0
2024-09-12 04:00:00,522.5791625976562,523.6828291466688,512.25881535378,514.0783146741212,11970500,509.86964111328126,517.0620483398437,502.30674255371093,458.03948181152344,511.17395471265684,510.89527289818386,504.2549267069004,57.4079475705203,1.6306420744971888,3.0615233546746583,-1.4308812801774695,0.8596932627066733,517.0620483398437,537.5692146060716,496.55488207361583,13.413180757072139,22.472752090503143,0.0,0.0,0.0,0.0,0.0
2024-09-13 04:00:00,521.6047973632812,524.5478069237411,514.1379505818885,517.3494277649944,10321400,510.50596313476564,516.4302001953125,502.5982586669922,458.9870362854004,513.0704715582249,511.9152276091455,504.9353137914644,56.78050944555096,2.3267212663678833,2.9145629370133035,-0.5878416706454201,1.0633922307951682,516.4302001953125,535.4320992692178,497.4283011214072,13.104964964697817,21.185060237430264,0.0,0.0,0.0,0.0,0.0
2024-09-16 04:00:00,530.720947265625,531.5369588305283,514.9171466899668,522.022837390722,9527600,511.7466674804688,516.7468139648438,502.47654113769534,459.95888854980467,516.2796489595703,513.7062485288102,505.94651510417657,61.06779354278654,3.5727813517371487,3.0462066199580726,0.5265747317790761,3.291309214575322,516.7468139648438,536.5030979470997,496.9905299825879,13.36530986841058,21.124326527651572,0.0,0.0,0.0,0.0,0.0
2024-09-17 04:00:00,533.7462158203125,539.4984461028365,528.0238099822781,535.02004153394,11690800,514.2394195556641,517.1222259521485,502.62590881347654,460.97955276489256,519.4553883887961,515.6148168422866,507.03669944598585,62.400758885250816,4.749655760856399,3.386896448137738,1.3627593127186608,3.5914490391647735,517.1222259521485,537.8969824801733,496.3474694241237,13.567068948627801,21.177138148523266,0.0,0.0,0.0,0.0,0.0
2024-09-18 04:00:00,535.3683471679688,541.5883529191947,531.337795589623,534.4925654988167,10323500,516.7969451904297,517.7055114746094,502.79419860839846,462.03338088989256,522.3486536213729,517.4961054447325,508.14774445469106,63.129701369291446,5.7469820206817985,3.8589135626465505,1.888068458035248,3.2903696455098386,517.7055114746094,539.8669745193436,495.54404842987515,13.685654699087523,21.084465940003415,0.0,0.0,0.0,0.0,0.0
2024-09-19 04:00:00,556.4169311523438,559.3727101138928,543.8973445888765,547.360625106574,15647000,521.0496978759766,518.9221496582031,503.29019836425783,463.20401138305664,528.5428858997312,521.2028507502193,510.0406537369519,70.98920849012023,8.14195964157011,4.7155227784312626,3.426436863138848,9.354655508007536,518.9221496582031,546.4332716421729,491.41102767423337,14.5821227736248,24.589818221781492,0.0,0.0,0.0,0.0,0.0
2024-09-20 04:00:00,558.6560668945312,561.790974396656,553.630313904446,557.3125698177632,22066800,527.175830078125,520.4113128662109,504.2682537841797,464.4096507263184,534.0180097169675,524.7698237163443,511.94714052744524,71.68078788335816,10.104201259687557,5.7932584746825215,4.310942785005035,9.584864321247055,520.4113128662109,552.9544348559307,487.8681908764911,14.572738949219987,24.3932148565335,0.0,0.0,0.0,0.0,0.0
2024-09-23 04:00:00,561.701416015625,571.2254976602934,559.7110138514457,566.7670162500528,12830700,533.157095336914,522.2481170654297,505.58222717285156,465.63909927368167,539.0513563167234,528.2871182210376,513.8982885858053,72.636220146963,11.769356289129519,6.988478037571921,4.780878251557597,9.303949705709226,522.2481170654297,559.6567194568804,484.839514673979,14.272481455633246,24.102157600904757,0.0,0.0,0.0,0.0,0.0
2024-09-24 04:00:00,560.626708984375,565.0254812803894,551.5305554385482,563.960608707355,12993000,539.0308898925781,524.3732086181641,506.92859436035155,466.86734161376955,542.9741477108419,531.3670792461174,515.730775660259,71.71666765868692,12.85410959700721,8.16160434945898,4.69250524754823,12.712632122292966,524.3732086181641,565.4450627681219,483.3013544682062,14.347257407329172,23.404036289327003,0.0,0.0,0.0,0.0,0.0
2024-09-25 04:00:00,565.582763671875,574.1116448246654,561.0147636623793,561.343197050028,16543400,544.7003356933594,526.8465240478515,508.50074951171877,468.07502044677733,547.0848051583024,534.6257158580944,517.6857555822833,73.38969784391682,13.952856755207563,9.319854830608696,4.633001924598867,12.69085998441799,526.8465240478515,571.6160375943605,482.07701050134256,14.566197211834142,23.267536947833086,0.0,0.0,0.0,0.0,0.0
2024-09-26 04:00:00,565.114990234375,574.6291098304922,559.6512854533856,572.967080344701,14400800,548.9539184570312,529.4117797851562,510.61635437011716,469.2497996520996,550.3630206266793,537.529456274883,519.5457255686398,72.95107720888339,14.617376371259638,10.379359138738884,4.238017232520754,12.597657372288307,529.4117797851562,576.8368008046124,481.9867587657,13.76613549953331,23.112821057808354,0.0,0.0,0.0,0.0,0.0
2024-09-27 04:00:00,564.63720703125,568.1005477071013,561.8009085673148,567.3640479667661,9398400,553.2571594238282,531.8815612792969,512.4467974853516,470.4592495727539,552.9583272456921,540.1111468231085,521.3140189593304,72.47462435026375,14.93331785058092,11.29015088110729,3.6431669694736293,10.955036841422249,531.8815612792969,581.3022465034833,482.46087605511053,13.430651972539973,23.1920756198258,0.0,0.0,0.0,0.0,0.0
2024-09-30 04:00:00,569.69287109375,571.9221116471715,562.0895207658488,564.9756280044119,12792300,557.1543518066406,534.4505096435547,514.3596612548828,471.6496258544922,556.0009715817026,542.9284538965029,523.2112288469547,74.38130208268217,15.413970925113858,12.114914889908604,3.299056035205254,9.015611771027988,534.4505096435547,586.1888055787327,482.7122137083766,13.12807504974351,23.238120847899662,0.0,0.0,0.0,0.0,0.0
2024-10-01 04:00:00,573.7034912109375,580.2419690688359,567.3640657014531,575.206254439428,15259300,561.1500793457031,537.6947494506836,516.1417572021485,472.8574752807617,559.2196115142907,545.859409831211,525.1913175671109,75.81266593635759,15.9348286888669,12.878897649700265,3.0559310391666354,9.988154654829827,537.6947494506836,590.7852349096971,484.6042639916701,12.803689933341218,21.56987409794237,0.0,0.0,0.0,0.0,0.0
2024-10-02 04:00:00,570.0611572265625,573.2358512630743,566.6078384594379,572.1013073959746,6524700,564.6193603515625,540.7081527709961,517.8253540039062,474.05490188598634,561.1908016437947,548.1643381545778,526.9509191223835,71.88457422279122,15.870758086912929,13.4772697371428,2.393488349770129,7.412597931855847,540.7081527709961,593.9717833494124,487.4445221925798,12.253770595405026,21.978446954112655,0.0,0.0,0.0,0.0,0.0
2024-10-03 04:00:00,579.973388671875,580.5605233296984,566.0007257701127,567.4139551254736,11581000,566.9750061035156,544.0123519897461,520.2524438476562,475.29320785522464,564.605817467082,551.1937715371776,529.0302316537361,75.59108062571165,16.43041629940228,14.067899049594697,2.362517249807585,8.660890041256053,544.0123519897461,598.4568712295649,489.56783274992733,12.550194968100252,22.35809022813297,0.0,0.0,0.0,0.0,0.0
2024-10-04 04:00:00,593.0801391601562,593.9857454241755,578.6397616460487,580.9287120013399,14169500,570.4174133300781,548.7966217041015,523.0979656982422,476.54892501831057,569.7829668658228,555.1829494060327,531.5419927324193,79.44906120377274,17.72720649002565,14.79976053768089,2.927445952344762,10.779828934130231,548.7966217041015,602.8076121411968,494.78563126700624,12.459207227926347,17.937304687028963,0.0,0.0,0.0,0.0,0.0
2024-10-07 04:00:00,581.9736938476562,600.0564797527886,581.2371940539072,595.3491375246505,12014200,572.4446411132812,552.8008682250977,525.4769708251953,477.72063385009767,571.9994626807015,557.7344488766635,533.5197065016444,69.43410488867347,17.65520651199529,15.370849732543771,2.2843567794515174,4.593095800011726,552.8008682250977,603.9689705667256,501.6327658834698,12.98382505494942,20.440918491150992,0.0,0.0,0.0,0.0,0.0
2024-10-08 04:00:00,590.0447998046875,590.7115675395601,583.1579643993507,586.8601441089934,7857400,575.3864501953125,557.2086700439453,528.0171990966796,478.9380561828613,575.2804330668807,560.8116251555228,535.7363768272539,72.17871192394455,18.041446246441183,15.904969035323255,2.1364772111179278,5.618614881359929,557.2086700439453,604.9862765558456,509.4310635320449,12.875776223687435,20.357953270457422,0.0,0.0,0.0,0.0,0.0
2024-10-09 04:00:00,587.6762084960938,591.5375936051837,578.8188944511467,591.1394888701676,9529700,577.5957946777344,561.1480651855469,530.560166015625,480.1197724914551,577.5342104176467,563.3701569022438,537.77323297113,70.18693321243047,17.949507743154186,16.31387677688944,1.6356309662647455,4.624306035174075,561.1480651855469,604.9799452031622,517.3161851679316,12.069657381409788,20.681381004947596,0.0,0.0,0.0,0.0,0.0
2024-10-10 04:00:00,581.0281982421875,587.3974479929923,579.7244874036023,584.7502401443048,7740400,579.1871154785156,564.0705169677734,532.7387109375,481.27172164916993,578.1694809311996,565.0518751250956,539.4695061190147,64.78335287564482,17.142597753165774,16.47962097214471,0.6629767810210652,3.6390505359210623,564.0705169677734,604.7559729442102,523.3850609913367,12.054733138572747,20.323428796573133,0.0,0.0,0.0,0.0,0.0
2024-10-11 04:00:00,587.118896484375,588.3728595792917,579.9136502956993,582.0234717517561,8587100,581.4352844238281,567.3462219238281,534.5835028076172,482.4469805908203,579.7966473954133,567.1534962069318,541.3381096627544,67.26955983621241,16.800913743256388,16.543879526367043,0.2570342168893447,3.807777428131498,567.3462219238281,603.9838231314507,530.7086207162056,11.761145889846334,20.21096255389921,0.0,0.0,0.0,0.0,0.0
2024-10-14 04:00:00,587.5866088867188,597.2201481215791,587.1288552616571,591.3683608695632,8252000,583.224658203125,570.1895050048828,536.6285461425781,483.60969467163085,581.2130040301961,569.09950693834,543.1517762989884,67.45954051702428,16.379059582480068,16.51091553758965,-0.13185595510958237,3.9764683366519726,570.1895050048828,603.5379619335032,536.8410480762624,11.51874058951511,19.819196679835894,0.0,0.0,0.0,0.0,0.0
2024-10-15 04:00:00,583.45654296875,587.7756815393129,577.3559556315927,587.3278289153324,9564200,584.1999633789062,572.6750213623047,538.8377612304688,484.74932739257815,581.6209202008422,570.466843703141,544.7323553840771,63.930716919856785,15.532427165823378,16.315217863236395,-0.7827906974130165,3.3329960730799746,572.6750213623047,601.7191371399662,543.6309055846433,11.299797022902956,20.28410163129383,0.0,0.0,0.0,0.0,0.0
2024-10-16 04:00:00,574.0220336914062,579.2866865055009,571.2753296162662,578.6099570311397,11268400,584.5960510253906,574.6077056884766,540.4931964111328,485.8634181213379,580.2393044718538,570.805433225833,545.8809702196586,56.641686509981916,13.93949302619501,15.840072895828119,-1.900579869633109,0.7599116677280415,574.6077056884766,597.7422516038923,551.4731597730608,11.10003909257276,21.57732436409639,0.0,0.0,0.0,0.0,0.0
2024-10-17 04:00:00,574.161376953125,582.1627721197076,572.4396984468079,580.5306884411078,8701200,584.0148498535157,575.4949279785156,542.2542242431641,487.0162568664551,579.1342267411758,571.1250469141465,546.9900057778337,56.72017338528352,12.543728783532856,15.180804073369067,-2.6370752898362113,0.0798122635128129,575.4949279785156,596.9954098980154,553.9944460590159,11.344570130652269,16.957009351902837,0.0,0.0,0.0,0.0,0.0
2024-10-18 04:00:00,573.7034912109375,581.1674987096003,572.4893751474343,578.3112766994918,7694300,582.0771850585937,576.2472991943359,543.5942749023437,488.1758351135254,578.1468202811324,571.3706130376504,548.0375934418771,56.359142078357934,11.270706325847641,14.398784523864782,-3.128078198017141,0.6389374084169397,576.2472991943359,596.2690068207552,556.2255915679167,11.262108179283928,16.952901652483668,0.0,0.0,0.0,0.0,0.0
2024-10-21 04:00:00,572.3997192382812,574.4697541048039,566.3787659804298,573.2655998985788,8171900,581.1197875976562,576.7822143554688,544.74638671875,489.315747833252,577.1018928187957,571.4686231519962,548.992970924089,55.280180524514506,10.040878358892655,13.527203290870357,-3.486324931977702,-1.3058649899329478,576.7822143554688,595.7093608682198,557.8550678427177,10.920185661926164,16.928803838754796,0.0,0.0,0.0,0.0,0.0
2024-10-22 04:00:00,579.2169799804688,580.7297050326658,569.3744268963089,571.5339961936412,8544500,580.0370056152344,577.7117279052734,546.0710339355469,490.4657846069336,577.486454120918,572.206561897565,550.178226181202,59.63200819308285,9.506739032491168,12.723110439194521,-3.2163714067033524,-2.337484981257121,577.7117279052734,595.0581850157995,560.3652707947473,11.224444617987396,17.32012290614785,0.0,0.0,0.0,0.0,0.0
2024-10-23 04:00:00,560.9849243164062,582.1926578504655,559.8006325485245,577.1867670377931,14248400,577.3678771972657,577.4818359375,546.7806884765625,491.4913726806641,574.4861759746431,571.1378345088832,550.6020182649355,46.577553454773174,7.525505900057738,11.683589531367165,-4.158083631309427,-3.606480800272094,577.4818359375,595.6093965563525,559.3542753186475,11.783889456727056,20.695806305530137,0.0,0.0,0.0,0.0,0.0
2024-10-24 04:00:00,565.0553588867188,566.15005589508,558.8253897398115,564.4084538185217,7184700,575.7705932617188,577.4788543701172,547.6071447753907,492.54341491699216,572.7714819586568,570.5585511162961,551.168815936378,49.24880857274565,6.212203999628514,10.589312425019434,-4.3771084253909205,-4.235176875762747,577.4788543701172,595.6149970454036,559.3427116948309,11.210938197951455,20.86806706785927,0.0,0.0,0.0,0.0,0.0
2024-10-25 04:00:00,570.4990234375,578.5004183141831,568.9763366172681,571.1757528879629,11337900,574.1086059570313,577.7719451904297,548.3322900390625,493.5579832458496,572.3583076820828,570.5528818135537,551.9268632893632,52.65816159952181,5.546721859472655,9.58079431191008,-4.0340724524374245,-2.9228995168192107,577.7719451904297,595.2103210612087,560.3335693196508,10.827064892850233,21.136422388522828,0.0,0.0,0.0,0.0,0.0
2024-10-28 04:00:00,575.3853759765625,580.9485762210542,571.3647858558778,579.2069744936249,10925100,572.8884826660156,578.0565704345703,549.3522241210937,494.6009519958496,572.9086837356245,571.0131193528878,552.846804963371,55.54501246682202,5.351916717344466,8.735018792996957,-3.3831020756524914,-0.9711787281058815,578.0565704345703,595.1215519406351,560.9915889285055,10.949327685110973,21.11648637209848,0.0,0.0,0.0,0.0,0.0
2024-10-29 04:00:00,590.4329223632812,590.8210046180449,572.6387223000493,577.3659274017436,13019100,573.5861206054688,578.8930419921875,550.636123046875,495.69524627685547,576.094908940653,572.8626244014966,554.3207703516028,63.02288175619047,6.338675172824537,8.255750068962474,-1.9170748961379367,0.5644556662628863,578.8930419921875,596.6842028108762,561.1018811734988,11.339583625393727,22.90572783438282,0.0,0.0,0.0,0.0,0.0
2024-10-30 04:00:00,588.9600219726562,598.3149369771265,586.5516522238592,598.0959611405502,26864900,575.0799194335938,579.8379852294922,551.9412707519531,496.8170524597168,578.4340204010172,574.3957098844643,555.6791723759579,61.92485047338701,6.922044584870719,7.9890089721441235,-1.066964387273405,0.23373798265069468,579.8379852294922,597.6615604426012,562.0144100163833,11.61183817259201,22.7701887946283,0.0,0.0,0.0,0.0,0.0
2024-10-31 04:00:00,564.8562622070312,587.0691582392678,560.3081858518195,582.1926485103984,26838400,574.1494079589844,579.08212890625,552.5967126464843,497.81382492065427,575.9653370930197,573.4871910580421,556.0390582516864,47.37747974834405,5.377409646226056,7.46668910696051,-2.0892794607344545,-3.1879462122537228,579.08212890625,598.1221782402432,560.0420795722567,13.054168660966607,26.546949659428936,0.0,0.0,0.0,0.0,0.0
2024-11-01 04:00:00,564.438232421875,570.917001339198,559.8603316322354,564.8860850679225,15303200,573.2228820800781,577.650033569336,553.3080212402343,498.7700094604492,573.8694998800843,572.6253854736452,556.3684376309094,47.17051457387614,4.07259745050942,6.787870775670293,-2.715273325160873,-1.6695876999529125,577.650033569336,596.5651792448085,558.7348878938634,13.122412808806498,25.022473521423006,0.0,0.0,0.0,0.0,0.0
2024-11-04 05:00:00,557.9893798828125,565.9609509043612,555.2127905097288,561.3929508469568,12064600,571.7818481445313,576.4508178710937,553.9685021972656,499.6576347351074,570.9822053351257,571.2314801792802,556.4320039937292,43.97876882009883,2.4894589470396795,5.928188409944171,-3.438729462904491,-2.8166292125276104,576.4508178710937,597.1672130818112,555.7344226603763,13.145872415014505,24.51791048574136,0.0,0.0,0.0,0.0,0.0
2024-11-05 05:00:00,569.682861328125,570.727810156648,563.9504942499769,564.5774756955396,9775400,570.8284362792969,575.4327209472656,554.9996618652344,500.6120124816895,570.7459609702165,571.0839926696464,556.9516454578231,50.51699325195554,2.153551699821378,5.173261067919612,-3.0197093680982343,-0.7008201875024378,575.4327209472656,595.3209949801408,555.5444469143904,13.185673623682485,25.244211141557628,0.0,0.0,0.0,0.0,0.0
2024-11-06 05:00:00,569.3047485351562,570.2502016811582,552.5057499508582,560.0493909181008,18305400,571.6604187011719,574.5141479492188,556.063427734375,501.5475326538086,570.4839223456601,570.914540847314,557.4360808726206,50.312515796058754,1.8356717625352985,4.50574320684275,-2.6700714443074514,-0.5407009471010249,574.5141479492188,593.7062784115913,555.3220174868463,13.758629199211075,25.230307712080176,0.0,0.0,0.0,0.0,0.0
2024-11-07 05:00:00,588.8604736328125,591.9455725919563,572.4496180315167,574.1215485070126,14653700,574.0409301757812,574.90576171875,557.5644396972656,502.5535456848145,573.8251134887786,572.6236773030757,558.6684100004712,59.45359597926819,3.1257020557848136,4.229734976631162,-1.1040329208463486,1.6649190175103135,574.90576171875,594.9579141062416,554.8536093312584,14.755964948827796,27.92879577561478,0.0,0.0,0.0,0.0,0.0
2024-11-08 05:00:00,586.51171875,590.2536230697959,581.7148431751318,588.7011121123804,9415700,575.6421997070313,574.8754028320312,558.9898425292969,503.53551162719725,576.1317689908188,573.9463479170686,559.7603044612371,58.07173682003249,3.913423952370863,4.166472771779103,-0.25304881940823964,4.550353017899655,574.8754028320312,594.8513937768523,554.8994118872101,14.787950075277081,27.73630796105856,0.0,0.0,0.0,0.0,0.0
2024-11-11 05:00:00,580.3714599609375,584.1830975198795,573.7434467735926,583.5461541812385,10209100,576.1408081054688,574.5146453857421,560.2309936523437,504.4820133972168,576.9026218944767,574.5582633498179,560.5685850690685,54.505118739308074,3.9961663445586737,4.132411486335017,-0.13624514177634328,2.71054876895509,574.5146453857421,593.7717424150366,555.2575483564477,14.88887820670926,27.985610356885715,0.0,0.0,0.0,0.0,0.0
2024-11-12 05:00:00,582.0134887695312,596.78223842264,577.5947936518803,585.7156075410013,16287700,575.2988647460937,574.4424926757813,561.6948895263672,505.4025930786133,577.8318704172138,575.2682848183621,561.4095616847729,55.295831224064266,4.146440701008942,4.135217329269802,0.01122337173914012,2.0183146436696164,574.4424926757813,593.5688920833672,555.3160932681953,14.65997959733917,27.89778330497768,0.0,0.0,0.0,0.0,0.0
2024-11-13 05:00:00,577.2166137695312,582.8295623160514,572.409775650482,579.8140739533536,10757600,574.1245239257812,574.6022216796875,563.0433599853516,506.30395095825196,577.7200055721806,575.4538399565687,562.0294460802537,52.42907622562725,3.8342674395269114,4.075027351321224,-0.24075991179431266,0.3182628320820058,574.6022216796875,593.7671549963874,555.4372883629877,14.881059633789237,27.425357456943765,0.0,0.0,0.0,0.0,0.0
2024-11-14 05:00:00,574.3901977539062,577.972957894817,570.2601499390961,574.2309923162492,11053700,575.0779174804687,574.6136627197266,564.2533758544922,507.240390625,577.114585968858,575.3525406991723,562.5141814400048,50.75923334718682,3.3205228096032897,3.9241264429776375,-0.6036036333743477,-2.7171121395402564,574.6136627197266,593.7777611168725,555.4495643225806,14.471613100093277,27.490359839826578,0.0,0.0,0.0,0.0,0.0
2024-11-15 05:00:00,551.4210815429688,569.822341466235,548.8534455153184,568.4787834407424,17712900,573.7762023925782,573.4995422363281,565.3339025878906,508.03896560668943,572.4430397096054,573.0733541128672,562.0791579146307,39.69478550973019,1.0478814467154507,3.3488774437252005,-2.3009959970097498,-6.3737671538307445,573.4995422363281,595.2964024180782,551.7026820545781,15.549270204024253,30.9715161568612,0.0,0.0,0.0,0.0,0.0
2024-11-18 05:00:00,551.739501953125,557.2131078822542,547.4501877365338,554.3667866349945,14327300,573.1512145996094,572.4665313720703,566.3309173583984,508.441205291748,568.678760117518,571.0415586690822,561.673681210258,39.89039946263881,-0.7192186361809263,2.535258227743975,-3.2544768639249013,-2.3221412475194825,572.4665313720703,596.3420299518375,548.5910327923032,14.94788719171888,30.982227321654417,0.0,0.0,0.0,0.0,0.0
2024-11-19 05:00:00,558.3973999023438,558.7357342533962,547.9576895646346,549.2116526423954,9522400,572.0226684570313,571.4255523681641,567.4610900878906,508.9540280151367,566.8094218965772,569.8373530722499,561.5451995903398,43.98200223967795,-1.564388168014716,1.7153289485922367,-3.2797171166069528,-1.0702380123351007,571.4255523681641,595.8704914083419,546.9806133279862,14.87751290139704,30.991400622732883,0.0,0.0,0.0,0.0,0.0
2024-11-20 05:00:00,562.80615234375,563.6321255323566,551.5404684658788,560.2285547368579,9797300,571.3728088378906,571.5166137695312,568.5394470214844,509.51216186523436,566.0815547051541,569.1677149076309,561.5946487179245,46.57531476362539,-1.857034892296383,1.0008561804145129,-2.857891072710896,0.8632373006721261,571.5166137695312,595.8108970967057,547.2223304423567,13.694642968942828,29.055731023054506,0.0,0.0,0.0,0.0,0.0
2024-11-21 05:00:00,560.3878173828125,567.2646302971915,546.4151549825543,566.7869532039366,11154700,568.5255432128906,571.283236694336,569.2956201171875,509.98443283081053,565.0463297374556,568.3315341909814,561.5473219989005,45.33551582131718,-2.2580693325087395,0.34907107782986235,-2.607140410338602,-1.6316172692368847,571.283236694336,595.9260362553981,546.6404371332738,14.394129083776729,28.97938136502712,0.0,0.0,0.0,0.0,0.0
2024-11-22 05:00:00,556.4567260742188,561.1242213982047,551.9285734744715,560.8455359497274,9164000,565.5200439453125,570.5811218261719,569.9926586914063,510.4350144958496,563.484583616867,567.200600084623,561.347690786168,43.316986514545235,-2.8601284503691886,-0.29276882780994784,-2.5673596225592408,-2.2567917260476023,570.5811218261719,596.1025146253863,545.0597290269574,14.28323533585536,28.82804588858678,0.0,0.0,0.0,0.0,0.0
2024-11-25 05:00:00,562.3980102539062,569.8421548761189,553.7198868796414,559.402445590544,13599800,563.7226989746093,569.931753540039,570.6261999511719,510.92467895507815,563.2870248236013,566.7432105769358,561.3888797849029,47.1471456807488,-2.825284537488301,-0.7992719697456185,-2.0260125677426823,-4.493842695138528,569.931753540039,595.5989390339438,544.2645680461343,14.524938030329784,28.93139956185944,0.0,0.0,0.0,0.0,0.0
2024-11-26 05:00:00,570.7875366210938,574.7285542891422,562.4875946319524,563.2837432513497,10356600,562.6001037597656,568.9494842529297,571.3670263671875,511.4523718261719,564.6507542413271,567.1283844859032,561.7574545627928,52.07201655787766,-2.096538234145328,-1.0587252226255603,-1.0378130115197675,-2.6809664029251334,568.9494842529297,592.7489019176883,545.1500665881711,14.13823033782521,27.78606468262444,0.0,0.0,0.0,0.0,0.0
2024-11-27 05:00:00,566.4684448242188,572.2206752566353,561.3928830685265,572.131141178584,7200200,561.5252868652344,567.8249053955078,571.9890283203125,512.0020274353027,564.9812434382166,567.0655330895523,561.9421992789271,49.51405187510565,-1.8462339149332365,-1.2162269610870957,-0.6300069538461408,-2.395537357687183,567.8249053955078,589.6900361089266,545.959774682089,13.294442347204406,27.867300318533868,0.0,0.0,0.0,0.0,0.0
2024-11-29 05:00:00,571.5640258789062,575.6841738965301,564.1796491377223,566.2695475999715,7130500,561.2426696777344,568.1602935791016,572.2919702148438,512.5118733215332,566.1781129728873,567.4939609742528,562.3195258122597,52.47992923700067,-1.2226017412173178,-1.21750191711314,-0.0050998241041777526,-1.7953987480112898,568.1602935791016,590.0394699093632,546.2811172488399,13.506281266071808,23.9258105246371,0.0,0.0,0.0,0.0,0.0
2024-12-02 05:00:00,589.9850463867188,591.6470151067747,572.8078668096863,574.7285975175146,12522400,565.0990661621094,569.4376342773437,572.9185498046875,513.0604928588867,570.5066463208566,569.6359691087733,563.4044481877288,61.32527081966848,0.7494148654933497,-0.8241185605918422,1.5735334260851919,2.212069492214175,569.4376342773437,593.2953321673373,545.5799363873501,14.028761069747597,26.39735317048394,0.0,0.0,0.0,0.0,0.0
2024-12-03 05:00:00,610.705078125,611.2524264908596,588.4125528817166,592.144556388366,14907200,570.9956237792969,572.0734191894531,573.898623046875,513.765845489502,577.815452103428,573.5473128246044,565.2593748519355,68.44103698670033,3.9387818058221455,0.1284615126909554,3.8103202931311904,6.322336368743642,572.0734191894531,601.5839648758878,542.5628735030185,14.289648843917835,28.279802621578824,0.0,0.0,0.0,0.0,0.0
2024-12-04 05:00:00,610.8345336914062,614.8153379179051,602.1961350667218,610.0184615359037,14697000,576.2393371582032,574.1310028076172,574.9027795410157,514.4796342468262,583.8189214830604,577.0984767166808,567.0466359828952,68.48005766347595,6.4030141056126695,1.3833720312752984,5.019642074337371,10.774606582357848,574.1310028076172,608.3091111612598,539.9528944539745,14.446750000033116,27.647294792624965,0.0,0.0,0.0,0.0,0.0
2024-12-05 05:00:00,606.0076904296875,616.925076135134,604.1367078360672,614.1186022447034,8081200,580.5594909667968,575.9661499023438,575.7112780761719,515.1852801513672,587.8532431097199,579.8517351655386,568.5745204710047,65.24099180470873,7.875664289919882,2.681830483004215,5.193833806915667,9.8358352600197,575.9661499023438,612.8847085409566,539.047591263731,14.80929002455782,27.914733532804448,0.0,0.0,0.0,0.0,0.0
2024-12-06 05:00:00,620.7765502929688,626.7676190380172,605.6096966963446,607.1721088209316,16935500,586.5983642578125,577.5619537353516,576.8245092773437,515.8748799133301,593.8392989612196,583.7493366062462,570.6216588953955,69.92791332895436,10.117841554013012,4.169032697205974,5.948808856807037,11.171103304122521,577.5619537353516,619.2750880243534,535.8488194463498,14.496516460492444,26.636808691105667,0.0,0.0,0.0,0.0,0.0
2024-12-09 05:00:00,610.6254272460938,623.3938718792108,603.2609162440416,620.9257323273526,11426000,592.015234375,578.7676391601562,577.7442736816406,516.5241535949707,596.8913222857421,586.3089642862317,572.1904341248346,63.581838436806926,10.949453907565726,5.525116939277925,5.4243369682878,8.496579986413643,578.7676391601562,622.8941389149935,534.641139405319,15.23723328116736,27.40376188423019,0.0,0.0,0.0,0.0,0.0
2024-12-10 05:00:00,616.3479614257812,622.5878918502519,609.7995210855536,614.5963977457716,10938900,597.4102294921875,580.5664642333984,578.6773754882812,517.2134127807617,600.4288930384765,589.169821156665,573.9221018621266,65.48352960544926,11.93272039938347,6.806637631299035,5.126082768084435,9.985967272507867,580.5664642333984,627.7925628508267,533.3403656159701,15.380828000877127,27.094457986255964,0.0,0.0,0.0,0.0,0.0
2024-12-11 05:00:00,629.6438598632812,635.3364420595346,618.5474034232142,620.3785395339332,10837200,603.2958618164063,582.9479827880859,579.7961828613281,517.942780303955,605.740705188441,593.0244915096761,576.107268842564,69.47222685935253,13.627741937566725,8.170858492552574,5.456883445014151,13.152349564609445,582.9479827880859,635.0349750520143,530.8609905241576,15.87345825568253,27.870727888838488,0.0,0.0,0.0,0.0,0.0
2024-12-12 05:00:00,627.7628173828125,633.6046423977135,624.2000415346207,628.4694319605399,7474700,609.4252990722656,585.47529296875,580.9502160644531,518.6777903747559,609.7447255874176,596.3329034975939,578.1329766284562,68.27023455259369,14.650393691974159,9.466765532436892,5.1836281595372675,11.62251749422014,585.47529296875,641.171432868401,529.7791530690989,15.055967223429361,27.623756475530413,0.0,0.0,0.0,0.0,0.0
2024-12-13 05:00:00,617.3729248046875,628.0514729907906,613.9295681709151,624.2099509122261,8453300,614.0061889648438,587.6244293212891,581.6982067871094,519.3305065917968,611.1316708996485,598.3367150506504,579.6717981255633,61.89969635738034,14.455837183445965,10.464579862638706,3.991257320807259,8.161598702621742,587.6244293212891,644.8166055220687,530.4322531205095,15.40784271601095,28.43887377519842,0.0,0.0,0.0,0.0,0.0
2024-12-16 05:00:00,621.7454223632812,628.6278428855253,616.1080674222911,627.4624746323816,10885600,617.1822265625,591.1406463623047,582.2715124511719,519.9446453857422,613.0614438930363,600.5661157470914,581.3217441741014,63.445617656238255,14.48747120926248,11.269158131963461,3.218313077299019,9.758174183244318,591.1406463623047,647.6035321108125,534.6777606137969,15.150521820779286,23.2722928178566,0.0,0.0,0.0,0.0,0.0
2024-12-17 05:00:00,616.964599609375,629.842921517428,614.0761642573996,623.6676857660912,12897800,617.8081787109375,594.4019012451172,582.9713305664062,520.5552912902832,613.7711085687342,602.127876114928,582.7195032107788,60.55261013566944,13.965780141322739,11.808482533835317,2.157297607487422,7.943217500551292,594.4019012451172,648.7787223148252,540.0250801754091,15.395965622550177,23.71426506094019,0.0,0.0,0.0,0.0,0.0
2024-12-18 05:00:00,594.803466796875,624.8528821501137,593.9369484196685,618.5183130507961,17075500,616.2050720214844,596.2222045898437,583.06650390625,521.0947134399414,610.3224464283961,601.4303133227324,583.1933841357238,49.32496419904164,11.630053978933233,11.772796822854902,-0.1427428439216687,0.8167021248531636,596.2222045898437,647.8943506718839,544.5500585078036,16.830832875574206,27.77691763119392,0.0,0.0,0.0,0.0,0.0
2024-12-19 05:00:00,593.1900024414062,609.0762755305054,592.6222729689903,607.9507863504745,14958100,614.9233032226563,597.7413970947266,583.1767797851562,521.5969158935546,607.2074566125798,600.6455218102252,583.5854083830055,48.61814822477863,9.538823458916227,11.326002150067168,-1.7871786911509417,-2.868008849274495,597.7413970947266,647.007492019191,548.4753021702622,17.18436700433902,27.799779535658626,0.0,0.0,0.0,0.0,0.0
2024-12-20 05:00:00,582.9112548828125,600.699869104885,577.6822346553289,588.2199724400746,48989400,611.1367736816406,598.8675689697266,583.2144409179688,521.9677665710449,602.7899653889857,598.9565440076145,583.5589709908411,44.266258323712,6.971733377773717,10.455148395608479,-3.483415017834762,-4.571332704430986,598.8675689697266,645.4976506476927,552.2374872917604,17.393984520173856,28.61254843446378,0.0,0.0,0.0,0.0,0.0
2024-12-23 05:00:00,597.452880859375,598.6879766892466,583.907252912156,587.2438414694396,10205800,609.8195190429688,600.9173767089844,583.4211206054688,522.4423153686523,601.8195863836019,598.8133379934965,584.1038302013719,50.954827266123154,6.041046259592804,9.572327968405345,-3.531281708812541,-1.4116668328493898,600.9173767089844,643.0887538045035,558.7459996134653,16.889473677123217,29.493919950828158,0.0,0.0,0.0,0.0,0.0
2024-12-24 05:00:00,605.3213500976562,605.5603812991077,596.8852265249648,600.311421467438,4726100,608.7168579101562,603.0635437011719,583.7758154296876,523.0672537231445,602.4562706952481,599.4331486700831,584.9358898051478,54.16048386221118,5.870715764247393,8.832005527573754,-2.961289763326361,-2.4896559298218657,603.0635437011719,641.152226102198,564.9748613001457,16.607755957334614,29.58500206157269,0.0,0.0,0.0,0.0,0.0
2024-12-26 05:00:00,600.9389038085938,603.8771273499036,596.5465535400348,603.0603968908488,6081400,605.8463623046875,604.5711120605469,584.1254626464844,523.5900239562989,602.1803858067655,599.5765539213699,585.5634589817535,52.11727183425013,5.320766347236713,8.129757691506345,-2.808991344269632,-1.5863282145301416,604.5711120605469,639.5398798336258,569.6023442874679,16.321072261517095,29.530934884022276,0.0,0.0,0.0,0.0,0.0
2024-12-27 05:00:00,597.4130249023438,599.4448507288726,587.4430173370732,597.0145990738104,8084200,602.8113830566406,606.1183410644531,584.5932824707031,524.1159240722657,601.3135929150524,599.3705035386055,586.0281478413845,50.467668166014896,4.547992089567629,7.413404571118602,-2.8654124815509734,-3.0721179769355955,606.1183410644531,636.4148287100264,575.8218534188799,15.773783985077662,29.458323181473485,0.0,0.0,0.0,0.0,0.0
2024-12-30 05:00:00,588.8772583007812,594.5544919388965,583.239903719799,586.3972186440706,7025900,599.96181640625,606.9840026855469,584.8876000976562,524.6177195739746,599.052441167003,598.3711468492888,586.1398776633216,46.62055303842534,3.209797348653069,6.5726831266254955,-3.3628857779724264,-6.474549211256009,606.9840026855469,633.9271528294067,580.0408525416871,15.348081524175914,29.96657460963144,0.0,0.0,0.0,0.0,0.0
2024-12-31 05:00:00,583.170166015625,591.5963188432811,581.5167657457517,589.9031610994577,6019500,596.1042907714843,606.6432586669922,585.07693359375,525.1293690490722,596.1647547758434,596.9234343889399,586.0234183830198,44.194781042732295,1.6695086673694277,5.592048234774282,-3.922539567404854,-7.103423479762217,606.6432586669922,634.6432418828626,578.6432754511218,15.154594547949557,27.919743837581684,0.0,0.0,0.0,0.0,0.0
2025-01-02 05:00:00,596.8453369140625,602.4926617179121,585.470989976871,587.3633608157467,12682300,594.0923645019532,605.9502716064453,585.5658459472656,525.645428314209,596.2884969827924,596.9159965341896,586.4478073450215,50.800710592236115,1.5346008700298626,4.7805587618253975,-3.245957891795535,-3.324989980265025,605.9502716064453,634.2118013727222,577.6887418401684,15.178452767130539,26.203276624631442,0.0,0.0,0.0,0.0,0.0
2025-01-03 05:00:00,602.2137451171875,607.0642784591316,594.026562777383,602.3432304664586,11436800,594.8333923339844,605.5192321777344,586.02578125,526.1920045471192,597.3658148254096,597.4205440182847,587.0660794145183,53.145520761009344,1.8396646362378988,4.192379936707898,-2.352715300469999,-3.1414267871652357,605.5192321777344,633.7300234007156,577.3084409547531,15.437960968463099,26.44230441128162,0.0,0.0,0.0,0.0,0.0
2025-01-06 05:00:00,627.6815795898438,628.4684006727375,603.1997902301983,609.384995443752,14560800,598.2825500488282,606.6029266357422,587.3597143554688,526.8198324584961,602.8777720553068,600.3025474060522,588.6588441272761,62.32016141075991,4.089331993493147,4.171770348064948,-0.08243835457180104,1.7370494169769435,606.6029266357422,636.507070687806,576.6987825836783,16.304586021011282,30.316955160480184,0.0,0.0,0.0,0.0,0.0
2025-01-07 05:00:00,615.4207763671875,629.5739508561447,605.7993460257709,629.1755858278557,12071500,601.5335021972656,606.3351379394531,588.3670227050782,527.375231628418,605.1583182938305,601.7423787356842,589.7083316660961,56.57653864057074,4.827220042031172,4.302860286858193,0.5243597551729788,3.4662389715615527,606.3351379394531,635.797525558974,576.8727503199323,17.108502404378402,30.010943952640424,0.0,0.0,0.0,0.0,0.0
2025-01-08 05:00:00,608.2794189453125,613.976592361968,600.3811160103171,610.9487626580363,10085800,602.6161560058594,606.2178375244141,589.1226306152344,527.8858851623535,605.7257911395544,602.364953993744,590.4366095986145,53.48458818595272,4.780645470428226,4.3984173235722,0.3822281468560256,2.5437745818038593,606.2178375244141,635.6269367561376,576.8087382926906,17.056566911295686,29.719250289470526,0.0,0.0,0.0,0.0,0.0
2025-01-10 05:00:00,613.3988647460938,627.3927055003096,594.9529163376031,607.592206559942,19256600,603.4239074707032,606.0703826904297,589.882900390625,528.4547154235839,607.1208954316525,603.415802636825,591.3370901926332,55.367684086184816,5.098063969998975,4.538346652857555,0.5597173171414198,5.230231807654917,606.0703826904297,635.29461449553,576.8461508853294,17.165413727885777,29.681091445186432,0.0,0.0,0.0,0.0,0.0
2025-01-13 05:00:00,605.8990478515625,606.5364441234269,596.0585248079975,604.6739217603003,10785000,603.919921875,604.8831420898438,590.1922229003907,529.0214562988281,606.8987413261815,603.6523021810857,591.9081473557285,52.04372021080008,4.690380090953568,4.568753340476758,0.1216267504768096,1.413695918586666,604.8831420898438,631.9226625487497,577.8436216309378,17.228723540498713,28.824129395282117,0.0,0.0,0.0,0.0,0.0
2025-01-14 05:00:00,591.8753051757812,603.0703790506547,586.198070906463,602.6520744429687,13598000,603.3661499023438,603.0887664794922,590.2505285644531,529.5281600952148,604.1672074806542,602.5306834186757,591.9068594271031,46.43062482682348,3.198814900004436,4.294765652382294,-1.095950752377858,-2.221306900823139,603.0887664794922,628.4460991452404,577.7314338137439,16.991819433037524,29.808876375197702,0.0,0.0,0.0,0.0,0.0
2025-01-15 05:00:00,614.6539306640625,619.9726183140101,604.0763739586232,607.7715703651344,15524300,605.9438171386719,602.9528167724609,591.2464819335937,530.1898782348633,606.0738844230921,603.6852783944269,592.7989014363957,54.933012135518204,3.810854291915689,4.197983380288973,-0.3871290883732845,2.2822664281753946,602.9528167724609,628.0151358012413,577.8904977436805,17.87186167102286,32.69662876813356,0.0,0.0,0.0,0.0,0.0
2025-01-16 05:00:00,608.8571166992188,613.7873477153851,607.2735046849263,609.0563296194044,8355300,608.5125122070312,602.3084014892578,592.1348596191406,530.793956451416,606.5799266551151,604.1778344234547,593.4286353682711,52.64313298171883,3.784519889044759,4.115290682040131,-0.3307707929953718,1.9156080165385836,602.3084014892578,625.9592055406403,578.6575974378753,17.779381042808097,32.746224892754874,0.0,0.0,0.0,0.0,0.0
2025-01-17 05:00:00,610.3213500976562,622.4725494595965,601.2576778233948,621.5562428618572,17280600,609.8601135253906,601.9762390136718,593.1814990234375,531.3754588317871,607.2601854628498,604.762931154331,594.0910947694234,53.1741040709081,3.8375640338040284,4.059745352392911,-0.22218131858888235,3.6415214706630783,601.9762390136718,624.9368876941113,579.0155903332324,18.667957834135255,32.662368820596164,0.0,0.0,0.0,0.0,0.0
2025-01-21 05:00:00,613.9965209960938,619.0163582351468,606.5762805693779,615.3610413311562,11674000,611.0383911132812,602.9358917236328,594.0677722167969,531.9288024902344,608.4849737416214,605.6423206630703,594.8716997194889,54.55150179914616,4.128565939302234,4.073509469774776,0.05505646952745824,5.285996571306573,602.9358917236328,626.2361241298121,579.6356593174536,18.592542919438706,29.877238318753463,0.0,0.0,0.0,0.0,0.0
2025-01-22 05:00:00,621.00830078125,631.167550578582,616.9545584675686,620.8090878849806,12274000,610.3710632324219,604.326806640625,595.1018432617187,532.4964457702637,610.7619422942811,607.1057473409923,595.896664467009,57.14175974333015,4.86885395707759,4.232578367235339,0.636275589842251,4.048446452161292,604.326806640625,628.4829464005616,580.1706668806885,18.806679233720388,30.017736349724967,0.0,0.0,0.0,0.0,0.0
2025-01-23 05:00:00,633.90673828125,634.0561024018577,618.6678897125287,624.8530354541302,9910200,612.2196594238281,606.8765808105469,596.0027685546875,533.0470335388184,614.9700870191845,609.6582226686359,597.3872555969792,61.48979292969543,6.422301361806717,4.6705229661496155,1.7517783956571016,5.262748222044511,606.8765808105469,632.2497336379081,581.5034279831857,19.185869204563225,29.731285034040773,0.0,0.0,0.0,0.0,0.0
2025-01-24 05:00:00,644.9024658203125,649.3944525113692,631.6655977145533,633.8568181481475,19065300,615.8819641113281,609.2490600585937,597.1705834960937,533.6927784729004,620.4123377102986,613.0148172545098,599.2505971743649,64.77097748060416,8.443353219205619,5.425089016760817,3.0182642024448025,2.7435704329130894,609.2490600585937,639.3458297935001,579.1522903236873,19.07203771131528,29.15024702046423,0.0,0.0,0.0,0.0,0.0
2025-01-27 05:00:00,657.2429809570312,661.2170263231972,622.601940216737,624.1059156551349,28399200,620.2663757324219,611.8451416015625,598.7080139160156,534.4118968200684,627.1088183006136,617.2270233214166,601.524808303097,68.06011584439827,10.915006415034782,6.52307249641561,4.391933918619172,6.79570891914294,611.8451416015625,648.7113880533944,574.9788951497306,20.898992741651814,29.47459916699412,0.0,0.0,0.0,0.0,0.0
2025-01-28 05:00:00,671.63525390625,679.8522851881131,656.8345913596311,663.3385252994983,20950100,626.8399963378906,615.3799591064453,600.50044921875,535.1884245300294,635.2045338652747,622.4087595675911,604.2742375424364,71.41239449769375,13.875200847430847,7.993498166618658,5.881702680812189,10.415580897145805,615.3799591064453,660.4806264282163,570.2792917846743,20.667781189718387,29.776614198958544,0.0,0.0,0.0,0.0,0.0
2025-01-29 05:00:00,673.78662109375,678.3283961259809,663.0098523603809,672.3025851139503,21377800,635.0311279296875,619.1986389160156,602.4318493652344,535.959171295166,642.2194588159066,627.3018892367492,607.0002133679781,71.88737739738002,16.207938587514036,9.636386250797734,6.571552336716302,9.844777976994257,619.1986389160156,670.4127704900097,567.9845073420215,20.063776827948825,29.480161406771266,0.0,0.0,0.0,0.0,0.0
2025-01-30 05:00:00,684.254638671875,707.9495481611209,673.3981724899843,694.0354036840853,29322900,641.9911987304688,623.9675079345703,604.6291381835938,536.8381791687011,649.862218789719,632.7259606115231,610.0297986740133,74.13892605228435,18.68593179651782,11.446295359941752,7.239636436576069,12.932119814043453,623.9675079345703,680.7529198745544,567.1820959945862,21.45747077896784,28.61996891712443,0.0,0.0,0.0,0.0,0.0
2025-01-31 05:00:00,686.4259033203125,702.4814799874082,682.8403138955325,688.2386375622425,19303900,649.7480773925781,629.1302947998047,607.3292346191406,537.7860003662109,656.5101614316451,637.8402408695031,613.0257243464172,74.59345195438564,20.58764067243294,13.27456442243999,7.31307624999295,15.974749633531449,629.1302947998047,688.9903244758196,569.2702651237897,20.54328341676564,27.940135427761287,0.0,0.0,0.0,0.0,0.0
2025-02-03 05:00:00,694.6729125976562,701.1867563183758,672.5516437556581,673.2089795915546,21415700,658.1832336425781,634.0216735839844,610.1879028320312,538.7773907470703,663.4488434618289,643.2528762721843,616.2275748660736,76.29747366654486,22.50084761816663,15.11982106158532,7.381026556581311,13.018542295360014,634.0216735839844,698.5773443606471,569.4660028073216,21.350052889952888,27.409210233846782,0.0,0.0,0.0,0.0,0.0
2025-02-04 05:00:00,701.3759155273438,704.8818683424153,688.846170752285,699.6926666804768,13826300,666.9211730957031,638.9797821044922,613.0474731445313,539.8300578308106,670.344674746468,648.7884038202948,619.5667254802411,77.61180869024706,24.278091497469745,16.951475148762206,7.326616348707539,15.19548614783297,638.9797821044922,708.30511321143,569.6544509975544,21.0882472217408,27.41410959199727,0.0,0.0,0.0,0.0,0.0
2025-02-05 05:00:00,702.0532836914062,715.27027526588,696.2167152646796,700.7385512118227,17778200,675.0256713867187,642.6983673095704,615.8324157714844,540.8482189941407,676.1098763728203,653.8612495223053,622.8014924689143,77.74610298793823,25.447880698074414,18.65075625862465,6.797124439449764,15.030103990147502,642.6983673095704,717.2532809970277,568.143453622113,20.442264854810194,24.259640539611393,0.0,0.0,0.0,0.0,0.0
2025-02-06 05:00:00,709.1447143554688,716.0271344480996,700.6886520762018,703.0591459116995,13080700,682.5494689941406,647.3845642089843,618.8075537109376,542.0047891235351,682.1162105514836,659.126341411178,626.1875011703478,79.15577500415654,26.640076042711826,20.248620215442084,6.391455827269741,15.496536235256663,647.3845642089843,726.3707831622161,568.3983452557526,21.010697454293158,22.374734469403425,0.0,0.0,0.0,0.0,0.0
2025-02-07 05:00:00,711.6646118164062,722.1126813232647,708.9056620031818,713.9354687323457,16427100,689.22568359375,652.553823852539,621.9117114257813,543.1706809997559,687.4886471451059,664.1299862116759,629.5395447250952,79.64909578053448,27.471559075505752,21.69320798745482,5.778351088050933,14.598244648438264,652.553823852539,734.2499172405239,570.8577304645542,20.43870800314182,21.305975321451694,0.0,0.0,0.0,0.0,0.0
2025-02-10 05:00:00,714.5331420898438,718.317944327383,708.4873917995161,715.688479736199,12904300,694.9546997070313,657.6105377197266,624.9544140625,544.2795492553711,692.4058280441492,668.9302867715014,632.8726269746933,80.22290485090026,28.038768321581415,22.96232005428014,5.076448267301274,12.718969359310028,657.6105377197266,741.5900006470507,573.6310747924025,20.252313350434537,21.350466949867457,0.0,0.0,0.0,0.0,0.0
2025-02-11 05:00:00,716.923583984375,720.7681443890708,707.2025763439763,710.4694982653,12998000,699.4835327148437,663.1617645263672,627.8771350097657,545.4132824707032,696.8636018514629,673.5010769822513,636.1687429358573,80.71099162292154,28.35432342822355,24.040720729068823,4.313602699154728,11.167753572232364,663.1617645263672,747.4260733984797,578.8974556542546,19.994780383477842,20.097215109953208,0.0,0.0,0.0,0.0,0.0
2025-02-12 05:00:00,722.481201171875,724.1942984329098,709.7522441351978,712.4414664040551,12016500,704.3529907226563,669.6920593261718,630.9973901367188,546.8336488342285,701.5213471824469,678.1658507145964,639.5535452196227,81.83352757541726,28.721769701339326,24.976930523522924,3.7448391778164023,9.92604289510226,669.6920593261718,750.8824030413551,588.5017156109885,19.927197641219486,16.26729088768596,0.0,0.0,0.0,0.0,0.0
2025-02-13 05:00:00,725.6484985351562,726.086742622161,715.170519503926,718.6366539343255,12569100,708.4923767089844,675.2417877197265,634.0790795898438,548.2603660583496,705.9081019738485,682.6880076498878,642.9298178986633,82.46000401254965,28.935003241149502,25.768545067048244,3.1664581741012583,8.042050251943088,675.2417877197265,755.7628923246394,594.7206831148136,19.44058109274942,12.413597223698115,0.0,0.0,0.0,0.0,0.0
2025-02-14 05:00:00,733.72607421875,737.9491204423847,722.7202448085826,723.2381862179419,16901200,713.2223937988281,681.4852355957031,636.9539001464843,549.7804620361328,710.9659151092851,687.5487758945413,646.4904554014117,83.97754387583176,29.41668794093266,26.49817364182513,2.9185142991075317,8.895910255341821,681.4852355957031,759.6634446412795,603.3070265501267,17.77013748755956,10.502933785455932,0.0,0.0,0.0,0.0,0.0
2025-02-18 05:00:00,713.50732421875,734.054889977904,703.6170125754637,733.0588860566314,21938700,715.1058349609375,686.6445343017579,639.0099450683593,551.2116316223145,711.4279894928242,690.021018592085,649.1185679040524,68.096075571468,27.845951589583933,26.76772923137689,1.078222358207043,4.27511687807538,686.6445343017579,758.4042973321019,614.8847712714138,18.30015059998515,16.701712710584935,0.0,0.0,0.0,0.0,0.0
2025-02-19 05:00:00,700.9576416015625,704.1747145500551,692.6111245629734,701.2862790989086,17535500,715.0640075683593,690.9925903320312,640.8124072265625,552.535256652832,709.5242898762311,691.0626017358447,651.1514727549352,60.45393249921371,25.29687063157678,26.47355751141687,-1.1766868798400907,2.117014846170351,690.9925903320312,754.2530734354673,627.7321072285952,18.698554592140624,18.997649865355896,0.0,0.0,0.0,0.0,0.0
2025-02-20 05:00:00,692.0633544921875,702.810214344655,690.8681376921594,694.493606362119,12587400,714.0650146484375,694.5453430175781,642.5335205078125,553.8020440673828,706.3495743518596,691.1579115221631,652.7558602740431,55.68425941382712,22.3019282240532,25.639231653944137,-3.3373034298909374,-0.3756527796240916,694.5453430175781,748.5626426847781,640.5280433503782,17.083604662237697,20.100883037129982,0.0,0.0,0.0,0.0,0.0
2025-02-21 05:00:00,680.8184204101562,701.0572259638877,679.6331733954379,693.79637977263,15660400,711.2323852539063,696.8909271240234,643.7343579101563,554.961552734375,701.707546362459,690.1731980829244,653.8563528284005,50.28276804004977,18.80427856803601,24.272241036762512,-5.467962468726501,-2.931023815057998,696.8909271240234,743.3695104766979,650.4123437713489,17.21095369627871,20.660139783948043,0.0,0.0,0.0,0.0,0.0
2025-02-24 05:00:00,665.4600830078125,684.5236120270697,659.8027882150541,683.5375779038759,15677000,706.6119323730469,697.9188079833984,644.8310510253906,555.9761317443848,695.117098479796,687.8195680757709,654.3114010707304,44.00436779378402,14.624494474182711,22.342691724246553,-7.718197250063842,-5.212311021634452,697.9188079833984,740.283629404375,655.5539865624219,16.93136164265713,21.967673131531335,0.0,0.0,0.0,0.0,0.0
2025-02-25 05:00:00,654.87255859375,665.330599453422,639.2950431423949,663.3086823740839,20579700,700.6458740234375,697.8002868652344,645.60154296875,556.9250592041016,687.7999094096058,684.6817576489118,654.3334072481038,40.27134328630524,10.338485108655277,19.9418504011283,-9.603365292473022,-7.6531848384495005,697.8002868652344,740.6546833940345,654.9458903364343,17.654886090891946,21.79194053329238,0.0,0.0,0.0,0.0,0.0
2025-02-26 05:00:00,671.0078125,680.2806060030118,655.3705397430182,657.0139704281752,14488700,696.054296875,697.7689147949219,646.4288220214844,557.9330099487305,684.7468008805865,683.3794771585393,654.9873054932762,47.571003766251906,8.149825830650457,17.583445487032733,-9.433619656382277,-5.712915696712317,697.7689147949219,740.7048026977188,654.833026892125,18.10877804861062,22.17705486423915,0.0,0.0,0.0,0.0,0.0
2025-02-27 05:00:00,655.6095581054688,685.8980689317682,654.9422525540249,679.7228329637242,12500000,689.3671325683594,696.8600616455078,646.9857568359375,558.8499641418457,679.4491203760197,680.7347229630087,655.0117075564993,42.26268094650535,5.113838002101261,15.08952399004644,-9.975685987945178,-8.246445198054374,696.8600616455078,742.610690969595,651.1094323214206,19.224301906171018,23.581611619472763,0.0,0.0,0.0,0.0,0.0
2025-02-28 05:00:00,665.52978515625,666.9540633677159,640.0320501051021,655.4103519906419,17534200,683.3552612304687,695.9238189697265,647.9488940429687,559.8126454162598,676.9183321542433,679.2866336480794,655.4241811878621,46.41147271802789,3.468294847008565,12.765278161438866,-9.296983314430301,-7.1686578564620245,695.9238189697265,743.4908994184055,648.3567385210475,20.203944330637505,23.54377610695196,0.0,0.0,0.0,0.0,0.0
2025-03-03 05:00:00,652.4323120117188,678.5276251290609,648.2391746953033,670.9878686638693,10843800,675.2258850097656,694.2241394042969,648.5626318359375,560.7505140686035,672.466328491966,676.7290792065212,655.3068529848762,42.109247944188425,1.0947142342296274,10.431165375997018,-9.336451141767391,-9.69560025181776,694.2241394042969,745.5045891308432,642.9436896777506,21.66522275248684,24.35384770636938,0.0,0.0,0.0,0.0,0.0
2025-03-04 05:00:00,637.4424438476562,647.1534810781478,621.1578057314852,642.9304346142569,21495200,667.6193969726562,691.3626159667969,648.9721887207031,561.594362487793,666.0983494657279,672.9874948866293,654.6062879206715,37.79150382628267,-1.9731770308555951,7.950296894626495,-9.92347392548209,-12.155479528388579,691.3626159667969,748.5809323477486,634.1442995858451,22.93014691213963,24.76608716423692,0.0,0.0,0.0,0.0,0.0
2025-03-05 05:00:00,653.8465576171875,656.8644781827222,635.111729367083,638.4384086658453,13770000,662.9082885742188,688.9861480712891,650.1530505371094,562.4721076965332,663.8707509478114,671.1645484800158,654.5764945754369,44.49844104108848,-3.0457189232434985,5.751093731052498,-8.796812654295996,-10.88683084986667,688.9861480712891,748.3608390959838,629.6114570465944,23.45233937770586,26.550662812587106,0.0,0.0,0.0,0.0,0.0
2025-03-06 05:00:00,625.420654296875,647.9602249904791,621.6159125135576,645.4104577126469,13446500,656.2440185546875,685.1545166015625,650.7976635742187,563.2489936828613,656.8798242840048,666.8079871292405,653.4331282900031,37.045092839542214,-6.118913902395775,3.3770922043628433,-9.496006106758617,-12.34558734464638,685.1545166015625,750.562749076969,619.746284126156,24.974798090948354,30.044640653151006,0.0,0.0,0.0,0.0,0.0
2025-03-07 05:00:00,623.1597290039062,632.2532488274342,598.2098452417057,622.8709097782997,21375700,650.4781494140625,680.8552673339843,651.6026330566406,564.0211305236817,650.7488978694414,662.6510101649229,652.2459361611366,36.52112172732197,-8.63731524672744,0.9742107141447871,-9.611525960872227,-11.098803690890936,680.8552673339843,750.7721779826537,610.938356685315,26.318692944657382,29.48373312283748,0.0,0.0,0.0,0.0,0.0
2025-03-10 04:00:00,595.6004028320312,607.6719660555057,584.5248435761125,605.6401398465449,21999900,643.4921813964844,675.0520568847656,651.5655834960937,564.6707174682617,640.7218987717305,656.2652380379809,650.0245426972501,30.802074429788348,-12.710455535949109,-1.7627225358739924,-10.947733000075116,-13.93845679503396,675.0520568847656,753.0067124738466,597.0974012956847,26.90419351789691,32.12990632101375,0.0,0.0,0.0,0.0,0.0
2025-03-11 04:00:00,603.28955078125,612.4726776603288,590.9590175004934,592.6721150475107,17401500,638.3338806152344,669.489877319336,651.5249475097656,565.3796585083007,633.9160173189158,651.2199344897208,648.1917979162305,33.91163413142503,-15.143434495533143,-4.438864927805823,-10.704569567727319,-11.387598705422707,669.489877319336,751.3598048629489,587.6199497757231,26.9482978396154,32.74400200891054,0.0,0.0,0.0,0.0,0.0
2025-03-12 04:00:00,617.0841064453125,630.7990981033598,606.9148858522937,627.3828123944874,15747000,632.9415100097656,664.4979034423828,651.8478515625,566.1419282531738,630.8556698873516,647.9689032473962,646.9718884467827,39.19106831125832,-15.776619445133633,-6.706415831271386,-9.070203613862247,-7.2695534710129355,664.4979034423828,746.3652751964778,582.6305316882879,28.060260030302125,34.352239884684835,0.0,0.0,0.0,0.0,0.0
2025-03-13 04:00:00,588.27978515625,618.0204483888988,584.1662839966624,617.7714474024408,16480300,626.2085327148437,657.7878326416015,651.6651867675781,566.7701091003418,623.1145999362421,642.2842253339536,644.67023733735,33.2229762246902,-18.39069460027133,-9.043271585071375,-9.347423015199956,-10.168814155306638,657.7878326416015,741.6202518029352,573.9554134802679,28.948125160572594,36.56257041339604,0.0,0.0,0.0,0.0,0.0
2025-03-14 04:00:00,605.7103271484375,606.9664182577417,592.9302511563588,600.9252674163599,12364500,620.2265869140625,651.7909240722656,652.0018481445312,567.4236614990234,619.9501867020958,638.8009969353329,643.1423977220985,39.251637932649224,-18.83870802899071,-11.002358873855242,-7.836349155135467,-9.731255603162225,651.7909240722656,732.2764798103074,571.3053683342239,28.51711153839231,38.90033758759052,0.0,0.0,0.0,0.0,0.0
2025-03-17 04:00:00,603.018798828125,611.1932483347241,596.1402333361115,605.5708348514025,15473900,615.2852355957032,645.2555603027344,652.3988208007812,568.0553134155274,616.871752543192,635.3931685441703,641.5689232556682,38.67107033424939,-19.189738381556595,-12.639834775395514,-6.549903606161081,-8.021658413479592,645.2555603027344,718.641740015543,571.8693805899258,27.72339547647767,38.23409356798494,0.0,0.0,0.0,0.0,0.0
2025-03-18 04:00:00,580.5487670898438,598.3831413748485,572.8727029614505,598.1837512328132,20297700,609.5958679199218,638.607632446289,652.0728894042969,568.6022282409668,610.2675733698559,630.1698922151869,639.1759759550476,34.132191411698614,-21.0385568490816,-14.319579190132732,-6.7189776589488694,-12.76892784692646,638.607632446289,710.023451032416,567.191813860162,28.061827509150003,38.990353170588335,0.0,0.0,0.0,0.0,0.0
2025-03-19 04:00:00,582.2435302734375,590.4778508331983,572.9824447250121,582.4628776976826,20537500,602.4355651855469,632.6719268798828,651.6734851074219,569.1939207458496,605.1722928068707,625.6054767921631,636.9433310263571,34.75421220528611,-22.112110928946095,-15.878085537895405,-6.2340253910506895,-10.758017413616471,632.6719268798828,701.970331655658,563.3735221041076,27.10036963275307,39.13810172273745,0.0,0.0,0.0,0.0,0.0
2025-03-20 04:00:00,584.1775512695312,608.3023019039958,577.7077447799743,580.947637342476,24336500,598.3112548828125,627.27763671875,650.8034045410157,569.7963758850098,601.3550670728089,621.659960075722,634.8740847613836,35.50274318419142,-22.546943807454,-17.211857191807123,-5.335086615646876,-8.35603168446294,627.27763671875,693.8527589276694,560.7025145098307,27.3626941942822,39.34698300665304,0.0,0.0,0.0,0.0,0.0
2025-03-21 04:00:00,594.3956298828125,595.6815960079244,579.1432258888485,581.6055148479699,25015900,595.4348449707031,622.9564971923828,650.3829016113282,570.3969801330567,600.0897148564459,619.0633572002068,633.2866943739888,39.45485618078471,-21.815562226793077,-18.132598198804317,-3.68296402798876,-9.092489215058652,622.9564971923828,686.0259471003119,559.8870472844537,26.380545600376365,40.237811618616334,0.0,0.0,0.0,0.0,0.0
2025-03-24 04:00:00,616.92529296875,620.6038191496141,610.2960116120224,613.0573552722462,15741300,597.567333984375,620.5297576904297,650.5558190917968,571.1127159118653,603.1507290586829,618.8597320353061,632.6450707894696,47.145152506267934,-19.19669399318866,-18.345417357681185,-0.8512766355074746,-1.358343583595889,620.5297576904297,680.3652831450281,560.6942322358314,26.01866581370265,42.67836695255604,0.0,0.0,0.0,0.0,0.0
2025-03-25 04:00:00,624.3621215820312,631.9085855563646,619.2480714393791,624.8107342138192,15312500,599.6745910644531,619.0042358398438,650.7750842285157,571.7758943176269,607.0073458811098,619.3837691349942,632.3202492519231,49.42857718794969,-16.332857123143413,-17.942905310773632,1.6100481876302197,0.19295094374069954,619.0042358398438,676.6694998643258,561.3389718153618,25.535133225986606,42.74840227552964,0.0,0.0,0.0,0.0,0.0
2025-03-26 04:00:00,609.0797729492188,624.8007461767364,604.7233689444203,622.9465455616044,12609800,598.8741577148437,615.9078338623046,650.8386987304688,572.369116973877,607.3841508025841,618.4024361649203,631.408858024366,45.115251398392125,-15.122085595974681,-17.378741367813845,2.2566557718391635,2.2631566488360733,615.9078338623046,668.2175624138572,563.5981053107521,24.667042663749914,42.235744630926355,0.0,0.0,0.0,0.0,0.0
2025-03-27 04:00:00,600.7058715820312,612.3395584892883,598.2335435078968,600.1276584624363,10436500,600.1167663574219,613.1626495361328,651.0153100585937,572.9244432067871,606.169918217029,616.7170490617881,630.204819340353,42.905857451295965,-14.669147493199603,-16.836822592890996,2.167675099691394,-0.42826519966622234,613.1626495361328,662.3702946203733,563.9550044518923,23.24294347772584,41.82679844025024,0.0,0.0,0.0,0.0,0.0
2025-03-28 04:00:00,574.9462890625,599.8785159717515,572.1350521556752,598.4429920373162,17602800,597.0403625488282,608.6334747314453,650.2211572265625,573.3030964660644,600.4928947343873,612.7388814428083,628.0378181529862,36.91666936018465,-16.20200715790304,-16.709859505893405,0.5078523479903652,-6.828537138242896,608.6334747314453,654.0775257382439,563.1894237246466,22.524081620480292,43.343486178554066,0.0,0.0,0.0,0.0,0.0
2025-03-31 04:00:00,574.5674438476562,576.9001929680891,551.57916536005,561.7474544327795,21124700,594.1952270507812,604.7402313232421,649.5353637695313,573.6556692504882,595.7791763913452,609.1035064337462,625.9409407292478,36.83523223235428,-17.24854859715515,-16.817597324145755,-0.43095127300939495,-2.330921723742674,604.7402313232421,647.6563743905543,561.82408825593,22.79603643820912,43.12681747667418,0.0,0.0,0.0,0.0,0.0
2025-04-01 04:00:00,584.1775512695312,588.0753644727768,568.2273109618308,569.0647253499337,12836600,594.55810546875,602.0769866943359,649.0124877929687,574.0494888305664,593.6697900055608,606.7296059419162,624.3031607504355,40.425380098862725,-17.105305558959117,-16.875138971108427,-0.23016658785068955,-3.5549626469600137,602.0769866943359,643.0135474036449,561.1404259850269,22.24878688026885,43.353717070036055,0.0,0.0,0.0,0.0,0.0
2025-04-02 04:00:00,582.1139526367188,590.8167826006645,571.5768183567942,573.1219856405797,13470800,594.5451477050781,598.4903564453125,648.3748364257813,574.4565307617188,591.5687286657713,604.3852580080879,622.6486820008779,39.90093244155488,-16.962763405053124,-16.892663857897368,-0.07009954715575617,-3.4666989208349097,598.4903564453125,632.273614327048,564.707098563577,21.204915441099843,41.9125922092232,0.0,0.0,0.0,0.0,0.0
2025-04-03 04:00:00,529.9666137695312,550.8414911032017,528.6507117752637,544.5211822460076,34777500,589.1240539550781,593.7176544189454,646.5540026855468,574.6000518798828,580.3683441391822,597.2977680806064,619.0140910898448,29.489560875814178,-20.817678910286418,-17.67766686837518,-3.1400120419112376,-8.712817283872475,593.7176544189454,637.0909523227949,550.3443565150958,23.688958852525793,49.89484638235297,0.0,0.0,0.0,0.0,0.0
2025-04-04 04:00:00,503.1602783203125,516.3889970810194,492.6630283031205,505.0443845169023,38589800,580.0005187988281,587.7176818847656,643.9390734863281,574.5972622680664,566.3305139902968,588.3322928653403,614.470804314569,25.76747233264267,-25.739070479734096,-19.289947590646964,-6.449122889087132,-13.582504199915347,587.7176818847656,644.9332729036682,530.502090865863,25.278285314511376,52.112729959026126,0.0,0.0,0.0,0.0,0.0
2025-04-07 04:00:00,514.6444091796875,537.6924987241373,480.40123514295635,483.591294981514,36606100,569.7724304199219,583.6698822021484,641.3339123535156,574.6873883056641,556.9330403883678,581.3143991809924,610.5560437210443,29.85233074814127,-28.385425851861328,-21.10904324288984,-7.276382608971488,-11.90274120235102,583.6698822021484,649.363886676141,517.9758777281559,27.21722586554755,51.72489883515317,0.0,0.0,0.0,0.0,0.0
2025-04-08 04:00:00,508.8624572753906,545.7274259918413,501.2960362271068,541.5604335468917,28034200,558.2224639892578,578.9485275268555,638.3663018798828,574.7376181030273,548.1929343678264,574.4142142376018,606.5680599388618,28.9874547039999,-30.596538892453623,-23.0065423728026,-7.589996519651024,-14.389939681132091,578.9485275268555,651.8796142389856,506.0174408147255,29.14122469815814,51.214633121806855,0.0,0.0,0.0,0.0,0.0
2025-04-09 04:00:00,583.9483032226562,586.0617052580021,500.5484476857142,507.6861840842117,39216600,555.7093170166015,577.2917373657226,636.612562866211,575.1976782226562,554.69391052325,575.3222227123689,605.6810106558734,49.463600290000834,-25.990459815728855,-23.60332586138785,-2.387133954341003,-5.345378139288604,577.2917373657226,648.0481876911505,506.53528704029475,33.06398901589145,74.84505043041906,0.0,0.0,0.0,0.0,0.0
2025-04-10 04:00:00,544.5909423828125,579.4920662876316,533.635132502997,573.7001386064724,28173500,550.0978240966797,575.1072952270508,634.0286492919922,575.4404202270508,552.8570072249886,572.395434109554,603.2853217039886,42.539572196058984,-25.225139354627345,-23.92768856003575,-1.2974507945915938,-12.776428364534942,575.1072952270508,647.1218062599828,503.0927841941188,35.47647477307598,76.83044190856899,0.0,0.0,0.0,0.0,0.0
2025-04-11 04:00:00,541.8795166015625,545.6976224228102,526.9461235413648,533.8445854574395,17642300,546.791146850586,571.915754699707,631.181146850586,575.6114910888672,550.8610998389111,569.48915625165,600.8772509156582,42.102316450837016,-24.55435940492248,-24.0530227290131,-0.5013366759093785,-11.033079628020904,571.915754699707,643.8773638177609,499.9541455816532,34.94385403126482,75.87096480376755,0.0,0.0,0.0,0.0,0.0
2025-04-14 04:00:00,529.8270874023438,556.0353649218339,526.6370880203747,554.4403043855114,14130900,542.3171112060547,568.2561691284179,628.0491705322265,575.7097723388672,547.0367339413533,565.7118163612399,598.0909699935675,40.127849609258426,-24.710445142214894,-24.18450721165346,-0.5259379305614331,-11.799249438501358,568.2561691284179,640.9978937325557,495.5144445242802,35.973495767968004,76.1318254516305,0.0,0.0,0.0,0.0,0.0
2025-04-15 04:00:00,519.8980712890625,536.2669873917704,515.8905541802854,530.4551018896253,15558700,535.8891632080079,565.2236343383789,624.5536737060547,575.7263934326172,542.1024316409367,561.3486025448422,595.0245818090771,38.524964442059,-25.343192288535192,-24.416244227029807,-0.9269480615053851,-9.574497447961338,565.2236343383789,640.8089645556674,489.6383041210904,35.9948569093372,75.38354308736196,0.0,0.0,0.0,0.0,0.0
2025-04-16 04:00:00,500.747802734375,511.7734034642656,494.08858497853294,506.92853277097964,18735100,527.7525482177734,561.1488479614258,620.5411114501953,575.7235223388672,534.58340820338,555.5770978009881,591.3274532179123,35.57350689891231,-27.077779797410358,-24.94855134110592,-2.129228456304439,-12.8478635369487,561.1488479614258,641.5069982470462,480.7906976758053,36.83081914713278,76.1837101995154,0.0,0.0,0.0,0.0,0.0
2025-04-17 04:00:00,499.9203796386719,505.72225598652767,496.4611703190648,503.67864377215466,14593500,524.7479248046875,556.9359893798828,616.4984533691406,575.7142272949219,528.281039373433,550.2764579760056,587.7428620971579,35.44714590873717,-28.194213678979395,-25.597683808680618,-2.5965298702987774,-14.423212848174705,556.9359893798828,640.9616046670476,472.9103740927181,35.45155245006898,76.11951843350869,0.0,0.0,0.0,0.0,0.0
2025-04-21 04:00:00,483.15264892578125,491.9651517419281,478.30774832896276,489.80188733411177,16166000,522.7471618652344,551.3738403320312,611.9786120605469,575.5971321105957,520.0758774738599,543.8837142569366,583.641285110045,32.896951282878874,-30.085207760678713,-26.49518859908024,-3.590019161598473,-17.00033185301375,551.3738403320312,639.5822666357918,463.1654140282707,35.18666700018827,76.12391777323595,0.0,0.0,0.0,0.0,0.0
2025-04-22 04:00:00,498.7240905761719,505.30357016721007,484.84736943102456,490.3402426542842,17399400,521.1551300048828,545.4637802124023,607.7198016357422,575.5556076049804,516.193734401553,539.5827977159114,580.3111990498932,37.40095728497317,-29.981738174392945,-27.192498514142784,-2.7892396602501606,-5.895187051716045,545.4637802124023,630.9775559341524,459.9500044906522,35.35115755236561,75.68307378009638,0.0,0.0,0.0,0.0,0.0
2025-04-23 04:00:00,518.6519775390625,533.6751170758674,514.9136400551463,526.8862986388891,18173900,522.13408203125,540.1782730102539,603.8021783447266,575.4648333740234,516.640687699282,537.5893862704972,577.8931903631939,42.701463518968716,-27.969311040811476,-27.347861019476525,-0.621450021334951,3.078879610780394,540.1782730102539,617.868712028379,462.4878339921287,36.47337628492456,77.36812323660753,0.0,0.0,0.0,0.0,0.0
2025-04-24 04:00:00,531.491943359375,532.2396108812093,515.8905900656315,517.1167453309313,13910000,516.8884460449219,536.2988815307617,600.0935455322266,575.4909039306641,519.3409160011171,537.0086774218189,576.073533617946,45.881158414060565,-25.049613750592357,-26.88821156569969,1.8385978151073346,3.2736261929944055,536.2988815307617,606.9307851011356,465.66697796038784,33.822360567361905,77.96075745043858,0.0,0.0,0.0,0.0,0.0
2025-04-25 04:00:00,545.5679321289062,548.1498427880772,534.5821864218168,545.0993622560148,17098900,516.9861450195312,533.5419845581055,596.5552801513672,575.5839743041993,524.1094643879878,537.8238445367796,574.8772355203367,49.2087538208977,-21.353765045864407,-25.781322261732637,4.42755721586823,7.213240892253725,533.5419845581055,597.5859790956587,469.49799002055227,32.34766870752558,78.71276334984034,0.0,0.0,0.0,0.0,0.0
2025-04-28 04:00:00,548.0302124023438,556.7529985261549,538.9087068486405,553.9118868125302,15179000,517.6012145996094,532.1961807250976,593.0029144287109,575.6660406494141,528.4586912996889,538.7958795715952,573.824411084337,49.790337994214795,-18.018388118115467,-24.228735433009206,6.210347314893738,-6.150902506624312,532.1961807250976,593.6558404566036,470.7365209935916,29.530027857263683,77.36733378792232,0.0,0.0,0.0,0.0,0.0
2025-04-29 04:00:00,552.7156372070312,554.8390175563454,542.4277261633298,544.3018840382675,11835000,519.8900695800781,531.1035903930664,589.3827056884766,575.880852355957,532.8690451010239,540.12157077497,572.9966160303251,50.941494040665916,-14.826097228842855,-22.348207792175938,7.522110563333083,1.4918894516808834,531.1035903930664,590.1200475287435,472.0871332573892,27.242877973569477,77.44640880226474,0.0,0.0,0.0,0.0,0.0
2025-04-30 04:00:00,547.2925415039062,547.392206153298,527.8531889368276,536.725533164549,29244000,522.6295166015625,529.2593399047852,586.0584100341797,576.1373013305664,535.491498992457,540.804520368202,571.9886131077204,49.526142304646626,-12.588667873350346,-20.396299808410824,7.807631935060478,0.9989351389939838,529.2593399047852,583.395984034454,475.1226957751163,22.91067730913489,77.22081614370553,0.0,0.0,0.0,0.0,0.0
2025-05-01 04:00:00,570.430419921875,591.1059077397648,568.7257162038675,590.238618351305,31159000,529.5977783203125,528.675163269043,583.4478656005859,576.5229116821289,541.844030070533,543.626034611409,571.9275074925893,55.240166973861015,-8.846478870623969,-18.08633562085345,9.239856750229482,7.663506356121363,528.675163269043,580.6180663851264,476.7322601529595,22.446405560291982,78.8087889051013,0.0,0.0,0.0,0.0,0.0
2025-05-02 04:00:00,595.1632080078125,602.4604491374204,576.5313339553563,581.6453838419038,24739300,539.1220611572265,531.9349929809571,581.5098626708984,577.0638526916504,551.5384260591293,548.5343368396378,572.8387114343627,60.40072927098249,-3.8407638915969073,-15.237221275002142,11.396457383405235,14.476902469003905,531.9349929809571,591.7984728917257,472.0715130701884,23.394872012727692,72.62293109068284,0.0,0.0,0.0,0.0,0.0
2025-05-05 04:00:00,597.4063110351562,601.3340602087777,586.2211731974465,589.3812975732367,13887700,550.5474273681641,536.6472946166992,579.8416204833984,577.7542105102539,559.878041509316,553.1888105725443,573.8021467128252,60.84168339558747,0.3037989561651102,-12.129017228768692,12.432816184933802,19.302832238697686,536.6472946166992,601.5953153364401,471.6992738969584,22.37448702057569,69.42178668824334,0.0,0.0,0.0,0.0,0.0
2025-05-06 04:00:00,585.4833984375,594.1763099115676,584.7556882888333,590.687195299098,10600700,559.2233581542969,540.1892440795898,578.2420867919922,578.3160522460937,564.5335609508039,556.264485607302,574.2602350157537,57.19591515931228,2.5963859492577512,-9.183936593163404,11.780322542421155,17.11532921715866,540.1892440795898,607.7584609528233,472.6200272063563,21.82264341592126,69.99073279937065,0.0,0.0,0.0,0.0,0.0
2025-05-07 04:00:00,594.953857421875,601.2043765510581,584.8453792561588,588.5239054125428,13139100,566.8535461425781,544.4938140869141,577.0437127685547,578.9205731201172,570.0645239455441,559.9491876848804,575.0717496199153,59.28298561835026,5.118462105570984,-6.323456853416527,11.441918958987511,23.139934913876026,544.4938140869141,614.5821860051235,474.4054421687047,21.147608486233384,69.70092566111693,0.0,0.0,0.0,0.0,0.0
2025-05-08 04:00:00,596.1502075195312,609.3988539126512,594.7645157959997,604.4044252029665,14622800,573.3193725585937,545.1039093017578,575.5465606689453,579.4783306884766,574.8073755044509,563.396903859609,575.898355812057,59.55129046055469,7.131552981064374,-3.632454886520347,10.76400786758472,19.535073357054756,545.1039093017578,616.831590763284,473.37622784023154,21.531412232604,46.55427232565054,0.0,0.0,0.0,0.0,0.0
2025-05-09 04:00:00,590.6472778320312,605.0822238866388,589.8697353618245,601.8423317625629,10427300,577.8273071289062,547.4067260742188,574.2473150634765,580.0021604919434,577.6873577458291,565.9921775712683,576.4767449108796,57.668879444314044,8.188509526894677,-1.2682620038373422,9.45677153073202,13.881235088426202,547.4067260742188,621.9664334764332,472.8470186720045,21.074259176540085,39.13258538726426,0.0,0.0,0.0,0.0,0.0
2025-05-12 04:00:00,637.4413452148438,638.3983814888618,619.0986063028438,628.9578018482097,21965100,586.7684204101563,552.1848175048829,573.6855462646485,580.8962727355957,588.5517191038317,572.7968602039898,578.8675135502507,67.17171119322612,12.656153112975971,1.5166210195253205,11.13953209345065,19.934338267820117,552.1848175048829,636.8203106099317,467.54932439983406,22.902843634783064,47.07721639377216,0.0,0.0,0.0,0.0,0.0
2025-05-13 04:00:00,653.9896850585938,658.864430238976,640.8307267174667,643.5322593011751,18570800,596.8958251953125,558.3929473876954,573.716693725586,581.9122009277344,600.4495310956066,580.5295101901427,581.8134810603818,69.75731478603545,17.332309492877584,4.679758714195773,12.65255077868181,19.873190219704796,558.3929473876954,653.6693731700564,463.11652160533436,21.936562100814253,45.99041565732195,0.0,0.0,0.0,0.0,0.0
2025-05-14 04:00:00,657.3093872070312,660.6090907304957,652.275104788711,659.1536702462474,12348200,607.897509765625,565.2635131835938,574.1140325927735,582.8836306762695,610.7876867522293,587.8418794298464,584.7741048308386,70.26329772525811,21.063265124380905,7.9564599962328,13.106805128148105,19.940355902214147,565.2635131835938,668.3496808354139,462.17734553177365,21.364059609829035,44.708621603479685,0.0,0.0,0.0,0.0,0.0
2025-05-15 04:00:00,641.8775634765625,655.2657894050994,636.5940584364806,652.2452442251054,14341800,615.0422241210938,572.3200012207031,573.874652709961,583.7778515625,616.440391611199,592.9881350533432,587.0134561502788,64.83310592208713,22.51531262783601,10.868230522553443,11.647082105282568,16.131609143552026,572.3200012207031,676.1302082582324,468.5097941831739,21.653875991389636,42.98514295987285,0.0,0.0,0.0,0.0,0.0
2025-05-16 04:00:00,638.3485717773438,638.4482364395845,624.2027001902264,635.9759687007765,18519000,619.3607604980468,579.2414108276367,574.1332110595703,584.6669551086426,620.4236970959525,597.308176646105,589.0265979395755,63.62219182865641,23.114856916612894,13.317555801365334,9.79730111524756,16.637542697589925,579.2414108276367,681.1687372190393,477.3140844362343,21.641773963448323,43.17826597923258,0.0,0.0,0.0,0.0,0.0
2025-05-19 04:00:00,638.4382934570312,641.000308211198,625.8475671388481,626.2961798346581,9592400,623.4639587402344,587.0056930541992,574.4387823486328,585.4986418151856,623.6990782525123,601.2253306280979,590.9643114892797,63.6407853840443,23.328325460141286,15.319709733120526,8.00861572702076,11.922203157480716,587.0056930541992,681.5006314199018,492.5107546884968,21.837591797686482,39.933584102280086,0.0,0.0,0.0,0.0,0.0
2025-05-20 04:00:00,635.1185302734375,637.3615325460415,630.2936172359767,634.0319543569834,6743500,628.4274719238281,593.8254150390625,575.229144897461,586.1998379516601,625.7753422563169,604.4532544038445,592.6958494808152,62.37050507364538,22.96489861822988,16.848747510142395,6.116151108087486,6.71333874944442,593.8254150390625,680.888822241043,506.7620078370819,20.643465222747256,39.918056936837296,0.0,0.0,0.0,0.0,0.0
2025-05-21 04:00:00,633.5235595703125,644.5989922480402,628.2101191307713,629.8250759728282,11464600,632.2844421386719,599.568994140625,575.8338250732422,586.9407835388183,627.1841090406797,607.2218548958891,594.2969361509917,61.73295922676109,22.291220112001724,17.937242030514263,4.353978081487462,6.04567576003241,599.568994140625,680.7060427298702,518.4319455513798,18.684572857133706,38.8698294725294,0.0,0.0,0.0,0.0,0.0
2025-05-22 04:00:00,634.5902099609375,641.2494271811771,628.7484497588706,632.078027946325,8228400,636.1284423828125,604.7239074707031,576.1839471435546,587.748755645752,628.5306728443628,609.8283649020842,595.8770645356955,62.012616175473234,21.59446723814642,18.668687072040697,2.9257801661057243,8.387396065283937,604.7239074707031,680.5781113802557,528.8697035611506,17.289640586188074,38.59595817457917,0.0,0.0,0.0,0.0,0.0
2025-05-23 04:00:00,625.1098022460938,630.4830536161486,620.7135443903518,622.0593214688579,8454100,639.5746948242188,608.7010009765625,576.9205474853516,588.4180532836914,627.9086963719502,611.283739887228,597.0234464066915,57.95840154304312,20.04621559917655,18.94419277746787,1.1020228217086796,5.068619095083116,608.7010009765625,679.6800876268812,537.7219143262437,17.201339054706256,38.9317168950284,0.0,0.0,0.0,0.0,0.0
2025-05-27 04:00:00,640.3223266601562,641.0799727179783,630.7820830337338,633.4337833907804,9508400,639.86279296875,613.3156066894531,577.612787475586,589.1891149902344,630.1657200607149,614.0493195798878,598.721441710749,62.22595643974662,19.818285742995158,19.11901137057333,0.6992743724218293,7.4095619834499304,613.3156066894531,679.5269397266945,547.1042736522118,17.438449606532085,39.3898044599841,0.0,0.0,0.0,0.0,0.0
2025-05-28 04:00:00,641.5784912109375,648.8557761323202,640.5516652924133,640.6014976239653,9042900,638.6216735839844,617.7587493896484,578.3839813232422,589.8635026550293,632.2407693607553,616.6711454495115,600.4021103185995,62.56388168390798,19.514065668921262,19.198022230242916,0.3160434386783457,8.622948973175504,617.7587493896484,678.5523119926231,556.9651867866737,16.879481904908136,39.44912834387005,0.0,0.0,0.0,0.0,0.0
2025-05-29 04:00:00,643.0438842773438,651.288184072806,637.5111569296643,649.6233948044612,8858800,637.1951232910156,622.5463165283203,579.6338836669922,590.5047514343262,634.2049720728622,619.182834861686,602.0743367483542,62.97994222919939,19.170231545882302,19.192464093370795,-0.02223254748849257,0.8789105232281047,622.5463165283203,674.3978405208754,570.6947925357651,16.81824540680029,38.96491763212838,0.0,0.0,0.0,0.0,0.0
2025-05-30 04:00:00,645.4762573242188,647.3902689717587,630.8120452521741,640.501786260345,16241000,637.5549926757812,626.2986083984375,580.8985382080078,591.1672096252441,636.2542966640179,621.6869703343082,603.7763728493685,63.70108312077109,18.87641711651827,19.12925469800029,-0.25283758148202296,-1.30176789158567,626.2986083984375,672.8623828586306,579.7348339382445,16.915797920712457,36.861456940474845,0.0,0.0,0.0,0.0,0.0
2025-06-02 04:00:00,668.8134765625,671.166122188044,642.256314296396,642.3859148545713,15766300,640.6014831542968,629.9811218261718,582.5912567138672,591.8837660217285,642.174147554651,626.1752090227075,606.3268475047854,69.78297087546515,20.292763276434698,19.361956413687174,0.9308068627475237,1.7501787711188266,629.9811218261718,677.8092393909812,582.1530042613624,15.569991080342277,35.98303533964914,0.0,0.0,0.0,0.0,0.0
2025-06-03 04:00:00,664.7760620117188,673.4789529536675,662.9617757833167,669.3617924489035,11585000,643.2352600097656,633.349609375,583.9988653564453,592.5889836120606,646.2835865468451,629.8514807359467,608.6189735638808,67.67053626903098,20.849106676575616,19.659386466264863,1.1897202103107531,3.567424667584973,633.349609375,681.0071538456809,585.6920649043191,14.790997662215034,36.2342925611142,0.0,0.0,0.0,0.0,0.0
2025-06-04 04:00:00,685.8104248046875,686.857147039673,666.4906935079915,667.238360939457,14031900,648.3044494628906,638.3659606933594,585.376567993164,593.3468269348144,653.4702844119072,635.1809039805887,611.6460892988143,72.36424238113713,22.72534646727513,20.272578466466918,2.452768000808213,7.435099744203466,638.3659606933594,685.9299557751796,590.8019656115392,15.772933311227145,36.03633090594018,0.0,0.0,0.0,0.0,0.0
2025-06-05 04:00:00,682.4907836914062,692.2204392102127,680.1281594087234,689.5088669424362,13083100,653.201171875,642.742807006836,586.5391412353515,594.1373374938964,658.7467388263615,639.6866068101904,614.4243126083278,70.62162689691215,23.67154192425926,20.952371158025386,2.719170766233873,6.900038842569822,642.742807006836,689.5915858030306,595.8940282106413,15.15700124200848,36.18947248338738,0.0,0.0,0.0,0.0,0.0
2025-06-06 04:00:00,695.5401000976562,700.6242144400436,689.7182360915449,694.0048506531133,11728000,659.2961608886719,647.7123016357422,588.2683477783203,594.9838481140137,665.4364408756877,645.0059871232824,617.6053238824192,73.33948849236188,25.184073099041484,21.798711546228606,3.3853615528128778,9.513432051526728,647.7123016357422,694.836113134253,600.5884901372314,15.189756060744287,36.37782056321892,0.0,0.0,0.0,0.0,0.0
2025-06-09 04:00:00,691.9014282226562,702.9968181048444,691.7818062976731,696.2877682898165,12773200,665.9753234863281,652.7750091552734,590.0922589111328,595.8248420715332,670.2482567569547,649.472219608937,620.5188966016441,71.35715402992008,25.79184223912398,22.59733768480768,3.1945045543162998,9.214790479447776,652.7750091552734,695.6499717090184,609.9000466015285,14.908489684660099,36.15385011044015,0.0,0.0,0.0,0.0,0.0
2025-06-10 04:00:00,700.2155151367188,701.0428899746662,689.4092014623567,699.1687320280228,10850100,671.9646423339843,655.9137176513672,592.5976434326171,596.6654988098145,675.696849189639,654.3049144211068,623.644254191255,73.1434199499629,26.637322518781957,23.405334651602537,3.23198786717942,10.341367412494563,655.9137176513672,703.0422027329358,608.7852325697985,15.15770484832117,24.69173697970737,0.0,0.0,0.0,0.0,0.0
2025-06-11 04:00:00,691.981201171875,706.6653705943312,689.8378634515371,701.5214452489874,9582500,677.0049133300781,657.8132934570312,594.9459185791015,597.481040802002,678.6576404591365,657.8931322068943,626.3241344650048,68.58162991133929,26.339308261845304,23.99212937365109,2.3471788881942146,10.697544445072582,657.8132934570312,707.6027252360153,608.0238616780472,15.189035850144396,24.029991074131154,0.0,0.0,0.0,0.0,0.0
2025-06-12 04:00:00,691.2035522460938,693.2172892731859,684.8633472153633,691.143741287137,7322700,681.8208801269532,659.5080017089844,597.0864385986329,598.3122319030762,680.9387153294923,661.0655531630084,628.8684253583809,68.14935244133336,25.743623579147652,24.342428214750402,1.4011953643972497,7.946189515416058,659.5080017089844,711.4845256494975,607.5314777684712,14.892819038395544,24.057488910119076,0.0,0.0,0.0,0.0,0.0
2025-06-13 04:00:00,680.7461547851562,692.4097779899056,678.8919543003105,685.8103721689653,9274400,685.3478698730469,661.4514312744141,599.0590826416015,599.1253382873535,680.9037043214312,662.9398961746416,630.9028461202154,62.44896029927455,24.149336083521803,24.303809788504683,-0.15447370498288038,6.104890377526884,661.4514312744141,713.5587978993134,609.3440646495147,14.86718747546764,23.016123354502202,0.0,0.0,0.0,0.0,0.0
2025-06-16 04:00:00,700.4749145507812,705.4931583928874,691.8851025594383,697.6914734952734,13720300,688.514013671875,664.557748413086,602.4692486572266,600.0471305847168,684.4621061813131,666.5146598295121,633.6311625292572,67.9035367359863,24.19884852741427,24.282817536286604,-0.08396900887233372,8.931121448729563,664.557748413086,718.2492646997638,610.8662321264081,15.494104128028109,24.523856714166104,0.0,0.0,0.0,0.0,0.0
2025-06-17 04:00:00,695.5963745117188,704.3158869977019,694.4291328649981,700.3552179138009,10066100,691.596044921875,667.4156524658204,606.3179705810547,600.9560630798339,686.4865186050231,669.2843469421032,636.0611708422949,65.37468455197987,23.572698689428762,24.14079376691504,-0.5680950774862765,7.764827384243356,667.4156524658204,721.3376584157768,613.4936465158639,15.590768746638096,24.82940201960569,0.0,0.0,0.0,0.0,0.0
2025-06-18 04:00:00,694.1397705078125,699.9461410540869,693.2718138640435,696.5440968778995,10068300,692.4289794921875,670.3667144775391,609.9078778076172,601.8505540466308,687.8780189509848,671.6515301388374,638.3387629860407,64.60110090930603,22.697294380844255,23.852093889700882,-1.1547995088566267,3.7867499434194984,670.3667144775391,723.2974875190988,617.4359414359793,15.083433035702503,24.69405805441322,0.0,0.0,0.0,0.0,0.0
2025-06-20 04:00:00,680.7511596679688,700.1755711266569,677.0797895921414,699.10807093925,22538600,692.2550170898437,672.7280944824219,613.3456518554688,602.6627403259278,686.5822263540728,672.5181615225642,640.0019942284692,57.827623051369756,20.684740346941908,23.218623181149088,-2.53388283420718,2.403079558536869,672.7280944824219,722.879052531805,622.5771364330387,15.54897287962614,26.014585939632852,0.0,0.0,0.0,0.0,0.0
2025-06-23 04:00:00,696.8934326171875,697.4121728945754,677.1597462532054,682.0881746874048,11080100,692.3903503417969,675.8432556152344,615.6045544433593,603.6031140136719,688.4569911291845,674.8396159125284,642.2330310280269,62.88100225888455,20.159932147133418,22.606884974345956,-2.446952827212538,1.616045398501531,675.8432556152344,723.707524393043,627.9789868374259,14.93058850460628,26.943609987834922,0.0,0.0,0.0,0.0,0.0
2025-06-24 04:00:00,710.5313110351562,711.5189816994163,700.4649253469852,703.2384409706419,13823200,694.2533386230468,680.1143310546875,618.9233618164062,604.6068051147461,692.4705038393612,678.2388249718264,644.9113949498751,66.53002074703426,20.606936740202514,22.20689532751727,-1.599958587314756,4.108557655839173,680.1143310546875,723.9963025635085,636.2323595458664,15.224043641168992,26.363742448630372,0.0,0.0,0.0,0.0,0.0
2025-06-25 04:00:00,707.01953125,714.9010456370576,703.7272754411318,711.6486741856498,9320400,694.933740234375,683.4491912841797,622.226162109375,605.5724557495117,695.1157815503864,680.9798446173668,647.3470081381153,64.76446375912325,20.442175150882917,21.8539512921904,-1.411776141307481,1.6504341231701858,683.4491912841797,724.6541746068189,642.2442079615406,14.444949724595526,25.786812319177045,0.0,0.0,0.0,0.0,0.0
2025-06-26 04:00:00,724.3887939453125,726.5137473228667,709.3839937767193,712.6862359929024,13964800,698.1744995117188,687.5897064208984,626.1173962402344,606.707425994873,700.4381474403729,685.1140302676473,650.3682546403584,69.12825575405957,21.4657113839379,21.7763033105399,-0.31059192660200097,4.695374860853985,687.5897064208984,727.7074510705252,647.4719617712717,14.97365945826534,26.656755744835497,0.0,0.0,0.0,0.0,0.0
2025-06-27 04:00:00,731.9110717773438,733.7068421056694,724.1592578043636,724.8177454897765,18775700,702.2452514648437,692.0330657958984,630.35765625,607.8575375366211,706.1604973198221,689.5708913638089,653.5660121751421,70.81406868862302,22.623071491776273,21.945656946787174,0.677414544989098,4.526543036458763,692.0330657958984,731.0472147160459,653.018916875751,14.360384712027367,26.653157644797894,0.0,0.0,0.0,0.0,0.0
2025-06-30 04:00:00,736.3606567382812,746.1476691378697,732.5296271967599,742.8054817668852,15402100,707.8067016601562,696.5772857666016,635.0699133300782,609.0298970031738,711.6514353959055,694.027059494711,656.8128609815396,71.79519764178073,23.626974974952077,22.281920552420157,1.3450544225319199,6.413390348068604,696.5772857666016,733.8935537773008,659.2610177559023,14.576212251552704,26.63312150029778,0.0,0.0,0.0,0.0,0.0
2025-07-01 04:00:00,717.5348510742188,736.0214648412638,713.6938959127618,735.1535081071979,13431200,709.5126953125,699.0133544921875,639.422202758789,610.0731297302247,712.721147337417,696.2658967879975,659.1941154949781,62.25903457491782,22.642482095692117,22.35403286107455,0.2884492346175662,3.8094854609123985,699.0133544921875,735.0370167510149,662.9896922333602,15.364288845353412,26.60336839566881,0.0,0.0,0.0,0.0,0.0
2025-07-02 04:00:00,711.8981323242188,718.6123446328994,711.1299169276585,713.6540184351263,9336700,711.14287109375,701.3694580078125,643.9971124267578,611.0197245788574,712.5715082441083,697.7546811247804,661.2609396843601,59.70206757518819,21.163469004013336,22.11592008966231,-0.9524510856489741,4.576151818131691,701.3694580078125,733.9655377847511,668.7733782308738,14.69678317124247,26.69891998279051,0.0,0.0,0.0,0.0,0.0
2025-07-03 04:00:00,717.3253784179688,727.3219211703462,712.7461059372963,724.9075473573512,8601700,713.4614318847656,702.9452056884766,648.3691381835938,611.9983274841309,713.4358482757193,699.618557057465,663.4595451248938,61.34807467887707,20.19646163762377,21.732028399254606,-1.535566761630836,2.4055770616701944,702.9452056884766,735.4210890378289,670.4693223391242,15.201772227549961,24.629931606441545,0.0,0.0,0.0,0.0,0.0
2025-07-07 04:00:00,716.6668701171875,725.29662738586,711.8382444141125,715.9186273791692,9457100,717.0530029296875,704.6540100097657,652.3294360351563,612.9280570983886,714.0233067923499,701.2422059202958,665.5461068892976,61.02238459346802,19.156145099933042,21.216851739390293,-2.0607066394572513,3.0291267145058587,704.6540100097657,736.1809231511447,673.1270968683866,15.19752646198942,24.51687443686924,0.0,0.0,0.0,0.0,0.0
2025-07-08 04:00:00,718.9813842773438,721.2161260005597,713.1351294314046,719.8792998482032,7770700,719.2617980957032,705.82607421875,656.0792248535156,613.8542329406738,714.9247754259851,702.9316514781098,667.6416079633386,61.79020834424007,18.307412245858018,20.634963840683838,-2.3275515948258203,3.578762494959453,705.82607421875,737.6677229045163,673.9844255329838,14.007097387805418,23.729419233554847,0.0,0.0,0.0,0.0,0.0
2025-07-09 04:00:00,731.0631713867188,735.8020424329438,721.0266828828768,721.0266828828768,11418000,721.3149841308593,707.7841613769531,659.7891296386719,614.8327070617676,717.8590292370275,705.6108438503582,670.1287280975888,65.59968025086715,18.39760841454313,20.187492755455697,-1.7898843409125682,7.390661184226155,707.7841613769531,740.8146528988576,674.7536698550485,14.502376246583724,24.1531259007442,0.0,0.0,0.0,0.0,0.0
2025-07-10 04:00:00,725.5360717773438,734.0760133186282,717.9139576323801,729.8359710403425,9913600,723.1666381835937,709.0501892089844,663.3392468261719,615.6783027648926,719.2548551534486,707.5084846053091,672.301565104638,62.52840828878125,17.817707342371364,19.71353567283883,-1.8958283304674666,4.110045785994654,709.0501892089844,742.7925658010151,675.3078126169537,15.180071139169772,24.169127009430127,0.0,0.0,0.0,0.0,0.0
2025-07-11 04:00:00,715.828857421875,723.4608966552098,708.0371589748221,720.8071559255932,10873900,722.31064453125,710.2425720214844,666.6015112304688,616.4641667175293,718.6319464749806,708.3009010640297,674.0085177445297,57.441818181937194,16.38595342165945,19.048019222602957,-2.6620658009435054,0.7455753609226345,710.2425720214844,743.1195911928434,677.3655528501255,14.780294801170214,24.296926337886795,0.0,0.0,0.0,0.0,0.0
2025-07-14 04:00:00,719.2308959960938,726.294324886829,714.8711396040657,715.9186673172987,8939400,721.042626953125,711.6439392089844,670.0402783203125,617.2518141174316,718.7408463879103,709.3418529623216,675.7819443426304,58.70955252422587,15.348862077487752,18.308187793579915,-2.959325716092163,1.7271608783570924,711.6439392089844,743.4767142572592,679.8111641607096,14.149634704126884,24.292467840263328,0.0,0.0,0.0,0.0,0.0
2025-07-15 04:00:00,708.7255249023438,722.7724907094275,708.1568531421487,722.2038798413794,11529500,718.2791137695312,713.0429077148438,672.8061804199219,617.9923081970214,716.9198788450799,709.2831550518475,677.0738494626191,53.41792738553843,13.523375016000045,17.35122523806394,-3.827850222063894,-2.162273791903968,713.0429077148438,741.4311864179984,684.654629011689,14.148926738773314,24.243942888999566,0.0,0.0,0.0,0.0,0.0
2025-07-16 04:00:00,701.2630004882812,712.2970836136572,697.6315755690009,711.6985138171127,13067600,716.6519287109375,713.0823120117187,674.9281762695313,618.6707093811035,714.0731736892982,708.5193308076985,678.0224436204883,49.972297187420686,11.34373648162159,16.149727486775472,-4.8059910051538814,-4.187403698462699,713.0823120117187,741.3992362976803,684.7653877257571,14.398336585111208,22.427883078151734,0.0,0.0,0.0,0.0,0.0
2025-07-17 04:00:00,699.7665405273438,704.2460714207873,695.4766277838654,702.7395996705828,11803300,715.43876953125,713.2908203125,676.975380859375,619.3439671325683,711.471967659852,707.6857317333789,678.8751533031101,49.285755255929416,9.387393399607959,14.79726066934197,-5.409867269734011,-4.969591446266508,713.2908203125,741.1228775603288,685.4587630646713,13.632281411115148,22.289737322640814,0.0,0.0,0.0,0.0,0.0
2025-07-18 04:00:00,702.6298828125,703.0588680042227,690.0294703606638,700.5447529444856,12779800,713.9692199707031,713.7153259277344,679.318310546875,620.0339305114746,709.8643158694243,707.2042223123428,679.8067113230862,50.68192030015011,7.976081897705285,13.433024915014634,-5.456943017309349,-2.0772465949778662,713.7153259277344,740.5589274587097,686.8717243967591,13.880982364133233,22.30636231765081,0.0,0.0,0.0,0.0,0.0
2025-07-21 04:00:00,711.2994384765625,715.3200251684316,704.1063709182977,705.1439122135475,9404400,713.4324768066406,715.2427398681641,681.6452221679688,620.7419633483887,710.1252472525402,707.5942428994114,681.0417202310657,54.744367188230655,7.4710464788439594,12.2406292277805,-4.769582748936541,-0.08409824671145039,715.2427398681641,737.2249832671456,693.2604964691826,13.770521292376495,21.35188606422243,0.0,0.0,0.0,0.0,0.0
2025-07-22 04:00:00,703.1586303710938,714.9209845240272,699.7665722015134,714.5119719450398,8921100,711.8502014160156,715.5559997558594,683.785390625,621.3892390441895,708.8585896377318,707.1718036110002,681.9090500404786,50.53488942706707,6.340814133956997,11.060666209015801,-4.719852075058805,-1.9749403092525708,715.5559997558594,736.5955933013079,694.5164062104109,13.23392497073323,20.29272971722772,0.0,0.0,0.0,0.0,0.0
2025-07-23 04:00:00,711.9081420898438,712.955669824656,703.2783841619789,704.7150127643985,8771600,709.9346984863281,715.6248413085938,686.2106079101562,622.0984739685059,709.4130537199339,707.6228834661282,683.0854850228068,54.577490498624066,6.081011218701178,10.064735210952877,-3.983723992251699,-0.6640083734532953,715.6248413085938,736.6041340781338,694.6455485390537,13.399254381327612,19.54975847305822,0.0,0.0,0.0,0.0,0.0
2025-07-24 04:00:00,713.1251831054688,721.9245248031309,712.3270697155897,715.3699112663372,10920800,708.6936096191406,715.9301239013672,687.7242846679687,622.7642329406739,710.0879863354858,708.1469120032082,684.2635123985974,55.126847376240256,5.9052485459586705,9.232837877954037,-3.327589331995366,-0.8145136021513455,715.9301239013672,736.5569022296613,695.3033455730731,13.013011086124736,19.461483295895462,0.0,0.0,0.0,0.0,0.0
2025-07-25 04:00:00,711.0101318359375,718.9614892126135,710.2319910963464,715.2401874661052,8271700,708.2117370605469,715.2611907958984,688.8646936035157,623.3538829040527,710.2556491537497,708.4195996063252,685.3123994353558,53.90666080723188,5.531524429904948,8.492575188344219,-2.9610507584392707,-2.7429968210193945,715.2611907958984,735.5986683499455,694.9237132418514,12.675233596447567,17.277270122924683,0.0,0.0,0.0,0.0,0.0
2025-07-28 04:00:00,715.9486083984375,723.0419351595109,711.0101939967738,713.5243091595448,8715700,707.8835083007813,714.4630676269531,690.0374780273437,624.0237574768066,711.2907326527838,709.1366480627167,686.5138193946924,56.33682266730017,5.569635866131648,7.907987323901705,-2.338351457770057,-1.3214316629936662,714.4630676269531,733.2425396917222,695.6835955621841,12.957434078906017,17.021273502121975,0.0,0.0,0.0,0.0,0.0
2025-07-29 04:00:00,698.35986328125,722.7724995594365,698.270047363426,718.3130022321428,13267000,706.8469421386719,712.5630279541016,691.1671240234375,624.5653327941894,708.9396654943231,708.110287607339,686.9783701353417,46.86066971096896,4.132932841107618,7.152976427342888,-3.0200435862352704,-2.4403869667313005,712.5630279541016,729.6250293085554,695.5010265996477,13.506133653221045,18.71175027144166,0.0,0.0,0.0,0.0,0.0
2025-07-30 04:00:00,693.5811157226562,706.8399547738821,689.5805015781577,706.4309422136296,27077300,706.0787536621094,711.3653411865234,692.2717749023437,625.0948573303223,706.1472018994746,706.726556951655,687.2373013348442,44.662570239842,2.579001231743746,6.23818138822306,-3.659180156479314,-3.566278981649418,711.3653411865234,730.2259733883627,692.5047089846842,13.58451918961221,16.737242741906186,0.0,0.0,0.0,0.0,0.0
2025-07-31 04:00:00,771.6278076171875,782.9113054874113,763.7163951695271,773.3836936232736,38831100,713.2648803710938,714.3518249511719,694.9355651855469,626.0478553771973,718.0527665754223,712.9076284436105,690.5467329537597,69.67843617465718,7.558090050960004,6.502163120770449,1.055926930189555,8.87540811000298,714.3518249511719,747.2554662850404,681.4481836173035,18.71532468691459,43.677773909649744,0.0,0.0,0.0,0.0,0.0
2025-08-01 04:00:00,748.2527465820312,764.2052724882252,743.5637464392476,758.9476005405788,19028700,717.8271667480469,715.898193359375,697.1982495117187,626.8535246276856,723.5436720311693,716.2738301710792,692.8097138803586,60.81164917878292,9.50827625066438,7.103385746749236,2.4048905039151443,6.70073083294449,715.898193359375,752.1290061370045,679.6673805817455,19.903958679427205,45.345678405899434,0.0,0.0,0.0,0.0,0.0
2025-08-04 04:00:00,774.5509643554688,775.029820232538,756.6330226185955,758.2193240496142,15801700,724.1523193359375,718.7923980712891,700.0187976074219,627.7883464050293,732.8177251810419,721.8240334267354,696.0152531146766,66.04656649231703,13.025707012978614,8.287849999995112,4.737857012983502,10.687053395231993,718.7923980712891,763.5307468333244,674.0540493092537,20.77263268537206,46.771806341746355,0.0,0.0,0.0,0.0,0.0
2025-08-05 04:00:00,761.6712036132812,781.2950989411861,761.212259491104,774.6307577641016,11640300,730.0035766601562,720.926889038086,702.5604174804688,628.679419708252,738.0638121687217,725.6190020159303,698.5899962714847,61.699459212424784,14.605642428372448,9.55140848567058,5.0542339427018685,8.402904892750861,720.926889038086,769.6033818029218,672.2503962732501,21.159584928616766,47.358636063032094,0.0,0.0,0.0,0.0,0.0
2025-08-06 04:00:00,770.1812133789062,771.827371776558,758.6782598971715,768.1958857027562,9733900,735.8308837890625,722.8827911376953,705.461845703125,629.6602156066895,743.9033396614825,729.8630221457375,701.3974949815796,63.41296009769878,16.35589867611418,10.9123065237593,5.44359215235488,8.278057273383311,722.8827911376953,776.1969300511772,669.5686522242135,21.472418374507097,47.187390219022554,0.0,0.0,0.0,0.0,0.0
2025-08-07 04:00:00,760.0449829101562,773.1841074016191,757.7702959207965,771.6776357205837,9019700,740.5228637695312,724.6082366943359,707.856298828125,630.5896336364746,746.8381838885141,732.7374945994917,703.6973964689747,59.97140481023238,16.732201867850563,12.076285592577554,4.655916275273009,8.090116523072544,724.6082366943359,780.4573436281757,668.7591297604961,21.642733648597364,47.395182774399636,0.0,0.0,0.0,0.0,0.0
2025-08-08 04:00:00,767.4974975585938,768.0961282780016,756.8026440305783,760.9628565603988,7320800,746.1716003417969,727.1916687011719,710.3746789550781,631.5586036682129,750.5944227376195,736.0479710717871,706.1993612175872,61.62065057731182,17.43084853569212,13.147198181200467,4.2836503544916535,7.808501150944069,727.1916687011719,786.0308998289336,668.3524375734103,21.542972355132488,47.063430802225845,0.0,0.0,0.0,0.0,0.0
2025-08-11 04:00:00,764.0755615234375,771.6478049440495,762.8783609453131,768.2757194135389,7612000,750.9842956542968,729.4339019775391,712.7953125,632.5169828796387,753.0455388804955,738.7172654005158,708.4690161315422,60.39028036702022,17.506604178225643,14.019079380605504,3.4875247976201393,7.144661221483384,729.4339019775391,790.3760786525233,668.4917253025549,21.08690318914839,47.15447470030878,0.0,0.0,0.0,0.0,0.0
2025-08-12 04:00:00,788.1489868164062,791.8103707559926,770.6201469797736,771.1888187456735,14563100,759.9632080078125,733.4050750732422,715.6487670898438,633.5616429138183,759.4279839597519,743.4250483925053,711.5937208642819,65.59483797734143,19.286838631749788,15.072631230834363,4.214207400915425,10.849192089750437,733.4050750732422,798.8500736861873,667.960076460297,22.368172459076455,47.6537591852195,0.0,0.0,0.0,0.0,0.0
2025-08-13 04:00:00,778.2523193359375,793.5962894533881,776.4066172801486,789.2963900548351,8811800,768.4303283691406,737.254541015625,717.8375439453125,634.647979888916,762.8505903917855,746.7419313394989,714.2077835494449,61.988794048994876,19.672338434424887,15.992572671552468,3.679765762872419,8.702260219050096,737.254541015625,803.787116107801,670.721965923449,22.88055027764448,47.75085710003307,0.0,0.0,0.0,0.0,0.0
2025-08-14 04:00:00,780.2974243164062,785.9641084064921,770.6999694623344,776.0573823379099,8116200,769.2972900390625,741.2810852050782,720.1479711914062,635.7241902160645,766.0227420144438,749.9376925753949,716.7995341677572,62.448207109451026,19.913324279014773,16.77672299304493,3.1366012859698422,11.732856560537709,741.2810852050782,808.0081022457185,674.5540681644378,23.347310336779522,47.67800704690034,0.0,0.0,0.0,0.0,0.0
2025-08-15 04:00:00,783.3901977539062,794.3843975355859,778.9905571139482,782.3127720209482,13375400,772.81103515625,745.3191009521485,722.0995666503907,636.7886460876465,769.1804612398006,753.1236454495388,719.410932739763,63.173100319112386,20.121915351368557,17.44576146470966,2.6761538866588985,12.948605432787218,745.3191009521485,811.972171011674,678.6660308926229,23.587455843784117,47.678663202213045,0.0,0.0,0.0,0.0,0.0
2025-08-18 04:00:00,765.572021484375,773.9922487170201,754.7873521125813,773.2739649293972,16513700,771.9131408691406,748.0327301025391,723.76119140625,637.7395793151856,768.5243812842687,754.3092050719041,721.2211715140616,56.416206942296284,18.634638849787393,17.683536941725208,0.951101908062185,-0.7848066221865402,748.0327301025391,813.2579568924456,682.8075033126325,23.88034108987801,48.66294032111247,0.0,0.0,0.0,0.0,0.0
2025-08-19 04:00:00,749.71923828125,765.3724785334582,747.604210382002,765.3226078635242,12286700,770.7179443359375,750.3607604980468,724.8447741699218,638.5360108947754,765.1052643746289,753.8720653775562,722.3387427598337,51.17206136054918,15.992423684483924,17.345314290276953,-1.3528906057930286,0.19598881606750496,750.3607604980468,812.0711766950005,688.6503443010931,23.930938083210055,49.16407250643629,0.0,0.0,0.0,0.0,0.0
2025-08-20 04:00:00,745.968017578125,748.4422481947564,729.2872227778392,745.8184055724877,11898200,768.2966247558594,752.063754272461,725.9261059570313,639.3210508728027,761.6257649570828,753.1192989204675,723.265380988002,49.987962213366025,13.440819568005736,16.56441534582271,-3.1235957778169734,-3.690260304708115,752.063754272461,811.129323620086,692.998184924836,19.009639921685466,49.140067691377354,0.0,0.0,0.0,0.0,0.0
2025-08-21 04:00:00,737.3682250976562,743.7532539146816,731.392269728463,742.965126847803,8876300,766.0289489746094,753.2759063720703,726.66916015625,640.1836106872559,757.2153031644598,751.6191966516284,723.8184336981845,47.28653843848436,10.602504468983852,15.372033170454937,-4.769528701471085,-3.1907440376286345,753.2759063720703,809.9223296626143,696.6294830815262,18.04618896966561,49.40206295050251,0.0,0.0,0.0,0.0,0.0
2025-08-22 04:00:00,753.021484375,755.1265868650723,732.6693186706706,737.4979443181139,10612700,764.58134765625,755.3764739990235,727.8899658203125,641.1265269470215,756.4527906572852,751.7527478633781,724.9636513717852,52.33572867374619,9.506620109037044,14.198950558171358,-4.692330449134314,-2.228011889386894,755.3764739990235,808.4252170000743,702.3277309979726,17.737631437086684,49.816985510179656,0.0,0.0,0.0,0.0,0.0
2025-08-25 04:00:00,751.5349731445312,757.1019160115399,748.3724176422635,753.0514312038815,6861200,763.3272888183594,757.1557922363281,729.0965942382812,642.0942549133301,755.5586420186025,751.7320074139641,726.0056639903243,51.82802193188749,8.421101607969604,13.043380768131009,-4.622279160161405,-1.119671855873683,757.1557922363281,806.9219495420925,707.3896349305637,16.926678502743414,49.83153530742417,0.0,0.0,0.0,0.0,0.0
2025-08-26 04:00:00,752.3331298828125,753.1013452690629,746.187589469264,749.0408739151204,7601800,759.745703125,759.8544555664063,730.5283337402344,643.0075062561035,754.9721852666406,751.789257172902,727.038113633167,52.09673232716235,7.538327802973754,11.942370175099558,-4.404042372125804,-1.9758198201321853,759.8544555664063,801.3649503631077,718.3439607697048,16.48129592563001,48.77886278246064,0.0,0.0,0.0,0.0,0.0
2025-08-27 04:00:00,745.62890625,752.3830637406979,741.0995653139147,750.5373617239242,8315400,756.4833618164063,762.4568450927734,731.4314135742187,643.8891270446777,753.2734072636151,751.2025570850067,727.7671643240232,49.59427585142804,6.225979172476627,10.799091974574972,-4.573112802098345,-2.414244899635054,762.4568450927734,790.9620160036893,733.9516741818575,16.186273564627193,48.846206786622595,0.0,0.0,0.0,0.0,0.0
2025-08-28 04:00:00,749.3501586914062,751.2856157691724,739.0643171271723,742.2568318080029,7468000,753.3886352539063,761.3429626464844,732.5064892578125,644.6915754699708,752.5600893413953,751.0261381903781,728.613556259999,51.00118782028192,5.423686518011436,9.724010883262265,-4.3003243652508285,-4.9227784053521795,761.3429626464844,790.0793384347247,732.606586858244,16.252546021382678,27.36368068059839,0.0,0.0,0.0,0.0,0.0
2025-08-29 04:00:00,736.96923828125,745.3894657992533,733.6270507950396,743.5338383928589,9070500,748.7465393066407,760.7787872314453,733.3630786132812,645.4438630676269,749.7253891486415,749.6873858180802,728.941230064754,46.36437117884506,3.7456494879992306,8.528338604209658,-4.7826891162104275,-5.30458824586778,760.7787872314453,791.0018542279031,730.5557202349876,16.749236299784837,25.823249232776334,0.0,0.0,0.0,0.0,0.0
2025-09-02 04:00:00,733.3876342773438,734.2755636355303,720.0389785344453,724.3388778368966,9350900,745.5281005859375,758.7206207275391,734.4158081054687,646.208943939209,746.754888262951,748.1350285284863,729.1155988574046,45.08733409970257,2.102550646646705,7.243181012697068,-5.140630366050363,-6.011783273558624,758.7206207275391,790.5580097336723,726.8832317214059,15.977482765088382,22.10860970323731,0.0,0.0,0.0,0.0,0.0
2025-09-03 04:00:00,735.3231201171875,738.5156348712184,732.2702919649562,734.2755923879996,7699300,744.0884887695313,757.4032165527344,735.1844018554688,646.9754920959473,744.6763849637211,746.9148467750292,729.3590310636706,45.95366243173433,0.9456595342737728,5.983676717012409,-5.038017182738637,-6.135777263301745,757.4032165527344,790.8655846672762,723.9408484381927,15.195744960304287,21.541711312180215,0.0,0.0,0.0,0.0,0.0
2025-09-04 04:00:00,746.8959350585938,759.3765729399474,744.0725487076684,746.8161054490425,11439100,744.1812805175781,756.2389526367188,735.9116943359375,647.8238887023925,745.0799395264253,746.9130456591782,730.0467527889617,50.93780708852229,0.9516741334751941,4.977276200304966,-4.025602066829772,-2.4394943782780842,756.2389526367188,789.4487591509715,723.029146122466,15.823553094490162,21.959675663661525,0.0,0.0,0.0,0.0,0.0
2025-09-05 04:00:00,750.68701171875,756.1741251448537,743.2844139282448,750.8565963566639,9663400,745.5131591796875,755.7710540771484,736.7850439453125,648.7053727722168,746.0994071977569,747.2724709981851,730.856174707777,52.4836855910485,1.2479632067826287,4.231413601600499,-2.9834503948178703,0.12908478108666355,755.7710540771484,789.0187466181047,722.523361536192,15.64468672270239,21.620544185090665,0.0,0.0,0.0,0.0,0.0
2025-09-08 04:00:00,750.5372924804688,764.71401930554,750.2579802053917,754.2286352813065,13087800,745.2647399902344,754.9230438232422,737.3080139160156,649.7009538269043,746.9062954309773,747.5834063774502,731.6279832478825,52.413447798063046,1.4539333026814347,3.6759175418166863,-2.2219842391352516,0.612529598410716,754.9230438232422,787.7742022185131,722.0718854279713,14.634200541189768,21.275035813896938,0.0,0.0,0.0,0.0,0.0
2025-09-09 04:00:00,763.9059448242188,764.5045146420852,751.6646744655906,755.715159278882,10999000,746.5018371582031,754.9145629882812,737.9479113769531,650.7617860412597,749.9971407752029,749.1379338485709,732.8937856626409,57.839090676190985,2.6651820456629594,3.4737704425859413,-0.8085883969229819,3.598977935759007,754.9145629882812,787.7558588125385,722.073267164024,14.34844418827858,22.2458168047709,0.0,0.0,0.0,0.0,0.0
2025-09-10 04:00:00,750.2180786132812,763.9059640843684,749.2403942554,763.3372922969834,12478300,746.29033203125,753.018017578125,738.2250598144532,651.7208894348145,750.0373112912171,749.2408047785433,733.5731696999209,51.37970287890252,2.491884103301004,3.277393174728954,-0.78550907142795,-0.3722876199270142,753.018017578125,781.9233375316317,724.1126976246182,13.936555211532696,19.76547920173278,0.0,0.0,0.0,0.0,0.0
2025-09-11 04:00:00,749.1406860351562,755.3261108896929,746.6165845282627,752.8818998869256,7923300,746.6415100097656,751.5624359130859,738.8571765136719,652.6525621032715,749.8742885173878,749.2312696601255,734.1836605365968,50.89787440735009,2.241765975807425,3.0702677349446486,-0.8285017591372235,-0.31858625279366226,751.5624359130859,777.9386516054465,725.1862202207253,13.517539390944714,19.39751211166367,0.0,0.0,0.0,0.0,0.0
2025-09-12 04:00:00,753.8196411132812,755.7949823874058,742.0173423532742,746.9756681630587,8248600,747.0884582519532,750.2385467529297,739.6956066894531,653.6197212219238,750.5916253530047,749.6682574175688,734.9536989905844,52.96096752618508,2.393507267042537,2.934915641364227,-0.5414083743216898,0.19758683639259367,750.2385467529297,772.9446291715075,727.5324643343519,12.897565950925411,19.549787072414862,0.0,0.0,0.0,0.0,0.0
2025-09-15 04:00:00,762.9083251953125,772.2563664766384,750.2280827190908,755.6952236302711,10533800,749.6823669433594,749.214453125,740.607265625,654.6519792175293,752.8310253243333,750.9292162535445,736.0499588417501,56.76135138872176,3.2101396896021015,2.989960451011802,0.22017923859029942,2.317428790712528,749.214453125,766.922347979286,731.506558270714,13.847479192944784,20.062503138726058,0.0,0.0,0.0,0.0,0.0
2025-09-16 04:00:00,777.1748046875,779.5292605984961,763.3073480005289,765.2029206615051,11782500,754.061083984375,749.7945922851562,741.8174243164062,655.7258631896973,757.2571670267271,753.4287961043974,737.6626978945247,61.95704802686694,4.9514353683106265,3.382255434471567,1.5691799338390595,3.7131700945635338,749.7945922851562,770.298431739595,729.2907528307175,14.54084916461512,19.560083905895766,0.0,0.0,0.0,0.0,0.0
2025-09-17 04:00:00,773.9024658203125,781.4547366857648,764.5145401578408,778.16248073438,9400900,757.9190185546875,751.0037536621094,742.9158459472657,656.7414378356933,760.2835849891972,755.378669410675,739.0838652641635,60.171032319262245,5.998230473411354,3.9054504422595246,2.0927800311518294,5.011501921735251,751.0037536621094,774.1685080474138,727.838999276805,14.94489902898232,17.962890943622828,0.0,0.0,0.0,0.0,0.0
2025-09-18 04:00:00,778.4218139648438,786.9318567440129,771.5479431530769,778.9206424262118,10955000,761.0716064453125,752.6264434814453,743.8630187988281,657.8012046813965,763.5814448029511,757.5732546063101,740.6265299190921,61.80846654533629,7.110530986391268,4.5464665510858735,2.5640644353053945,6.140569813653207,752.6264434814453,778.6733918433058,726.5794951195849,15.170800096763458,17.84220991090784,0.0,0.0,0.0,0.0,0.0
2025-09-19 04:00:00,776.5562744140625,788.9471575257752,767.3878039844694,784.5774149162842,23696800,763.6585327148438,754.5858459472656,744.8834228515625,658.8261659240723,765.940504732244,759.3811612546675,742.0355395071302,60.69913675843686,7.752141840243098,5.187601608917319,2.564540231325779,5.60748780621827,754.5858459472656,781.6749586752145,727.4967332193168,15.587674785687682,17.193534905264844,0.0,0.0,0.0,0.0,0.0
2025-09-22 04:00:00,763.8824462890625,784.4181095052566,763.1935958899483,780.5445827585347,11706900,764.9930480957031,755.1288940429688,745.8444946289062,659.695652923584,765.5663122880292,759.8098550674671,742.892280949559,53.6538075911054,7.155467281691244,5.581174743472104,1.5742925382191402,2.2742808513392276,755.1288940429688,782.519736388703,727.7380516972346,15.894407204866509,16.976462182765598,0.0,0.0,0.0,0.0,0.0
2025-09-23 04:00:00,754.1387939453125,769.3133669851754,749.8160063356215,767.9656453445465,10872600,764.0163330078125,755.2590850830078,746.5426525878906,660.4128215026856,763.4885816802625,759.2697540082142,743.3333206748827,48.94979672127594,5.82917201572684,5.630774197923052,0.19839781780378818,0.45981643117274373,755.2590850830078,782.6027139862176,727.915456179798,16.840979900815917,17.62656154085174,0.0,0.0,0.0,0.0,0.0
2025-09-24 04:00:00,759.3899536132812,759.8392144671293,751.2735837511626,756.2352564498105,8828200,764.9335205078125,755.6119262695313,747.5559411621093,661.155598602295,762.743376577175,759.2812015896492,743.96299255482,51.421682318653865,5.142518410313755,5.533123040401192,-0.39060463008743707,1.1795098286928818,755.6119262695313,782.9786929785616,728.245159560501,15.734706893187829,17.78716930124449,0.0,0.0,0.0,0.0,0.0
2025-09-25 04:00:00,747.6595458984375,755.5064686568031,743.3068402529434,752.1920046258563,10591100,764.7854064941406,755.7134582519532,748.4838720703125,661.8638578796387,760.0008619083136,758.1743772381052,744.1079554310403,46.056722346668685,3.610178720440558,5.148534176409066,-1.5383554559685075,-2.1267538282503717,755.7134582519532,782.9389807610484,728.487935742858,15.962807046311323,18.388271366486805,0.0,0.0,0.0,0.0,0.0
2025-09-26 04:00:00,742.5081787109375,750.6745134518627,736.1188402620083,748.7477432379202,9696300,763.6542602539063,755.3713592529297,749.3387048339844,662.4725160217286,756.8203740542451,756.682358330756,744.0452190890755,43.89106184224278,1.9575507693098189,4.5103374949892165,-2.5527867256793977,-1.027687831329649,755.3713592529297,783.100824115568,727.6418943902913,15.969923767004616,18.461170042788872,0.0,0.0,0.0,0.0,0.0
2025-09-29 04:00:00,742.1588134765625,749.5264964028529,737.9159094495395,747.4698773667765,9246800,761.5793090820313,755.6308380126953,750.1292834472656,663.1301829528809,754.1546357673938,755.2991635827375,743.9712423983888,43.740842328337244,0.6125789282822325,3.73078578164782,-3.1182068533655873,-0.9319841638218085,755.6308380126953,782.7251063036293,728.5365697217613,15.801592680697256,17.453022908929622,0.0,0.0,0.0,0.0,0.0
2025-09-30 04:00:00,733.15380859375,741.729431724798,725.0872827303901,741.0106631587118,16226800,757.1772094726563,755.6191467285156,750.5663708496094,663.7142121887207,750.336303554004,753.1900821552149,743.5470293080108,39.945850164500534,-1.1665028629270182,2.7513280527328523,-3.9178309156598705,-2.741482364270964,755.6191467285156,782.7539991780113,728.4842942790199,15.973447031926112,17.9287130793124,0.0,0.0,0.0,0.0,0.0
2025-10-01 04:00:00,716.142333984375,720.6447527663656,709.0142405229949,720.2853684573676,20419600,751.4011962890625,754.660107421875,750.826044921875,664.1467045593262,744.1192181777078,749.6617251865634,742.4723353737505,33.95286901793254,-3.904117592822672,1.4202389236217476,-5.3243565164444195,-6.129962102453779,754.660107421875,785.8657781390282,723.4544367047217,17.07559286830646,19.692619811134865,0.0,0.0,0.0,0.0,0.0
2025-10-02 04:00:00,725.8360595703125,726.5548890984803,716.9409630753169,721.3735522103992,11415300,746.1426208496093,753.6071136474609,751.1046032714844,664.6370707702637,740.7950075218178,747.3926141754919,741.8199324010667,39.52099818057773,-5.231192418873206,0.08995265512275696,-5.321145073995964,-6.605816967758072,753.6071136474609,787.2425848915084,719.9716424034134,16.83522965973316,19.454745646268886,0.0,0.0,0.0,0.0,0.0
2025-10-03 04:00:00,709.3735961914062,729.7794705550638,708.9942257916973,728.4117628788885,16154300,739.4243530273437,751.5414428710938,751.0295715332031,665.0970741271973,735.0820236435611,743.7717553198647,740.5475270595115,34.241455083251324,-7.524553621430982,-1.432948600187991,-6.091605021242991,-8.338113971572325,751.5414428710938,790.5734824869564,712.5094032552311,16.746441160148795,20.692821220806664,0.0,0.0,0.0,0.0,0.0
2025-10-06 04:00:00,714.465087890625,715.6830826309072,689.3571155710283,704.0125981338592,21654700,734.4826171875,749.7378326416016,751.0986706542968,665.5606724548339,731.3334898702999,740.9806441361276,739.5246863077904,37.04268980456773,-8.82943780558935,-2.912246441268263,-5.917191364321088,-8.21620423873518,749.7378326416016,792.1523612774606,707.3233040057426,17.4396577070556,20.976929738538217,0.0,0.0,0.0,0.0,0.0
2025-10-07 04:00:00,711.889404296875,717.3003375901077,704.5716259627259,716.5216106896504,12062900,730.2576782226563,747.1370056152343,751.0174865722656,666.0352964782714,727.7982015842226,738.2100498657226,738.4409497583426,36.20251774231596,-9.956630227373353,-4.321123198489281,-5.635507028884072,-8.327390074335671,747.1370056152343,792.1906467160262,702.0833645144425,17.138837357016865,19.573746030751817,0.0,0.0,0.0,0.0,0.0
2025-10-08 04:00:00,716.6414794921875,718.4484549738279,706.6281969142439,712.2587946669486,10790600,725.9828308105468,745.4581756591797,751.3831188964843,666.644486541748,725.769706658398,736.1559003063383,737.5860685714347,38.95358593202025,-10.347209400058205,-5.526340438803066,-4.8208689612551385,-6.184324175319301,745.4581756591797,792.4874161498412,698.4289351685181,16.884290533348867,19.103336104088818,0.0,0.0,0.0,0.0,0.0
2025-10-09 04:00:00,732.2852783203125,732.2852783203125,711.2504512938121,717.0807271377935,12717200,724.4454040527344,744.6154052734375,752.1572021484375,667.3399629211426,726.9543560514734,735.7872696410025,737.3781944439397,47.048620312298965,-9.28736343909111,-6.278545038860676,-3.0088184002304335,-2.8978108274568815,744.6154052734375,791.9697671434019,697.2610434034732,16.84682435371991,20.92755686198443,0.0,0.0,0.0,0.0,0.0
2025-10-10 04:00:00,704.1223754882812,734.0423674154782,703.333716456913,729.6995938834806,16980100,720.6068237304687,742.1305419921875,750.8070935058594,667.94601852417,722.8030868581657,732.7715654359813,736.0740446809727,37.42673177032422,-10.597774226198226,-7.142390876328187,-3.455383349870039,-7.277891663173753,742.1305419921875,792.5666310696387,691.6944529147364,17.52426273538112,24.560228327471,0.0,0.0,0.0,0.0,0.0
2025-10-13 04:00:00,714.5050048828125,718.7379155876384,706.4584651360833,711.8194939498104,9251800,717.8414428710937,739.7103759765625,750.132138671875,668.531279144287,721.2943446808288,731.0318930023462,735.2281999830057,42.12581299082429,-10.675433048143418,-7.848999310691234,-2.8264337374521844,-4.434443617754424,739.7103759765625,790.5917769661859,688.8289749869392,17.175561267509927,24.800419338201003,0.0,0.0,0.0,0.0,0.0
2025-10-14 04:00:00,707.4668579101562,714.3553010671379,698.1624113283383,706.5983153422467,8829800,715.2727478027343,736.2249786376954,748.7904565429687,669.0420066833497,718.7802561770701,728.7876039459472,734.1395199017176,39.93639522876879,-11.17606711958706,-8.514412872470398,-2.6616542471166618,-4.7193178210664595,736.2249786376954,785.8349452469918,686.615012028399,17.731058613117607,23.499951223390017,0.0,0.0,0.0,0.0,0.0
2025-10-15 04:00:00,716.3519287109375,722.6913629779451,708.3253746524584,715.8627565899488,10246800,715.2937072753906,733.3474517822266,747.8840710449218,669.6190718078614,718.3387420923187,727.6032539235654,733.4419673060007,43.9003418787312,-10.732158625988177,-8.957962023173954,-1.7741966028142233,-3.4772725590545006,733.3474517822266,780.3641310064515,686.3307725580016,17.66972944936411,24.27626479735505,0.0,0.0,0.0,0.0,0.0
2025-10-16 04:00:00,710.881103515625,724.2786798244232,702.7047754671785,716.3519343648386,9017000,713.7982116699219,729.9704162597657,746.6980688476563,670.1864122009277,716.9828078056471,726.0106681704283,732.5572275495153,42.0597409780126,-10.69848237306826,-9.306066093152815,-1.3924162799154445,-3.037930761192653,729.9704162597657,772.8782732139834,687.0625593055479,18.17103167560628,24.040793548781558,0.0,0.0,0.0,0.0,0.0
2025-10-17 04:00:00,715.7229614257812,717.3402516818879,704.9410060739878,705.8994251244851,12232400,714.4331481933593,726.9287506103516,745.8116284179688,670.8206407165527,716.7537448274896,725.0308865756999,731.8970602505455,44.28611958850688,-10.163932741929784,-9.477639422908208,-0.6862933190215763,-0.05855994523609187,726.9287506103516,764.18423578964,689.6732654310632,18.227364436648195,24.3634919363022,0.0,0.0,0.0,0.0,0.0
2025-10-20 04:00:00,730.947509765625,732.5448748734839,718.9775387090459,719.9858621042338,8900200,716.0813903808594,725.2820037841797,745.0806286621093,671.5595274353027,719.334429361696,725.5943744985499,731.859822976627,50.70080649222464,-8.414803872851621,-9.26507231289689,0.8502684400452694,0.7042155219373347,725.2820037841797,758.3344418163289,692.2295657520305,18.20953462961464,25.46290850767383,0.0,0.0,0.0,0.0,0.0
2025-10-21 04:00:00,732.0457153320312,737.2669635645257,727.5332426508437,734.7911237948646,7647300,718.097021484375,724.1773498535156,744.4400317382813,672.2355293273926,721.6455722653933,726.2087879112623,731.8671128729175,51.13783390401372,-6.860902418870751,-8.784238334091663,1.9233359152209122,3.1960759834240404,724.1773498535156,754.5360150822918,693.8186846247394,17.18054554696656,25.171244202484523,0.0,0.0,0.0,0.0,0.0
2025-10-22 04:00:00,732.1854248046875,739.3634223567747,722.8211423130082,732.6047674176828,8734500,719.651416015625,722.8171234130859,743.3207604980469,672.8853877258301,723.5619090907195,726.7779914249219,731.8795956937712,51.197104780126665,-5.5541264224189035,-8.138215951757111,2.5840895293382076,2.4802243264789414,722.8171234130859,748.6303314367347,697.0039153894372,17.61838304194236,24.988175722345023,0.0,0.0,0.0,0.0,0.0
2025-10-23 04:00:00,732.7744750976562,741.170406509876,731.8759534115667,733.4733185275871,9856000,719.7003356933594,722.0728698730469,742.4112036132813,673.4108522033691,725.2369210919807,727.3490851080395,731.9146890037275,51.46443002393649,-4.4200144198061935,-7.3945756453669285,2.974561225560735,2.9337521635694586,722.0728698730469,745.6299796333723,698.5157601127215,16.79761220872399,24.46305186898485,0.0,0.0,0.0,0.0,0.0
2025-10-24 04:00:00,737.1271362304688,739.9724141089259,729.9292138570585,735.5597503675807,9151300,723.0008117675782,721.8038177490234,741.5477978515624,674.0193840026856,727.3987783898876,728.2803280720805,732.1190986988938,53.49170190345312,-3.133873764203827,-6.542435269134309,3.408561504930482,2.858564194860369,721.8038177490234,744.4848279074728,699.1228075905741,15.634557436723176,24.469697907092378,0.0,0.0,0.0,0.0,0.0
2025-10-27 04:00:00,749.56640625,754.4881675999588,746.7611003830549,748.4781993498117,11321100,726.5069519042969,722.1741973876954,740.8713220214844,674.725818939209,731.4292561826353,730.3075736128346,732.8033068381528,58.78938179440919,-1.0981936049605565,-5.453586936299558,4.355393331339002,2.3598901195072797,722.1741973876954,746.4412463105197,697.907148464871,15.96543741830234,25.212325111572653,0.0,0.0,0.0,0.0,0.0
2025-10-28 04:00:00,750.1853637695312,757.1337649704751,744.2752651341964,751.3733793283152,12193800,730.7788024902344,723.0257751464844,740.5635888671875,675.4097514343262,734.8394575620708,732.2006964849011,733.4849561295794,59.039400327733425,0.5586030581694104,-4.251148937405764,4.809751995575175,6.5419009372209125,723.0257751464844,749.9635036777217,696.0880466152471,16.0395975452091,24.758615515637082,0.0,0.0,0.0,0.0,0.0
2025-10-29 04:00:00,750.4149780273438,757.8924628078227,741.2702985772319,753.4898526523095,26818600,734.185107421875,724.7394073486328,740.5775036621094,676.1323310852051,737.6713703739385,733.9353899651337,734.1488785569427,59.13843806948325,1.8686140819494312,-3.027196333534725,4.895810415484156,5.025853268924396,724.7394073486328,754.0861609689293,695.3926537283362,15.724407345501277,23.02255122227324,0.0,0.0,0.0,0.0,0.0
2025-10-30 04:00:00,665.357177734375,679.8230352249238,649.0844057389726,668.0327566076506,88440100,729.63271484375,721.715463256836,738.9652868652344,676.4997404479981,724.5233353485633,727.4041316574423,731.4511647991949,30.102462393365244,-3.9115563824135506,-3.20406834331049,-0.7074880391030605,-5.952177081506327,721.715463256836,761.2735845035288,682.1573420101431,20.76883029763027,46.74544765472445,0.0,0.0,0.0,0.0,0.0
2025-10-31 04:00:00,647.2674560546875,673.7631824593219,644.4921293755289,673.383812052831,56953200,722.7871643066406,718.61015625,737.163271484375,676.6628080749512,710.4768118405857,719.7720673143228,728.1498428876456,27.059549268015786,-9.838658545380554,-4.530986383724503,-5.3076721616560505,-9.643929176063825,718.61015625,770.1758302779089,667.0444822220912,21.815652653661402,47.01220359815837,0.0,0.0,0.0,0.0,0.0
2025-11-03 05:00:00,636.645263671875,658.2291607688485,635.1177890022415,654.90470367213,33003600,713.3569396972656,714.7191650390625,734.8357470703126,676.8017488098144,697.0528939917291,711.855228872185,724.5614280164389,25.43375715489266,-15.217632469463638,-6.66831560087233,-8.549316868591308,-10.44279268032594,714.7191650390625,778.0123088880026,651.4260211901225,22.299136811670888,47.005437441700856,0.0,0.0,0.0,0.0,0.0
2025-11-04 05:00:00,626.2725830078125,640.6684891460408,624.9647727272926,626.9913515895119,27356600,702.7796264648438,710.4383239746094,732.3304992675781,676.8815049743653,684.1837465401079,703.7045006946257,720.7069635062967,23.922257202208698,-20.08595827527199,-9.351844135752263,-10.734114139519729,-12.497905368269302,710.4383239746094,785.0980899302438,635.778558018975,22.333366193882267,47.15996851767202,0.0,0.0,0.0,0.0,0.0
2025-11-05 05:00:00,634.88818359375,641.1576663615418,625.4938610947797,631.2542465797685,20219900,693.04990234375,706.3506591796875,729.9816003417968,676.9859632873536,675.2209169134974,697.1505657326376,717.341521156785,27.76233942281992,-22.983989463562466,-12.078273201314303,-10.905716262248163,-13.141754351509594,706.3506591796875,788.1875284968877,624.5137898624872,21.911216258847794,47.477193958841845,0.0,0.0,0.0,0.0,0.0
2025-11-06 05:00:00,617.9065551757812,634.938067569805,616.9681222612256,634.7882936522686,23628800,681.5631103515625,700.631723022461,727.4271533203125,676.9704545593262,664.8001238702763,689.6035171081751,713.4421107261575,25.07567180147501,-26.34726073031095,-14.932070707113635,-11.415190023197315,-15.59180769256744,700.631723022461,790.435811607111,610.827634437811,22.309123380324877,46.884030454140735,0.0,0.0,0.0,0.0,0.0
2025-11-07 05:00:00,620.6719360351562,621.0912176885568,600.1961723842201,615.4606203242017,29946800,669.9175903320313,696.4592010498047,724.8535888671875,676.9042805480957,656.7768169911635,683.0386046250304,709.8040646598438,26.32602380251592,-28.461448455017944,-17.637946256694498,-10.823502198323446,-15.230225157688404,696.4592010498047,793.0765822246337,599.8418198749757,22.600061370084454,45.647317929820574,0.0,0.0,0.0,0.0,0.0
2025-11-10 05:00:00,630.7051391601562,633.9397194755629,617.0779066438014,630.0362749426478,19245000,658.0314636230469,692.2692077636718,722.7283068847656,676.8332939147949,652.0365119309804,678.0544650569472,706.7021460127972,30.83585010132029,-28.99314686805019,-19.908986378965636,-9.084160489084553,-13.929160936439178,692.2692077636718,792.7812514341663,591.7571640931774,23.109210792804422,45.73504923353654,0.0,0.0,0.0,0.0,0.0
2025-11-11 05:00:00,626.0330200195312,628.5088598168925,618.3558571038752,626.9514668906089,13302200,645.6162292480469,688.1975158691406,720.5812145996093,676.6772441101074,647.3086043107169,673.1000417200504,703.5386508758064,29.91745544964482,-29.45201812744949,-21.817592728662408,-7.634425398787084,-15.071228659285584,688.1975158691406,792.6382594640406,583.7567722742406,22.80971093655546,45.71456862888942,0.0,0.0,0.0,0.0,0.0
2025-11-12 05:00:00,607.9931640625,627.939784558569,606.7552442025384,627.0812350986922,24493300,631.3740478515625,682.7795776367187,718.0346154785157,676.3590336608887,640.1603424474047,666.8993867050456,699.7917690399905,26.62063246378169,-30.914973941186986,-23.637068971167324,-7.277904970019662,-18.887351541776752,682.7795776367187,792.1946380597795,573.3645172136579,23.659002883535557,45.88433092913336,0.0,0.0,0.0,0.0,0.0
2025-11-13 05:00:00,608.8717041015625,616.6187572691151,601.993193452889,612.0463872625083,20973800,625.7255004882812,677.6791076660156,715.274130859375,676.0344590759278,634.471499111797,661.3729407428091,696.2262762973071,27.042285637228474,-31.638774032125298,-25.23740998335892,-6.4013640487663785,-18.83716565168586,677.6791076660156,791.0186028125975,564.3396125194338,23.98631456670403,46.00029906542075,0.0,0.0,0.0,0.0,0.0
2025-11-14 05:00:00,608.4424438476562,612.6553687237855,594.2062431482154,600.7852061056304,20724100,621.8429992675781,672.3150817871094,712.4292395019531,675.6553981018067,629.7389436092259,656.3319410385088,692.7837730639875,26.960766898228712,-31.87954102924482,-26.565836192536104,-5.313704836708716,-18.919203152487484,672.3150817871094,788.1994804878476,556.4306830863712,24.06403558142403,45.77147097869214,0.0,0.0,0.0,0.0,0.0
2025-11-17 05:00:00,601.0048217773438,610.6686515784111,594.4058732487083,608.0230519623859,16501300,618.278955078125,665.8179473876953,709.4385900878906,675.2282926940918,624.5145578216109,651.0626915850645,689.184598503727,25.525018830924324,-32.298191109186746,-27.712307175866233,-4.585883933320513,-9.671851166640922,665.8179473876953,782.4295901299947,549.2063046453959,24.307198330954318,44.4889093415797,0.0,0.0,0.0,0.0,0.0
2025-11-18 05:00:00,596.6920776367188,602.6520806612418,582.8053290854997,590.612218909938,25500600,615.3209045410156,659.0502655029297,706.0943127441407,674.7383885192871,619.4559250607214,645.8845378756982,685.5574408226678,24.703516046078803,-32.602159324243075,-28.690277605541603,-3.9118817187014727,-7.813675466744874,659.0502655029297,775.188155933225,542.9123750726345,24.537525998465128,44.31463395912932,0.0,0.0,0.0,0.0,0.0
2025-11-19 05:00:00,589.3343505859375,594.3359951431619,580.2794874440681,592.7286370493186,24744700,610.7655212402344,651.9077117919921,702.8766381835937,674.1781806945801,613.9792751562152,640.4988057528639,681.7839863035804,23.324318144256267,-33.05571766972855,-29.563365618378995,-3.492352051349556,-7.4312832884470215,651.9077117919921,766.6699661459793,537.145457438005,18.471955848770808,44.16373628666529,0.0,0.0,0.0,0.0,0.0
2025-11-20 05:00:00,588.1663818359375,605.7069934113463,582.376016746667,602.4923987587222,20603000,607.79150390625,644.6773071289062,699.6571520996093,673.6087461853027,609.2860218252556,635.5147653798233,678.1127076970062,23.103810492525042,-33.12753761083843,-30.276200016870884,-2.8513375939675463,-6.084603127421218,644.6773071289062,756.1622412738029,533.1923729840096,18.047664675976964,44.08095349885841,0.0,0.0,0.0,0.0,0.0
2025-11-21 05:00:00,593.2578125,597.1213460929463,580.88848479756,587.517412968027,21052600,605.0500915527343,637.4838409423828,696.4459155273438,673.0293116760254,606.3718019479364,631.490293676983,674.785064748104,26.371594892044172,-32.400130986246154,-30.70098621074594,-1.6991447755002156,-6.557118587103572,637.4838409423828,742.2133717725799,532.7543101121857,17.556342499461202,44.22597400440454,0.0,0.0,0.0,0.0,0.0
2025-11-24 05:00:00,612.0264282226562,615.6703584886146,596.6321908004635,597.7203367937327,23554900,603.1822204589844,630.6068420410156,693.4282775878906,672.5311207580567,607.3999158160673,629.6365922051424,672.323941747106,36.99996058388185,-29.963781738547482,-30.55354531630625,0.5897635777587666,-0.9516207432776369,630.6068420410156,721.4960407753982,539.717643306633,18.03554461159452,45.718863230590664,0.0,0.0,0.0,0.0,0.0
2025-11-25 05:00:00,635.15771484375,635.9863461070595,617.2676517847817,622.9581470454041,25213000,604.0946899414063,624.8554595947265,690.5879357910156,672.1342436218262,612.446788366555,630.1624134088194,670.8664426528568,47.12944216817079,-25.868262663157225,-29.616488785676445,3.7482261225192204,2.333886545785968,624.8554595947265,696.3789415022952,553.3319776871579,18.628124084283172,48.63460855379408,0.0,0.0,0.0,0.0,0.0
2025-11-26 05:00:00,632.5521240234375,637.2941935276676,630.575449286631,636.6253292062765,15209500,606.5505859375,618.9623168945312,687.7609289550782,671.7123863220215,616.1023039405336,630.3900048959258,669.3639203536638,46.22778672689278,-22.57258102949288,-28.207707234439734,5.635126204946854,0.292844428973682,618.9623168945312,659.7405452483611,578.1840885407014,17.824466865172976,48.56204095002735,0.0,0.0,0.0,0.0,0.0
2025-11-28 05:00:00,646.8681640625,646.9679727244463,634.4389389877349,635.0179876534709,11033200,610.3502319335937,618.0378662109375,685.1298559570313,671.3343211364746,621.696096689982,631.9593533879805,668.4817338324417,51.6958567148794,-18.591236600805246,-26.284413107712837,7.693176506907591,3.328122219866092,618.0378662109375,655.0521296748959,581.0236027469791,17.361667107792414,29.825884321767692,0.0,0.0,0.0,0.0,0.0
2025-12-01 05:00:00,639.7999877929688,644.2425701847634,636.6951949252638,638.482184375183,13029900,613.485986328125,617.6644927978516,682.3947302246094,670.9050785827636,624.9877132541615,632.7060804741699,667.3569594779525,49.04410929837394,-15.823926832299662,-24.192315852630202,8.36838902033054,5.2314443007781986,617.6644927978516,653.5713824260263,581.7576031696769,16.883892558183465,28.477692213069634,0.0,0.0,0.0,0.0,0.0
2025-12-02 05:00:00,646.01953125,646.7882651016448,637.0046400682228,641.2675300698932,11640900,617.9874572753906,618.1332061767578,680.0374719238281,670.4665458679199,628.8116801624957,633.9740281671061,666.5201975866603,51.406181990330325,-12.979331075988625,-21.949718897301885,8.97038782131326,6.101092709383171,618.1332061767578,655.3057544268516,580.9606579266639,16.700631342264963,28.03980960157128,0.0,0.0,0.0,0.0,0.0
2025-12-03 05:00:00,638.5321044921875,647.766660764867,636.4855393427306,643.3340713166507,11134300,622.1714599609375,618.7461822509765,677.7253381347656,670.0916697692871,630.5790300406214,634.4081306742568,665.4226253084456,48.491930044191875,-11.200034186898392,-19.799781955221185,8.599747768322793,4.94535858712466,618.7461822509765,656.8758583165472,580.6165061854058,15.99324427555823,27.70554601422989,0.0,0.0,0.0,0.0,0.0
2025-12-04 05:00:00,660.4254760742188,674.9710950003275,658.9479057878542,674.8712863431018,29874600,629.2805725097656,620.023046875,675.7460485839844,669.8890089416504,636.0056565921846,636.8859730933008,665.2266586718093,56.29411755302657,-7.931882661131112,-17.42620209640317,9.494319435272057,9.886884787571425,620.023046875,661.9500124373175,578.0960813126825,17.551346182123513,29.825451514264685,0.0,0.0,0.0,0.0,0.0
2025-12-05 05:00:00,672.2955932617188,673.5634922785046,661.2840414153883,662.8913386215002,21207900,637.6934936523437,622.7424987792969,674.23876953125,669.7901701354981,642.6038268957362,640.2583178712454,665.5038717929822,59.84553701640591,-4.334069323579797,-14.807775541838497,10.4737062182587,12.670440660857807,622.7424987792969,670.7116024134309,574.7733951451628,17.17198122703178,28.26416742248209,0.0,0.0,0.0,0.0,0.0
2025-12-08 05:00:00,665.6866455078125,675.5801331063639,663.9595535520253,668.2224435191038,13161000,644.936376953125,624.9932342529297,672.7023388671874,669.7145112609863,646.8007030070228,642.6800633604422,665.5110393896422,57.065212364332794,-1.9930881041736939,-12.244838054305536,10.251749950131842,12.955683789000716,624.9932342529297,676.6367738115198,573.3496946943396,16.840395600220045,28.710169318962,0.0,0.0,0.0,0.0,0.0
2025-12-09 05:00:00,655.8630981445312,663.3705005924867,652.2491473204041,662.6617250742562,12997100,649.3200439453125,626.2511322021485,670.9764245605469,669.6665263366699,648.4484112138424,643.9355904827364,665.132688752579,53.11515922733172,-0.9199175583572696,-9.979853955115882,9.059936396758612,11.50979015449356,626.2511322021485,679.6753305241728,572.8269338801242,16.38259178676764,29.020467211278415,0.0,0.0,0.0,0.0,0.0
2025-12-10 05:00:00,649.0444946289062,653.4171862971667,642.3257510862366,648.8648024836247,16910900,650.7087219238281,627.4017059326172,669.29423828125,669.6373860168457,648.5567900165812,644.4221527823717,664.5017791791016,50.50208019382697,-0.6125652167748967,-8.106396207447686,7.493830990672789,9.403446689360928,627.4017059326172,681.7886277153895,573.014784149845,16.177217277170787,29.169542400934525,0.0,0.0,0.0,0.0,0.0
2025-12-11 05:00:00,651.6202392578125,654.1859556266841,639.7300904007725,642.2159232785478,13056700,652.6155334472656,629.5830596923828,668.0037963867187,669.5404481506348,649.1137807877142,645.1076848276517,663.9966207508159,51.473276615725695,-0.15930879394977637,-6.516978724748104,6.357669930798328,6.469297600454582,629.5830596923828,684.1914873515294,574.9746320332362,15.543280745830234,26.806659780924385,0.0,0.0,0.0,0.0,0.0
2025-12-12 05:00:00,643.1543579101562,709.8128965395189,637.543746077992,648.7150654102267,14016900,652.2441528320312,631.2971923828125,666.3501623535157,669.4781721496582,648.0302493554309,644.9216536926522,663.1792771100056,48.13059210968456,-0.47771884033625156,-5.309126747865734,4.831407907529482,1.2590011708152549,631.2971923828125,685.3173380040595,577.2770467615654,19.54587282912599,27.443211155713705,0.0,0.0,0.0,0.0,0.0
2025-12-15 05:00:00,646.9561157226562,652.4414097008485,638.1536544261938,645.1476664750544,15549100,652.959765625,633.2228759765625,665.1018127441406,669.3853038024903,647.8349523312901,645.115411981224,662.5430747026586,49.709992450365576,-0.4184671840541796,-4.330994835103423,3.9125276510492437,2.277123283943805,633.2228759765625,686.5540830645855,579.8916688885395,18.965530635271705,27.428971696084144,0.0,0.0,0.0,0.0,0.0
2025-12-16 05:00:00,656.587890625,661.973233609148,642.6498114209788,642.9495426008936,14309100,654.0166015625,636.0020294189453,663.9442687988281,669.4060816955566,649.4263956574191,646.2080289949171,662.3095380721622,53.5675228019092,0.40107062642857727,-3.3845817427970233,3.7856523692256006,1.5025823038588904,636.0020294189453,688.0414493982634,583.9626094396273,18.634352371254984,27.091339492168153,0.0,0.0,0.0,0.0,0.0
2025-12-17 05:00:00,648.9443969726562,660.664343241777,648.644665798819,655.0491556477624,15598500,655.0578308105469,638.6146453857422,662.6853686523438,669.4635914611816,649.3387595329167,646.4686354689875,661.7854148917894,50.27200169726089,0.4288506637830096,-2.621895261481017,3.0507459252640268,1.4292606055263724,638.6146453857422,687.4951617409017,589.7341290305826,19.01299045710652,27.39279205856548,0.0,0.0,0.0,0.0,0.0
2025-12-18 05:00:00,663.881591796875,669.9863502083882,655.8984367998282,656.4679564970005,20260300,655.4034423828125,642.342007446289,661.6301708984375,669.5137666320801,651.9829108536364,648.1270122621196,661.8676179076751,55.972448387312575,1.6372995603512663,-1.7700562971145604,3.4073558574658267,2.76494125685538,642.342007446289,686.5453765551504,598.1386383374277,19.48628363815817,27.412245995584062,0.0,0.0,0.0,0.0,0.0
2025-12-19 05:00:00,658.2064819335938,670.4260003995075,657.6169598101359,665.8499012351181,49977100,653.99453125,645.8440124511719,660.1485949707031,669.6776957702637,653.1144692318105,649.0869617546409,661.7240439479073,53.46480481462626,2.112716005203197,-0.9935018366510091,3.106217841854206,3.0811884481600105,645.8440124511719,682.4143688736782,609.2736560286656,19.674574456167843,27.766257861085126,0.0,0.0,0.0,0.0,0.0
2025-12-22 05:00:00,660.9341430664062,673.0038267300547,656.0883162216827,661.0840391473547,15659400,653.5192810058594,649.2278289794922,659.2848303222656,669.8665678405762,654.5362281108279,650.2152647367138,661.6930674427504,54.51947767858161,2.6787079426169385,-0.2590598807974196,2.937767823414358,0.07702110391185624,649.2278289794922,676.7041592058483,621.751498753136,20.1839948472357,27.750562304672243,0.0,0.0,0.0,0.0,0.0
2025-12-23 05:00:00,664.3711547851562,665.4302455294139,657.6868755551602,659.4853234816244,8486800,654.3700866699219,651.8450653076172,658.2821533203125,670.2104216003418,656.3243965970694,651.5634447413274,661.7980904757859,55.87648325555149,3.3657999059880694,0.4659120765596782,2.8998878294283914,-1.178713434386236,651.8450653076172,673.822968138954,629.8671624762804,19.931298315244078,25.98624664860929,0.0,0.0,0.0,0.0,0.0
2025-12-24 05:00:00,666.9789428710938,667.6084088263418,661.633543835896,661.9632786179176,5627500,656.1635314941407,653.4361267089844,657.4723950195313,670.528868560791,658.2615868287102,653.0315874203528,662.0012611579548,56.926608796909996,4.073791805444898,1.1874880223367223,2.886303783108176,0.19412998172667617,653.4361267089844,674.929435670497,631.9428177474717,17.75528934969449,22.767049329541106,0.0,0.0,0.0,0.0,0.0
2025-12-26 05:00:00,662.7225952148438,668.3777877623371,660.7543096382171,667.4885344385556,7133800,657.2737670898438,654.9446502685547,656.3998083496094,670.7570610046387,659.0726792625526,653.9545405436377,662.0295487680288,54.64081145829146,4.242523630954452,1.7984951440602681,2.4440284868941835,1.0458733064443448,654.9446502685547,674.4052995279744,635.484001009135,17.361393772539788,22.86944645710778,0.0,0.0,0.0,0.0,0.0
2025-12-29 05:00:00,658.1265258789062,659.6851889371151,653.8302165118,657.4471149030659,8506500,658.7709838867188,655.507568359375,655.344716796875,671.106294708252,658.9006513746169,654.3518724803299,661.8764890468868,52.20325783762042,3.9597350727922276,2.23074312980666,1.7289919429855676,1.3992925485320828,655.507568359375,674.6329843397973,636.3821523789527,17.166522283161587,21.78801678753649,0.0,0.0,0.0,0.0,0.0
2025-12-30 05:00:00,665.3803100585938,671.6449047754843,657.2772625792347,658.1265110341435,9187500,660.6134033203125,656.7865844726563,654.3378637695313,671.4046446228027,660.0787711353399,655.4021998687359,662.013893792444,55.57191903324239,4.271701349844875,2.638934773814303,1.6327665760305718,2.1116702600357806,656.7865844726563,674.8827462934669,638.6904226518457,17.232961140935952,21.593006532312096,0.0,0.0,0.0,0.0,0.0
2025-12-31 05:00:00,659.5253295898438,664.4311023248911,658.8758612620638,664.1813161961976,7940400,660.9071472167968,657.4618743896484,652.9094201660156,671.6871772766114,659.9781453997952,655.7948788897937,661.916303039401,52.36390285067457,4.000375046896352,2.911222828430713,1.0891522184656388,2.545418759640028,657.4618743896484,674.860837185965,640.0629115933318,16.73061126509561,21.720661502076975,0.0,0.0,0.0,0.0,0.0
2026-01-02 05:00:00,649.8535766601562,663.8216588672108,642.9495146869224,662.1630447721155,13726500,660.9980651855469,658.0279479980469,651.2655773925782,672.0337013244629,658.1373147198607,655.2290405822092,661.4432549460972,47.48724224378182,2.970673293250684,2.923112921394707,0.047560371855976946,0.4478605066223773,658.0279479980469,673.4591520286256,642.5967439674682,17.188916904693958,21.985155758396868,0.0,0.0,0.0,0.0,0.0
2026-01-05 05:00:00,658.2264404296875,663.9715218041853,647.1959061445123,650.4531272549772,12213700,660.4325500488281,657.9179962158203,649.7863977050781,672.4136158752441,658.1535193943746,655.51450723435,661.3171053572185,51.68240973572025,2.7979938349068334,2.8980891040971324,-0.10009526919029899,0.24955528849728292,657.9179962158203,673.3085554901526,642.527436941488,13.22509299027582,18.759243449726757,0.0,0.0,0.0,0.0,0.0
2026-01-06 05:00:00,660.0548706054688,664.9507033148827,651.3423593634897,659.0057810200069,11074400,660.6173889160157,657.3059600830078,648.3320056152344,672.7930024719238,658.4992196145736,655.9469227935042,661.2676059551891,52.57344541031669,2.7766753692022803,2.873806357118162,-0.09713098791588148,1.7120840683181981,657.3059600830078,671.1888417494043,643.4230784166112,13.176563610042852,17.55419963256093,0.0,0.0,0.0,0.0,0.0
2026-01-07 05:00:00,648.1350708007812,658.5861445899717,644.2583851266311,655.0791375151089,12846300,659.3374816894532,656.4283813476562,646.5521643066406,673.0616996765136,656.6148289211568,655.2029368894354,660.7526045765849,46.54705456177626,1.7774626225447037,2.6545376102034703,-0.8770749876587667,-2.371886973620385,656.4283813476562,670.2996302898507,642.5571324054617,12.924639559376317,18.337384872907535,0.0,0.0,0.0,0.0,0.0
2026-01-08 05:00:00,645.50732421875,646.5464125947736,635.1761427603,645.3274855180696,11921700,657.4510986328125,655.9105926513672,644.4709826660156,673.2046098327637,654.5952826116282,654.279545206513,660.1547504449051,45.31388898370547,0.7647268387329405,2.2765754559093647,-1.5118486171764243,-1.9293577415916419,655.9105926513672,670.6185760925971,641.2026092101373,12.991728887770835,17.675060726015715,0.0,0.0,0.0,0.0,0.0
2026-01-09 05:00:00,652.5013427734375,654.3897406244424,642.3000548798136,644.8878661181845,11634900,656.0033386230468,656.0834350585938,642.5173022460938,673.3453059387207,654.2145662774117,654.1101925938391,659.8546168107298,49.17353171600094,0.5204854473601017,1.9253574541995122,-1.4048720068394105,-1.2758911582090082,656.0834350585938,670.5306156834331,641.6362544337544,12.352281209834896,17.742666138141942,0.0,0.0,0.0,0.0,0.0
2026-01-12 05:00:00,641.4207763671875,653.4105105723186,640.6814191818085,651.9718010113269,14797200,653.8731567382813,655.5734619140625,640.3374182128906,673.5070109558105,651.8884226573708,652.9016767627294,659.1317211070615,43.8885752633807,-0.5607230534717473,1.4281413526652602,-1.9888644061370075,-3.4544513639202856,655.5734619140625,671.3434992868694,639.8034245412556,12.346570552773358,18.704442649910263,0.0,0.0,0.0,0.0,0.0
2026-01-13 05:00:00,630.5501708984375,641.720599826752,623.5660991574318,641.720599826752,18030400,651.1155212402343,654.9432525634766,639.6412780761718,673.6562324523926,648.008740519383,650.7729619185111,658.0108760008409,39.4132119503538,-2.268604531078381,0.6887921759165321,-2.9573967069949134,-5.461757430578551,654.9432525634766,673.5544237786095,636.3320813483436,12.435069849983945,19.097169626075743,0.0,0.0,0.0,0.0,0.0
2026-01-14 05:00:00,614.9934692382812,627.9124008742662,614.2940558608916,625.9640568168747,15527900,646.0768371582031,653.3451202392578,638.9957983398438,673.8564683532715,642.005963922819,647.3653911870606,656.3239188728974,34.060474084286454,-4.821825712565214,-0.4133314017798173,-4.408494310785397,-7.201976561715007,653.3451202392578,679.0003027086191,627.6899377698965,13.04312306879053,20.66711781986057,0.0,0.0,0.0,0.0,0.0
2026-01-15 05:00:00,620.2689208984375,623.6360331340583,613.7045339245012,617.9508982377323,13076100,642.1511962890625,651.5291717529296,638.668271484375,674.0849757385254,638.0537742820222,644.7847749690965,654.909997383703,37.17637710732327,-6.346429346679884,-1.5999509907598306,-4.746478355920053,-5.752329300192116,651.5291717529296,681.0658068666899,621.9925366391694,13.325739798727048,20.0780427859761,0.0,0.0,0.0,0.0,0.0
2026-01-16 05:00:00,619.7194213867188,628.5418850412981,619.5495838845379,623.6460522405506,17012500,639.1377807617188,650.0679229736328,638.5372082519531,674.2626850891113,634.7202555737852,642.3975984374414,653.529974795586,36.98035658006989,-7.512430111132744,-2.7824468148344135,-4.729983296298331,-6.862374491943424,650.0679229736328,682.855709735594,617.2801362116716,13.423512872487063,19.808567726059376,0.0,0.0,0.0,0.0,0.0
2026-01-20 05:00:00,603.6032104492188,610.8770121629093,599.4867397151437,607.3600037753715,15169600,633.6754577636718,647.05400390625,637.9115087890625,674.3701313781738,629.0626110056821,638.7028948195153,651.5720624682774,31.700929455376283,-9.625975398967512,-4.151152531661033,-5.474822867306479,-8.479146536404103,647.05400390625,685.1478298026667,608.9601780098334,14.233534513096442,19.154797454038754,0.0,0.0,0.0,0.0,0.0
2026-01-21 05:00:00,612.4356689453125,617.7411240978843,599.5666821865381,606.2209580964126,14494700,628.9135375976563,644.7654632568359,637.8020910644532,674.7824766540527,626.0395306310694,636.2012542600673,650.0373019379651,37.00855890027194,-10.467605640187003,-5.414443153366227,-5.053162486820776,-5.7578982495023805,644.7654632568359,685.4496537658177,604.0812727478541,14.505448778460488,20.268649666436783,0.0,0.0,0.0,0.0,0.0
2026-01-22 05:00:00,647.0759887695312,660.0049216653568,626.0140046136898,628.811597152667,21394700,628.8076293945312,644.0725555419922,638.3301721191406,675.5020552062988,629.8643412016987,637.2369432609687,649.9211720097912,52.574697200525584,-8.24438324331095,-5.980431171355172,-2.263952071955777,-1.6940145480751734,644.0725555419922,684.063411988639,604.0816990953454,17.43864905871152,29.386571884978135,0.0,0.0,0.0,0.0,0.0
2026-01-23 05:00:00,658.1964721679688,665.9198400091174,643.8987161260534,644.2184496993522,22797700,630.0765441894531,643.7638214111328,638.8799987792969,676.2198155212402,635.0156377410206,639.2330888711592,650.2456935846218,56.30748134942882,-5.5214851599193935,-5.888641969068017,0.36715680914862325,-0.2815521133561649,643.7638214111328,683.1861538508721,604.3414889713935,17.520719037481204,30.017671065310015,0.0,0.0,0.0,0.0,0.0
2026-01-26 05:00:00,671.7847900390625,674.7023359243682,660.7242529636108,664.5609947255355,16327400,632.0048889160156,644.0041137695313,639.7950341796875,677.0344271850586,641.7009381588464,642.33325088715,651.0903640338156,60.40815510941187,-2.2412691657227697,-5.159167408398967,2.9178982426761975,3.6488874470350208,644.0041137695313,684.075495896131,603.9327316429316,17.501451044390233,30.903378111233167,0.0,0.0,0.0,0.0,0.0
2026-01-27 05:00:00,672.394287109375,676.2410302656567,664.0913982323968,674.0129574053085,13297400,635.1022399902344,644.4876983642578,641.083056640625,677.4766571044922,647.2815470589425,645.1962067178382,651.925811997563,60.58683679414955,0.40286300816808307,-4.046761325085557,4.44962433325364,4.165245208203627,644.4876983642578,685.7266496111671,603.2487471173484,17.39725733595215,30.79507337421259,0.0,0.0,0.0,0.0,0.0
2026-01-28 05:00:00,668.1578979492188,677.1002536346601,665.5301429727417,673.9229813666298,25709600,638.8630126953125,644.9892669677735,642.2687805175781,678.0944918823242,651.0772472208108,647.3830344541601,652.562364387824,58.60698541089067,2.131939929259147,-2.811021074216616,4.942961003475763,2.399467119750831,644.9892669677735,687.1601524991456,602.8183814364013,17.095373420457918,30.774469878713173,0.0,0.0,0.0,0.0,0.0
2026-01-29 05:00:00,737.6784057617188,743.363540655783,711.9404325537852,736.7991536844581,59852900,651.1315063476562,648.6041717529297,644.8534997558594,679.073486328125,666.8229124100667,655.9825936263086,655.9002483632709,73.76046167545078,9.008129707985404,-0.44719091777621234,9.455320625761615,15.00693974082119,648.6041717529297,707.294174695764,589.9141688100954,21.541567325178132,47.81645664336386,0.0,0.0,0.0,0.0,0.0
2026-01-30 05:00:00,715.8870849609375,731.5436633097714,712.9796010924755,726.8776752394725,23744600,660.6933227539063,651.4222595214844,647.1511450195312,680.003786315918,675.7436710556794,661.6877832772255,658.2526733278853,65.64784439005575,12.554462152133397,2.1531396962057094,10.401322455927687,13.53372308834806,651.4222595214844,717.2934887072764,585.5510303356924,22.442218676936307,49.19099042854488,0.0,0.0,0.0,0.0,0.0
2026-02-02 05:00:00,705.8056640625,720.6829408229889,702.9181827036907,713.9886602426056,14365200,669.3019470214844,654.2198638916016,649.3334167480468,680.9333242797852,681.2094879660103,665.8894862091564,660.1174964939487,62.23739473445534,14.385641036395327,4.599639964243633,9.786001072151695,14.766367346420273,654.2198638916016,724.4209308844557,584.0187968987474,22.80190915756403,49.161252377707534,0.0,0.0,0.0,0.0,0.0
2026-02-03 05:00:00,691.1082763671875,716.3866205151361,685.8227628297016,706.7648539132639,13760700,678.0524536132813,655.8639556884766,651.3688952636719,681.8851266479492,683.0092676753152,668.2912757480165,661.33282119486,57.54392780589111,14.48394523456534,6.576501018307975,7.907444216257365,11.420748820711779,655.8639556884766,727.9743143072734,583.7535970696798,23.688291801572195,49.856866917679106,0.0,0.0,0.0,0.0,0.0
2026-02-04 05:00:00,668.417724609375,688.2407799622291,666.8890651090074,687.1416843315144,16882800,683.6506591796875,656.2820983886719,652.9739221191406,682.7276133728027,680.3562598451442,668.3033184967172,661.6106605444488,51.13283820655228,12.585832483396416,7.778367311325663,4.807465172070753,7.858121198410428,656.2820983886719,728.5914915697836,583.9727052075602,24.257084388760347,51.44465143557393,0.0,0.0,0.0,0.0,0.0
2026-02-05 05:00:00,669.63671875,680.9170392363125,652.9409906690098,663.0123852284637,17131800,685.9067321777344,657.3571807861329,654.5015002441406,683.6600337219238,678.4072523732998,668.4303089970299,661.9254079250587,51.4458064942049,11.052520515967672,8.433197952254066,2.619322563713606,10.939886859057157,657.3571807861329,729.7958087611639,584.9185528111018,25.545980771456463,50.943707734607344,0.0,0.0,0.0,0.0,0.0
2026-02-06 05:00:00,660.8941650390625,671.4151252649915,645.9469408650316,664.920685797671,18159300,686.1765014648438,658.1265228271484,655.4788549804688,684.4708840942383,675.2230546761657,667.712581001033,661.8849670275687,49.02094854244238,9.027841379178426,8.552126637638938,0.47571474153948756,7.912422243009032,658.1265228271484,730.3617946054657,585.8912510488311,26.722829574542157,51.187655905182226,0.0,0.0,0.0,0.0,0.0
2026-02-09 05:00:00,676.640625,682.7254419812133,658.2164585284562,662.6126578425271,14837500,686.6620849609375,659.3334869384765,656.3085131835937,685.2608273315429,675.4807947350446,668.5628709056964,662.4636202813896,53.29129811468146,8.594800783088772,8.560661466728906,0.034139316359866,4.568958938916645,659.3334869384765,731.9785257498081,586.688448127145,27.028279701769446,51.7018098904819,0.0,0.0,0.0,0.0,0.0
2026-02-10 05:00:00,670.1461791992188,680.0677378888336,669.216982119095,677.0202983345941,10455800,686.4372741699219,660.7697570800781,657.0603942871094,685.9540985107421,674.5108646376216,668.7136621717461,662.7648971016966,51.37965546158914,7.6395020666246864,8.376429586708062,-0.7369275200833751,1.8155228015565017,660.7697570800781,733.0586141657072,588.4808999944489,26.50515926308319,51.402075793859304,0.0,0.0,0.0,0.0,0.0
2026-02-11 05:00:00,668.1179809570312,678.6889475196376,656.5378686274887,673.4234361526849,14323800,686.4332824707031,662.6481475830078,657.485390625,686.5668487548828,673.3485221502415,668.6569306274876,662.9748219587685,50.76718313848343,6.642195211709122,8.029582711708274,-1.3873874999991518,-0.5458309173415499,662.6481475830078,733.5701663843455,591.7261287816701,24.689575418233517,50.93266544383046,0.0,0.0,0.0,0.0,0.0
2026-02-12 05:00:00,649.254150390625,675.421749916193,644.7280570616384,669.3968787035581,14960100,677.5908569335937,664.361181640625,657.6744738769531,687.0729684448243,668.9677272848567,666.8090467954054,662.4367564070766,45.352192208879714,4.280327913110682,7.279731751988756,-2.9994038388780737,-3.4414534986948686,664.361181640625,732.0165336996123,596.7058295816377,25.309044630482845,51.20776728316084,0.0,0.0,0.0,0.0,0.0
2026-02-13 05:00:00,639.2227172851562,650.872715705495,634.0271535178357,644.5481137374378,12336400,669.9244201660156,665.308871459961,657.5385375976563,687.5055038452149,663.5595436485474,664.1817773182388,661.5264019317073,42.74134969060291,1.580855133281375,6.13995642824728,-4.559101294965905,-4.330590232170184,665.308871459961,730.8620226684781,599.7557202514439,25.333308804144263,51.58148519912555,0.0,0.0,0.0,0.0,0.0
2026-02-17 05:00:00,638.7431030273438,642.0502690775812,628.2620863630333,638.952945338547,12674700,663.2181640625,666.2600555419922,657.5427575683593,687.962756652832,659.0474635356013,661.7590464333916,660.6329392295754,42.61503350188028,-0.5903916878154405,4.793886805034736,-5.384278492850177,-13.411711927803482,666.2600555419922,729.5405860637028,602.9795250202816,25.45034813852198,51.58050503352285,0.0,0.0,0.0,0.0,0.0
2026-02-18 05:00:00,642.6697387695312,644.4482453696517,627.6126838179015,633.2578140286595,14649200,658.3743103027343,668.2133819580079,657.1876428222656,688.3239532470703,656.0696953963158,659.9410171320716,659.9284999958481,44.07233915732983,-1.9715469820295084,3.4408000476218876,-5.4123470296513965,-10.227499242481986,668.2133819580079,725.4760904191705,610.9506734968452,25.826451773509966,50.51711401537591,0.0,0.0,0.0,0.0,0.0
2026-02-19 05:00:00,644.2284545898438,646.6363661317032,636.1752909436037,638.0237449576674,10035700,655.9553833007812,669.8030212402343,656.6263000488282,688.5692794799804,653.9167425224117,658.4445826042404,659.3128119407107,44.67298813790659,-2.9068389336305245,2.1712722513714056,-5.07811118500193,-8.724385848397432,669.8030212402343,722.0955564173582,617.5104860631104,21.201839807905337,50.34920496594133,0.0,0.0,0.0,0.0,0.0
2026-02-20 05:00:00,655.09912109375,662.7825455010891,638.2336163631846,639.1428111159805,14183500,654.5016235351562,670.2041778564453,656.4145495605469,688.8577435302734,654.1317204444731,658.125967222289,659.1475691623986,48.80265871665215,-2.739315483050291,1.1891547044870663,-3.928470187537357,-5.21034930484695,670.2041778564453,721.8821014936891,618.5262542192015,21.191134412809706,46.57855917672259,0.0,0.0,0.0,0.0,0.0
2026-02-23 05:00:00,636.7048950195312,657.1374142434245,635.455964272141,651.9817939677475,8605900,652.0826965332031,669.1295989990234,656.0313854980469,689.1138510131836,650.9632067308472,656.0858651077406,658.2674642940508,42.95950284047865,-4.044193315632583,0.14248510046313645,-4.186678416095719,-4.744462694848018,669.1295989990234,722.7173225925362,615.5418754055106,21.470898116522935,47.25980636002448,0.0,0.0,0.0,0.0,0.0
2026-02-24 05:00:00,638.7531127929688,640.5615620292823,628.4419334902003,632.5384628258726,10135600,648.2939453125,667.4780151367188,655.8255578613281,689.332847290039,648.7431896512329,654.435126792048,657.5021956077338,43.7668781754656,-4.857055233129245,-0.8574229662553399,-3.999632266873905,-4.611994099529248,667.4780151367188,722.7313758049277,612.2246544685099,20.153453177497756,46.58886931287918,0.0,0.0,0.0,0.0,0.0
2026-02-25 05:00:00,653.1307983398438,653.3206382422114,641.5906910720822,641.9803720795121,11330700,646.5924072265625,666.5148406982422,655.8557690429687,689.6177502441407,649.5409366855258,654.3109050346951,657.330768263895,49.20230570477504,-4.291623925626709,-1.5442631581296138,-2.7473607674970952,-1.1746762356057205,666.5148406982422,722.0780899289527,610.9515914675317,19.46404704828794,47.399316794947964,0.0,0.0,0.0,0.0,0.0
2026-02-26 05:00:00,656.447998046875,660.4345752110744,646.9461232211356,649.9935020296807,10637700,645.4254089355469,665.929345703125,656.1216418457032,689.9467538452149,650.7967660239528,654.5144377025217,657.296149824012,50.39367362664119,-3.535094874166248,-1.9424295013369408,-1.592665372829307,-2.984246911442101,665.929345703125,721.6662091639736,610.1924822422765,18.429218721333378,47.40408905743515,0.0,0.0,0.0,0.0,0.0
2026-02-27 05:00:00,647.62548828125,648.8844201349368,637.5740968396581,642.8995542116262,15703000,645.2625427246094,661.4266998291016,656.135029296875,689.9976745605469,650.2201700707342,653.8583472814482,656.9169081948841,47.22156883154314,-3.605876654192457,-2.275118931908044,-1.330757722284413,-3.360563951118767,661.4266998291016,706.2373363367426,616.6160633214606,17.95819849328031,26.9973757530208,0.0,0.0,0.0,0.0,0.0
2026-03-02 05:00:00,653.0009155273438,659.3754626922687,633.9572226725116,636.6149203669017,9816100,646.6403625488281,658.2823913574218,656.0632897949218,689.9927307128906,650.7257601537541,653.7766871143907,656.7633398549806,49.31498979853665,-3.1914308422261684,-2.4583813139716693,-0.7330495282544991,-2.2626341245947867,658.2823913574218,695.1185698326656,621.4462128821781,18.023145390923162,26.009728215553707,0.0,0.0,0.0,0.0,0.0
2026-03-03 05:00:00,654.5196533203125,658.4762268569145,638.293554979916,647.7354225434952,12263800,648.218017578125,655.7180908203125,656.174794921875,689.978782043457,651.4155589113101,653.847445800669,656.6753521477386,49.91938944709197,-2.7092001303665256,-2.5085450772506404,-0.20065505311588527,0.8110079737679854,655.7180908203125,684.9880798199235,626.4481018207014,18.68971082715601,25.85615804332109,0.0,0.0,0.0,0.0,0.0
2026-03-04 05:00:00,667.1587524414062,672.1944798634893,657.1073609851721,657.397151925757,10810100,650.6669189453125,654.5206146240234,656.2403381347656,690.1051879882813,654.2779577349639,655.1151892902631,657.0864658847452,54.754818368635625,-1.2922627466812173,-2.265288611136756,0.9730258644555385,4.370313257153491,654.5206146240234,679.3112017029086,629.7300275451382,18.369978516515143,26.239982961894952,0.0,0.0,0.0,0.0,0.0
2026-03-05 05:00:00,660.0049438476562,670.1262833419206,649.7537106790966,661.363765843265,13341400,652.2445678710938,654.0999755859375,656.2763073730468,690.2134698486328,655.3192279372715,655.580880200491,657.2009160009378,51.711427089930396,-0.7380741686893089,-1.9598457226472665,1.2217715539579577,3.328699866901319,654.0999755859375,678.1728132763654,630.0271378955096,17.632755645677246,23.814758212011235,0.0,0.0,0.0,0.0,0.0
2026-03-06 05:00:00,644.308349609375,648.9143914185428,635.5658346648192,647.3457881163396,13159400,651.1654907226563,652.8335571289062,655.9437915039063,690.2428201293945,653.3172500594721,654.50730585848,656.695325162053,45.70822938439919,-1.547619704442468,-1.8774005190063068,0.3297808145638388,0.25496934755027123,652.8335571289062,676.1168985000904,629.5502157577221,18.175151859618513,25.175357415865935,0.0,0.0,0.0,0.0,0.0
2026-03-09 04:00:00,646.836181640625,647.195859029807,626.2438278402449,634.2369839533108,13489700,652.1786193847656,652.1306579589843,655.5930920410157,690.3014083862305,652.138873983318,653.7767225996366,656.3086920827814,46.77974991923429,-1.962591917090208,-1.8944387986230873,-0.06815311846712069,0.404782966694861,652.1306579589843,675.2375272893411,629.0237886286276,18.686855322119527,24.888882100651415,0.0,0.0,0.0,0.0,0.0
2026-03-10 04:00:00,653.510498046875,659.7351492208539,648.444827744844,653.0009245574777,9859300,653.6543579101562,650.9741516113281,655.3237231445313,690.4013430786133,652.3882601766919,653.751367880326,656.1989589833341,49.60771354330825,-1.732922775878592,-1.8621355940741884,0.1292128181955965,-0.24250117207036403,650.9741516113281,671.0297088375696,630.9185943850866,18.40567003843944,23.529674421299234,0.0,0.0,0.0,0.0,0.0
2026-03-11 04:00:00,654.2998046875,658.5561703533895,647.8053649208291,654.1999146227295,8977200,653.7712585449219,650.1818328857422,655.1552673339844,690.4998910522461,652.7358137241115,653.8035999571997,656.1244823442818,49.94644496524264,-1.4702695255247136,-1.7837623803642935,0.3134928548395799,2.7634324481562222,650.1818328857422,668.19649639637,632.1671693751144,18.42636505590093,23.356502771038187,0.0,0.0,0.0,0.0,0.0
2026-03-12 04:00:00,637.6340942382812,652.9409968457168,636.355220859953,648.1950599902964,11617500,651.8898681640625,648.6576385498047,654.7454187011718,690.562512512207,649.9900465448696,652.2636470315884,655.3993690852229,43.324471270091074,-2.5771902395666757,-1.94244795220477,-0.6347422873619057,-0.17518796108789703,648.6576385498047,665.395779374131,631.9194977254783,17.954626105161115,24.91013630984206,0.0,0.0,0.0,0.0,0.0
2026-03-13 04:00:00,613.1849975585938,628.6317326131165,609.0285222575777,623.3562813254467,18957600,648.4458190917969,646.8541809082031,653.7015124511719,690.4268258666992,643.2982194564557,648.5418708913032,653.7439035351591,35.821256839599954,-5.365421414593925,-2.627042644682601,-2.738378769911324,-6.116049171587989,646.8541809082031,669.9041892193115,623.8041725970947,18.449206248691123,26.517270717261628,0.0,0.0,0.0,0.0,0.0
2026-03-16 04:00:00,627.4500122070312,634.75,623.0999755859375,632.0,15134900,645.8907287597656,646.2655456542968,653.0600061035157,690.3561834716797,640.4167272292876,646.533122445182,652.7127705418992,42.1197749876385,-6.350838728889812,-3.3718018615240437,-2.9790368673657683,-4.417407917477279,646.2655456542968,670.6960761293359,621.8350151792578,19.123875813142856,27.591276506775515,0.0,0.0,0.0,0.0,0.0
2026-03-17 04:00:00,622.6599731445312,636.5499877929688,621.7000122070312,627.989990234375,10348800,642.7047607421875,645.4613891601563,652.5161340332031,690.2542639160156,637.1882264866047,644.2594891784534,651.5342294674925,40.67620090162212,-7.432626478934935,-4.1839667850062225,-3.2486596939287127,-3.8549309112239194,645.4613891601563,671.909924882167,619.0128534381455,19.14405082290677,27.698143303452692,0.0,0.0,0.0,0.0,0.0
2026-03-18 04:00:00,615.6799926757812,622.6500244140625,614.6099853515625,616.3400268554688,11726300,637.556884765625,644.1119018554688,651.665205078125,690.1052825927734,633.2776385210003,641.5376323686751,650.1281809658568,38.60013246544013,-8.752286246660333,-5.097630677337045,-3.654655569323288,-5.7152941081902275,644.1119018554688,673.7250564490776,614.49874726186,18.75558909455177,27.77854595142088,0.0,0.0,0.0,0.0,0.0
2026-03-19 04:00:00,606.7000122070312,613.0,602.260009765625,612.1500244140625,13247700,632.2263916015625,642.2354797363281,650.5981079101563,689.7947152709961,628.4453428275514,638.219763781852,648.4251155243343,36.05082423257134,-10.40281828159732,-6.158668198189099,-4.24415008340822,-7.306066497880847,642.2354797363281,676.2468604842998,608.2240989883564,18.36602350190458,28.07410571835768,0.0,0.0,0.0,0.0,0.0
2026-03-20 04:00:00,593.6599731445312,603.9600219726562,587.25,603.530029296875,21214900,627.1615539550781,639.1635223388672,649.5086059570312,689.4391348266602,622.1207301579113,633.9759741973453,646.2774628819891,32.676003763741306,-12.61765056145839,-7.450464670842958,-5.167185890615432,-11.016685163450667,639.1635223388672,678.8996115259889,599.4274331517455,17.93972151528131,27.80154266558597,0.0,0.0,0.0,0.0,0.0
2026-03-23 04:00:00,604.0599975585938,608.6400146484375,599.010009765625,605.7899780273438,13638000,622.883935546875,637.5312774658203,648.6796594238281,689.0303826904296,618.836960594399,631.1268335650833,644.6218760065618,37.686254730149805,-13.379495550410638,-8.636270846756496,-4.743224703654143,-8.476443519183064,637.5312774658203,680.2617001561678,594.8008547754728,17.568105060060436,27.439254735148786,0.0,0.0,0.0,0.0,0.0
2026-03-24 04:00:00,592.9199829101562,601.0,591.0,599.0999755859375,10739700,616.8248840332031,635.2396209716796,647.4880322265625,688.5825286865235,614.1247828336275,627.4880858836616,642.594350787095,34.7067781272592,-14.712571903449088,-9.851531058095015,-4.861040845354074,-7.975741231721423,635.2396209716796,682.382435998893,588.0968059444663,17.238474418304502,27.915193341102462,0.0,0.0,0.0,0.0,0.0
2026-03-25 04:00:00,594.8900146484375,603.6699829101562,593.4000244140625,598.739990234375,12585000,610.8839050292969,632.3275817871094,646.5574169921875,688.0792782592773,610.627552254502,624.383507670783,640.7235925071476,35.67529446519782,-15.432186777522702,-10.967662201980552,-4.46452457554215,-8.030807253303617,632.3275817871094,681.9472104368364,582.7079531373823,16.551147799531357,26.323400236291732,0.0,0.0,0.0,0.0,0.0
2026-03-26 04:00:00,547.5399780273438,583.0,543.3499755859375,582.489990234375,35780100,601.8744934082031,626.8821807861328,644.8972131347656,687.3574710083008,599.1570842132005,617.0650762761697,637.0693331157828,25.77794468102485,-19.597333126955277,-12.693596386975498,-6.903736739979779,-16.215580367299655,626.8821807861328,687.9414380771144,565.8229234951513,18.486928505221574,37.155335884125755,0.0,0.0,0.0,0.0,0.0
2026-03-27 04:00:00,525.719970703125,543.5999755859375,520.260009765625,540.0999755859375,30133000,593.1279907226562,620.7869049072266,643.1117431640625,686.4849932861329,585.8048817568231,608.3655424120703,632.7026914525413,22.658345463409887,-24.37792035961695,-15.030461181503789,-9.347459178113162,-19.651516485747077,620.7869049072266,695.8581923775434,545.7156174369097,18.938924010375615,38.74515203631993,0.0,0.0,0.0,0.0,0.0
2026-03-30 04:00:00,536.3800048828125,539.5499877929688,528.5399780273438,536.3800048828125,22795200,584.0209899902344,614.955859375,641.43396484375,685.7069873046875,576.8185405070029,601.5097769330935,628.9253311949049,27.287964011146627,-26.995210532016472,-17.423411051606326,-9.571799480410146,-15.87965422025105,614.955859375,697.2599513793822,532.6517673706179,19.005427546776673,39.71978158925199,0.0,0.0,0.0,0.0,0.0
2026-03-31 04:00:00,572.1300048828125,573.6900024414062,546.77001953125,549.97998046875,32898300,578.9679931640625,610.836376953125,640.4821765136719,685.1116195678711,575.9660794844228,598.7117034044952,626.6980634963915,40.21321739847913,-25.886304421708132,-19.11598972562669,-6.770314696081442,-6.695368092703246,610.836376953125,693.0500705574577,528.6226833487922,20.9025126986362,47.96355630966177,0.0,0.0,0.0,0.0,0.0
2026-04-01 04:00:00,579.22998046875,592.5499877929688,573.8200073242188,580.1300048828125,23608100,575.3229919433594,606.4399383544921,639.9947119140625,684.6040386962891,576.5595160270277,596.8563012201386,624.8365700443271,42.402985988537175,-24.15612289912167,-20.124016360325687,-4.032106538795983,-7.685079416712282,606.4399383544921,685.3080695974892,527.5718071114951,21.079326918822574,47.536123124650366,0.0,0.0,0.0,0.0,0.0
2026-04-02 04:00:00,574.4600219726562,578.5,559.7000122070312,566.0399780273438,13518500,572.0989929199219,602.1626922607422,639.2351989746094,683.9739642333984,576.1777898353238,594.7233222441879,622.8610191395557,41.308341177157544,-22.90579363297593,-20.68037181485574,-2.2254218181201892,-7.740974729507288,602.1626922607422,678.0205560972746,526.3048284242099,20.43106951032366,47.51578669075016,0.0,0.0,0.0,0.0,0.0
2026-04-06 04:00:00,573.02001953125,582.7899780273438,572.0,577.6900024414062,9515700,570.0349975585938,598.598275756836,637.7540795898437,683.3610824584961,575.6036497800376,592.6563410334319,620.9064701353084,40.96453150800585,-21.780028235931468,-20.900303099070886,-0.8797251368605821,-6.928919836931602,598.598275756836,672.7991571432206,524.3973943704514,19.661424909319198,47.0869152367721,0.0,0.0,0.0,0.0,0.0
2026-04-07 04:00:00,575.0499877929688,575.22998046875,564.760009765625,572.47998046875,9580800,567.1339965820313,595.0089660644531,636.0911499023438,682.7656335449219,575.5029839642068,590.979545486721,619.1081767101186,41.70116407775607,-20.487878069381395,-20.81781809313299,0.32994002375159326,-5.216750251731028,595.0089660644531,666.271822283815,523.7461098450913,19.348567417689733,47.077083725705066,0.0,0.0,0.0,0.0,0.0
2026-04-08 04:00:00,612.4199829101562,629.9500122070312,591.8300170898438,606.0,32036600,569.0839965820312,592.9544403076172,634.9038537597656,682.4239776611328,582.215165590743,593.0214919080005,618.8458946003162,53.26279532259107,-16.260947381746064,-19.906443950855603,3.6454965691095396,3.160059733563636,592.9544403076172,659.3165529213873,526.5923276938472,22.694998604910715,53.116475897498205,0.0,0.0,0.0,0.0,0.0
2026-04-09 04:00:00,628.3900146484375,637.5,623.0,626.969970703125,19012900,572.4339965820312,591.6589508056641,634.0237683105469,682.0814605712891,590.610592692142,596.3899226451849,619.2201738178896,57.17171986267733,-11.489976962091987,-18.22315055310288,6.7331735910108925,4.027748433628697,591.6589508056641,653.8598609227873,529.4580406885408,23.527858189174108,54.08446242702498,0.0,0.0,0.0,0.0,0.0
2026-04-10 04:00:00,629.8599853515625,638.5800170898438,624.3300170898438,634.469970703125,13294800,580.6659973144531,591.2702453613281,633.2578100585938,681.6781039428711,597.7468459029457,599.5775476648399,619.637421329014,57.52386936895793,-7.50383464602146,-16.079287371686597,8.575452725665137,6.230183415323287,591.2702453613281,652.348471614174,530.1920191084822,23.156428745814733,53.34315681642866,0.0,0.0,0.0,0.0,0.0
2026-04-13 04:00:00,634.530029296875,635.0,624.4000244140625,629.5,9538900,591.5470031738281,592.3374969482422,631.1948425292969,681.3156564331055,604.4346974291146,602.9063554393194,620.2214451708909,58.68609296513008,-3.9227357686077085,-13.64797705107082,9.725241282463111,6.663419064423803,592.3374969482422,655.7301467026568,528.9448471938276,22.84356689453125,51.42778077490874,0.0,0.0,0.0,0.0,0.0
2026-04-14 04:00:00,662.489990234375,666.260009765625,639.3699951171875,643.219970703125,17818000,604.1580017089843,594.0894958496094,630.1269006347657,681.0061624145508,614.9902052118892,608.5809873245628,621.8790351733804,64.88163497058756,1.1580962559313548,-10.686762389670386,11.844858645601741,20.993903060954345,594.0894958496094,663.2431413936743,524.9358503055446,24.177137102399552,53.06111805227032,0.0,0.0,0.0,0.0,0.0
2026-04-15 04:00:00,671.5800170898438,678.5,664.219970703125,667.0,14952600,614.1030029296875,596.535498046875,629.4423876953125,680.7045071411133,625.2792619169718,614.5808949212562,623.8280932877516,66.63352428855212,5.8507377763805835,-7.379262356460194,13.230000132840777,27.744817491265938,596.535498046875,673.0165613534633,520.0544347402866,24.552852085658483,53.021447755204264,0.0,0.0,0.0,0.0,0.0
2026-04-16 04:00:00,676.8699951171875,677.5800170898438,667.75,675.989990234375,9544800,623.8670043945312,599.5949981689453,629.1576220703125,680.4070538330078,634.6593952261019,620.5131901780117,625.908167869298,67.64507160909739,9.882626243000573,-3.926884636568041,13.809510879568613,26.192249702721316,599.5949981689453,683.8056811847068,515.3843151531837,21.573564801897323,52.71192435806065,0.0,0.0,0.0,0.0,0.0
2026-04-17 04:00:00,688.5499877929688,691.52001953125,675.1300048828125,678.5999755859375,16283500,635.2760009765625,603.6874969482421,629.5602673339844,680.2621295166016,644.4576847837141,626.9928851889599,628.3647098270891,69.82057709733715,13.860628004454611,-0.36938210836351093,14.230010112818121,20.348519028293598,603.6874969482421,696.8335327322029,510.5414611642813,20.795710972377233,52.33116059240653,0.0,0.0,0.0,0.0,0.0
2026-04-20 04:00:00,670.9099731445312,683.3800048828125,668.0,681.3599853515625,12534000,645.0649963378906,607.5499969482422,629.585732421875,680.0571887207032,649.2671917584081,631.1754649942525,630.0331515258124,62.937676458051996,15.412159520767432,2.786926217462678,12.625233303304753,15.827908735246732,607.5499969482422,705.241030704882,509.8589631916024,21.275708879743302,52.647241600711105,0.0,0.0,0.0,0.0,0.0
2026-04-21 04:00:00,668.8400268554688,676.2000122070312,667.3300170898438,671.0,8660100,654.4440002441406,610.7889984130859,629.7446496582031,679.8147619628907,652.8258890487828,634.7625661238922,631.5549897740343,62.16327392704774,16.286985825067063,5.486938138983556,10.800047686083508,16.4293425604654,610.7889984130859,712.2169826379309,509.3610141882409,19.244280133928573,52.59160215368524,0.0,0.0,0.0,0.0,0.0
2026-04-22 04:00:00,674.719970703125,678.3800048828125,669.75,674.3599853515625,9215600,660.6739990234375,614.8789978027344,629.7062365722657,679.6050274658203,656.8066311677541,638.5680332266762,633.2477341241947,63.535802833643444,17.255839722834935,7.840718455753832,9.415121267081103,17.748062494407968,614.8789978027344,719.809628046928,509.9483675585408,18.467136928013392,51.82112027064522,0.0,0.0,0.0,0.0,0.0
2026-04-23 04:00:00,659.1500244140625,669.5599975585938,653.0499877929688,663.7000122070312,11667000,663.75,618.0919982910157,629.4863134765625,679.3058706665039,657.2327026670828,640.5282228635702,634.2635102139934,57.57952874711034,16.576218545914912,9.587818473786049,6.988400072128863,14.624821912242481,618.0919982910157,724.3721379748587,511.81185860717267,18.6199951171875,52.90492669992582,0.0,0.0,0.0,0.0,0.0
2026-04-24 04:00:00,675.030029296875,680.6699829101562,653.8400268554688,660.3200073242188,13348300,668.2670043945312,624.4665008544922,629.6245544433593,679.0257049560547,660.468580236136,643.8141091905517,635.8621972368516,61.53972524411498,17.121630052701448,11.094580789569129,6.027049263132319,10.223383974050337,624.4665008544922,728.1919883442422,520.7410133647422,19.76570783342634,42.52476506242306,0.0,0.0,0.0,0.0,0.0
2026-04-27 04:00:00,678.6199951171875,682.5,670.8400268554688,671.0,12805200,672.6760009765625,632.1115020751953,630.2118713378907,678.7911245727539,663.7688374872363,647.1289554692789,637.5389736243158,62.39443320818344,17.640207508895855,12.403706133434474,5.236501375461382,7.99344026764206,632.1115020751953,727.3872154844687,536.8357886659219,19.8507080078125,38.1820461250356,0.0,0.0,0.0,0.0,0.0
2026-04-28 04:00:00,671.3400268554688,678.1799926757812,665.6300048828125,674.239990234375,10606800,673.5610046386719,638.8595031738281,630.8542175292969,678.5686804199219,665.1454173723694,649.4347717917732,638.8645051235767,59.506458864858196,17.264734172969384,13.375911741341458,3.8888224316279256,6.5855971912160305,638.8595031738281,724.1843803532753,553.5346259943809,16.857134137834823,38.98826280682504,0.0,0.0,0.0,0.0,0.0
2026-04-29 04:00:00,669.1199951171875,674.25,663.8099975585938,668.9099731445312,18947500,673.3150024414062,643.7090026855469,631.4617553710938,678.3181259155274,665.8680678714272,651.3095549656222,640.0509949272478,58.61546627623156,16.596714250622995,14.020072243197767,2.576642007425228,5.4512732610372705,643.7090026855469,723.9377653218418,563.4802400492521,15.811418805803571,33.38403740874323,0.0,0.0,0.0,0.0,0.0
2026-04-30 04:00:00,611.9099731445312,620.8499755859375,600.0,619.3200073242188,52765000,666.8190002441406,645.3430023193359,630.8465600585937,677.8340481567383,656.0575051938097,647.5572138398039,638.9474254455727,41.40870179090921,11.320438037283566,13.480145402014927,-2.1597073647313607,-7.634834916064104,645.3430023193359,721.2575568629234,569.4284477757485,19.730704171316965,47.0061517999072,0.0,0.0,0.0,0.0,0.0
2026-05-01 04:00:00,608.75,618.8800048828125,606.1099853515625,614.6900024414062,21404000,658.8390014648437,647.0575012207031,630.1369909667969,677.3714831542969,647.456140613117,643.8612887122035,637.7632126830013,40.6980504872436,6.805517926558991,12.14521990692374,-5.339701980364749,-9.355551906101212,647.0575012207031,717.5896198410848,576.5253826003214,19.885707310267858,46.91988125367487,0.0,0.0,0.0,0.0,0.0
2026-05-04 04:00:00,610.4099731445312,614.0,602.75,607.9400024414062,16203900,652.7890014648438,648.9269989013671,629.2432080078125,676.9247003173828,640.7204738006468,640.6754491343299,636.6905366226691,41.2682674181818,3.323051105736795,10.380786146686352,-7.057735040949558,-9.818727739755984,648.9269989013671,712.8707176311929,584.9832801715414,18.4228515625,46.870363894521205,0.0,0.0,0.0,0.0,0.0
2026-05-05 04:00:00,604.9600219726562,614.3499755859375,600.3599853515625,613.3099975585938,17171300,646.4010009765625,650.4225006103516,628.608310546875,676.4363510131836,634.2185734682848,637.2739798808373,635.4462027148255,39.91137909582714,0.12199921695730609,8.329028760740544,-8.207029543783237,-12.139999608197815,650.4225006103516,708.1921845493455,592.6528166713576,18.278564453125,47.08047924074323,0.0288,-0.0209,-0.0354,10.0,0.0642
2026-05-06 04:00:00,612.8800048828125,619.9500122070312,598.0999755859375,601.0499877929688,19915500,640.2170043945313,650.4455017089844,628.0908483886719,675.9442538452148,630.3388337254717,634.9507441667397,634.5612537802368,42.85203980484587,-1.7555442155151013,6.312114165489415,-8.067658381004517,-8.649441890054844,650.4455017089844,708.1518087059648,592.739194712004,19.137137276785715,41.2566048242958,0.2367,0.0842,0.069,16.0,0.1677
2026-05-07 04:00:00,616.8099975585938,624.97998046875,613.5399780273438,614.719970703125,12307400,635.9830017089844,649.8665008544922,627.3644323730468,675.5125106811523,627.8790453314939,633.2230540135829,633.8651260852704,44.308484174362775,-2.893044136158778,4.471082505159776,-7.364126641318554,-7.779144071489352,649.8665008544922,708.7254449219994,591.007556786985,18.830705915178573,40.208531204059256,0.0,0.0842,0.069,16.0,-0.069
2026-05-08 04:00:00,609.6300048828125,616.77001953125,606.0599975585938,615.2000122070312,13557000,629.4429992675781,648.8550018310547,626.4280725097656,675.0011199951172,624.5610379771881,630.9760969535096,632.9147291753701,42.19281103835157,-4.324041562239245,2.712057691679972,-7.036099253919216,-9.646960019944617,648.8550018310547,709.8192450173096,587.8907586447997,18.130706787109375,40.378144798511215,0.0,0.2322,0.069,16.0,-0.069
2026-05-11 04:00:00,598.8599853515625,604.9099731445312,598.0800170898438,604.5700073242188,15940600,621.4669982910157,647.071499633789,625.4527624511719,674.4297940063476,619.8881193179834,627.917419658086,631.5792490254169,39.17141205210914,-6.255063422063245,0.9186334689313287,-7.173696890994574,-9.146633820744155,647.071499633789,711.7727795893585,582.3702196782195,18.322134835379465,40.63967574213109,0.2002,0.196,0.1356,24.0,0.0646
2026-05-12 04:00:00,603.0,603.75,592.5999755859375,594.8200073242188,11351600,614.6329956054688,644.0970001220703,624.452744140625,673.889743347168,616.8175521692591,625.5443320716016,630.458494161675,40.92271084242141,-7.366431933764375,-0.738379611607812,-6.628052322156563,-10.670640737553994,644.0970001220703,711.2375886981699,576.9564115459707,18.437138148716517,36.958582822062915,0.7912,0.3318,0.3018,16.0,0.4894
2026-05-13 04:00:00,616.6300048828125,619.9000244140625,596.6599731445312,598.8300170898438,14634400,609.3839965820313,641.3494995117187,623.694951171875,673.3931503295898,616.7834526626324,624.6953485298122,629.9162004644647,46.394629487769116,-7.065920470128958,-2.0038877833120416,-5.0620326868169165,-9.13471319448379,641.3494995117187,708.2515849593243,574.4474140641131,18.549285888671875,37.664793312261715,0.0,0.3318,0.3213,10.0,-0.3213
2026-05-14 04:00:00,618.4299926757812,623.72998046875,615.0,616.0,10651200,610.0359985351563,638.4274993896485,622.7203759765625,672.9935009765625,617.082823574114,624.0986479722854,629.46576094334,47.091580246338424,-6.606364935703482,-2.92438321379033,-3.681981721913152,-7.881257196523217,638.4274993896485,703.8867023020625,572.9682964772344,17.25643048967634,37.49850881471529,0.0,0.792,0.3213,10.0,-0.3213
2026-05-15 04:00:00,614.22998046875,621.2000122070312,609.3099975585938,613.989990234375,13272600,610.5839965820312,634.7114990234375,621.8048767089844,672.5967453002929,616.5641248276842,623.1587748767106,628.8682793561012,45.60173607611593,-6.506071802048382,-3.6407209314419404,-2.8653508706064414,-8.203314061601796,634.7114990234375,696.5268306626514,572.8961673842235,17.272862025669642,36.63260640998231,-0.006,-0.0143,0.1037,20.0,-0.1097
2026-05-18 04:00:00,611.2100219726562,615.5900268554688,603.6900024414062,609.1099853515625,13772400,610.6640014648438,631.7265014648438,621.14291015625,671.7946563720703,615.5906515813155,622.0207984096578,628.1757986743975,44.51129325063522,-6.594259662240006,-4.231428677601554,-2.3628309846384523,-0.1143879332899278,631.7265014648438,691.9264804966467,571.5265224330408,17.19500732421875,35.84816064294919,-0.8866,-0.6589,-0.0515,14.0,-0.8351
2026-05-19 04:00:00,602.6099853515625,613.9299926757812,600.5499877929688,608.9199829101562,11720900,610.4289978027343,628.4149993896484,620.2583862304688,671.066442565918,613.2305304486331,620.1721495469822,627.1732177597764,41.470122202558876,-7.274247264218275,-4.839992394924899,-2.434254869293376,-1.0086266362936303,628.4149993896484,687.2908095095665,569.5391892697303,17.40500749860491,36.006582503964964,-0.0649,-0.1014,-0.0886,32.0,0.0237
