Date,Close_MSFT,High_MSFT,Low_MSFT,Open_MSFT,Volume_MSFT,SMA_10,SMA_20,SMA_50,SMA_200,EMA_10,EMA_20,EMA_50,RSI_14,MACD,MACD_Signal,MACD_Histogram,ROC_12,BB_Middle,BB_Upper,BB_Lower,ATR_14,Volatility_20,Sentiment_1d,Sentiment_3d,Sentiment_7d,News_Volume_7d,Sentiment_Momentum
2020-10-15 04:00:00,209.74339294433594,210.41178833961618,206.25816444692333,207.29896717306707,22733100,204.67121124267578,200.75440063476563,202.33343170166015,178.08661094665527,206.2814247633737,203.5657062284098,200.76312605908151,58.23863886071389,2.6039167970392043,1.0017901866446492,1.602126610394555,5.982829473708229,200.75440063476563,213.74524290129187,187.7635583682394,4.701295101824463,28.958547216615692,0.0,0.0,0.0,0.0,0.0
2020-10-16 04:00:00,209.74339294433594,212.25465097016937,209.4187458337608,210.21126243606867,26057900,205.9573989868164,201.67440338134764,202.40660583496094,178.3745359802246,206.91087352354864,204.15405734421228,201.11529338791505,58.23863886071389,2.7520226811219857,1.3518366855401167,1.400185995581869,4.4358644599840735,201.67440338134764,214.463586312831,188.88522044986428,4.579891193138833,28.346129563975587,0.0,0.0,0.0,0.0,0.0
2020-10-19 04:00:00,204.54904174804688,212.26427199007233,204.0716142422527,210.4691399059083,27625800,206.32406768798828,202.2320411682129,202.44962097167968,178.64596237182616,206.4814495643665,204.19167490648223,201.24995018635158,51.43700268665539,2.422333774860391,1.5659361034041717,0.8563976714562194,0.8283973999918315,202.2320411682129,214.4617919577035,190.0022903787223,4.942735625439058,30.099518167911533,0.0,0.0,0.0,0.0,0.0
2020-10-20 04:00:00,204.9595947265625,207.55680117288514,203.4700234408629,206.05768658353387,22753500,207.15861053466796,202.5772216796875,202.58143310546876,178.91749954223633,206.20474868476575,204.26481012744225,201.39542644283043,51.915009728849235,2.1691762223733804,1.6865841271980135,0.48259209517536683,4.103015563953538,202.5772216796875,214.69992268282942,190.4545206765456,4.863618807388718,29.04713888163299,0.0,0.0,0.0,0.0,0.0
2020-10-21 04:00:00,205.10281372070312,207.12710123202376,203.49865008216514,203.49865008216514,22724900,207.63317413330077,203.25564727783203,202.80888763427734,179.19662086486815,206.00439687311797,204.3446199934671,201.5408141792176,52.09216393225421,1.9575383306711842,1.7407749678926479,0.21676336277853636,2.1009605298158984,203.25564727783203,214.2416358380734,192.26965871759066,4.873167398879551,25.99562141013297,0.0,0.0,0.0,0.0,0.0
2020-10-22 04:00:00,205.18875122070312,206.3059296091729,202.14276202063672,204.27208418481786,22351500,208.04471588134766,203.81423645019532,202.92737487792968,179.4642830657959,205.85609766358797,204.42501344368003,201.68387053378564,52.20594828874799,1.776272451637567,1.7478744646416318,0.02839798699593521,4.3611226617357834,203.81423645019532,213.9234296781097,193.70504322228095,4.698562700755316,25.773998288707155,0.0,0.0,0.0,0.0,0.0
2020-10-23 04:00:00,206.46827697753906,206.51602263791943,203.53687992528793,205.32245397806003,18879600,208.08482360839844,204.21575393676758,203.08078826904296,179.7288697052002,205.96740299339723,204.6196099707142,201.8714943158936,53.95929953273155,1.716083034687756,1.7415161786508568,-0.025433143963100813,3.0501024781182995,204.21575393676758,214.06028109698178,194.37122677655339,4.62353834369956,24.731190714705782,0.0,0.0,0.0,0.0,0.0
2020-10-26 04:00:00,200.5959014892578,206.57328739211215,198.70529303319933,204.19570822507853,37111600,207.0039321899414,204.24630966186524,203.11294372558595,179.96764678955077,204.99076635628097,204.23639963914692,201.82147106779027,45.67714231896143,1.1809179763634745,1.6293965381933806,-0.4484785618299061,-0.2374418537235523,204.24630966186524,214.03920153792026,194.45341778581022,4.806325314375264,26.876614609729927,0.0,0.0,0.0,0.0,0.0
2020-10-27 04:00:00,203.62281799316406,204.97871027314426,200.83464328884742,202.03775528011514,36700300,206.08632049560546,204.53229141235352,203.17934692382812,180.2123696899414,204.7420484720779,204.17796329191046,201.8921121236873,49.94215768522791,0.9896347831005983,1.501444187174824,-0.5118094040742258,-1.1862061101147625,204.53229141235352,213.8686521169052,195.19593070780184,4.83292811007592,27.053925130797253,0.0,0.0,0.0,0.0,0.0
2020-10-28 04:00:00,193.52993774414062,199.41184601487325,192.97613485643993,198.29466779808226,51195600,204.35039215087892,204.16705627441405,203.02084014892577,180.4120751953125,202.7034828851802,203.16386562069428,201.56418371664626,38.958646142237484,0.023361095772003182,1.20582756889426,-1.1824664731222567,-8.455284177284906,204.16705627441405,214.6175156256768,193.71659692315131,5.397660568021375,32.06078195421244,0.0,0.0,0.0,0.0,0.0
2020-10-29 04:00:00,195.4778594970703,197.99867537575767,194.1887997967496,194.8572097568725,31432600,202.92383880615233,203.79752502441406,202.9257357788086,180.61654693603515,201.3897331782511,202.431865037492,201.32550433548641,41.62690347541669,-0.5785673923089689,0.8489485766536141,-1.4275159689625831,-8.139643858941259,203.79752502441406,214.94101274433217,192.65403730449594,5.35674099757109,32.05778027839809,0.0,0.0,0.0,0.0,0.0
2020-10-30 04:00:00,193.3294677734375,195.06729607017297,190.60812555077848,194.31296712943194,36953700,201.2824462890625,203.61992263793945,202.69447021484376,180.79611389160155,199.9242303773759,201.564970059963,201.0119342742296,39.57232934436624,-1.2149521014677873,0.43616844102933394,-1.6511205424971211,-8.326529596328324,203.61992263793945,215.326514986146,191.9133302897329,5.155538790970839,30.56270981326564,0.0,0.0,0.0,0.0,0.0
2020-11-02 05:00:00,193.19577026367188,196.01258896348594,191.0855347795148,195.0672774818165,30842200,200.147119140625,203.23559341430663,202.49032287597657,180.97060745239258,198.70087399306604,200.7679034126972,200.70541803852146,39.44186265053628,-1.7103638304884043,0.0068619867257863065,-1.7172258172141905,-7.889460758869127,203.23559341430663,215.79429718245862,190.67688964615465,5.181455574710556,29.53583580668127,0.0,0.0,0.0,0.0,0.0
2020-11-03 05:00:00,197.1106719970703,198.72437896176254,193.95010489814203,194.6853471835195,27512000,199.3622268676758,203.2604187011719,202.35167846679687,181.16751762390138,198.41174635743045,200.41959565882797,200.56444760552338,45.14491270453363,-1.7667157439458379,-0.34785355940853857,-1.4188621845372993,-6.022941066190457,203.2604187011719,215.7658615625317,190.75497583981206,5.229198539375267,29.582977123562078,0.0,0.0,0.0,0.0,0.0
2020-11-04 05:00:00,206.62100219726562,208.46387929331624,202.83022797821783,204.3580012836507,42311800,199.51404571533203,203.5736099243164,202.3501513671875,181.41576889038086,199.90433832830956,201.01020580534583,200.80195955029757,55.98824516505203,-1.0320737713519463,-0.4846976017972201,-0.5473761695547262,1.0129406774590954,203.5736099243164,216.0866508604701,191.06056898816271,5.709352150215482,33.58440866428246,0.0,0.0,0.0,0.0,0.0
2020-11-05 05:00:00,213.20953369140625,214.00206496769775,211.16614488901527,212.0159651252917,36080100,200.31612396240234,204.180419921875,202.39101959228515,181.6921312713623,202.3234647579635,202.1720465563992,201.28853108524302,61.64475263218637,0.0808428080915462,-0.37158951981946686,0.45243232791101307,4.025153824025662,204.180419921875,217.34314398298633,191.01769586076367,6.03400626693145,35.25038341325137,0.0,0.0,0.0,0.0,0.0
2020-11-06 05:00:00,213.62013244628906,214.23123897961761,208.18700591079525,212.2260379268585,25231900,201.03130950927735,204.55806655883788,202.33640228271486,181.97850410461425,204.37740433765904,203.26234045067446,201.77212329548013,61.97276342312583,0.9846190281807594,-0.1003478102194216,1.084966838400181,4.152706913706372,204.55806655883788,218.36628754494285,190.7498455727329,5.880547361288789,34.308159918190775,0.0,0.0,0.0,0.0,0.0
2020-11-09 05:00:00,208.53074645996094,217.82147990831737,208.04377574015598,214.3076211153665,44395000,201.82479400634764,204.41436309814452,202.13550048828125,182.25250312805176,205.13255745080482,203.76409340393985,202.03716734114604,55.623096423908244,1.275494175743745,0.17482058697321173,1.1006735887705332,1.6287419360835775,204.41436309814452,217.98025912082335,190.8484670754657,6.287042106727299,34.25845566110624,0.0,0.0,0.0,0.0,0.0
2020-11-10 05:00:00,201.48388671875,206.72604431159402,200.25213055602137,204.81633489532064,44045100,201.61090087890625,203.84861068725587,201.8582113647461,182.47620544433593,204.46916277224938,203.54693086249318,202.01547006183642,48.25128977862492,0.9267096062934286,0.3251983908372551,0.6015112154561735,-2.4141191720853494,203.84861068725587,216.8752588553673,190.82196251914445,6.6191967320187945,36.10485657947038,0.0,0.0,0.0,0.0,0.0
2020-11-11 05:00:00,206.77381896972656,208.19654335969426,202.62019457864048,202.80161932982716,29440800,202.93528900146484,203.64284057617186,201.65349182128907,182.7141368865967,204.88819117179068,203.85425353937256,202.2020719797929,53.259174449681886,1.0648734467587815,0.4731334020215604,0.5917400447372211,3.0797825053268113,203.64284057617186,216.32672377956482,190.9589573727789,6.801303092905087,37.40679044141903,0.0,0.0,0.0,0.0,0.0
2020-11-12 05:00:00,205.7139434814453,209.21825924150826,204.77818975222849,207.40404074630203,21593900,203.95889739990236,203.44136810302734,201.34392852783202,182.92431770324708,205.03832795536422,204.031366867189,202.3397924308381,52.1698339138061,1.0764376879812119,0.5937942592134907,0.48264342876772115,1.0269602930018662,203.44136810302734,215.8420908935582,191.04064531249648,6.905655005522822,37.40181034208137,0.0,0.0,0.0,0.0,0.0
2020-11-13 05:00:00,206.73558044433594,207.6045016953903,204.4916806999845,206.59235807105273,18621100,205.29950866699218,203.29097747802734,201.3288409423828,183.15168518066406,205.34691931699544,204.2889110173935,202.5121762745047,53.164261221367425,1.1547290000757187,0.7059812073859364,0.44874779268978227,6.82356582869057,203.29097747802734,215.4403038033272,191.1416511527275,6.565999765272319,37.45573458706835,0.0,0.0,0.0,0.0,0.0
2020-11-16 05:00:00,207.423095703125,207.91008095610752,204.83544745934216,205.1696378838174,24953300,206.7222412109375,203.43468017578124,201.38575073242188,183.36283294677733,205.72440593265534,204.587404796987,202.7047613501369,53.85948405390617,1.2577535643827673,0.8163356787853027,0.44141788559746464,6.110787296723852,203.43468017578124,215.71395483518677,191.1554055163757,6.472558673335099,36.348654488425055,0.0,0.0,0.0,0.0,0.0
2020-11-17 05:00:00,204.7781524658203,207.85277130198583,204.41530300487557,206.34411364526463,24154100,207.4889892578125,203.42560806274415,201.61109649658204,183.53356819152833,205.55235984777624,204.6055712416378,202.78607080565388,50.73909959736561,1.1131448187485091,0.875697506777944,0.23744731197056512,5.921851864713923,203.42560806274415,215.700406306193,191.1508098192953,5.957614756219821,36.66772239694371,0.0,0.0,0.0,0.0,0.0
2020-11-18 05:00:00,202.07839965820312,205.99397625190795,201.93478771122201,204.53879324931168,28372800,207.03472900390625,203.27438735961914,201.61764038085937,183.6918466949463,204.9207307223993,204.36488823369166,202.75831899594994,47.70123857540987,0.771797061091263,0.8549174176406078,-0.0831203565493448,4.597734920598073,203.27438735961914,215.53669837433443,191.01207634490385,5.928361249724743,36.97302448112884,0.0,0.0,0.0,0.0,0.0
2020-11-19 05:00:00,203.36126708984375,203.94525399369454,200.9774488217173,202.3656247103316,24792700,206.04990234375,203.18301315307616,201.7628952026367,183.83887191772462,204.63719188011646,204.26930526761092,202.7819640192399,49.25596022427555,0.5979009542132872,0.8035141249551437,-0.2056131707418566,3.1711094226629877,203.18301315307616,215.41245186666794,190.95357443948438,5.792509194416557,37.05206071534137,0.0,0.0,0.0,0.0,0.0
2020-11-20 05:00:00,201.41783142089844,204.1941538861214,201.04446371546402,203.15064088991645,22843100,204.82967224121094,202.93049087524415,201.89487182617188,183.97494857788087,204.0518536148041,203.99773632982877,202.7284686232265,46.97758623660445,0.29981197433076545,0.7027736948302681,-0.40296172049950263,-2.5182196974340543,202.93049087524415,215.08262840929117,190.77835334119712,5.6655546220370026,37.11293157389633,0.0,0.0,0.0,0.0,0.0
2020-11-23 05:00:00,201.14976501464844,203.2367909210462,199.28292656441394,201.9539393304308,25683500,204.0915740966797,202.95818405151368,201.99513244628906,184.0869017791748,203.5242011420485,203.72650096647828,202.66655867779207,46.65700361635031,0.04146560185211001,0.5705120762346364,-0.5290464743825264,-5.656298978737418,202.95818405151368,215.0904286940882,190.82593940893918,5.553072883361403,35.67166953607991,0.0,0.0,0.0,0.0,0.0
2020-11-24 05:00:00,204.73980712890625,205.11317475066406,199.9530352560786,200.65189985925227,33979700,204.41716613769532,203.01403350830077,202.10283660888672,184.2369832611084,203.74522041238623,203.82300631528094,202.7478625386201,51.43668988598398,0.12497005871870215,0.4814036727314496,-0.3564336140127474,-4.1570638570854745,203.01403350830077,215.169422346582,190.85864467001954,5.110710897528512,35.83558693410614,0.0,0.0,0.0,0.0,0.0
2020-11-25 05:00:00,204.7494354248047,206.10887728216528,203.39957646316228,205.93656045611112,21012900,204.21472778320313,203.57500839233398,202.2819662475586,184.38583404541015,203.92780496009865,203.9112376590451,202.8263555929803,51.44925459556356,0.18973768746116093,0.42307047567739187,-0.23333278821623094,-1.813311034151155,203.57500839233398,214.89428594538546,192.2557308392825,4.7770136152835745,30.58137939955993,0.0,0.0,0.0,0.0,0.0
2020-11-27 05:00:00,206.05145263671875,207.0471097276896,204.91219818073947,205.68766777600618,14512200,204.24847869873048,204.10368804931642,202.5280032348633,184.54593116760253,204.3139227194841,204.11506765691877,202.95282998685238,53.21216055119239,0.3421839241788689,0.40689316537768727,-0.06470924119881838,2.26696337476584,204.10368804931642,214.80122955540335,193.40614654322948,4.50940227485947,30.4959387029996,0.0,0.0,0.0,0.0,0.0
2020-11-30 05:00:00,204.94093322753906,205.60149571776424,201.84866694443141,204.96965270067608,33064800,204.0690139770508,204.68426132202148,202.79995513916015,184.69270774841308,204.42792463003954,204.19372152078736,203.03079481982047,51.494688074516176,0.3691338841321965,0.3993413091285891,-0.030207424996392618,-0.8864206074637782,204.68426132202148,214.10376486508352,195.26475777895945,4.111193812297038,30.223324613275665,0.0,0.0,0.0,0.0,0.0
2020-12-01 05:00:00,206.9896697998047,208.05233412004736,204.25163472473366,205.36215509436963,30904500,204.02567138671876,205.37395629882812,203.0718228149414,184.8408233642578,204.89369647908774,204.46000230926518,203.18604481903554,54.417631636855454,0.5494738484458139,0.4293678169920341,0.12010603145377985,0.6201457697856183,205.37395629882812,213.12358272745243,197.6243298702038,3.7913426331094757,30.28395831685359,0.0,0.0,0.0,0.0,0.0
2020-12-02 05:00:00,206.18548583984375,206.28122715714795,203.7250917523255,205.7163913660457,23724500,204.1664047241211,205.82769699096679,203.23441284179688,184.9822582244873,205.12856727195248,204.62433407408218,203.30366995710645,53.06586918156937,0.6203526060343165,0.4675647748004906,0.15278783123382594,-0.26608608122020705,205.82769699096679,212.5324238687286,199.12297011320496,3.5450513050048267,29.732422777197176,0.0,0.0,0.0,0.0,0.0
2020-12-03 05:00:00,205.10369873046875,207.1524374293288,204.53884829324855,205.45791533381825,25120900,204.46893463134765,205.75183181762696,203.50580078125,185.13186798095703,205.12404571895541,204.66998785088091,203.37425932076775,51.22258082948694,0.5825184432143544,0.49055550848326335,0.09196293473109107,-1.118196102894875,205.75183181762696,212.45309959620374,199.0505640390502,3.414588422633433,24.377227197105437,0.0,0.0,0.0,0.0,0.0
2020-12-04 05:00:00,205.21856689453125,206.19507283978558,204.08888068177146,205.08453781248255,24666000,204.6546646118164,205.3522834777832,203.72983276367188,185.30974159240722,205.14123138724193,204.7222334740857,203.44658510797416,51.41556324145959,0.5554011783864325,0.5035246424638972,0.05187653592253538,0.21506905077897098,205.3522834777832,211.06067948188857,199.64388747367784,3.342686362819742,21.231913807431386,0.0,0.0,0.0,0.0,0.0
2020-12-07 05:00:00,205.15155029296875,206.3482437733022,203.90700075988175,205.22814042867907,24620000,205.02803649902344,204.9288543701172,203.86410522460938,185.52385177612305,205.14310755191954,204.7631207901698,203.51344648777788,51.28807131477649,0.522480046235529,0.5073157232182236,0.015164323017305414,1.520771462938919,204.9288543701172,209.10597504865567,200.75173369157872,3.2974441854379615,21.194190589951454,0.0,0.0,0.0,0.0,0.0
2020-12-08 05:00:00,206.7981719970703,207.69808770235701,203.8112301736273,204.84517494514358,23284100,205.59287719726564,204.84222564697265,204.00037292480468,185.7595886993408,205.44402836012875,204.956935190827,203.64225925284816,54.28737451048536,0.6220873858036384,0.5302700557353066,0.09181733006833181,1.6900489244631611,204.84222564697265,208.76919669278783,200.91525460115747,3.329543416267922,19.801015118134714,0.0,0.0,0.0,0.0,0.0
2020-12-09 05:00:00,202.76773071289062,206.0514503597692,202.2028949393342,205.984443126197,32440600,205.39566955566406,204.9064178466797,204.09766387939453,185.96519950866698,204.9574287879036,204.74843952626165,203.6079640159871,46.706702619671155,0.37152132563548435,0.49852030971534217,-0.12699898407985782,0.6701985035134861,204.9064178466797,208.63942590930827,201.1734097840511,3.3678354532000787,17.057093172781364,0.0,0.0,0.0,0.0,0.0
2020-12-10 05:00:00,201.5422821044922,203.99310739268265,201.38910187196254,202.73897528099698,26733300,205.0749542236328,204.64484100341798,204.11181671142577,186.2216298675537,204.33649302728332,204.44309120037883,203.526956882203,44.664501364273974,0.07321843992625077,0.41345993575752393,-0.34024149583127317,0.19513673795004127,204.64484100341798,208.55581563274077,200.7338663740952,3.3418497638245697,14.164573448273906,0.0,0.0,0.0,0.0,0.0
2020-12-11 05:00:00,204.16542053222656,204.2228740744468,200.19240510079857,201.09232069066263,30979400,204.8863510131836,204.56741485595703,204.1377554321289,186.4729852294922,204.305388937273,204.41664637484052,203.55199467239999,49.731237785484886,0.047924162566744144,0.340352781119368,-0.29242861855262386,-0.28054466043236914,204.56741485595703,208.45048607212473,200.68434363978932,3.404762535466773,14.947085131502877,0.0,0.0,0.0,0.0,0.0
2020-12-14 05:00:00,205.06533813476562,206.9896300960847,203.80163774686156,204.01225691285737,28798400,204.89879150390624,204.48390274047853,204.30143188476563,186.67764022827149,204.44356151863528,204.47842654245244,203.61134147484572,51.376140190262255,0.0993488632703361,0.2921519975495616,-0.19280313427922552,0.1542874632623592,204.48390274047853,208.24041708046556,200.7273884004915,3.3500573920804078,14.922103414902066,0.0,0.0,0.0,0.0,0.0
2020-12-15 05:00:00,204.99832153320312,206.23330239723967,203.18892213217688,205.99396377483902,27000600,204.69965667724608,204.36266403198243,204.38375122070312,186.921286239624,204.54442697582942,204.52794035109537,203.66573284968325,51.24166890762503,0.1331606364801985,0.260353725335689,-0.12719308885549052,-0.5111010332804367,204.36266403198243,207.8678765375876,200.85745152637728,3.1989317328287887,14.858528196828413,0.0,0.0,0.0,0.0,0.0
2020-12-16 05:00:00,209.9287109375,210.72331699112576,205.56317639407263,205.59189586280007,35023300,205.07397918701173,204.6201919555664,204.65004211425781,187.16089698791504,205.52338769613314,205.04229945456245,203.9113398335192,59.61617222784518,0.5514412587226332,0.31857123201307785,0.2328700267095553,2.4337635392843504,204.6201919555664,208.92056598476185,200.31981792637097,3.414338492751619,16.50089740018286,0.0,0.0,0.0,0.0,0.0
2020-12-17 05:00:00,210.062744140625,211.47005656833366,208.62671224362202,210.49355078811152,32515800,205.56988372802735,205.0194091796875,204.8441534423828,187.4215058898926,206.3487252314953,205.52043704371127,204.15257137497434,59.818220551238404,0.8835618734499633,0.43156936030045495,0.45199251314950833,1.4846510667863244,205.0194091796875,209.78366110905074,200.25515725032426,3.4533149228821003,15.59708921145223,0.0,0.0,0.0,0.0,0.0
2020-12-18 05:00:00,209.26817321777344,210.3212692956712,206.80777908388407,209.26817321777344,63354900,205.97484436035157,205.31475448608398,205.0080502319336,187.70046478271485,206.87953395627315,205.87736429838387,204.35318321194686,57.96668857681064,1.0703166760607132,0.5593188234525066,0.5109978526082066,1.4951039668835708,205.31475448608398,210.3696935357786,200.25981543638937,3.404079531417799,15.635715803666203,0.0,0.0,0.0,0.0,0.0
2020-12-21 05:00:00,213.0975799560547,214.44745359399022,208.01402881752463,208.27251867774226,37181900,206.76944732666016,205.89874191284179,205.14865783691405,188.05057807922364,208.01008777441524,206.5650038848287,204.69610073132364,63.78468564898423,1.509916940122224,0.7494384467864501,0.760478493335774,3.8974827246245125,205.89874191284179,211.70145413548616,200.0960296901974,3.5921313443572194,16.14633375392478,0.0,0.0,0.0,0.0,0.0
2020-12-22 05:00:00,214.3900146484375,216.00794643471485,212.38914682397282,213.19332126901028,22612200,207.52863159179688,206.56075439453124,205.20836181640624,188.3582331085205,209.1700744787829,207.3102430051724,205.0762542182693,65.51935637745414,1.940226274148273,0.9875960122588148,0.9526302618894582,4.469112075331738,206.56075439453124,213.0613324899878,200.0601762990747,3.61743288459028,16.104409160917456,0.0,0.0,0.0,0.0,0.0
2020-12-23 05:00:00,211.59451293945312,214.0261871402473,211.38389376362787,213.59538050172162,18699600,208.41130981445312,206.9034896850586,205.18427337646483,188.68653480529784,209.61088147163204,207.71826871319914,205.33187220733532,58.942897481783156,2.0322493906981265,1.1965266879466772,0.8357227027514493,3.140586867261508,206.9034896850586,213.7151936304562,200.09178573966096,3.645470866642378,16.12089046130575,0.0,0.0,0.0,0.0,0.0
2020-12-24 05:00:00,213.25071716308594,214.07404262624266,211.76681475055022,211.9774339114557,10550600,209.5821533203125,207.32855377197265,205.23150329589845,189.0923181915283,210.2726697791691,208.24516856556932,205.64241514677653,61.41400156842022,2.213306592265468,1.3998826688104353,0.8134239234550327,3.120213831535734,207.32855377197265,214.61849612797627,200.03861141596903,3.6721378329834784,16.251318087631017,0.0,0.0,0.0,0.0,0.0
2020-12-28 05:00:00,215.36651611328125,216.3908780288352,213.5092456892616,214.8782558753354,17933500,210.70226287841797,207.79430694580077,205.34396575927735,189.41478240966796,211.19882365809855,208.92339214154188,206.02375243958065,64.36472213809134,2.4987193406057315,1.6196500031694947,0.8790693374362368,6.213407506261381,207.79430694580077,215.88679617045347,199.70181772114807,3.7220605367212523,16.423850058431828,0.0,0.0,0.0,0.0,0.0
2020-12-29 05:00:00,214.591064453125,217.49184821866578,214.04537983398163,216.65895424878013,17403200,211.65483551025392,208.27681350708008,205.44091918945313,189.84455604553222,211.81559471173972,209.46317045693075,206.35972545971964,62.478916847082225,2.6319984914512133,1.8221197008258385,0.8098787906253748,6.474463925077267,208.27681350708008,216.79265302988838,199.76097398427177,3.690604169289427,16.325264635810736,0.0,0.0,0.0,0.0,0.0
2020-12-30 05:00:00,212.2263946533203,216.00795761448887,212.0253583356928,215.62500694840796,20272300,212.3776428222656,208.53864974975585,205.5944662475586,190.20954879760743,211.8902856102089,209.72633466611072,206.5897909182922,56.99505406538362,2.5177905658733835,1.9612538738353475,0.5565366920380359,3.9482563208206756,208.53864974975585,217.2084888321519,199.8688106673598,3.646841470793709,16.719914997410587,0.0,0.0,0.0,0.0,0.0
2020-12-31 05:00:00,212.93484497070312,213.49011248709138,210.31168765702222,212.24554837160557,20942100,212.67825622558593,208.87611770629883,205.7539712524414,190.6073885345459,212.08020549393513,210.0319070760719,206.83861656740638,58.17936910726555,2.4561332071534707,2.0602297404989725,0.39590346665449827,3.8375607050499028,208.87611770629883,217.6846121800195,200.06762323257814,3.6878714214614985,16.618956297704393,0.0,0.0,0.0,0.0,0.0
2021-01-04 05:00:00,208.40652465820312,213.4900752334204,205.64933874293737,213.04011740396882,37130100,212.51263427734375,209.04125900268554,205.8200454711914,190.97161514282226,211.412263523802,209.87710875056058,206.90010315920233,48.90804854658171,2.018602508502255,2.051904294099629,-0.03330178559737407,1.6625517221359187,209.04125900268554,217.674053518711,200.40846448666008,3.9600333869496995,18.381775320096335,0.0,0.0,0.0,0.0,0.0
2021-01-05 05:00:00,208.60757446289062,209.2011442852732,206.5013971335944,207.9948680651304,23823000,212.44657440185546,209.21070938110353,205.88842193603514,191.3623045349121,210.90232005818174,209.75620072316343,206.96706281817052,49.29439749721995,1.6688419454485484,1.9752918243694129,-0.3064498789208645,-0.6293262454237114,209.21070938110353,217.65863356340395,200.7627851988031,3.9251587299822455,18.381452691345885,0.0,0.0,0.0,0.0,0.0
2021-01-06 05:00:00,203.19854736328125,207.25773679566413,202.90176972562557,203.1219572296807,35930700,211.45667114257813,209.11305923461913,205.82302734375,191.73245582580566,209.50163411365438,209.13166230793655,206.81927789837096,40.435323097611494,0.9443055311732564,1.7690945657301815,-0.8247890345569251,-3.2676888067065146,209.11305923461913,217.800301760065,200.42581670917326,4.115260477996693,20.704703944826523,0.0,0.0,0.0,0.0,0.0
2021-01-07 05:00:00,208.98095703125,209.98618241670528,204.5962852345555,204.91219943951467,27694500,210.91576538085937,209.22219848632812,205.99072845458986,192.0728148651123,209.40696555321722,209.1173094244426,206.9040496290721,50.646642722445236,0.8271623250556672,1.5807081175952786,-0.7535457925396114,-0.13724790640980977,209.22219848632812,217.8415694286929,200.60282754396334,4.191163306246793,22.95493984938997,0.0,0.0,0.0,0.0,0.0
2021-01-08 05:00:00,210.25418090820312,211.17324761332173,207.77463637361797,209.35426538246,22956200,210.78173217773437,209.59652099609374,206.12335571289063,192.4262843322754,209.56100470866917,209.22558289908645,207.03542732629293,52.57454572723347,0.8275248252611505,1.430071459128453,-0.6025466338673025,-1.3343178502721265,209.59652099609374,217.66852426932164,201.52451772286585,4.230825228746231,21.746153222123276,0.0,0.0,0.0,0.0,0.0
2021-01-11 05:00:00,208.21510314941406,209.57454522836616,207.48750414372483,209.15330677414084,23031300,210.27817077636718,209.93016204833984,206.4170590209961,192.72591011047362,209.31629533425914,209.12934673245098,207.08168912327807,49.25604646071968,0.6557168794189181,1.275200543186546,-0.619483663767628,-2.880223460569853,209.93016204833984,217.10186226683044,202.75846182984924,4.177481411081315,21.960921247994467,0.0,0.0,0.0,0.0,0.0
2021-01-12 05:00:00,205.7642059326172,207.84167815630275,204.22287913451353,207.26725958443384,23249300,209.31793975830078,210.01010131835938,206.62278594970704,193.04372596740723,208.67046089759697,208.8088571324668,207.03002311580116,45.53561428842108,0.31812378912090367,1.0837851923734176,-0.765661403252514,-2.7554150274701428,210.01010131835938,216.94291025749595,203.0772923792228,4.003109928112382,22.032500584321145,0.0,0.0,0.0,0.0,0.0
2021-01-13 05:00:00,207.1140899658203,207.51617714350778,204.80686188159456,204.8930348974412,20087100,208.57024230957032,210.1125389099121,206.89847839355468,193.3182787322998,208.38748436454665,208.64745073564333,207.03331985501762,47.871054872537385,0.15768549265723664,0.8985652524301815,-0.7408797597729448,-2.8776584102048197,210.1125389099121,216.79369179805735,203.43138602176685,3.9381467603388955,22.096534000803324,0.0,0.0,0.0,0.0,0.0
2021-01-14 05:00:00,203.93568420410156,208.1863410325463,203.66762608051243,206.70243845748877,29480800,207.74117126464844,210.05940704345704,207.11327667236327,193.58890838623046,207.57806615355662,208.1987110659727,206.91184394713858,43.1764337988188,-0.22335905100734976,0.6741803917426753,-0.8975394427500251,-5.307617969344481,210.05940704345704,216.926129595331,203.1926844915831,4.046189193712054,22.810721218881227,0.0,0.0,0.0,0.0,0.0
2021-01-15 05:00:00,203.58143615722656,205.36211617781012,202.98788101972235,204.41434453670772,31746500,206.8058303833008,209.74204330444337,207.2426919555664,193.88436416625976,206.85140615422387,207.75897059847307,206.78123972008322,42.67412020532325,-0.5476119245578559,0.42982192848256906,-0.977433853040425,-5.130515720193641,209.74204330444337,217.19581739398166,202.28826921490509,4.038668155947643,20.940193025676603,0.0,0.0,0.0,0.0,0.0
2021-01-19 05:00:00,207.20980834960938,207.72677334714928,203.56229007653778,204.63452243177323,30480900,206.6861587524414,209.5993965148926,207.2544680786133,194.18300048828124,206.91657018974848,207.70666943191463,206.79804633300583,49.193901894314145,-0.5059728110007029,0.2426629805859147,-0.7486357915866176,-2.3637900044929494,209.5993965148926,217.13606416541666,202.06272886436852,4.111834042009231,22.02782390477503,0.0,0.0,0.0,0.0,0.0
2021-01-20 05:00:00,214.77294921875,216.16111060778343,208.0235956832945,208.4161146150016,37777300,207.30269622802734,209.8746353149414,207.28573638916015,194.52624458312988,208.34500274047602,208.37964845923227,207.11078762264287,59.526852398170846,0.13574397477751177,0.2212791794242341,-0.08553520464672235,0.863223794254897,209.8746353149414,217.75462018427837,201.99465044560444,4.505036461544224,25.604503542250818,0.0,0.0,0.0,0.0,0.0
2021-01-21 05:00:00,215.3760986328125,216.64938219947808,212.93484110598976,215.11760876082386,30709400,208.52045135498048,209.9885612487793,207.32085571289062,194.81816986083984,209.62338381180993,209.0459770471923,207.43491746617894,60.2216568627883,0.6850810795742177,0.3140395594542309,0.3710415201199868,3.344220621710292,209.9885612487793,218.12640541473868,201.8507170828199,4.485889448307956,24.82894180497778,0.0,0.0,0.0,0.0,0.0
2021-01-22 05:00:00,216.31427001953125,220.25858092455158,216.17067267204894,217.39608539747118,30172700,209.2537826538086,210.08477401733398,207.47652618408202,195.1232398223877,210.83990857685015,209.7381954255103,207.783127370232,61.33357196822732,1.1825060890583359,0.4877328653750519,0.694773223683284,3.6943507811177723,210.08477401733398,218.48305796380257,201.6864900708654,4.607607838427236,24.786859567093277,0.0,0.0,0.0,0.0,0.0
2021-01-25 05:00:00,219.74156188964844,219.98090049795485,214.6580121865111,219.34904306608925,33152100,210.20252075195313,210.49212646484375,207.8416796875,195.43765724182128,212.45839099735892,210.69089699352347,208.2520855866797,65.1644728715971,1.832152885682774,0.7566168694365963,1.0755360162461778,8.141305506870268,210.49212646484375,219.9253108128809,201.0589421168066,4.427761539924431,24.805121339713335,0.0,0.0,0.0,0.0,0.0
2021-01-26 05:00:00,222.4222412109375,224.1933388163299,220.268192922811,221.97228328877176,49169600,211.62323455810548,210.95070266723633,208.1546481323242,195.76543045043945,214.27000012710045,211.80816787137243,208.80777796410158,67.8476995996943,2.5340995481474238,1.112113405178762,1.4219861429686618,6.431822483077987,210.95070266723633,221.74242040310617,200.1589849313665,4.552906523853194,24.989062028402657,0.0,0.0,0.0,0.0,0.0
2021-01-27 05:00:00,222.96788024902344,230.18634210552298,220.32558681486526,227.85039454682703,69870600,213.3436019897461,211.33077087402344,208.49972686767578,196.09417449951172,215.85143287654097,212.87099762162492,209.36307609292203,68.38155150129026,3.098705893023748,1.5094319027477594,1.5892739902759887,6.046823557040759,211.33077087402344,223.25345758409972,199.40808416394717,4.849688706238384,24.824041126647767,0.0,0.0,0.0,0.0,0.0
2021-01-28 05:00:00,228.74069213867188,232.29248358212058,225.06445454998635,225.5622829551426,49111200,215.50626220703126,212.0382522583008,208.9398291015625,196.4128840637207,218.19493456056477,214.38239709943892,210.12298260452008,73.41155548279924,3.966257614331596,2.0007970450645267,1.9654605692670692,9.857877108236845,212.0382522583008,226.23743624800377,197.8390682685978,5.030900726215036,26.13751037961252,0.0,0.0,0.0,0.0,0.0
2021-01-29 05:00:00,222.06802368164062,227.86959137607727,221.48403667498192,225.92616231957325,42503100,217.31949615478516,212.53033370971679,209.2327276611328,196.7068743133545,218.89913258257855,215.11436153583907,210.59141558793658,61.27704149914854,4.068471221469622,2.414331880345546,1.654139341124076,7.923544172868691,212.53033370971679,227.4222103898748,197.63845702955877,5.30647531364262,28.173727546793376,0.0,0.0,0.0,0.0,0.0
2021-02-01 05:00:00,229.4300537109375,232.15852051694344,222.51795143659126,225.03579903471945,33314200,219.90435791015625,213.3550941467285,209.72576568603515,197.01316734313966,220.81384551500742,216.47776079061032,211.3301857104072,67.63375941221031,4.689473209781312,2.869360146232699,1.8201130635486127,10.774720227291134,213.3550941467285,230.05826288934864,196.65192540410837,5.829605318701515,30.216403592327335,0.0,0.0,0.0,0.0,0.0
2021-02-02 05:00:00,229.29600524902344,231.9766011706054,228.51098203808783,231.00967824023755,25916300,222.11297760009765,214.39956817626953,210.27011779785155,197.31138076782227,222.35605637573758,217.69854597712586,212.03472765309803,67.41674871269377,5.111878614376735,3.3178638398615066,1.7940147745152286,12.435450492097754,214.39956817626953,232.3646574536306,196.43447889890845,5.791990684245588,28.789076080484016,0.0,0.0,0.0,0.0,0.0
2021-02-03 05:00:00,232.63717651367188,234.63804419667926,229.05666491665414,229.3534571245512,27158100,223.89940032958984,215.6010482788086,210.85563598632814,197.6431135559082,224.22535094627108,219.12127269489216,212.84266682410092,70.00051377498154,5.651100173397765,3.7845111065687584,1.8665890668290066,14.272293635852673,215.6010482788086,235.0850667419307,196.11702981568652,5.997138114110724,28.94441479343734,0.0,0.0,0.0,0.0,0.0
2021-02-04 05:00:00,231.68939208984375,232.86694881954378,230.11933105831628,232.31168137316456,25296100,225.53072967529297,217.0255905151367,211.46106719970703,198.0044938659668,225.58244933601154,220.3182364467923,213.58175408942415,68.34489554213854,5.933560470178406,4.214320979290688,1.719239490887718,11.813911674939547,217.0255905151367,236.85462026791842,197.196560762355,5.8706311719102695,26.740235757537274,0.0,0.0,0.0,0.0,0.0
2021-02-05 05:00:00,231.87132263183594,232.9052675375618,230.1672323079751,231.9000421063221,18054800,227.08643493652343,218.17010879516602,212.07549835205077,198.33971145629883,226.72588084434324,221.4185303691774,214.29899207147955,68.49891133843569,6.101755327471153,4.5918078489267815,1.5099474785443716,7.961139182230514,218.17010879516602,238.67497698105697,197.66524060927506,5.89661689130305,25.53308945266795,0.0,0.0,0.0,0.0,0.0
2021-02-08 05:00:00,232.12977600097656,233.2881669112596,230.5405638250113,232.78077013104104,22211900,228.32525634765625,219.26388854980468,212.62329772949218,198.68619522094727,227.70840723645838,222.43864900077733,214.99823850008727,68.73166022130027,6.184613614598078,4.91036900206104,1.2742446125370375,7.7788006536077425,219.26388854980468,240.31729933948733,198.21047776012202,5.795411163848535,25.57454836510709,0.0,0.0,0.0,0.0,0.0
2021-02-09 05:00:00,233.37432861328125,234.3221002924528,231.08625176555742,231.55534615768994,23565000,229.42046508789062,220.52184982299804,213.19579559326172,199.02403587341308,228.7385747595171,223.4801422972063,215.71886948491843,69.88552031156894,6.27833169905972,5.183961541460777,1.0943701575989433,7.886700490083087,220.52184982299804,241.80094028431748,199.2427593616786,5.387164468757201,24.97164314256872,0.0,0.0,0.0,0.0,0.0
2021-02-10 05:00:00,232.46484375,235.43263415280472,230.61714183329966,234.55186970118112,22186700,230.3701614379883,221.85688171386718,213.72406341552735,199.35970375061035,229.41607821233214,224.3358281498533,216.37557435805888,67.91323541653281,6.207658110053586,5.388700855179339,0.8189572548742472,5.790111688903465,221.85688171386718,242.58062542840196,201.1331379993324,5.465803842044112,24.38479556303951,0.0,0.0,0.0,0.0,0.0
2021-02-11 05:00:00,234.06362915039062,234.69547207814844,231.8234083059105,234.3412555541554,15751100,230.90245513916017,223.2043586730957,214.30651733398437,199.7235036468506,230.26108747379732,225.26228538799973,217.06922356560133,69.54059399374943,6.209082958469651,5.552777275837402,0.6563056826322491,5.233913603277118,223.2043586730957,243.38950313593438,203.01921421025702,5.322202519222602,24.385624600481552,0.0,0.0,0.0,0.0,0.0
2021-02-12 05:00:00,234.54229736328125,234.8390749376285,232.37866672281444,233.52748926560795,16561100,232.1498825073242,224.73468933105468,214.8575698852539,200.05350540161132,231.03948927188532,226.14609605231226,217.75444214590252,70.03067002287406,6.177624871408341,5.67774679495159,0.499878076456751,5.191069270305126,224.73468933105468,243.348600768067,206.12077789404236,5.1177396551776235,23.09018091319166,0.0,0.0,0.0,0.0,0.0
2021-02-16 05:00:00,233.30735778808594,235.6337375078981,232.5606222256955,234.58064140295025,26728500,232.53761291503906,226.22098541259766,215.40000732421876,200.36887840270995,231.4518290021036,226.82812097952882,218.3643604063803,67.03403932469394,5.984064240260295,5.7390102840133315,0.2450539562469638,1.9964378033120456,226.22098541259766,242.29723840609122,210.1447324191041,5.0192638234291325,23.302587929819655,0.0,0.0,0.0,0.0,0.0
2021-02-17 05:00:00,234.32444763183594,234.429999771811,231.1962886570467,231.56092598454555,21653500,233.04045715332032,227.57671737670898,215.9844223022461,200.71137466430665,231.9741232984186,227.54205685117714,218.99024617992762,68.23943988286774,5.8453550809960575,5.760279243409877,0.08507583758618065,5.5192205284657625,227.57671737670898,241.30413241626746,213.8493023371505,4.545903525151031,22.95608691762229,0.0,0.0,0.0,0.0,0.0
2021-02-18 05:00:00,233.9310302734375,234.06536803282074,231.1195276514465,232.0215160251843,16925600,233.1698425292969,228.53462142944335,216.5586715698242,201.03162338256837,232.32992456660384,228.15053051044003,219.57615928163392,67.21564046820528,5.638682359751556,5.735959866678213,-0.09727750692665715,1.9618077447564275,228.53462142944335,241.1269193869148,215.9423234719719,4.108783285671909,20.111030340695258,0.0,0.0,0.0,0.0,0.0
2021-02-19 05:00:00,231.22506713867188,233.99819366694103,230.4670068908638,233.89264153022282,25262600,233.1234100341797,229.32706985473632,217.08014190673828,201.32922325134277,232.12904139788893,228.44334352265258,220.0329791975962,60.49303201706459,5.196640492074408,5.628095991757452,-0.431455499683044,0.8412976438701536,229.32706985473632,240.3267888279515,218.32735088152114,3.8426783794138584,20.890182975752356,0.0,0.0,0.0,0.0,0.0
2021-02-22 05:00:00,225.02630615234375,228.30799807606732,223.0016349040027,227.81862797364326,36446900,232.43890838623048,229.76267166137694,217.44470458984375,201.5873750305176,230.83763498960798,228.117911392147,220.22879594091964,48.521065270541875,4.296602363308864,5.361797266067735,-1.0651949027588712,-3.271562385421589,229.76267166137694,239.1669177714549,220.35842555129898,3.70931662222574,23.512599307975023,0.0,0.0,0.0,0.0,0.0
2021-02-23 05:00:00,223.83648681640625,225.33339754887209,219.48007774451878,221.01537906288905,30228700,231.60957946777344,229.96741790771483,217.86607971191407,201.8345432281494,229.56469895811674,227.71015667064788,220.37027401446815,46.61411905127883,3.447565792739084,4.978950971402005,-1.5313851786629211,-3.389410798053427,229.96741790771483,238.59964477807856,221.3351910373511,3.8798666702140077,23.064158842823563,0.0,0.0,0.0,0.0,0.0
2021-02-24 05:00:00,225.06471252441406,225.68842042273627,219.73915368791364,220.70830363621744,26339700,230.77861785888672,230.09954147338868,218.3365283203125,202.0827230834961,228.74651960653443,227.4582096091018,220.55436964230915,48.84894920256009,2.84105582050708,4.55137194122302,-1.71031612071594,-2.935511830511861,230.09954147338868,238.31641198125578,221.88267096552158,3.906144345556687,22.75377911163556,0.0,0.0,0.0,0.0,0.0
2021-02-25 05:00:00,219.7295684814453,225.1030937109058,218.66445668933272,222.69460427185766,39542200,229.50509033203124,229.93762588500977,218.6478112792969,202.29444313049316,227.10707394742732,226.722148549325,220.52202449874585,40.84953977118074,1.9078977041282883,4.022677093804074,-2.1147793896757854,-5.34192886977114,229.93762588500977,238.8448314762132,221.03042029380634,4.169788578438514,24.32493988754581,0.0,0.0,0.0,0.0,0.0
2021-02-26 05:00:00,222.98251342773438,225.8515878901501,220.25735243847066,222.16688173220012,37819200,228.39697875976563,229.64971694946288,219.00615478515624,202.54251861572266,226.35715385293767,226.3659928234592,220.61851426066698,46.59231359203795,1.4145426775625083,3.501050210555761,-2.0865075329932528,-4.452852739757374,229.64971694946288,239.07689029548442,220.22254360344135,4.411501734089806,23.00492218327082,0.0,0.0,0.0,0.0,0.0
2021-03-01 05:00:00,227.35804748535156,227.86661288751642,223.7213085056627,226.36009733043844,25324000,227.67855377197264,229.91421813964843,219.4533493041992,202.82557998657228,226.53913451337655,226.4604742198299,220.88280968124286,53.17735573915967,1.3609362690081923,3.0730274222462475,-1.7120911532380552,-2.1968036896540144,229.91421813964843,238.72223536905116,221.1062009102457,4.5641086179136465,21.60644996529479,0.0,0.0,0.0,0.0,0.0
2021-03-02 05:00:00,224.41217041015625,227.7034670330312,224.00915718644586,227.4251865850806,22812500,226.78903503417968,229.66332397460937,219.74301849365236,203.0902077484131,226.1524137673365,226.26539766652766,221.02121598433752,48.81356832151381,1.0684289597946872,2.6721077297559357,-1.6036787699612485,-4.123433775365893,229.66332397460937,238.80881123763737,220.51783671158137,4.596855855034357,18.566531031487127,0.0,0.0,0.0,0.0,0.0
2021-03-03 05:00:00,218.35733032226562,224.1338818935704,218.06945957972223,222.77130933002672,34029500,225.19232330322265,229.11639022827148,219.90891021728515,203.31206985473634,224.73512586823267,225.51224839564557,220.91674987994256,41.31004471847318,0.3440735514361961,2.206500894091988,-1.862427342655792,-6.90066023185013,229.11639022827148,239.56926735458404,218.66351310195893,4.705942891529282,20.72006203998887,0.0,0.0,0.0,0.0,0.0
2021-03-04 05:00:00,217.56092834472656,223.08800061349675,215.19081513202866,217.57053331073425,44727800,223.55531311035156,228.36257781982422,220.07476531982422,203.5216381072998,223.4307263185043,224.75497981936758,220.7851490354243,40.42972621058754,-0.29089307783848994,1.7070220997058927,-1.9979151775443826,-6.7492211101468635,228.36257781982422,239.86786851462625,216.8572871250222,5.064880156474293,19.73118010093316,0.0,0.0,0.0,0.0,0.0
2021-03-05 05:00:00,222.2340087890625,223.8364715609729,217.30187304022164,220.23812306789688,41872800,222.6562072753906,227.88980865478516,220.25749389648436,203.76065132141113,223.21314131315123,224.5148873402909,220.84196706497875,47.49946700085519,-0.41227768837347867,1.2831621420900183,-1.695439830463497,-5.159700135843104,227.88980865478516,239.59484214583094,216.18477516373937,5.355893749755522,21.59047107667354,0.0,0.0,0.0,0.0,0.0
2021-03-08 05:00:00,218.1942596435547,223.93242202512073,217.9447794153884,222.0133028006234,35267400,221.9730026245117,227.2059555053711,220.33357879638672,203.9673684692383,222.30061737322458,223.91292279774459,220.7381354013935,42.773560537424885,-0.8249404610739361,0.8615416214572273,-1.6864820825311635,-6.727098415070632,227.2059555053711,239.51414881719947,214.89776219354272,5.564074273150502,22.30434031920772,0.0,0.0,0.0,0.0,0.0
2021-03-09 05:00:00,224.3258514404297,225.8611527209292,222.30118001460858,223.46225362122254,33080500,222.02193908691407,226.81575927734374,220.58820556640626,204.21536445617676,222.66884174908006,223.95224933514316,220.87883014802236,50.7784476515404,-0.6497208893811148,0.559289119289559,-1.2090100086706739,-2.983766329324733,226.81575927734374,238.9604235732043,214.67109498148318,5.88073012762266,24.865266448941583,0.0,0.0,0.0,0.0,0.0
2021-03-10 05:00:00,223.0208282470703,227.41561273111648,222.65619093371328,227.41561273111648,29746800,221.8175506591797,226.2980842590332,220.78360778808593,204.4564542388916,222.7328392941692,223.86354256485052,220.96283007347523,49.200974874452534,-0.6091407857942386,0.3256031382727996,-0.9347439240670381,-0.8912193154500425,226.2980842590332,238.14462990593444,214.45153861213197,5.991765971695072,24.767094932514585,0.0,0.0,0.0,0.0,0.0
2021-03-11 05:00:00,227.54034423828125,229.49783913564707,224.83437947593785,225.4581019231332,29907600,222.59862823486327,226.05185928344727,221.02708435058594,204.72938133239745,223.60693110218955,224.21371415279629,221.2207718054284,54.47552887545784,-0.20987429182423512,0.21850765225339266,-0.42838194407762775,1.654715669708029,226.05185928344727,237.55856040056858,214.54515816632596,6.202181979730751,25.99567373947521,0.0,0.0,0.0,0.0,0.0
2021-03-12 05:00:00,226.2161865234375,226.283362726676,223.79809211606153,224.54654746853438,22653700,222.9219955444336,225.65948715209962,221.25958679199218,204.9945447540283,224.08134117878006,224.40442580714307,221.41667042182092,52.7474471330673,-0.0002977476834189474,0.17474657226603035,-0.1750443199494493,0.5116190744022253,225.65948715209962,236.53368877647443,214.7852855277248,5.882097685984363,25.879520820346663,0.0,0.0,0.0,0.0,0.0
2021-03-15 04:00:00,225.31419372558594,225.67883106928048,222.4355148439166,225.4581364547002,26034900,222.71761016845704,225.19808197021484,221.5213427734375,205.25715110778808,224.3054961872902,224.4910703708043,221.56951447294898,51.54788778642118,0.09194995114737026,0.15818724804229833,-0.06623729689492808,2.5415902296336723,225.19808197021484,235.23628536431212,215.15987857611756,5.734051391353477,25.85610533639678,0.0,0.0,0.0,0.0,0.0
2021-03-16 04:00:00,228.096923828125,230.3518801512368,226.39849920018347,226.7247459571365,28092200,223.0860855102539,224.93756027221679,221.82458435058595,205.52485992431642,224.99484666744198,224.8344849857872,221.82549131040687,54.951596579843475,0.3851600942954292,0.20358181729292452,0.18157827700250467,2.293637434510365,224.93756027221679,234.33993123619598,215.5351893082376,5.668938512126922,26.302362340668456,0.0,0.0,0.0,0.0,0.0
2021-03-17 04:00:00,227.45396423339844,228.902908364982,223.79804509330785,226.59995691364423,29562100,223.9957489013672,224.59403610229492,222.20553314208985,205.7913542175293,225.44195895216131,225.08395919984542,222.04621573875949,54.00755424215557,0.5592036280167747,0.2747061794376946,0.2844974485790801,0.04218753156430832,224.59403610229492,233.00180458116193,216.1862676234279,5.573668958562714,26.231756478394423,0.0,0.0,0.0,0.0,0.0
2021-03-18 04:00:00,221.3896026611328,224.719275803559,221.01537498492127,223.15518889547872,34833000,224.3786163330078,223.9669647216797,222.4611737060547,206.01762008666992,224.70516689924702,224.73211571996802,222.02046620630355,45.983414834188615,0.2054230959309109,0.26084956273633786,-0.055426466805426955,-1.346882276259398,223.9669647216797,231.23629140405583,216.69763803930354,5.596281089975027,27.728696216184623,0.0,0.0,0.0,0.0,0.0
2021-03-19 04:00:00,221.0345916748047,223.0688536355773,220.0750319360675,221.67749494275228,46430700,224.25867462158203,223.45744094848632,222.81789459228514,206.23996780395507,224.03778958571203,224.3799705728096,221.98180445997028,45.55670013541608,-0.10241635228706514,0.1881963797316573,-0.2906127320187224,1.226091814086483,223.45744094848632,229.97432179672663,216.94056010024602,5.461261249955582,27.526444476407057,0.0,0.0,0.0,0.0,0.0
2021-03-22 04:00:00,226.4464874267578,227.31967558191016,220.83305760883877,220.95780504888268,30127000,225.08389739990236,223.52845001220703,223.16720520019533,206.50099617004395,224.47573464772034,224.57678170175706,222.15689006651095,52.754347235602715,0.08928421239639306,0.16841394626460443,-0.07912973386821137,4.084170420504929,223.52845001220703,230.1474571095076,216.90944291490646,5.6607118304188715,27.44322560408116,0.0,0.0,0.0,0.0,0.0
2021-03-23 04:00:00,227.97215270996094,231.30182541849308,227.48278262536803,227.88579586710034,31638400,225.44852752685546,223.73523330688477,223.52156463623047,206.74926811218262,225.1114470226732,224.90015036920505,222.3849395819404,54.57745402007994,0.3601649712797155,0.20676415126762665,0.15340082001208882,2.582027814808896,223.73523330688477,230.6467017532795,216.82376486049003,5.554470913368961,27.441354492428356,0.0,0.0,0.0,0.0,0.0
2021-03-24 04:00:00,225.93795776367188,228.37523322208835,225.8036199768571,228.23130510825848,25620100,225.74024047851563,223.77889556884764,223.87602172851564,206.981844329834,225.26172170285474,224.99898916867807,222.5242736282828,51.712211702807565,0.4060170804298764,0.24661473710007661,0.15940234332979977,3.5489925962155944,223.77889556884764,230.7366059240309,216.8211852136644,5.174072896494901,27.60907449364974,0.0,0.0,0.0,0.0,0.0
2021-03-25 04:00:00,222.94407653808594,227.35805660601366,222.20522617954543,225.78437942941395,34061900,225.2806137084961,223.9396209716797,224.219619140625,207.1925927734375,224.84033167289675,224.80328320385976,222.5407364874908,47.73979066022438,0.19848599033917935,0.23698898774789717,-0.03850299740871782,-0.6159677511402117,223.9396209716797,230.6475024858312,217.23173945752816,5.075375175474684,26.633820138182575,0.0,0.0,0.0,0.0,0.0
2021-03-26 04:00:00,226.91664123535156,227.13735047675794,222.18601962035427,222.18601962035427,25479900,225.3506591796875,224.13632736206054,224.61567016601563,207.3896742248535,225.21784250243397,225.00455539733517,222.71234059525003,52.908968350887456,0.35052820625693926,0.25969683144970557,0.09083137480723369,1.7468381849812475,224.13632736206054,230.95583776518146,217.31681695893963,5.001352907379781,26.863638412497732,0.0,0.0,0.0,0.0,0.0
2021-03-29 04:00:00,225.726806640625,227.22371728101677,222.50268578373593,227.02220332170978,25227500,225.3919204711914,224.0547653198242,225.05149261474608,207.63114883422853,225.3103814366505,225.07334123002946,222.83055494997063,51.27312979148678,0.3707393968552708,0.2819053445308186,0.08883405232445218,-0.7970180425485807,224.0547653198242,230.74992109576996,217.35960954387846,4.790934223087376,26.01533550246431,0.0,0.0,0.0,0.0,0.0
2021-03-30 04:00:00,222.47390747070312,224.3930267427671,221.7542377436791,224.08596063121217,24792000,224.82961883544922,223.95785217285157,225.42934204101562,207.84935760498047,224.7946588973873,224.8257761100936,222.81656877431308,46.99520279865812,0.12285889277924866,0.2500960541805046,-0.12723716140125596,-1.6542932273092004,223.95785217285157,230.68725046587608,217.22845387982707,4.734730444483282,26.114573616707503,0.0,0.0,0.0,0.0,0.0
2021-03-31 04:00:00,226.23538208007812,229.4307174616961,222.99206578776494,223.49104090390196,43623500,224.7077606201172,224.35175476074218,225.809853515625,208.08065864562988,225.05660856696744,224.9600242977112,222.9506398843431,51.98406123809303,0.22731107189738964,0.24553905772388163,-0.018227985826491988,0.408846126939566,224.35175476074218,230.6063685371769,218.09714098430746,4.769001808941583,24.781331728185783,0.0,0.0,0.0,0.0,0.0
2021-04-01 04:00:00,232.5492706298828,233.01944545451641,228.42316149759984,228.8261747651646,30338000,225.8237274169922,225.101171875,226.16537994384765,208.32147735595703,226.41891076022475,225.68280966267992,223.32705677632507,58.96568789821463,0.8102284062690046,0.35847692743290627,0.45175147883609834,1.9519539005763864,225.101171875,231.51944089690338,218.68290285309664,4.986274041242909,26.32941645437458,0.0,0.0,0.0,0.0,0.0
2021-04-05 04:00:00,238.99755859375,239.85156620213706,232.88515291138498,232.9427241548259,36910600,227.62002410888672,225.93934936523436,226.63780914306642,208.5913465118408,228.7059376390475,226.95088098944848,223.94158625936134,64.62316010072843,1.7720899912131358,0.6411995401889523,1.1308904510241835,5.0751343900545365,225.93934936523436,234.72343127755505,217.15526745291368,5.237818605009577,26.981814933469607,0.0,0.0,0.0,0.0,0.0
2021-04-06 04:00:00,237.8364715576172,239.3141870764356,236.89610713655097,237.59658162885503,22931900,228.75902252197267,226.9214599609375,227.0682531738281,208.84550361633302,230.36603471515105,227.98760390070265,224.48648372203806,62.940446795548326,2.412868164669163,0.9955332650849946,1.4173348995841686,7.428925612942439,226.9214599609375,236.4224264344459,217.42049348742913,5.050703856026274,25.938241956327758,0.0,0.0,0.0,0.0,0.0
2021-04-07 04:00:00,239.79396057128906,240.78230588022694,237.19356201186886,237.78848433406324,22719800,229.94120330810546,227.69486541748046,227.46930114746092,209.11502075195312,232.08020305263068,229.11201882171088,225.0867769318126,64.61338610267845,3.0435582428017653,1.4051382606283487,1.6384199821734167,8.487073789827404,227.69486541748046,238.70467632496818,216.68505450999274,4.942409612932268,24.45100152350724,0.0,0.0,0.0,0.0,0.0
2021-04-08 04:00:00,243.0084686279297,243.8624760860077,241.8090191282854,242.54788411974718,23625200,231.64825439453125,228.69424743652343,227.8810256958008,209.37479614257813,234.06716042995774,230.43549023182698,225.789588370876,67.2295351159569,3.7594322146000536,1.8759970514226898,1.8834351631773638,7.313860943207917,228.69424743652343,241.4135674154952,215.97492745755164,4.773118631949515,24.43655600131168,0.0,0.0,0.0,0.0,0.0
2021-04-09 04:00:00,245.5033416748047,245.63767943978883,242.23123976274744,242.64384338315648,24326800,233.90418090820313,229.5923973083496,228.3317349243164,209.6406637573242,236.146466110839,231.87052370258675,226.56267673573595,69.13668430251954,4.476480814881057,2.396093804114363,2.080387010766694,7.690057209376766,229.5923973083496,244.34324685484407,214.84154776185514,4.802591344630342,23.82642111819204,0.0,0.0,0.0,0.0,0.0
2021-04-12 04:00:00,245.5609130859375,247.24974743747651,244.3230729403919,244.4094444364362,27148700,235.76860809326172,230.55963363647462,228.6681393432617,209.9262036895752,237.85818374267507,233.17437031052492,227.30770561221445,69.18125609557084,4.991849593597493,2.915244962010989,2.076604631586504,8.685107857260089,230.55963363647462,246.83635059315048,214.28291667979875,4.548309667774142,23.594215723091423,0.0,0.0,0.0,0.0,0.0
2021-04-13 04:00:00,248.03656005859375,248.70826351478416,246.44368755447493,246.85632045190187,23837500,237.99958343505858,231.695751953125,229.18751007080078,210.21221488952636,239.70879761829664,234.58981695319815,228.12060186501364,71.11315400868983,5.536228884215689,3.439441746451929,2.0967871377637595,11.255057281695136,231.695751953125,249.5285290868698,213.8629748193802,4.426310556139242,23.4736728953335,0.0,0.0,0.0,0.0,0.0
2021-04-14 04:00:00,245.25384521484375,248.36280908207007,244.84124159709435,247.06742699301665,23070900,240.27757720947267,232.55359802246093,229.50398590087892,210.50341125488282,240.71698809039611,235.6054386924025,228.7924937610854,66.09759256905919,5.677662997486777,3.8870859966588993,1.790577000827878,8.08103093702739,232.55359802246093,251.28544564471147,213.8217504002104,4.4941644304067045,23.96971937880433,0.0,0.0,0.0,0.0,0.0
2021-04-15 04:00:00,249.00572204589844,249.41832565556072,247.30731205606156,247.49920641050562,25627500,242.5546112060547,233.63118591308594,229.89818023681642,210.80331748962402,242.22403062776016,236.8816561546402,229.58516938009768,69.24695267504801,6.023065505831909,4.314281898493501,1.7087836073384075,10.312871453648542,233.63118591308594,253.5686262531509,213.69374557302098,4.4235680028530435,24.173946121493742,0.0,0.0,0.0,0.0,0.0
2021-04-16 04:00:00,250.19554138183594,250.4450362292379,247.1825396982639,248.97691132612795,24878600,244.31923828125,235.07148284912108,230.2493475341797,211.08502578735352,243.67339621941028,238.14964522389695,230.3934192625188,70.19260804819234,6.3199554465095105,4.715416608096703,1.6045388384128074,12.46062256302276,235.07148284912108,255.44259067131497,214.7003750269272,4.302936979608067,21.161725456739955,0.0,0.0,0.0,0.0,0.0
2021-04-19 04:00:00,248.2764129638672,250.90562587805667,247.39363463217305,249.66778593713443,23209300,245.24712371826172,236.4335739135742,230.58108795166015,211.3514705657959,244.51030835476607,239.1140992943703,231.09471313315993,66.63346974978562,6.327446375846193,5.0378225616466015,1.289623814199592,9.742521563663908,236.4335739135742,256.4934562933513,216.37369153379714,4.216576961651122,21.564898586012045,0.0,0.0,0.0,0.0,0.0
2021-04-20 04:00:00,247.81585693359375,249.67740478959612,246.45326949789063,247.39364839202,19722900,246.24506225585938,237.502042388916,230.8999786376953,211.6081829071045,245.11131718728018,239.94283811715349,231.7504442625887,65.77157380249952,6.224468174183926,5.275151684154067,0.949316490029859,6.564882470867306,237.502042388916,257.5985288992046,217.4055558786274,4.163117418419666,20.56012100071063,0.0,0.0,0.0,0.0,0.0
2021-04-21 04:00:00,250.04205322265625,250.13801504914483,246.84673231299666,248.4683905453081,24030400,247.2698715209961,238.60553741455078,231.2582241821289,211.85487953186035,246.00781464825764,240.90466812720138,232.46776226102273,67.93088412889918,6.250441444667956,5.470209636256845,0.7802318084111111,4.621174665503491,238.60553741455078,258.92123374061845,218.28984108848312,3.9012940430736074,20.60651601118263,0.0,0.0,0.0,0.0,0.0
2021-04-22 04:00:00,246.76995849609375,251.19351425483057,245.30181881820317,249.6869986347857,25606200,247.6460205078125,239.6471374511719,231.52613677978516,212.09688438415526,246.1463862569551,241.46326720995302,233.02863270161376,61.763420887373535,5.93853896962716,5.563875502930909,0.3746634666962514,3.7561467675542692,239.6471374511719,259.3552564910169,219.93901841132686,3.8375534760871153,21.020665042212556,0.0,0.0,0.0,0.0,0.0
2021-04-23 04:00:00,250.5889892578125,250.93444594888362,246.86589324164044,247.45123983804805,21462600,248.1545852661133,241.0293830871582,231.8886196899414,212.33617095947267,246.95413225711098,242.33238359546345,233.7172741351902,65.67993241488722,5.931147302428855,5.637329862830499,0.2938174395983557,4.501793398301279,241.0293830871582,259.6528945913633,222.40587158295313,3.613424324696802,20.26240223696239,0.0,0.0,0.0,0.0,0.0
2021-04-26 04:00:00,250.9728240966797,251.82684627305457,249.64865632842103,251.07839088950067,19763300,248.6957763671875,242.2321922302246,232.2268035888672,212.5702801513672,247.68480350066892,243.15528269081736,234.39396236897412,66.05625137411424,5.888383991314981,5.687540688527395,0.200843302787586,3.277398320197733,242.2321922302246,260.11034501594656,224.35403944450266,3.596289325036011,19.815726183207573,0.0,0.0,0.0,0.0,0.0
2021-04-27 04:00:00,251.37586975097656,252.5465338213757,249.60067835062966,251.0016273911271,31014200,249.0297073364258,243.5146453857422,232.5634750366211,212.8095002746582,248.35590645527031,243.93819574416585,235.0599195212095,66.4719804508483,5.819927671653261,5.714018085152569,0.10590958650069204,2.3920359031001093,243.5146453857422,260.0358917488881,226.9933990225963,3.5503687252065794,19.48683916787612,0.0,0.0,0.0,0.0,0.0
2021-04-28 04:00:00,244.26548767089844,246.1654262072266,242.72059614037644,245.72400771033827,46903100,248.93087158203124,244.60422439575194,232.78263763427734,213.04460258483886,247.61219394902088,243.96936640385465,235.42092219374632,53.924416177985975,5.132759874400364,5.597766443002128,-0.4650065686017646,-0.527537301747083,244.60422439575194,257.82802650333605,231.3804222881678,3.877994303483829,21.843869591491373,0.0,0.0,0.0,0.0,0.0
2021-04-29 04:00:00,242.29840087890625,245.74323113487725,238.93035179332017,245.12911354726194,40589000,248.26013946533203,245.40737533569336,232.94211669921876,213.2637735748291,246.64604975445457,243.81022683005006,235.6906272402232,51.053242847867196,4.378968951557226,5.354006944713149,-0.9750379931559223,-2.313432817457217,245.40737533569336,255.51863951594783,235.2961111554389,4.121311422377807,21.801674892715734,0.0,0.0,0.0,0.0,0.0
2021-04-30 04:00:00,241.98175048828125,242.84536297608295,239.5060994250514,239.64043719314697,30945100,247.43876037597656,245.87899932861328,233.10313110351564,213.4828374481201,245.79799534242304,243.63608622607205,235.93733795583333,50.58631668710606,3.713229377410272,5.0258514312525735,-1.3126220538423015,-1.3341665341459308,245.87899932861328,254.1835239791551,237.57447467807145,4.1507820690883035,19.84673633271731,0.0,0.0,0.0,0.0,0.0
2021-05-03 04:00:00,241.6746826171875,244.06399130382755,240.96460323871534,243.1523979660195,19626600,246.7785873413086,246.01285552978516,233.31212341308594,213.71998886108398,245.04830211965293,243.44928588236877,236.16233186412174,50.1077212432701,3.1248270959553395,4.645646564193127,-1.5208194682377876,-2.944124885354893,246.01285552978516,253.92750641758894,238.09820464198137,4.147356185964414,17.390541174753515,0.0,0.0,0.0,0.0,0.0
2021-05-04 04:00:00,237.76927185058594,241.0509786364311,235.821366992888,240.8206790565612,32756100,245.7739288330078,246.0094955444336,233.56698272705077,213.9425661468506,243.72484207073165,242.90833216505612,236.2253491184929,44.35943329376044,2.316674853081338,4.179852221970769,-1.8631773688894313,-4.966623091130806,246.0094955444336,253.93880506419325,238.08018602467396,4.313909624487542,18.30111237107711,0.0,0.0,0.0,0.0,0.0
2021-05-05 04:00:00,236.50262451171875,239.41008854394119,235.87891671087567,238.987880033093,21901300,244.41998596191405,245.84492874145508,233.82030548095702,214.11727897644042,242.4117116054566,242.29826476950018,236.2362226633253,42.65047518987222,1.5560631958421993,3.6550944167450554,-2.099031220902856,-4.742209826376831,245.84492874145508,254.42712987137207,237.26272761153808,4.268673295369581,18.129223051750063,0.0,0.0,0.0,0.0,0.0
2021-05-06 04:00:00,239.63084411621094,239.7555915648177,234.79466958308151,236.4834894146132,26491100,243.7060745239258,245.67604751586913,234.11162811279297,214.3212068939209,241.90609933468463,242.04422470728215,236.36934507324239,47.98059541837888,1.1919540516873326,3.1624663437335108,-1.9705122920461782,-3.3028608090950873,245.67604751586913,254.61862763925546,236.7334673924828,4.389989398995452,18.111018832236613,0.0,0.0,0.0,0.0,0.0
2021-05-07 04:00:00,242.25039672851562,244.01598268660447,241.01255677969283,241.9529209858051,27032900,242.8722152709961,245.51340026855468,234.56204467773438,214.52394424438478,241.9686988608357,242.06386013787582,236.59997454991978,52.003428157500515,1.102066992699264,2.7503864735266617,-1.6483194808273978,-3.116138423004533,245.51340026855468,254.58658151264237,236.44021902446698,4.452357065031874,18.16557808142599,0.0,0.0,0.0,0.0,0.0
2021-05-10 04:00:00,237.18394470214844,241.54994399092692,237.126373466444,240.72472211515404,29299900,241.49332733154296,245.09455184936525,234.84607330322265,214.74521438598632,241.09874355925618,241.59910628685418,236.62287534020325,44.78903512798694,0.6149220755175122,2.323293593924832,-1.7083715184073198,-3.8845951315816474,245.09455184936525,254.90218934125022,235.28691435748027,4.588063348629455,19.535564088906177,0.0,0.0,0.0,0.0,0.0
2021-05-11 04:00:00,236.2723388671875,236.62738584949687,232.76036211665323,234.66028588552803,33641600,239.98297424316405,244.50634078979493,235.02435913085938,214.96783256530762,240.2212154334255,241.0917951040288,236.6091288118497,43.61655095400007,0.15352747749486184,1.889340370638838,-1.7358128931439762,-5.713200102298055,244.50634078979493,254.96082874227696,234.0518528373129,4.668941909297102,19.044507894948488,0.0,0.0,0.0,0.0,0.0
2021-05-12 04:00:00,229.3347625732422,234.4971983156802,228.4423791025512,232.37656498927853,36684400,238.48990173339843,243.71038665771485,235.12281097412108,215.14361755371092,238.24186036793762,239.97207772014434,236.3238595475906,35.91181153448082,-0.7631385071110799,1.3588445950888546,-2.1219831021999345,-8.621675116148076,243.71038665771485,256.15905748309615,231.26171583233355,4.807389361297737,21.13807955530769,0.0,0.0,0.0,0.0,0.0
2021-05-13 04:00:00,233.20176696777344,235.66784215247608,231.6568754357032,232.0215127667873,29624300,237.58023834228516,242.9201889038086,235.41969970703124,215.34745330810546,237.32547974972593,239.32728621991853,236.2014245444605,42.0560275692863,-1.164148389422536,0.8542459981865766,-2.0183943876091126,-7.229851775831609,242.9201889038086,255.94653416314029,229.8938436444769,4.9622887989008815,21.326681741353,0.0,0.0,0.0,0.0,0.0
2021-05-14 04:00:00,238.11471557617188,239.10306082061462,235.5622980961346,235.64865494854968,23901100,237.19353485107422,242.3161476135254,235.83077545166014,215.5661378479004,237.46897717271608,239.21180330146646,236.27645556531195,48.77527119993912,-1.0731471445302248,0.4687673696432164,-1.5419145141734412,-2.518068415384811,242.3161476135254,255.03887025319648,229.59342497385433,5.228224792344284,22.8621128461631,0.0,0.0,0.0,0.0,0.0
2021-05-17 04:00:00,235.2648162841797,236.6177988375516,233.67195847192968,236.57942289581203,24970200,236.55254821777345,241.66556777954102,236.0913916015625,215.7713349914551,237.06822064752762,238.83589977601056,236.2367834366401,45.48061270317599,-1.2169626694654596,0.13162136182148124,-1.3485840312869408,-2.9028605096909965,241.66556777954102,254.43562211772232,228.89551344135972,5.33514633759401,23.044398976717044,0.0,0.0,0.0,0.0,0.0
2021-05-18 04:00:00,233.24974060058594,236.44507570607448,233.07701226535352,236.3107379527679,20168000,236.10059509277343,240.93726196289063,236.39250122070314,215.96117004394532,236.37395154808365,238.3038846164463,236.11964450189288,43.255760352263195,-1.4765169082687635,-0.1900062921965677,-1.2865106160721957,-3.6085406730364977,240.93726196289063,253.89057383548862,227.98395009029264,4.957488468316926,23.139015931846465,0.0,0.0,0.0,0.0,0.0
2021-05-19 04:00:00,233.82679748535156,233.93259335141164,229.47958385849037,230.16243607762956,25739800,235.83301239013673,240.1264991760254,236.58252014160155,216.09897590637206,235.9108326275869,237.87749536586585,236.02972893261673,44.09910596473914,-1.6170119375120748,-0.47540742125966917,-1.1416045162524058,-3.247293033282672,240.1264991760254,252.70475213393806,227.54824621811272,4.788926336271511,22.80777943448758,0.0,0.0,0.0,0.0,0.0
2021-05-20 04:00:00,237.05836486816406,238.47217569165701,234.53851835238595,234.63470174976987,21800700,235.57576446533204,239.64091949462892,236.86327087402344,216.2684185028076,236.1194748531464,237.79948293751332,236.07006759675585,48.697455566081324,-1.4508700531049783,-0.670499947628731,-0.7803701054762473,-0.2989902677031364,239.64091949462892,251.8846828423983,227.39715614685954,4.882220240219646,23.263663263865148,0.0,0.0,0.0,0.0,0.0
2021-05-21 04:00:00,235.7984619140625,238.83767555656837,235.38490555585892,238.10673157029987,21863100,234.93057098388672,238.9013931274414,237.02843322753907,216.43322875976563,236.06110886422204,237.60890950670847,236.05941639351298,47.07171292499925,-1.4046728573513292,-0.8173345295732506,-0.5873383277780786,-0.297739866147384,238.9013931274414,250.103249487842,227.6995367670408,4.907461807048021,22.356572586490227,0.0,0.0,0.0,0.0,0.0
2021-05-24 04:00:00,241.1940155029297,241.55949482361876,238.04900607225056,238.31830198996036,21411500,235.33157806396486,238.4124526977539,237.32798980712892,216.6087754058838,236.9943646167143,237.95034817301524,236.26077322133324,54.13364244169042,-0.922056274018189,-0.8382788784622384,-0.08377739555595065,0.6523247841837332,238.4124526977539,248.15430975568293,228.67059563982488,4.90087018456636,24.13693221026727,0.0,0.0,0.0,0.0,0.0
2021-05-25 04:00:00,242.09808349609375,243.0887108966254,241.23249158269627,242.14617519695508,17704300,235.91415252685547,237.94856338500978,237.66366760253905,216.8072743988037,237.9223135038742,238.345370584737,236.48968734975523,55.211961666259825,-0.46131072039628407,-0.7628852468490476,0.3015745264527635,-0.06287429638043296,237.94856338500978,245.78938472689075,230.1077420431288,4.78397901032566,24.18983250602851,0.0,0.0,0.0,0.0,0.0
2021-05-26 04:00:00,241.8769073486328,243.271478782269,241.1651882496709,241.81918849558588,17771600,237.16836700439453,237.8291343688965,237.93926727294922,217.02481399536134,238.64133056655757,238.68170741939375,236.70095087912298,54.87208104356464,-0.11271431584157199,-0.6328510606475526,0.5201367448059806,1.9786173353250058,237.8291343688965,245.3302341452836,230.32803459250937,4.580076763958654,22.06828743243494,0.0,0.0,0.0,0.0,0.0
2021-05-27 04:00:00,239.7801971435547,241.86724777869244,239.72249297377158,241.56909978446225,24426200,237.82621002197266,237.7032241821289,238.18579193115235,217.25506454467774,238.84839721692066,238.78632548836146,236.8217056345909,51.62749648796555,-0.0055719147768229504,-0.5073952314734067,0.5018233166965838,1.4846673517457276,237.7032241821289,244.96931123628562,230.4371371279722,4.4207393214206325,22.0976588240957,0.0,0.0,0.0,0.0,0.0
2021-05-28 04:00:00,240.1360626220703,242.44433227006198,240.02065427610526,241.4056131297948,18270200,238.0283447265625,237.61093978881837,238.5607211303711,217.45942291259766,239.08251819967512,238.914871882048,236.95168041841362,52.14470987073731,0.10682318878542674,-0.38455154742164005,0.4913747362070668,4.709839854905784,237.61093978881837,244.69277254982651,230.52910702781023,4.2450330260231794,22.105177625457813,0.0,0.0,0.0,0.0,0.0
2021-06-01 04:00:00,237.94320678710938,241.68451217113508,237.5200379764385,241.62680800038572,23213300,238.29618377685546,237.42436599731445,238.8988934326172,217.65515090942384,238.87537067011772,238.8223323491967,236.9905638054213,48.68993845137996,0.01873600173576051,-0.30389403759016,0.3226300393259205,2.0331920641026624,237.42436599731445,244.24729772480106,230.60143426982785,4.226525283823278,22.326427067136443,0.0,0.0,0.0,0.0,0.0
2021-06-02 04:00:00,237.8470458984375,239.7417445032834,236.4428474366505,238.64532119633685,19406700,238.75591430664062,237.42825469970703,239.1269046020508,217.84944549560547,238.6884025298122,238.72944792531487,237.02415133848075,48.53807102043515,-0.05816264592351672,-0.25474775925683135,0.19658511333331463,-0.11241206873194853,237.42825469970703,244.2521027152493,230.60440668416476,3.9028779482516063,21.56540649720179,0.0,0.0,0.0,0.0,0.0
2021-06-03 04:00:00,236.31781005859375,236.9237185044888,233.7113925974972,235.84653488909666,25307700,239.00501556396483,237.41901397705078,239.29381774902345,218.02952125549317,238.25738571686338,238.4997681284843,236.99645168044597,46.07675171238869,-0.23973837537718623,-0.25174588248090235,0.01200750710371612,0.44757809138027405,237.41901397705078,244.24863786279187,230.5893900913097,3.7459189283734924,21.605738768172056,0.0,0.0,0.0,0.0,0.0
2021-06-04 04:00:00,241.20364379882812,242.0307712219281,238.0490216910813,238.28946553877864,25281100,239.41954345703124,237.49765396118164,239.59913146972656,218.228263092041,238.7930690044933,238.75728009708848,237.16143960665704,54.08737752227776,0.010486617865865355,-0.19929938241154882,0.20978600027741418,3.410037317838799,237.49765396118164,244.46925676533326,230.52605115703003,3.7324665934087187,22.356925850147853,0.0,0.0,0.0,0.0,0.0
2021-06-07 04:00:00,244.10821533203125,244.3775112737466,240.26111367835148,240.4246137375695,23079200,240.25051879882812,237.5905448913574,240.02241424560546,218.44763877868652,239.7594592458638,239.26689297660684,237.43386218412272,58.074811450801384,0.4381160469258987,-0.07181629654405931,0.509932343469958,4.397022906377446,237.5905448913574,244.87143263663313,230.3096571460817,3.7091551999196417,22.42951543614654,0.0,0.0,0.0,0.0,0.0
2021-06-08 04:00:00,242.91558837890625,246.22409767473246,242.85786953493397,245.40658282034158,22455000,240.42267608642578,237.87712707519532,240.34239318847656,218.63775299072265,240.33330090641698,239.61438777682585,237.64883183882012,55.9270285889589,0.6730222409894111,0.07715141096263478,0.5958708300267763,2.470793854500597,237.87712707519532,245.53221795334204,230.2220361970486,3.7090241069966083,21.083272935756842,0.0,0.0,0.0,0.0,0.0
2021-06-09 04:00:00,243.89659118652344,245.76243758892673,243.53112655730328,244.10818292342645,17937600,240.60252685546874,238.25833969116212,240.70578887939453,218.84022026062013,240.98117186643634,240.02221667298753,237.8938420093183,57.325087640566316,0.9276524205244243,0.2472516128749927,0.6804008076494317,3.4343435520000742,238.25833969116212,246.32521960060876,230.19145978171548,3.5942983725036948,21.014839756545584,0.0,0.0,0.0,0.0,0.0
2021-06-10 04:00:00,247.40707397460938,247.6186657190944,243.97354371278735,244.56983971513966,24563600,241.1555435180664,239.16195526123047,241.20445220947266,219.0570411682129,242.14951770428598,240.7255364159991,238.26690992952578,61.97365424306949,1.396615975386112,0.4771244853772166,0.9194914900088955,2.575958801765643,239.16195526123047,247.06722076746186,231.2566897549991,3.5283481100940883,17.96222940972278,0.0,0.0,0.0,0.0,0.0
2021-06-11 04:00:00,248.03225708007812,248.6092988045353,246.8011564650918,248.12841113345158,18999700,241.98074951171876,239.9034797668457,241.64038970947266,219.2637156677246,243.21910668170273,241.42141457448284,238.64986471974353,62.75182777543822,1.7979938689431947,0.7412983620904123,1.0566955068527824,2.4511443867254457,239.9034797668457,248.22597997259075,231.58097956110063,3.4108747057179505,17.294350814965455,0.0,0.0,0.0,0.0,0.0
2021-06-14 04:00:00,249.955810546875,250.01351471996307,246.98389887756707,248.04185763593912,19150500,242.9627243041992,240.49553451538085,241.9885205078125,219.45766410827636,244.44396192991584,242.23421419090113,239.09323514433692,65.11712563453186,2.2454196305464507,1.04212261578162,1.2032970147648308,3.3400886784936246,240.49553451538085,249.89702539637238,231.09404363438932,3.2157734866350745,16.066435146415046,0.0,0.0,0.0,0.0,0.0
2021-06-15 04:00:00,248.48426818847656,250.05196672313224,247.83026798722594,249.84037496966238,18038900,244.01683044433594,241.1565071105957,242.17825469970703,219.61833045959472,245.17856306783597,242.82945742876544,239.46151094998945,61.87982425468074,2.4529900575651027,1.3242961041383166,1.1286939534267861,3.6300208059762307,241.1565071105957,250.86342166491877,231.44959255627262,3.2391308682215447,15.475322126252417,0.0,0.0,0.0,0.0,0.0
2021-06-16 04:00:00,247.54171752929688,250.6193807060856,244.69485634370264,249.48449295997696,27220000,244.98629760742188,241.87110595703126,242.37235961914064,219.763159866333,245.60822751537432,243.27824410500654,239.77838179623683,59.828142269015764,2.5124729314763385,1.5619314696059212,0.9505414618704173,3.0839411733345923,241.87110595703126,251.2250336826238,232.51717823143872,3.5118618560633195,15.099384015174595,0.0,0.0,0.0,0.0,0.0
2021-06-17 04:00:00,250.9271697998047,251.74468467468952,246.22410384722616,246.28180801711895,27565500,246.44723358154297,242.72612457275392,242.59502380371094,219.94105400085448,246.57530793072527,244.00671321879685,240.21558916892576,64.39454481036108,2.8005087211455475,1.8096469199138467,0.9908618012317008,5.456748771278108,242.72612457275392,252.11016573316454,233.3420834123433,3.7523023169634717,15.562105720700526,0.0,0.0,0.0,0.0,0.0
2021-06-18 04:00:00,249.51333618164062,252.27362634365522,248.85933608179366,249.70570296444276,37202200,247.27820281982423,243.34887313842773,242.72512115478514,220.10357170104982,247.10949488543713,244.53115350097247,240.58020669883615,61.262600732463184,2.8814787096522707,2.0240132778615316,0.8574654317907391,4.904954879357515,243.34887313842773,252.80205429288497,233.8956919839705,3.805884826631634,15.395633220603914,0.0,0.0,0.0,0.0,0.0
2021-06-21 04:00:00,252.591064453125,253.44702925067534,248.0611107803367,249.88847807213403,26696100,248.1264877319336,244.18850326538086,242.86687561035157,220.26056648254394,248.106143897744,245.29876406784416,241.0512207284161,65.22737979791779,3.1575961558126835,2.250729853451762,0.9068663023609216,6.88617349259304,244.18850326538086,253.79970645254866,234.57730007821306,3.8931308463203527,15.465555133646363,0.0,0.0,0.0,0.0,0.0
2021-06-22 04:00:00,255.3610382080078,255.6303341906389,252.369900955261,252.67767617857103,24694100,249.37103271484375,244.89685440063477,243.06287811279296,220.499921875,249.42521559051923,246.2570758907169,241.61239004134126,68.36556570591256,3.5589100538399805,2.512365893529406,1.0465441603105745,5.869477834666315,244.89685440063477,255.60450715159845,234.18920164967108,3.89038342980214,13.992145472713158,0.0,0.0,0.0,0.0,0.0
2021-06-23 04:00:00,255.1300811767578,256.63044804916365,254.32219358015837,255.82256045256418,19518700,250.4943817138672,245.54845428466797,243.20474853515626,220.75268424987792,250.46246387892623,247.10212401319697,242.14249557606348,67.81600751315173,3.814348472264925,2.77276240927651,1.0415860629884146,4.515155636910806,245.54845428466797,257.09241915873736,234.0044894105986,3.7598549418067813,14.051839199123247,0.0,0.0,0.0,0.0,0.0
2021-06-24 04:00:00,256.49591064453125,257.6115737475346,255.32254335956736,255.98617080317328,21446900,251.40326538085938,246.2794044494629,243.42958984375,221.06760948181153,251.55945419994532,247.99677035903835,242.70537459835634,69.38341870383076,4.079964985870191,3.034202924595246,1.045762061274945,5.590551992259152,246.2794044494629,258.6651400887046,233.8936688102212,3.529035756624097,14.01637742408969,0.0,0.0,0.0,0.0,0.0
2021-06-25 04:00:00,254.8896484375,257.03441766201166,254.6396068486284,256.05341754170934,25611100,252.08900451660156,247.03487701416014,243.54726837158202,221.33330169677734,252.1649440613189,248.65323493793946,243.18318925871495,65.3524489659924,4.113438887582703,3.2500501171927376,0.8633887703899652,4.507261539612695,247.03487701416014,259.5934761214421,234.4762779068782,3.4060652721946787,13.775210671758023,0.0,0.0,0.0,0.0,0.0
2021-06-28 04:00:00,258.44818115234375,258.6212936094184,255.74559572974022,256.0148915577598,19590000,252.93824157714843,247.95048294067382,243.71232116699218,221.64504997253417,253.30735080514157,249.58608695835892,243.78181639179843,69.57029557620118,4.376659638113267,3.4753720213768435,0.9012876167364237,4.462728975513253,247.95048294067382,261.04982516508846,234.85114071625918,3.4321664887746715,14.284177258650942,0.0,0.0,0.0,0.0,0.0
2021-06-29 04:00:00,261.0258483886719,261.2662922485271,257.7365928224437,258.5925577009788,19937800,254.19239959716796,249.10461502075196,243.96730987548827,221.97608421325683,254.71071400214709,250.67558804696017,244.45805294069544,72.20940088393702,4.73863613515212,3.728024844131899,1.0106112910202212,5.238669946223462,249.10461502075196,262.5542859641206,235.6549440773833,3.4809415042077387,13.597801337530383,0.0,0.0,0.0,0.0,0.0
2021-06-30 04:00:00,260.544921875,260.9873302929651,259.2946257303389,260.3429572810892,21656500,255.4927200317383,250.23950881958007,244.2218911743164,222.2981251525879,255.7714790699385,251.6155246020116,245.08891054596228,70.97263787863459,4.9298698951586175,3.968393854337243,0.9614760408213745,4.2363933468708925,250.23950881958007,263.51895799955287,236.96005963960727,3.3387377989050253,13.678400087585285,0.0,0.0,0.0,0.0,0.0
2021-07-01 04:00:00,261.2181701660156,261.44898683933064,259.2946196189184,259.3042174129385,16725300,256.5218200683594,251.48452682495116,244.44541351318358,222.60744300842285,256.7617865419525,252.53006227477388,245.72143053106242,71.7032887881462,5.0772224779779265,4.19015957906538,0.8870628989125464,5.124631056272877,251.48452682495116,263.90987292311183,239.05918072679046,3.36346814754565,13.07507069120242,0.0,0.0,0.0,0.0,0.0
2021-07-02 04:00:00,267.0369567871094,267.3735840761219,262.0838189235368,262.391594122123,26458000,258.27418212890626,252.77619247436525,244.8507534790039,222.96366302490233,258.6299993137992,253.9116712759487,246.55733352149562,77.07440781147889,5.598986283545003,4.471924919961305,1.1270613635836977,7.875536880164535,252.77619247436525,266.04397966792135,239.50840528080914,3.586739438096385,13.338418227794651,0.0,0.0,0.0,0.0,0.0
2021-07-06 04:00:00,267.0465087890625,268.6911361826912,263.81492881537,267.40236092120523,31565600,259.7197265625,253.9231071472168,245.1799038696289,223.33014755249025,260.16027376384704,255.1626081819595,247.360830590812,77.08209823613566,5.944731461469331,4.76648622826291,1.1782452332064208,6.4239113692304395,253.9231071472168,267.9783528468012,239.86786144763238,3.7763471974831617,13.193719562933651,0.0,0.0,0.0,0.0,0.0
2021-07-07 04:00:00,269.2297668457031,269.960725504487,266.5560325451121,268.7200270839339,23260000,261.10659942626955,255.23881607055665,245.54504272460937,223.71957969665527,261.8092725060027,256.5023375785065,248.21843593414107,78.83010762657595,6.3220312440028295,5.0775952314108945,1.244436012591935,7.90195464730965,255.23881607055665,269.8702079727642,240.60742416834913,3.5963592401254454,12.764636272629579,0.0,0.0,0.0,0.0,0.0
2021-07-08 04:00:00,266.8157653808594,268.07568890593086,264.36322030721055,266.31562334882244,24618600,262.27516784667966,256.38477478027346,245.85384063720704,224.08667709350587,262.7195439377948,257.4845687977782,248.94774297126727,72.26677072469823,6.353020629202433,5.332680310969203,1.02034031823323,5.631513909065511,256.38477478027346,270.86513534903753,241.90441421150942,3.5496425051989604,13.71879682639274,0.0,0.0,0.0,0.0,0.0
2021-07-09 04:00:00,267.3157958984375,267.42157707974224,264.79594962280595,265.1806538246266,23916700,263.35715637207034,257.38021087646484,246.31484680175782,224.4329761505127,263.5552261124571,258.4208761406981,249.66805877233276,72.77246103391752,6.344789440898353,5.535102136955033,0.8096873039433197,4.681512016994449,257.38021087646484,271.99854292153344,242.76187883139627,3.4933094477042976,13.237020302289634,0.0,0.0,0.0,0.0,0.0
2021-07-12 04:00:00,266.7195129394531,269.07584463447415,266.0077793129093,268.4891758346326,18931700,264.54014282226564,258.31457366943357,246.80326904296874,224.8089022064209,264.13055099009273,259.2112225024843,250.33674324947472,71.10736478012976,6.2184684796483225,5.671775405493691,0.5466930741546312,4.542557941125724,258.31457366943357,272.8054557189452,243.82369161992193,3.3277485085061693,13.409557710624942,0.0,0.0,0.0,0.0,0.0
2021-07-13 04:00:00,270.23968505859375,272.0382005108351,266.7869146059644,266.9119207635317,26120100,265.71929321289065,259.32876739501955,247.368427734375,225.19001579284668,265.24130263891107,260.2615522697328,251.11725077140096,74.77657447536083,6.329444779003268,5.803309280195608,0.5261354988076601,5.358282079245114,259.32876739501955,274.1909375253275,244.46659726471157,3.474766675363603,13.763856937137422,0.0,0.0,0.0,0.0,0.0
2021-07-14 04:00:00,271.7111511230469,272.8171868548692,269.82605039030216,271.557263551942,23113700,266.78782348632814,260.49011154174804,247.96915710449218,225.55638191223144,266.41763872693576,261.3519902557627,251.92485470675962,76.14058049287351,6.4616435055311285,5.934976125262712,0.5266673802684165,6.599523671778917,260.49011154174804,275.41409675009544,245.56612633340063,3.5235439607608714,13.269160528579857,0.0,0.0,0.0,0.0,0.0
2021-07-15 04:00:00,270.28765869140625,271.711096424281,269.1335168159892,271.2205817245717,22604200,267.76209716796876,261.62740859985354,248.6195248413086,225.90789627075196,267.12127872047586,262.20300629725256,252.64496466694183,72.07974800875981,6.378026091534252,6.02358611851702,0.3544399730172323,4.580986984034396,261.62740859985354,275.8467983976331,247.40801880207397,3.5304112276380795,13.39846201301528,0.0,0.0,0.0,0.0,0.0
2021-07-16 04:00:00,270.0184020996094,273.2403550652202,268.77770380577266,271.28795247697474,26186800,268.6421203613281,262.58197021484375,249.2898403930664,226.26847236633301,267.64802842577285,262.94732970700085,253.32627593881114,71.3050806948352,6.218350656247708,6.062539026063158,0.1558116301845498,3.445081690740226,262.58197021484375,276.33235680117417,248.8315836285133,3.6781141166426687,13.064874815882874,0.0,0.0,0.0,0.0,0.0
2021-07-19 04:00:00,266.4213562011719,269.6529067683761,263.95921404966873,268.2679481392744,32935600,268.5805603027344,263.4273712158203,249.82565063476562,226.59640594482423,267.424997112209,263.27818937311235,253.83980849811942,61.75630685668922,5.735440592187729,5.997119339288073,-0.2616787471003441,2.255439977061302,263.4273712158203,275.8052377589559,251.0495046726847,3.8443671793585446,14.042097412484514,0.0,0.0,0.0,0.0,0.0
2021-07-20 04:00:00,268.64306640625,270.2299896780536,265.70003652732663,267.4023681314722,26259700,268.74021606445314,264.22997131347654,250.35350402832032,226.9252788543701,267.6464642565801,263.78913004293497,254.42032841608534,64.88422581891,5.4689615487602055,5.8914877811825,-0.42252623242229426,2.8424118565395062,264.22997131347654,275.69754206056507,252.762400566388,3.915813873975939,13.770901133226552,0.0,0.0,0.0,0.0,0.0
2021-07-21 04:00:00,270.6435241699219,270.758932492961,266.6906423505896,268.23908626977857,24364300,268.881591796875,264.9940956115723,251.0226956176758,227.29408889770508,268.19138424082405,264.4419294836004,255.05653217113775,67.46457682756147,5.357437999601245,5.7846778248662485,-0.42723982526500315,1.3505873592200013,264.9940956115723,276.0007688643323,253.98742235881227,4.082747265692968,13.560010625406433,0.0,0.0,0.0,0.0,0.0
2021-07-22 04:00:00,275.2024230957031,275.4717190297968,272.5863928711976,272.9903220968104,23384100,269.7202575683594,265.99771270751955,251.8012973022461,227.66568923950194,269.46611857807477,265.4667383990388,255.84656710935602,72.43554721431504,5.572681423831341,5.742278544659268,-0.16959712082792677,3.0541175556363154,265.99771270751955,276.8770875946441,255.11833782039503,4.273734954226017,14.33332212304168,0.0,0.0,0.0,0.0,0.0
2021-07-23 04:00:00,278.5974426269531,278.9051883924715,275.5486022461029,276.38534199654606,22768100,270.8484222412109,267.1027893066406,252.78655090332032,228.0756056213379,271.1263593142345,266.71728165884014,256.73875830612457,75.44440817008935,5.948640862130276,5.78355100815347,0.16508985397680576,3.4794353874765482,267.1027893066406,278.4002865235539,255.8052920897273,4.098545767559021,14.642596659048435,0.0,0.0,0.0,0.0,0.0
2021-07-26 04:00:00,278.0010986328125,278.61664882454664,275.68324632300676,277.9530216151671,23176100,271.97658081054686,268.25836181640625,253.68253753662108,228.46382522583008,272.37631191761227,267.7919308944566,257.5725755738378,73.9180980514745,6.127833597878862,5.852407526098549,0.27542607178031275,4.192156050444362,268.25836181640625,279.01073473210994,257.50598890070256,3.959773991431786,14.32226664675897,0.0,0.0,0.0,0.0,0.0
2021-07-27 04:00:00,275.5870666503906,278.51084204738186,272.1342972969276,278.36658164145285,33604100,272.5113189697266,269.1153060913086,254.43198455810546,228.83639389038086,272.9600855053901,268.5343247759741,258.27902620429086,67.9272207333542,6.005821553524299,5.8830903315837,0.12273122194059916,3.094194536523265,269.1153060913086,279.2921366995662,258.938475483051,4.172049119366022,14.568181270350786,0.0,0.0,0.0,0.0,0.0
2021-07-28 04:00:00,275.2793273925781,279.0590972753007,272.98067033830415,277.943434405772,33566900,272.8681365966797,269.8279800415039,255.23227478027343,229.1824545288086,273.3817658485152,269.17670597755546,258.94570468226294,67.17973570375366,5.817236659990499,5.86991959726506,-0.05268293727456097,3.209294422739939,269.8279800415039,279.60814455774545,260.04781552526237,4.2586120049734495,14.421000966288828,0.0,0.0,0.0,0.0,0.0
2021-07-29 04:00:00,275.54864501953125,277.5876041189694,275.1446864474467,275.29857402961915,18168300,273.3942352294922,270.57816619873046,256.0782528686523,229.5031736755371,273.775743879609,269.7835573148865,259.59680038176367,67.51662434518653,5.624675694728239,5.8208708167576955,-0.19619512202945621,1.9645375029897716,270.57816619873046,279.6351837023694,261.52114869509154,4.245561306015337,14.337652004167209,0.0,0.0,0.0,0.0,0.0
2021-07-30 04:00:00,274.0194091796875,275.70251598499704,273.05763386236777,274.26948015452774,20944800,273.7943359375,271.2182281494141,256.8821051025391,229.80927604675293,273.82004666144144,270.18697177820087,260.16239288364307,63.52903069637246,5.2877196498801595,5.714240583382189,-0.42652093350202946,0.8495264353708176,271.2182281494141,279.2402961371338,263.19616016169437,4.2153339346627945,14.644478801496833,0.0,0.0,0.0,0.0,0.0
2021-08-02 04:00:00,273.93280029296875,275.808244190784,272.89406671324383,275.41391286431883,16267400,274.5454803466797,271.56302032470705,257.61959381103514,230.12449394226076,273.8405473217191,270.54371735103587,260.7024088604794,63.30100517722329,4.9565548642366934,5.562703439553091,-0.6061485753163973,1.3486156264812088,271.56302032470705,279.4194654714446,263.7065751779695,4.043583213674095,12.644017354620837,0.0,0.0,0.0,0.0,0.0
2021-08-03 04:00:00,276.1449279785156,276.2507385273349,273.1441936458983,274.50992752859145,17879000,275.29566650390626,272.0179412841797,258.42652313232423,230.45650161743163,274.2595256229548,271.0771659822244,261.30799784550044,66.59867615857418,4.817076344824727,5.413578020607418,-0.5965016757826911,2.268929017899368,272.0179412841797,279.82675760854727,264.20912495981213,4.051826672021917,12.857181952550803,0.0,0.0,0.0,0.0,0.0
2021-08-04 04:00:00,275.5581970214844,276.5969012290769,273.769280048737,275.2792740204176,16191300,275.7871337890625,272.33436279296876,259.11380676269533,230.78557563781737,274.49564769541473,271.50393084310633,261.86682918573507,64.9320965099987,4.606098096920334,5.252082035870002,-0.6459839389496675,3.429470126041001,272.33436279296876,280.1802561392162,264.4884694467213,4.069682877256359,12.688695859948531,0.0,0.0,0.0,0.0,0.0
2021-08-05 04:00:00,278.4530944824219,278.5589049976431,275.1638403357417,275.9140236806902,13900200,276.11220092773436,272.9162292480469,259.84090698242187,231.15509590148926,275.21518347487057,272.16575595161254,262.5172709620757,69.04768948337968,4.619242593629281,5.125514147421858,-0.506271553792577,3.6516959873205357,272.9162292480469,280.7649742374059,265.06748425868784,3.993426691717348,12.50214709597213,0.0,0.0,0.0,0.0,0.0
2021-08-06 04:00:00,278.3954772949219,278.4339565262084,276.62581421943787,277.48180834700514,16589300,276.0920043945313,273.47021331787107,260.57127838134767,231.52227531433107,275.79341871487986,272.75906274621343,263.13994572022654,68.87443510553797,4.572303804371302,5.014872078811747,-0.4425682744404451,2.864266990601627,273.47021331787107,281.2179821447667,265.7224444909754,3.691147564077588,12.530387162303604,0.0,0.0,0.0,0.0,0.0
2021-08-09 04:00:00,277.3086242675781,280.4055415160007,276.8085117411987,278.67435793533804,16117600,276.0227569580078,273.99966888427736,261.3218469238281,231.88330436706542,276.06891063355226,273.1923543196767,263.6955801730639,65.53398424890597,4.396721847023571,4.891242032454112,-0.49452018543054166,0.7653279895513787,273.99966888427736,281.23536413854515,266.76397363000956,3.6245101800829502,12.620178832590497,0.0,0.0,0.0,0.0,0.0
2021-08-10 04:00:00,275.4909362792969,278.1935226909762,274.2983442260447,277.7607120388484,18616600,276.0131439208984,274.2622314453125,262.02894439697263,232.2348152923584,275.963824387324,273.4112668872596,264.1581431576221,60.269254777173046,4.0640517919506465,4.725803984353419,-0.6617521924027727,-1.1150519970192008,274.2622314453125,281.3018968936269,267.2225659969981,3.612145060265813,12.232902070749429,0.0,0.0,0.0,0.0,0.0
2021-08-11 04:00:00,275.9814453125,277.62607292416914,274.9330843638876,276.23148694196493,13955900,276.08335571289064,274.47574615478516,262.78970916748045,232.5823811340332,275.9670281919014,273.65604578490155,264.62180206565654,61.17566719022865,3.7962278051040244,4.53988874850354,-0.743660943399516,-0.7264911290800646,274.47574615478516,281.44834124069354,267.5031510688768,3.4596303245805706,12.124610371693882,0.0,0.0,0.0,0.0,0.0
2021-08-12 04:00:00,278.7320556640625,278.88594321117694,275.3946946980805,275.6736177116659,14561300,276.4016967773438,274.897966003418,263.60740936279296,232.97306190490724,276.46976045956706,274.1394752972026,265.1751453440254,65.8769247413678,3.762554250233677,4.384421848849568,-0.621867598615891,1.1411961569523177,274.897966003418,281.82528556749367,267.9706464393423,3.444521982889719,12.318674089177389,0.0,0.0,0.0,0.0,0.0
2021-08-13 04:00:00,281.65594482421875,281.7040218560263,278.24162438521927,278.41476627205253,18249000,277.16535034179685,275.47984313964844,264.5141720581055,233.3632275390625,277.41270307132186,274.8553295378708,265.82145120599375,70.03120539873024,3.9265384436641284,4.29284516781248,-0.36630672414835175,2.316417106958002,275.47984313964844,282.63276461046024,268.32692166883663,3.4823073378373732,12.671252356592175,0.0,0.0,0.0,0.0,0.0
2021-08-16 04:00:00,283.3390197753906,283.55061152329273,278.93407230117066,281.98291302988906,22507600,278.10597229003906,276.3257263183594,265.35687957763673,233.81227294921874,278.49021519933433,275.6633000366822,266.5084146793034,72.13423720099809,4.144531600506127,4.26318245435121,-0.11865085384508234,2.8272230318197256,276.3257263183594,282.94993171154573,269.70152092517304,3.3565926572422193,11.328038039688233,0.0,0.0,0.0,0.0,0.0
2021-08-17 04:00:00,281.8770751953125,282.21370240044297,279.953524710054,281.21347728086533,20075300,278.67918701171874,276.9874267578125,266.11225677490233,234.24426902770995,279.1060079258758,276.25508814702795,267.1111072485587,67.69080670628331,4.151470470840422,4.240840057649052,-0.08936958680862972,2.867558192008346,276.9874267578125,282.9956268172029,270.9792266984221,3.1642403806950807,11.513012808464424,0.0,0.0,0.0,0.0,0.0
2021-08-18 04:00:00,280.1522216796875,284.0934094395426,279.7089369385495,281.41455687924235,21813000,279.1385894775391,277.4628616333008,266.85698944091797,234.6783827972412,279.296228608387,276.62624372156694,267.6225235007598,62.77736274895655,3.9720015506725304,4.187072356253748,-0.2150708055812176,2.270418650145989,277.4628616333008,282.8278118850178,272.0979113815838,3.3029228685143925,11.734261334264993,0.0,0.0,0.0,0.0,0.0
2021-08-19 04:00:00,285.97247314453125,286.6470164928712,278.13829528997536,278.1864643546096,29850500,279.89052734375,278.00136413574216,267.6985070800781,235.1422663116455,280.5100912513223,277.5163608094683,268.34212936914304,70.54642422915991,4.250420587045085,4.199742002412016,0.050678584633068624,3.558836020620393,278.00136413574216,284.4613134593699,271.54141481211445,3.721768517104863,12.464916015685832,0.0,0.0,0.0,0.0,0.0
2021-08-20 04:00:00,293.2863464355469,294.7125096493585,287.21557336643235,288.8151805177053,40817600,281.3796142578125,278.7358093261719,268.61609252929685,235.6231446838379,282.8330467393631,279.01826420242816,269.32033395998246,77.03347239479325,5.003560201867629,4.3605056423031385,0.6430545595644901,6.433540938243354,278.7358093261719,288.1469915840917,269.324627068252,4.1379013047682225,14.626421155511975,0.0,0.0,0.0,0.0,0.0
2021-08-23 04:00:00,293.5657653808594,294.2884777670295,290.8676509020545,292.21670814145693,22830200,283.0053283691406,279.51404266357423,269.5267626953125,236.05786849975587,284.78445012872606,280.4037405051359,270.2711351921737,77.23971570853745,5.558896052971534,4.600183724436818,0.9587123285347161,5.427366834090441,279.51404266357423,291.01218003051656,268.0159052966319,4.160350017878114,14.534026978949196,0.0,0.0,0.0,0.0,0.0
2021-08-24 04:00:00,291.6096496582031,294.5294067686128,291.0122120736746,293.92232360780326,18175800,284.61719970703126,280.31517181396487,270.3598394775391,236.44986907958983,286.0253954977219,281.47096994828513,271.10793968103764,72.34194869600168,5.774595581767301,4.835066095902914,0.9395294858643863,4.746547067387397,280.31517181396487,292.84749157626356,267.78285205166617,4.209605268920849,14.339313264210302,0.0,0.0,0.0,0.0,0.0
2021-08-25 04:00:00,291.02178955078125,293.5079068482192,289.4896430501033,293.22844986666524,20006100,286.12123413085936,281.102294921875,271.21058990478514,236.83687736511231,286.9338307800963,282.3805718151895,271.8888749700472,70.88719530565878,5.830888758644619,5.0342306284512555,0.7966581301933635,4.945091527327028,281.102294921875,294.26453047069265,267.94005937305735,4.254119492936171,14.375962256786377,0.0,0.0,0.0,0.0,0.0
2021-08-26 04:00:00,288.2080993652344,291.42657543670686,288.07320832644916,290.0389651127222,17666100,287.06883850097654,281.73526763916016,272.0239175415039,237.23526412963867,287.1655159773941,282.9355744390033,272.5288445541722,64.22954486678356,5.584090306825203,5.144202564126045,0.43988774269915787,4.61618202678169,281.73526763916016,294.99023653773247,268.48029874058784,4.3631256963128635,15.03862872032883,0.0,0.0,0.0,0.0,0.0
2021-08-27 04:00:00,288.8150939941406,289.923246916712,286.0302286233498,288.11164347107103,22605700,287.7847534179688,282.4750518798828,272.78167602539065,237.67192016601564,287.46543925316615,283.4955286823497,273.1675210027984,64.99337483805346,5.375514563610693,5.190464964022976,0.1850495995877175,4.650185329346623,282.4750518798828,295.56736627766026,269.38273748210537,4.3842677333528774,14.752044887695694,0.0,0.0,0.0,0.0,0.0
2021-08-30 04:00:00,292.5443115234375,293.1513945858638,290.10636310625455,290.1641777400818,16348100,288.7052825927734,283.40562744140624,273.64229553222657,238.10077262878417,288.38887057503365,284.35731752435805,273.92739514086276,69.32695358975882,5.448328532789901,5.242037677776361,0.20629085501354005,4.955388366245894,283.40562744140624,296.5868886018948,270.22436628091765,4.415776456695141,15.138712585571762,0.0,0.0,0.0,0.0,0.0
2021-08-31 04:00:00,290.89654541015625,293.42121586283224,290.53036644546444,293.3441394842218,26285300,289.6072296142578,284.1432083129883,274.40840515136716,238.52668563842772,288.84481145414685,284.9801011325293,274.5928520141684,65.47036137195236,5.311841570457204,5.25599845631253,0.055843114144674466,3.280811484985535,284.1432083129883,297.2645641635126,271.021852462464,4.429909375058445,15.349904804684735,0.0,0.0,0.0,0.0,0.0
2021-09-01 04:00:00,290.8484191894531,294.0861866329376,290.5207930363041,291.8505888037755,18983800,290.6768493652344,284.90771942138673,275.1181527709961,238.94724983215332,289.2091037696571,285.538988566522,275.2303252367286,65.35600562894436,5.1405344049215955,5.232905646034344,-0.09237124111274841,2.6503230723446958,284.90771942138673,297.70060635343435,272.1148324893391,4.435205452453951,15.284697041676946,0.0,0.0,0.0,0.0,0.0
2021-09-02 04:00:00,290.1930847167969,292.3226688129112,289.2583755946985,291.2048996220678,16285600,291.0989105224609,285.49471893310545,275.81941284179686,239.36109977722168,289.38800939640976,285.98223581892915,275.81710011829995,63.723778103476455,4.895460406698362,5.165416598167147,-0.26995619146878536,2.950225560458297,285.49471893310545,298.11681172759035,272.87262613862055,4.406769434411497,15.095573390803002,0.0,0.0,0.0,0.0,0.0
2021-09-03 04:00:00,290.1834411621094,291.59031279621104,289.33545407068243,290.03887518411466,14747900,290.7886199951172,286.08411712646483,276.49316345214845,239.78812622070313,289.5326333538097,286.38235061351776,276.3804860415866,63.69856747463357,4.64689285493364,5.061711849520446,-0.41481899458680616,3.580631780208088,286.08411712646483,298.40776923067415,273.7604650222555,4.2380779703691065,15.092163867537309,0.0,0.0,0.0,0.0,0.0
2021-09-07 04:00:00,289.2583923339844,290.1352868730688,287.3504504950294,290.05821049267576,17180400,290.3578826904297,286.68160552978514,277.18053833007815,240.22402618408202,289.4827713502051,286.6562593488003,276.88550197462183,61.1974854620979,4.325397084726944,4.914448896561746,-0.5890518118348016,1.1490333853889645,286.68160552978514,298.3554251452294,275.0077859143409,4.198613370493632,15.056359206325046,0.0,0.0,0.0,0.0,0.0
2021-09-08 04:00:00,289.28729248046875,289.67273318736136,286.6469927606512,288.8729444557402,15046800,290.1256469726562,287.3714233398438,277.7973205566406,240.65365631103515,289.44722973752573,286.9068339327687,277.37184670034134,61.24867778809755,4.026526084601073,4.736864334169612,-0.7103382495685384,-1.363532262473377,287.3714233398438,297.8279736410295,276.9148730386581,4.101561079473425,14.727549241312296,0.0,0.0,0.0,0.0,0.0
2021-09-09 04:00:00,286.4350280761719,291.1471272624396,286.1941239314484,289.8751463205612,19927000,289.66697082519534,287.8941024780273,278.3055041503906,241.07874229431152,288.89955670818864,286.8619000416642,277.7272655778249,53.71640023188691,3.5189504928821407,4.493281565912118,-0.974331073029977,-2.429008469511562,287.8941024780273,296.8975372255636,278.89066773049103,3.847581231480234,15.36728893337204,0.0,0.0,0.0,0.0,0.0
2021-09-10 04:00:00,284.9509582519531,289.00780391167245,284.63297782283513,287.56237951030295,19633400,289.3412567138672,288.2050476074219,278.7936248779297,241.49774826049804,288.18162971614584,286.6799055855013,278.01054764347697,50.25346144840861,2.9627879721631984,4.187182847162334,-1.2243948749991356,-2.2834262906096137,288.2050476074219,296.25527134536185,280.1548238694819,3.535780487480955,15.253564478813985,0.0,0.0,0.0,0.0,0.0
2021-09-13 04:00:00,286.1844787597656,287.6781021035082,283.38035098235275,286.7241016921292,23652900,289.0781951904297,288.43147430419924,279.2929510498047,241.90497161865235,287.8185113604403,286.6327220782884,278.3310939617628,52.967480432425944,2.5916846363580817,3.8680832050014837,-1.276398568643402,-1.662181652611805,288.43147430419924,295.9428068766965,280.92014173170196,3.5984179343509846,14.905885362268293,0.0,0.0,0.0,0.0,0.0
2021-09-14 04:00:00,288.8825988769531,290.42439115897747,287.2540846387654,288.66095649526324,21853400,288.71202392578124,288.70865325927736,279.72986389160155,242.32563743591308,288.01198181798804,286.8469960591136,278.74487846824087,58.323485660658946,2.486633945159838,3.5917933530331547,-1.105159407873317,0.2340321154070013,288.70865325927736,295.82763326618436,281.58967325237035,3.650040627513391,15.112601205406795,0.0,0.0,0.0,0.0,0.0
2021-09-15 04:00:00,293.7296447753906,294.2114531175559,290.83879472239886,292.2264051004147,28356300,288.9953338623047,289.30128173828126,280.26352661132813,242.76402839660645,289.05155690115214,287.5024864130448,279.3325163626389,65.84772954568538,2.762650495860896,3.425964781598703,-0.6633142857378069,1.701625324800271,289.30128173828126,295.9858301312832,282.61673334527933,3.7436542305481697,15.909672758184168,0.0,0.0,0.0,0.0,0.0
2021-09-16 04:00:00,294.11505126953125,294.20177323213824,289.81732959262365,292.70817930849984,19550800,289.3219970703125,289.9994232177734,280.7612322998047,243.2098989868164,289.97219224085745,288.1322544946149,279.9122236138896,66.36767165133088,2.978164260234962,3.3364046773259552,-0.3582404170909932,0.5369237015459438,289.9994232177734,295.46634164011994,284.5325047954269,3.817302554066519,15.61590308725857,0.0,0.0,0.0,0.0,0.0
2021-09-17 04:00:00,288.9596862792969,293.4212355512948,288.6320601855472,293.103255033234,41372500,289.1986572265625,290.1487838745117,281.20411071777346,243.61974906921387,289.78810024784644,288.21105752172747,280.26702607135655,54.43046921704879,2.7018206945237466,3.2094878807655136,-0.507667186241767,-0.6658240399962323,290.1487838745117,295.3069708227581,284.9905969262653,3.9308720391109375,15.58313300195244,0.0,0.0,0.0,0.0,0.0
2021-09-20 04:00:00,283.5922546386719,287.85145146332883,278.98617007456204,285.54839447765664,38278700,288.53953857421874,289.664079284668,281.52963989257813,244.006782913208,288.6615828643601,287.771171532865,280.39742719164343,45.295749703095616,2.026351038437724,2.9728605122999556,-0.9465094738622315,-2.494826883021395,289.664079284668,295.37330996055334,283.95484860878264,4.3335302971832,13.983364361414049,0.0,0.0,0.0,0.0,0.0
2021-09-21 04:00:00,284.0741271972656,286.7144563554884,283.37070598587525,284.93175998192237,22364100,288.0211120605469,289.18949737548826,281.87673217773437,244.401635055542,287.82750001579745,287.41907207233174,280.5416115055894,46.169192345395984,1.5124845770794195,2.6807853252558487,-1.1683007481764291,-2.108581438287138,289.18949737548826,295.1073134022362,283.27168134874034,4.365880365200724,14.004232015195782,0.0,0.0,0.0,0.0,0.0
2021-09-22 04:00:00,287.7166442871094,289.29698969688434,283.7947469001605,285.9339770236081,26626300,287.8640472412109,288.9948471069336,282.2262713623047,244.8141254425049,287.80734442876326,287.44741228326296,280.8229853401588,52.361158807543625,1.3832175210502555,2.42127176441473,-1.0380542433644746,-0.8500818878986016,288.9948471069336,294.8330512397491,283.1566429741181,4.50422673663575,14.758525530033964,0.0,0.0,0.0,0.0,0.0
2021-09-23 04:00:00,288.6609802246094,289.9522229123692,286.70483974436394,287.9768206871402,18604600,288.0866424560547,288.876806640625,282.5652679443359,245.23167259216308,287.9625509370989,287.5629901824388,281.13035768856867,53.84347352534616,1.341508392155049,2.205319089962794,-0.8638106978077449,-0.206532334137155,288.876806640625,294.6374038501388,283.11620943111114,4.517304590192363,14.812294135740359,0.0,0.0,0.0,0.0,0.0
2021-09-24 04:00:00,288.4586181640625,288.8922279642704,286.1266531897196,287.3793723405542,14999000,288.4374084472656,288.8893325805664,282.9286871337891,245.63997482299806,288.052744978365,287.6482880854506,281.4177404523135,53.45959645921225,1.2773996123541451,2.019735194441064,-0.7423355820869189,-0.2864537565064995,288.8893325805664,294.6448947452,283.1337704159328,4.553784307979661,14.401670521122064,0.0,0.0,0.0,0.0,0.0
2021-09-27 04:00:00,283.4670715332031,285.6833776639269,282.28181268174734,285.36539716620223,23571700,288.16566772460936,288.6219314575195,283.1976605224609,246.0434715270996,287.21898617015376,287.25007698523655,281.4981063770543,44.94718976820127,0.8144286193093535,1.7786738794147219,-0.9642452601053684,-1.0361709470042446,288.6219314575195,294.86804505311216,282.37581786192686,4.792628223353603,15.63525425156658,0.0,0.0,0.0,0.0,0.0
2021-09-28 04:00:00,273.20452880859375,280.20039373530875,272.4625547192188,279.2560390156346,43186200,286.5978607177734,287.65494232177736,283.33332397460936,246.4017827606201,284.67090301350646,285.9124057303182,281.1728680410362,33.231234751396485,-0.37624355691178835,1.3476903921494199,-1.7239339490612082,-4.1222635345459,287.65494232177736,296.70365343404086,278.60623120951385,5.362540822444613,19.199560867863642,0.0,0.0,0.0,0.0,0.0
2021-09-29 04:00:00,273.66705322265625,276.33626002135594,272.71308241223153,274.7270371271494,26353700,284.5916015625,286.79346771240233,283.4338037109375,246.74929092407226,282.6702030515337,284.74618168196946,280.87852236188405,34.065401520330255,-1.2679221627220727,0.8245678811751214,-2.092490043897194,-4.373900915715623,286.79346771240233,297.6439962135495,275.9429392112552,5.267553270882701,19.259725971833674,0.0,0.0,0.0,0.0,0.0
2021-09-30 04:00:00,271.662841796875,277.3577907998415,271.37373913316804,275.314928034874,32343600,282.34638061523435,285.8341888427734,283.4541900634766,247.0822784423828,280.66886464159575,283.5001493119605,280.5171231240406,32.188776245874834,-2.1119616153397374,0.23726198187214964,-2.349223597211887,-5.960814928632208,285.8341888427734,298.42763109367735,273.2407465918695,5.382497955013853,19.288694336481658,0.0,0.0,0.0,0.0,0.0
2021-10-01 04:00:00,278.58148193359375,279.4294689940815,271.05564088261934,271.8554294831216,30086300,281.3085601806641,285.2536087036133,283.5217712402344,247.45019424438476,280.2893405128681,283.0317047997351,280.441215626376,43.71569535804807,-2.197263835226863,-0.24964318154765294,-1.9476206536792102,-5.157178756465108,285.2536087036133,298.0695983876611,272.4376190195655,5.673646311464332,21.836571511885055,0.0,0.0,0.0,0.0,0.0
2021-10-04 04:00:00,272.8093566894531,277.280549783183,270.0534285898768,276.9432782460491,31350700,280.2302703857422,284.3849044799805,283.40600952148435,247.76459747314453,278.92934345406536,282.05814783685116,280.14192704061435,37.923771173373034,-2.6995104505089103,-0.7396166353399044,-1.9598938151690057,-7.244000090479319,284.3849044799805,298.11653358233997,270.653275377621,5.9799420932146985,22.808790934845085,0.0,0.0,0.0,0.0,0.0
2021-10-05 04:00:00,278.25396728515625,279.8342833790181,273.71531146174215,273.71531146174215,24993000,279.64825439453125,283.8346832275391,283.41106689453125,248.1055535888672,278.80654778699096,281.6958449271659,280.06788940314544,45.287350733006306,-2.627916948289112,-1.117276697929746,-1.510640250359366,-3.7049178492645884,283.8346832275391,297.62584300521536,270.0435234498628,6.101090125283426,24.217483656723587,0.0,0.0,0.0,0.0,0.0
2021-10-06 04:00:00,282.4456481933594,282.9467476472076,275.12218554145016,275.382351437471,28002600,279.12115478515625,283.4926010131836,283.5482385253906,248.47144096374512,279.46820240633065,281.7672547620415,280.1611348458989,50.186460125456364,-2.2074982977669038,-1.3353210178971775,-0.8721772798697263,-0.4043151484420471,283.4926010131836,297.05174618028576,269.9334558460815,6.3468128728722,24.94690413260623,0.0,0.0,0.0,0.0,0.0
2021-10-07 04:00:00,284.1222839355469,285.8471654194184,283.22612779643686,284.4402643887922,20430500,278.66728515625,283.37696380615233,283.72509765625,248.82656448364258,280.3143990480063,281.99154325475627,280.31647402588516,52.03647686431474,-1.719205070228611,-1.4120978283634642,-0.3071072418651468,0.016952173278284022,283.37696380615233,296.8697351120333,269.88419250027135,6.198136168734696,24.839304050134547,0.0,0.0,0.0,0.0,0.0
2021-10-08 04:00:00,284.1222839355469,285.8471654194184,283.0719456530571,285.44243361714194,17685700,278.23365173339846,283.33553009033204,283.8965704345703,249.17522583007812,281.00674175483186,282.1944709386411,280.4657214733229,52.03647686431474,-1.317047070644719,-1.3930876768197151,0.07604060617499608,-1.2492709139119929,283.33553009033204,296.81303084810224,269.85802933256184,5.683972137422297,24.771936837450788,0.0,0.0,0.0,0.0,0.0
2021-10-11 04:00:00,283.52484130859375,287.1287569463705,282.09867856392,282.26250627801727,19298600,278.2394287109375,283.2025482177734,284.08667907714846,249.53487747192383,281.46457803733404,282.32117287863656,280.585686957059,51.24988758563312,-1.0346161743101447,-1.321393376317801,0.2867772020076562,-1.7792979543058252,283.2025482177734,296.61401246812176,269.7910839674251,5.804424138339256,24.727021719784325,0.0,0.0,0.0,0.0,0.0
2021-10-12 04:00:00,282.2240295410156,284.69088564097564,281.7133139283031,284.5945181012245,17974100,279.14137878417966,282.86961975097654,284.25250366210935,249.87974403381347,281.6026601289125,282.31192113219646,280.6499356858416,49.49556537544227,-0.9053163689054031,-1.2381779748353214,0.3328616059299183,-2.1613459368029386,282.86961975097654,296.0153432452069,269.7238962567462,5.624090489478448,24.491247975720253,0.0,0.0,0.0,0.0,0.0
2021-10-13 04:00:00,285.5291748046875,286.4638838944547,282.81176948302556,284.1801177182295,23416300,280.3275909423828,282.45959625244143,284.4401885986328,250.2305573272705,282.31657188814427,282.61832624386227,280.8412783963846,53.82092709625582,-0.5300377952736426,-1.0965499389229858,0.5665121436493432,0.7274577820735928,282.45959625244143,294.65638982204655,270.2628026828363,5.694981288438003,24.064266672947017,0.0,0.0,0.0,0.0,0.0
2021-10-14 04:00:00,291.7349548339844,292.23602492950124,286.99394774852544,288.323743494712,27262900,282.3348022460938,282.34059143066406,284.7637237548828,250.6162767791748,284.02900515102425,283.48657658577866,281.2684813939375,60.6375002341958,0.26507217552449447,-0.8242255160334898,1.0892976915579844,6.782620370972325,282.34059143066406,294.09704834198317,270.58413451934496,5.976500956313929,25.41293060160024,0.0,0.0,0.0,0.0,0.0
2021-10-15 04:00:00,293.14178466796875,293.3730726386509,289.5860372188823,291.33982641094127,25384800,283.79083251953125,282.54969635009763,285.05749755859375,251.02085372924805,285.6858741541051,284.40612021265395,281.73410113017405,62.006672507391,0.9972265590542406,-0.4599351010159438,1.4571616600701844,7.116213375333791,282.54969635009763,294.93386865229013,270.16552404790514,5.805803094703459,24.62765712649468,0.0,0.0,0.0,0.0,0.0
2021-10-18 04:00:00,296.10980224609375,296.9963131967299,291.6771592711637,292.5251467246416,22729300,286.1208770751953,283.1755737304687,285.4117840576172,251.436728515625,287.5811338071939,285.52075659679105,282.2978541151121,64.78932728246816,1.796252318091149,-0.008697617194525276,1.8049499352856742,8.99900784646064,283.1755737304687,296.96688893334914,269.3842585275883,5.399705745530737,23.718079058737143,0.0,0.0,0.0,0.0,0.0
2021-10-19 04:00:00,297.0155334472656,298.046580784232,296.04227134224186,297.1311627256362,17682100,287.9970336914063,283.82264404296876,285.80592224121096,251.8797735595703,289.2964791962978,286.6154972492172,282.8750180104907,65.61691564457652,2.474051600414839,0.4878522263273476,1.9861993740874913,6.617113020479248,283.82264404296876,298.94192325311485,268.7033648328227,5.284072305021145,23.718659757123703,0.0,0.0,0.0,0.0,0.0
2021-10-20 04:00:00,296.22540283203125,298.4320932312607,294.97268352184886,297.9599010679799,16537100,289.37500915527346,284.24808197021486,286.2206115722656,252.317862701416,290.55628349370386,287.5307263523423,283.3985625132962,64.19931248107343,2.9138662414712257,0.9730550293561233,1.9408112121151024,8.583300230876345,284.24808197021486,300.28002447518514,268.21613946524457,5.103740736645315,23.445969893196743,0.0,0.0,0.0,0.0,0.0
2021-10-21 04:00:00,299.4534912109375,299.70401151928974,295.2135548265935,295.99411129385413,16918100,290.9081298828125,284.78770751953124,286.6900524902344,252.7991374206543,292.17395762410996,288.66622776744657,284.02816756026255,67.30691833384577,3.4827552327361673,1.4749950700321324,2.007760162704035,7.618767894890732,284.78770751953124,302.11895093346834,267.45646410559414,4.82635706387632,23.674762524186647,0.0,0.0,0.0,0.0,0.0
2021-10-22 04:00:00,297.91168212890625,299.7714549252828,296.6011483907177,299.10655718444485,17449300,292.2870697021484,285.26036071777344,287.0736450195312,253.24379104614258,293.2171802613456,289.54674723044275,284.57261911197406,64.43022175773696,3.765783145471346,1.9331526851199752,1.8326304603513708,5.475755790352621,285.26036071777344,303.5046797786042,267.01604165694266,4.443660863222614,23.792995597370695,0.0,0.0,0.0,0.0,0.0
2021-10-25 04:00:00,296.919189453125,298.1429719558944,295.3099367822359,298.1044190576334,17554500,293.6265045166016,285.9329666137695,287.37890991210935,253.6771160888672,293.8902728416691,290.2488845849839,285.0567983410388,62.576158105309794,3.865440548600702,2.319610257816121,1.5458302907845813,4.504013321419409,285.9329666137695,304.877353495392,266.988579732147,4.1442400406578646,22.807701324225576,0.0,0.0,0.0,0.0,0.0
2021-10-26 04:00:00,298.82708740234375,301.03377733794736,297.3720465392761,299.68472017039693,28107300,295.28681030273435,287.214094543457,287.68867126464846,254.13017601013183,294.7878754890645,291.0658562818753,285.5968096767763,64.68025203652324,4.0516660934562765,2.666021424944152,1.3856446685121244,5.175519238798132,287.214094543457,305.9990043300434,268.4291847568706,3.8792418820196457,17.675298730079543,0.0,0.0,0.0,0.0,0.0
2021-10-27 04:00:00,311.4119873046875,314.2353768644904,304.50284339356364,304.50284339356364,52588700,297.8750915527344,289.1013412475586,288.27936950683596,254.6584149169922,297.8104412737232,293.00358304595267,286.60916958375316,74.7605927775189,5.155320104074747,3.163881160770271,1.991438943304476,9.835873945782714,289.1013412475586,309.65641567609185,268.54626681902533,4.736868470311618,22.082615936000522,0.0,0.0,0.0,0.0,0.0
2021-10-28 04:00:00,312.5490417480469,313.0501117800628,309.667808194034,312.5297505959251,26297900,299.9565002441406,291.14565124511716,288.92730590820315,255.18558967590332,300.4901868145093,294.865055303295,287.626419472549,75.4425498921033,6.051961405834959,3.7414972097832084,2.3104641960517505,10.745014255642648,291.14565124511716,312.5147729962441,269.7765294939902,4.780231600287871,21.50268157219267,0.0,0.0,0.0,0.0,0.0
2021-10-29 04:00:00,319.5544738769531,319.92065282329474,312.11535390609777,312.33699627026226,34766000,302.59776916503904,293.19430084228514,289.59894592285156,255.76368362426757,303.9564208258627,297.21642850078626,288.87850003742756,79.17578182910532,7.244327821704189,4.442063332167405,2.8022644895367845,11.916575283608122,293.19430084228514,317.1868458702627,269.2017558143076,4.9784616384840445,21.182016706898448,0.0,0.0,0.0,0.0,0.0
2021-11-01 04:00:00,317.3863830566406,319.429245467658,314.4955333639382,319.30397060914856,27073200,304.7254272460938,295.4231521606445,290.08094665527346,256.33270835876465,306.3982321405496,299.1373765537248,289.9964562342594,75.35760520210376,7.923008477283815,5.138252361190688,2.784756116093128,8.792716744297424,295.4231521606445,319.7224086367408,271.12389568454824,5.1271308385085,19.256142319249015,0.0,0.0,0.0,0.0,0.0
2021-11-02 04:00:00,321.009521484375,321.3178857761328,317.99339758395104,318.2921163018297,26487100,307.1248260498047,297.5609298706055,290.62982177734375,256.9017069244385,309.0548302030633,301.2204379756915,291.21265487151885,77.32546512610786,8.653472928428641,5.841296474638279,2.8121764537903626,9.506572680510583,297.5609298706055,322.99665019612314,272.12520954508784,5.10510572179801,18.76536034763953,0.0,0.0,0.0,0.0,0.0
2021-11-03 04:00:00,321.84796142578125,322.7152105302098,318.6198397635644,321.7515938792344,21500100,309.6870819091797,299.5310455322266,291.2345880126953,257.43708198547364,311.3808540617393,303.18496401855714,292.41403944227426,77.76791410473867,9.194043158373063,6.5118458113852355,2.6821973469878273,8.6920996820959,299.5310455322266,326.11515801138495,272.9469330530682,4.918571481928841,18.59634905453011,0.0,0.0,0.0,0.0,0.0
2021-11-04 04:00:00,324.1990966796875,324.29546419896866,317.52124223556143,320.77827029949265,23992200,312.16164245605466,301.5348861694336,291.89813415527345,257.98119697570803,313.71144362863896,305.18630998628385,293.660512275114,79.00508385369412,9.700346371223759,7.149545923352941,2.5508004478708184,9.15223622041581,301.5348861694336,329.24645202361523,273.823320315252,5.1319419493316,18.59606911497943,0.0,0.0,0.0,0.0,0.0
2021-11-05 04:00:00,323.8329772949219,326.4636610780947,322.2526614356384,326.1938496188393,22570100,314.75377197265624,303.52042083740236,292.6106317138672,258.51879051208493,315.551722477054,306.962183063297,294.8437461974594,78.2746181469949,9.957271315028947,7.711091001688143,2.2461803133408047,9.3197862840092,303.52042083740236,331.66602302864493,275.3748186461598,5.052788071966607,18.654131217815404,0.0,0.0,0.0,0.0,0.0
2021-11-08 05:00:00,324.7291564941406,325.3651469944245,322.27194586748317,325.0278752948011,20897000,317.53476867675784,305.5806365966797,293.3289129638672,259.0437284851074,317.220346843797,308.6542757709964,296.0157230718391,78.79152356400925,10.116582687862092,8.192189338922933,1.9243933489391587,8.440597964309159,305.5806365966797,333.5954010154285,277.56587217793094,5.130566049463121,18.430607438122458,0.0,0.0,0.0,0.0,0.0
2021-11-09 05:00:00,323.7270202636719,326.39622775578675,322.35867170289976,324.84478968180053,21307400,320.02476196289064,307.6557861328125,293.9525671386719,259.5502523803711,318.4033783746833,310.08977524648924,297.1024406087737,76.596843957739,10.04616810759012,8.56298509265637,1.4831830149337488,8.665433309055448,307.6557861328125,334.51041860948385,280.8011536561412,5.171862216854204,18.314102462326847,0.0,0.0,0.0,0.0,0.0
2021-11-10 05:00:00,318.7643127441406,322.45498024865833,317.91635496264894,322.39716561372114,25500900,320.75999450683594,309.31754302978516,294.5099224853516,260.02923454284667,318.46900280549374,310.915921674837,297.9519257905528,66.69012661440529,9.48062824276957,8.74651372267901,0.734114520090559,7.357262200281034,309.31754302978516,334.4661427431819,284.16894331638844,5.266162831734683,19.83323574309019,0.0,0.0,0.0,0.0,0.0
2021-11-11 05:00:00,320.3350524902344,321.62629517799496,318.48492512550797,319.197991984075,16849800,321.53859558105466,310.74754791259767,295.0996551513672,260.4872063446045,318.80828456635567,311.81298175249395,298.8296954650501,68.09658319768548,9.054801282923108,8.80817123472783,0.24663004819527856,7.1974616741929065,310.74754791259767,334.92011674408946,286.5749790811059,5.2640959401576755,18.89416320027498,0.0,0.0,0.0,0.0,0.0
2021-11-12 05:00:00,324.4689636230469,324.96041747042767,321.6455742090313,321.77084906481406,23831000,322.03004455566406,312.31390686035155,295.78517272949216,260.99921104431155,319.83749894029955,313.01831335921327,299.8351569614421,71.5064786186871,8.947758241980864,8.836088636178438,0.11166960580242602,4.192830350356536,312.31390686035155,335.73109304214904,288.89672067855406,5.392119497767307,19.114625275626995,0.0,0.0,0.0,0.0,0.0
2021-11-15 05:00:00,323.8426208496094,325.5867644516325,321.87683485459274,325.25913835367027,16723000,322.67566833496096,313.70054779052737,296.4583563232422,261.4712738800049,320.5657029238104,314.0491997868701,300.77662613352715,70.28080120304995,8.711959191031326,8.811262747149016,-0.0993035561176896,3.6133782520653357,313.70054779052737,336.3494221425175,291.05167343853725,5.3632153343542655,19.17799094056482,0.0,0.0,0.0,0.0,0.0
2021-11-16 05:00:00,327.1574401855469,328.27523883002146,323.3029742696654,323.4667726030353,20886800,323.29046020507815,315.20764312744143,297.2163372802734,261.9605810546875,321.76420060776246,315.2976036343631,301.8111678610573,72.92576350443277,8.692364791119644,8.787483155943141,-0.095118364823497,2.3792395131733812,315.20764312744143,337.18316152460056,293.2321247302823,4.617784984226367,19.272722883087674,0.0,0.0,0.0,0.0,0.0
2021-11-17 05:00:00,327.3795166015625,330.3432389660273,326.298296191854,327.20575534879794,19053400,323.84361572265624,316.76534881591795,297.9781817626953,262.43429275512693,322.78516715208974,316.4482620121916,302.8138482038222,73.09850080668812,8.59567026265313,8.749120577285138,-0.15345031463200876,3.14857034781435,316.76534881591795,337.4544576156934,296.0762400161425,4.665116354808118,19.134638831982866,0.0,0.0,0.0,0.0,0.0
2021-11-18 05:00:00,329.4550476074219,330.5942177948435,325.44872862025187,326.47202852171574,22463500,324.3692108154297,318.2654266357422,298.8385821533203,262.92312103271485,323.9978726894229,317.6870034974516,303.85860112161043,74.72176121227953,8.58752550990431,8.716801563808973,-0.1292760539046629,2.630926984344284,318.2654266357422,337.99789883813185,298.53295443335253,4.47512994462202,19.018916114792884,0.0,0.0,0.0,0.0,0.0
2021-11-19 05:00:00,331.2312927246094,333.15241765352346,330.35282344689676,330.7775927153273,21963400,325.1090423583984,319.93140716552733,299.7641888427734,263.4199208831787,325.3130399685477,318.97693580479995,304.93204000800256,76.05347985229722,8.624975521971805,8.69843635544154,-0.07346083346973487,2.915454631826808,319.93140716552733,337.9830210415236,301.87979328953105,4.377874911271066,18.64817110692049,0.0,0.0,0.0,0.0,0.0
2021-11-22 05:00:00,328.06488037109375,337.5642399354129,327.7945753077866,332.6890561129603,31031100,325.44261474609374,321.48869171142576,300.601796875,263.8995964050293,325.81337458719236,319.84245433492316,305.83921021831986,69.06806485575994,8.303435081322903,8.619436100617813,-0.31600101929491053,1.1924103833101274,321.48869171142576,336.2565597182136,306.7208237046379,4.794886476137789,19.15810224118442,0.0,0.0,0.0,0.0,0.0
2021-11-23 05:00:00,325.98931884765625,327.6980592938018,322.01196030987296,325.38112509299714,30427600,325.66884460449216,322.84680328369143,301.34393127441405,264.3626713562012,325.84536445273125,320.4278700028025,306.6294105567252,64.86254279341796,7.791318032433992,8.453812486981048,-0.6624944545470566,0.6658807792668142,322.84680328369143,333.16536234126073,312.5282442261221,4.934711425750318,19.568631021697872,0.0,0.0,0.0,0.0,0.0
2021-11-24 05:00:00,326.21142578125,326.4527706824411,322.34990736219254,324.6378523117165,21661300,326.41355590820314,323.5867752075195,301.9935668945312,264.8314042663574,325.91192105791646,320.9786848388451,307.3973327223929,65.10738558765833,7.31901470926158,8.226852931437156,-0.9078382221755756,0.45646325790771325,323.5867752075195,332.47626798782693,314.6972824272121,4.743900094096127,13.603890338873336,0.0,0.0,0.0,0.0,0.0
2021-11-26 05:00:00,318.266357421875,326.23073957142407,316.76036751775325,322.77469337120857,24217200,326.20668640136716,323.8726409912109,302.4765930175781,265.25241790771486,324.5218185786362,320.7203679419908,307.8235689851177,51.32895818378289,6.231774291107797,7.827837203371285,-1.5960629122634877,-1.6868109549055377,323.8726409912109,331.5531088984023,316.19217308401954,5.119569552040024,16.561915694004274,0.0,0.0,0.0,0.0,0.0
2021-11-29 05:00:00,324.9756774902344,327.29258219620067,323.15109625287187,323.34418392046973,28563500,326.2573577880859,324.143701171875,303.19691284179686,265.70458480834964,324.60433838074493,321.125635518014,308.4962006912007,59.18425620930109,5.84414679753894,7.431099122204817,-1.5869523246658765,1.9485759533813818,324.143701171875,331.5606261895458,316.72677615420423,5.54335695542462,16.338123179984045,0.0,0.0,0.0,0.0,0.0
2021-11-30 05:00:00,319.144775390625,326.08585570049416,317.60016244351027,323.7110306026671,42885600,325.7875732421875,324.2316207885742,303.90796325683596,266.1337718963623,323.61169056435944,320.93698217254837,308.913791855884,51.41741873994621,5.00870689238036,6.946620676239926,-1.9379137838595657,-0.37157254267253803,324.2316207885742,331.34683063620685,317.1164109409416,5.86108104143154,17.474040070109854,0.0,0.0,0.0,0.0,0.0
2021-12-01 05:00:00,318.6524658203125,327.5339693788618,317.9863810414146,323.5276501773053,33337600,324.93707580566405,324.11376800537107,304.5995300292969,266.5554119873047,322.71001333816906,320.71940918662114,309.29570063880277,50.811123673347666,4.25780811899898,6.408858164791737,-2.151050045792757,-1.7926206986908388,324.11376800537107,331.52559019412166,316.7019458166205,6.128004115461847,16.98259378276373,0.0,0.0,0.0,0.0,0.0
2021-12-02 05:00:00,318.0829162597656,321.94443467534484,316.4514223722996,318.8648713820366,30766000,324.0074157714844,323.92551574707034,305.20685546875,266.97617141723634,321.8687229602775,320.4683146221587,309.64029732982095,50.07546446356294,3.57554093138873,5.842194718111136,-2.266653786722406,-1.778550511582766,323.92551574707034,331.7589162833047,316.09211521083597,6.295978561930293,16.95384265908732,0.0,0.0,0.0,0.0,0.0
2021-12-03 05:00:00,311.8272399902344,321.1817696501505,307.01963950096615,320.49632899700646,41779300,322.2446350097656,323.30692291259766,305.6701806640625,267.37918228149414,320.042998783906,319.645355133404,309.7260597870921,42.753653119947444,2.5012259004335533,5.17400095457562,-2.6727750541420665,-4.685878513604336,323.30692291259766,332.8226779002584,313.79116792493693,6.9771760740010835,17.97250256349609,0.0,0.0,0.0,0.0,0.0
2021-12-06 05:00:00,314.8971252441406,316.1135127790288,308.1780925192748,312.7346847030442,30032600,320.61121826171876,322.8601303100586,306.1989508056641,267.82853637695314,319.10738541303954,319.1931427629979,309.92884666776064,46.85993000695218,1.875913222356587,4.514383408131814,-2.638470185775227,-3.8128198999736407,322.8601303100586,333.0846216261631,312.6356389939541,7.278996835623526,18.44932536049112,0.0,0.0,0.0,0.0,0.0
2021-12-07 05:00:00,323.3247985839844,324.17430749056354,318.6716640002172,320.1583561435397,31021900,320.1372100830078,322.78991241455077,306.9961053466797,268.325977935791,319.87418780775675,319.58663379356807,310.4541781154557,56.157438912158185,2.0369109834820733,4.0188889232018665,-1.9819779397197932,-1.8607239646066365,322.78991241455077,332.9795883493619,312.60023647973964,7.586490956056873,20.953117049745522,0.0,0.0,0.0,0.0,0.0
2021-12-08 05:00:00,323.3731689453125,323.8848188965732,319.34752350913357,323.70139443658877,24761000,319.87559509277344,322.7722198486328,307.9994781494141,268.8175202178955,320.5103661964032,319.9472561889723,310.96080520682267,56.20480061514249,2.1436947740597248,3.6438500933734383,-1.5001553193137136,-2.372397763103329,322.7722198486328,332.95627199314566,312.58816770411994,7.621658999861613,20.924111691023096,0.0,0.0,0.0,0.0,0.0
2021-12-09 05:00:00,321.5679626464844,324.8405842928064,320.6218799972191,322.832607612771,22214200,319.4112487792969,322.91240234375,308.95749633789063,269.3267121887207,320.7026564600543,320.1016091849258,311.37677216524077,53.86607683091119,2.058922657095138,3.3268646061177787,-1.2679419490226405,-1.9803758687185091,322.91240234375,332.9401507324875,312.8846539550125,7.555460079932735,20.250440888151246,0.0,0.0,0.0,0.0,0.0
2021-12-10 05:00:00,330.6811218261719,331.12518817346324,323.19943025665486,323.38285472943636,38095700,320.65272521972656,323.42970581054686,310.1378619384766,269.8652052307129,322.5169228902575,321.10918181742545,312.13380548527726,62.377144999127346,2.6960179113332856,3.20069526716088,-0.5046773558275945,1.4392505236370035,323.42970581054686,333.95284289429685,312.9065687267969,7.974021185709684,22.506603487631164,0.0,0.0,0.0,0.0,0.0
2021-12-13 05:00:00,327.6497802734375,331.8878102110468,327.3408517779993,328.8854647941473,28899400,320.9201354980469,323.58874664306643,311.1192279052734,270.3666638946533,323.4501696871993,321.73209595609325,312.742275084813,58.51038483796965,2.922626343793695,3.145081482487443,-0.2224551386937481,0.44092707321417013,323.58874664306643,334.272931303626,312.90456198250683,7.60097074323977,22.410802830672587,0.0,0.0,0.0,0.0,0.0
2021-12-14 05:00:00,316.97265625,323.05456390849514,312.8890909419122,321.683712251311,44438700,320.7029235839844,323.24524841308596,312.0024938964844,270.82946632385256,322.2724399713449,321.27881598408436,312.90817238540853,47.37147377106513,2.2151258905036,2.9590903640906747,-0.7439644735870745,-0.4064837962625578,323.24524841308596,334.3293236482191,312.16117317795283,8.222954262547237,25.31985891943769,0.0,0.0,0.0,0.0,0.0
2021-12-15 05:00:00,323.0642395019531,323.5855526741377,313.26564359900055,317.23333915012444,35381100,321.14410095214845,323.04058837890625,312.8986993408203,271.353000869751,322.4164035223646,321.44885631911944,313.3064495272338,52.882728618882275,2.12151108377401,2.7915745080273417,-0.6700634242533319,-0.5881787840379848,323.04058837890625,333.9705977043275,312.110579053485,8.667028959324995,26.03678024903797,0.0,0.0,0.0,0.0,0.0
2021-12-16 05:00:00,313.65179443359375,325.10121065165634,311.83687625533753,324.0875444975225,35034800,320.70098876953125,322.3542022705078,313.522822265625,271.8334552001953,320.8228382334971,320.7062789966884,313.3199924647381,45.035116488617625,1.2731390663956859,2.4878874197010106,-1.2147483533053247,-1.7211564721082984,322.3542022705078,333.8466242967197,310.8617802442959,8.938026269514138,27.93878291987859,0.0,0.0,0.0,0.0,0.0
2021-12-17 05:00:00,312.5898742675781,313.67112406852533,306.2666502470529,309.7709825901244,47750300,320.7772521972656,321.5109436035156,314.0921740722656,272.2852345275879,319.3259356942391,319.93328807010647,313.291360378575,44.23751042103031,0.5092398478969358,2.0921579053401955,-1.5829180574432598,-1.9025716738539367,321.5109436035156,333.28118504804127,309.74070215898996,8.822186915738907,27.766856024076375,0.0,0.0,0.0,0.0,0.0
2021-12-20 05:00:00,308.83453369140625,311.62446489459614,306.5755493846343,308.9696714904224,28326500,320.1709930419922,320.39110565185547,314.5864190673828,272.7384358978272,317.41840805736035,318.8762638435636,313.11658286143114,41.442247861473234,-0.394631321936572,1.5948000598848422,-1.9894313818214142,-2.907538285019551,320.39110565185547,332.52356505333717,308.2586462503738,8.645660603307473,27.799884171521903,0.0,0.0,0.0,0.0,0.0
2021-12-21 05:00:00,315.9590759277344,316.38384527957237,308.7283631846601,312.09755779178596,24740600,319.4344207763672,319.7858154296875,315.23510375976565,273.1966020202637,317.1530749428829,318.5984364230085,313.22805317775675,48.13764690907409,-0.5299557202251322,1.1698489038628472,-1.6998046240879794,1.3250400887457436,319.7858154296875,331.50725109560534,308.06437976376964,8.510510157412117,29.209947534945336,0.0,0.0,0.0,0.0,0.0
2021-12-22 05:00:00,321.66448974609375,322.0602694505174,314.4724000480661,316.9341062072316,24831500,319.2635528564453,319.5695739746094,316.0239129638672,273.6898203277588,317.97333217983027,318.89044150139756,313.55889382749547,52.79261668027659,-0.17480700151969586,0.9009177227863387,-1.0757247243060346,2.1490715409695715,319.5695739746094,330.96415266732373,308.17499528189506,8.660142807369693,29.9720570288239,0.0,0.0,0.0,0.0,0.0
2021-12-23 05:00:00,323.1028747558594,324.7440317285957,321.2107391407732,321.2300361252478,19617800,319.4170440673828,319.41414642333984,316.77538696289065,274.1676329803467,318.9059762845628,319.29162562087015,313.9331675893921,53.915645340513855,0.22017848544186336,0.7647698753174437,-0.5445913898755803,-0.06863804728153289,319.41414642333984,330.5080980855055,308.3201947611742,7.900940124415273,30.021995979071725,0.0,0.0,0.0,0.0,0.0
2021-12-27 05:00:00,330.59423828125,330.6231984892731,323.8172549933941,323.8462152014172,19947000,319.4083557128906,320.0305404663086,317.5525726318359,274.6895232391357,321.031114829415,320.3680649218587,314.58654291064147,59.34077822592063,1.1247325415205296,0.8367624085580608,0.28797013296246876,2.233045295467506,320.0305404663086,332.176044972109,307.88503596050816,7.871290372533825,29.71272650997015,0.0,0.0,0.0,0.0,0.0
2021-12-28 05:00:00,329.4357604980469,331.90712970709734,328.53796461701063,331.2699756899296,15661500,319.5869537353516,320.25354461669923,318.2784521484375,275.210131072998,322.55923222371166,321.23165497673375,315.1688651689711,58.19976772244962,1.7281970923064023,1.0150493453077292,0.7131477469986731,2.4466982925820835,320.25354461669923,332.93338560204757,307.5737036313509,7.449289147081239,28.89662014250692,0.0,0.0,0.0,0.0,0.0
2021-12-29 05:00:00,330.1115417480469,332.38016007251247,327.9201113620014,329.48402148531875,15042000,320.9008422851563,320.8018829345703,318.95848693847654,275.72020416259767,323.93237940995436,322.0773584787636,315.7548524857976,58.69865645563458,2.235210876058261,1.2590816514578356,0.9761292246004254,-0.17224451005232178,320.8018829345703,334.207572891044,307.3961929780966,7.443771527300624,28.031619511297727,0.0,0.0,0.0,0.0,0.0
2021-12-30 05:00:00,327.5726013183594,331.2506951069542,327.08991153548817,330.0729308583066,15994500,321.3516784667969,321.24788970947264,319.56962829589844,276.2207973480225,324.59423793875527,322.60071493967746,316.2182936164863,55.99468048053467,2.4044348504066875,1.488152291247606,0.9162825591590815,-0.023555320261081647,321.24788970947264,334.94290361488294,307.55287580406235,7.439634332720532,28.214364724772505,0.0,0.0,0.0,0.0,0.0
2021-12-31 05:00:00,324.6764831542969,327.61121600779853,324.22275355126135,326.79066689386144,18000800,322.4541473388672,321.5775680541992,320.13864990234373,276.73723175048826,324.60919161430826,322.7984071505936,316.54998732385144,52.99576462863515,2.2785874001230013,1.6462393130226851,0.6323480871003162,2.430438951876268,321.5775680541992,335.26923373067217,307.88590237772627,6.999008399117555,28.43465536670949,0.0,0.0,0.0,0.0,0.0
2022-01-03 05:00:00,323.1607666015625,326.29824977245147,318.3628296202537,323.7400001560889,28865100,323.5112365722656,322.1442443847656,320.61279541015625,277.2478626251221,324.34584161199086,322.8329175744954,316.8092335700362,51.44291473736376,2.033110300678402,1.7236135105538286,0.3094967901245733,0.029878608588251865,322.1442443847656,335.0524897850833,309.2359989844479,7.241041379056859,27.457943226606364,0.0,0.0,0.0,0.0,0.0
2022-01-04 05:00:00,317.6195068359375,323.5952080741863,314.82954604404773,323.2379929252775,32674300,324.3897338867188,322.28036346435545,321.0069519042969,277.70372772216797,323.12287165270845,322.3364022660613,316.8410089922284,46.12216098124802,1.3755777736485015,1.6540063631727633,-0.27842858952426175,1.2650054846677472,322.28036346435545,334.92148468974483,309.63924223896606,6.812825143243519,28.090191032375937,0.0,0.0,0.0,0.0,0.0
2022-01-05 05:00:00,305.4267272949219,314.78125567055275,305.0405814422899,314.5785047925629,40054300,323.3364990234375,321.38545989990234,321.17710266113284,278.0910005950928,319.9053908603836,320.7259570307147,316.39339010213797,37.04321956809937,-0.12790252030094962,1.2976245864780207,-1.4255271067789703,-2.2915479874196287,321.38545989990234,336.0822365055703,306.6886832942344,6.974183451708549,29.518975546825104,0.0,0.0,0.0,0.0,0.0
2022-01-06 05:00:00,303.0133361816406,307.6664726573991,300.7060649286775,302.30859850808565,39646100,321.4713836669922,320.3674682617187,321.2608276367188,278.4763774871826,316.8341081915212,319.0390407593743,315.86868210525574,35.5514802864425,-1.4969065713743248,0.7387183549075518,-2.2356249262818766,-1.8848920294588178,320.3674682617187,337.156156217081,303.57878030635646,6.523902975451604,29.554997544769545,0.0,0.0,0.0,0.0,0.0
2022-01-07 05:00:00,303.1678161621094,305.54264171592666,299.35455497870817,303.2739937762214,32720000,319.4778778076172,319.4474609375,321.0959442138672,278.87749618530273,314.3493278225372,317.52749555963476,315.3706089310147,35.729891608974,-2.540106139199281,0.0829534560861852,-2.6230595952854663,-4.048391307661181,319.4474609375,337.8939341793418,301.00098769565824,6.4370181837191796,29.565722312177495,0.0,0.0,0.0,0.0,0.0
2022-01-10 05:00:00,303.3898010253906,303.82423357931884,294.1414784951119,298.77528825214137,44289500,316.75743408203124,318.08289489746096,320.9127593994141,279.25986198425295,312.3566865866924,316.18104846113533,314.9007733268726,36.00404764465962,-3.3107724651912918,-0.5957917281693101,-2.714980737021982,-5.6812888283466645,318.08289489746096,337.06047877608313,299.1053110188388,6.69904891238083,27.245085204509117,0.0,0.0,0.0,0.0,0.0
2022-01-11 05:00:00,304.07525634765625,305.6488002414314,299.1614780529444,302.53064320042563,29386800,314.2213836669922,316.9041687011719,320.6031750488281,279.6516042327881,310.8509719977767,315.0281158788992,314.47624324925624,36.89913326120323,-3.8221610713553673,-1.2410655968065216,-2.581095474548846,-5.889027890135812,316.9041687011719,336.30360987549824,297.50472752684556,6.615608919064739,27.26828452766735,0.0,0.0,0.0,0.0,0.0
2022-01-12 05:00:00,307.25128173828125,312.2133458454884,306.10247793014696,308.6028364262324,34372200,311.93535766601565,316.41809997558596,320.4004730224609,280.075491104126,310.1964828596866,314.28746500836417,314.1929114252964,41.01572513892971,-3.925906118284729,-1.7780337011021632,-2.147872417182566,-7.060908461178306,316.41809997558596,336.29167560791404,296.5445243432579,6.654910354449084,25.41323177845145,0.0,0.0,0.0,0.0,0.0
2022-01-13 05:00:00,294.2477111816406,309.77103274969136,293.47541923124135,309.3752235502706,45366000,308.6028686523438,314.97727355957034,319.86523681640625,280.4155527496338,307.296706190951,312.3789170248667,313.4107467098589,31.853139155273226,-4.999770047112008,-2.4223809703041326,-2.5773890768078758,-10.681308326457428,314.97727355957034,336.8952577322218,293.05928938691886,7.566504706636765,28.033768822582612,0.0,0.0,0.0,0.0,0.0
2022-01-14 05:00:00,299.46075439453125,300.05928501415605,293.2340443836935,293.71673416868725,39846400,306.0812957763672,314.26772155761716,319.41749267578126,280.750110168457,305.871987682511,311.1486158219776,312.8636881876892,37.84745944564438,-5.368283694627962,-3.0115615151688986,-2.3567221794590636,-9.284979007765026,314.26772155761716,337.2589182006848,291.27652491454955,7.516855913568825,27.503496722137527,0.0,0.0,0.0,0.0,0.0
2022-01-18 05:00:00,292.1720886230469,299.0745458921932,291.2935897762765,293.54294042354564,42333200,302.9824279785156,313.2468322753906,318.7769525146484,281.0159828186035,303.38109694442664,309.34132751731755,312.0522529106444,33.42101409073709,-6.177260218530876,-3.6447012558412943,-2.5325589626895813,-10.806921138348702,313.2468322753906,338.2747508311081,288.2189137196731,7.859570165580826,28.609960667123772,0.0,0.0,0.0,0.0,0.0
2022-01-19 05:00:00,292.8285827636719,303.0423154877073,292.2204183595071,295.68612760781065,45933900,300.5033355712891,312.44653472900393,318.15686462402346,281.2909433746338,301.46245800247124,307.7686851598275,311.2983834931161,34.167847830648824,-6.688307703606938,-4.253422545394423,-2.4348851582125146,-9.80911832024799,312.44653472900393,339.04297837897445,285.8500910790334,8.317440033734353,28.475845369998765,0.0,0.0,0.0,0.0,0.0
2022-01-20 05:00:00,291.1584167480469,300.8604673943379,290.71435049782207,298.3698016436407,35380700,299.0765045166016,311.20650177001954,317.4854498291016,281.5477656555176,299.5889959562122,306.186754834896,310.5085808756624,33.1490880054819,-7.145713618190939,-4.831880759953727,-2.3138328582372125,-9.902919277627708,311.20650177001954,339.3792910201744,283.0337125198647,8.74496384266648,26.833015692355826,0.0,0.0,0.0,0.0,0.0
2022-01-21 05:00:00,285.7812194824219,293.5814708945945,285.37574723274486,292.21064885161906,57984400,297.35329284667966,309.41233825683594,316.7265338134766,281.76162940979003,297.07849114279577,304.2433705156128,309.53888042886865,30.04322856152227,-7.85159765088423,-5.435824138139827,-2.415773512744403,-10.024033999259785,309.41233825683594,339.2991379122034,279.5255386014685,9.089053928760226,25.980074086854966,0.0,0.0,0.0,0.0,0.0
2022-01-24 05:00:00,286.1094970703125,286.82386842126607,266.49297997417904,282.08388134377833,85731500,295.6474609375,307.5626693725586,316.0734375,281.96466018676756,295.08412858416244,302.51633494939375,308.6200810814743,30.47152343369099,-8.288976414206672,-6.0064545933531965,-2.282521820853476,-6.324669224496693,307.5626693725586,338.44432765873336,276.6810110863839,9.974444521252318,25.8327266576348,0.0,0.0,0.0,0.0,0.0
2022-01-25 05:00:00,278.5022888183594,284.77725480885573,275.2972516566814,281.4273871708722,72848600,293.15870971679686,304.95807189941405,315.2367822265625,282.1293670654297,292.0692486267437,300.22928293691433,307.4389911888032,26.432953855081536,-9.144033637316454,-6.633970402145848,-2.5100632351706063,-8.089098543368456,304.95807189941405,336.4418651554979,273.4742786433302,10.120629048644641,24.39295215364076,0.0,0.0,0.0,0.0,0.0
2022-01-26 05:00:00,286.437744140625,297.8195767322565,282.8851546395586,297.32722375809846,90428900,291.39495849609375,302.808171081543,314.47615783691407,282.32137298583984,291.04533872017663,298.91580305155344,306.6154128731884,35.96683243584668,-9.07671697857711,-7.1225197174321,-1.9541972611450102,-5.518419545080766,302.808171081543,333.10405480451027,272.5122873585757,10.601940657233895,27.672498347554985,0.0,0.0,0.0,0.0,0.0
2022-01-27 05:00:00,289.45941162109375,296.6611350858043,287.6155330759337,292.18178912511314,53481300,289.615771484375,300.7755645751953,313.78849365234373,282.5424008178711,290.75698833852516,298.01519434389064,305.9426285103612,39.198029570335486,-8.679492937207442,-7.433914361387169,-1.2455785758202733,-4.591581311308168,300.7755645751953,328.7222365560512,272.8288925943394,10.835010886980873,28.193432129775324,0.0,0.0,0.0,0.0,0.0
2022-01-28 05:00:00,297.5879211425781,297.8003058303216,284.2560313928482,289.8359242315118,49743700,289.9497924804688,299.2763305664063,313.19710327148437,282.7853118133545,291.9989761210802,297.9745016580514,305.6149929273109,46.95281433959917,-7.620937809780003,-7.471319051065736,-0.14961875871426678,-2.1334636967833442,299.2763305664063,324.2266141656941,274.32604696711843,11.36045286557051,30.721973135663855,0.0,0.0,0.0,0.0,0.0
2022-01-31 05:00:00,300.2137145996094,301.5652399492526,295.76329997634053,298.25399547736595,46444500,290.02508850097655,298.0531921386719,312.65378723144534,283.03540267944334,293.4925649353582,298.1877600334379,305.4031780909304,49.20650605891687,-6.495272202718581,-7.2761096813963055,0.7808374786777241,-2.2904923614497807,298.0531921386719,319.97527271882433,276.1311115585194,11.083251786192307,31.0375152682683,0.0,0.0,0.0,0.0,0.0
2022-02-01 05:00:00,298.070556640625,299.8758114270801,294.56622466172195,299.66342677802413,40950400,290.61493530273435,296.798681640625,312.0260974121094,283.28437339782715,294.3249270635885,298.17659780555095,305.1156243085655,47.43513083196197,-5.7102844309202965,-6.962944631301104,1.2526602003808076,1.299192929532933,296.798681640625,315.2712943979787,278.32606888327126,11.023263768292338,31.059842659392757,0.0,0.0,0.0,0.0,0.0
2022-02-02 05:00:00,302.6078796386719,304.2104133019044,298.1864540558619,298.9104887522053,36636000,291.5928649902344,296.04810028076173,311.4536291503906,283.55833351135254,295.83091844087636,298.5986246468006,305.0172813803344,51.422219589763884,-4.668239362790587,-6.504003577599001,1.835764214808414,1.0509307807307522,296.04810028076173,312.00759062288284,280.0886099386406,10.880532851395714,31.345748853938055,0.0,0.0,0.0,0.0,0.0
2022-02-03 05:00:00,290.820556640625,300.4550540690847,289.57520891247447,298.7752738080084,43730000,291.5590789794922,295.3177917480469,310.70874267578125,283.7622260284424,294.91994356810335,297.85785626526007,304.4605470768164,42.42031550128858,-4.738922248142387,-6.150987311707679,1.4120650635652918,-0.4625807991418318,295.3177917480469,310.7998824791968,279.83570101689696,10.647465509091957,31.43262480036832,0.0,0.0,0.0,0.0,0.0
2022-02-04 05:00:00,295.34814453125,298.10911517984084,289.58482894873913,289.8165105525263,35096500,292.515771484375,294.93453216552734,310.0959191894531,284.00511695861815,294.9977982886754,297.61883610011625,304.1031979573824,46.3083215522584,-4.379120662791024,-5.796613981924349,1.4174933191333245,0.8604220748531066,294.93453216552734,309.98807619794763,279.88098813310705,10.768825909137613,31.973239287120652,0.0,0.0,0.0,0.0,0.0
2022-02-07 05:00:00,290.5309753417969,297.1824248464775,289.5173091795903,295.57025756283554,28533300,292.9579193115234,294.30269012451174,309.38231018066404,284.2048268890381,294.1856486619702,296.94380174218105,303.5709539332418,42.982783786929055,-4.431595929691014,-5.523610371477682,1.0920144417866684,-0.21549828895826018,294.30269012451174,308.95668905946485,279.64869118955863,10.732965269754215,32.41628506156499,0.0,0.0,0.0,0.0,0.0
2022-02-08 05:00:00,294.0159912109375,294.98137075377906,289.5656056597399,290.82058728101566,32421200,294.50928955078126,293.83399963378906,308.8973028564453,284.4200427246094,294.1548018526915,296.6649626439674,303.1962495127593,46.00386935842108,-4.144199548901327,-5.247728206962411,1.1035286580610846,2.881495062352113,293.83399963378906,307.84998073020694,279.8180185373712,10.343360857566982,32.783288185985796,0.0,0.0,0.0,0.0,0.0
2022-02-09 05:00:00,300.4357604980469,301.1308349501558,296.74803301981893,299.14215544071413,31284700,295.9090911865234,293.6520248413086,308.40650451660156,284.6653421783447,295.29679433366516,297.02408624911783,303.0879950415941,51.13971922185288,-3.359685751317727,-4.870119715833474,1.5104339645157472,5.007265950425133,293.6520248413086,307.1946616822716,280.10938800034563,10.126841346331446,33.79111968588207,0.0,0.0,0.0,0.0,0.0
2022-02-10 05:00:00,291.91143798828125,298.41808594638906,290.2896076096914,293.51397138416485,45386200,296.1542938232422,292.8850326538086,307.86183776855466,284.9035719299316,294.6812749981408,296.5371673671334,302.64969868656226,45.016912868259865,-3.3867541072512495,-4.573446594117029,1.1866924868657795,4.8147357161101745,292.8850326538086,304.8277787367604,280.94228657085677,10.265443433939007,34.93118733190001,0.0,0.0,0.0,0.0,0.0
2022-02-11 05:00:00,284.8255615234375,293.755321446796,284.03394330282464,292.6933981582962,39175600,294.8780578613281,292.41392517089844,307.1852996826172,285.1162077331543,292.8893270936493,295.4217763344004,301.95071291545935,40.659102205721666,-3.934621122830606,-4.445681499859745,0.5110603770291391,-0.5628387494896692,292.41392517089844,304.8629620047544,279.96488833704245,9.507621269430745,32.706982877928795,0.0,0.0,0.0,0.0,0.0
2022-02-14 05:00:00,284.7869567871094,286.48603416022104,281.26332745127445,283.59952937825824,36359500,293.33538208007815,291.6802352905273,306.5193804931641,285.3302337646484,291.41616885609653,294.40893637751554,301.2776244398378,40.636022220062486,-4.3221022550533235,-4.420965650898461,0.0988633958451377,-1.6142003494779011,291.6802352905273,304.11020576718226,279.2502648138724,9.108368504810423,31.925939114669706,0.0,0.0,0.0,0.0,0.0
2022-02-15 05:00:00,290.06756591796875,290.3861281751453,286.7369950149994,289.62349961792046,27058300,292.5350830078125,291.57500915527345,306.08418701171877,285.5721981811523,291.17096832189145,293.99547252422536,300.83801430172525,45.216936640971156,-4.155184439318191,-4.367809408582407,0.21262496926421637,-2.5271036525055357,291.57500915527345,304.0230664609324,279.1269518496145,8.12850303867748,31.629815334902812,0.0,0.0,0.0,0.0,0.0
2022-02-16 05:00:00,289.72900390625,291.0543038082839,284.09887060149885,288.635864710569,29982100,291.2471954345703,291.42003021240237,305.58082458496096,285.8319968414307,290.908792973593,293.5891421796563,300.402366835236,44.97729548286376,-4.00406363944262,-4.29506025475445,0.29099661531182974,-3.492415630426038,291.42003021240237,303.8795481543039,278.96051227050083,7.895077485935035,31.61840125700427,0.0,0.0,0.0,0.0,0.0
2022-02-17 05:00:00,281.2452087402344,287.11715807302033,280.53901369853236,286.69151031116843,32461600,290.28966064453124,290.9243698120117,304.7392327880859,286.05570976257326,289.15177765843686,292.41352947113995,299.65110573347124,39.349524758180074,-4.516803782248587,-4.3394089602532775,-0.17739482199530965,-5.644753406716541,290.9243698120117,304.19033739528476,277.6584022287387,7.584057183809624,33.215972872400435,0.0,0.0,0.0,0.0,0.0
2022-02-18 05:00:00,278.53643798828125,284.2729679755153,276.96929430412916,283.48939613343924,34264000,288.6084899902344,290.5621307373047,303.8424981689453,286.25023773193357,287.22171590022674,291.0919017108677,298.82307954738536,37.726388240144686,-5.083133996485969,-4.488153967499816,-0.5949800289861535,-7.954664524642608,290.5621307373047,304.7808546583876,276.3434068162218,7.691323876557773,32.76301618619262,0.0,0.0,0.0,0.0,0.0
2022-02-22 05:00:00,278.3332824707031,282.02866399823324,275.2183321526316,275.70201990685416,41736100,287.388720703125,290.1733200073242,302.97780456542966,286.4306521606445,285.6056370948588,289.8767951165663,298.01955809339785,37.601115280560286,-5.485118689994636,-4.68754691199878,-0.7975717779958558,-4.293807258388805,290.1733200073242,305.3009373444232,275.04570267022524,7.774384012823073,32.752854996660616,0.0,0.0,0.0,0.0,0.0
2022-02-23 05:00:00,271.1263427734375,282.1834680729997,270.9619054573808,280.7130382995433,37811200,285.099755859375,289.8045227050781,301.786708984375,286.600364151001,282.97303812732764,288.09103775055405,296.96492219849745,33.36809394715456,-6.312468056029786,-5.012531140804981,-1.299936915224805,-8.201101718873216,289.8045227050781,306.4169275415762,273.19211786858006,8.137363009561609,32.68215570491094,0.0,0.0,0.0,0.0,0.0
2022-02-24 05:00:00,284.9792175292969,285.5306287899003,262.6618519792794,263.61957404294975,56989700,283.5541015625,289.7315963745117,300.9332977294922,286.8438985443115,283.33779801859475,287.79467391995814,296.49489456441114,45.9611122631793,-5.78366666079188,-5.166758244802361,-0.6169084159895188,-1.9109004834918508,289.7315963745117,306.4188684280018,273.0443243210216,8.839942015591857,36.195699148779845,0.0,0.0,0.0,0.0,0.0
2022-02-25 05:00:00,287.6104736328125,287.92004094921725,282.1351235020053,285.51128484773926,32546700,283.12400512695314,289.63914947509767,300.34605407714844,287.13527709960937,284.11464813027067,287.7771310354681,296.14648590042685,47.972467246114995,-5.093552070387204,-5.152117009919331,0.05856493953212638,-2.1786289758401134,289.63914947509767,306.3532351159752,272.9250638342201,8.644272816742589,36.147770203783416,0.0,0.0,0.0,0.0,0.0
2022-02-28 05:00:00,289.0422058105469,289.3807932241622,283.4410920061188,284.7083518645938,34627500,283.54566955566406,289.2118637084961,299.6656134033203,287.41447929382326,285.01056770850266,287.89761434738034,295.8678866812159,49.08299276276269,-4.380605570047123,-4.99781472194489,0.6172091518977663,-3.7923430515103607,289.2118637084961,305.5018996526288,272.92182776436334,8.52102892753946,34.660644451205236,0.0,0.0,0.0,0.0,0.0
2022-03-01 05:00:00,285.3274230957031,290.1836376065008,282.6187539107419,286.73009989470324,31217800,283.59971618652344,288.4675491333008,299.0991259765625,287.6505428314209,285.06817777890274,287.65283422817294,295.45453516805856,46.320357644324964,-4.068443764183542,-4.81194053039262,0.7434967662090788,-2.255483696682836,288.4675491333008,303.98292764792615,272.95217061867544,8.67453739909087,34.68075747060493,0.0,0.0,0.0,0.0,0.0
2022-03-02 05:00:00,290.396484375,291.63472396488993,284.1182261639909,285.7240436842559,31873000,283.6326080322266,288.0838455200195,298.65525817871094,287.926201171875,286.03696079637496,287.9141342421565,295.2561802349975,50.42114974928509,-3.3731389565210748,-4.524180215618311,1.1510412590972363,1.9559069143111563,288.0838455200195,302.9659193594555,273.20177168058353,8.703226974925204,35.341591364412125,0.0,0.0,0.0,0.0,0.0
2022-03-03 05:00:00,286.2657775878906,293.2405468384808,284.45676056249704,293.00838616012356,27314500,283.2862854003906,287.2667404174805,298.2038830566406,288.19128135681154,286.0785638493778,287.7571478941312,294.903615425307,47.253250658542726,-3.1194592189307286,-4.243236016280795,1.1237767973500663,0.5192726582231577,287.2667404174805,300.493636201018,274.039844633943,8.60591507404151,35.086114321084395,0.0,0.0,0.0,0.0,0.0
2022-03-04 05:00:00,280.4034729003906,286.0142690066233,277.80125973691753,284.6889691786735,32356500,283.2021118164063,286.7458862304687,297.4927709960937,288.4241647338867,285.0467291313801,287.0567978947273,294.33498238511424,43.11327045026368,-3.3528061321414384,-4.065150039452924,0.7123439073114852,-3.3316696360016773,286.7458862304687,300.2019763555375,273.28979610539994,8.516139338827347,33.0998965818829,0.0,0.0,0.0,0.0,0.0
2022-03-07 05:00:00,269.8106689453125,280.2389742899834,269.44306157989746,279.116815314173,43157200,282.32953491210935,285.46901245117186,296.4556945800781,288.5879262542725,282.27653637027686,285.41430942335444,293.37324460316125,36.83358615501419,-4.342429173014807,-4.120605866165301,-0.22182330684950635,-6.8748156699501966,285.46901245117186,300.2677308918688,270.67029401047495,8.925975382509247,34.799182437086365,0.0,0.0,0.0,0.0,0.0
2022-03-08 05:00:00,266.8505554199219,274.69595707889357,261.1914024621827,268.736920057862,48159500,281.18126220703124,284.2849914550781,295.33064819335937,288.74318672180175,279.4718125611214,283.6463328515989,292.333139144995,35.28683085168636,-5.304422900248596,-4.35736927298196,-0.9470536272666363,-5.118186149655546,284.2849914550781,301.03859392768385,267.5313889824724,9.490645613128887,34.60553475780826,0.0,0.0,0.0,0.0,0.0
2022-03-09 05:00:00,279.0878601074219,280.1519791699358,271.6197193077244,274.192941941818,35204500,281.9774139404297,283.53858489990233,294.30052062988284,288.9326559448242,279.4020030240851,283.2121925902487,291.81371643763924,45.47972939937524,-5.021477179844908,-4.49019085435455,-0.5312863254903579,0.19797126836376133,283.53858489990233,299.78938596959574,267.2877838302089,9.94393065193095,38.54687761240118,0.0,0.0,0.0,0.0,0.0
2022-03-10 05:00:00,276.2728576660156,277.2499166939854,271.42629534719316,273.7866947163707,30628000,281.1067779541016,282.33043975830077,293.23726257324216,289.1035298156738,278.8330675044361,282.55130354984556,291.20427099561476,43.7717727077274,-4.967129848018658,-4.585578653087372,-0.3815511949312862,-0.7402725201950622,282.33043975830077,296.78548439630106,267.8753951203005,9.83475740568174,37.54577500644545,0.0,0.0,0.0,0.0,0.0
2022-03-11 05:00:00,270.932861328125,280.06488834104937,270.31372684225215,278.5654386141769,27209300,279.4390167236328,281.281510925293,292.05368896484373,289.2488095855713,277.3966663814704,281.444785243015,290.40931375375243,40.65290179707362,-5.293927175131614,-4.7272483574962205,-0.5666788176353936,-0.07136209758642487,281.281510925293,295.8533563931885,266.7096654573975,10.009577964782531,36.89614425667686,0.0,0.0,0.0,0.0,0.0
2022-03-14 04:00:00,267.42132568359375,276.08900319722903,266.8215575071672,271.19408479495587,30660700,277.2769287109375,280.41129913330076,290.8506634521484,289.3870152282715,275.58296807276554,280.1092176659273,289.50782402551096,38.700108600061576,-5.769757814169793,-4.935750248830935,-0.8340075653388581,-6.161113079727687,280.41129913330076,296.1259105081673,264.6966877584342,10.185086096529687,36.26311570888697,0.0,0.0,0.0,0.0,0.0
2022-03-15 04:00:00,277.7819519042969,278.4301066725858,269.63666429329595,271.20380834794634,34245100,276.5223815917969,280.06104888916013,289.91277282714844,289.5752446746826,275.98278331486216,279.8875733076768,289.04798590311043,46.817347125139996,-5.250318669722901,-4.998663933009328,-0.2516547367135731,-3.4173031337737525,280.06104888916013,295.6769745180718,264.44512326024847,10.169887408913484,39.16629245594249,0.0,0.0,0.0,0.0,0.0
2022-03-16 04:00:00,284.7857360839844,284.9598566183486,273.960800034903,279.67796423359994,37826300,275.9613067626953,279.7969573974609,289.14527221679685,289.809457321167,277.5833201819753,280.35406500065847,288.88083885138,51.49341430031725,-4.224811557378018,-4.843893457883066,0.6190819005050479,-1.4726118334954852,279.7969573974609,294.8695451517282,264.72436964319365,9.322050249829536,39.6750949099697,0.0,0.0,0.0,0.0,0.0
2022-03-17 04:00:00,285.58856201171875,285.9658230600183,279.92941011159456,283.72153460608763,30816600,275.8935852050781,279.5899353027344,288.5046533203125,290.0481649017334,279.0388186964741,280.85258852552136,288.75172995570705,52.0142447861101,-3.3091624744694172,-4.5369472612003365,1.2277847867309193,0.09152254388391512,279.5899353027344,294.19461195710534,264.9852586483634,9.340014214201805,39.69309567319084,0.0,0.0,0.0,0.0,0.0
2022-03-18 04:00:00,290.6286315917969,291.1800427447232,283.17985751382827,285.7337136336589,43390600,276.9161010742188,280.0591064453125,288.20869140625,290.3197190093994,281.14605740471455,281.78364024611903,288.8253339414361,55.261921861936194,-2.1520055059796164,-4.059958910156193,1.9079534041765767,0.07994146943497427,280.0591064453125,295.46839421352945,264.6498186770956,9.487191643691204,38.649974685508354,0.0,0.0,0.0,0.0,0.0
2022-03-21 04:00:00,289.4000549316406,290.348093539092,285.27902590005374,289.1388741774251,28351200,278.8750396728516,280.60228729248047,287.93642578125,290.5607010650635,282.646784227792,282.50901307331156,288.84787201948336,54.297230050333816,-1.318882879557293,-3.5117437040364132,2.19286082447912,1.0948837021874436,280.60228729248047,296.5423269211525,264.66224766380844,9.32895750054722,38.4829840638096,0.0,0.0,0.0,0.0,0.0
2022-03-22 04:00:00,294.14019775390625,295.0495331029309,289.0227729955793,290.0191685986224,27599700,281.60400390625,281.39263305664065,287.75587341308596,290.81086097717287,284.73649577799455,283.6167449476539,289.05541420514703,57.388011247943936,-0.2729904214153862,-2.863993047512208,2.591002626096822,4.898913951181849,281.39263305664065,298.3913129386295,264.3939531746518,9.222547665293835,38.78874254334026,0.0,0.0,0.0,0.0,0.0
2022-03-23 04:00:00,289.7193298339844,293.3373349131294,288.0070855267432,290.7060719110069,25715400,282.6671508789062,282.322282409668,287.48246398925784,291.04487968444823,285.6424656063563,284.1979435082568,289.08145011216027,53.73789114804997,0.19689016524239378,-2.251816404961288,2.4487065702036817,7.37875228081033,282.322282409668,298.98733575251833,265.65722906681765,9.033213804663786,37.89513980659705,0.0,0.0,0.0,0.0,0.0
2022-03-24 04:00:00,294.1789245605469,294.2756680245102,288.58749479820733,289.380749871962,24484500,284.4577575683594,282.78226776123046,287.28453735351565,291.29629135131836,287.19454905257277,285.1485131322844,289.28135107092055,56.72786145334071,0.9185376097257745,-1.6177456020238754,2.53628321174965,10.241076357371814,282.78226776123046,300.2448770933601,265.3196584291008,8.834903474330199,33.863925931487096,0.0,0.0,0.0,0.0,0.0
2022-03-25 04:00:00,293.77264404296875,295.5332748935633,289.5258800923185,295.27209408375734,22566500,286.7417358398437,283.09037628173826,287.01496459960936,291.52811920166016,288.3905663235538,285.96985893330196,289.4574802070793,56.3704174731577,1.4410533997595394,-1.0059858016671925,2.447039201426732,5.26170644968027,283.09037628173826,301.11992001259637,265.06083255088015,8.481116580098172,33.764561223583264,0.0,0.0,0.0,0.0,0.0
2022-03-28 04:00:00,300.5635986328125,300.66031257135194,294.4013915103594,294.4013915103594,29578200,290.05596313476565,283.66644592285155,287.1412823486328,291.7907759094238,290.6038449252372,287.3597389046839,289.89301426299045,60.81490776398955,2.3757381780383184,-0.32964100572609034,2.705379183764409,8.792300905708883,283.66644592285155,303.1724947762645,264.1603970694386,8.008481859503336,34.63121719131216,0.0,0.0,0.0,0.0,0.0
2022-03-29 04:00:00,305.1199645996094,305.51659216822173,298.967439967182,303.66890108993795,30393400,292.7897644042969,284.65607299804685,287.25446655273436,292.0665966796875,293.24313941148665,289.05118897086726,290.4901495703088,63.5014229152948,3.4444379170264483,0.4251747788244174,3.0192631382020307,12.618293367551537,284.65607299804685,306.39720843238103,262.91493756371267,7.526176748862322,34.44539279350223,0.0,0.0,0.0,0.0,0.0
2022-03-30 04:00:00,303.62054443359375,305.6423857684407,301.414928862999,303.52383047434716,28163600,294.6732452392578,285.31727600097656,287.48343566894533,292.3422780609131,295.129940324597,290.43874663398407,291.0050670159278,61.995109703622916,4.122873563479914,1.1647145357555169,2.9581590277243968,13.5363994092341,285.31727600097656,308.54688810643665,262.08766389551647,7.280883330663252,34.14618773885209,0.0,0.0,0.0,0.0,0.0
2022-03-31 04:00:00,298.2515563964844,304.8587480003614,297.8452751937795,303.6591822316137,33422100,295.9395446777344,285.91656494140625,287.5918951416016,292.59582725524905,295.69750688312195,291.18282375422217,291.2892430700673,56.799570214195775,4.179131807017598,1.767597990007933,2.4115338170096647,7.3689468850876905,285.91656494140625,309.8567697622993,261.9763601205132,7.085334138362157,34.39136608770543,0.0,0.0,0.0,0.0,0.0
2022-04-01 04:00:00,299.32537841796875,300.01220684451596,295.57195627521304,299.27699192361627,27110500,296.80921936035156,286.86266021728517,287.755234375,292.83781829833987,296.3571198894577,291.9583051507695,291.6043856327301,57.56554833543999,4.2612443607109185,2.26632726414853,1.9949170965623884,5.105467195764524,286.86266021728517,311.3742422366649,262.35107819790545,6.740534486879377,33.3240235392349,0.0,0.0,0.0,0.0,0.0
2022-04-04 04:00:00,304.69427490234375,304.8296921264754,299.605870116793,299.9734775453708,24289600,298.33864135742186,288.6068405151367,288.13349548339846,293.11372299194335,297.87296625543695,293.1712546509194,292.11771462369535,61.263693182863136,4.705304407392816,2.754122692797387,1.951181714595429,6.689943307267687,288.6068405151367,312.9734986230357,264.2401824072377,6.34735825255899,29.864529673317403,0.0,0.0,0.0,0.0,0.0
2022-04-05 04:00:00,300.7377014160156,304.5975202300645,299.76064270992003,303.04971351922677,23156700,298.99839172363284,290.3011978149414,288.4260595703125,293.3544561767578,298.39382719372395,293.8918686285476,292.4557533214334,57.30052235050209,4.683968901953392,3.1400919346285883,1.5438769673248038,3.478346152218581,290.3011978149414,312.9501970574481,267.6521985724347,5.914113653200283,30.026830581555796,0.0,0.0,0.0,0.0,0.0
2022-04-06 04:00:00,289.72900390625,296.98432119939486,287.03001760705087,295.23337365440614,40110400,298.9993591308594,290.8332550048828,288.6505938720703,293.52629600524904,296.8184047778196,293.4954053216622,292.3488219718184,47.996861966959884,3.735687791192447,3.25921110594136,0.4764766852510869,0.11366583005212316,290.8332550048828,312.8646599008249,268.8018501089407,6.462061571810357,29.83518517288781,0.0,0.0,0.0,0.0,0.0
2022-04-07 04:00:00,291.53802490234375,293.7436404303179,286.6818092677771,286.9816933883639,31411200,298.7352691650391,291.59651336669924,288.7525994873047,293.7083357238769,295.8583357095512,293.30898813886995,292.31702600830954,49.44935585607563,3.0944699315530215,3.2262628710636925,-0.13179293951067095,-0.8846709397195784,291.59651336669924,312.53456018370326,270.6584665496952,6.39503628121363,29.516250047959147,0.0,0.0,0.0,0.0,0.0
2022-04-08 04:00:00,287.2815856933594,291.2961892637509,286.6140940454331,290.6383808206242,24361900,298.08616333007814,292.41394958496096,288.70904296875,293.8622640991211,294.2989266156981,292.7349498107261,292.11955776066446,46.18095592822211,2.2172816438647374,3.0244666256239015,-0.8071849817591641,-0.8414157736806427,292.41394958496096,311.11197434562183,273.7159248243001,6.364630935868454,29.089479648357997,0.0,0.0,0.0,0.0,0.0
2022-04-11 04:00:00,275.9535827636719,283.06377005501855,275.70205565183903,282.27054447193905,34569300,295.6251617431641,292.84056243896487,288.2763562011719,293.96758377075196,290.96340955169336,291.1367243776733,291.48559795686083,38.8258757005677,0.6010993426653499,2.5397931690321913,-1.9386938263668414,-6.195325455112243,292.84056243896487,309.40526221152203,276.2758626664077,6.761257359737649,32.36068705766211,0.0,0.0,0.0,0.0,0.0
2022-04-12 04:00:00,272.8579406738281,281.2547532210791,271.3391540006482,279.80368992052826,30966700,292.3989593505859,292.59436187744143,287.72924072265624,294.03963256835937,287.6715061193542,289.3958878344499,290.7551015928204,37.08753637629476,-0.9189362947025188,1.8480472762852491,-2.766983570987768,-7.119350216312692,292.59436187744143,310.2142083441831,274.9745154106998,7.031435002113925,29.524993808477014,0.0,0.0,0.0,0.0,0.0
2022-04-13 04:00:00,278.236572265625,279.16524459856345,272.122751236361,273.5061208154424,21907200,289.8605621337891,292.26690368652345,287.33256103515623,294.1256861877441,285.9560636004943,288.33309587551423,290.26417887410685,41.950670439513495,-1.670310569708306,1.1443757070865381,-2.814686276794844,-7.428386693780443,292.26690368652345,310.7214401911271,273.8123671819198,7.128172154678181,28.942764321886905,0.0,0.0,0.0,0.0,0.0
2022-04-14 04:00:00,270.70074462890625,278.9041016621508,270.2074030686159,278.691277815096,28221600,287.10548095703126,291.5225128173828,286.6944183349609,294.17646530151364,283.1823692420237,286.6538243282182,289.49698537429504,37.568879675894564,-2.8411078835997046,0.34727898894928966,-3.1883868725489943,-11.280553213182687,291.5225128173828,312.1807530351474,270.8642725996182,7.3202652826989025,30.332045242402973,0.0,0.0,0.0,0.0,0.0
2022-04-18 04:00:00,271.3681640625,273.2448748903174,269.2592925621962,269.8107036813086,20778000,284.30975952148435,290.55948944091796,286.30537048339846,294.2272152709961,281.03433193665575,285.1980471600546,288.786051205205,38.184710204178096,-3.672780492275251,-0.4567329072956186,-3.2160475849796324,-10.622594867966129,290.55948944091796,313.1028940867223,268.0160847951136,7.112973411251618,29.460813133444937,0.0,0.0,0.0,0.0,0.0
2022-04-19 04:00:00,275.9922180175781,276.83385950003543,269.32701618181187,270.2653715965898,22297700,281.43955383300784,289.8890975952148,285.918251953125,294.2719915771484,280.1175839513689,284.3213015274378,288.2843322566706,42.42233828488429,-3.913650391632757,-1.1481164041630463,-2.765533987469711,-7.463276519943962,289.8890975952148,313.3561934650111,266.42200172541857,7.1813799196218895,30.322566472052753,0.0,0.0,0.0,0.0,0.0
2022-04-20 04:00:00,277.0176696777344,280.24873024308215,276.05997725645005,279.95849984253823,22906700,279.0675506591797,289.03297119140626,285.6479858398437,294.3218473815918,279.5539631743444,283.6257175417518,287.84250235161426,43.349819682352056,-3.9759637086481803,-1.7136858650600733,-2.262277843588107,-7.4526620021789665,289.03297119140626,313.08900031361304,264.9769420691995,7.183455299626339,29.6187786052651,0.0,0.0,0.0,0.0,0.0
2022-04-21 04:00:00,271.6487731933594,283.7312864723143,270.92324140436915,279.16527189939075,29454600,277.2595275878906,288.129443359375,285.20064147949216,294.3339424133301,278.11665590507437,282.48505617523824,287.20745414932975,39.74039575440668,-4.407762594423502,-2.2525012109327593,-2.155261383490743,-10.845461969896098,288.129443359375,313.4035264125288,262.8553603062212,7.597353318295144,29.89551606364654,0.0,0.0,0.0,0.0,0.0
2022-04-22 04:00:00,265.0899353027344,273.9607825716903,264.4611470651918,272.49035276111147,29405800,274.6147186279297,286.67499389648435,284.49372497558596,294.32531326293946,275.74816125010346,280.8283779969045,286.3401004690711,35.81696550511185,-5.219047791426419,-2.8458105270314915,-2.3732372643949278,-11.853441036968315,286.67499389648435,313.7659354636567,259.584052329312,7.958737956666255,29.95550460436924,0.0,0.0,0.0,0.0,0.0
2022-04-25 04:00:00,271.56170654296875,271.93896771296136,261.9363065596579,264.37411220746367,35678900,273.0427307128906,285.5644470214844,284.0867303466797,294.3465428161621,274.98698766698806,279.94583785843446,285.76055560922396,41.91104679316877,-5.278927117020544,-3.332433845029302,-1.9464932719912418,-6.2704448358093305,285.5644470214844,313.2448954739946,257.8839985689742,8.280048488437457,31.718761424101604,0.0,0.0,0.0,0.0,0.0
2022-04-26 04:00:00,261.4042663574219,269.2786893101123,261.19144251967543,268.4467603674442,46518400,271.5877990722656,283.60648040771486,283.61830444335936,294.3199665832519,272.51740197433963,278.17997390595707,284.805407011114,36.115120381525344,-6.075962533731683,-3.8811395827697783,-2.194822950961905,-10.336133187091379,283.60648040771486,312.33955850861906,254.87340230681062,8.668379333499571,32.1956137334236,0.0,0.0,0.0,0.0,0.0
2022-04-27 04:00:00,273.98016357421875,281.47732570453576,270.0526203554486,272.89670744793256,63477700,271.7000213623047,282.0494903564453,283.40216857910156,294.3386689758301,272.7833586288631,277.77999196960104,284.38088766064755,46.06087307784068,-5.627973267037476,-4.230506319623318,-1.3974669474141574,-4.630099101909857,282.0494903564453,309.2055812881567,254.8933994247339,9.123049014795937,36.94482103351211,0.0,0.0,0.0,0.0,0.0
2022-04-28 04:00:00,280.1810302734375,281.4869933800965,272.27755777079875,275.8858797797823,33646600,271.89446716308595,280.8775146484375,283.2044378662109,294.38101837158206,274.12838983696753,278.0086622842521,284.21618737095304,50.17944133677776,-4.718192044851776,-4.32804346466901,-0.39014858018276577,1.5319415198120634,280.8775146484375,306.06570437325377,255.68932492362126,9.276449332421436,38.235687796269765,0.0,0.0,0.0,0.0,0.0
2022-04-29 04:00:00,268.4660949707031,280.4228740335642,267.4793823797048,279.1942879944,37073900,271.67100219726564,279.38824157714845,282.7791796875,294.37191055297853,273.0988816794649,277.0998463496284,283.5985366885903,43.432198355905655,-4.886156672191078,-4.439666106173424,-0.4464905660176539,-1.6095722529750223,279.38824157714845,303.7601002791324,255.01638287516445,9.849275103632058,40.306454717360126,0.0,0.0,0.0,0.0,0.0
2022-05-02 04:00:00,275.1893615722656,275.6440293239036,267.2085121919129,268.6498925117606,35151100,272.05312194824216,278.18144073486326,282.65806274414064,294.3977653503418,273.4789689327014,276.917895418451,283.2687651154011,47.77254590075812,-4.425741233404096,-4.436881131619558,0.011139898215462019,-1.0951869729225572,278.18144073486326,300.7177478681467,255.6451336015798,9.62470275295137,41.60675083435499,0.0,0.0,0.0,0.0,0.0
2022-05-03 04:00:00,272.5870666503906,274.8604049751224,271.0102398651095,274.6959381507982,25978600,271.7126068115234,276.5760803222656,282.5390753173828,294.42859390258786,273.31680488137215,276.5054355357786,282.84987497951835,46.29199954492096,-4.222171567342798,-4.393939218764206,0.17176765142140837,0.6968292695575196,276.5760803222656,295.4344299511503,257.71773069338093,9.214954359146029,40.8317379530727,0.0,0.0,0.0,0.0,0.0
2022-05-04 04:00:00,280.51959228515625,281.39022443680767,267.7018653489587,273.37067229887913,33599300,272.06279907226565,275.56517486572267,282.5828015136719,294.48797653198244,274.6264025911511,276.88773617857646,282.75849134444536,51.251568401601695,-3.381769680705588,-4.191505311152483,0.8097356304468946,3.372329342416358,275.56517486572267,290.7870854714882,260.34326425995715,9.689659053835069,42.47246882005459,0.0,0.0,0.0,0.0,0.0
2022-05-05 04:00:00,268.3016052246094,277.0079848672341,265.3897954748828,276.22441306115445,43260400,271.72808227539065,274.4938049316406,282.5263067626953,294.47626693725584,273.47643943359805,276.0700094210558,282.1915546338635,44.44401460663693,-3.6594507067661652,-4.08509439027522,0.4256436835090547,-2.7865324784189904,274.4938049316406,288.48474103482437,260.5028688284569,10.149166069316392,43.26311999128815,0.0,0.0,0.0,0.0,0.0
2022-05-06 04:00:00,265.76708984375,270.1396166091243,262.4199492559165,265.8444668964473,37780300,271.79579772949216,273.20525817871095,282.1420642089844,294.4290902709961,272.0747395081711,275.0887789851219,281.54745797542773,43.163225095209505,-4.037487487403325,-4.075573009700841,0.03808552229751605,-4.061322097999243,273.20525817871095,285.18979171227903,261.22072464514287,10.415886428251147,43.1537209494521,0.0,0.0,0.0,0.0,0.0
2022-05-09 04:00:00,255.94822692871094,263.4744080237602,254.72935373016503,261.2494559206379,47726000,270.2344497680664,271.6385902404785,281.50881927490235,294.31584419250487,269.1426463119056,273.2658692654637,280.543566561831,38.53065669243627,-5.070930012607562,-4.2746444102821854,-0.7962856023253764,-5.77972286790811,271.6385902404785,284.0593802973222,259.2178001836348,10.668093056491248,44.56923792951715,0.0,0.0,0.0,0.0,0.0
2022-05-10 04:00:00,260.7076721191406,264.81901759782835,256.42220615250693,262.8262266216796,39336400,270.16479034423827,270.876294708252,280.9421286010742,294.2293770599365,267.6090146404938,272.06985048962343,279.7656883483922,41.79181461851247,-5.4431479871053625,-4.508345125646821,-0.9348028614585413,-1.6531231857555007,270.876294708252,284.0316821794146,257.72090723708936,10.997684373892204,43.434700988544215,0.0,0.0,0.0,0.0,0.0
2022-05-11 04:00:00,252.04969787597656,262.5070256300987,250.84047838986658,257.01233937048545,48975900,267.97174377441405,269.83588256835935,280.27657409667967,294.11169021606446,264.7800479560361,270.16316928832373,278.67878676123865,37.857165626192504,-6.3634061917978215,-4.879357338877021,-1.4840488529208002,-7.185110491233726,269.83588256835935,285.40183544019123,254.26992969652747,10.916148814769846,44.70434068240425,0.0,0.0,0.0,0.0,0.0
2022-05-12 04:00:00,247.01937866210938,251.4015891851371,241.86326466522425,249.28303414533278,51033800,264.65557861328125,268.27502288818357,279.4090319824219,293.97039047241213,261.55083535714033,267.9589987524938,277.43724134558653,35.75111733537996,-7.413167785847747,-5.386119428271167,-2.0270483575765805,-5.502927666698387,268.27502288818357,286.3521403000337,250.19790547633343,10.965205793645122,44.17754577001364,0.0,0.0,0.0,0.0,0.0
2022-05-13 04:00:00,252.6011505126953,254.45852493792023,247.01940307644472,248.95415457182008,34925100,263.06908416748047,267.370043182373,278.735739440918,293.8556529998779,259.9236199308776,266.4963465391797,276.4632769991987,39.75604714603566,-7.705880479306245,-5.850071638478182,-1.8558088408280629,-7.803124424273166,267.370043182373,286.70434164010277,248.03574472464328,10.782097588109936,44.486427204135715,0.0,0.0,0.0,0.0,0.0
2022-05-16 04:00:00,252.96873474121094,257.14780467191986,247.43534479276178,251.47896796071555,32550900,260.847021484375,266.45007171630857,278.1870446777344,293.75039962768557,258.6590953509382,265.2080025584208,275.5419224008462,40.021200162863124,-7.818074525988322,-6.243672215980211,-1.5744023100081117,-9.71239755442016,266.45007171630857,286.7120790690787,246.18806436353844,10.735111577814562,44.47116600793088,0.0,0.0,0.0,0.0,0.0
2022-05-17 04:00:00,258.11517333984375,259.5758904699336,253.8974002308721,257.42831538498064,28828800,259.3998321533203,265.55621948242185,277.953134765625,293.6713114929199,258.5602004398301,264.5324950137944,274.85852047688536,43.75379578006802,-7.406338867788634,-6.476205546341896,-0.9301333214467373,-3.8555787210258097,265.55621948242185,285.62214248330906,245.4902964815346,9.773261319358046,44.684900261825575,0.0,0.0,0.0,0.0,0.0
2022-05-18 04:00:00,246.36326599121094,255.59413551227334,245.09305474022761,255.01235236440064,31356000,255.98419952392578,264.0234992980957,277.54338897705077,293.5224031829834,256.3425759946266,262.80209224973885,273.74105951666286,37.94653252304404,-7.936825318744923,-6.768329500822502,-1.1684958179224205,-10.475003618003187,264.0234992980957,285.0626408294396,242.98435776675183,10.0455958186665,47.06411460820622,0.0,0.0,0.0,0.0,0.0
2022-05-19 04:00:00,245.45179748535156,249.84422891050363,244.2300707046364,246.18870993787448,32692300,253.69921875,262.7136505126953,276.87066772460935,293.3718711853027,254.36243444748567,261.1496832245591,272.63167669190557,37.53047078167632,-8.334710193109743,-7.081605639279951,-1.2531045538297914,-9.9547163034854,262.7136505126953,284.98005306389337,240.44724796149725,9.522072000952775,46.77577029199384,0.0,0.0,0.0,0.0,0.0
2022-05-20 04:00:00,244.889404296875,250.68779415388676,238.95528181890765,249.42725918111856,39199300,251.6114501953125,261.70362396240233,276.24299865722656,293.204052734375,252.6400653291928,259.60108523144635,271.54374444112005,37.259014362628726,-8.596324178737206,-7.3845493471714025,-1.211774831565803,-12.701497138945694,261.70362396240233,285.3085707826185,238.09867714218612,9.75757165830909,46.20715123193534,0.0,0.0,0.0,0.0,0.0
2022-05-23 04:00:00,252.73373413085938,253.5579245072491,245.73301319601697,247.73046089939714,33175400,251.29000091552734,260.76222534179686,275.87901611328124,293.0757440185547,252.6570960204049,258.9470517932952,270.8060969779726,43.40759319448319,-8.077570087515056,-7.523153495240134,-0.5544165922749222,-5.802377172032691,260.76222534179686,284.2130549646349,237.3113957189588,10.078242979967516,46.89273552429512,0.0,0.0,0.0,0.0,0.0
2022-05-24 04:00:00,251.7350311279297,253.39308813535808,245.80090744599767,250.05759219663736,29043900,250.39273681640626,260.2787635803223,275.56529022216796,292.94787605285643,252.48944785813666,258.260192682308,270.05821204267676,42.83207675534703,-7.658755354312461,-7.5502738670546,-0.108481487257861,-5.27983307642419,260.2787635803223,284.07007119558824,236.4874559650563,9.642801665789762,45.12371431607079,0.0,0.0,0.0,0.0,0.0
2022-05-25 04:00:00,254.546875,256.5443074355939,249.32059252922633,250.29992682877918,28547900,250.6424545288086,259.30709915161134,275.100588684082,292.84315574645996,252.86352552029362,257.90654337923104,269.44992431551293,45.04143891304394,-7.019038256118904,-7.444026744867462,0.424988488748558,-0.5475138255602197,259.30709915161134,282.31679303723973,236.29740526598297,9.078081529796487,41.497047005630684,0.0,0.0,0.0,0.0,0.0
2022-05-26 04:00:00,257.82427978515625,258.9975222921612,253.49003807090028,254.30452267342017,25002100,251.7229446411133,258.18926162719725,274.5613595581055,292.75236991882326,253.76548084117772,257.8987087512239,268.9940166868715,47.584170524329714,-6.176400965486266,-7.190501588991223,1.014100623504957,-1.1059867592491446,258.18926162719725,278.99591591981317,237.38260733458137,8.920068448943137,40.826060456062805,0.0,0.0,0.0,0.0,0.0
2022-05-27 04:00:00,264.9413757324219,265.03834453491794,259.4338910030426,260.32596255899296,26910800,252.95696716308595,258.0130256652832,274.1484158325195,292.68341651916506,255.79746173049483,258.56943893990945,268.83508959061857,52.70178259872021,-4.8780831725820235,-6.728017905709384,1.8499347331273608,5.114736484543925,258.0130256652832,278.51058216963594,237.5154691609304,8.646949065812903,39.680827744583574,0.0,0.0,0.0,0.0,0.0
2022-05-31 04:00:00,263.6129455566406,266.4248628217989,260.76223485872504,264.25290403889915,37827700,254.0213882446289,257.43420486450196,273.6081021118164,292.59320152282714,257.21845878979406,259.04977290340764,268.6302996285018,51.68738077912522,-3.9112635691144533,-6.164667038390398,2.253403469275945,6.71751624686463,257.43420486450196,276.49280466282573,238.37560506617817,8.417794586809793,38.54671221660035,0.0,0.0,0.0,0.0,0.0
2022-06-01 04:00:00,264.14630126953125,269.25623459703166,261.8385798988137,266.84186825760014,25292200,254.62450103759767,257.012166595459,273.1030270385742,292.49723793029784,258.4780665133826,259.53515655732417,268.45445655560104,52.08613821309785,-3.066664124125964,-5.545066455537512,2.478402331411548,4.570506006565367,257.012166595459,275.00177919263115,239.02255399828687,8.114302262380209,38.46211400829243,0.0,0.0,0.0,0.0,0.0
2022-06-02 04:00:00,266.2406005859375,266.30848168782734,253.6548406449659,256.41828799648613,44008200,256.6122344970703,256.29821701049804,272.54503509521487,292.419055557251,259.88943634475623,260.17377027433497,268.3676386744378,53.702045705315584,-2.202926560799142,-4.876638476589838,2.6737119157906957,5.24644512228114,256.29821701049804,271.23383123179536,241.36260278920068,8.290531393245146,36.94770087047598,0.0,0.0,0.0,0.0,0.0
2022-06-03 04:00:00,261.819091796875,265.14494022982973,260.25800402669876,262.1002923632558,28059000,258.2489639282227,255.97409133911134,271.98703033447265,292.3273899078369,260.240282790596,260.33046756219596,268.1108329145334,49.87752808870016,-1.8538174722967824,-4.272074275731227,2.4182568034344447,1.434986718953768,255.97409133911134,270.0706926358509,241.87749004237176,8.18649212777571,34.08930453291798,0.0,0.0,0.0,0.0,0.0
2022-06-06 04:00:00,260.5877380371094,265.85281527967646,259.10420716791305,263.79720697367605,22400300,259.8187973022461,255.7151237487793,271.3152066040039,292.2004662322998,260.30345647178024,260.3549695121877,267.81580958600694,48.83446799941517,-1.6574004809751273,-3.7491395167800077,2.0917390358048804,5.773779621189923,255.7151237487793,269.2326284270348,242.19761907052379,7.974788430104662,33.97483677733402,0.0,0.0,0.0,0.0,0.0
2022-06-07 04:00:00,264.2238464355469,264.83471731044557,257.8630839124664,258.54183590473656,22860700,260.96780853271486,256.12890472412107,270.72423065185546,292.0551537322998,261.0162546470105,260.72343398107904,267.6749482859889,52.02496520899872,-1.1945648408224088,-3.2382245815884882,2.0436597407660795,7.647957416696305,256.12890472412107,270.17284824893187,242.08496119931027,8.000822549337272,31.4994241987255,0.0,0.0,0.0,0.0,0.0
2022-06-08 04:00:00,262.1972961425781,264.70863088470054,261.42157544049917,263.4578015962176,17372300,262.0140350341797,256.203385925293,269.95690460205077,291.8983113861084,261.2309894643864,260.8638018059837,267.46013839801196,50.14806866534061,-0.9799931821268046,-2.7865783016961516,1.806585119569347,7.067636060203353,256.203385925293,270.36488284120225,242.04188900938374,7.305460895379075,31.015891390376765,0.0,0.0,0.0,0.0,0.0
2022-06-09 04:00:00,256.748046875,264.4274912567582,256.59290269880853,259.6472278413425,26439700,262.23415222167966,256.4383033752441,268.9894662475586,291.7240033721924,260.4159089935889,260.47182514589,267.0400563775017,45.40463633401841,-1.2354114175182076,-2.476344924860563,1.2409335073423553,1.5883565199341865,256.4383033752441,270.4649155463617,242.41169120412656,7.464063063384962,29.503101156681005,0.0,0.0,0.0,0.0,0.0
2022-06-10 04:00:00,245.30636596679688,252.6658293283701,244.86033026242538,252.6658293283701,31422800,260.98236083984375,256.3526527404785,267.8231826782227,291.49542625427245,257.668719352354,259.0274957002621,266.1877547927682,37.4044574503047,-2.334173339148606,-2.4479106077181716,0.11373726856956567,-2.553742771646994,256.3526527404785,270.6399304807705,242.06537500018652,7.475149083213212,32.92558619390402,0.0,0.0,0.0,0.0,0.0
2022-06-13 04:00:00,234.90223693847656,241.4569362354191,234.19441215005645,237.66568457400948,46135800,257.9784469604492,255.46770706176758,266.5561962890625,291.22889694213865,253.52935891346718,256.72985200866344,264.9608717396587,31.900256806931765,-3.9983854413842437,-2.7580055744513863,-1.2403798669328574,-7.717493314943836,255.46770706176758,272.63551010830594,238.29990401522923,7.64968005509652,34.99270368529934,0.0,0.0,0.0,0.0,0.0
2022-06-14 04:00:00,237.0645294189453,238.27656531045733,234.1750252009215,236.45365859510807,28651500,255.3236053466797,254.6724967956543,265.31097930908203,290.97014411926267,250.53575355082683,254.856964142976,263.8668975310033,34.071640433378775,-5.084199107755012,-3.2232442811121116,-1.8609548266429004,-8.05189890708119,254.6724967956543,273.7002816832459,235.64471190806265,7.400348585109049,35.2423261815504,0.0,0.0,0.0,0.0,0.0
2022-06-15 04:00:00,244.1137237548828,247.54621774471534,238.93590988722116,240.76850759522998,33111700,253.32034759521486,253.97242431640626,264.0993682861328,290.7279911804199,249.36811176974606,253.83379839172903,263.0922632652731,40.70892087704166,-5.314639336856715,-3.6415232922610326,-1.673116044595682,-7.861230402371733,253.97242431640626,273.49085002958833,234.4539986032242,7.633060972209224,36.21185680765203,0.0,0.0,0.0,0.0,0.0
2022-06-16 04:00:00,237.5299530029297,239.90554045067185,235.6391799239251,238.5092727014499,33169200,250.44928283691405,253.5307586669922,262.8352133178711,290.4611582183838,247.21571926668852,252.28105121184336,262.08981972557336,36.96576825696933,-5.959819071073895,-4.105182448023605,-1.8546366230502898,-9.894427793989601,253.5307586669922,274.14325706038625,232.91826027359815,7.844993801473281,33.80871731480209,0.0,0.0,0.0,0.0,0.0
2022-06-17 04:00:00,240.12857055664062,242.89201860259925,236.61851897442415,237.26816850622123,43084800,248.2802307128906,253.26459732055665,261.84320465087893,290.20755897521974,245.92714677395253,251.12367210182404,261.22859426796816,39.33673822902034,-6.190086475978518,-4.522163253614588,-1.66792322236393,-9.092586418002979,253.26459732055665,274.44596387210754,232.08323076900575,7.777810578502811,34.086762274153344,0.0,0.0,0.0,0.0,0.0
2022-06-21 04:00:00,246.0336151123047,247.0129348663082,241.93207466775263,242.6592962620597,29928300,246.82481842041017,253.32180786132812,260.9331164550781,289.98676162719727,245.94650465365288,250.63890476948885,260.632712732452,44.450012081850325,-5.828895430070418,-4.783509688905754,-1.0453857411646634,-7.589746052691304,253.32180786132812,274.4139199179871,232.22969580466918,7.865077460402361,35.25427094350165,0.0,0.0,0.0,0.0,0.0
2022-06-22 04:00:00,245.44215393066406,249.35946274446104,242.76596885312543,244.23980883819294,25939900,244.94664916992187,252.95722885131835,260.09632781982424,289.76305519104005,245.85480452220037,250.1439761181722,260.03700454414655,44.04951242184897,-5.526666922209813,-4.932141135566566,-0.5945257866432474,-6.2550586948474045,252.95722885131835,274.3421788743425,231.5722788282942,7.806208831339335,33.22595632816953,0.0,0.0,0.0,0.0,0.0
2022-06-23 04:00:00,250.99807739257812,251.4925975110486,245.92693810206876,247.80802019464696,25861400,243.82672729492188,252.92038116455078,259.59721771240237,289.571753616333,246.78994504408723,250.22531909668703,259.6825368127125,48.723261112123154,-4.783688676386191,-4.902450643730491,0.11876196734429989,-3.6800122357121934,252.92038116455078,274.3167348513836,231.52402747771794,7.334551869733842,34.26369675422005,0.0,0.0,0.0,0.0,0.0
2022-06-24 04:00:00,259.5696105957031,259.8411054436494,253.7712204115489,253.8584834422403,33923200,244.1088836669922,253.17151794433593,259.33145111083985,289.4231652069092,249.11352059892647,251.11525162040286,259.6781083336141,54.97248900771534,-3.463299212014249,-4.614620357387243,1.151321145372994,-1.761474561297427,253.17151794433593,274.7652506797257,231.57778520894618,7.538868404864735,36.16848352885105,0.0,0.0,0.0,0.0,0.0
2022-06-27 04:00:00,256.8450012207031,260.151409571475,255.28388337930917,260.06414652554236,24615100,245.26274719238282,253.12255401611327,258.9036196899414,289.27521507263185,250.5192443483404,251.6609420585267,259.56700609389213,52.770926098801574,-2.6066860010446646,-4.213033486118727,1.6063474850740622,-2.04132346161362,253.12255401611327,274.67626895386263,231.56883907836388,7.404505410607767,36.12149079742948,0.0,0.0,0.0,0.0,0.0
2022-06-28 04:00:00,248.69039916992188,258.8036202038124,248.5352550148448,255.96261499134835,27295500,246.64156341552734,252.31000518798828,258.4634127807617,289.0939122772217,250.1867270431734,251.37803321199289,259.14047248903057,46.73786433907354,-2.5563540363752963,-3.881697596170041,1.3253435597947445,-3.13834819900346,252.31000518798828,273.20285069745364,231.4171596785229,7.639986252821223,36.261929156676196,0.0,0.0,0.0,0.0,0.0
2022-06-29 04:00:00,252.35557556152344,254.0136323572645,247.9922316052621,249.76665390613857,20069800,248.17066802978516,251.74713668823242,258.0831610107422,288.92476776123044,250.58106313741885,251.47113248337675,258.8743980997166,49.530710645780054,-2.195409177701748,-3.5444399124763826,1.3490307347746344,2.8736350020694967,251.74713668823242,271.9531098320052,231.5411635444596,7.835296631949867,36.784014863769,0.0,0.0,0.0,0.0,0.0
2022-06-30 04:00:00,249.0297393798828,251.64774884681984,245.21910548593416,249.24305888897192,31730900,248.66226959228516,250.99130859375,257.5439114379883,288.7255034637451,250.29900427241228,251.23861885447258,258.48833305188,47.116410219251236,-2.1529075829436124,-3.2661334465698286,1.1132258636262162,6.0142051542516395,250.99130859375,270.35788783364416,231.62472935385586,7.785431026066983,36.963097133698945,0.0,0.0,0.0,0.0,0.0
2022-07-01 04:00:00,251.6962127685547,251.88044459455264,246.8771715911317,248.6031243426408,22837700,250.07889556884766,250.26408920288085,257.0374822998047,288.5153363037109,250.55304218080178,251.2821992272423,258.22197539371035,49.25218372313861,-1.8823639254704574,-2.9893795423499547,1.1070156168794973,6.172025560075234,250.26408920288085,268.2637083929769,232.26447001278478,7.293685053984577,37.08187914184322,0.0,0.0,0.0,0.0,0.0
2022-07-05 04:00:00,254.86692810058594,254.99298457519546,247.00323818444357,248.3801092623351,22941000,251.5527313232422,249.9164810180664,256.7018453979492,288.3190956878662,251.337385075308,251.62360197708455,258.09040491162705,51.74768121273348,-1.3960135243198408,-2.670706338743932,1.2746928144240912,4.404997875703431,249.9164810180664,267.2320431951387,232.60091884099413,7.070670237842539,37.061931151104886,0.0,0.0,0.0,0.0,0.0
2022-07-06 04:00:00,258.12481689453125,259.85075458930794,254.43053435913447,255.73953886483227,23824400,252.76185150146483,249.7933349609375,256.56254302978516,288.1649213409424,252.57146358789404,252.24276530255565,258.0917544011527,54.237747225688366,-0.7391722119432984,-2.2843995133838053,1.545227301440507,8.670428142318354,249.7933349609375,266.82200457321767,232.7646653486573,7.164861675030942,37.35404231388967,0.0,0.0,0.0,0.0,0.0
2022-07-07 04:00:00,260.2483825683594,260.8883411729017,256.97103225603274,257.0680010610952,20859900,254.2424743652344,249.5945617675781,256.33627655029295,288.0482019805908,253.9672670388877,253.005205042156,258.17632805476865,55.83752692710338,-0.0467280848250482,-1.836865227672054,1.7901371428470059,8.378766410460493,249.5945617675781,265.99521765970366,233.19390587545257,6.695977431538007,37.120641545726144,0.0,0.0,0.0,0.0,0.0
2022-07-08 04:00:00,259.5308532714844,259.95749231914675,255.29358006652834,256.74802329517996,19658800,255.095751953125,249.46123962402345,256.2988082885742,287.9254856109619,254.9788281720871,253.6266953497111,258.2294466907183,55.13615578313472,0.43907882966018974,-1.3816764162056054,1.8207552458657952,5.485932543412297,249.46123962402345,265.46918284495126,233.45329640309564,6.444567336600388,37.035580541881465,0.0,0.0,0.0,0.0,0.0
2022-07-11 04:00:00,256.4765319824219,258.43517157163143,254.2172802316378,257.58189346441975,19455200,254.78644409179688,249.44766387939453,255.94873565673828,287.76928504943845,255.25113795578432,253.89810836235023,258.1607049374518,52.134200612721656,0.5710434737372623,-0.991132438217032,1.5621759119542942,4.495714315999266,249.44766387939453,265.43002751609833,233.4653002426907,6.3760011517197785,36.507195402133476,0.0,0.0,0.0,0.0,0.0
2022-07-12 04:00:00,245.9657440185547,257.8630939289556,244.38524428800383,257.8049185662981,35868500,253.69851837158203,249.48063278198242,255.26442993164062,287.5558088684082,253.56288451265164,253.14264509151258,257.6824711759264,43.38090548406469,-0.1705404572086877,-0.8270140420153632,0.6564735848066755,-2.004929052166615,249.48063278198242,265.4297124701378,233.531553093827,6.84696438966865,35.94237260205831,0.0,0.0,0.0,0.0,0.0
2022-07-13 04:00:00,245.04458618164062,245.84937984355258,240.57459691919928,242.59142655470853,29497400,253.3339370727539,249.9877502441406,254.79599975585938,287.33873870849607,252.01410299792235,252.3714013858105,257.1868678428172,42.7041950813428,-0.8230927039747655,-0.8262297744072437,0.0031370704324781284,-5.595810842697679,249.9877502441406,264.5716487225298,235.40385176575143,6.761082475955779,32.26952040603729,0.0,0.0,0.0,0.0,0.0
2022-07-14 04:00:00,246.36326599121094,247.39107006314066,238.47048883303972,242.95987452362783,25102800,252.73470611572264,250.45268707275392,254.21947784423827,287.15321968078615,250.98667808761115,251.79919801489623,256.76241286824444,44.04973436446091,-1.2197777819713735,-0.9049393759200697,-0.31483840605130387,-4.080957456705725,250.45268707275392,263.84618019004415,237.05919395546366,6.966092308078379,32.189650129451636,0.0,0.0,0.0,0.0,0.0
2022-07-15 04:00:00,248.923095703125,252.46223474835,247.03232258587656,247.95346694603754,29774100,252.7240417480469,250.69315567016602,253.74619842529296,287.03181251525876,250.6114812904318,251.52528350901326,256.45498866569073,46.66802369684509,-1.3124673927622155,-0.9864449792884988,-0.32602241347371663,0.09356876420634208,250.69315567016602,263.7765526685291,237.60975867180295,6.770088072797508,30.68594564843799,0.0,0.0,0.0,0.0,0.0
2022-07-18 04:00:00,246.52806091308594,252.917909560498,245.6069167419021,251.86101798298554,20975000,252.2072265625,251.14306106567383,253.06636779785157,286.89611755371095,249.86904122182347,251.04935754749636,256.0656973812749,44.56661480881214,-1.5611874711597409,-1.1013934776627472,-0.4597939934969937,-2.309247432108652,251.14306106567383,262.86898716226824,239.41713496907946,6.944621403256797,29.156857014296385,0.0,0.0,0.0,0.0,0.0
2022-07-19 04:00:00,251.6477813720703,251.8320132260373,245.9754465210434,249.75699322481967,25012600,251.88531188964845,251.71902160644532,252.7332913208008,286.7960422515869,250.19244852186833,251.1063502926939,255.8924457730708,49.77312170115774,-1.32985157037092,-1.1470850962043817,-0.18276647416653824,1.0512969249001136,251.71902160644532,262.2363107201592,241.20173249273142,6.62949294011582,29.757994154536068,0.0,0.0,0.0,0.0,0.0
2022-07-20 04:00:00,254.3045196533203,256.8255603020686,251.04658128193176,252.00650426801573,22788300,251.50328216552734,252.1325668334961,252.50403991699218,286.67465744018557,250.94009781849596,251.4109378508488,255.83017416053156,52.277968551359244,-0.9215169524979387,-1.1019714674630932,0.1804545149651544,1.0362916692608692,252.1325668334961,262.354875450925,241.91025821606718,6.612177102125423,28.77786273001878,0.0,0.0,0.0,0.0,0.0
2022-07-21 04:00:00,256.79644775390625,256.84494694076886,249.22365037531554,251.89983491458102,22404700,251.15808868408203,252.7002815246582,252.52100433349608,286.5945928955078,252.00488871584326,251.9238435559019,255.86806724262468,54.56667919624529,-0.39230876292108974,-0.9600389265546925,0.5677301636336027,0.7570694509877018,252.7002815246582,262.61463295128357,242.78593009803288,6.646807565687141,28.866632674242243,0.0,0.0,0.0,0.0,0.0
2022-07-22 04:00:00,252.45254516601562,257.27160158111917,251.20174529455522,257.184338538277,21881300,250.45025787353515,252.77300491333008,252.3559017944336,286.4655857849121,252.08628079769278,251.97419609019843,255.73412520040472,50.05966277789205,-0.3197383506009146,-0.8319788113639369,0.5122404607630223,-2.197491816849706,252.77300491333008,262.65607209727665,242.88993772938352,6.722992085911642,28.60606570598322,0.0,0.0,0.0,0.0,0.0
2022-07-25 04:00:00,250.9689483642578,253.55786965174494,249.01030931635506,253.07305536942803,21056000,249.89949951171874,252.3429718017578,252.33428680419922,286.3082022857666,251.88312944615916,251.8784582115374,255.5472555205558,48.58370893485781,-0.37758705048344154,-0.741100459187838,0.3635134087043964,-3.5656068685322673,252.3429718017578,261.71615339114265,242.969790212373,6.477121653385784,25.735242989475083,0.0,0.0,0.0,0.0,0.0
2022-07-26 04:00:00,244.24945068359375,251.98709795269474,241.99022895209225,251.96768644166164,39348000,249.72787017822264,251.71319427490235,252.27888824462892,286.10883811950686,250.49518785296544,251.15188606601896,255.10420435047885,42.47531462092349,-0.9546354246269289,-0.7838074522756562,-0.17082797235127267,-5.888087059886249,251.71319427490235,261.49634792417953,241.93004062562517,6.804025136987856,27.097727867640103,0.0,0.0,0.0,0.0,0.0
2022-07-27 04:00:00,260.5780029296875,261.84821413779025,250.9883906372331,253.22823052881697,45994000,251.28121185302734,252.3075744628906,252.43842529296876,285.9911167144775,252.32842695782398,252.04961148160643,255.31886311829098,56.716701951506764,-0.09329724314636678,-0.6457054104497983,0.5524081673034316,1.599160326897553,252.3075744628906,262.7403642586037,241.87478466717752,7.7812718896541115,34.50927691852561,0.0,0.0,0.0,0.0,0.0
2022-07-28 04:00:00,268.01507568359375,269.40163763919867,259.734438202384,261.55734491443076,33459300,253.44639282226564,253.09054946899414,252.7393521118164,285.91356788635255,255.1805449079639,253.5701318817957,255.8167538071264,61.40358432828062,1.175874340868205,-0.28138946018619765,1.4572638010544028,8.964391262295358,253.09054946899414,265.6684501570771,240.5126487809112,8.11787167072437,35.48924751290409,0.0,0.0,0.0,0.0,0.0
2022-07-29 04:00:00,272.2135314941406,273.4352730341739,268.22837203750606,269.26588177100365,32152800,255.7754364013672,254.24973907470704,253.02131927490234,285.86351539611815,258.277451559996,255.3456937496381,256.45976469681324,63.78751837923541,2.4917588164688595,0.2732401951448138,2.218518621324046,11.087347709188267,254.24973907470704,269.28507208718116,239.21440606223294,8.125487692919625,35.194020442161936,0.0,0.0,0.0,0.0,0.0
2022-08-01 04:00:00,269.5664978027344,272.7371731572371,267.4623903988592,269.3822659732868,21539600,258.079280090332,255.14325332641602,253.4853839111328,285.7837020111084,260.33000542231207,256.70005604040915,256.9737542303788,61.22010444450011,3.2831669422948835,0.8752255445748278,2.4079413977200557,9.418300134221802,255.14325332641602,271.59673564064605,238.68977101218601,7.53955434416435,35.47692074406275,0.0,0.0,0.0,0.0,0.0
2022-08-02 04:00:00,266.473388671875,269.45015613104664,264.10749207919315,267.61754353157727,22754200,259.5618408203125,255.72357635498048,253.90581573486327,285.65739418029784,261.4469841949599,257.6308496243583,257.34628891435904,58.268782489151135,3.619057287505484,1.4239918931609592,2.1950653943445246,7.05048799074921,255.72357635498048,272.93719548099494,238.50995722896604,7.544401388749051,35.701773628311194,0.0,0.0,0.0,0.0,0.0
2022-08-03 04:00:00,273.8910217285156,274.8897381119249,268.20898212498906,268.3544501034442,23518900,261.520491027832,256.5118865966797,254.48584808349608,285.5611403656006,263.7095364737882,259.1794374438018,257.9951019658946,62.88916597486826,4.432696436704475,2.0257328018696628,2.4069636348348125,11.099329104396173,256.5118865966797,275.5372309161413,237.4865422772181,7.508384832316834,36.66558530522731,0.0,0.0,0.0,0.0,0.0
2022-08-04 04:00:00,275.03515625,275.18059462702735,271.6608675400947,273.24133735808226,18098700,263.34436187744143,257.25122528076173,254.93187652587892,285.45576713562014,265.76874006946304,260.689505901535,258.6633393888007,63.55935824088048,5.1109179377997975,2.6427698290556902,2.4681481087441073,9.293694047455414,257.25122528076173,277.962500539267,236.53995002225642,7.324153284444945,36.62037398227523,0.0,0.0,0.0,0.0,0.0
2022-08-05 04:00:00,274.3176574707031,275.03517323549517,270.2161174409248,270.67184411090017,16774600,265.53087310791017,257.99056549072264,255.3835290527344,285.3422777557373,267.3230886878703,261.9874250985986,259.27723421554197,62.793510874697816,5.526807610818878,3.219577385408328,2.30723022541055,7.869753099420196,257.99056549072264,280.0559196553805,235.9252113260648,7.146157782728835,36.61730984005396,0.0,0.0,0.0,0.0,0.0
2022-08-08 04:00:00,271.80633544921875,277.23626231037696,270.83670670939483,275.4230317107007,18739200,267.61461181640624,258.7570556640625,255.72871826171874,285.22018241882324,268.1382244626609,262.92255941770526,259.7685715188234,60.06545408925506,5.589330155079267,3.693527939342516,1.895802215736751,5.8450526970282635,258.7570556640625,281.6504579166595,235.86365341146546,7.184942703870852,36.4887908101606,0.0,0.0,0.0,0.0,0.0
2022-08-09 04:00:00,273.7261657714844,274.48247496169216,269.17860487436343,271.1469795107976,23405200,270.5622833251953,260.145076751709,256.0467559814453,285.091545791626,269.15421379153787,263.9514743085414,260.3159281561827,61.444473574509914,5.727767841901937,4.1003759198544,1.6273919220475364,8.426780007893742,260.145076751709,283.13906644614354,237.15108705727442,7.151006351527416,32.554359974338745,0.0,0.0,0.0,0.0,0.0
2022-08-10 04:00:00,280.3778991699219,281.0081520432844,278.22532180606646,279.41797601804245,24687800,272.5422729492187,261.91174240112304,256.3554864501953,285.00387687683104,271.1948838603349,265.51589572391094,261.1026721175058,65.8452511537637,6.301579316730567,4.540616599229634,1.7609627175009335,11.718163142230553,261.91174240112304,285.4438349648661,238.37964983738,7.126769901980751,33.01049349565155,0.0,0.0,0.0,0.0,0.0
2022-08-11 04:00:00,278.30279541015625,282.3655416886504,277.8083049364427,282.01648958955855,20065900,273.571044921875,263.5087188720703,256.64928344726565,284.9107949066162,272.4872314148479,266.73369569402956,261.77718675643325,63.41352673719628,6.513798499173674,4.9352529792184425,1.5785455199552318,13.942035337748205,263.5087188720703,286.93278153437456,240.08465620976602,7.018725649526734,33.401038386436824,0.0,0.0,0.0,0.0,0.0
2022-08-12 04:00:00,283.0443420410156,283.0443420410156,278.2252857983071,279.71852241187486,22619700,274.6541259765625,265.2147811889648,257.0272442626953,284.83188117980956,274.4067060741511,268.28709058421873,262.6111928460247,66.46141810883557,6.98407880355893,5.3450181440865405,1.6390606594723893,8.621732785860004,265.2147811889648,289.1310785477289,241.29848383020072,7.038118214335209,33.59126890089589,0.0,0.0,0.0,0.0,0.0
2022-08-15 04:00:00,284.55694580078125,285.24537391664086,281.2989778667921,282.16196164375015,18085700,276.1531707763672,267.1162254333496,257.39357116699216,284.69760597229003,276.2522042062657,269.83660060484374,263.4718106089564,67.39458328749032,7.393604939641932,5.754735503197619,1.6388694364443133,6.171992405649629,267.1162254333496,290.82305362954,243.40939723715917,6.605941574995659,33.04526066849015,0.0,0.0,0.0,0.0,0.0
2022-08-16 04:00:00,283.82000732421875,285.1096300607174,281.59957891566967,283.12187347946144,18102900,277.88783264160156,268.724836730957,257.8335894775391,284.5539608001709,277.62816840952985,271.1683536257366,264.26977910759416,66.42488774696287,7.571414028874187,6.118071208332933,1.4533428205412546,4.263739486561113,268.724836730957,292.378282241551,245.07139122036298,5.599604981485031,32.83156168386089,0.0,0.0,0.0,0.0,0.0
2022-08-17 04:00:00,283.07183837890625,285.0443616245307,281.2742116606303,281.536556451653,18253400,278.8059143066406,270.1632026672363,258.283271484375,284.3715476226807,278.6179265857801,272.30201884032414,265.00711476529267,65.39612425193253,7.5647562310240914,6.407408212871165,1.157348018152926,5.010021900442152,270.1632026672363,293.6223229083629,246.70408242610975,5.17838716199116,32.934913979113794,0.0,0.0,0.0,0.0,0.0
2022-08-18 04:00:00,281.954345703125,283.6450710894862,280.8951810940671,281.973768762057,17186200,279.4978332519531,271.4210975646973,258.63788146972655,284.1943874359131,279.22454824347915,273.2212880653528,265.6717120569724,63.806554104124686,7.384187244543341,6.602764019205601,0.7814232253377398,5.809569619093424,271.4210975646973,294.55814444688156,248.284050682513,4.9876509223367975,33.06219891514798,0.0,0.0,0.0,0.0,0.0
2022-08-19 04:00:00,278.0481872558594,281.06042243303864,277.4748955705993,280.7203261035374,20570000,279.8708862304687,272.7008796691895,258.9548992919922,283.9795807647705,279.01066442754825,273.68099275016294,266.1570640255562,58.45771677258884,6.84696315114212,6.651603845592906,0.1953593055492142,1.5178173790101113,272.7008796691895,294.19329914313175,251.20846019524723,4.9308414490616395,32.811325887278876,0.0,0.0,0.0,0.0,0.0
2022-08-22 04:00:00,269.8860168457031,274.46265350884744,269.3710240123007,274.0934077691384,25061100,279.67885437011716,273.64673309326173,259.21765869140626,283.7197710418701,277.35163759448545,273.31956647354775,266.30329746948354,49.18032352006383,5.6969197044917905,6.460667017372683,-0.7637473128808923,-1.8721749882827488,273.64673309326173,292.6308998533733,254.66256633315015,5.160709843348599,34.842801396894494,0.0,0.0,0.0,0.0,0.0
2022-08-23 04:00:00,268.61309814453125,270.96456356636963,267.60253558165664,268.61309814453125,17527400,279.16754760742185,274.8649154663086,259.6837933349609,283.44184104919435,275.7628122399483,272.8713313945938,266.39387788811285,47.903499480626586,4.629422980048446,6.094418209907836,-1.4649952298593902,-2.0795450714947594,274.8649154663086,288.1896150705298,261.54021586208745,4.7996868822531065,33.106692671075805,0.0,0.0,0.0,0.0,0.0
2022-08-24 04:00:00,267.9815368652344,269.38076836522134,267.32076724046834,267.61229110085856,18137000,277.92791137695315,275.23509216308594,260.3453793334961,283.1625838470459,274.3480348990912,272.40563667751195,266.45613902447053,47.248074044326756,3.6899272337167304,5.613520014669616,-1.9235927809528857,-1.4071778634824894,275.23509216308594,287.23400095757665,263.2361833685952,4.695420742097419,23.737414970570008,0.0,0.0,0.0,0.0,0.0
2022-08-25 04:00:00,270.9548645019531,271.12003464855854,266.7474441390709,269.4778816182688,16583400,277.1931182861328,275.38208160400393,261.02318603515624,282.893712387085,273.73109482688426,272.2674678988873,266.63255963143064,50.67006272985557,3.1489931444062904,5.120614640616951,-1.9716214962106609,-1.0124356441118643,275.38208160400393,287.07675156564,263.68741164236786,4.663530364591509,21.833755424009922,0.0,0.0,0.0,0.0,0.0
2022-08-26 04:00:00,260.49951171875,272.4026750674216,260.3926404040064,271.1783402052865,27549300,274.9386352539062,274.7963806152344,261.3509017944336,282.57757484436036,271.3253524435871,271.14671016744563,266.3920479485804,40.6775327568718,1.8552531869485165,4.4675423498832645,-2.612289162934748,-7.08985533810732,274.7963806152344,288.2067102144328,261.386051016036,5.064278869051017,25.12515180823014,0.0,0.0,0.0,0.0,0.0
2022-08-29 04:00:00,257.7205810546875,259.82912546263174,256.3796481077176,258.3230223141001,20338500,272.2549987792969,274.204084777832,261.75471435546876,282.2723561859131,268.85175764560535,269.8680312043258,266.0519904233297,38.50405978582596,0.5988156950897405,3.6937970189245597,-3.094981323834819,-7.3956189786506314,274.204084777832,289.500733423689,258.90743613197503,4.979706977886991,25.16544125495103,0.0,0.0,0.0,0.0,0.0
2022-08-30 04:00:00,255.52450561523438,259.48897512489526,253.2799112455645,259.1197590113756,22767100,269.4254486083984,273.656640625,262.0626330566406,281.9483034515381,266.42862091281063,268.5019811482219,265.6391478818358,36.82931915126584,-0.5675822688596099,2.841521161367726,-3.409103430227336,-9.722800401992625,273.656640625,290.79145926962553,256.5218219803745,4.9030696641391875,25.04144169042658,0.0,0.0,0.0,0.0,0.0
2022-08-31 04:00:00,254.06695556640625,259.54725384491036,253.93090517707998,257.8759809716696,24791800,266.52496032714845,272.66543731689455,262.22329986572265,281.59629341125486,264.1810453952825,267.1272168070966,265.18533641848563,35.71886758404732,-1.5912304522722138,1.954970838639738,-3.546201290911952,-10.714899314290882,272.66543731689455,291.9071720765158,253.42370255727332,4.978720515255093,22.440369110873934,0.0,0.0,0.0,0.0,0.0
2022-09-01 04:00:00,253.02725219726562,253.50339892265927,248.1785442591348,251.5405724888761,23263400,263.6322509765625,271.56504211425784,262.3750018310547,281.2422165679932,262.1530829956431,265.7843630347317,264.7085488019672,34.91027480819595,-2.4580396345095323,1.072368744009884,-3.5304083785194162,-10.849395508533455,271.56504211425784,292.6637377516131,250.46634647690254,5.055103019866729,22.24877918868905,0.0,0.0,0.0,0.0,0.0
2022-09-02 04:00:00,248.81015014648438,257.2443854879001,247.26517150345208,254.2904786042123,22855400,260.708447265625,270.2896667480469,262.3312432861328,280.8504801177979,259.72709520488695,264.1677713310891,264.0850821880267,31.768874072007435,-3.4455587912021315,0.16878323696748077,-3.614342028169612,-12.103531184391725,270.2896667480469,293.6502841662532,246.92904932984064,5.4860185866238185,22.681921373687658,0.0,0.0,0.0,0.0,0.0
2022-09-06 04:00:00,246.07969665527344,250.53000941495102,244.80678924426493,248.94618474623337,21328200,258.327815246582,269.0033348083496,262.0614450073242,280.4439810180664,257.2457500140481,262.44509755244,263.37898863772267,29.89323875945449,-4.39780446265388,-0.7445343029567915,-3.653270159697089,-12.723566632175498,269.0033348083496,294.72611598736313,243.28055362933614,5.64410208845513,22.737688482303234,0.0,0.0,0.0,0.0,0.0
2022-09-07 04:00:00,250.78269958496094,251.50173849106451,246.05058853926616,247.48868117824057,24126700,256.544775390625,267.8561614990234,261.94019897460936,280.0506192779541,256.0706499360322,261.3343929841087,262.8850165180065,36.81311995837738,-4.718580131506769,-1.539343468666787,-3.1792366628399824,-9.806029645432934,267.8561614990234,294.7135167539566,240.99880624409022,5.764173516162123,23.94585602551556,0.0,0.0,0.0,0.0,0.0
2022-09-08 04:00:00,251.2005157470703,253.05644149900624,247.57612734264936,250.21913202904068,20319900,254.8666732788086,266.39729232788085,261.99040130615236,279.6504653930664,255.1851709925846,260.3692618186765,262.4268008014992,37.40424355495263,-4.882797042815753,-2.20803418349658,-2.6747628593191726,-6.92347877708519,266.39729232788085,293.55883212444473,239.23575253131693,5.959203813371965,21.59820322814257,0.0,0.0,0.0,0.0,0.0
2022-09-09 04:00:00,256.9723205566406,257.7205384807604,252.92040261166707,253.12444856663964,22084700,253.46841888427736,265.3307685852051,262.0827362060547,279.2950025939941,255.51010727695842,260.0457436032445,262.21289961542635,45.051695612467604,-4.495383731621303,-2.665504093121525,-1.8298796384997775,-4.3336597017421425,265.3307685852051,292.1974904816695,238.4640466887407,6.104958999169422,23.80244088810822,0.0,0.0,0.0,0.0,0.0
2022-09-12 04:00:00,259.1003112792969,259.8776786073918,257.65250725767163,258.254948403488,18747700,253.32849884033203,264.13356704711913,262.28414764404295,278.96055755615237,256.16287164101993,259.9557024295352,262.090837327735,47.59382198760039,-3.9708710941872596,-2.926577493334672,-1.0442936008525874,-3.314118461229587,264.13356704711913,289.78315152781926,238.48398256641897,5.692687199683172,22.97065580747471,0.0,0.0,0.0,0.0,0.0
2022-09-13 04:00:00,244.85536193847656,253.02723665375865,244.46667832262642,251.51140761885284,33353300,252.04197692871094,262.1484878540039,262.1473306274414,278.55377723693846,254.10696078601205,258.5175747637201,261.41493633207784,35.69043517260525,-4.651025287554404,-3.2714670521786187,-1.3795582353757854,-9.63241704903528,262.1484878540039,287.28288294410964,237.0140927638982,6.497801840537276,28.838736309015907,0.0,0.0,0.0,0.0,0.0
2022-09-14 04:00:00,245.07884216308594,247.031927263813,242.78566075681428,246.35174947948744,23913000,250.9974105834961,260.21142959594727,261.9515689086914,278.18783966064456,252.46548467275275,257.23769546842163,260.7743051881958,35.96103476874052,-5.113079007601925,-3.63978944326328,-1.4732895643386454,-5.919653919471868,260.21142959594727,284.26150359760476,236.16135559428977,6.653963653554827,28.941636105966563,0.0,0.0,0.0,0.0,0.0
2022-09-15 04:00:00,238.43251037597656,244.28205420352305,237.1110157424026,242.69821481070736,31530900,249.43396606445313,257.9794631958008,261.55772277832034,277.75512382507327,249.9140348006116,255.44672545961734,259.8981563720303,31.690274652882636,-5.947009910797732,-4.10123353677017,-1.8457763740275617,-7.484101812814892,257.9794631958008,281.3732020567283,234.5857243348733,6.910766218640235,29.729230319390513,0.0,0.0,0.0,0.0,0.0
2022-09-16 04:00:00,237.81060791015625,238.35475008899226,235.20647984846096,237.34418761964338,39791800,247.91230163574218,255.77227630615235,261.10896728515627,277.3484529876709,247.71341172961974,253.76709521681153,259.03197800097644,31.31551101515737,-6.582212838941956,-4.597429397204527,-1.984783441737429,-6.932367469972334,255.77227630615235,277.93945255235997,233.60510005994473,6.283337351790261,29.759470191986704,0.0,0.0,0.0,0.0,0.0
2022-09-19 04:00:00,237.59690856933594,238.19934976268587,234.03081907088773,235.60494726087535,26826900,246.79097747802734,253.74971237182618,260.6702883911133,276.943175201416,245.874047518659,252.22707744086145,258.19138704287286,31.179065231344666,-7.02191521907551,-5.082326561578723,-1.9395886574967864,-6.482561638270779,253.74971237182618,274.7077409770372,232.7916837666152,6.286813571844959,29.794524878858763,0.0,0.0,0.0,0.0,0.0
2022-09-20 04:00:00,235.58546447753906,236.6154501254237,232.85502690956756,235.21623357137693,26660300,245.7415542602539,252.03468475341796,260.2524670410156,276.53068794250487,244.0033960566372,250.64216192054502,257.3048802756049,29.860251252596996,-7.4468466385363,-5.5552305769702395,-1.8916160615660607,-6.893244726907344,252.03468475341796,273.0465523734252,231.02281713341074,6.182014841876218,28.678871372940613,0.0,0.0,0.0,0.0,0.0
2022-09-21 04:00:00,232.1845703125,240.64796931692138,232.13598300454865,237.35395148181902,28625600,243.88174133300782,250.2132583618164,259.97684356689456,276.1324745941162,241.8545186486122,248.88429605311217,256.31977008097334,27.72494131483974,-7.966202166794574,-6.037424894935106,-1.9287772718594676,-6.682034404221948,250.2132583618164,271.4881490718271,228.93836765180572,6.388846102200672,28.800778863479476,0.0,0.0,0.0,0.0,0.0
2022-09-22 04:00:00,234.1571044921875,236.9555675025579,230.8436634388637,231.1351576468061,31061200,242.17740020751953,248.52203674316405,259.7590939331055,275.72877449035644,240.45498880198954,247.48170638064317,255.45064594023665,30.8151960590032,-8.124968561588304,-6.454933628265746,-1.6700349333225581,-4.845012540708704,248.52203674316405,269.2195238765589,227.82454960976918,6.404809870516583,29.291232273435785,0.0,0.0,0.0,0.0,0.0
2022-09-23 04:00:00,231.1837158203125,234.30283689307328,228.54072660512506,232.75784365187135,34176000,239.59853973388672,246.53347930908203,259.4555029296875,275.2680690765381,238.769302805321,245.92951680346883,254.49900162180828,28.815156265938256,-8.3939593511451,-6.842738772841617,-1.5512205783034823,-7.815125922595245,246.53347930908203,265.74494393760324,227.32201468056084,6.103588177909454,28.598656602434946,0.0,0.0,0.0,0.0,0.0
2022-09-26 04:00:00,230.72706604003906,234.6138138859922,230.19263524586722,230.3383971861503,27694200,236.76121520996094,245.04485702514648,259.0915823364258,274.8048385620117,237.30707793890608,244.48166434980885,253.56676885389575,28.509119391454888,-8.545477367017412,-7.1832864916767765,-1.3621908753406355,-8.150241907801503,245.04485702514648,264.31361813928714,225.77609591100585,6.0105852114408025,26.216054712683736,0.0,0.0,0.0,0.0,0.0
2022-09-27 04:00:00,229.71652221679688,234.95391443946426,227.86059652886274,233.18543702119823,27018700,235.24733123779296,243.64465408325196,258.7553515625,274.3455813598633,235.92697689852255,243.07546033714107,252.6314650642056,27.805338379049346,-8.647416888235654,-7.476112570988552,-1.1713043172471016,-10.606511347527082,243.64465408325196,263.10406927652343,224.1852388899805,6.1278829227838845,26.15991517023154,0.0,0.0,0.0,0.0,0.0
2022-09-28 04:00:00,234.2445831298828,235.46890336480436,228.08407652025923,230.10518718115333,29029700,234.16390533447264,242.58065795898438,258.40728759765625,273.86339866638184,235.62108712240624,242.2344244126403,251.91041087070275,35.48996565604166,-8.267525136713317,-7.634395084133505,-0.633130052579812,-9.593090809767823,242.58065795898438,261.6277778952282,223.53353802274054,6.263919543368759,27.621089973552092,0.0,0.0,0.0,0.0,0.0
2022-09-29 04:00:00,230.77561950683594,233.15624924797467,227.77311079462302,232.1262635921422,27484200,233.3982162475586,241.41609115600585,257.93670959472655,273.3790278625488,234.74009301048434,241.14310965970657,251.08159552310013,32.62487269871971,-8.15239878124271,-7.737995823555346,-0.4144029576873631,-5.750228347124519,241.41609115600585,260.3540245630751,222.47815774893664,6.260451657766595,27.875117410449736,0.0,0.0,0.0,0.0,0.0
2022-09-30 04:00:00,226.3058624267578,233.7295494002438,226.14067744074515,231.5432539781558,35694800,232.24774169921875,240.08002166748048,257.32689788818357,272.9256938934326,233.20659654071585,239.73003849466383,250.109998146773,29.338342882527442,-8.325857058629623,-7.855568070570202,-0.470288988059421,-7.659975692163501,240.08002166748048,259.33653715366563,220.8235061812953,6.594988365534273,28.35800484565113,0.0,0.0,0.0,0.0,0.0
2022-10-03 04:00:00,233.92391967773438,234.76928257243102,228.01606129310665,228.7448264993668,28880400,231.88044281005858,239.33571014404296,256.95632537841794,272.4799922943115,233.33701892926464,239.17707479781342,249.4752499715166,40.36480927225943,-7.759167585750816,-7.836287973606325,0.07712038785550845,-1.8909295092069178,239.33571014404296,258.3202803428057,220.35113994528024,6.1542588790344706,31.19411083536397,0.0,0.0,0.0,0.0,0.0
2022-10-04 04:00:00,241.83343505859375,243.27152748723756,238.04384733649516,238.15073348619765,34888400,232.50523986816407,239.12339706420897,256.7736151123047,272.12090049743654,234.88182186186992,239.4300614893163,249.17557095532356,49.224126788364835,-6.595798052848409,-7.588189989454742,0.9923919366063334,1.6916096316264007,239.12339706420897,257.88406022473856,220.36273390367938,6.5186404006419325,33.61281562650842,0.0,0.0,0.0,0.0,0.0
2022-10-05 04:00:00,242.14437866210938,243.48531136271737,237.18878424235803,239.0252719369114,20347100,233.501220703125,238.6914810180664,256.731513671875,271.76867301940916,236.20228673464072,239.68856788672517,248.89983792421714,49.54148413950364,-5.58435578886548,-7.18742314933689,1.6030673604714103,1.91394329166803,238.6914810180664,256.7047963018381,220.67816573429474,6.3992618791902185,32.80838152327364,0.0,0.0,0.0,0.0,0.0
2022-10-06 04:00:00,239.80259704589844,243.25208841301955,239.11270766853326,240.91031948888858,20239900,234.0657699584961,238.1215850830078,256.3160055541992,271.42351333618166,236.85688860941482,239.69942780664644,248.54308337996935,47.15128469956915,-4.915084676338836,-6.73295545473728,1.8178707783984445,1.7900648402531028,238.1215850830078,255.16358124187562,221.07958892413998,6.46450118040241,32.90779584755605,0.0,0.0,0.0,0.0,0.0
2022-10-07 04:00:00,227.60794067382812,234.4874855805171,226.56822859279998,234.07936404235068,37769600,233.70819244384765,236.6533660888672,255.50786285400392,270.9817576599121,235.17526171203542,238.5478576035209,247.72209739149324,37.11046112264479,-5.307507707016299,-6.447865905193084,1.1403581981767852,-1.9711170438725278,236.6533660888672,251.81296549820638,221.493766679528,7.11206102049529,35.75402782128507,0.0,0.0,0.0,0.0,0.0
2022-10-10 04:00:00,222.75921630859375,227.91887124753765,220.31056122973789,226.45162940250796,29743600,232.91140747070312,234.83631134033203,254.51877655029296,270.48723129272463,232.91779891140965,237.0441774801945,246.74316087843835,34.00935378236974,-5.941270056973025,-6.346546735549072,0.40527667857604754,-4.867624327825604,234.83631134033203,247.10318756300478,222.56943511765928,7.316805903211817,35.75034026055278,0.0,0.0,0.0,0.0,0.0
2022-10-11 04:00:00,219.0279541015625,222.57460545971847,217.76475812921726,221.1753739104601,30474000,231.8425506591797,233.54494094848633,253.50800567626953,269.96685668945315,230.39237258234652,235.32834668222955,245.65629002444322,31.806672594246663,-6.667751275796576,-6.410787643598573,-0.2569636321980031,-5.25805274632668,233.54494094848633,246.7711687368255,220.31871316014715,7.065553893712086,31.28220479821539,0.0,0.0,0.0,0.0,0.0
2022-10-12 04:00:00,219.35830688476562,221.40856673598395,217.6189939430992,219.01821055578878,21903900,230.35392303466796,232.2589141845703,252.56570404052735,269.4106770324707,228.38617881915,233.8073905110425,244.62499656798528,32.225204300638026,-7.13459301979546,-6.555548718837951,-0.5790443009575093,-4.927362597893293,232.2589141845703,245.76201047080275,218.75581789833785,6.899673088654268,31.2987861613369,0.0,0.0,0.0,0.0,0.0
2022-10-13 04:00:00,227.60794067382812,229.4152788681851,212.92575128751184,213.6253670289897,42551800,230.0371551513672,231.7176856994629,251.6400424194336,268.90153793334963,228.24468097454601,233.2169667170221,243.95766104272423,41.82694052161771,-6.760955872863178,-6.596630149642997,-0.16432572322018135,-0.9179059140459911,231.7176856994629,245.0454907736104,218.38988062531539,7.665917180991771,33.66917751419267,0.0,0.0,0.0,0.0,0.0
2022-10-14 04:00:00,222.08872985839844,230.5229788868416,221.87495757893063,228.87109948608796,30198600,229.61544189453124,230.931591796875,250.58111389160158,268.36142387390134,227.12541713524644,232.1571346352484,243.10005589824087,37.95298614402391,-6.831451211707019,-6.643594362055802,-0.18785684965121785,-5.189385004794012,230.931591796875,244.59659558487394,217.26658800887608,7.967834514405057,34.57600834961777,0.0,0.0,0.0,0.0,0.0
2022-10-17 04:00:00,230.8047637939453,232.1942836241064,228.48243294129364,229.1431876734247,28142300,229.30352630615235,230.59198455810548,249.7108560180664,267.8775846862793,227.79438925500986,232.02833741226718,242.61788758042536,46.396415063502886,-6.113535152276597,-6.537582520099962,0.4240473678233645,0.012628841457185125,230.59198455810548,243.892253939083,217.29171517712797,8.182994218341232,37.72193114107241,0.0,0.0,0.0,0.0,0.0
2022-10-18 04:00:00,231.74732971191406,237.02358255454533,228.70594491704173,236.35313103627706,26329600,228.29491577148437,230.40007781982422,248.9096759033203,267.41293891906736,228.51310570171972,232.0015747741383,242.19159119342493,47.23267359175619,-5.406204945280592,-6.311307005136088,0.905102059855496,2.4044747346822826,230.40007781982422,243.50632344568703,217.2938321939614,8.249623560695408,37.663495913856615,0.0,0.0,0.0,0.0,0.0
2022-10-19 04:00:00,229.78453063964844,232.8259156019754,227.65653380190315,230.3286729708631,19985700,227.05893096923828,230.28007583618165,248.0308432006836,266.9460577392578,228.74427387225222,231.7904277137107,241.70503979915918,45.636046360922634,-4.946996248182074,-6.038444853745286,1.0914486055632118,-1.7695450058243578,230.28007583618165,243.36145214216413,217.19869953019918,8.156617093896298,37.43065345619802,0.0,0.0,0.0,0.0,0.0
2022-10-20 04:00:00,229.46385192871094,234.47775981300623,228.22009390223283,229.09462099466492,21811000,226.02505645751953,230.0454132080078,247.01256225585936,266.5052794647217,228.8751062461538,231.56884906752023,241.22499321600435,45.36622729440011,-4.5564225365337165,-5.742040390302972,1.1856178537692559,-5.114918508636235,230.0454132080078,243.0017363386797,217.0890900773359,8.06153094755878,37.28833647543699,0.0,0.0,0.0,0.0,0.0
2022-10-21 04:00:00,235.26483154296875,236.1199207742884,227.86058198177213,228.09379217943177,26299700,226.7907455444336,230.2494689941406,246.15180297851563,266.1544699859619,230.03687448193833,231.92084739851532,240.99126138568923,51.00904967600091,-3.735736240098788,-5.340779560262136,1.6050433201633476,-2.841093052480237,230.2494689941406,243.40824663459105,217.09069135369018,8.04695370804757,38.10238774849208,0.0,0.0,0.0,0.0,0.0
2022-10-24 04:00:00,240.2495880126953,240.8228797300147,234.4680538752151,236.85839536600284,24911200,228.53978271484374,230.72559509277343,245.2959078979492,265.8406512451172,231.8937314875305,232.714060790342,240.96217615537577,55.28305091478077,-2.6525315174995114,-4.803129951709611,2.1505984342100994,0.18639955209129866,230.72559509277343,244.62538038393924,216.82580980160762,7.833183568425885,38.73241206948203,0.0,0.0,0.0,0.0,0.0
2022-10-25 04:00:00,243.5630340576172,243.93226498550914,238.86978470276068,240.2592898081023,34775500,230.99329071044923,231.41792068481445,244.47602966308594,265.5426273345947,234.01542286390986,233.7472963396063,241.06417058291467,57.911518796928725,-1.5093180871786842,-4.1443675788034255,2.6350494916247413,7.009901911398342,231.41792068481445,246.4401110396237,216.3957303300052,7.7450373657393925,38.85323405823159,0.0,0.0,0.0,0.0,0.0
2022-10-26 04:00:00,224.77059936523438,231.55296912820415,223.5462644989959,224.62483744809148,82543200,231.5345199584961,230.94422149658203,243.29504150390625,265.1495313262939,232.3345458641507,232.89237281823756,240.42520700575074,42.61271318750059,-2.095549442448714,-3.7346039515324834,1.6390545090837692,0.9029404439339528,230.94422149658203,246.18698341129058,215.70145958187348,8.879136566749036,47.6235947484059,0.0,0.0,0.0,0.0,0.0
2022-10-27 04:00:00,220.33001708984375,227.07352693116061,219.38747955716596,224.49854760384136,40424600,230.80672760009764,230.42194137573242,242.040205078125,264.7308051300049,230.15190426882214,231.69595798696196,239.63716034238183,39.928499329085,-2.885201090996844,-3.564723379425356,0.6795222884285117,0.5944734285731723,230.42194137573242,246.38770002755842,214.4561827239064,8.482827918241622,47.83708928191259,0.0,0.0,0.0,0.0,0.0
2022-10-28 04:00:00,229.1917724609375,229.9011145363862,219.64981530818488,219.83443818188346,40647700,231.51703186035155,230.5662368774414,240.98495361328125,264.34050758361815,229.97733484920673,231.4574641273406,239.22753728820754,47.09110639277529,-2.7640735941197363,-3.4045934223642322,0.6405198282444959,4.482832547270554,230.5662368774414,246.42718309012744,214.70529066475538,8.671612861841732,49.591143976113,0.0,0.0,0.0,0.0,0.0
2022-10-31 04:00:00,225.55767822265625,228.26867807032616,224.605414413329,227.14151774097857,28357300,230.99232330322266,230.1479248046875,239.9351434326172,263.99705741882326,229.17376091710665,230.8955797554659,238.69146438367613,44.7354313237815,-2.927572974900869,-3.30918933287156,0.38161635797069104,-0.9007868728578283,230.1479248046875,246.07716039823467,214.21868921114034,8.642462852429732,48.37949272478074,0.0,0.0,0.0,0.0,0.0
2022-11-01 04:00:00,221.7097625732422,229.065438341305,220.89354926680116,227.95771604634555,30592300,229.98856658935546,229.14174118041993,238.97161834716798,263.6083024597168,227.81667030913127,230.02074002382554,238.0255152930709,42.32135973118272,-3.329264359512848,-3.313204338199818,-0.01606002131302997,-0.17063778310492106,229.14174118041993,244.49492304546257,213.78855931537728,8.955485443973954,46.817383374068235,0.0,0.0,0.0,0.0,0.0
2022-11-02 04:00:00,213.8682861328125,224.7511761173168,213.80997246609851,222.96327583397812,38407000,228.39694213867188,227.7279365539551,237.87672210693358,263.21678344726564,225.28060045889146,228.4824110818243,237.07817297306076,37.840029347977136,-4.231570381342692,-3.4968775468283932,-0.7346928345142989,-7.338010439096976,227.7279365539551,243.24637309847483,212.20950000943535,8.559176591870026,48.06849198344755,0.0,0.0,0.0,0.0,0.0
2022-11-03 04:00:00,208.18394470214844,214.16954032295408,207.92158505441284,213.85859335870933,36633900,226.26895141601562,226.1470039367676,236.6807702636719,262.793560256958,222.17211759402906,226.54922380756943,235.9450659820446,34.95086481868381,-5.343734012500619,-3.8662488399628385,-1.4774851725377802,-10.167705077360479,226.1470039367676,242.88075255534247,209.4132553181927,8.387743303343616,48.6229779506306,0.0,0.0,0.0,0.0,0.0
2022-11-04 04:00:00,215.12176513671875,215.31609955402047,207.3871307832787,211.39049094816932,36789100,224.25464477539063,225.5226951599121,235.5641082763672,262.41337699890136,220.89023532906356,225.46089441034556,235.1284659488946,40.88361748188514,-5.600745665920755,-4.213148205154422,-1.387597460766333,-6.381093393063986,225.5226951599121,242.94448100052642,208.10090931929778,8.232272946560316,47.63130465274376,0.0,0.0,0.0,0.0,0.0
2022-11-07 05:00:00,221.41827392578125,221.9429931186714,215.01486125373305,215.7047654290473,33498000,222.37151336669922,225.45564804077148,234.7824835205078,262.09156227111816,220.9862423466486,225.07588293562515,234.5908113597529,45.721997896550796,-5.235996309604786,-4.417717826044495,-0.8182784835602916,-3.506250738538663,225.45564804077148,242.93244773512652,207.97884834641644,8.133022534234229,48.3446416694743,0.0,0.0,0.0,0.0,0.0
2022-11-08 05:00:00,222.38999938964844,225.09128806890277,219.44578895990887,222.2248143785305,28192500,220.25420989990235,225.62375030517578,234.07587188720703,261.77296478271484,221.24147089992127,224.82008450267497,234.11234814523903,46.45040935521725,-4.813037987058948,-4.4967818582473855,-0.3162561288115624,-5.4724848031393325,225.62375030517578,242.90380141830633,208.34369919204522,8.167030913442918,47.94554346664144,0.0,0.0,0.0,0.0,0.0
2022-11-09 05:00:00,218.15342712402344,222.1567873542891,217.97853059362552,220.93245233444006,27852900,219.59249267578124,225.56350631713866,233.32845031738282,261.4712204742432,220.68000839521255,224.1851647523272,233.48650810519138,43.697062788257426,-4.764771128908393,-4.550379712379587,-0.2143914165288061,-9.197169107113833,225.56350631713866,242.94364108227865,208.18337155199868,8.035159690960741,48.4804465511666,0.0,0.0,0.0,0.0,0.0
2022-11-10 05:00:00,236.10049438476562,236.44059075290608,228.3464365627671,228.76425484048087,46268000,221.16954040527344,225.98813400268554,232.96912109375,261.21953422546386,223.48373312058584,225.31995805065466,233.58901737105705,55.68154991089944,-3.2409809471197377,-4.288499959327617,1.0475190122078795,-3.0639048744507846,225.98813400268554,243.98269682728622,207.99357117808486,8.75143289355834,55.1828085357132,0.0,0.0,0.0,0.0,0.0
2022-11-11 05:00:00,240.1135711669922,240.96866045732685,235.0802248808406,236.1102255381831,34620200,222.2617202758789,226.88937606811524,232.71084747314453,260.97280502319336,226.50734003811425,226.72887358554394,233.8448822257996,57.842439302619724,-1.6900625035792984,-3.768812468177954,2.0787499645986554,6.826058143319136,226.88937606811524,245.8416610886481,207.93709104758238,8.718119302250242,54.47812014865659,0.0,0.0,0.0,0.0,0.0
2022-11-14 05:00:00,234.7109375,237.00411882377543,232.43719406272422,235.13848204241353,31123300,223.1770462036133,227.08468475341797,232.42886322021485,260.65842010498045,227.99890321300256,227.48907014882548,233.87884517772903,54.02349449849764,-0.8866748132312807,-3.1923849371886193,2.3057101239573385,6.526991011075967,227.08468475341797,246.28573688007728,207.88363262675867,8.904826218073065,53.65290674653706,0.0,0.0,0.0,0.0,0.0
2022-11-15 05:00:00,235.1190643310547,240.0066479183107,233.2339895014383,238.7045911196065,31390100,224.51797637939453,227.253271484375,232.20965057373047,260.3329468536377,229.2934779617393,228.21573626141875,233.9274812229575,54.26912404814088,-0.21457833070087418,-2.5968236158910702,2.382245285190196,2.586171312553298,227.253271484375,246.68452401399705,207.82201895475296,7.958818279376716,53.64369576592261,0.0,0.0,0.0,0.0,0.0
2022-11-16 05:00:00,235.5478057861328,237.56487314144158,234.27131111867024,236.58069414702467,24093300,226.68592834472656,227.54143524169922,231.9049526977539,260.02033309936525,230.4306284752654,228.9140285971058,233.99102336268987,54.54386422926657,0.3486399221790464,-2.007730908277047,2.3563708304560933,4.429078913294604,227.54143524169922,247.29894275541164,207.7839277279868,7.645069325717908,53.52027199205535,0.0,0.0,0.0,0.0,0.0
2022-11-17 05:00:00,235.49905395507812,237.02890851797554,231.55264414591673,231.69880196531264,23123500,229.41743927001954,227.84319534301758,231.59092346191406,259.68478897094724,231.35216038068586,229.54117386929363,234.05016181729334,54.50376654300136,0.7820456446398225,-1.449775597693673,2.2318212423334955,6.2195237691802685,227.84319534301758,247.90631975980972,207.78007092622545,7.303995407422016,53.512585065523425,0.0,0.0,0.0,0.0,0.0
2022-11-18 05:00:00,235.05087280273438,237.50642872973486,232.91687900998218,237.28230020466626,27613500,231.41035003662108,227.83249740600587,231.15249450683595,259.4059405517578,232.02465354833106,230.0659071010499,234.08940538534986,54.109946463692765,1.0769439888920544,-0.9444316803765275,2.021375669268582,9.904501061352988,227.83249740600587,247.87918085943392,207.78581395257783,7.304223384003742,52.7983342766006,0.0,0.0,0.0,0.0,0.0
2022-11-21 05:00:00,235.85963439941406,238.41262379283273,235.02162809086872,235.2554806346632,26394700,232.85448608398437,227.6129997253418,230.68768096923827,259.1084980010986,232.72192279398251,230.61769065327508,234.15882613099944,54.745402719501534,1.3602334288374038,-0.48349865853374124,1.8437320873711451,13.293863624719759,227.6129997253418,247.17756174085238,208.04843770983123,6.962731000250898,52.24804265972336,0.0,0.0,0.0,0.0,0.0
2022-11-22 05:00:00,238.76339721679688,239.03623507377168,234.55388823165154,237.36022259889907,19665700,234.49182586669923,227.37301788330078,230.5658416748047,258.8496601104736,233.82037268903966,231.39347223075336,234.33939754612874,57.045273097271675,1.7983218082001997,-0.027134565186953064,1.8254563733871527,10.989883829306102,227.37301788330078,246.21833479929705,208.5277009673045,6.501384085315316,52.1973000356929,0.0,0.0,0.0,0.0,0.0
2022-11-23 05:00:00,241.2481689453125,241.93026354415642,238.02282423120627,238.84133774981902,19508500,236.80130004882812,228.1968963623047,230.48922821044923,258.5858209991455,235.17088109927107,232.33201477499708,234.61032975786142,58.96696743546021,2.319275157175724,0.4421473792855824,1.8771277778901418,8.955852951043308,228.1968963623047,247.98054232393974,208.41325040066965,6.334204374201668,43.700295252872934,0.0,0.0,0.0,0.0,0.0
2022-11-25 05:00:00,241.16050720214844,242.3395534122588,240.4199345063279,240.98510292788336,9200800,237.30730133056642,229.23842086791993,230.54378814697264,258.289444732666,236.25990402706697,233.1728235775829,234.86719946155895,58.866909192836296,2.694006044728326,0.8925191123741312,1.8014869323541947,8.440356069974309,229.23842086791993,249.4665254771864,209.01031625865346,5.904965098143748,42.841959166126195,0.0,0.0,0.0,0.0,0.0
2022-11-28 05:00:00,235.57705688476562,240.34199604159997,234.64161691636573,239.7865813482157,24778200,236.85364990234376,229.55768508911132,230.49911712646485,258.0077728271484,236.13575000119397,233.40179817826697,234.89503700756708,52.72962799876112,2.511494252737833,1.2163141404468716,1.2951801122909616,7.9868696038575715,229.55768508911132,249.98328597065625,209.13208420756638,5.8757335567754865,41.79864424683355,0.0,0.0,0.0,0.0,0.0
2022-11-29 05:00:00,234.18360900878906,236.58068666323004,232.11783235235237,235.22623623628454,17956300,236.80091705322266,229.98898162841797,230.4308511352539,257.7545630645752,235.78081527530213,233.4762563526024,234.86713787036012,51.29238424320121,2.2287214312686388,1.418795598611225,0.8099258326574137,-0.8118938424807709,229.98898162841797,250.42323227260752,209.55473098422843,5.791258928338613,41.39193273911268,0.0,0.0,0.0,0.0,0.0
2022-11-30 05:00:00,248.61483764648438,248.79998080802568,233.72562221636355,234.41747063024718,47594200,238.15049438476564,231.33423538208007,230.6914385986328,257.57370246887206,238.11427388824436,234.9180259996388,235.40626335177677,62.64752194281114,3.132986360688477,1.7616337510266757,1.3713526096618014,3.5405189461697573,231.33423538208007,252.9801234715205,209.68834729263963,6.552893913741414,45.73308442285347,0.0,0.0,0.0,0.0,0.0
2022-12-01 05:00:00,248.17636108398438,249.56978200844247,244.50277384992842,247.37732526853793,26041500,239.4133499145508,233.04963912963868,231.0112744140625,257.36424644470213,239.9437442874698,236.18072457910026,235.90705149813786,62.173250616808446,3.770774299143511,2.1634618606500426,1.6073124384934685,5.737024327630391,233.04963912963868,254.30166988211909,211.79760837715827,5.608597094429372,43.17296952975547,0.0,0.0,0.0,0.0,0.0
2022-12-02 05:00:00,248.49795532226562,249.51135113758676,243.30426645593676,243.43094650855843,21528500,240.71324005126954,235.06533966064453,231.29809143066407,257.1580912017822,241.4990553847054,237.35379417368745,236.4008124324174,62.39809362829336,4.253148158261581,2.5813991201723505,1.6717490380892306,5.69026209307002,235.06533966064453,253.89654888451665,216.2341304367724,5.631357744798213,41.32248397400905,0.0,0.0,0.0,0.0,0.0
2022-12-05 05:00:00,243.8011932373047,247.32862273354516,241.7159238084992,245.5649005511503,23435300,241.58827209472656,236.49931106567382,231.5504409790039,256.9708711242676,241.9176259033598,237.9678321797462,236.69102344437377,57.063360473314745,4.207936990869882,2.906706694311857,1.3012302965580251,3.5039118380349565,236.49931106567382,253.18124006602486,219.8173820653228,5.567475916905244,41.43692782059092,0.0,0.0,0.0,0.0,0.0
2022-12-06 05:00:00,238.85113525390625,245.418767416636,237.54540886309002,244.4053716023512,22463700,241.88742218017578,237.37095413208007,231.71292236328125,256.7724446105957,241.3600821489137,238.05195628204717,236.77573371141426,52.01588963979759,3.729685017846066,3.0713023590186994,0.6583826588273665,1.423394804578515,237.37095413208007,252.48288911678213,222.259019147378,5.64609735523907,41.574457316141086,0.0,0.0,0.0,0.0,0.0
2022-12-07 05:00:00,238.1203155517578,239.864545236555,236.0155681176871,238.568557750271,20481500,241.82311401367187,238.15746994018554,231.88099822998046,256.571379776001,240.77103367670355,238.05846668868628,236.8284624110356,51.2944966937935,3.2541836380367215,3.1078786148223037,0.14630502321441785,1.3058631573767743,238.15746994018554,251.52294506615155,224.79199481421952,5.6857698621031085,41.651875421974985,0.0,0.0,0.0,0.0,0.0
2022-12-08 05:00:00,241.07278442382812,242.3785254696705,236.8437826963573,238.57825833331165,22611800,241.80557556152343,239.30343780517578,232.0175622558594,256.42111198425295,240.82589744890802,238.3455445682236,236.99490641153724,54.06608720678129,3.0800796905103596,3.102318829959915,-0.022239139449555356,2.2102764797752084,239.30343780517578,248.82452938317724,229.78234622717432,5.689946890764138,40.85806955115018,0.0,0.0,0.0,0.0,0.0
2022-12-09 05:00:00,239.14346313476562,241.9595517487918,237.91569256943419,238.44187570641893,20609700,241.60387115478517,239.4555862426758,232.18491912841796,256.1919332122803,240.52000030088212,238.42153681265617,237.07916353793837,51.98434236528535,2.7546668687851934,3.032788437724971,-0.2781215689397776,0.1591809810042477,239.4555862426758,248.85767884709028,230.0534936382613,5.650968995021633,29.212595593246853,0.0,0.0,0.0,0.0,0.0
2022-12-12 05:00:00,246.05206298828125,246.08129455017462,240.8486368116105,241.12147463497962,30665100,242.65137176513673,239.75251083374025,232.57984313964843,255.98414115905763,241.52582988040922,239.14825359128713,237.43104194775574,58.19205424095703,3.019434966930106,3.0301177435659983,-0.010682776635892122,1.991266530216751,239.75251083374025,249.60632834044713,229.89869332703336,5.904314403124845,30.369258776808515,0.0,0.0,0.0,0.0,0.0
2022-12-13 05:00:00,250.349365234375,257.1703424453759,246.59782182090436,254.99736328565794,42196900,244.2679473876953,240.534432220459,232.90835205078125,255.79067695617675,243.1301090356757,240.21502612872408,237.93764286095652,61.524220354303196,3.5352695823510487,3.1311481113230086,0.4041214710280401,3.810266506250204,240.534432220459,251.15578120626822,229.91308323464978,6.37830958990874,29.499885765074964,0.0,0.0,0.0,0.0,0.0
2022-12-14 05:00:00,250.6416473388672,255.87430582571122,247.8060664813451,250.55395264064651,35410900,244.4706283569336,241.3105613708496,233.0845162963867,255.6172480773926,244.4958432726196,241.20803767254722,238.43583911499223,61.74753553332259,3.922441490718967,3.2894067872022004,0.6330347035167665,6.3947612952268695,241.3105613708496,252.51811584124465,230.10300690045455,6.675509592152737,29.50482682316533,0.0,0.0,0.0,0.0,0.0
2022-12-15 05:00:00,242.64161682128906,247.69888605332656,241.01432850057725,247.2311661145022,35560400,243.91715393066406,241.6652519226074,233.0944610595703,255.378473739624,244.1587111905595,241.34456902004646,238.6007715740627,52.726899672555696,3.542902044411619,3.3401058386440843,0.20279620576753477,3.6116993193074265,241.6652519226074,252.54923644517405,230.78126740004078,7.226059587321241,32.0587143917249,0.0,0.0,0.0,0.0,0.0
2022-12-16 05:00:00,238.43211364746094,243.45039767115878,237.28228413602537,242.19339565744826,86102000,242.9105697631836,241.81190490722656,233.06705139160155,255.13930541992187,243.11751163726882,241.06719231789546,238.59415753772538,48.69571965475796,2.8693663042995183,3.2459579317751714,-0.3765916274756531,-4.0957828967161936,241.81190490722656,252.4216458082644,231.20216400618872,7.201004105132006,32.7619308596327,0.0,0.0,0.0,0.0,0.0
2022-12-19 05:00:00,234.300537109375,238.93881059195638,232.60504677186884,238.5977558234553,29696400,241.96050415039062,241.7743881225586,233.2009033203125,254.9087907409668,241.51442535946993,240.42274896470303,238.42578026602536,45.05480331704155,1.9793835783324312,2.992643061086624,-1.0132594827541928,-5.591114284214083,241.7743881225586,252.48957459423198,231.05920165088523,7.334640498646997,33.383510620407186,0.0,0.0,0.0,0.0,0.0
2022-12-20 05:00:00,235.61602783203125,236.69764045155708,232.32246573736623,233.2773983167744,25150800,241.63699340820312,241.76220779418946,233.45803955078125,254.73781753540038,240.44198944539016,239.96496599968668,238.31559389606483,46.42825188180285,1.3644860178768852,2.667011652444676,-1.302525634567791,-5.183916895222895,241.76220779418946,252.5062188357197,231.01819675265924,6.570413078827619,33.421714519671134,0.0,0.0,0.0,0.0,0.0
2022-12-21 05:00:00,238.1787109375,239.33827914107383,233.9692023983042,235.50879578158697,23690600,241.64283294677733,241.73297348022462,233.8410546875,254.59445831298828,240.0304842621374,239.79484646995462,238.31022593690543,49.09764386725303,1.071609532852193,2.3479312285261797,-1.2763216956739867,-2.3061750540047665,241.73297348022462,252.5144577538646,230.95148920658463,6.591989406274446,33.35631499722167,0.0,0.0,0.0,0.0,0.0
2022-12-22 05:00:00,232.09835815429688,235.8011771653982,227.88883383804284,235.08983601075406,28651700,240.74539031982422,241.27548294067384,234.09585571289062,254.35951080322266,238.5882795152573,239.06184758274912,238.06662327876393,43.55255254675067,0.34489343757334723,1.9473236703356134,-1.6024302327622661,-2.827190707061522,241.27548294067384,252.88805997090049,229.6629059104472,6.883617436117815,34.30676126116794,0.0,0.0,0.0,0.0,0.0
2022-12-23 05:00:00,232.62452697753906,232.7609459126413,227.95703674860303,230.07153767696204,21207000,240.09349670410157,240.84868392944335,234.19618743896484,254.14126914978027,237.5039608720358,238.448769429872,237.85320773753944,44.140483386574786,-0.18642785274346352,1.520573365719798,-1.7070012184632615,-2.307988111591508,240.84868392944335,253.08950787685626,228.60785998203045,6.7423229825658035,34.33317834439647,0.0,0.0,0.0,0.0,0.0
2022-12-27 05:00:00,230.89981079101562,232.8194148295831,229.7987055148439,232.59530118818017,16688600,238.578271484375,240.61482162475585,234.37240905761718,253.94110389709473,236.3032063118503,237.72982098807614,237.58052550434243,42.575120507860966,-0.7381648802329153,1.0688257165292554,-1.8069905967621707,-4.219876439858705,240.61482162475585,253.44427462458293,227.78536862492876,6.395705179793891,33.46522440277225,0.0,0.0,0.0,0.0,0.0
2022-12-28 05:00:00,228.53195190429688,233.5892213133109,228.18115822076558,230.83159608110222,17457100,236.3965301513672,240.33223876953124,234.3269528198242,253.74665702819823,234.89025096502237,236.85383345628765,237.22567948081127,40.45401422820233,-1.3509143727309265,0.5848776986772191,-1.9357920714081456,-4.43729930618626,240.33223876953124,253.98094249725142,226.68353504181107,6.507068463627994,33.588531904708425,0.0,0.0,0.0,0.0,0.0
2022-12-29 05:00:00,234.84622192382812,235.73295246137508,229.62330203859167,229.62330203859167,19770700,234.81698760986328,239.64380798339843,234.3889306640625,253.5319783782959,234.8822456848052,236.66263235795816,237.1323674197531,47.90711465460532,-1.3118912741529982,0.2055239041111756,-1.5174151782641738,-4.5542560905034275,239.64380798339843,252.91728757005467,226.3703283967422,6.626086876754065,26.626953231034012,0.0,0.0,0.0,0.0,0.0
2022-12-30 05:00:00,233.68667602539062,233.82309496882053,230.60748859534408,232.11785074167162,21938500,233.92149353027344,238.91932373046876,234.46697357177734,253.27648307800294,234.66486938309347,236.37920794533267,236.99724226703302,46.74989812043023,-1.358866681420011,-0.1073542129950617,-1.2515124684249492,-6.655774498722977,238.91932373046876,251.8080409235757,226.03060653736182,6.640006458834525,26.635809037599323,0.0,0.0,0.0,0.0,0.0
2023-01-03 05:00:00,233.4528045654297,239.46500660940322,231.32854977617055,236.86329296068058,25740000,233.4235626220703,238.16706619262695,234.54675262451173,253.01580429077148,234.44449396170006,236.1005028615324,236.8582447101074,46.50589432502551,-1.3988415280059314,-0.3656516759972357,-1.0331898520086957,-6.857935604851095,238.16706619262695,250.44353248724758,225.89059989800631,6.725622560107644,26.600625173455477,0.0,0.0,0.0,0.0,0.0
2023-01-04 05:00:00,223.2408447265625,226.91441744415422,220.18114984436647,226.3395100790415,50623400,232.31759338378907,237.13904876708983,234.3062728881836,252.6788653564453,232.40746682803865,234.8757735153448,236.3242290244782,37.341153340255175,-2.2288489131551614,-0.7382911234288209,-1.4905577897263407,-7.995649035348973,237.13904876708983,250.79491329019226,223.4831842439874,6.87943507896254,29.83686688124877,0.0,0.0,0.0,0.0,0.0
2023-01-05 05:00:00,216.62448120117188,221.73047501122883,216.08854432449274,221.3894202164649,39585600,230.41843872070314,236.02771606445313,233.83377075195312,252.31498748779296,229.53783307769922,233.13755519970928,235.55168989415247,32.82734697615875,-3.381540690859879,-1.2669410369150325,-2.1145996539448464,-9.146264784840696,236.02771606445313,252.4370045455002,219.61842758340606,6.814010868798515,30.676101745472593,0.0,0.0,0.0,0.0,0.0
2023-01-06 05:00:00,219.17745971679688,219.98623444144232,213.74018002094996,217.2968261609176,43613600,228.5183135986328,235.08057327270507,233.34605926513672,251.94017379760743,227.65412883026244,231.8080222965748,234.90956322053069,36.04008673295497,-4.042454302449215,-1.822043690021869,-2.2204106124273464,-6.454563689505521,235.08057327270507,253.0900335478862,217.07111299752393,6.5724919818129734,31.228562724052793,0.0,0.0,0.0,0.0,0.0
2023-01-09 05:00:00,221.3114776611328,225.32612015800373,220.61964399862748,220.658614469924,27369800,227.43962554931642,234.0925079345703,233.2768768310547,251.59813453674317,226.5009195267843,230.80835137891364,234.37630496329942,38.68018138899141,-4.343961207109771,-2.3264271934394496,-2.0175340136703217,-6.0711278016689185,234.0925079345703,252.86972856516866,215.31528730397196,6.571102475103934,31.05750394488192,0.0,0.0,0.0,0.0,0.0
2023-01-10 05:00:00,222.9972381591797,225.3943160955878,221.51610752466433,221.9351032710945,27033900,226.47689666748047,233.28519668579102,233.33022125244142,251.24222610473632,225.86388655085617,230.06443583417706,233.93006704941237,40.76038732592639,-4.396204113115203,-2.7403825773746004,-1.655821535740603,-6.373983937760097,233.28519668579102,252.530602991026,214.03979038055604,6.410322090415895,31.290153060649555,0.0,0.0,0.0,0.0,0.0
2023-01-11 05:00:00,229.740234375,229.91562377471337,225.19940935858202,225.37479875829538,28669300,226.3609390258789,232.46960525512696,233.34119049072265,250.9220640563965,226.56867706433684,230.0335595047316,233.76575988570994,48.313475077292,-3.8491331406253835,-2.962132690024757,-0.8870004506006266,-1.0160019217926641,232.46960525512696,250.7976223372269,214.14158817302703,6.591980011940383,31.477347563142743,0.0,0.0,0.0,0.0,0.0
2023-01-12 05:00:00,232.41014099121094,233.76459137721616,227.58673939319505,229.2432592016942,27269500,226.7487579345703,231.57264404296876,233.47823974609375,250.58129676818848,227.63076141467758,230.25990059868204,233.7125983604355,50.97864829987752,-3.163667513129326,-3.002439654645671,-0.16122785848365506,-0.0921596656696555,231.57264404296876,247.85843978507177,215.28684830086576,6.649749672029775,31.032853255865415,0.0,0.0,0.0,0.0,0.0
2023-01-13 05:00:00,233.11175537109375,233.24817431543465,228.91198479686696,230.93879116175304,21333300,226.57531127929687,230.69614944458007,233.70627960205078,250.2212557220459,228.62730577038963,230.5315058151022,233.68903589026522,51.68371264979838,-2.5345993642670805,-2.908871596569953,0.37427223230287243,0.9579672553651886,230.69614944458007,244.33206217060115,217.060236718559,6.224486273394812,31.07693296467976,0.0,0.0,0.0,0.0,0.0
2023-01-17 05:00:00,234.20310974121094,234.74878549049157,231.02647397875015,231.8839729382192,29831300,226.6269546508789,230.27422409057618,234.11297607421875,249.87416854858398,229.64108831053892,230.8811823794935,233.70919564912586,52.82042222286113,-1.9257957723654613,-2.7122564317290547,0.7864606593635934,2.4815601449415636,230.27422409057618,242.8335587190926,217.71488946205977,6.147229298230753,29.292157710622153,0.0,0.0,0.0,0.0,0.0
2023-01-18 05:00:00,229.7792205810547,236.1812017430098,229.49664379486572,235.39191965313583,30028700,226.2595962524414,229.84157943725586,234.54488159179687,249.53180686950682,229.6662032688145,230.77623363678504,233.55507897978973,47.90090166969315,-1.7797693496360125,-2.5257590153104466,0.745989665674434,-2.157582651858414,229.84157943725586,241.79940399304724,217.88375488146448,6.408932772045388,29.406847617691433,0.0,0.0,0.0,0.0,0.0
2023-01-19 05:00:00,225.99844360351562,229.49664158993286,224.78041202749904,227.80113628343994,28623000,226.5353561401367,229.42647476196288,234.76241516113282,249.16517219543456,228.9993378751238,230.3212060145689,233.2587403375829,44.119017292276176,-1.9466793545418568,-2.409943083156729,0.463263728614872,-3.2899746586491974,229.42647476196288,241.3087180393959,217.54423148452986,6.379700304974697,29.34673817054491,0.0,0.0,0.0,0.0,0.0
2023-01-20 05:00:00,234.07643127441406,234.58313656009622,228.51245663723557,228.85351141709936,35389800,228.28055114746093,229.34949493408203,235.01557830810546,248.81208297729492,229.92244576590386,230.67884651550654,233.2908066488312,52.70996379774037,-1.4108670444158804,-2.2101278754085594,0.799260830992679,0.2671318128498079,229.34949493408203,241.0819026887361,217.61708717942795,6.478535476367725,32.14929101195991,0.0,0.0,0.0,0.0,0.0
2023-01-23 05:00:00,236.37611389160156,238.89987209393865,233.5210397551621,234.93396847148776,31934000,230.00041656494142,229.2593650817871,235.29530059814454,248.49027503967284,231.09583997057615,231.22144340846796,233.41179908972416,54.83856410955396,-0.7915423528388033,-1.9264107708946083,1.134868418055805,5.8839004937147,229.2593650817871,240.73098187795094,217.78774828562328,6.559971119960047,32.1036480775318,0.0,0.0,0.0,0.0,0.0
2023-01-24 05:00:00,235.84988403320312,237.7110398533446,234.29081253406932,236.29812619619068,40234400,231.45425720214843,229.44694137573242,235.64922973632812,248.2208794403076,231.9602116183265,231.66224727749034,233.50741026397822,54.236958236502936,-0.33927447944881806,-1.6089835126054504,1.2697090331566323,8.874990825333938,229.44694137573242,241.23240809648058,217.66147465498426,6.223097583248806,30.698635340545007,0.0,0.0,0.0,0.0,0.0
2023-01-25 05:00:00,234.45643615722656,237.07764219216483,224.99476139964753,228.48320522416125,66526600,232.6001770019531,229.5385368347168,235.61634857177734,247.93547149658204,232.41407062539923,231.9283605041319,233.54462696567424,52.59166674336349,-0.09222541229007675,-1.3056318925423758,1.213406480252299,6.9710527990295645,229.5385368347168,241.45572491544797,217.62134875398564,6.13818515978124,30.79020902326166,0.0,0.0,0.0,0.0,0.0
2023-01-26 05:00:00,241.65745544433594,241.95952488467353,235.8109041029407,237.4186997744048,33454500,233.79189910888672,230.0764190673828,235.6472262573242,247.70735084533692,234.09468604702408,232.8549409746275,233.86277710209234,59.439305473387755,0.6768228360200794,-0.9091409468298847,1.585963782849964,9.193367645557204,230.0764190673828,243.16575415063485,216.98708398413075,6.163241468736755,32.410499962498875,0.0,0.0,0.0,0.0,0.0
2023-01-27 05:00:00,241.81338500976562,243.4406734697651,240.51739758193492,242.62215978962465,26498900,234.7322235107422,230.74049072265626,235.78927520751952,247.53664985656738,235.4980858584316,233.70812612083114,234.17456564749128,59.57546572820587,1.284079259875483,-0.4704969054888111,1.7545761653642942,8.437838515809148,230.74049072265626,244.81078012846982,216.6702013168427,5.925900144975172,32.07171790002549,0.0,0.0,0.0,0.0,0.0
2023-01-30 05:00:00,236.50279235839844,239.31888113372324,236.00582589486666,238.25674616117678,25867400,235.07132720947266,230.82331924438478,235.8169497680664,247.35487411499022,235.6807597675165,233.97428481012327,234.26586865576215,53.04440449230067,1.3215795598254942,-0.11208161242595005,1.4336611722514443,2.943567112567691,230.82331924438478,245.01436044345917,216.6322780453104,5.901535764524608,31.85546243181825,0.0,0.0,0.0,0.0,0.0
2023-01-31 05:00:00,241.47232055664062,241.60873949787776,236.73661321290928,237.22382584140612,26541100,235.79824829101562,231.21260147094728,235.93544006347656,247.1710528564453,236.7337708200845,234.68838345264874,234.54847461265936,57.71584496026421,1.732329000844686,0.2568005102281772,1.475528490616509,3.8992186514668514,231.21260147094728,246.14228538091902,216.28291756097553,5.974614957740632,32.58667615483787,0.0,0.0,0.0,0.0,0.0
2023-02-01 05:00:00,246.28598022460938,248.65382642873757,239.19216564342997,241.65746031930018,31259900,237.44892425537108,231.85426025390626,236.1511785888672,247.04897903442384,238.4705361663617,235.79291647854976,235.0087689503829,61.69145707734093,2.418395242953011,0.6891194567731439,1.7292757861798669,5.651463107273758,231.85426025390626,248.22308273746864,215.48543777034388,6.15627746986734,33.1863716831146,0.0,0.0,0.0,0.0,0.0
2023-02-02 05:00:00,257.8329772949219,257.9206720160433,250.67094436562596,252.20079944287713,39940400,240.63237762451172,233.58386688232423,236.60682067871093,246.98130310058593,241.9909800079181,237.8919698896328,235.90383594428639,69.1777809113879,3.8494794411773228,1.3211914536539797,2.528287987523343,10.089476429165,233.58386688232423,253.12372730517558,214.04400645947288,6.546051741825396,31.86231960222134,0.0,0.0,0.0,0.0,0.0
2023-02-03 05:00:00,251.74273681640625,257.44312974111796,250.52470541100183,252.90230509331886,29077300,242.39900817871094,235.33977966308595,236.9244827270508,246.86005569458007,243.7640267003705,239.21109054932552,236.5249693118205,62.26622849760151,4.440999393737229,1.9451530416706297,2.495846352066599,9.558530218620852,235.33977966308595,254.77408677361083,215.90547255256106,6.7583433393505645,30.993934286989276,0.0,0.0,0.0,0.0,0.0
2023-02-06 05:00:00,250.20315551757812,251.69402492949268,248.2640588264018,250.85603350578165,22518000,243.7817123413086,236.891064453125,237.15327789306642,246.7259831237793,244.93477739440823,240.25795387963527,237.06136877086982,60.61746036263839,4.731015670124236,2.502325567361351,2.228690102762885,10.710123277010908,236.891064453125,255.84034888268658,217.94178002356344,6.740940944940781,31.33202202685828,0.0,0.0,0.0,0.0,0.0
2023-02-07 05:00:00,260.7171630859375,261.8962090659223,253.428453032111,253.86695619791232,50841400,246.26844024658203,238.86134872436523,237.5426577758789,246.6713250732422,247.80430206559538,242.2064499945212,237.98904697930385,67.03675518084586,5.743045941463265,3.150469642181734,2.592576299281531,11.381210686816988,238.86134872436523,259.1379990556694,218.58469839306102,7.098690630669357,33.73376744731931,0.0,0.0,0.0,0.0,0.0
2023-02-08 05:00:00,259.90850830078125,269.6819942739038,259.4017880402651,266.2130420866827,54686000,248.8136474609375,240.7069122314453,237.91761779785156,246.6454179382324,250.00506683562918,243.8923603094031,238.84863369779316,66.14375406374494,6.40599126017554,3.801573965780496,2.604417294395044,9.95548747365027,240.7069122314453,261.6133098176932,219.80051464519738,7.47593332210386,33.98206319964045,0.0,0.0,0.0,0.0,0.0
2023-02-09 05:00:00,256.87799072265625,266.9730522112078,256.0789548463012,266.79763305844943,42375100,250.33570098876953,242.0638000488281,238.34363647460938,246.57199935913087,251.25468936054318,245.12908701542722,239.55566730661133,62.76914432289222,6.610639423758641,4.363387057376125,2.247252366382517,8.915885956718462,242.0638000488281,263.48946493709474,220.63813516056146,7.640890779841432,33.581790244562335,0.0,0.0,0.0,0.0,0.0
2023-02-10 05:00:00,256.3713073730469,257.3359789229723,253.99370721574917,254.8414524853322,25818500,251.79149322509767,243.26185836791993,238.78739044189453,246.54683456420898,252.18498354463475,246.19977466853385,240.21510417196174,62.197778709796204,6.6552221972664825,4.821754085354196,1.8334681119122864,9.34709730089227,243.26185836791993,265.09054812515365,221.4331686106862,7.4954221633019005,33.6163452733719,0.0,0.0,0.0,0.0,0.0
2023-02-13 05:00:00,264.381103515625,267.5772176000691,260.31773656170196,260.7952252232444,44630900,254.5793243408203,244.8253257751465,239.10271575927734,246.498839263916,254.4024599029966,247.93132979682824,241.16279042073288,67.26985051571918,7.253266829510892,5.308056634185536,1.9452101953253562,9.40324726564179,244.8253257751465,268.02897737775294,221.62167417254005,8.05154237099811,34.851616554643236,0.0,0.0,0.0,0.0,0.0
2023-02-14 05:00:00,265.2093811035156,267.93776039967133,262.39327735042633,265.69659381619374,37047900,256.9530303955078,246.37563934326172,239.44337615966796,246.4239810180664,256.36735466672735,249.57685849270322,242.10579397692044,67.7517028755423,7.705235430679295,5.787492393484288,1.9177430371950068,9.675227900558593,246.37563934326172,270.7069216618638,222.04435702465963,7.584513960764375,34.86690107244975,0.0,0.0,0.0,0.0,0.0
2023-02-15 05:00:00,263.0895080566406,264.4668924311176,260.0221350925757,262.1126422431033,28922400,258.6333831787109,248.04115371704103,239.73520721435546,246.3970980834961,257.5895643739843,250.8637774987925,242.92868472514476,65.1097173274876,7.802426252007194,6.1904791651888695,1.6119470868183248,11.241607523158725,248.04115371704103,272.14831448144093,223.9339929526411,7.419096623871015,34.020387245588445,0.0,0.0,0.0,0.0,0.0
2023-02-16 05:00:00,256.0853576660156,260.56916800834415,255.84114122158655,257.91209190049267,29603600,258.4586212158203,249.545499420166,239.9808905029297,246.30157806396485,257.3160722452627,251.36107084805184,243.44463268361028,57.17635995298926,7.230920724712689,6.398567477093634,0.8323532476190554,6.051640650029411,249.545499420166,271.5218227020722,227.5691761382598,7.728031691529864,35.124055349385685,0.0,0.0,0.0,0.0,0.0
2023-02-17 05:00:00,252.0900115966797,254.0730481798603,250.07767022898236,253.3892599372768,30000100,258.4933486938477,250.4461784362793,240.24566802978515,246.19909278869628,256.3658794000658,251.4304937764926,243.78366715078948,53.194708279561496,6.382039263612313,6.39526183439737,-0.013222570785057286,2.356622722404711,250.4461784362793,271.19536864406047,229.69698822849813,7.742326571682314,34.16960571495333,0.0,0.0,0.0,0.0,0.0
2023-02-21 05:00:00,246.82472229003906,249.57949147395604,245.7697052561427,248.5928473067925,28397400,258.15550537109374,250.96860885620117,240.4197561645508,246.0306184387207,254.63112356187912,250.9918488730208,243.9029242150738,48.41021156521355,5.2242083250283144,6.16105113252356,-0.9368428074952453,-4.269529491679814,250.96860885620117,270.7287591074853,231.208458604917,7.829066514615006,35.19081230046862,0.0,0.0,0.0,0.0,0.0
2023-02-22 05:00:00,245.6915283203125,248.45606050673507,244.5485970470492,248.2118440405047,22491100,256.65294189453124,251.46069107055663,240.51213104248046,245.91756805419922,253.00574260886697,250.48705643942955,243.97306555253417,47.42163334824705,4.167143445931231,5.762269595205095,-1.595126149273864,-2.4037271432807428,251.46069107055663,270.0936027896419,232.82777935147135,7.4323381342134525,35.2419837305687,0.0,0.0,0.0,0.0,0.0
2023-02-23 05:00:00,248.8761444091797,250.89824919216971,244.68538110016482,249.64786195781076,29219100,255.5497055053711,252.1816764831543,240.70678466796875,245.83311332702635,252.25490657256017,250.33363624607242,244.16534315475556,50.48200799124371,3.545513346081833,5.3189183453804425,-1.7734049992986094,-0.5303734501882484,252.1816764831543,269.0793215564343,235.28403140987427,7.045065012825666,35.29715106989238,0.0,0.0,0.0,0.0,0.0
2023-02-24 05:00:00,243.45452880859375,245.19334897539824,242.36044373441328,244.17741496448653,24990900,254.20735931396484,252.2715301513672,240.654833984375,245.7706448364258,250.65483788820262,249.67848315678876,244.13746808235706,45.614296736796575,2.5855829538900537,4.772251267082365,-2.1866683131923113,-6.621211305392139,252.2715301513672,268.9512489883446,235.5918113143898,6.9884527836004064,34.78929739533832,0.0,0.0,0.0,0.0,0.0
2023-02-27 05:00:00,244.37274169921875,246.97120819395718,243.62055089162848,246.61953592470093,21190000,253.00750274658202,252.39949798583984,240.53530151367187,245.68897018432617,249.51263858111463,249.17317444654398,244.1466944987046,46.55423819528665,1.8772831569362438,4.193257645053141,-2.315974488116897,-5.977398240300625,252.39949798583984,268.77793304480645,236.0210629268732,6.99116716898319,34.80757659731112,0.0,0.0,0.0,0.0,0.0
2023-02-28 05:00:00,243.64990234375,245.6720220057633,242.97586245641222,243.30800820629165,22491000,250.93438262939452,252.75685348510743,240.39546661376954,245.64697120666503,248.44668653795742,248.64714853199217,244.12721245341226,45.88197208099707,1.2432914796052614,3.6032644119635653,-2.359972932358304,-5.1495608252356,252.75685348510743,267.94340228535657,237.57030468485826,6.3485318833408275,33.80192189256063,0.0,0.0,0.0,0.0,0.0
2023-03-01 05:00:00,240.57275390625,245.12493737930367,240.10384757221487,244.95887197567075,27565300,248.47071990966796,252.71187515258788,240.35408935546874,245.61473808288574,247.0150624231015,247.87815856763578,243.987821922151,43.03308141778434,0.4869352589943219,2.9799985813697165,-2.4930633223753946,-6.162371924018917,252.71187515258788,268.04377958555034,237.37997071962542,5.972880710015835,33.359466963425774,0.0,0.0,0.0,0.0,0.0
2023-03-02 05:00:00,245.30079650878906,245.5840810609681,239.9280340639678,240.8462903940092,24808200,246.6918487548828,252.66261596679686,240.4914630126953,245.5782363128662,246.70337771140834,247.63269551441226,244.039311121627,48.34070149298353,0.2659651483592995,2.437191894767633,-2.1712267464083337,-7.216970786911137,252.66261596679686,268.08749727497144,237.2377346586223,5.598734255165384,33.337333529335126,0.0,0.0,0.0,0.0,0.0
2023-03-03 05:00:00,249.38409423828125,249.7064617806796,245.57432311137507,246.35581882878407,30760100,246.02172241210937,252.24017181396485,240.79313415527344,245.56031311035156,247.1907807162943,247.79949539287597,244.24891045953504,52.46023884036722,0.41554262815336074,2.032862041444779,-1.6173194132914182,-5.9670916614588005,252.24017181396485,267.5310357063218,236.9493079216079,5.674690938355915,29.164584391105574,0.0,0.0,0.0,0.0,0.0
2023-03-06 05:00:00,250.92752075195312,254.10233469653934,250.05811076028263,250.49769740222126,24109800,245.9054733276367,252.19941101074218,241.09936401367187,245.5243748474121,247.87018799550498,248.09740256993095,244.51081674551222,53.95490068023988,0.6511197757703542,1.7565135883098941,-1.10539381253954,-4.62275648866588,252.19941101074218,267.5002011217583,236.89862089972607,5.211285954872762,28.065324449645125,0.0,0.0,0.0,0.0,0.0
2023-03-07 05:00:00,248.27047729492188,251.72859113392445,247.52806453283253,250.37073314257202,21473200,246.050048828125,252.10277709960937,241.30119934082032,245.53391090393066,247.94296786812623,248.11388587707293,244.65825441411653,50.983165325596,0.6163107150715632,1.528473013662228,-0.9121622985906648,-3.051670131521478,252.10277709960937,267.48086860733696,236.72468559188178,5.1152890657189705,28.238674250356542,0.0,0.0,0.0,0.0,0.0
2023-03-08 05:00:00,247.8308868408203,248.65145065582482,245.00774486083787,248.16301768416147,17340200,246.26398468017578,251.4584632873535,241.61584991455078,245.545806350708,247.92258949952515,248.086933587906,244.78267137202647,50.4877160055591,0.5469481302644112,1.3321680369826647,-0.7852199067182535,-1.6895253916976216,251.4584632873535,266.3902073754478,236.5267191992592,5.0050361931509,23.412473410126406,0.0,0.0,0.0,0.0,0.0
2023-03-09 05:00:00,246.48280334472656,253.555302700135,245.75991723521878,249.90183388794475,26653400,246.02465057373047,250.78717803955078,241.89301544189453,245.55377334594726,247.66081019865265,247.93415927903177,244.84934321409315,48.91774338708055,0.3788317734733937,1.1415007842808105,-0.7626690108074168,-0.1385270252267201,250.78717803955078,265.32125498879384,236.25310109030775,5.044108952426768,23.43608894842148,0.0,0.0,0.0,0.0,0.0
2023-03-10 05:00:00,242.83909606933594,246.94192996221227,241.87200834587694,245.27149758216976,28333900,245.96310729980468,250.08523330688476,242.13180114746095,245.50430015563964,246.78413490241323,247.44891516382265,244.77050999273013,44.857493800211294,-0.047866599524780895,0.9036273075196923,-0.9514939070444732,-1.1609811174513873,250.08523330688476,264.73630903783135,235.4341575759382,4.977125679519773,23.622651606083007,0.0,0.0,0.0,0.0,0.0
2023-03-13 04:00:00,248.04579162597656,251.94349199727765,240.04525738823747,241.67662167942007,33339700,246.33041229248047,249.66895751953126,242.52207794189454,245.4858539581299,247.01352703397018,247.50576054117064,244.89895240972018,51.10305451725597,0.03371997998956999,0.7296458420136679,-0.6959258620240979,-0.3336409703607157,249.66895751953126,264.03840962008474,235.29950541897776,5.375549127269999,25.132191551677963,0.0,0.0,0.0,0.0,0.0
2023-03-14 04:00:00,254.7568359375,255.03035716432163,249.94087987551168,250.81028982629238,33620300,247.44110565185548,249.187744140625,242.92029022216798,245.48690376281738,248.4214013800665,248.19633915034487,245.28553607747625,57.746061846058275,0.6326107781922587,0.7102388292493862,-0.07762805105712745,4.642471505548462,249.187744140625,262.04807417320654,236.32741410804348,5.595342132888514,24.442457305283423,0.0,0.0,0.0,0.0,0.0
2023-03-15 04:00:00,259.29925537109375,260.3152041308793,253.21337082147616,253.96557655248083,46028000,249.31375579833986,248.8922378540039,243.43254180908204,245.49427864074707,250.39919301479873,249.25375974279714,245.8350936968338,61.55341036834177,1.4569762213079116,0.8595863076610912,0.5973899136468204,6.108092730836168,248.8922378540039,260.40330117936674,237.38117452864105,5.65883964841696,25.37024580864433,0.0,0.0,0.0,0.0,0.0
2023-03-16 04:00:00,269.8103332519531,270.1619906139307,257.18921458978684,259.0745583407351,54768800,251.76470947265625,249.22827911376953,244.1596923828125,245.51862342834474,253.92849123973588,251.21152864843106,246.77529916958358,68.60332426892238,2.9247334083040073,1.2726157277896744,1.652117680514333,10.736893656249059,249.22827911376953,262.7084205232119,235.74813770432718,6.120059316229635,29.162228571405546,0.0,0.0,0.0,0.0,0.0
2023-03-17 04:00:00,272.9656066894531,276.7753773938965,269.9275683237235,271.8226903839095,69527400,254.12286071777345,250.0722915649414,245.1541876220703,245.5653867340088,257.38978495786625,253.28334560471887,247.80237005271573,70.36033232057143,4.293058049445619,1.8767041921208634,2.416353857324756,13.464888378767315,250.0722915649414,267.02632578628084,233.11825734360195,6.366371084556775,27.393147995300147,0.0,0.0,0.0,0.0,0.0
2023-03-20 04:00:00,265.9321594238281,271.06070433302705,263.6072142951392,270.5722714845319,43466600,255.62332458496093,250.76439895629883,246.14034118652344,245.57431602478027,258.9429439516775,254.48799453987215,248.5133421849162,62.027539979015785,4.755110814911916,2.4523855166790742,2.3027252982328417,8.410638370797074,250.76439895629883,269.13611935448637,232.3926785581113,6.842244859196977,28.538957541104782,0.0,0.0,0.0,0.0,0.0
2023-03-21 04:00:00,267.44635009765625,268.6381277112385,263.28489174322317,268.5209085708176,34558700,257.54091186523436,251.79548034667968,247.10571899414063,245.58034477233886,260.48901779640084,255.7221236406135,249.25581308345502,63.04230290817251,5.183718809529495,2.998652175249158,2.1850666342803367,7.24274573907544,251.79548034667968,271.5024088067805,232.0885518865788,6.865969584977443,27.134464512170542,0.0,0.0,0.0,0.0,0.0
2023-03-22 04:00:00,265.9908142089844,274.5383905110529,265.8833434620223,267.0751210074597,34873300,259.3569046020508,252.8104446411133,247.99930572509766,245.6012033843994,261.48934441687055,256.70009417093456,249.91208763739735,61.34521785859566,5.344337950267089,3.467789330252745,1.8765486200143444,6.00304558539102,252.8104446411133,273.27026720590135,232.35062207632527,7.0801838744081795,27.17252482165211,0.0,0.0,0.0,0.0,0.0
2023-03-23 04:00:00,271.2366027832031,274.55794104511676,268.83352089762093,271.51012405626466,36610900,261.83228454589846,253.92846755981446,248.96409301757814,245.65444770812988,263.2615732107492,258.0845235625792,250.74834313331132,65.00191023989647,5.827742485822341,3.939779961366664,1.887962524455677,9.250445618227765,253.92846755981446,275.8729702532474,231.98396486638157,7.377431128996883,27.567487634570988,0.0,0.0,0.0,0.0,0.0
2023-03-24 04:00:00,274.0793151855469,274.13792476370173,268.91168542659534,270.8263345400217,28172000,264.95630645751953,255.4597068786621,249.85087463378906,245.70372505187987,265.2284353879851,259.6078370504809,251.66328321379117,66.83295436466906,6.366834293799627,4.425190827853257,1.9416434659463704,10.59126595531481,255.4597068786621,278.5698554023342,232.34955835498997,7.413716763200333,25.818078212895006,0.0,0.0,0.0,0.0,0.0
2023-03-27 04:00:00,269.9862060546875,274.9486717802247,269.1460858667074,274.0108888501196,26840200,267.1503479003906,256.74038009643556,250.60239593505858,245.74266960144044,266.0934846001128,260.59625314611964,252.38182920755182,61.817919706842986,6.390127326148672,4.81817812751234,1.5719491986363323,9.53551419856642,256.74038009643556,280.10103521675916,233.37972497611196,7.528149571230718,26.87097222931023,0.0,0.0,0.0,0.0,0.0
2023-03-28 04:00:00,268.86279296875,269.7517444509293,265.7563369743328,269.4098354483097,21878600,268.5609436035156,258.0010246276855,251.31741668701173,245.8032433319092,266.5969952125923,261.3835426530368,253.02814151191257,60.47657226673978,6.2459378907786345,5.103730080165599,1.1422078106130353,10.716436241380055,258.0010246276855,281.107090268828,234.89495898654303,7.570018377328416,26.92235293494804,0.0,0.0,0.0,0.0,0.0
2023-03-29 04:00:00,274.0206298828125,274.63606009495277,271.96920577953756,272.5064700346815,25087000,270.0330810546875,259.67341842651365,252.11376708984375,245.94681465148926,267.9467469708141,262.58707477015827,253.85137634998708,64.30600836769017,6.473241558311031,5.377632375794686,1.0956091825163448,10.471791553715581,259.67341842651365,282.305132976694,237.0417038763333,7.425581353134597,26.513415905758976,0.0,0.0,0.0,0.0,0.0
2023-03-30 04:00:00,277.478759765625,277.8792783804837,274.9682369436602,277.65461829253616,25053400,270.7999237060547,261.28231658935545,253.06775787353516,246.159697265625,269.67984020623425,264.00533048401223,254.77794040550228,66.63982596644914,6.853421555624209,5.672790211760591,1.1806313438636176,8.919063445151053,261.28231658935545,284.1853650877933,238.3792680909176,7.339061844658588,26.171675574015822,0.0,0.0,0.0,0.0,0.0
2023-03-31 04:00:00,281.6304016113281,282.57796264121714,276.45302473352956,277.1661475082968,32766000,271.66640319824216,262.89463195800784,254.1803970336914,246.38252662658692,271.85266955261494,265.68390868661373,255.8309780998484,69.24010472761185,7.4043668112319665,6.0191055316548665,1.3852612795771,8.612113524304332,262.89463195800784,286.78956159839066,238.999702317625,6.926683508847688,26.09016591159345,0.0,0.0,0.0,0.0,0.0
2023-04-03 04:00:00,280.5852355957031,281.6011547846993,277.3811162661027,279.8916392622568,24883300,273.1317108154297,264.3775177001953,255.11057312011718,246.56488418579102,273.4404088331764,267.10308267795557,256.8017332957643,67.80719942068265,7.668263761686944,6.348937177661282,1.3193265840256618,3.9935098904044564,264.3775177001953,288.82020297314756,239.93483242724307,6.731306352196285,26.32762585198507,0.0,0.0,0.0,0.0,0.0
2023-04-04 04:00:00,280.5363464355469,283.7307170583828,279.0612991751383,280.585207618267,25824300,274.4407104492187,265.9908111572266,255.9937777709961,246.77991615295412,274.7305793063346,268.3824411310595,257.7325024385009,67.73658473161714,7.7837330205017565,6.635896346229377,1.1478366742723791,2.773514157300716,265.9908111572266,290.21554745294475,241.76607486150837,6.5575623931849565,25.724004043761113,0.0,0.0,0.0,0.0,0.0
2023-04-05 04:00:00,277.76202392578125,280.5070144974699,276.37489115464507,279.23710085498425,22064800,275.6178314208984,267.4873680114746,256.83202056884767,246.9680834197998,275.2817510553249,269.27573473055685,258.51797386937466,63.68359180490535,7.564183401751393,6.82155375733378,0.7426296444176126,4.448452014071513,267.4873680114746,290.6638748612146,244.31086116173455,5.928182340096238,26.216536435671266,0.0,0.0,0.0,0.0,0.0
2023-04-06 04:00:00,284.85406494140625,285.32294143233264,275.50545235305464,276.6581468086852,29770300,276.9795776367188,269.4059310913086,257.83997314453126,247.1621856689453,277.0221717618851,270.7593852268282,259.55076175455235,68.81967615899484,7.871716933586583,7.031586392584341,0.8401305410022424,6.508862370861923,269.4059310913086,291.5929707929556,247.2188913896616,6.131928407048711,26.748034926615826,0.0,0.0,0.0,0.0,0.0
2023-04-10 04:00:00,282.6952209472656,282.9003544272942,278.12346613985693,282.51936243851856,23103000,277.84116821289064,271.39873733520506,258.66072845458984,247.34845100402833,278.0536352501361,271.8961314859175,260.45838760524697,65.77041551065606,7.85074035718884,7.195417185505241,0.655323171683599,6.280069027179591,271.39873733520506,290.48105451883083,252.31642015157928,5.944228864708383,26.069453167447637,0.0,0.0,0.0,0.0,0.0
2023-04-11 04:00:00,276.28692626953125,279.3640772236538,275.1244834565677,279.1393873695439,27276600,278.471240234375,272.8107940673828,259.35019927978516,247.47489524841308,277.7324154354807,272.31430241769027,261.0791146116895,57.61043738533179,7.233635596748059,7.2030608677538055,0.030574728994253064,1.8619623732585966,272.8107940673828,288.49381654507545,257.12777158969016,6.102621830614282,27.651965054549166,0.0,0.0,0.0,0.0,0.0
2023-04-12 04:00:00,276.93170166015625,280.37028867291156,275.43709804068334,278.20164520430563,27403400,279.27813110351565,273.91953735351564,260.1587774658203,247.56170570373536,277.58683111269437,272.7540547264965,261.7007846920215,58.17273793612979,6.719149441275988,7.106278582458242,-0.38712914118225417,1.0407157040210668,273.91953735351564,287.1760901594765,260.6629845475548,5.836774943699827,26.468927439881384,0.0,0.0,0.0,0.0,0.0
2023-04-13 04:00:00,283.134765625,283.1933751851199,276.6190877618653,277.0293546827045,24222700,280.1895446777344,275.11131286621094,260.9920263671875,247.69315452575682,278.5955464785681,273.74269385968734,262.541332963903,63.22662521401477,6.7343218073606295,7.0318872274387205,-0.29756542007809106,4.8700856841735085,275.11131286621094,287.05423081001146,263.1683949224104,5.694429271351416,26.825667498317728,0.0,0.0,0.0,0.0,0.0
2023-04-14 04:00:00,279.5204162597656,281.8062788337825,277.1270829372931,280.36050660414264,20987900,280.3937103271484,275.59681701660156,261.65671508789063,247.84730461120606,278.763704620604,274.2929531358853,263.2071793676623,58.7707225334131,6.381140414817253,6.901737864914428,-0.5205974500971751,3.9639636162875025,275.59681701660156,287.4212666650565,263.7723673681466,5.750246653537167,23.84663458339283,0.0,0.0,0.0,0.0,0.0
2023-04-17 04:00:00,282.1188659667969,284.85410843164084,279.53995543823305,283.22272922701467,23836200,280.4425567626953,276.0544799804687,262.14243286132813,247.9961210632324,279.37373395627543,275.0382781674007,263.94881413625586,60.90395130198568,6.238995535011497,6.769189398933841,-0.530193863922344,2.95533810262667,276.0544799804687,288.15544463992904,263.9535153210084,5.716754243419875,23.73058653927056,0.0,0.0,0.0,0.0,0.0
2023-04-18 04:00:00,281.69879150390625,285.01038094044696,280.37026829939435,284.82477404987856,20161800,280.5539123535156,276.84281158447266,262.74155395507813,248.15946632385254,279.7964716922083,275.6726127708774,264.6448916800853,60.360226408644195,6.023018586158059,6.619955236378685,-0.5969366502206253,1.5208485657949966,276.84281158447266,288.19855148981947,265.48707167912585,5.746057354898296,21.45124127032699,0.0,0.0,0.0,0.0,0.0
2023-04-19 04:00:00,281.7770080566406,282.36310380411163,277.957458440505,279.3738962456723,17150300,280.677978515625,277.55934448242186,263.3730310058594,248.30987030029297,280.15656921301417,276.2539837504739,265.3167393811267,60.43106097289306,5.791406985580352,6.4542455862190184,-0.6628386006386666,0.0520563278941788,277.55934448242186,288.2049302270127,266.913758737831,5.648370086141431,21.44619448253492,0.0,0.0,0.0,0.0,0.0
2023-04-20 04:00:00,279.4910888671875,282.34355041766946,278.48491818075087,278.6509985011603,23244400,280.85088500976565,278.234358215332,263.7485095214844,248.432991104126,280.0355727865002,276.5622794758752,265.8725962237173,57.2132707837538,5.361593437415422,6.2357151564582995,-0.8741217190428774,-0.38995164025387163,278.234358215332,287.4006377011099,269.06807872955414,5.648368924659102,21.601031966482783,0.0,0.0,0.0,0.0,0.0
2023-04-21 04:00:00,279.149169921875,279.64735118903843,276.51162043764214,278.4165205997633,21676400,280.2803955078125,278.62998657226564,264.13332275390627,248.5381128692627,279.8744086292956,276.80864999454184,266.3932461726647,56.72671558377163,4.936468565723828,5.975865838311406,-1.0393972725875775,-0.49447300904040814,278.62998657226564,287.18736063565257,270.0726125088787,5.434854127781152,20.653450202220334,0.0,0.0,0.0,0.0,0.0
2023-04-24 04:00:00,275.2514953613281,278.35795159650013,272.27206627525993,275.564099605755,26611000,279.53602294921876,278.6885955810547,264.5007928466797,248.61312843322753,279.0338789442106,276.66034955328337,266.7406284937888,51.36426265675979,4.236211865799589,5.6279350438090425,-1.3917231780094532,-0.9038415435523861,278.6885955810547,287.1300095816231,270.2471815804863,5.622555435023271,21.065143430140022,0.0,0.0,0.0,0.0,0.0
2023-04-25 04:00:00,269.0484313964844,275.085455775241,268.9995702123378,273.0438095298006,45772200,278.8121734619141,278.6417068481445,264.75433532714845,248.66071632385254,277.21834302644214,275.93540496692157,266.8311305684043,44.202668438518984,3.144470467058909,5.131242128459016,-1.9867716614001072,-5.548677547632352,278.6417068481445,287.29442403663603,269.988989659653,5.7355916682908274,21.948461316656797,0.0,0.0,0.0,0.0,0.0
2023-04-26 04:00:00,288.5368957519531,292.6397447358396,285.957985102446,289.83614418187,64599200,279.9726928710937,279.6254119873047,265.237451171875,248.82101814270018,279.2762617038078,277.13554694644836,267.6823370461905,62.087563340724095,3.8079184312503003,4.866577389017273,-1.0586589577669727,2.0664214927698543,279.6254119873047,288.06796442997427,271.1828595446351,7.123438672466071,33.7359734126668,0.0,0.0,0.0,0.0,0.0
2023-04-27 04:00:00,297.7780456542969,298.1395111111619,288.4196826173737,289.12302732036886,46462600,281.43702087402346,280.8132827758789,265.8888244628906,249.0800796508789,282.6402224220785,279.1014992043387,268.8625609131751,67.42033149692438,5.021504510148475,4.897562813243513,0.1239416969049616,7.77855097052258,280.8132827758789,292.13115938723143,269.4954061645264,7.116462916359653,34.80654891399162,0.0,0.0,0.0,0.0,0.0
2023-04-28 04:00:00,300.15185546875,301.78320498757233,296.2932228599409,296.9770409817703,36469600,283.5001647949219,281.94693756103516,266.6300714111328,249.35561599731446,285.8241557032915,281.10629503904454,270.0895920722173,68.64056737765458,6.104458437388075,5.138941938072426,0.9655164993156493,8.384794398544138,281.94693756103516,296.05632942271035,267.83754569935996,7.027847439651233,34.69969692568517,0.0,0.0,0.0,0.0,0.0
2023-05-01 04:00:00,298.4911193847656,301.4607998428203,298.0906008187468,299.8685037767096,21294100,285.13739013671875,282.789973449707,267.47818664550783,249.61625526428222,288.1272400090141,282.7619925957799,271.20337745702307,66.75677994851804,6.750879764709396,5.461329503399821,1.289550261309575,5.423690632221567,282.789973449707,298.7174507064042,266.86249619300986,6.727808977749488,34.61572258285051,0.0,0.0,0.0,0.0,0.0
2023-05-02 04:00:00,298.34466552734375,302.02743982366337,296.8793664443899,300.640306719622,26404400,286.8019775390625,283.6779449462891,268.4032797241211,249.86336311340332,289.98495373961947,284.2460566845002,272.26774169507485,66.58323945545371,7.1687191890589474,5.802807440531646,1.3659117485273011,6.734480979766522,283.6779449462891,301.0064686476304,266.34942124494773,6.743157745395576,34.55010264901006,0.0,0.0,0.0,0.0,0.0
2023-05-03 04:00:00,297.3580017089844,301.47059918400157,297.05517563669,299.5266454015473,22360800,288.3600769042969,284.51902770996094,269.4139453125,250.11751281738282,291.32550791586766,285.4948133534987,273.25167346032623,65.35067790738034,7.335683229018628,6.109382598229043,1.2263006307895843,5.401671983177847,284.51902770996094,302.8116499929511,266.22640542697076,6.588953182828212,34.609641470865085,0.0,0.0,0.0,0.0,0.0
2023-05-04 04:00:00,298.34466552734375,300.640306719622,296.3811552164781,299.155451236147,22519900,290.2454345703125,285.54815979003905,270.4670080566406,250.35099723815918,292.60171839068147,286.7186087986268,274.2357123649152,66.02793004911044,7.461606206189231,6.379827319821081,1.0817788863681495,5.909103810694427,285.54815979003905,304.54264124122193,266.5536783388562,6.4640580982165705,34.266209831826245,0.0,0.0,0.0,0.0,0.0
2023-05-05 04:00:00,303.4633483886719,304.75281837217517,297.23093994665044,298.64740725132,28197100,292.6768524169922,286.47862396240237,271.55875213623045,250.59679138183594,294.5765602084979,288.3133459024406,275.3818941697684,69.37250425933908,7.883559237569216,6.680573703370709,1.2029855341985067,7.6962774505974,286.47862396240237,307.0847599414665,265.87248798333826,6.620357116334394,33.68557928938189,0.0,0.0,0.0,0.0,0.0
2023-05-08 04:00:00,301.5096435546875,303.02380353381574,299.00886932285215,302.95541576842186,21318600,295.30266723632815,287.4193450927734,272.7198544311523,250.82035736083984,295.83712081689595,289.5701361550355,276.4065117927064,66.67437237038799,7.9684569906394245,6.938150360824452,1.0303066298149721,7.878088269913719,287.4193450927734,308.9933512680794,265.8453389174675,6.60709757524633,33.63877062054907,0.0,0.0,0.0,0.0,0.0
2023-05-09 04:00:00,299.8978576660156,302.8675386103428,299.22381775082977,300.8747236518984,21340800,298.3876098632812,288.59989166259766,273.8303567504883,251.05758392333985,296.575436607645,290.5537286798908,277.32774104264007,64.44740269378445,7.815588185080799,7.1136379256757225,0.7019502594050762,7.432831611123025,288.59989166259766,310.19296072488646,267.00682260030885,6.552674396382502,32.39491747670639,0.0,0.0,0.0,0.0,0.0
2023-05-10 04:00:00,305.08502197265625,305.7590619061941,300.55237917677385,301.48038400167883,30078000,300.04242248535155,290.00755767822267,275.0590591430664,251.32816429138182,298.12263394673795,291.9376613744399,278.41626186342506,68.13601335875352,8.020543530713269,7.295019046683232,0.7255244840300366,10.838642882635408,290.00755767822267,312.0635648128707,267.9515505435746,6.695715253758209,32.70830449951821,0.0,0.0,0.0,0.0,0.0
2023-05-11 04:00:00,302.9358825683594,303.9225267081971,299.1749725458381,302.92613418082834,31680200,300.55820617675784,290.99761352539065,276.3063217163086,251.62159645080567,298.99777005976,292.98511101195606,279.37781561655976,65.12138103433276,7.918277555231157,7.419670748392818,0.4986068068383389,12.59529780418478,290.99761352539065,313.5272314266296,268.4679956241517,6.893880873431199,32.30407555386122,0.0,0.0,0.0,0.0,0.0
2023-05-12 04:00:00,301.8222351074219,303.463362538451,299.50706787229524,303.3656699936466,19774700,300.725244140625,292.1127044677734,277.43675048828123,251.82781761169434,299.51130915933487,293.82674187819094,280.2579889299269,63.552259947850075,7.659079884619246,7.467552575638104,0.1915273089811418,4.6043814676961725,292.1127044677734,314.45737444241627,269.7680344931306,6.685251660541248,31.852178197528808,0.0,0.0,0.0,0.0,0.0
2023-05-15 04:00:00,302.3009033203125,302.73072668738115,300.47416891606105,301.94924591720934,16336500,301.10622253417966,293.1218063354492,278.4950866699219,251.99924674987793,300.0185080976944,294.63380487267875,281.1224169452362,63.95428950826175,7.4069061837765275,7.4554232972657895,-0.04851711348926191,1.5188687453696392,293.1218063354492,315.38887982547243,270.854732845426,6.399868276421947,31.800680996737622,0.0,0.0,0.0,0.0,0.0
2023-05-16 04:00:00,304.5281677246094,306.452594750173,302.66235026842685,302.66235026842685,26730300,301.7245727539063,294.2632751464844,279.567099609375,252.16081993103026,300.8384462116789,295.5761251442912,282.04028952481946,65.84227310000095,7.302598522390383,7.424858342290708,-0.12225981990032508,1.4580327178137287,294.2632751464844,316.4050097809758,272.121540511993,5.0113238543151795,31.76639838307929,0.0,0.0,0.0,0.0,0.0
2023-05-17 04:00:00,307.4064025878906,307.82736596878567,304.21484884759707,305.73231876094286,24315000,302.7294128417969,295.54474487304685,280.74981811523435,252.35001945495605,302.03262009826284,296.7028182341578,283.0350390567046,68.162959472581,7.367258280798069,7.413338329992181,-0.046080049194111794,2.9867833996203075,295.54474487304685,317.6102435429296,273.4792462031641,4.575087327700926,31.787337233636702,0.0,0.0,0.0,0.0,0.0
2023-05-18 04:00:00,311.83154296875,312.3406428632518,307.1323477805687,307.92533659511486,27276000,304.0781005859375,297.161767578125,282.02983123779296,252.57681022644044,303.8142424383514,298.1436491612618,284.16431371992206,71.38217211159868,7.686962927815159,7.468063249556776,0.2188996782583832,4.5205693279507075,297.161767578125,319.01271852622034,275.3108166300297,4.55496682449033,31.601934347942027,0.0,0.0,0.0,0.0,0.0
2023-05-19 04:00:00,311.6552734375,312.05666755980644,309.7266396617467,310.08886536616376,27546700,304.8972930908203,298.7870727539063,283.3332806396484,252.76563148498536,305.2398844381966,299.43047052090355,285.2423905715918,71.07388037704071,7.835781672383405,7.541606934122102,0.2941747382613027,4.808100554330452,298.7870727539063,319.81702618793486,277.7571193198777,4.480668886917921,31.58374649510318,0.0,0.0,0.0,0.0,0.0
2023-05-22 04:00:00,314.4356384277344,315.8160338813464,311.33222095812204,311.90982815472574,24115700,306.189892578125,300.74627990722655,284.7652114868164,252.96263389587403,306.91183970902165,300.8595341310779,286.3872238208523,73.05096214708392,8.084876395441142,7.65026082638591,0.43461556905523224,5.393417332248518,300.74627990722655,319.7471902614915,281.7453695529616,4.433221711485844,30.72663150489003,0.0,0.0,0.0,0.0,0.0
2023-05-23 04:00:00,308.6399841308594,315.94332604860966,308.63018455651456,313.3098099504378,30797200,307.06410522460936,302.7258575439453,285.9770953369141,253.1342455291748,307.2260477857194,301.60052936915235,287.2598810879114,63.33349166179572,7.725569338308958,7.6653225287705204,0.06024680953843742,1.7058520475946581,302.7258575439453,314.81410095510773,290.6376141327829,4.640201564684669,30.236689815291417,0.0,0.0,0.0,0.0,0.0
2023-05-24 04:00:00,307.2595520019531,309.85389937046375,306.0455701210907,308.12107789264667,23384900,307.28155822753905,303.6619903564453,287.02714965820314,253.31151161193847,307.2321394613982,302.13948390560955,288.04418190806996,61.243779158215744,7.245900342086884,7.581438091433793,-0.3355377493469094,1.9070396487078645,303.6619903564453,313.8785671082568,293.4454136046338,4.607999975129608,18.047634308954443,0.0,0.0,0.0,0.0,0.0
2023-05-25 04:00:00,319.0761413574219,320.0355435840167,313.28044007035,316.452394965502,43301700,308.8955841064453,304.7268951416016,288.2226873779297,253.53826148986818,309.3855943515843,303.75249890102026,289.26112149431907,70.2828219711379,7.730150845288335,7.611180642204703,0.1189702030836326,6.394938543630535,304.7268951416016,316.6573285328636,292.7964617503396,4.983293772025239,19.49573678672447,0.0,0.0,0.0,0.0,0.0
2023-05-26 04:00:00,325.8998107910156,326.39908122008313,317.07899806419516,317.2160427328644,36630600,311.3033416748047,306.01429290771483,289.34447692871095,253.76587104797363,312.3881791587536,305.86176670006745,290.6979328392876,74.04706776556698,8.565794802951757,7.802103474354114,0.763691328597643,6.8226190469045545,306.01429290771483,321.02520755579,291.00337825963965,5.330836921315828,20.45866766068933,0.0,0.0,0.0,0.0,0.0
2023-05-30 04:00:00,324.2550048828125,328.68987947656177,323.579491610932,328.19060914102903,29503100,313.4987518310547,307.3024871826172,290.3702648925781,253.9956320953369,314.5457838358552,307.61350366985266,292.0138964488376,71.68979884307461,8.991676124079845,8.04001800429926,0.9516581197805856,7.037503161957814,307.3024871826172,323.92993720023816,290.67503716499624,5.435598850324165,20.42870131777025,0.0,0.0,0.0,0.0,0.0
2023-05-31 04:00:00,321.4942626953125,328.88571082280095,320.4564937937518,325.31236192591416,45950600,315.195361328125,308.4599670410156,291.4815069580078,254.1878816986084,315.8091436284838,308.9354807198964,293.16998924281705,67.78897608744865,9.00264443622774,8.232543290684955,0.7701011455427853,6.517752935229959,308.4599670410156,325.67447241699614,291.24546166503507,5.619028335243497,20.86819448330258,0.0,0.0,0.0,0.0,0.0
2023-06-01 04:00:00,325.5963439941406,326.52640747916024,317.901405640536,319.0859892292781,26773900,317.01435546875,309.87188415527345,292.6445068359375,254.3930786895752,317.58863460405775,310.52222960315777,294.4416109977709,70.36891544765437,9.235875161193405,8.433209664786645,0.8026654964067603,7.7060440170583,309.87188415527345,327.8668703573343,291.8768979532126,5.8129535075153616,20.919165580213807,0.0,0.0,0.0,0.0,0.0
2023-06-02 04:00:00,328.3570861816406,330.4129952384752,325.5669260242761,327.2312404695121,25873800,318.6669097900391,311.3725051879883,293.89183227539064,254.6157640838623,319.546534890891,312.2207873725371,295.77162963243245,71.99465922899279,9.533583793588775,8.65328449054707,0.8802993030417046,7.824865146327031,311.3725051879883,330.30135487607146,292.4436554999051,5.876508832375602,20.95648371099486,0.0,0.0,0.0,0.0,0.0
2023-06-05 04:00:00,328.8857116699219,331.4506903935802,327.6325911531441,328.18082951193753,21307100,320.38995361328125,312.6436233520508,295.044814453125,254.8448334503174,321.244567032533,313.80792301990704,297.07022108488303,72.30796354609377,9.700356022666483,8.862698796970953,0.8376572256955299,6.987267962283283,312.6436233520508,332.71598836731863,292.57125833678293,5.988047508741029,20.47007613091447,0.0,0.0,0.0,0.0,0.0
2023-06-06 04:00:00,326.67315673828125,328.32767137670015,325.19488504565373,328.2885029579965,20396200,321.61370544433595,313.9017990112305,296.0966912841797,255.06842750549316,322.231583342669,315.03318337403795,298.23112052227117,68.83678660451875,9.543972549218495,8.998953547420463,0.5450190017980319,4.759497268375634,313.9017990112305,334.1890851949437,293.6145128275173,5.9551285940558625,20.49010056429767,0.0,0.0,0.0,0.0,0.0
2023-06-07 04:00:00,316.5894775390625,327.4661687531418,315.7279515267093,324.6858083621168,40717100,322.4086547851563,314.7363800048828,297.0287567138672,255.2611339569092,321.20574592383144,315.181401865945,298.9510560915571,55.71061159965251,8.508290603425905,8.900820958621551,-0.39253035519564605,1.5832249674902377,314.7363800048828,333.9425146733676,295.53024533639797,6.535535744430425,23.787117411649138,0.0,0.0,0.0,0.0,0.0
2023-06-08 04:00:00,318.4300231933594,319.78104998315,316.5601268268705,317.1377341007984,23277700,323.52570190429685,315.403630065918,298.02010131835937,255.50385398864745,320.7010690637456,315.4907943733178,299.7149371543729,57.31071745576656,7.7467224575958085,8.670001258416402,-0.9232788008205937,1.2703346177927122,315.403630065918,334.1189431181384,296.68831701369754,6.39358060683017,23.20216324866486,0.0,0.0,0.0,0.0,0.0
2023-06-09 04:00:00,319.9278259277344,323.06061199262587,317.59779817919343,318.16560575678255,22529000,323.6108703613281,316.2532272338867,298.9382452392578,255.76042762756347,320.5604794026526,315.9133688070717,300.5075994592106,58.62087359772049,7.181253359672269,8.372251678667576,-1.190998318995307,3.6572843368502417,316.2532272338867,334.10841248181197,298.39804198596147,6.617351029356789,22.95179239408837,0.0,0.0,0.0,0.0,0.0
2023-06-12 04:00:00,324.8815612792969,325.1263115846336,318.33204071834683,321.68020816437513,24260300,323.50904541015626,317.4061935424805,299.88630126953126,256.0449277496338,321.34613065295156,316.7674823758551,301.46344109921404,62.698380918484276,7.051554141655458,8.108112171265152,-1.0565580296096932,5.7352193487647085,317.4061935424805,334.2893478972883,300.5230391876727,6.78238373957553,23.237164579926926,0.0,0.0,0.0,0.0,0.0
2023-06-13 04:00:00,327.27044677734375,329.9039634195645,323.45234658796926,327.44665989144784,22951300,323.8105895996094,318.65467071533203,300.7991021728516,256.32650566101074,322.42327903920466,317.76776469980643,302.4754805375721,64.51436974170069,7.060144718362153,7.8985186806845515,-0.8383739623223985,2.5681347985034186,318.65467071533203,334.4953516799758,302.8139897506883,6.72084626382554,23.2547982815297,0.0,0.0,0.0,0.0,0.0
2023-06-14 04:00:00,330.25634765625,331.9206620825264,325.82147225464075,327.3193432875882,26003800,324.6867980957031,319.9410797119141,301.7925244140625,256.67528984069827,323.8474733332129,318.95715355280106,303.564926306932,66.69678026581354,7.224609260613647,7.763736796670371,-0.539127536056724,1.3367718301708464,319.9410797119141,335.11618351093153,304.76597591289664,6.884479162290725,23.296062797603696,0.0,0.0,0.0,0.0,0.0
2023-06-15 04:00:00,340.7904052734375,342.4938582086499,330.1192956143464,330.393414820895,38899100,326.2062042236328,321.6102798461914,302.9976055908203,257.09063896179197,326.92800641325374,321.03651085952833,305.02474901150083,73.00459298051462,8.111455201804404,7.833280477697178,0.27817472410722566,5.0995050628751315,321.6102798461914,338.2532780371709,304.96728165521193,6.855805663165005,25.25182771338832,0.0,0.0,0.0,0.0,0.0
2023-06-16 04:00:00,335.1415100097656,344.08959644957883,334.76951460321436,343.9427522263679,46552000,326.8846466064453,322.77577819824216,304.1451953125,257.48872398376466,328.4213707035286,322.37984411193185,306.20579846241316,65.80655341870157,8.263215160885352,7.919267414334813,0.3439477465505387,4.2449427246504134,322.77577819824216,339.7959047570964,305.7556516393879,6.855805569627612,26.147541131953965,0.0,0.0,0.0,0.0,0.0
2023-06-20 04:00:00,330.9513854980469,334.89675963715365,328.8073702091856,332.1849367263642,26375400,327.0912139892578,323.7405838012695,305.0671417236328,257.87314613342284,328.881373393441,323.19618138679994,307.17621364028116,61.00196736671259,7.953692772781665,7.9261524860241845,0.027540286757480104,1.6446872339582086,323.7405838012695,340.28755232586644,307.1936152766726,6.943216422124059,26.744705311622596,0.0,0.0,0.0,0.0,0.0
2023-06-21 04:00:00,326.55572509765625,330.638174337756,325.09702248062774,329.30671681424553,25117800,327.0794708251953,324.3465881347656,305.9443518066406,258.2407884979248,328.4585282487528,323.516137930691,307.93619448174684,56.35369947499365,7.269898131668981,7.794901615153144,-0.5250034834841628,-0.5485982059750372,324.3465881347656,340.3371016514291,308.3560746181021,6.759298278436201,27.264615999474064,0.0,0.0,0.0,0.0,0.0
2023-06-22 04:00:00,332.57659912109375,332.9779933308651,326.34036419783473,327.10398419095304,23556800,328.6781829833984,325.54341888427734,307.07014526367186,258.65962074279787,329.2072684073603,324.3790389964436,308.9024848597604,60.76385340304956,7.131611390425576,7.662243570207631,-0.5306321797820548,1.122240133945418,325.54341888427734,340.1032488185167,310.983588950038,6.6173430851794945,26.73005844271158,0.0,0.0,0.0,0.0,0.0
2023-06-23 04:00:00,327.9850158691406,330.86328217867896,326.44800648245837,327.33887140406574,23146900,329.63368225097656,326.5796920776367,308.0912115478516,259.0691473388672,328.98504067313854,324.72246536527194,309.6508194091479,56.10780789240284,6.575715007353438,7.444937857636792,-0.8692228502833546,0.4015815514068599,326.5796920776367,338.341632856283,314.8177512989904,6.708951901210655,27.315589826434838,0.0,0.0,0.0,0.0,0.0
2023-06-26 04:00:00,321.69989013671875,329.05217088580866,321.592184438732,326.71237290027926,21520600,329.810888671875,326.71087951660155,308.8625140380859,259.423733291626,327.6604678483349,324.43460105779064,310.1233319866997,50.41333502188331,5.563869178629602,7.068724121835355,-1.5048549432057525,1.6142079760138817,326.71087951660155,338.175198830944,315.2465602022591,6.969086701684985,25.07528562392957,0.0,0.0,0.0,0.0,0.0
2023-06-27 04:00:00,327.5444641113281,329.0912729817788,322.3851082652234,324.89134914186997,24354100,330.0771789550781,326.79311218261716,309.8229949951172,259.8054530334473,327.6393762597882,324.73077849146085,310.8065136386459,54.98821816507919,5.173940379984231,6.68976737346513,-1.515826993480899,2.862305767077178,326.79311218261716,338.25652968482797,315.32969468040636,7.233412146027263,24.744103060817807,0.0,0.0,0.0,0.0,0.0
2023-06-28 04:00:00,328.797607421875,330.8828850652817,326.80043631423547,327.63259343214776,20259500,330.2298950195312,327.02024230957034,310.75656982421873,260.1645794677734,327.849963743804,325.1180955324527,311.5120467281843,55.92711769677312,4.909444173568033,6.33370273348571,-1.4242585599176767,2.772432022259963,327.02024230957034,338.45188325223893,315.58860136690174,6.686571540642531,24.68698910835974,0.0,0.0,0.0,0.0,0.0
2023-06-29 04:00:00,328.0143737792969,329.052112767679,325.6354077895199,327.6815169223393,16997000,330.0056976318359,327.3462478637695,311.68288146972657,260.50914978027345,327.8798564775299,325.3939315559616,312.1591968086201,55.152770857095554,4.583789542653733,5.983720095319315,-1.399930552665582,0.9642937221995052,327.3462478637695,338.48241675809993,316.2100789694391,6.700555956491071,24.474832218359392,0.0,0.0,0.0,0.0,0.0
2023-06-30 04:00:00,333.38916015625,335.53317570907825,330.1192989180002,330.6577377615813,26832800,329.2655731201172,327.735888671875,312.7151245117187,260.9518187713623,328.881548055479,326.1553818988462,312.99174439088006,59.31566068802092,4.7051679953108305,5.728009675317618,-1.0228416800067874,1.8696198936254849,327.735888671875,339.1559628723838,316.3158144713662,6.847412250515995,24.736076648700987,0.0,0.0,0.0,0.0,0.0
2023-07-03 04:00:00,330.89263916015625,333.74153652262953,329.5024740479347,332.0674526684901,12508700,328.84068603515624,327.86266632080077,313.74315551757815,261.38088775634765,329.2472009836021,326.6065492570662,313.693740264185,56.68371857177503,4.547492253455687,5.491906190945231,-0.9444139374895446,0.19266594220577193,327.86266632080077,339.36775614083155,316.35757650077,6.664897365402287,24.77065407228627,0.0,0.0,0.0,0.0,0.0
2023-07-05 04:00:00,331.04925537109375,334.47575962870883,327.7010879417734,328.05351403886135,18172400,328.85047302246096,327.97084350585936,314.7811572265625,261.84397148132325,329.57484723587334,327.02966412506885,314.37434869975004,56.81318117915841,4.384627455399425,5.27045044383607,-0.8858229884366455,-2.858399107371523,327.97084350585936,339.55683657203406,316.38485043968467,6.687972712212302,24.76718680067434,0.0,0.0,0.0,0.0,0.0
2023-07-06 04:00:00,334.1037902832031,335.78767385230776,328.45496307477555,330.21715360852994,28161200,329.60527954101565,328.34237518310545,315.958203125,262.32543739318845,330.3982914262969,327.7033904258435,315.14805229125807,59.36409719008822,4.450726168368078,5.106505588742473,-0.6557794203743947,-0.309636286633741,328.34237518310545,340.2258949283831,316.45885543782776,6.7760813514727705,24.801964442258832,0.0,0.0,0.0,0.0,0.0
2023-07-07 04:00:00,330.1387634277344,334.61280577816376,329.92338198329867,332.1946717833944,21214800,329.3614959716797,329.01983947753905,317.180009765625,262.7881466674805,330.3511045174673,327.9353307117379,315.7359233162179,54.836185913417516,4.135493944549694,4.912303259903917,-0.7768093153542228,-0.24554122022772962,329.01983947753905,339.55002613642716,318.48965281865094,6.2271428657986,22.33368546125221,0.0,0.0,0.0,0.0,0.0
2023-07-10 04:00:00,324.86199951171875,328.1906279486803,320.7110434161663,327.5738523279874,32791400,329.0491943359375,329.34143829345703,317.9065118408203,263.23452934265134,329.353085425513,327.6426325022122,316.09380865721795,49.43246935265281,3.420450562849794,4.613932720493092,-1.193482157643298,-0.5186635712575494,329.34143829345703,338.8535121264234,319.82936446049064,6.2348313061702845,23.18864255708136,0.0,0.0,0.0,0.0,0.0
2023-07-11 04:00:00,325.48858642578125,325.8703814238738,320.1334477409768,324.10819090994494,26698200,329.4280639648438,329.6194763183594,318.46072265625,263.7010494232178,328.65044924374354,327.4374852568378,316.46223131480866,50.061768035959766,2.8712360368523377,4.265393383764941,-1.3941573469126034,-2.1312421601652476,329.6194763183594,338.2579474640925,320.9810051726262,6.192173726335783,23.152359166977597,0.0,0.0,0.0,0.0,0.0
2023-07-12 04:00:00,330.1192321777344,334.475769797387,328.62136146608015,329.53182545465006,29995300,329.6855407714844,329.88135986328126,319.0600701904297,264.1808600616455,328.91750068628727,327.69288972549464,316.9977999760999,54.56213487506574,2.777615359524532,3.9678377789168597,-1.1902224193923279,0.650705430227716,329.88135986328126,338.227684360662,321.5350353659005,6.415946608777683,23.05186170600866,0.0,0.0,0.0,0.0,0.0
2023-07-13 04:00:00,335.464599609375,336.52190790090776,331.9010204242932,332.42968950843436,20567200,330.35223999023435,330.2910675048828,319.7995397949219,264.7022644805908,330.1078823086669,328.4330525715785,317.72198819701265,59.13972332681169,3.0990231668826596,3.79407485651002,-0.6950516896273604,4.278742360405041,330.2910675048828,338.89814992286625,321.6839850868993,6.399164222359327,23.587366658332304,0.0,0.0,0.0,0.0,0.0
2023-07-14 04:00:00,337.99041748046875,344.0504382444472,337.07995339278386,340.29107663490123,28352700,331.34984436035154,330.6777709960937,320.5924548339844,265.23858123779297,331.5410705217218,329.34327780099665,318.51682856106976,61.13230776321466,3.517011641944123,3.738662213596841,-0.22165057165271795,3.189171093909926,330.6777709960937,339.9477209146399,321.40782107754757,6.5746817935333866,23.524307029212363,0.0,0.0,0.0,0.0,0.0
2023-07-17 04:00:00,338.4701843261719,339.70370584522345,335.01431037964596,338.42121632729265,20363900,331.8579467773437,330.56175994873047,321.4146984863281,265.7823495483398,332.80090939525815,330.2125069938705,319.29931310087767,61.51619731698537,3.8426875842627624,3.7594672877300255,0.08322029653273688,2.9418027035355454,330.56175994873047,339.34408702082544,321.7794328766355,6.3767824377120155,20.561239054858753,0.0,0.0,0.0,0.0,0.0
2023-07-18 04:00:00,351.9411926269531,359.0781209733801,334.98491162000175,338.56803033946636,64738600,333.9628021240234,331.40174407958983,322.4866290283203,266.3708325958252,336.28096089192996,332.28190562559263,320.5793868077826,70.36645164501823,5.128665835608729,4.0333069973057665,1.0953588383029622,7.294442183120697,331.40174407958983,344.284687442405,318.51880071677465,7.569770045449039,24.067667636865785,0.0,0.0,0.0,0.0,0.0
2023-07-19 04:00:00,347.6238098144531,354.84884504828324,345.03926161088305,354.15376240808007,39732900,335.62025756835936,332.23536529541013,323.3698382568359,266.95507354736327,338.34329705966144,333.7430393578651,321.63995241588736,65.1918578037564,5.73334571318054,4.373314740480722,1.3600309726998185,4.2696798094850275,332.23536529541013,347.01381830361805,317.4569122872022,7.978851094474322,24.048284580708916,0.0,0.0,0.0,0.0,0.0
2023-07-20 04:00:00,339.5862121582031,350.4531337158096,338.11771005249284,346.1455335144098,33778400,336.1684997558594,332.8868896484375,324.13136962890627,267.5214752960205,338.5692816230327,334.2995320055163,322.3437273077429,56.81528793155521,5.50058459951822,4.598768712288222,0.901815887229998,2.6273092747279403,332.8868896484375,347.75968116373133,318.01409813314365,8.615902429128441,25.137435548370956,0.0,0.0,0.0,0.0,0.0
2023-07-21 04:00:00,336.5513000488281,342.944177986763,332.69403214811535,341.8183323536975,69405400,336.80975341796875,333.0856246948242,324.8644384765625,268.03461219787596,338.2023758822682,334.51398610487934,322.9008870230796,53.99415132341182,5.013435927957801,4.681702155422138,0.33173377253566283,1.6620018285698368,333.0856246948242,348.0469176759632,318.12433171368525,8.81099842261889,24.64766830136017,0.0,0.0,0.0,0.0,0.0
2023-07-24 04:00:00,337.8631591796875,339.6351792022214,335.1219672074144,338.58764053266464,26678100,338.1098693847656,333.57953186035155,325.52000122070314,268.5147608184814,338.1407001181626,334.8329549691468,323.48764279392697,55.03352921549468,4.67928329910626,4.681218384158963,-0.0019350850527031227,1.1252098916021636,333.57953186035155,348.4839367621795,318.6751269585236,8.830580531198333,24.059067806444887,0.0,0.0,0.0,0.0,0.0
2023-07-25 04:00:00,343.6099853515625,344.50088037469664,337.8240824277513,339.8212241399624,41637700,339.92200927734376,334.67503662109374,326.3334832763672,269.0220888519287,339.1351156151444,335.6688626246149,324.2767542667754,59.36455699221826,4.822593916433561,4.709493490613882,0.11310042581967927,4.080472642461119,334.67503662109374,349.1165892578435,320.233483984344,8.823589549770466,23.33545486899145,0.0,0.0,0.0,0.0,0.0
2023-07-26 04:00:00,330.6772766113281,337.43240985586726,326.11512671611416,334.2702247265649,58383700,339.9778137207031,334.83167724609376,326.9105841064453,269.47646224975585,337.59732670535965,335.19347348049234,324.5277551430324,48.129828121003385,3.8482469060995186,4.537244173711009,-0.6889972676114908,1.7900761272017007,334.83167724609376,349.0131989314323,320.6501555607552,9.549457253907333,26.802175068764374,0.0,0.0,0.0,0.0,0.0
2023-07-27 04:00:00,323.7752990722656,334.16248813756204,322.1403538163887,333.330360964953,39635300,338.8088836669922,334.58056182861327,327.3400720214844,269.95729904174806,335.0842307720698,334.1060282987565,324.49824706182585,43.40835598572687,2.490429850372948,4.1278813090433975,-1.6374514586704496,-0.5263740189262456,334.58056182861327,349.37651588335,319.78460777387653,10.073222291500779,27.823682031966346,0.0,0.0,0.0,0.0,0.0
2023-07-28 04:00:00,331.2646789550781,332.8702554950669,326.1738899082172,326.66339057868936,28484900,338.1363098144531,334.74307708740236,327.87480224609374,270.4998263549805,334.38976680534404,333.83542359935853,324.76359733214946,49.228576770155726,1.995675511320087,3.7014401494987355,-1.7057646381786484,0.3469797169305844,334.74307708740236,349.3049107443302,320.1812434304745,10.049453463731721,29.05637818639247,0.0,0.0,0.0,0.0,0.0
2023-07-31 04:00:00,328.8661193847656,330.6087404482853,326.3598486498491,329.8451206536362,25446000,337.1759033203125,334.5169250488281,328.30399658203123,271.0490171813965,333.38546727432976,333.36215653130205,324.9244805498991,47.54219570611327,1.3939666416517866,3.239945447929346,-1.8459788062775595,-1.966967671787978,334.5169250488281,349.30600988075565,319.7278402169006,9.990017508184009,28.565743703587206,0.0,0.0,0.0,0.0,0.0
2023-08-01 04:00:00,329.27734375,331.431158888361,326.69279546072005,328.151498059074,18311900,334.9095184326172,334.4361602783203,328.65291259765627,271.59861236572266,332.6385357244516,332.9731267426066,325.09518106755013,47.8718990513978,0.9394608766979218,2.7798485336830616,-1.8403876569851398,-2.5779055499324133,334.4361602783203,349.3258826136435,319.5464379429971,9.686530369329379,28.45156850233856,0.0,0.0,0.0,0.0,0.0
2023-08-02 04:00:00,320.6229553222656,326.6242386250664,319.5068793964864,326.6242386250664,27761300,332.2094329833984,333.9148452758789,328.83226623535154,272.06368743896485,330.45388474223597,331.7969199406694,324.9197996657743,41.90292353623364,-0.11771805448637451,2.2003352160491745,-2.318053270535549,-5.272910238589135,333.9148452758789,349.9869939088489,317.84269664290895,9.927086700067965,29.927946019627488,0.0,0.0,0.0,0.0,0.0
2023-08-03 04:00:00,319.8005676269531,322.9529530019484,319.10548507078215,319.1544231849884,18253700,330.2308685302734,333.1996841430664,328.93956481933594,272.5522466278076,328.5169179940027,330.654410196506,324.7190454681735,41.37498676389545,-1.0102542064136628,1.558217331556607,-2.56847153797027,-9.132385089706752,333.1996841430664,350.4650394286255,315.9343288575073,9.588631649788969,29.66257297829888,0.0,0.0,0.0,0.0,0.0
2023-08-04 04:00:00,320.8970642089844,328.10252974603515,320.3683951097149,324.910975755622,23741500,328.6654449462891,332.7375991821289,329.18470642089846,273.0027081298828,327.13149003309024,329.7251391500754,324.5691638501661,42.416703105091266,-1.6105519860645927,0.9244634680323672,-2.53501545409696,-7.688410531986967,332.7375991821289,350.82309272220243,314.6521056420554,9.846672125039293,29.485421981992303,0.0,0.0,0.0,0.0,0.0
2023-08-07 04:00:00,323.1781311035156,324.15713248319014,320.64252111536877,321.4746782634423,17741500,327.1969421386719,332.6534057617188,329.50307800292967,273.4598621368408,326.4126975004403,329.10161457421253,324.5146135463759,44.621278085266034,-1.8805514402323524,0.3634604863794233,-2.2440119266117757,-4.831786588273923,332.6534057617188,350.90815685448683,314.3986546689507,8.376772268928079,29.092227535324035,0.0,0.0,0.0,0.0,0.0
2023-08-08 04:00:00,319.2033996582031,321.84671543145896,316.21745729083267,320.094294531756,22327600,324.75628356933595,332.33914642333986,329.5056231689453,273.9069564819336,325.101916074579,328.1589274393545,324.30633064880055,41.63043422403151,-2.387731282408822,-0.18677786737822583,-2.2009534150305963,-5.1546080458188985,332.33914642333986,351.3153839316313,313.3629089150484,8.173278724305419,29.397385656600623,0.0,0.0,0.0,0.0,0.0
2023-08-09 04:00:00,315.4636535644531,320.2411556284152,314.30840912670357,319.61461022525367,22373300,323.23492126464845,331.60636749267576,329.2969000244141,274.3369554901123,323.34950470910155,326.9498537369829,323.959558998434,38.982881125675135,-3.0562111174341453,-0.7606645173894098,-2.2955466000447355,-6.629756754071414,331.60636749267576,352.0209056204577,311.1918293648938,7.715944641333623,29.07781426099831,0.0,0.0,0.0,0.0,0.0
2023-08-10 04:00:00,316.1488952636719,321.3669891320305,314.43564292025485,319.1740058162668,20113700,322.47228088378904,330.6405822753906,329.13477783203126,274.7413758087158,322.0403029917507,325.921191025239,323.65325845981585,39.739114081860315,-3.490457107702298,-1.3066230354519877,-2.1838340722503102,-7.991935990973598,330.6405822753906,352.0880513398462,309.19311321093505,7.478887525128479,28.323579244072793,0.0,0.0,0.0,0.0,0.0
2023-08-11 04:00:00,314.2691650390625,315.6397606576513,312.50694506366796,313.53491418516734,24355500,320.7727294921875,329.4545196533203,328.99027587890623,275.11147369384764,320.62736881853465,324.81147426465077,323.2852547962569,38.3355195091585,-3.940851025599727,-1.8334686334815358,-2.1073823921181916,-4.9619713033839385,329.4545196533203,351.7956052319524,307.1134340746882,7.4166545397854,28.073973395821184,0.0,0.0,0.0,0.0,0.0
2023-08-14 04:00:00,317.2355651855469,317.2551344544102,313.35869882486526,314.6412179157006,18836100,319.60967407226565,328.3927886962891,328.82306030273435,275.4798363494873,320.0106772489005,324.0899591142599,323.04801206642514,41.82741134090579,-4.01217786097817,-2.2692104789808627,-1.7429673819973073,-2.0198371850655317,328.3927886962891,350.9471192840321,305.83845810854604,7.218057231399659,28.402135388859744,0.0,0.0,0.0,0.0,0.0
2023-08-15 04:00:00,315.1013488769531,318.26353387975075,314.1615159801267,316.2174247167932,16966300,318.19207458496095,326.55079650878906,328.5579455566406,275.9314900970459,319.1180720903646,323.23390099642114,322.7363782158576,40.06936022941477,-4.192588758202589,-2.6538861348252083,-1.538702623377381,-4.879279653088786,326.55079650878906,346.9189399771605,306.1826530404176,6.261425750269353,23.45623609840974,0.0,0.0,0.0,0.0,0.0
2023-08-16 04:00:00,314.33612060546875,318.2800574602853,313.74747018564494,314.72854423868324,20698900,317.5633911132812,324.8864120483398,328.26695373535154,276.401520614624,318.24862636583805,322.38649334013996,322.4069563487835,39.42943632418024,-4.347201388702501,-2.992549185600667,-1.3546522031018342,-4.41821091405804,324.8864120483398,343.3558116604579,306.41701243622174,5.726458104088429,23.334353519594178,0.0,0.0,0.0,0.0,0.0
2023-08-17 04:00:00,310.88275146484375,315.77830142047725,310.2254186741254,314.47348610040007,21257200,316.67160949707034,323.45123901367185,327.95114562988283,276.80997550964355,316.9093763838391,321.2908988758261,321.9550267454918,36.58949709601974,-4.694278322520631,-3.33289501298466,-1.361383309535971,-5.586352245091641,323.45123901367185,341.5686216719255,305.3338563554182,5.473452841484898,22.459866606259947,0.0,0.0,0.0,0.0,0.0
2023-08-18 04:00:00,310.49029541015625,312.35432993277385,305.6535780676786,308.5379378845716,24755000,315.6309326171875,322.14818878173827,327.8291619873047,277.23463859558103,315.74227075226037,320.2622699743337,321.50542943822376,36.269779815370384,-4.944015681612257,-3.6551191467101796,-1.2888965349020771,-3.1603039470223804,322.14818878173827,340.0458719317786,304.25050563169793,5.6017329529039115,22.415337068445034,0.0,0.0,0.0,0.0,0.0
2023-08-21 04:00:00,315.7881774902344,316.66131798487817,311.03978181664064,311.9129223112844,24040000,314.8919372558594,321.0444396972656,327.77632507324216,277.705030670166,315.75061743189195,319.83616592822904,321.2812234794791,43.45294126241237,-4.660713723724939,-3.8562380621131314,-0.8044756616118076,-1.2546538508334315,321.0444396972656,337.5284207784404,304.5604586160908,5.704065749123982,23.486361017513353,0.0,0.0,0.0,0.0,0.0
2023-08-22 04:00:00,316.357177734375,319.9086615433213,315.3761035356602,319.33965168167043,16084600,314.60731506347656,319.6817993164062,327.704912109375,278.2174751281738,315.86090112325246,319.50483371929056,321.08812364633775,44.180637169109204,-4.340249620733914,-3.953040373837288,-0.38720924689662617,-1.4147485224896839,319.6817993164062,332.3832998596129,306.98029877319954,5.3299295815630865,22.33719210235123,0.0,0.0,0.0,0.0,0.0
2023-08-23 04:00:00,320.811279296875,322.96965461983046,317.3382680735776,317.69147037188395,21166400,315.14207763671874,319.1884994506836,327.6235064697266,278.7806118011475,316.7609698820929,319.62925710763193,321.07726700518236,49.6435850999615,-3.6843992772710976,-3.89931215452405,0.2149128772529525,-0.732367564153813,319.1884994506836,330.8125838869856,307.5644150143816,5.527430221155173,19.361894001179795,0.0,0.0,0.0,0.0,0.0
2023-08-24 04:00:00,313.91424560546875,326.67802778915836,313.9044252847735,326.55048338012807,23281400,314.9186126708984,318.69544677734376,327.35638244628905,279.2745742034912,316.2433836499794,319.0849702979021,320.79636420519364,42.67833700630131,-3.6787596812540073,-3.855201659870042,0.1764419786160345,-1.6569855015322155,318.69544677734376,330.3368779088199,307.05401564586765,5.846833105819663,19.446368557926426,0.0,0.0,0.0,0.0,0.0
2023-08-25 04:00:00,316.8673095703125,319.20224067535247,312.76639725943465,315.3858781640861,21684100,315.1784271240234,317.97557830810547,327.08860168457034,279.75181938171386,316.3568247264036,318.87376451432215,320.64228363127677,46.1614080737432,-3.3968459529197617,-3.7635305184799863,0.36668456556022466,0.4449501519428134,317.97557830810547,328.0147242153411,307.9364324008698,6.055492537826552,17.67250974567166,0.0,0.0,0.0,0.0,0.0
2023-08-28 04:00:00,317.5736999511719,319.97731354583135,315.63116244372804,319.49659681490056,14808500,315.2122406005859,317.4109573364258,326.624267578125,280.2277378845215,316.57807476727055,318.7499488416412,320.5219470163707,46.99116036028681,-3.0809126487383196,-3.6270069445316535,0.5460942957933339,0.4506752067919395,317.4109573364258,326.04269588833284,308.7792187845187,5.868740915642292,17.63107694513083,0.0,0.0,0.0,0.0,0.0
2023-08-29 04:00:00,322.19451904296875,322.75373841396754,315.78810695872727,315.78810695872727,19284600,315.9215576171875,317.0568161010742,326.3653277587891,280.7479433441162,317.5992464537611,319.0780031465295,320.5875380762373,52.18272710003375,-2.429664090860342,-3.3875383737973914,0.9578742829370492,2.5218363382615516,317.0568161010742,324.0676474254238,310.04598477672465,5.94251841232291,18.533880759823703,0.0,0.0,0.0,0.0,0.0
2023-08-30 04:00:00,322.5673522949219,323.5680370692741,320.2716425608164,322.44962819676334,15222100,316.7446807861328,317.154035949707,326.19764709472656,281.180277633667,318.50253842488127,319.4103221130431,320.66517784951907,52.58621924761015,-1.8619964531550295,-3.0824299896689196,1.22043353651389,1.6807028260707568,317.154035949707,324.42228653987775,309.88578535953627,5.682879004943056,15.953183223091655,0.0,0.0,0.0,0.0,0.0
2023-08-31 04:00:00,321.55682373046875,324.6472008416001,320.59536043233794,322.96957268527206,26411000,317.8120880126953,317.2418487548828,326.0976690673828,281.5874938964844,319.0578630258972,319.6147508385122,320.70014435465436,51.32214176859775,-1.476635238406061,-2.761271039416348,1.2846358010102872,2.048697943224753,317.2418487548828,324.68506049933984,309.7986370104258,5.712156877032933,15.968211432440857,0.0,0.0,0.0,0.0,0.0
2023-09-01 04:00:00,322.43988037109375,325.7068445895404,320.59545591190596,325.03972125664615,14942000,319.0070465087891,317.3189895629883,325.89493469238283,282.02613861083984,319.6727752704783,319.88381079399613,320.7683692964755,52.39896106117579,-1.0874430419756322,-2.426505439928205,1.3390623979525729,2.5780555381340386,317.3189895629883,324.95128346770156,309.686695658275,5.798939237610755,15.952430138441972,0.0,0.0,0.0,0.0,0.0
2023-09-05 04:00:00,327.23724365234375,328.512657905709,322.4398070250058,322.77336861557694,18553900,320.151953125,317.5219451904297,325.8799792480469,282.4867295074463,321.0481331580902,320.5841377328864,321.0220506437645,57.85365084154671,-0.3874322212882362,-2.0186907962002114,1.6312585749119752,5.260662455681286,317.5219451904297,325.98132153340606,309.0625688474533,5.93971302197355,16.617594723730797,0.0,0.0,0.0,0.0,0.0
2023-09-06 04:00:00,326.5799560546875,328.13003998213503,323.9310439692956,327.0704931119819,17535800,321.1742309570312,317.8907730102539,325.97758056640623,282.94189025878904,322.0539191392897,321.1551680492484,321.24000771870266,56.89172794233414,0.11299128822690818,-1.5923543793147876,1.7053456675416958,5.18201724252827,317.8907730102539,327.25379738678623,308.52774863372156,5.915885074702053,15.939538945512144,0.0,0.0,0.0,0.0,0.0
2023-09-07 04:00:00,323.66619873046875,326.7761872339446,322.8028486285546,325.0200859411969,18381000,321.4597229003906,318.3009002685547,325.90001525878904,283.382725982666,322.3470608831404,321.3943138284123,321.33515246426214,52.70795342189025,0.27133685770161264,-1.2196161319115075,1.4909529896131202,2.494716965925048,318.3009002685547,327.93106250246524,308.67073803464416,5.803060493204778,15.668030356200505,0.0,0.0,0.0,0.0,0.0
2023-09-08 04:00:00,327.943603515625,329.797847793835,323.22463985119003,323.84272127726,19530100,322.86265869140624,318.89063568115233,325.88293518066405,283.8471896362305,323.36461408904665,322.01805570338496,321.59430740745285,57.63348942630157,0.7335220946221739,-0.8289884866047713,1.5625105812269453,3.6624507350291102,318.89063568115233,329.372800587385,308.4084707749197,5.793950213029758,16.2271019390318,0.0,0.0,0.0,0.0,0.0
2023-09-11 04:00:00,331.5441589355469,332.01508524670345,329.0816535480456,330.85739514094394,16583300,324.33034362792966,319.75438537597654,325.9535308837891,284.3256122589111,324.8518040611376,322.92530363025753,321.9844976634565,61.288427591226814,1.374497603261716,-0.38829126863147395,1.76278887189319,3.3455431062758167,319.75438537597654,331.413963317914,308.09480743403907,5.643983009912367,16.256247878914433,0.0,0.0,0.0,0.0,0.0
2023-09-12 04:00:00,325.4909973144531,330.41600927416135,325.20650733511536,329.464366041868,17565500,325.1220733642578,320.1671569824219,325.79556762695313,284.75925025939944,324.9680210162859,323.1696554097047,322.1220074536917,53.008932552813455,1.3781493100200919,-0.035003152901160794,1.4131524629212526,3.6878707707754588,320.1671569824219,332.03395278879964,308.30036117604413,5.772918266538828,17.652817072400584,0.0,0.0,0.0,0.0,0.0
2023-09-13 04:00:00,329.69976806640625,330.4748250083912,324.90233116375424,325.0396659724569,16544400,325.8725982666016,320.8970779418945,325.77171020507814,285.2015082550049,325.8283386617623,323.7915709008191,322.41917453654327,57.325617029832436,1.7010473247584628,0.31220694263076393,1.388840382127699,4.049789330901699,320.8970779418945,333.23829321131444,308.5558626724746,5.698633763623219,17.83880562966338,0.0,0.0,0.0,0.0,0.0
2023-09-14 04:00:00,332.28985595703125,334.4089499611632,330.2001630423912,332.73132139955476,20267000,326.8448486328125,321.79476470947264,325.79652221679686,285.6571549987793,327.0031599881748,324.60093138236317,322.80626008244474,59.77456553189121,2.1412616429679474,0.6780178826982006,1.4632437602697468,4.633934109821447,321.79476470947264,334.7244040346606,308.8651253842847,5.122603720078367,17.848706751242435,0.0,0.0,0.0,0.0,0.0
2023-09-15 04:00:00,323.97027587890625,331.01438041340634,323.41105648154235,330.5434840282613,37679800,327.08619384765626,322.44914093017576,325.59385192871093,286.09912109375,326.4517265137623,324.5408689534625,322.85190776073733,49.87403445234747,1.7980868530768248,0.9020316767739256,0.8960551763028992,0.5511443339297317,322.44914093017576,334.3361583787717,310.5621234815798,5.297100581476302,19.87435138199676,0.0,0.0,0.0,0.0,0.0
2023-09-18 04:00:00,322.8323059082031,324.14694187392166,320.1833933292106,321.59614271267174,16834200,327.1254364013672,323.0662414550781,325.4477227783203,286.5423645782471,325.79365004002426,324.3781486634378,322.851139060638,48.68618370395661,1.4179484661479478,1.00521503464873,0.4127334314992177,0.08213900489191239,323.0662414550781,333.5362205052992,312.59626240485704,5.2697718273768555,19.941362110574527,0.0,0.0,0.0,0.0,0.0
2023-09-19 04:00:00,322.4300231933594,323.15603844559445,318.36839165791633,319.9969783891352,16505900,326.64471435546875,323.39833374023436,325.39908325195313,286.91144050598143,325.1820815224488,324.1926129043827,322.8346247129016,48.248703629298085,1.0718693599209814,1.0185458997031804,0.05332346021780099,0.27155370324920547,323.39833374023436,333.30235784652365,313.4943096339451,5.114201493979558,19.153764272477467,0.0,0.0,0.0,0.0,0.0
2023-09-20 04:00:00,314.69915771484375,323.35223927183466,314.44409878418986,323.27376651009695,21436500,325.4566345214844,323.3154327392578,325.18329467773435,287.24405448913575,323.2760953756115,323.2884743149028,322.51558679140913,40.68303499672099,0.17180250792512197,0.8491972213475687,-0.6773947134224467,-2.4006716065460787,323.3154327392578,333.49163178375613,313.13923369475947,5.515040492492923,21.115714663690685,0.0,0.0,0.0,0.0,0.0
2023-09-21 04:00:00,313.48260498046875,319.1924634099481,309.0383405191742,313.21772575271143,35560400,324.4382751464844,322.9489990234375,324.8505621337891,287.56897773742674,321.4954607583128,322.3545819973377,322.16135221058795,39.629928098905,-0.6323828792345694,0.5528812012311412,-1.1852640804657106,-4.203261987650741,322.9489990234375,333.9954523444875,311.90254570238756,5.950917812600904,20.45924130234135,0.0,0.0,0.0,0.0,0.0
2023-09-22 04:00:00,311.0103454589844,315.3663173545135,310.166606068044,315.23877291658,21447900,322.7449493408203,322.8038040161133,324.3614770507813,287.9050234985352,319.5890761584349,321.27417851749453,321.72405782817214,37.505222965808805,-1.4524532967660093,0.15181430163171106,-1.6042675983977204,-4.767472806290629,322.8038040161133,334.41230969928995,311.19529833293666,5.957226570374835,19.188078888824975,0.0,0.0,0.0,0.0,0.0
2023-09-25 04:00:00,311.5303039550781,311.6578483890655,309.0383671510389,310.59827150671464,17836000,320.7435638427734,322.5369537353516,323.83227478027345,288.268419342041,318.1238448487337,320.34619046393107,321.32430277432536,38.255007416578856,-2.0369282646961437,-0.28593421163385996,-1.7509940530622838,-3.7495094708659193,322.5369537353516,334.9383401248003,310.13556734590287,5.71055731018365,18.85759276413092,0.0,0.0,0.0,0.0,0.0
2023-09-26 04:00:00,306.23248291015625,309.9016904509528,304.15258067558153,309.1658848784398,26297600,318.8177124023438,321.96989288330076,323.1875207519531,288.608980178833,315.96177904171964,319.00202783976204,320.7324667012207,33.80476275688355,-2.8942555934135044,-0.8075984879897888,-2.0866571054237157,-6.620382398900581,321.96989288330076,336.2254110863045,307.714374680297,5.937609257802019,19.668880325791356,0.0,0.0,0.0,0.0,0.0
2023-09-27 04:00:00,306.87017822265625,308.3515797645924,303.82884250383796,306.3894315511619,19410100,316.5347534179688,321.2036758422852,322.2861004638672,288.9379671478271,314.3087607109808,317.84661359051387,320.18884754519854,34.78814592185901,-3.482097542911049,-1.342498298974041,-2.139599243937008,-7.442140073318959,321.2036758422852,336.9750903649303,305.4322613196401,5.9768520188994785,18.776673885848055,0.0,0.0,0.0,0.0,0.0
2023-09-28 04:00:00,307.7041320800781,309.50930504825243,303.59342871178666,305.1042614505791,19683600,314.07618103027346,320.460514831543,321.4877069091797,289.2807704925537,313.10791914172574,316.8806629704724,319.69925086029184,36.12456714191225,-3.8364492179320564,-1.8412884827656442,-1.9951607351664122,-5.464625867114636,320.460514831543,337.3242754396557,303.59675422343025,5.929899761315251,18.823626887868627,0.0,0.0,0.0,0.0,0.0
2023-09-29 04:00:00,309.7741394042969,313.4237361635249,309.01872314440465,311.7362875557097,24147300,312.6565673828125,319.8713806152344,320.89146545410154,289.59938087463377,312.5017773712841,316.2038512022652,319.310030803194,39.44200536034626,-3.905226165740885,-2.254076019360692,-1.6511501463801928,-6.043567691590268,319.8713806152344,337.38462761857687,302.3581336118919,6.047622786484417,19.08850523282215,0.0,0.0,0.0,0.0,0.0
2023-10-02 04:00:00,315.7096252441406,315.79794825806266,309.21491966040423,310.29410713051254,20570000,311.9442993164063,319.53486785888674,320.4746319580078,289.9261821746826,313.08502243907617,316.1567820633962,319.1688384283292,47.81172655184204,-3.4411211870196894,-2.4914850528924917,-0.9496361341271977,-4.989689096929473,319.53486785888674,337.0988791973846,301.9708565203889,6.0651497148577675,20.447397771389365,0.0,0.0,0.0,0.0,0.0
2023-10-03 04:00:00,307.4588623046875,315.30745601689233,305.3200977637049,314.75802691222975,21033500,310.4471832275391,318.5459487915039,319.8665460205078,290.2102682495117,312.0620842328237,315.328408753043,318.70962367838246,39.61529338682316,-3.6964716383253062,-2.7324823699790546,-0.9639892683462516,-5.096582866877086,318.5459487915039,336.50668343105895,300.5852141519489,6.4092235459862525,21.390666000897113,0.0,0.0,0.0,0.0,0.0
2023-10-04 04:00:00,312.9233703613281,313.98294710090596,308.05725146031534,308.0866824841923,20720100,310.2696044921875,317.8631195068359,319.2528137207031,290.56167701721193,312.21868171073356,315.0993574776416,318.482711783596,46.194301115466395,-3.4184923276978907,-2.869684361522822,-0.5488079661750689,-3.06937545144339,317.8631195068359,335.57446553207905,300.1517734815928,6.538859467519217,22.63190425767769,0.0,0.0,0.0,0.0,0.0
2023-10-05 04:00:00,313.3157958984375,313.92408696226687,308.94021399543317,313.05091668193415,16965600,310.2529235839844,317.34559936523436,318.9055841064453,290.9360954284668,312.4181570175888,314.92949447009835,318.2800876312369,46.64388271555642,-3.130440490739545,-2.9218355873661666,-0.20860490337337856,-2.8267303412548905,317.34559936523436,334.94752406386635,299.7436746666024,6.260650431186702,22.509206227103345,0.0,0.0,0.0,0.0,0.0
2023-10-06 04:00:00,321.0663146972656,322.9597804960645,310.31372116687385,310.5589896881692,25673600,311.2585205078125,317.0017349243164,318.8514044189453,291.36992431640624,313.9905493229845,315.51395353935237,318.3893514377478,54.69544751731112,-2.250809312694855,-2.7876303324319043,0.5368210197370491,2.0232519936361992,317.0017349243164,333.9899227880443,300.0135470605885,6.880829772935248,23.842178555400917,0.0,0.0,0.0,0.0,0.0
2023-10-09 04:00:00,323.577880859375,324.04877728616253,317.063534182084,318.6038277713841,19891200,312.46327819824216,316.6034210205078,318.6976684570312,291.80973358154296,315.7337005114191,316.28194661744976,318.5928231797724,56.961905348172756,-1.3356364814922017,-2.497231562243964,1.1615950807517623,3.2203623800865167,316.6034210205078,332.49405727460845,300.7127847664072,7.037800938392418,23.658294544103477,0.0,0.0,0.0,0.0,0.0
2023-10-10 04:00:00,322.1749572753906,324.8336598616772,321.4685826836827,324.69629510828605,20557100,314.0575256347656,316.4376190185547,318.56384521484375,292.2297148132324,316.9048381048685,316.84318572772986,318.7332990266594,55.29777429037031,-0.7153139340416033,-2.140848036603492,1.4255341025618886,3.589787921662113,316.4376190185547,332.0036868412759,300.8715511958335,6.641867844845966,22.821242536250168,0.0,0.0,0.0,0.0,0.0
2023-10-11 04:00:00,326.128662109375,326.5210857572993,322.91074029238723,324.9415409038971,20063200,315.9833740234375,316.2590637207031,318.50087158203127,292.69986633300783,318.58189701477875,317.7275168116961,319.02331326519726,58.93853679901292,0.09424074298578944,-1.6938302806856358,1.7880710236714252,4.686015443429192,316.2590637207031,331.25612167341177,301.2620057679945,6.227011101355592,22.771309140557527,0.0,0.0,0.0,0.0,0.0
2023-10-12 04:00:00,324.89251708984375,327.3157714229003,322.4986937835042,324.313686937738,19313100,317.70221252441405,315.8891967773437,318.5862628173828,293.16120628356936,319.72928248297234,318.4098977905673,319.25347812106577,57.36541197892087,0.6288234001473256,-1.2292995445190436,1.8581229446663692,6.093420920719916,315.8891967773437,329.5246381023945,302.253755452293,6.199680126564634,22.582613110558096,0.0,0.0,0.0,0.0,0.0
2023-10-13 04:00:00,321.5274353027344,327.5119635418574,320.1833385954494,326.0894240178062,21072400,318.87754211425784,315.76705474853514,318.62080017089846,293.61434440612794,320.0562193592927,318.7068061250594,319.34265291250375,53.20241528315008,0.7720503149045612,-0.8290295726343226,1.6010798875388839,4.7763706349605695,315.76705474853514,329.1389223607373,302.395187136333,6.536047534306164,21.06271935426295,0.0,0.0,0.0,0.0,0.0
2023-10-16 04:00:00,326.34454345703125,329.77830323276595,324.34314366168616,324.78460909741796,22158000,319.9410339355469,315.9426666259766,318.72974975585936,294.1034073638916,321.19955101342697,319.4342096804853,319.61723685542637,57.91109385076125,1.2597375759271472,-0.41127614292202874,1.671013718849176,6.057900896859603,315.9426666259766,329.7890509849723,302.0962822669809,6.598415009344377,21.701362802966432,0.0,0.0,0.0,0.0,0.0
2023-10-17 04:00:00,325.7754821777344,327.1489800095309,321.2134933356926,323.3522278123477,18338500,321.77269592285154,316.1099395751953,318.78169677734377,294.55805366516114,322.0315384978465,320.038140394509,319.85873667198746,57.17916188764403,1.5820775493094175,-0.012605404475739546,1.594682953785157,5.165486959049725,316.1099395751953,330.3612188956646,301.85866025472603,6.699325681707511,21.70778707736554,0.0,0.0,0.0,0.0,0.0
2023-10-18 04:00:00,323.8623352050781,329.23863169332765,322.086593597573,326.197296197931,23153600,322.86659240722656,316.568098449707,318.87487548828125,295.00893196105955,322.36441062643405,320.40234942408705,320.0157405360302,54.67715315286505,1.6639780258009296,0.3227112815795943,1.3412667442213353,2.5823444421857467,316.568098449707,331.212164697214,301.9240322022,6.787622950228142,19.86135386109079,0.0,0.0,0.0,0.0,0.0
2023-10-19 04:00:00,325.0494384765625,330.5042074141456,324.6471945516685,325.8637167069563,25052100,324.0399566650391,317.14644012451174,319.06659118652345,295.46691513061523,322.8525975082756,320.8449293338466,320.2131404552668,55.964739768936944,1.803880050112923,0.61894503528626,1.184935014826663,5.721277975211847,317.14644012451174,332.1857184462765,302.107161802747,6.8534992449153345,19.770677380053616,0.0,0.0,0.0,0.0,0.0
2023-10-20 04:00:00,320.48748779296875,325.63812679181063,319.2905761994472,325.441899996805,25027700,323.98207397460936,317.62029724121095,319.1533630371094,295.9531483459473,322.42257756003795,320.8108872823345,320.2238991743924,50.077051712827206,1.5290165667645965,0.8009593415819274,0.7280572251826691,2.4172427335505287,317.62029724121095,332.44115466029797,302.79943982212393,6.836679387394265,20.28748221866606,0.0,0.0,0.0,0.0,0.0
2023-10-23 04:00:00,323.08734130859375,326.4328077015871,318.25065300887303,319.31019990102027,24374700,323.9330200195312,318.1981491088867,319.3297265625,296.4854626464844,322.543443696139,321.0276924276925,320.33619102279243,53.10494345484326,1.5036387156240494,0.9414952163903518,0.5621434992336976,3.118752880663478,318.1981491088867,332.9201120537728,303.4761861640006,6.679009902557003,20.419739937223436,0.0,0.0,0.0,0.0,0.0
2023-10-24 04:00:00,324.27447509765625,325.5596799875635,321.39993469137573,325.02989150210226,31153600,324.1429718017578,319.1002487182617,319.4705047607422,297.01094772338865,322.858176678233,321.33690982483193,320.4906335355322,54.4630672641604,1.5613204312012385,1.065460259352529,0.49586017184870945,0.9992204892050438,319.1002487182617,332.91835897334687,305.2821384631765,6.51012850969767,19.16069051134926,0.0,0.0,0.0,0.0,0.0
2023-10-25 04:00:00,334.2225646972656,339.64790388750646,331.2302703891526,338.4902135639039,55053800,324.9523620605469,320.4678680419922,319.8529290771484,297.57550315856935,324.9244290453299,322.564115050778,321.0291406399139,63.89850737727955,2.3822996301983608,1.3288281335216956,1.0534714966766652,3.28968216542489,320.4678680419922,334.6000856301214,306.33565045386297,7.252239639913134,21.533494142539976,0.0,0.0,0.0,0.0,0.0
2023-10-26 04:00:00,321.6844177246094,335.1643669777935,320.75238530520863,334.0949997460641,37828500,324.6315521240234,321.16688232421876,319.99989501953127,298.06893905639646,324.3353360779262,322.4803343530477,321.05483778049023,49.872403813148075,1.998174177118642,1.462697342241085,0.5354768348775572,-0.15225874628174152,321.16688232421876,333.96048758862025,308.37327705981727,7.378376950155578,26.176738111097915,0.0,0.0,0.0,0.0,0.0
2023-10-27 04:00:00,323.5680847167969,330.347311140755,322.1847664797221,324.17634594018955,29856500,324.8356170654297,321.85657958984376,320.2536016845703,298.53807830810547,324.1958358304481,322.5839296257857,321.1533964838748,51.59158880579652,1.8247140046852337,1.5351006747299147,0.28961332995531897,-0.7851433161429333,321.85657958984376,333.49969483328965,310.21346434639787,7.4982091153032275,26.159245951212835,0.0,0.0,0.0,0.0,0.0
2023-10-30 04:00:00,330.9261169433594,333.02562998161824,325.54981985866505,327.09993377177346,22828100,325.2937744140625,322.6174041748047,320.66231811523437,299.0306581878662,325.4195233055229,323.3784236560308,321.5366404234625,57.695086503704445,2.2549832323371675,1.6790771862513654,0.5759060460858021,1.8571064386340153,322.6174041748047,334.5542071393194,310.68060121029,7.9333854072194345,26.493788019777696,0.0,0.0,0.0,0.0,0.0
2023-10-31 04:00:00,331.7109375,332.5841077884047,328.3556809665902,332.4369526667647,20265300,325.88731994628904,323.8300079345703,320.9807733154297,299.52365409851075,326.5634167954278,324.17199640307547,321.93563246567965,58.29903160673722,2.628997706014843,1.869061290204061,0.759936415810782,3.1672265191545312,323.8300079345703,334.093046450057,313.5669694190836,7.9249781457841335,24.246041586289724,0.0,0.0,0.0,0.0,0.0
2023-11-01 04:00:00,339.5203552246094,340.84481138122624,333.22184569359115,333.3592104526516,28158800,327.4531219482422,325.15985717773435,321.44403686523435,300.05024032592775,328.9192237825517,325.63374486226917,322.6252294366181,63.832065468090086,3.515042394693978,2.1982575111020446,1.3167848835919336,4.0373930043395845,325.15985717773435,336.32540176054846,313.99431259492025,8.233320734486288,24.764401167255603,0.0,0.0,0.0,0.0,0.0
2023-11-02 04:00:00,341.72772216796875,342.2280495770279,338.24489130724083,340.66814542171755,24348100,329.12095031738284,326.58045349121096,321.86236572265625,300.6099828338623,331.2480416708093,327.1665046056691,323.37434679863185,65.23612627127577,4.345265740055936,2.627659156892823,1.7176065831631129,4.8966975303351035,326.58045349121096,338.5982479094542,314.56265907296773,7.994358829013363,24.75157165575535,0.0,0.0,0.0,0.0,0.0
2023-11-03 04:00:00,346.1228942871094,347.6828282900891,340.75641832403534,343.0129064819289,23637700,331.6844909667969,327.8332824707031,322.50653869628906,301.21060508728027,333.9525603283184,328.97187505152056,324.2664467001408,67.9075973452996,5.296818949030978,3.1614911153204543,2.135327833710524,6.8734634016441865,327.8332824707031,342.3872815544147,313.27928338699155,7.899754688729233,23.802334186613955,0.0,0.0,0.0,0.0,0.0
2023-11-06 05:00:00,349.7823791503906,350.7732736613575,346.66257041725754,346.7606838240873,23828300,334.35399475097654,329.1435073852539,323.16484008789064,301.78913482666013,336.8307092050588,330.9538278228415,325.26707150211143,69.97637666705488,6.273899954284161,3.783972883113196,2.4899270711709653,7.608978126449362,329.1435073852539,346.52747059371654,311.7595441767912,7.80796131018708,23.882766404988644,0.0,0.0,0.0,0.0,0.0
2023-11-07 05:00:00,353.7066955566406,355.6001616596292,350.86158624054224,352.5980768718827,25833900,337.297216796875,330.72009429931643,323.8875,302.37578773498535,339.8990703598918,333.12076760701285,326.38235087679885,72.05664441370469,7.280972706427974,4.483372847776152,2.7975998586518225,10.365212068787887,330.72009429931643,350.9323226798893,310.50786591874356,7.7126573397216465,23.800031045111982,0.0,0.0,0.0,0.0,0.0
2023-11-08 05:00:00,356.3262023925781,356.98350541576144,353.726331511593,354.8349502754826,26767800,339.50758056640626,332.22997131347654,324.5701336669922,302.9781693267822,342.885821638562,335.33080901516195,327.55661956369215,73.38240513171137,8.195979280274457,5.225894134275813,2.9700851459986444,10.287887154401565,332.22997131347654,355.3066594215916,309.1532832053615,7.472295743296887,23.659317472649036,0.0,0.0,0.0,0.0,0.0
2023-11-09 05:00:00,353.8636474609375,357.8860575764988,353.53987621597344,355.44316251543404,24847300,342.7255035400391,333.67852783203125,325.1960595703125,303.5752053833008,344.88178996990297,337.09584124809294,328.5882677165253,70.01918927690369,8.623020170874838,5.905319341595619,2.7177008292792193,9.124730632705646,333.67852783203125,358.394794268303,308.9622613957595,7.329340798165593,23.830419786112845,0.0,0.0,0.0,0.0,0.0
2023-11-10 05:00:00,362.6737365722656,363.09559132044575,354.23649190861096,354.6485263333416,28042100,346.6360687255859,335.7358428955078,326.0183978271484,304.1802867889404,348.1166893521507,339.53183127896654,329.92495276969163,74.51868368595218,9.56212746246689,6.636680965769874,2.925446496697016,8.512642436566399,335.7358428955078,362.9200792368055,308.5516065542101,7.4043257386508925,24.219827128297307,0.0,0.0,0.0,0.0,0.0
2023-11-13 05:00:00,359.7402648925781,361.49639601773487,358.9750282473155,361.2511274783557,19986500,349.5174835205078,337.40562896728517,326.7644055175781,304.7699211883545,350.2300667231375,341.4564440040724,331.0941806960793,70.71322284662918,9.954916033141217,7.300327979244143,2.654588053897074,11.830180472262718,337.40562896728517,366.21505692226685,308.5962010123035,7.371394526419631,24.487032770138185,0.0,0.0,0.0,0.0,0.0
2023-11-14 05:00:00,363.2623291015625,364.9105564931209,360.39760923672634,363.98834436046604,27683900,352.67262268066406,339.27997131347655,327.4849072265625,305.4037188720703,352.59956897376026,343.5331949657382,332.35567671198066,72.52725190255302,10.430172416772052,7.926296866749725,2.503875550022327,12.267663672549167,339.27997131347655,369.73430417802024,308.82563844893286,6.642599012897672,24.408086790513934,0.0,0.0,0.0,0.0,0.0
2023-11-15 05:00:00,363.4098205566406,366.81121863639925,360.89314538692616,364.99254154145893,26860100,355.0615692138672,341.25734558105466,328.22150451660156,306.01340637207034,354.5650692615567,345.4262069267765,333.57348627451637,72.60377941298219,10.695427620685393,8.48012301753686,2.2153046031485335,9.81599878345083,341.25734558105466,372.6187744388471,309.89591672326225,6.035891268389686,24.11760016087928,0.0,0.0,0.0,0.0,0.0
2023-11-16 05:00:00,369.79974365234375,369.97668823321743,363.9111612043172,364.6779510555463,27182300,357.8687713623047,343.49486083984374,329.14417541503906,306.630975189209,357.3350100598816,347.7474961387353,334.9941238187449,75.75482225570595,11.291100889269728,9.042318591883435,2.2487822973862936,11.482529469605973,343.49486083984374,376.3378815333347,310.65184014635275,5.886175144134772,24.451228988581498,0.0,0.0,0.0,0.0,0.0
2023-11-17 05:00:00,363.58673095703125,368.03017560302834,360.7849886688486,367.2830363259732,40157000,359.6151550292969,345.6498229980469,329.8570379638672,307.15974395751954,358.47168658663605,349.25599469285874,336.11540253005023,67.61193683599109,11.133498011306472,9.460554475768042,1.6729435355384297,7.088345473867319,345.6498229980469,377.7848042048556,313.51484179123815,5.854547266897185,24.778148394846657,0.0,0.0,0.0,0.0,0.0
2023-11-20 05:00:00,371.0481872558594,372.45396350296016,364.7172440162698,364.93351959280636,52465100,361.7417358398437,348.04786529541013,330.6471185302734,307.7562712097168,360.75832307194935,351.33144160362065,337.48531565655253,71.56494854511462,11.47835838988783,9.864115258592001,1.6142431312958294,8.580066288411569,348.04786529541013,380.2515591708389,315.84417141998136,6.1858905329053595,25.27546049880446,0.0,0.0,0.0,0.0,0.0
2023-11-21 05:00:00,366.7522277832031,369.848877892723,364.83523819118903,369.30820390562985,28423100,363.0462890625,350.1717529296875,331.47234313964844,308.3390165710449,361.8481239285409,352.800087906438,338.6330377007349,66.53014151717369,11.275043020417627,10.146300810957126,1.1287422094605013,5.960118165134065,350.1717529296875,381.3607561949258,318.9827496644492,5.977253046008509,26.112832515732,0.0,0.0,0.0,0.0,0.0
2023-11-22 05:00:00,371.45123291015625,373.358382009187,368.6200000208417,371.5986867063138,23345300,364.5587921142578,352.033186340332,332.30737243652345,308.892686920166,363.59414374337996,354.57638743060164,339.92002574816325,69.09161141580887,11.362109245114766,10.389462497788653,0.9726467473261131,6.194952933992415,352.033186340332,383.65503794012284,320.4113347405412,6.164609900022567,24.62885532854026,0.0,0.0,0.0,0.0,0.0
2023-11-24 05:00:00,371.0384216308594,371.56928542563764,368.78722313226825,370.94010907615535,10176600,366.27626953125,354.50088653564455,333.08234375,309.4483364868164,364.94764881383077,356.14420021157855,341.1403549984651,68.5949529273214,11.267909982980711,10.565151994827065,0.7027579881536461,4.900027704294141,354.50088653564455,383.7658555177063,325.2359175535828,5.8685850662593975,18.948989751179944,0.0,0.0,0.0,0.0,0.0
2023-11-27 05:00:00,372.1983642578125,374.1940157538783,369.8292031236525,370.39936783626126,22179200,367.2287322998047,356.9324005126953,334.0469055175781,310.0249383544922,366.2659607127365,357.6731682159818,342.3583161458905,69.2635370615467,11.158228947470434,10.68376738535574,0.47446156211469415,4.454390880788339,356.9324005126953,383.31500933854926,330.5497916868414,5.848187441686373,18.999939033562573,0.0,0.0,0.0,0.0,0.0
2023-11-28 05:00:00,376.2191162109375,376.51402381152496,371.7559911838167,371.9427759977799,20453100,368.8766174316406,359.1970504760742,335.1146417236328,310.62417739868164,368.075625348773,359.43944897740613,343.6861906582453,71.52638167804653,11.26588095354532,10.800190098993657,0.4656908545516636,6.3175375346991025,359.1970504760742,383.9028033044471,334.4912976477013,5.772491021577066,18.149523888763326,0.0,0.0,0.0,0.0,0.0
2023-11-29 05:00:00,372.4343566894531,377.79204546279357,371.0482307864117,377.2612117132878,28963400,369.7938201904297,361.23322143554685,336.1147283935547,311.1644436645508,368.8681219561693,360.67705923569633,344.8135697182927,66.55904476933259,10.919919447148914,10.824135968624708,0.09578347852420599,2.691294994073168,361.23322143554685,382.9301656012141,339.5362772698796,6.0201342228099985,19.03889501210683,0.0,0.0,0.0,0.0,0.0
2023-11-30 05:00:00,372.49334716796875,373.6533572420955,369.11159949363696,372.0804464632099,30554400,370.7021728515625,362.88187103271486,337.2706121826172,311.70086349487303,369.5272538128601,361.8024199911508,345.89905118690746,66.59798140171544,10.52912925156727,10.765134625213221,-0.23600537364595198,3.5450805817355047,362.88187103271486,382.5479173623635,343.21582470306623,6.034103964805228,17.938349446875478,0.0,0.0,0.0,0.0,0.0
2023-12-01 05:00:00,368.1678161621094,371.7559987121957,365.02199502186244,370.37971321362784,33040500,370.5389801025391,364.20387573242186,338.36431640625,312.2262550354004,369.2800833309054,362.4086481979088,346.7723360878958,60.99030775348467,9.757907915512305,10.563689283273039,-0.8057813677607335,1.3503979541945155,364.20387573242186,381.2645588793391,347.1431925855046,5.908347413847947,18.828085929532428,0.0,0.0,0.0,0.0,0.0
2023-12-04 05:00:00,362.8887634277344,363.26230306598103,356.75441514637487,362.84943241289693,32063300,370.46918334960935,365.04216918945315,339.401884765625,312.760272064209,368.1180251666925,362.4543734578922,347.4043528463209,54.91316554359476,8.621352429359433,10.175221912490318,-1.5538694831308852,-0.14338003527480936,365.04216918945315,379.86264387312065,350.22169450578565,6.459396891761116,19.5534042778812,0.0,0.0,0.0,0.0,0.0
2023-12-05 05:00:00,366.2114562988281,366.7619704390207,359.42831207085,360.2442730291583,23065000,369.9855102539062,365.863623046875,340.4955078125,313.3308792877197,367.77137628162626,362.8121908713146,348.1418863150467,57.765649909456926,7.897697819619111,9.719717093916078,-1.8220192742969665,-0.9703325692104969,365.863623046875,378.8277926433092,352.8994534504408,6.613923089448824,19.481590865583822,0.0,0.0,0.0,0.0,0.0
2023-12-06 05:00:00,362.554443359375,367.84333907553696,361.79749393560945,367.2141929312784,21182100,369.56573181152345,366.3060104370117,341.6219470214844,313.9095278930664,366.8228430230351,362.7876434892251,348.70708463051056,53.736064498995276,6.949002174998725,9.165574110132608,-2.2165719351338833,-0.28391784126419184,366.3060104370117,378.07194427327306,354.54007660075035,6.623049653052711,19.657243524558137,0.0,0.0,0.0,0.0,0.0
2023-12-07 05:00:00,364.66815185546875,365.15968459553505,360.1165538823308,361.9942125494772,23118900,368.8874237060547,366.7231079101563,342.7779064941406,314.50441101074216,366.43108099256847,362.96673952410544,349.3330088354109,55.661270579866525,6.2951461263378405,8.591488513373655,-2.296342387035814,-1.7194627596957446,366.7231079101563,377.55370104669515,355.8925147736174,6.514211298526102,19.600291495666617,0.0,0.0,0.0,0.0,0.0
2023-12-08 05:00:00,367.892578125,368.11866396815253,361.99418568198814,362.94776032697274,20154400,368.5728393554688,367.4245544433594,343.98167541503904,315.0994931793213,366.69680774391963,363.4358670099049,350.0608350820615,58.49847573138159,5.968345378929769,8.066859886484878,-2.098514507555109,0.31093208313679455,367.4245544433594,376.40810308323086,358.44100580348794,6.307762963002476,19.53000816300447,0.0,0.0,0.0,0.0,0.0
2023-12-11 05:00:00,365.0121765136719,365.30711413857625,359.90025435719485,362.2399548445349,27708800,367.8542205810547,367.5414764404297,345.08643615722656,315.7072814178467,366.39051115660186,363.58599172454933,350.6471621970266,55.106184602893286,5.4145139482457125,7.536390698837045,-2.1218767505913325,-1.7334863438296377,367.5414764404297,376.32328270525994,358.7596701755994,6.245269478850779,17.82558400273269,0.0,0.0,0.0,0.0,0.0
2023-12-12 05:00:00,368.0400390625,368.07937007976545,364.1864093914376,364.56981930802976,24838300,367.03631286621095,367.95646514892576,346.13304443359374,316.3256179046631,366.6904253213106,364.01018670911606,351.3292357995942,57.87178494219746,5.160435464302907,7.061199651930218,-1.9007641876273107,-0.8081056822040966,367.95646514892576,375.93361576219246,359.97931453565906,6.079556023397743,17.741586642076175,0.0,0.0,0.0,0.0,0.0
2023-12-13 05:00:00,368.0301818847656,371.2448248811306,364.4911405130115,369.65223376326037,30955500,366.5958953857422,368.1948577880859,347.3444708251953,316.94751930236816,366.9340174237569,364.39304339251123,351.98417486175777,57.85928876690698,4.901776416103303,6.629315004764835,-1.727538588661532,-1.1198819697551543,368.1948577880859,375.860225242112,360.52949033405986,6.09009389069312,17.451001970632134,0.0,0.0,0.0,0.0,0.0
2023-12-14 05:00:00,359.7331237792969,367.430542857679,357.9636180145618,366.98815141610726,43277500,365.319873046875,368.0110229492187,348.28066589355467,317.5433211517334,365.62476403385506,363.94924152458606,352.2880552114652,48.388090230074205,3.981389034700385,6.0997298107519455,-2.1183407760515607,-4.3820188079962685,368.0110229492187,376.3097645487429,359.71228134969454,6.6104154318955795,19.306807747482974,0.0,0.0,0.0,0.0,0.0
2023-12-15 05:00:00,364.4518127441406,366.09351500946013,360.0771601195224,360.6375145457429,78502300,364.9482727050781,367.7436264038086,349.30338623046873,318.13907623291016,365.41150016299787,363.99710545025795,352.76506531078576,53.091032295853914,3.5913354876662424,5.598050946134805,-2.0067154584685625,-2.143342525181846,367.7436264038086,376.1437106129685,359.3435421946487,6.75295676046254,18.812671542052282,0.0,0.0,0.0,0.0,0.0
2023-12-18 05:00:00,366.33935546875,366.6834343966237,362.43658420288887,363.1935638443667,21802900,365.2933319091797,367.88125762939455,350.20884704589844,318.7238525390625,365.5802011276801,364.22017688059054,353.29739041501966,54.86283005386932,3.3953842879625995,5.157517614500364,-1.7621333265377643,-1.6521078150809831,367.88125762939455,376.08241377309105,359.68010148569806,6.716443729464438,17.90775034497642,0.0,0.0,0.0,0.0,0.0
2023-12-19 05:00:00,366.93896484375,366.93896484375,363.5768683048988,365.1989200557806,20603700,365.3660827636719,367.67579650878906,351.0760687255859,319.3039097595215,365.82724907605643,364.47910906755806,353.8323541181071,55.43863195505353,3.250999517106834,4.776213995021658,-1.5252144779148242,-0.3337747799819324,367.67579650878906,375.74776564096646,359.60382737661166,6.474892433926532,16.27923255741029,0.0,0.0,0.0,0.0,0.0
2023-12-20 05:00:00,364.3436584472656,369.6620453460696,364.2551861699306,368.64948928220537,26316700,365.5450042724609,367.5553680419922,351.91944274902346,319.8842756652832,365.5575053253672,364.4662090084826,354.2445621310153,52.32712653744284,2.893796129199984,4.399730421857324,-1.50593429265734,0.40092038281613895,367.5553680419922,375.7561942069753,359.3545418770091,6.536685393046562,15.948043820620386,0.0,0.0,0.0,0.0,0.0
2023-12-21 05:00:00,367.21429443359375,368.0695566165207,363.7735651914328,366.2508794455086,17708000,365.79961853027345,367.34352111816406,352.7411553955078,320.4811927032471,365.85873970868107,364.7279314299218,354.7531790840576,55.314560162573585,2.8099547942312597,4.081775296332111,-1.2718205021008515,0.2738412787248512,367.34352111816406,375.3368781923315,359.35016404399664,6.309873912973818,15.500685781988341,0.0,0.0,0.0,0.0,0.0
2023-12-22 05:00:00,368.2366638183594,368.8265091217646,366.3983361233561,367.35191086364074,17107500,365.8340270996094,367.20343322753905,353.6080383300781,321.08996200561523,366.2910895468044,365.06209641929684,355.28194319128517,56.363360049617924,2.793801393889737,3.8241805158436364,-1.0303791219538994,1.5672737055250963,367.20343322753905,375.02039547220625,359.38647098287186,5.668071911736247,15.542858178458019,0.0,0.0,0.0,0.0,0.0
2023-12-26 05:00:00,368.3153381347656,370.5567263617858,367.17497851038286,368.64957681765344,12673100,366.1643432617187,367.00928192138673,354.5437963867187,321.7173432159424,366.6591347446155,365.37192896362717,355.7930567184805,56.448071829662794,2.7555834172227947,3.6104610961194683,-0.8548776788966737,1.0001384164588067,367.00928192138673,374.48952074280686,359.5290430999666,5.385792589109981,15.491177861870103,0.0,0.0,0.0,0.0,0.0
2023-12-27 05:00:00,367.7352600097656,368.70848509896524,366.49658807749455,367.36169037934906,14905400,366.1338653564453,366.5850891113281,355.3716107177734,322.3157905578613,366.8547938837337,365.59700811087845,356.261378416178,55.59115942259894,2.6479638595239408,3.417961648800363,-0.769997789276422,-0.042761970365412516,366.5850891113281,372.70474814315656,360.46543007949964,5.11193915207735,14.907701117429317,0.0,0.0,0.0,0.0,0.0
2023-12-28 05:00:00,368.9248046875,370.0848147302982,367.82377617224904,369.01327697882084,14327000,366.22332763671875,366.4096115112305,356.23459716796873,322.88663040161134,367.2311594844184,365.9139411181757,356.75798336799454,57.03166453022834,2.6283627688438287,3.260041872809056,-0.6316791039652272,1.0719171648460257,366.4096115112305,372.00158069036576,360.8176423320952,4.919540866886515,14.591217978225524,0.0,0.0,0.0,0.0,0.0
2023-12-29 05:00:00,369.671875,370.77290330963024,367.1552302920534,369.6325439887214,18730800,367.2172027587891,366.268537902832,357.1507879638672,323.43849349975585,367.67492594179686,366.2718395831114,357.26441049081825,57.95409673739526,2.642648289463807,3.1365631561400065,-0.49391486667619944,0.4433854375346602,366.268537902832,371.33162526855017,361.20545053711385,4.740483347701692,14.61627356230565,0.0,0.0,0.0,0.0,0.0
2024-01-02 05:00:00,364.5894470214844,369.5342646061022,360.55887302589025,367.5288028618132,25258600,367.23096618652346,366.0896194458008,357.94158813476565,323.9123890686035,367.1139297744673,366.1116117200993,357.5516668253542,50.07774456053234,2.2182891487634038,2.952908354664686,-0.7346192059012822,-0.9349056225933627,366.0896194458008,371.12292759604156,361.05631129556,4.820531791009164,14.852538055123032,0.0,0.0,0.0,0.0,0.0
2024-01-03 05:00:00,364.32403564453125,366.93899315410624,362.26943260145976,362.760965291212,23083500,367.02943420410156,366.1613830566406,358.81831909179687,324.3691812133789,366.60667629629705,365.941366379569,357.81724991630233,49.69789470792107,1.8393619725744088,2.7301990782466308,-0.890837105672222,1.2761993716350117,366.1613830566406,371.04112018365623,361.281645929625,4.876003209889068,13.920581727105668,0.0,0.0,0.0,0.0,0.0
2024-01-04 05:00:00,361.7091369628906,366.78175874623196,360.9521872978416,364.3929166857035,20901500,366.50645141601564,365.93626708984374,359.5907550048828,324.8480661010742,365.71621459931407,365.5382969113139,357.9698729377372,45.99613238095017,1.3129244101008908,2.4467441446174827,-1.133819734516592,-0.7525482616203782,365.93626708984374,371.2060949611217,360.66643921856576,4.809995144194155,13.738297746040388,0.0,0.0,0.0,0.0,0.0
2024-01-05 05:00:00,361.5223083496094,365.7593179114421,360.29347657411785,362.72164936252017,21004600,366.22431640625,365.8846603393555,360.33571166992186,325.318445892334,364.9536861902768,365.1558218101992,358.1091841303596,45.73402264694727,0.870607519808857,2.131516819655758,-1.260909299846901,-1.314913903524495,365.8846603393555,371.3117986256636,360.4575220530474,4.48137210613133,13.282270164890155,0.0,0.0,0.0,0.0,0.0
2024-01-08 05:00:00,368.3447570800781,368.84613000704053,362.7609531121448,363.0460204620728,23134000,366.3373626708984,366.06849060058596,361.0181555175781,325.8302156066895,365.57024453387703,365.45952993114,358.51057914799566,55.66870201992557,1.0583824187934852,1.9168899394833034,-0.8585075206898183,0.3831133706192036,366.06849060058596,371.57068163177087,360.56629956940105,4.550188565221894,14.77817464153607,0.0,0.0,0.0,0.0,0.0
2024-01-09 05:00:00,369.4261779785156,369.6227730702436,364.90407085789354,365.71019173607624,20830000,366.45631408691406,366.1451705932617,361.9729907226563,326.321163482666,366.27132334199314,365.837305935652,358.93864184723174,57.012120774780435,1.2797053609640443,1.7894530237794517,-0.5097476628154074,1.3949795511496887,366.1451705932617,371.79515758883116,360.49518359769223,4.5838922808372695,14.484044215212688,0.0,0.0,0.0,0.0,0.0
2024-01-10 05:00:00,376.2879333496094,377.6642489138574,369.94717950336036,369.99632077317983,25514200,367.2535736083984,366.7089584350586,363.0273876953125,326.8322065734863,368.0925251615597,366.83260378460034,359.619006219874,64.3867153130492,1.9858994864445094,1.8287423163124634,0.157157170132046,2.4709383740115998,366.7089584350586,373.918104718175,359.4998121519422,4.932176166300885,15.526005791831675,0.0,0.0,0.0,0.0,0.0
2024-01-11 05:00:00,378.116455078125,384.063988833949,373.9384270676175,379.4632498955057,27850800,368.29169311523435,367.21277923583983,363.9711944580078,327.3728578186035,369.9150578736625,367.90725628874554,360.344396371178,66.05773851525596,2.6624191302046256,1.9954776790908961,0.6669414511137295,2.6830004262256235,367.21277923583983,376.04034967304153,358.38520879863813,5.269226351314635,15.375724232802504,0.0,0.0,0.0,0.0,0.0
2024-01-12 05:00:00,381.8913879394531,382.0978232574525,378.13607119839037,378.9618424711607,21661200,369.5883514404297,367.90583953857424,364.97480346679686,327.93800079345704,372.09257243107896,369.2390783507177,361.18937643267896,69.26408455665705,3.4632491747356653,2.28903197821985,1.1742171965158152,3.6859854583954466,367.90583953857424,378.91143862919654,356.90024044795194,5.246753262331749,15.660802817251065,0.0,0.0,0.0,0.0,0.0
2024-01-16 05:00:00,383.6609191894531,387.3572546583597,381.0558019045163,386.9935252639614,27202300,370.987255859375,369.102229309082,365.85761474609376,328.48620223999023,374.1959082053288,370.6125870020258,362.0706134035329,70.66308467716063,4.192372082277188,2.6696999990313177,1.5226720832458707,4.3307403209756234,369.102229309082,381.48334851829696,356.7211100998671,5.523416102005671,12.732885855532414,0.0,0.0,0.0,0.0,0.0
2024-01-17 05:00:00,382.87445068359375,383.5035968868469,378.2933627006387,381.4096929597069,22234100,372.8157562255859,370.0233612060547,366.68054931640626,329.01318069458006,375.7738250195588,371.7803835431275,362.88645015961373,69.15643603102754,4.653107675099818,3.0663815342450182,1.5867261408548,3.781162399180471,370.0233612060547,383.62843428521734,356.41828812689204,5.665259576106491,12.305897440090947,0.0,0.0,0.0,0.0,0.0
2024-01-18 05:00:00,387.199951171875,387.317914215752,383.51345604684644,385.0863666336801,23392100,375.1033477783203,371.06639099121094,367.50209045410156,329.5410284423828,377.85130250179805,373.2489137934844,363.83992078754557,72.61483058420825,5.306110156574846,3.514327258710984,1.791782897863862,4.741522782027974,371.06639099121094,386.5509890163551,355.58179296606676,5.824657184012746,12.669040010197941,0.0,0.0,0.0,0.0,0.0
2024-01-19 05:00:00,391.91864013671875,391.91864013671875,386.83617954565267,389.05791663198113,29331100,378.1242980957031,372.31537475585935,368.3448156738281,330.0976954650879,380.4090002536018,375.02698296903054,364.9410470365327,75.80235003232401,6.133672928070382,4.038196392582864,2.095476535487518,7.495881556227246,372.31537475585935,390.2362659751094,354.3944835366093,6.0198647461937105,13.086814742364048,0.0,0.0,0.0,0.0,0.0
2024-01-22 05:00:00,389.7952880859375,393.8356726529961,386.9247237943795,393.2458273875224,27016900,380.95159606933595,373.587956237793,369.06658752441405,330.64399017333983,382.11559804129917,376.43348821825975,365.9157231561172,71.75496337055432,6.542764703076443,4.53911005468158,2.003654648394863,6.991373049638261,373.587956237793,392.7004319731923,354.4754805023937,6.255098734839407,12.924496317474363,0.0,0.0,0.0,0.0,0.0
2024-01-23 05:00:00,392.1447448730469,392.61662702057765,387.25890909833606,389.0480951568549,20525900,383.3315948486328,374.8344787597656,369.78295837402345,331.21590377807615,383.93907928343503,377.9297983758585,366.94431224305566,73.44453305173398,6.976137835137479,5.02651561077276,1.9496222243647185,8.414387362650121,374.8344787597656,395.3938481602966,354.2751093592346,5.986864159705967,12.856177300665712,0.0,0.0,0.0,0.0,0.0
2024-01-24 05:00:00,395.7427978515625,398.7608157750505,393.66854429552797,394.7400819620146,24867000,385.9632568359375,376.2097854614258,370.62054138183595,331.7703474426269,386.0852099321855,379.62627451640174,368.07366461985987,75.82911020723877,7.523199212273369,5.525852331072882,1.9973468812004862,9.465664693881148,376.2097854614258,398.5165637938725,353.9030071289791,6.125900613231478,13.019922565728676,0.0,0.0,0.0,0.0,0.0
2024-01-25 05:00:00,398.013671875,400.11744616888006,395.71330250742477,397.4729979213706,21021200,388.1358306884766,377.6947021484375,371.3273400878906,332.3469396972656,388.2540211945154,381.37745521722064,369.247782551434,77.21948277087711,8.047226433126696,6.030127151483645,2.01709928164305,8.054659181282119,377.6947021484375,401.67957159287414,353.70983270400086,6.024084342736115,12.974685369293152,0.0,0.0,0.0,0.0,0.0
2024-01-26 05:00:00,397.089599609375,399.291686504724,395.6150015101639,397.52215078520555,17803300,390.03314514160155,379.162419128418,372.07432678222654,332.95095306396485,389.86048999721714,382.8738499212353,370.33961851449055,75.32080578925667,8.292367619920583,6.4825752451710335,1.8097923747495495,7.488213689195611,379.162419128418,404.1526867831291,354.17215147370683,5.896287461110104,13.01923623202307,0.0,0.0,0.0,0.0,0.0
2024-01-29 05:00:00,402.78155517578125,403.03716177894273,397.48281829193445,399.1835322269837,24510200,392.1221618652344,380.85525665283205,372.8647113037109,333.580202331543,392.2097745751379,384.76982185023974,371.61185132473724,78.78160892264518,8.843989020912034,6.954858000319234,1.8891310205927994,7.040784324475435,380.85525665283205,407.460281419272,354.2502318863921,5.7979832119770025,13.532409769135729,0.0,0.0,0.0,0.0,0.0
2024-01-30 05:00:00,401.670654296875,406.05511721074,399.5669101187714,405.2785172108199,33477600,393.9231353759766,382.45519561767577,373.62992797851564,334.17288177490235,393.9299345245446,386.37942494039544,372.7906279118799,76.52605235776588,9.086765957036334,7.381239591662655,1.7055263653736796,6.229350482481211,382.45519561767577,410.05838589275635,354.8520053425952,5.92437641766404,13.75010317759123,0.0,0.0,0.0,0.0,0.0
2024-01-31 05:00:00,390.8471374511719,408.28673844568766,390.48340804499526,400.06829591373173,47871100,394.72040405273435,383.76808013916013,374.0508758544922,334.72951538085937,393.36942596574954,386.80492136999317,373.4987263251855,58.84787670134847,8.310008469647016,7.566993367259528,0.7430151023874885,2.3451038160458904,383.76808013916013,410.2691742098043,357.26698606851596,6.607609236617654,16.547809842239303,0.0,0.0,0.0,0.0,0.0
2024-02-01 05:00:00,396.942138671875,401.0906757831929,394.9956584155895,395.02514917701313,30657700,395.6946228027344,385.3989852905273,374.7179840087891,335.30363174438475,394.019010094136,387.77037063683906,374.41807582897724,63.90460905073209,8.092947761011771,7.6721842460099765,0.420763515001795,3.461707674182879,385.3989852905273,410.8558667203596,359.94210386069506,6.616036134166909,16.99826118103939,0.0,0.0,0.0,0.0,0.0
2024-02-02 05:00:00,404.2561340332031,405.66191028214797,396.7258498594463,396.9716161967069,28256700,396.9283721923828,387.52633514404295,375.38214294433595,335.9164184570312,395.8803053557845,389.34044334125474,375.5881957585547,68.85098973879778,8.414111248756683,7.820569646559318,0.593541602197365,5.5845155798288415,387.52633514404295,411.7277777046208,363.3248925834651,6.969942722979348,17.124240858374815,0.0,0.0,0.0,0.0,0.0
2024-02-05 05:00:00,398.780517578125,404.19721813095964,397.1486252336955,402.9585459898289,25352300,397.82689514160154,389.3892456054688,376.02270874023435,336.50143600463866,396.4076166689373,390.2394980304805,376.4976985750085,62.00089228169104,8.133046443607498,7.883065005968954,0.2499814376385432,2.990849139107832,389.3892456054688,410.729398811399,368.04909239953855,7.027518154812506,18.32685306987533,0.0,0.0,0.0,0.0,0.0
2024-02-06 05:00:00,398.6231384277344,401.0611511691438,396.0868431570583,399.0065482946539,18382600,398.4747344970703,390.9031646728516,376.56614685058594,337.0970962524414,396.8104388069004,391.0379399730761,377.36536288295855,61.810544424857,7.807600223090731,7.86797204939331,-0.0603718263025792,1.7106862507679566,390.9031646728516,410.1506685167863,371.65566082891684,6.999428977903294,17.653577072102465,0.0,0.0,0.0,0.0,0.0
2024-02-07 05:00:00,407.0382080078125,407.28397435246177,400.5008292402968,400.54016025565755,22340500,399.6042755126953,392.7837661743164,377.286142578125,337.7365414428711,398.6700332070662,392.5617750240034,378.52900386824695,67.54763382639084,8.134933091203777,7.921364257755403,0.21356883344837385,4.423583467759484,392.7837661743164,410.4833697729821,375.0841625756507,7.300669863086804,18.656303379992814,0.0,0.0,0.0,0.0,0.0
2024-02-08 05:00:00,407.0971984863281,408.52265531696276,405.5439683543155,407.0382169623767,21225300,400.51262817382815,394.32422943115233,377.9841192626953,338.3957699584961,400.2022450760229,393.94610106803435,379.64932522581876,67.58439684368082,8.303390469450846,7.997769500094492,0.3056209693563545,3.812993495073358,394.32422943115233,411.32801940446603,377.32043945783863,7.150400318199745,18.003572687081714,0.0,0.0,0.0,0.0,0.0
2024-02-09 05:00:00,413.42816162109375,413.69360849220726,408.060632682177,408.21792675374667,22032800,402.146484375,396.0898147583008,378.7283001708984,339.11766860961916,402.6069571751267,395.80153540642095,380.97398547661385,71.3372012062555,8.845781309660481,8.167371862007691,0.6784094476527898,4.468903506404365,396.0898147583008,413.33897701780046,378.84065249880115,7.127933257289925,18.46508638051975,0.0,0.0,0.0,0.0,0.0
2024-02-12 05:00:00,408.2277526855469,413.61493194410616,407.7263797250581,413.43798737008973,21202900,402.69110412597655,397.4066329956055,379.4441680908203,339.7161228942871,403.6289199952031,396.98498467109965,382.0427606612779,64.71006289782021,8.755077337078376,8.28491295702183,0.4701643800565467,2.5662638075796274,397.4066329956055,414.1041815153428,380.70908447586817,7.165849992776101,19.300579274110678,0.0,0.0,0.0,0.0,0.0
2024-02-13 05:00:00,399.43914794921875,403.12564326770877,396.55877347389134,398.0825128718903,27824900,402.46795349121095,398.19554443359374,379.9830841064453,340.2244284057617,402.86714325956956,397.218714507111,382.72497192747164,55.35154941471278,7.883154731877369,8.204561311992936,-0.32140658011556766,0.591692238264363,398.19554443359374,413.5994225854641,382.7916662817234,7.526772014894094,21.21947165212634,0.0,0.0,0.0,0.0,0.0
2024-02-14 05:00:00,403.2998352050781,403.64455035620506,398.4542264131706,401.9013178119368,20401200,403.7132232666016,399.216813659668,380.6857244873047,340.7401683044434,402.94581452238924,397.7978688592983,383.5318293109072,58.21065371402581,7.418163016225662,8.047281652839482,-0.6291186366138195,0.12867521430337536,399.216813659668,412.9628982620097,385.4707290573263,7.582927749292606,21.322653717824217,0.0,0.0,0.0,0.0,0.0
2024-02-15 05:00:00,400.4141845703125,402.94534207042653,398.17851011795324,401.9703171422234,21825500,404.0604278564453,399.87752532958984,381.43623291015626,341.2497836303711,402.4855181674661,398.0470417841568,384.1938824583349,55.357258105147366,6.7391214445945025,7.785649611190486,-1.0465281665959836,-0.3128109343118357,399.87752532958984,412.4081901486119,387.3468605105678,7.686116327332948,21.34050000836791,0.0,0.0,0.0,0.0,0.0
2024-02-16 05:00:00,397.951904296875,402.11797106264504,397.34128152047964,401.7929427744023,22296500,403.4300048828125,400.17918853759767,382.0710418701172,341.74781982421877,401.6612247364495,398.0379810710824,384.73341272651294,52.971217205442805,5.933888494072562,7.415297387766901,-1.481408893694339,1.8177865883924227,400.17918853759767,412.1825000355815,388.17587703961385,7.602482568232781,21.144539568912073,0.0,0.0,0.0,0.0,0.0
2024-02-20 05:00:00,396.701171875,398.3754555316585,391.99343067715284,397.1443513475326,24307900,403.2220703125,400.5244827270508,382.7539764404297,342.24453567504884,400.7593969434587,397.91066590955074,385.2027366146889,51.75100955201697,5.135611789849406,6.959360268183403,-1.8237484783339966,-0.06070577381409592,400.5244827270508,411.6341201992606,389.41484525484094,7.594898122699711,21.07040914527318,0.0,0.0,0.0,0.0,0.0
2024-02-21 05:00:00,396.1003723144531,396.20872511051635,391.2153593903598,394.12077725006736,18518900,402.96979370117185,400.7222640991211,383.3826208496094,342.7333142089844,399.91230155636674,397.73825699573194,385.63009487742477,51.14158789702103,4.403728802624073,6.448233975071537,-2.0445051724474643,-2.017473832092831,400.7222640991211,411.3334261431986,390.1111020550436,6.715075414410267,20.99990355461241,0.0,0.0,0.0,0.0,0.0
2024-02-22 05:00:00,405.4272155761719,406.5893706886108,402.393788153555,403.98929433440406,27009900,402.80869445800784,401.20648498535155,384.1333135986328,343.2431335449219,400.9150131963313,398.47053876529765,386.4064525518854,59.17832299304999,4.524152946871027,6.063417769431435,-1.5392648225604084,1.666755948463483,401.20648498535155,411.7445033410061,390.668466629697,6.732608274562884,22.35545546205391,0.0,0.0,0.0,0.0,0.0
2024-02-23 05:00:00,404.13702392578125,409.5735691126935,402.7877385663373,409.38646893086735,16295900,402.51267700195314,401.5126525878906,384.915810546875,343.75627044677736,401.5008333289585,399.01020401867703,387.10176907635196,57.76287684159463,4.464023777838179,5.743538971112785,-1.279515193274606,1.3832326742985845,401.5126525878906,412.01584435852965,391.0094608172516,6.579020426252498,22.345017910596475,0.0,0.0,0.0,0.0,0.0
2024-02-26 05:00:00,401.37933349609375,405.92948936303003,401.20203166596815,405.24005905629645,16193500,401.30779418945315,401.7271392822266,385.58259643554686,344.26367782592774,401.4787424502558,399.23583539747864,387.66167356340065,54.74862271143315,4.146055263232427,5.424042229536713,-1.2779869663042867,-1.3902563445862381,401.7271392822266,412.02318055519765,391.4310980092555,6.409016776077801,22.48667359519924,0.0,0.0,0.0,0.0,0.0
2024-02-27 05:00:00,401.32025146484375,402.1475498168189,397.74512033420825,401.8225215015325,14835800,400.61704406738284,401.65407409667966,386.24839782714844,344.7448539733887,401.4499259074536,399.43435121341815,388.1973040693396,54.68278476707778,3.8449730425927555,5.108228392147922,-1.2632553495551662,-1.4190584074182389,401.65407409667966,411.9393441710961,391.36880402226325,6.368168309686744,21.896150808189475,0.0,0.0,0.0,0.0,0.0
2024-02-28 05:00:00,401.5566711425781,403.112773728935,399.1929569344221,402.00970910221264,13183100,400.82879638671875,401.6483749389648,387.0848687744141,345.23795791625975,401.4693341320217,399.6364769209572,388.72120081730975,54.91641786432757,3.584124746667669,4.803407663051871,-1.219282916384202,-2.8714760097537373,401.6483749389648,411.93373264803705,391.3630172298926,6.029524086099992,21.874308127548204,0.0,0.0,0.0,0.0,0.0
2024-02-29 05:00:00,407.38714599609375,407.93867824413843,399.7838456551883,402.4627294555139,31947300,401.23752746582034,402.4753753662109,387.9435754394531,345.76578247070313,402.5452999254893,400.374635880494,389.45319866745814,60.34596410759907,3.804020802315449,4.603530290904587,-0.7995094885891376,-0.205916105390469,402.4753753662109,411.71013735912163,393.2406133733002,6.399248773693054,19.947550773912713,0.0,0.0,0.0,0.0,0.0
2024-03-01 05:00:00,409.218994140625,409.583396137478,404.6688382927548,405.0529271345384,17823400,402.1180084228516,403.08921813964844,388.8011682128906,346.30037292480466,403.7586988736958,401.2169557147922,390.2283279017,61.898554170973085,4.079083708699272,4.498640974463524,-0.4195572657642517,2.4483945155645115,403.08921813964844,412.40708512970895,393.77135114958793,6.279116476467631,19.33502191996766,0.0,0.0,0.0,0.0,0.0
2024-03-04 05:00:00,408.64776611328125,411.0410251668183,406.0870636846248,407.19012810158426,17596000,403.1875946044922,403.30879974365234,389.6353442382813,346.820970916748,404.64762018998397,401.9246519432197,390.95065881195814,61.095247163404,4.202535502588546,4.439419880088528,-0.23688437749998226,1.326043415188538,403.30879974365234,412.9440312151285,393.67356827217617,6.212359995263735,18.29888661752574,0.0,0.0,0.0,0.0,0.0
2024-03-05 05:00:00,396.56329345703125,407.9879468638669,394.5836982689815,407.7023222632256,26919200,403.17380676269534,403.1979385375977,390.27973693847656,347.2667553710937,403.17774260217436,401.41404637310654,391.1707621313727,47.153483622620165,3.287361334309992,4.2090081709328215,-0.9216468366228296,-0.9617269471643874,403.1979385375977,413.09987580386763,393.2960012713277,6.383437754738322,20.67276217634808,0.0,0.0,0.0,0.0,0.0
2024-03-06 05:00:00,396.0117492675781,399.03534841652714,392.3676988449284,396.87845143918287,22344100,403.1649444580078,403.06736907958987,390.8556860351562,347.6876564025879,401.8748347231568,400.89954188686573,391.36060476416515,46.63046479303987,2.4888839014936934,3.864983317044996,-1.3760994155513027,-0.48753505344442116,403.06736907958987,413.2870741966817,392.847663962498,6.488961013921487,20.677042424615824,0.0,0.0,0.0,0.0,0.0
2024-03-07 05:00:00,402.9551696777344,403.5854793634372,396.159450830879,399.98080286179095,18718500,402.91773986816406,402.86321716308595,391.55005615234376,348.14415588378904,402.07125926035275,401.09531596218653,391.8152935843051,53.60691676761148,2.3888239067754284,3.569751434991083,-1.1809275282156544,1.57650096498958,402.86321716308595,412.9106073667068,392.8158269594651,6.664132800259641,20.220948407785762,0.0,0.0,0.0,0.0,0.0
2024-03-08 05:00:00,400.079345703125,404.2158681064649,398.217901604745,401.7930332428982,18002200,402.51197204589846,402.51232452392577,392.1853363037109,348.572374420166,401.70909315903856,400.9985568898949,392.13937405955295,50.653503644161546,2.053795800041314,3.266560308001129,-1.212764507959815,1.0045366444425108,402.51232452392577,412.42641408977846,392.5982349580731,6.751366868799246,20.358380256949705,0.0,0.0,0.0,0.0,0.0
2024-03-11 04:00:00,398.405029296875,399.5474976681266,395.1943297935152,397.65653833769795,16120800,402.21454162597655,401.7611679077148,392.7987316894531,349.0211996459961,401.10835427500876,400.7515542619883,392.385086029644,48.96219011377878,1.6343406093659496,2.9401163682740936,-1.305775758908144,-1.7320461008808463,401.7611679077148,410.38553016853086,393.1368056468988,6.6444376584495455,19.44187720941696,0.0,0.0,0.0,0.0,0.0
2024-03-12 04:00:00,409.0023498535156,409.28797443620516,400.64069996356216,401.4581399062547,22457000,402.9827514648438,401.7998977661133,393.60028259277345,349.52991363525393,402.54362619837366,401.53734431832424,393.0367434345017,58.42446749960889,2.132452961823958,2.7785836869840668,-0.6461307251601087,1.2038802781474178,401.7998977661133,410.5525360230789,393.0472595091477,7.029947133784544,21.427461247360952,0.0,0.0,0.0,0.0,0.0
2024-03-13 04:00:00,408.8250732421875,411.85850065118984,405.2302551257752,411.7797232101297,17115900,403.7095916748047,402.2691940307617,394.3833465576172,349.97865829467776,403.68570747906705,402.23141373964455,393.6558936230384,58.22998060396963,2.4842687451899224,2.7197206986252382,-0.23545195343531589,1.8550381458955156,402.2691940307617,411.4832152029077,393.0551728586157,6.7541790731600395,19.842448372001687,0.0,0.0,0.0,0.0,0.0
2024-03-14 04:00:00,418.7920837402344,421.3527863664109,411.6713665638625,413.8873540190868,34157300,404.85008544921874,403.0438064575195,395.4673992919922,350.4431196594238,406.43232134473385,403.80862040636737,394.6416265688108,65.23670013498315,3.5266862933101493,2.8811138175622206,0.6455724757479286,4.3535884898948884,403.0438064575195,414.8600268804987,391.2275860345403,7.164313543007694,21.30502541115116,0.0,0.0,0.0,0.0,0.0
2024-03-15 04:00:00,410.1251220703125,416.2116937258995,406.54999083820695,412.95173236718284,45079900,404.9406982421875,403.5293533325195,396.3834210205078,350.87247024536134,407.10373965847543,404.41019199340974,395.2488224708305,56.38017922403174,3.611823483629223,3.0272557507756215,0.5845677328536016,2.1338086361145425,403.5293533325195,415.68383756746164,391.3748690975774,7.701073200505233,22.578414844133043,0.0,0.0,0.0,0.0,0.0
2024-03-18 04:00:00,411.01153564453125,414.3699915467621,407.52504009505543,407.98793648172665,20106000,405.1770751953125,404.18233489990234,397.3694689941406,351.32005661010743,407.81424801957644,405.0388913887547,395.8669680854854,57.022812724772024,3.7080770832912435,3.163420017278746,0.5446570660124976,0.8896671591283489,404.18233489990234,416.4775798446259,391.8870899551788,7.875539055440661,22.40706659814871,0.0,0.0,0.0,0.0,0.0
2024-03-19 04:00:00,415.0397033691406,415.2957826626085,409.26827120822617,411.5138040831413,19837900,407.02471618652345,405.09926147460936,398.43981689453125,351.76727340698244,409.1279671740426,405.99134967260096,396.6188400573934,59.9130799957868,4.06256747606318,3.343249509035633,0.7193179670275467,1.4223946864292847,405.09926147460936,417.77473752458906,392.42378542462967,8.026088674002763,22.506060638371427,0.0,0.0,0.0,0.0,0.0
2024-03-20 04:00:00,418.80194091796875,419.5208864985866,414.3010169757645,415.62075700500156,17860100,409.3037353515625,406.23433990478514,399.44896057128904,352.21949768066406,410.8868714911201,407.2114059816836,397.4887655813376,62.452882622736055,4.594126562887141,3.5934249198059343,1.0007016430812063,2.484823274886727,406.23433990478514,419.56563983075944,392.90303997881085,7.816448454993617,22.57784057497106,0.0,0.0,0.0,0.0,0.0
2024-03-21 04:00:00,422.87933349609375,424.3074262893576,420.7027498405441,423.3323713938263,21296200,411.29615173339846,407.10694580078126,400.5180236816406,352.6894657897949,413.06731912838796,408.70358955448455,398.4844741270143,65.03818999639714,5.283497602239095,3.9314394562925665,1.3520581459465282,6.6360251877204846,407.10694580078126,422.3617116833759,391.8521799181866,7.8586575640411604,21.403346505112946,0.0,0.0,0.0,0.0,0.0
2024-03-22 04:00:00,422.2589111328125,423.3619757627276,419.6292892126145,423.20442086381706,17648500,413.5141082763672,408.01304016113284,401.4374432373047,353.1673945617676,414.73851767464697,409.9945725619444,399.4168049899868,64.31255049437587,5.71389993625894,4.287931552285841,1.4259683839730988,6.627874529929567,408.01304016113284,424.61807375315544,391.4080065691102,7.771423640321132,21.35478829413939,0.0,0.0,0.0,0.0,0.0
2024-03-25 04:00:00,416.4677734375,420.94901086959675,415.23666920718586,418.81180070101897,18060500,415.3203826904297,408.7674621582031,402.2044696044922,353.66678604125974,415.05292781334754,410.61106788342585,400.08547041930103,57.82703466507936,5.524022975124069,4.5351498368534875,0.9888731382705815,3.3533764489415585,408.7674621582031,425.474204052776,392.06072026363023,7.268436074701624,21.87816525822645,0.0,0.0,0.0,0.0,0.0
2024-03-26 04:00:00,415.2760314941406,419.55042134825453,414.98057853086766,419.17616089060704,16725600,415.9477508544922,409.46525115966796,402.8721624755859,354.15101608276365,415.0934921189463,411.05535013206537,400.68117869674575,56.56292808849323,5.217239412085178,4.6715677518998255,0.5456716601853522,3.7984179773909554,409.46525115966796,426.02747612686704,392.9030261924689,7.11859273511506,21.933608611506493,0.0,0.0,0.0,0.0,0.0
2024-03-27 04:00:00,415.0593566894531,418.0337234540762,412.67595596490696,418.02386500319915,16705000,416.57117919921876,410.14038543701173,403.50013122558596,354.6266737365723,415.0872856772202,411.43668408991186,401.24502881410683,56.32185949964925,4.9001416000758695,4.717282521535035,0.18285907854083483,4.180250290005261,410.14038543701173,426.4440299007332,393.83674097329026,6.960309691780075,21.945293414049562,0.0,0.0,0.0,0.0,0.0
2024-03-28 04:00:00,414.3600769042969,415.49268661622915,412.7842577129666,414.5964392633085,21871200,416.127978515625,410.48903198242186,404.12984375,355.0740663146973,414.95506590032505,411.71510245318666,401.7593444254868,55.4997549509336,4.540078071052392,4.681841631438506,-0.14176356038611448,1.3099501879879405,410.48903198242186,426.84292280345534,394.1351411613884,6.7253427204616925,21.442340219639455,0.0,0.0,0.0,0.0,0.0
2024-04-01 04:00:00,418.15191650390625,421.42173632509054,415.8374347010724,417.5412936572551,16316000,416.9306579589844,410.93567810058596,404.74888305664064,355.5284736633301,415.5363114646125,412.328132362779,402.4021903893464,58.9949475001949,4.508721165136194,4.647217538178044,-0.1384963730418498,2.281377506460691,410.93567810058596,427.6279595608578,394.24339664031413,6.880817256974824,21.607874383663894,0.0,0.0,0.0,0.0,0.0
2024-04-02 04:00:00,415.0692443847656,415.9950371448598,411.52365828826186,413.7593326884334,17912000,417.3364288330078,411.25675201416016,405.2118951416016,355.95253814697264,415.45139017736756,412.5891906505872,402.8989376048531,55.19914903296634,4.186861184727491,4.555146267487933,-0.36828508276044225,-0.8889469261739724,411.25675201416016,428.0106567999388,394.50284722838154,6.5769110481401265,21.80516981720322,0.0,0.0,0.0,0.0,0.0
2024-04-03 04:00:00,414.0942077636719,416.8617275140834,412.75475080677563,413.3850905644336,16502300,417.24187927246095,412.1332977294922,405.69787353515625,356.31905715942383,415.20462973851374,412.7325256137382,403.3379678071597,54.015334483610175,3.809197467514025,4.405956507493151,-0.5967590399791263,0.9677743400168692,412.1332977294922,427.4205822937167,396.8460131652677,6.396820418275349,18.682023991759543,0.0,0.0,0.0,0.0,0.0
2024-04-04 04:00:00,411.56304931640625,422.1899488258563,411.2577378896696,418.5655553413228,19370900,416.5179901123047,412.9108627319336,406.08623962402345,356.701164855957,414.54252420722145,412.62114691875416,403.6605200232086,50.959966571810945,3.2679816594593376,4.1783615378863885,-0.9103798784270509,0.13418447514135234,412.9108627319336,426.1964607212352,399.625264742632,6.282855976272726,18.87758030281646,0.0,0.0,0.0,0.0,0.0
2024-04-05 04:00:00,419.08758544921875,420.062640481163,411.99644280159436,413.660898199363,16554800,416.13881530761716,413.7174835205078,406.5531353759766,357.1418458557129,415.3688989784937,413.2369982073698,404.26550298109134,58.47896065006584,3.406958120615684,4.024080854432247,-0.6171227338165632,0.9752999646103433,413.7174835205078,426.4034237577522,401.03154328326343,6.015534423610534,18.961090997789253,0.0,0.0,0.0,0.0,0.0
2024-04-08 04:00:00,418.1716003417969,420.8209388461148,416.9010924581036,418.7428494922185,14272400,415.73008422851564,414.6220962524414,406.9562939453125,357.5999252319336,415.8784810445488,413.70696031541047,404.8108401324916,57.32667773386644,3.4039470417772577,3.9000540919012496,-0.4961070501239919,-0.15051042380325175,414.6220962524414,425.69036287111953,403.55382963376326,5.806598347632287,18.723505143807927,0.0,0.0,0.0,0.0,0.0
2024-04-09 04:00:00,419.8360595703125,421.27398079875763,415.24649970194963,419.9936445079337,12496900,416.06691284179686,415.69364776611326,407.4112231445313,358.0362225341797,416.59804077650574,414.29068405397254,405.40006442417086,58.911038483760024,3.4955738895002355,3.8191580514210473,-0.32358416192081174,-0.7196553921473114,415.69364776611326,423.9415655018679,407.4457300303586,5.806596179234122,18.573322850299725,0.0,0.0,0.0,0.0,0.0
2024-04-10 04:00:00,416.86175537109375,417.62010476496505,413.35557288951713,415.80792292497927,16216600,416.22548522949216,416.0866180419922,407.6928271484375,358.4806062316895,416.6459888846126,414.53554798893646,405.8495425005208,54.98260133794938,3.2902592740805403,3.713378295952946,-0.4231190218724059,-1.2781626673643354,416.0866180419922,423.7180791423821,408.4551569416023,5.8966402619465,16.561312260475237,0.0,0.0,0.0,0.0,0.0
2024-04-11 04:00:00,421.4610900878906,422.8793243997448,415.9752830660833,419.3830008173104,17966400,416.86565856933595,416.71841888427736,408.0886358642578,358.97941223144534,417.5214618306631,415.1951234269321,406.46176005296667,59.48210230553222,3.4588029086491474,3.662463218492187,-0.2036603098430394,1.1989683161258924,416.71841888427736,423.8974477558327,409.53939001272204,5.996537116394547,16.925507019448744,0.0,0.0,0.0,0.0,0.0
2024-04-12 04:00:00,415.52227783203125,418.75269400595073,413.4244714952131,417.6397710155257,19253800,416.98187866210935,416.5549285888672,408.582138671875,359.4193013000488,417.1579738309118,415.2262809893225,406.8170744756751,52.223702655877645,3.077684802403269,3.545507535274403,-0.4678227328711344,0.05929702636693346,416.5549285888672,423.68387255372124,409.42598462401315,6.303960833720579,15.500147652566701,0.0,0.0,0.0,0.0,0.0
2024-04-15 04:00:00,407.38714599609375,420.36790078356154,407.18029886088704,420.15122525352587,20273500,415.9054016113281,416.41802978515625,408.79103881835937,359.81224899291993,415.3814596791267,414.4796967042531,406.8394302215739,44.256881644474994,2.095058278661213,3.2554176839517655,-1.1603594052905524,-1.848461086277764,416.41802978515625,424.14678334313425,408.68927622717825,6.744343690652569,15.309546940886332,0.0,0.0,0.0,0.0,0.0
2024-04-16 04:00:00,408.3129577636719,412.0752196666805,407.47583089609077,408.30312936766086,16765600,415.2297729492187,416.2831008911133,408.87217529296873,360.2137419128418,414.09627751268033,413.8923882337216,406.89721561538164,45.27995466762916,1.3751728152665805,2.8793687102147287,-1.5041958949481482,-1.459387493554709,416.2831008911133,424.48878117480996,408.0774206074166,6.752788751595416,15.31196054773668,0.0,0.0,0.0,0.0,0.0
2024-04-17 04:00:00,405.61431884765625,412.5479054250206,404.1271355046504,410.9425408996239,15855500,414.3817840576172,415.81183166503905,409.00885131835935,360.57486770629885,412.55410320994866,413.10400067314396,406.8469059382159,42.813340329022154,0.5802124638618125,2.4195374609441456,-1.839324997082333,-2.9983355716923676,415.81183166503905,425.30052439942364,406.32313893065447,6.971574639538338,14.982773713736638,0.0,0.0,0.0,0.0,0.0
2024-04-18 04:00:00,398.1587829589844,405.6636193685748,397.843643128254,404.42265672373026,21029900,413.041357421875,414.77967376708983,408.9995642089844,360.911198425293,409.9367722552279,411.68064660512874,406.50619523314805,36.842172597465066,-0.6439754317921711,1.8068348823968823,-2.450810314189053,-4.074130197443726,414.77967376708983,426.9974348104391,402.5619127237406,7.336685163613931,15.663693143332258,0.0,0.0,0.0,0.0,0.0
2024-04-19 04:00:00,393.0866394042969,399.35051316442866,391.7570408652649,397.9224202787546,30565800,410.44126281738284,413.2900390625,408.72053283691406,361.221385345459,406.8731117368768,409.9097887764781,405.9799381418205,33.42655578528027,-2.0003736913617445,1.045393167645157,-3.0457668590069016,-5.073137456528798,413.2900390625,428.2963747378851,398.2837033871149,7.374671797783224,15.368188623411466,0.0,0.0,0.0,0.0,0.0
2024-04-22 04:00:00,394.8988037109375,396.7602475945419,389.76757007965125,394.0321015888098,20286900,408.1139831542969,411.9220336914062,408.47656494140625,361.52536041259765,404.69596482306963,408.48017115118853,405.5453838504134,35.71950196700277,-2.8957224834707063,0.2571700374219845,-3.152892520892691,-4.04901402911354,411.9220336914062,428.4018211328509,395.44224624996156,7.400701747729386,15.629319288025764,0.0,0.0,0.0,0.0,0.0
2024-04-23 04:00:00,401.4089050292969,402.0293863346637,396.9670716039761,398.1292267170022,15734500,406.2712677001953,411.1690902709961,408.23617980957033,361.8817111206055,404.0983175878382,407.8067172348179,405.38316899468333,43.277750066713395,-3.044882571738583,-0.40324048441012894,-2.641642087328454,-4.218373684577692,411.1690902709961,428.143031726789,394.1951488152032,7.616673598902131,16.60553965684264,0.0,0.0,0.0,0.0,0.0
2024-04-24 04:00:00,402.8763427734375,406.2347982871372,400.6308101493401,403.36878440202247,15065300,404.8727264404297,410.5491058349609,408.1291516113281,362.27178283691404,403.8761403488562,407.3371577623054,405.28486208404627,44.85184006051498,-3.0099858114843983,-0.9245895498249829,-2.0853962616594153,-3.6576509633503673,410.5491058349609,427.79506555351605,393.3031461164058,7.23608625616002,16.710456397768077,0.0,0.0,0.0,0.0,0.0
2024-04-25 04:00:00,393.0079040527344,393.84506100447175,382.1643275467929,388.0736283031629,40586500,402.02740783691405,409.446533203125,408.00052673339843,362.6093794250488,401.90009738592494,405.97246693282244,404.80341274948506,37.34608141324191,-3.7355690931478307,-1.4867854584895523,-2.2487836346582784,-6.390150370846137,409.446533203125,428.2294925598986,390.6635738463514,8.108402260580581,18.5923380796535,0.0,0.0,0.0,0.0,0.0
2024-04-26 04:00:00,400.17779541015625,406.7568087350332,399.6262631587446,405.9393688090581,29694700,400.4929595947266,408.73741912841797,407.9380859375,362.9596722412109,401.5869515721488,405.4205934544733,404.62201599108005,44.600003365724234,-3.6895182899484666,-1.9273320247813353,-1.7621862651671314,-4.002276473188404,408.73741912841797,427.80796767347204,389.6668705833639,8.810477853029697,20.02181097431766,0.0,0.0,0.0,0.0,0.0
2024-04-29 04:00:00,396.1692810058594,400.1777629830485,393.1555407133354,399.12393070882416,19582100,399.3711730957031,407.63828735351564,407.85318786621093,363.26319564819335,400.6019205600961,404.53951607841486,404.29053618773804,41.69363938349738,-3.93116033918119,-2.328097687661306,-1.6030626515198838,-6.000983169468133,407.63828735351564,426.9565153176712,388.3200593893601,8.88153311017347,19.80343953564842,0.0,0.0,0.0,0.0,0.0
2024-04-30 04:00:00,383.44464111328125,396.0807119739039,383.2870862186978,395.4208268707794,28781400,396.88434143066405,406.0570571899414,407.56304260253904,363.49046676635743,397.48241520612976,402.5304803674498,403.4730501063868,34.09762216047622,-5.090752473581347,-2.8806286448453147,-2.210123828736032,-7.719835597290626,406.0570571899414,427.83478021068953,384.2793341691933,9.338797974913913,22.372297647536488,0.0,0.0,0.0,0.0,0.0
2024-05-01 04:00:00,388.9698486328125,395.64735681788176,384.4098337259813,386.6750535015372,23562500,395.2198944091797,404.80083923339845,407.4084161376953,363.74296508789064,395.934675829163,401.2389916308177,402.9042971074231,39.27128369007146,-5.500493261384349,-3.404601568153122,-2.0958916932312275,-4.520834185440359,404.80083923339845,427.5053207325636,382.0963577342333,9.71727471569527,23.294256317735613,0.0,0.0,0.0,0.0,0.0
2024-05-02 04:00:00,391.82598876953125,393.88439136644655,388.6842084752251,391.6487169798458,17709400,394.58661499023435,403.81398620605466,407.3229284667969,363.9423890686035,395.1876418183208,400.34251516783803,402.469853643192,41.81418581895221,-5.530991323413332,-3.8298795192051642,-1.7011118042081677,-4.037826544726785,403.81398620605466,426.9917237646626,380.63624864744673,9.514672165591264,23.545769478374172,0.0,0.0,0.0,0.0,0.0
2024-05-03 04:00:00,400.51263427734375,400.99521746175435,395.7851765465019,396.1988407447482,17446700,395.32921447753904,402.88523864746094,407.2246368408203,364.20683319091796,396.15582226541585,400.35871698779096,402.39309994257053,48.83184925374372,-4.7989027979020875,-4.023684174944549,-0.7752186229575386,-1.2577673748812135,402.88523864746094,424.9478307662924,380.8226465286295,9.227645506273307,24.032873605620527,0.0,0.0,0.0,0.0,0.0
2024-05-06 04:00:00,407.2886962890625,407.67278519206855,400.2270689712312,402.5809547625938,16996600,396.5682037353516,402.3410934448242,407.28767028808596,364.54534561157226,398.17998117880614,401.0187150164835,402.5850841130212,53.53915572212252,-3.630100256490948,-3.944967391253829,0.31486713476288086,2.293033262315003,402.3410934448242,423.32678314333015,381.35540374631825,9.424619974148353,24.968153033974808,0.0,0.0,0.0,0.0,0.0
2024-05-07 04:00:00,403.152099609375,408.40154408083737,402.9058788007464,408.39168563049185,20018200,396.7425231933594,401.5068954467773,407.32312561035155,364.878349609375,399.0840027116368,401.2218945015208,402.607320014839,50.485700010100665,-3.0029880260556183,-3.756571518214187,0.7535834921585689,2.560621297211174,401.5068954467773,420.8245297840593,382.18926110949536,9.215683928414125,25.083160241283625,0.0,0.0,0.0,0.0,0.0
2024-05-08 04:00:00,404.3339538574219,405.9984088555703,400.56183440244655,401.999785502548,11792300,396.88828430175784,400.88050537109376,407.38339965820313,365.2107035827637,400.0385392835977,401.5182811068447,402.6750311459207,51.339588789080665,-2.3831597228668784,-3.4818891591447256,1.0987294362778472,2.3892577181344965,400.88050537109376,418.86842809292347,382.89258264926406,9.045440943614333,25.060885170899276,0.0,0.0,0.0,0.0,0.0
2024-05-09 04:00:00,406.0870666503906,406.48101393700307,402.9157414003457,404.36352097224125,14689700,398.1962005615234,400.11180419921874,407.47400756835935,365.5230889892578,401.1382715321055,401.9534035395634,402.80883645982146,52.64418057723154,-1.730531288475163,-3.1316175850108134,1.4010862965356505,1.165435435656903,400.11180419921874,415.52652895397284,384.69707944446463,8.757712389149589,24.73056948530318,0.0,0.0,0.0,0.0,0.0
2024-05-10 04:00:00,408.470458984375,409.1007986751684,405.5748998993257,406.6976812024574,13402300,399.0254669189453,399.75921325683595,407.495673828125,365.91205490112304,402.4713965234272,402.57407548668834,403.0308608725491,54.43281438109614,-1.0093633968421614,-2.7071667473770833,1.697803350534922,1.3885442298316786,399.75921325683595,413.96494424478755,385.55348226888435,8.510085336360447,24.421474727504698,0.0,0.0,0.0,0.0,0.0
2024-05-13 04:00:00,407.4659118652344,412.02592626132173,404.6097563640546,411.6910695528216,15440200,400.15513000488284,399.76315155029295,407.4606121826172,366.3305079650879,403.37949022193754,403.0399646655975,403.20478444088974,53.515356866646,-0.5129779140771689,-2.2683289807171003,1.7553510666399315,3.678808406499634,399.76315155029295,413.9778274478713,385.5484756527146,8.530484427327659,23.405149858041515,0.0,0.0,0.0,0.0,0.0
2024-05-14 04:00:00,410.26300048828125,411.1789347782618,405.3287253515243,405.79162172220066,15109300,402.8369659423828,399.86065368652345,407.4929168701172,366.7254995727539,404.6310375430909,403.7278728391864,403.48157722706196,55.75171921376488,0.10490356986014149,-1.7936824706016519,1.8985860404617934,2.520181077960193,399.86065368652345,414.34642390749707,385.37488346554983,8.54807166225197,23.517823224334762,0.0,0.0,0.0,0.0,0.0
2024-05-15 04:00:00,417.4360046386719,418.15627711467357,411.7035137509103,412.32511422725236,22239500,405.68358154296874,400.45173797607424,407.91037109375,367.16834899902346,406.95921337865104,405.0334092010421,404.02880967457605,60.941275914290756,1.1600087265959473,-1.2029442311621321,2.3629529577580795,5.3680900192001335,400.45173797607424,416.7743344884858,384.1291414636627,7.632447476519665,24.120455404047007,0.0,0.0,0.0,0.0,0.0
2024-05-16 04:00:00,415.3739013671875,419.7448271840896,414.74245474989345,416.1730933998144,17530100,408.0383728027344,401.3124938964844,408.2976141357422,367.59883178710936,408.489156649294,406.0182179787703,404.473715231149,58.806021298480296,1.8089403265799433,-0.6005673196137171,2.4095076461936604,8.32695435805384,401.3124938964844,418.8931309592392,383.7318568337296,7.007695173083761,23.097759325420586,0.0,0.0,0.0,0.0,0.0
2024-05-17 04:00:00,414.60430908203125,417.2781788386251,412.4533979292135,416.903243294278,15352200,409.4475402832031,402.3883773803711,408.5305969238281,368.0687385559082,409.6010025461553,406.8359409409856,404.8709934213797,57.98939811463917,2.2353558385597125,-0.033382687979031156,2.2687385265387436,6.590346408422443,402.3883773803711,420.4757760828732,384.30097867786895,6.850732759697386,22.477593002633196,0.0,0.0,0.0,0.0,0.0
2024-05-20 04:00:00,419.6659240722656,421.0768405223179,414.3872875119725,414.6043538974014,16272100,410.6852630615234,403.6267333984375,408.9223284912109,368.5680653381348,411.4309882781754,408.0578440963456,405.45118678023795,61.75147514943448,2.947743480060467,0.5628425456288685,2.3849009344315983,7.105178344642571,403.6267333984375,422.90710713663464,384.3463596602404,6.40840120421052,22.720855543585543,0.0,0.0,0.0,0.0,0.0
2024-05-21 04:00:00,423.3165283203125,427.1940941013643,419.1824213563369,421.13598848639515,21453300,412.7017059326172,404.7221145629883,409.42055847167967,369.0801626586914,413.5919955585639,409.5110521176758,406.15178840926046,64.23884651088954,3.763505720623982,1.2029751806278912,2.560530539996091,5.693676576299378,404.7221145629883,425.87072615374433,383.57350297223223,6.109040992812445,22.27823577116257,0.0,0.0,0.0,0.0,0.0
2024-05-22 04:00:00,424.7767639160156,426.6415653807663,421.43200286988593,424.35250743086516,18073700,414.74598693847656,405.8171356201172,409.73604675292967,369.5881558227539,415.62558980537324,410.9649294318034,406.8821796056038,65.21334565251833,4.476232757524656,1.8576266960072443,2.6186060615174114,4.293776818824702,405.8171356201172,428.7555134037715,382.8787578364629,6.109710965645222,22.277249783598734,0.0,0.0,0.0,0.0,0.0
2024-05-23 04:00:00,421.3036804199219,427.8156402845708,419.74477138500487,427.1940398728344,17211700,416.2676483154297,407.23192443847654,409.98561889648437,370.0986572265625,416.6579699171093,411.9495723830528,407.4477286571457,60.95852398975135,4.706570837943332,2.427415524394462,2.27915531354887,4.5024150508293115,407.23192443847654,430.3336568472911,384.130192029662,6.031256694741139,20.29575483088652,0.0,0.0,0.0,0.0,0.0
2024-05-24 04:00:00,424.42156982421875,425.30955759417924,418.7482761527639,421.49118910602255,11855300,417.8627593994141,408.44411315917966,410.09820861816405,370.6434468078613,418.0695335365837,413.1373816631638,408.11336948722703,63.275045372713194,5.082119533338528,2.9583563261832753,2.1237632071552524,4.968075467112576,408.44411315917966,432.51139968594885,384.3768266324105,5.968082781925282,19.60863179624862,0.0,0.0,0.0,0.0,0.0
2024-05-28 04:00:00,424.5794372558594,425.0727671383065,420.9090617260336,423.8986396092449,15718000,419.57411193847656,409.8646209716797,410.387294921875,371.18559951782225,419.25315239463384,414.2271012434206,408.75909763501653,63.39348172684326,5.331030362928914,3.4328911335324026,1.8981392293965111,4.553794524411492,409.8646209716797,434.23320801588744,385.49603392747196,5.872942791366849,19.03092373868997,0.0,0.0,0.0,0.0,0.0
2024-05-29 04:00:00,423.44482421875,425.1912013264544,420.011237075474,420.011237075474,15517100,420.8922943115234,411.8646301269531,410.6359606933594,371.7314778137207,420.01527454447313,415.1049796220234,409.33500848143746,61.84964668452578,5.374783045682761,3.8212695159624746,1.553513529720287,3.6659603907727822,411.8646301269531,433.5178249373604,390.2114353165458,5.854613491213753,13.889281335056875,0.0,0.0,0.0,0.0,0.0
2024-05-30 04:00:00,409.1382751464844,418.6397847177413,408.71398850431876,418.6397847177413,28394500,420.06252136230466,412.87305145263673,410.51793212890624,372.19099136352537,418.03763829029333,414.53672205292446,409.3272934486942,46.47919341001314,4.206547950386835,3.8983252028473467,0.30822274753948786,0.410430230493275,412.87305145263673,431.7355050326492,394.01059787262426,6.652153718197602,19.115899661452794,0.0,0.0,0.0,0.0,0.0
2024-05-31 04:00:00,409.59210205078125,411.1904861655314,399.11377942255837,411.1904861655314,47995300,419.4843414306641,413.76135711669923,410.3337353515625,372.6634451293945,416.50208624674565,414.0658058622442,409.33767809975643,46.9297410219279,3.2795288914477965,3.7745659405674368,-0.4950370491196403,-0.16352886726356264,413.76135711669923,429.9316142761357,397.59109995726277,7.262925715849771,19.038681374308247,0.0,0.0,0.0,0.0,0.0
2024-06-03 04:00:00,408.0035400390625,410.8747236026411,403.4649291544174,409.9867358256656,17484700,418.8242645263672,414.13590240478516,410.03621948242187,373.1317822265625,414.95689602716686,413.4884472124174,409.2853589601214,45.48630570998872,2.3891354638062694,3.4974798452152034,-1.108344381408934,-2.2596193176422363,414.13590240478516,429.33171135628555,398.94009345328476,7.262470326632382,17.62360375309605,0.0,0.0,0.0,0.0,0.0
2024-06-04 04:00:00,410.51953125,410.88459054146256,404.21476096620233,406.9280752908703,14348900,417.9096252441406,414.29744415283204,409.80143188476563,373.6299661254883,414.1501024313184,413.20569331123477,409.33375787345,48.203610095292994,1.8650130120957442,3.1709864785913116,-1.3059734664955673,-1.1686748014763437,414.29744415283204,429.25356868631934,399.34131961934474,7.321014622955436,16.724735751625218,0.0,0.0,0.0,0.0,0.0
2024-06-05 04:00:00,418.3536071777344,418.42265047577604,410.7464388812518,412.23630472822083,16988000,417.4133331298828,415.05751953125,409.83914855957033,374.16928268432616,414.9143760215758,413.69597082232997,409.6874774540102,55.62132806535009,2.0580625839128857,2.9484016996556264,-0.8903391157427407,0.9043075562828573,415.05751953125,429.14884834622126,400.9661907162788,7.321717665768558,17.469643825134852,0.0,0.0,0.0,0.0,0.0
2024-06-06 04:00:00,418.8567810058594,419.6362506295676,414.9693392305099,418.35360501475236,14861300,416.8213348388672,415.7836608886719,409.9107635498047,374.6846257019043,415.6311769278091,414.18747655409464,410.0470579854553,56.05661862494213,2.2259977665383417,2.8039209130321696,-0.5779231464938279,-0.19280647295703002,415.7836608886719,429.0190222440686,402.54829953327516,7.2977561632586685,17.467019293589598,0.0,0.0,0.0,0.0,0.0
2024-06-07 04:00:00,418.1957702636719,420.59334639709124,417.3571033955117,420.51442686018504,13621700,416.5105438232422,416.38909606933595,409.9734918212891,375.1938186645508,416.09746662523867,414.56921881214964,410.3666153296991,55.28939504517177,2.2794732177479773,2.6990313739753313,-0.41955815622735404,-1.2096759077561692,416.38909606933595,428.8414773689153,403.9367147697566,7.1842891698420965,17.480364279769248,0.0,0.0,0.0,0.0,0.0
2024-06-10 04:00:00,422.1621398925781,422.3693300275411,418.2352530096641,419.0344450692757,13982900,416.28460083007815,417.0736801147461,410.12953308105466,375.7005729675293,417.20013449202764,415.29235415314287,410.8291849204002,58.92242663898709,2.6117985904575676,2.6815848172717787,-0.0697862268142111,-0.6155289661640806,417.0736801147461,429.19407324316444,404.9532869863277,7.004575366522366,17.645763588810812,0.0,0.0,0.0,0.0,0.0
2024-06-11 04:00:00,426.9079284667969,427.04607528322305,419.57705383558175,419.8039964152252,14551100,416.5174499511719,418.04578094482423,410.3046533203125,376.26554138183593,418.9651879419857,416.3985993258718,411.459723883004,62.815726181790275,3.2209848104330945,2.789464815904042,0.43151999452905265,1.3302157819483407,418.04578094482423,430.03961528169935,406.0519466079491,6.965814559566212,17.885074752854983,0.0,0.0,0.0,0.0,0.0
2024-06-12 04:00:00,435.1761779785156,437.48495834500466,427.47036718999846,429.51276024474697,22366200,417.6905853271484,419.29143981933595,410.7067919921875,376.85708572387693,421.91264067590015,418.18694014993315,412.3897809063574,68.42982331251017,4.3211365414293255,3.095799161009099,1.2253373804202266,2.5339447659908254,419.29143981933595,432.94229524069925,405.64058439797265,7.349205085803886,18.825524457654243,0.0,0.0,0.0,0.0,0.0
2024-06-13 04:00:00,435.689208984375,437.4750908737884,433.508699318619,434.9689666213265,15960600,420.3456787109375,420.20410003662107,411.13869201660157,377.44766326904295,424.417471277441,419.8538228960705,413.30348396824047,68.7451442716721,5.174760609868997,3.5115914507810784,1.6631691590879187,2.61665326995586,420.20410003662107,435.65472104731896,404.7534790259232,7.056028132632706,18.037086383729044,0.0,0.0,0.0,0.0,0.0
2024-06-14 04:00:00,436.6660461425781,437.2284494695541,430.8940801420427,432.4332670607897,13582000,423.0530731201172,421.2687072753906,411.640751953125,378.020020904541,426.64448488928406,421.4549870147855,414.21966287703805,69.37241047139692,5.862507096510342,3.981774579926931,1.8807325165834108,3.1223009864912443,421.2687072753906,438.18288758989206,404.3545269608892,7.03982012449671,17.83888106226964,0.0,0.0,0.0,0.0,0.0
2024-06-17 04:00:00,442.388671875,444.9243949145692,434.8407300488904,436.6857791496651,20790000,426.49158630371096,422.6579254150391,412.1067736816406,378.6191275024414,429.5070643412324,423.44867128718687,415.324329896566,72.81455209981169,6.791036372715837,4.543626938484712,2.247409434231125,8.126933789465408,422.6579254150391,441.69785722190505,403.6179936081731,7.462674371168556,18.135488432423333,0.0,0.0,0.0,0.0,0.0
2024-06-18 04:00:00,440.3857116699219,444.1350368072149,438.95507309068336,443.7107502283828,17112500,429.47820434570315,423.69391479492185,412.5510559082031,379.21327194213865,431.48500021917596,425.0617227522092,416.30712918179563,69.85533284175087,7.2813455457171585,5.091170659931201,2.1901748857859573,7.5181160635081845,423.69391479492185,444.24332697146565,403.14450261837806,7.462674332993637,18.019114292467496,0.0,0.0,0.0,0.0,0.0
2024-06-20 04:00:00,439.7542724609375,440.57318682315986,435.38334678666155,440.3462442358131,19877400,431.61827087402344,424.51580200195315,412.9494201660156,379.7998439025879,432.9885042631326,426.4610132006595,417.226624996664,68.90461600020214,7.532141393412189,5.579364806627399,1.9527765867847906,7.781974739443487,424.51580200195315,446.2805964379445,402.7510075659618,6.781174641712714,17.913523025936442,0.0,0.0,0.0,0.0,0.0
2024-06-21 04:00:00,443.77984619140625,444.569161991758,440.5534794666223,441.4118686798834,34187100,434.11057739257814,425.46595611572263,413.4877819824219,380.3825569152832,434.95056643190964,428.1104258664449,418.2679277886147,71.56187285258144,7.9639258862771385,6.056277022557348,1.9076488637197908,8.102005485617504,425.46595611572263,448.8757347994892,402.0561774319561,6.262473412273246,18.089699315675556,0.0,0.0,0.0,0.0,0.0
2024-06-24 04:00:00,441.697998046875,446.71021649298933,440.45479708566984,443.7995580906483,15913700,436.46080017089844,426.4856719970703,413.89252014160155,380.9581471252441,436.1773721800851,429.4044803598192,419.1867540732524,68.31075550342685,8.045388233701203,6.4540992647861195,1.5912889689150838,5.58006205005015,426.4856719970703,450.8877534109787,402.08359058316194,6.18001805220866,17.864106612928776,0.0,0.0,0.0,0.0,0.0
2024-06-25 04:00:00,444.93426513671875,445.3979964641079,440.7902817808812,442.27027153504196,16413400,438.7380126953125,427.5113067626953,414.4807598876953,381.5644874572754,437.76953453583667,430.8835074814287,420.1964603894668,70.55054978521784,8.2756904306313,6.8184174979551555,1.4572729326761449,6.225871303369113,427.5113067626953,453.2365515006256,401.78606202476504,6.032724131349125,17.86140423014531,0.0,0.0,0.0,0.0,0.0
2024-06-26 04:00:00,446.1280517578125,447.54884412889345,442.21101156026344,443.01020350518843,16507000,440.66002502441404,428.58873748779297,415.25557800292967,382.1554096984863,439.28926493983226,432.3353688410843,421.2133855411666,71.3548431480367,8.457047603918681,7.146143519147861,1.3109040847708204,6.6792357743191255,428.58873748779297,455.57124342262676,401.6062315529592,5.849489370124409,17.845031064383477,0.0,0.0,0.0,0.0,0.0
2024-06-27 04:00:00,446.80889892578125,450.08461670642896,445.74328947401983,446.1478236075156,14806300,441.82329711914065,429.7569412231445,416.0254968261719,382.7317333984375,440.65647111909567,433.7138002777221,422.2171311640927,71.8274190159985,8.557072541073865,7.428329323533062,1.1287432175408023,5.838221077682304,429.7569412231445,457.80383678546264,401.7100456608264,5.8262333582209385,17.744362467324244,0.0,0.0,0.0,0.0,0.0
2024-06-28 04:00:00,440.98760986328125,449.3051447547128,440.4548051400977,447.02596302446955,28362300,442.35313720703124,431.3494079589844,416.7329626464844,383.3092164611816,440.71667816349304,434.40654404777536,422.95322836798243,62.355285307247954,8.073546825414041,7.557372823909258,0.5161740015047833,3.298060414818327,431.3494079589844,458.05152373155397,404.6472921864148,6.227240259152048,12.960853436947344,0.0,0.0,0.0,0.0,0.0
2024-07-01 04:00:00,450.63714599609375,451.2685926172397,439.71481466960876,442.67479410049566,17662800,443.7502471923828,433.40166015625,417.78252990722655,383.9139033508301,442.52039958760224,435.95231566190097,424.0388721965358,69.52862724948935,8.372473471028343,7.720392953333075,0.6520805176952678,3.552806610278525,433.40166015625,459.36181538876383,407.44150492373615,6.754398700849314,14.408278145359644,0.0,0.0,0.0,0.0,0.0
2024-07-02 04:00:00,453.15313720703125,453.4589993533835,447.06543265029325,447.15425853449676,13979800,444.8266937255859,435.6591400146484,418.9838598632812,384.5182197570801,444.4536246093166,437.5904891423895,425.1806080793003,71.07623100232485,8.711968307398934,7.918708024146246,0.7932602832526872,4.008345366956867,435.6591400146484,460.1295213272992,411.18875870199764,6.677580504809953,14.03686064966794,0.0,0.0,0.0,0.0,0.0
2024-07-03 04:00:00,454.6231994628906,454.869864398923,451.7717684597979,452.07763057164084,9932800,446.2504425048828,437.864323425293,420.1783477783203,385.171484375,446.3026382190573,439.2126520300563,426.33521950610776,71.9719502864138,8.995942523741917,8.134154924065381,0.8617875996765356,4.112331031675676,437.864323425293,460.689410555864,415.03923629472195,6.14337093773262,14.051213510092502,0.0,0.0,0.0,0.0,0.0
2024-07-05 04:00:00,461.3226318359375,462.1021014719612,452.8472281684966,453.478674753155,16000300,448.4072784423828,440.0127746582031,421.37662231445313,385.8639360046387,449.0335461493991,441.3183643925212,427.7072748915913,75.66980314799295,9.650339235550064,8.43739178636232,1.2129474491877446,4.279937793318411,440.0127746582031,463.191640680843,416.8339086355632,6.521119634039418,13.555569551397351,0.0,0.0,0.0,0.0,0.0
2024-07-08 04:00:00,460.020263671875,461.4608086849496,458.26401040115894,460.3261258064599,12962300,450.0313201904297,442.0709487915039,422.5195007324219,386.55188720703126,451.0311311534856,443.09949765722155,428.97445092219067,73.63591583463258,9.94917521905802,8.739748472901459,1.209426746156561,4.458489792391274,442.0709487915039,464.64240783959343,419.49948974341436,6.297007416630793,13.7761128537497,0.0,0.0,0.0,0.0,0.0
2024-07-09 04:00:00,453.4096374511719,461.09569535136285,451.89017298008986,460.77011087707854,17207200,451.2024841308594,443.8316421508789,423.72753540039065,387.2454396057129,451.463586843974,444.08141573283586,429.93269353117034,64.20286441981813,9.542581658969027,8.900315110114974,0.6422665488540531,3.1052262241402895,443.8316421508789,463.9184381049542,423.7448461968036,6.234282952744666,15.225555860542913,0.0,0.0,0.0,0.0,0.0
2024-07-10 04:00:00,460.0301208496094,460.2373109717691,452.73869064735504,455.0672233776237,18196100,452.7120697021484,445.7250411987305,424.92458190917966,387.9781771850586,453.02113848136224,445.60034002967143,431.1129847985601,68.5483448328317,9.64340781137895,9.04893365036777,0.5944741610111794,3.6617874375471926,445.7250411987305,464.29298868341067,427.1570937140503,6.399901281879132,15.5702795582546,0.0,0.0,0.0,0.0,0.0
2024-07-11 04:00:00,448.6342468261719,458.5797648874454,445.5262442034591,456.8037891977259,23111200,452.9626892089844,446.81135711669924,425.97388122558596,388.66629669189456,452.2235218167822,445.8892835341,431.8000931133684,55.95665807386844,8.703433703148164,8.97983366092385,-0.27639995777568593,1.570360021998729,446.81135711669924,463.1526467705311,430.4700674628674,7.065189611139987,18.439524252616103,0.0,0.0,0.0,0.0,0.0
2024-07-12 04:00:00,447.4995422363281,450.2720538778231,444.6382348256943,448.26913567933263,16324300,453.03175354003906,447.42752532958986,427.2549792480469,389.3461428833008,451.3646164385178,446.0426415057408,432.415757784857,54.87575365665113,7.777284577530793,8.73932384424524,-0.9620392667144468,0.5765519315130918,447.42752532958986,462.82357568239667,432.03147497678304,7.123684576947722,17.39943641226694,0.0,0.0,0.0,0.0,0.0
2024-07-15 04:00:00,447.9040832519531,451.1600787227488,445.40783511291056,447.25288415779397,14429400,453.72340087890626,448.03826904296875,428.4336639404297,390.05450088500976,450.7354285864151,446.2199216720467,433.0231430972922,55.20795459100854,6.995310220216197,8.390521119439432,-1.395210899223235,0.3980990406549756,448.03826904296875,462.40864148716736,433.66789659877014,7.0877434485562025,17.40028724174647,0.0,0.0,0.0,0.0,0.0
2024-07-16 04:00:00,443.52325439453125,448.23948652304546,440.7014221253391,448.16056699620316,17175700,453.01201171875,448.3811294555664,429.46760925292966,390.73776626586914,449.4241241878907,445.96309621704523,433.43491216777215,50.84280805819232,5.95346578389092,7.90311005232973,-1.94964426843881,-0.7353578989025,448.3811294555664,461.9117415956658,434.850517315467,7.297054142447605,17.84452351274525,0.0,0.0,0.0,0.0,0.0
2024-07-17 04:00:00,437.6033020019531,438.9155762729031,433.3212024908107,436.6857157018079,21778000,451.4570281982422,448.14186096191406,430.20942260742186,391.3872621154785,447.27488379044746,445.16692533941745,433.59837843577924,45.59626708247551,4.597113219454457,7.241910685754676,-2.6447974663002194,-0.7674383102004523,448.14186096191406,462.27450318316875,434.0092187406594,7.644498380668357,17.90327388186837,0.0,0.0,0.0,0.0,0.0
2024-07-18 04:00:00,434.495361328125,438.71826397070777,428.6050012530057,438.4124018485707,20794800,449.4442443847656,447.8473434448242,430.7535559082031,392.0108682250977,444.9513342518433,444.15058590977054,433.6335542354791,43.08272645598268,3.234128185366046,6.44035418567695,-3.206226000310904,-3.581991589328204,447.8473434448242,462.8775535549873,432.81713333466115,8.056779486760709,18.00345868916949,0.0,0.0,0.0,0.0,0.0
2024-07-19 04:00:00,431.2788391113281,435.2551069043024,426.23702212212055,427.3223538949878,20940400,446.4398651123047,447.42357177734374,431.3160906982422,392.5887142944336,442.4654260444769,442.9247052622998,433.54121246590455,40.588920596798246,1.8728175893942876,5.526846866420418,-3.6540292770261305,-4.827131558775777,447.42357177734374,463.82950886163377,431.0176346930537,8.068761284444049,18.16357070519966,0.0,0.0,0.0,0.0,0.0
2024-07-22 04:00:00,437.03106689453125,438.6689256733767,433.05482935357276,435.89641421757136,15808800,444.1409454345703,447.0861328125,431.97003295898435,393.2365753173828,441.47736074448676,442.3634063701314,433.6780695023213,46.54773399780728,1.2437882266589213,4.670235138468119,-3.4264469118091974,-3.869607311976908,447.0861328125,464.07489247515724,430.0973731498428,7.771354756902452,18.528065880026293,0.0,0.0,0.0,0.0,0.0
2024-07-23 04:00:00,438.91558837890625,442.4083722657051,437.1889338456379,437.97824958808866,13107100,442.69154052734376,446.94701232910154,432.62660339355466,393.8665364074707,441.01158395074486,442.0350427519195,433.8834623994423,48.37459504269148,0.8871169272391057,3.9136114962223165,-3.026494568983211,-4.85713076071238,446.94701232910154,464.16557022195,429.72845443625306,7.698764661765567,18.54652478642418,0.0,0.0,0.0,0.0,0.0
2024-07-24 04:00:00,423.1783447265625,435.59054077335657,421.88582291184935,434.5742824737623,26805800,439.00636291503906,445.8592163085938,432.92076110839844,394.4158491516113,437.7691768190753,440.23916674950453,433.46365386325095,37.001653930314276,-0.6578286491570111,2.9993234671464513,-3.6571521163034624,-8.008760016622062,445.8592163085938,466.09730650486745,425.6211261123201,8.693883913760695,22.183771313863684,0.0,0.0,0.0,0.0,0.0
2024-07-25 04:00:00,412.81842041015625,424.0663351847354,411.94030891768244,423.0796754657291,29943800,435.4247802734375,444.19373474121096,433.0278112792969,394.8746096801758,433.2326756538173,437.62766709813803,432.65403686509035,31.715502062488383,-2.6871921812700634,1.8620203374631483,-4.549212518733212,-8.952438079878034,444.19373474121096,469.24799898312364,419.1394704992983,8.89896626830272,23.417840361576275,0.0,0.0,0.0,0.0,0.0
2024-07-26 04:00:00,419.5967712402344,423.19810333197387,411.7034934246348,412.6211098546519,23583800,432.63450317382814,442.83312835693357,433.21448669433596,395.3547041320801,430.75342030589314,435.91043892119484,432.1419872327431,37.96058665070981,-3.7058029486883584,0.7484556802328469,-4.454258628921205,-8.789283087529231,442.83312835693357,470.14342438893704,415.5228323249301,9.491667098556178,24.43892683213383,0.0,0.0,0.0,0.0,0.0
2024-07-29 04:00:00,421.037353515625,426.3850328487882,419.0344352964457,425.8226295279651,15125800,429.9478302001953,441.83561553955076,433.286513671875,395.84901611328127,428.98686270766257,434.49395459685485,431.70651140069924,39.23258249366966,-4.346710200922985,-0.2705774959983195,-4.076132704924666,-6.151312233914141,441.83561553955076,470.8348805227775,412.836350556324,9.359172468632575,24.242881692375644,0.0,0.0,0.0,0.0,0.0
2024-07-30 04:00:00,417.2781677246094,423.32636688783225,411.7923116419938,422.0141226280364,32687600,427.3233215332031,440.16766662597655,433.32459899902346,396.3047636413574,426.85800907438016,432.8543558471172,431.1406940016369,37.09522845355715,-5.0991884223168995,-1.2362996812620355,-3.862888741054864,-6.753386687434548,440.16766662597655,470.82539592935177,409.50993732260133,9.647417820162888,22.594374427023446,0.0,0.0,0.0,0.0,0.0
2024-07-31 04:00:00,412.76910400390625,416.1533396507724,406.7109988096176,414.8904164009859,42891400,424.83990173339845,438.1484649658203,433.28789489746094,396.74414657592774,424.29638997065763,430.94147471919234,430.420239491922,34.656352625991104,-5.990323867826135,-2.1871045185748557,-3.803219349251279,-7.844308762035313,438.1484649658203,470.47906972465495,405.8178602069857,9.366224410794425,22.44578544167325,0.0,0.0,0.0,0.0,0.0
2024-08-01 04:00:00,411.5456237792969,421.75755796351626,407.57926252131097,415.1765544542287,30296400,422.5449279785156,435.9945861816406,433.12548889160155,397.19423751831056,421.97806884495566,429.0942508201547,429.68005848358376,34.00309372398486,-6.717840672193063,-3.0932517492984974,-3.6245889228945654,-7.209910708940869,435.9945861816406,469.4249015302156,402.5642708330656,9.976544152942747,22.266947571113874,0.0,0.0,0.0,0.0,0.0
2024-08-02 04:00:00,403.0406188964844,409.46378330120876,398.9459870855653,406.98725777167675,29437900,419.7211059570312,433.08048553466796,432.719970703125,397.5777178955078,418.53489612705175,426.6129525417099,428.63537457820735,29.798201814026584,-7.889737809603048,-4.052548961359408,-3.83718884824364,-7.898176944129753,433.08048553466796,467.364585998757,398.79638507057894,10.465643658935127,21.67040102858516,0.0,0.0,0.0,0.0,0.0
2024-08-05 04:00:00,389.8785705566406,395.6900105848848,380.43623009500715,383.97836487999916,40709200,415.0058563232422,429.5734008789062,432.0220068359375,397.89823333740236,413.3246551142497,423.1144399717033,427.1154999106949,24.70632244200651,-9.76794326562856,-5.195627822213238,-4.572315443415322,-10.268646052999031,429.5734008789062,466.50237621787414,392.6444255399383,11.541809687775904,23.4848662246468,0.0,0.0,0.0,0.0,0.0
2024-08-06 04:00:00,394.27911376953125,400.2582999432438,393.18393582915473,394.6639255499671,24946500,410.5422088623047,426.6168746948242,431.4815155029297,398.2503172302246,409.86182941520997,420.3682184286393,425.82779849339437,29.070310940773993,-10.777115679826693,-6.31192539373593,-4.465190286090763,-8.57907274514944,426.6168746948242,464.9519853846913,388.28176400495715,11.554500936553236,24.331697008040194,0.0,0.0,0.0,0.0,0.0
2024-08-07 04:00:00,393.1148681640625,404.60944914169323,392.16768315982324,403.18868669056855,20650900,407.5358612060547,423.2711120605469,430.8553814697266,398.5906443786621,406.81692736954676,417.77266126058436,424.5449384804794,28.598047345571146,-11.537835987913013,-7.357107512571346,-4.180728475341667,-10.048759014440279,423.2711120605469,461.0030341899702,385.5391899311236,11.720822598279515,23.04278865653606,0.0,0.0,0.0,0.0,0.0
2024-08-08 04:00:00,397.3180236816406,400.4457182788044,394.6047093244423,397.07135874007713,20203000,405.98582153320314,420.70530090332034,430.3101531982422,398.9747970581055,405.0898539717456,415.82460053878015,423.4772163315053,32.839955880885555,-11.667062159650698,-8.219098441987217,-3.4479637176634803,-9.477349585805861,420.70530090332034,458.15329067266134,383.25731113397933,11.600305836319519,23.002114183491642,0.0,0.0,0.0,0.0,0.0
2024-08-09 04:00:00,400.60357666015625,402.6064947272633,396.89375651412195,398.64013341356633,19276700,404.0865020751953,418.3605026245117,429.8533282470703,399.3623782348633,404.27416718782024,414.37497921700646,422.5802108541975,36.038746937732704,-11.373254368171501,-8.849929627224075,-2.5233247409474266,-5.334575445015499,418.3605026245117,454.5976108917151,382.1233943573083,11.480495239969002,23.52872989103569,0.0,0.0,0.0,0.0,0.0
2024-08-12 04:00:00,401.3830261230469,403.3070245629386,398.84730349296393,401.6296910455733,16762900,402.1210693359375,416.0344497680664,429.6982232666016,399.74792098999023,403.7485051760432,413.13765035091507,421.7489487078779,36.80770595326074,-10.951275037429582,-9.270198709265177,-1.681076328164405,-2.770078494982786,416.0344497680664,450.19986530144786,381.86903423468493,11.414953504169059,23.5687031294522,0.0,0.0,0.0,0.0,0.0
2024-08-13 04:00:00,408.4870300292969,409.41449264240543,404.10625814496586,404.1259805010332,19414300,401.24195556640626,414.2826385498047,429.6761218261719,400.1192433166504,404.61005514936204,412.6947341298086,421.2288734655806,43.47743243313085,-9.929162429228086,-9.401991453257759,-0.5271709759703267,-2.647718469829874,414.2826385498047,446.0200861380655,382.5451909615439,10.772217865047748,24.868104236128804,0.0,0.0,0.0,0.0,0.0
2024-08-14 04:00:00,411.2989807128906,412.14752377963794,406.9478375879701,409.26646397851016,18267000,401.0949432373047,412.96742248535156,429.7420306396484,400.5673161315918,405.82622343363994,412.5618052329593,420.8394659066516,45.910992694222855,-8.790893950273869,-9.279771952660981,0.48887800238711243,-2.3129474668743266,412.96742248535156,442.7560268290797,383.1788181416234,10.277479288234522,24.89514240592274,0.0,0.0,0.0,0.0,0.0
2024-08-15 04:00:00,416.1620788574219,416.2411406304339,412.8310473922666,414.9462891736181,20752100,401.5565887451172,412.0507583618164,429.85488159179687,401.0302861022949,407.70546987432755,412.904688435289,420.6560389635446,49.92630971807029,-7.410967581155944,-8.906011078359974,1.4950434972040298,-0.26746879024931447,412.0507583618164,440.12926755435683,383.972249169276,9.809447146106253,25.38088487368621,0.0,0.0,0.0,0.0,0.0
2024-08-16 04:00:00,413.6316833496094,416.46849580465874,412.4751975268654,415.7370612802868,22775600,402.6156951904297,411.1684005737305,429.76044311523435,401.44381393432616,408.7829632334697,412.9739260461767,420.38057403750787,47.932423930156375,-6.447228129266193,-8.414254488541218,1.9670263592750246,0.20897381546631788,411.1684005737305,437.7731957566426,384.56360539081834,9.569640055067026,25.348075176800695,0.0,0.0,0.0,0.0,0.0
2024-08-19 04:00:00,416.6563415527344,416.8737991572246,411.6449527797598,414.11604821044875,15234000,405.29347229003906,410.1496643066406,429.71643432617185,401.86854095458983,410.214486564245,413.3246322848965,420.23452570477167,50.47830935385993,-5.3774056464335445,-7.806884720119684,2.4294790736861396,1.2418350428574199,410.1496643066406,434.00274693771286,386.29658167556835,9.119267993040337,24.95280718188479,0.0,0.0,0.0,0.0,0.0
2024-08-20 04:00:00,419.8885192871094,420.93626132598814,416.7650812391523,416.82438511571235,16387600,407.8544128417969,409.1983108520508,429.75028930664064,402.2703817749023,411.9734016047658,413.94976438034536,420.22095682564765,53.11643648863914,-4.2201071224244515,-7.089529200580638,2.8694220781561866,4.180199116593797,409.1983108520508,429.4694768297883,388.9271448743133,8.670178768630478,25.10278335986833,0.0,0.0,0.0,0.0,0.0
2024-08-21 04:00:00,419.2361755371094,421.4700252660244,416.8441419181339,419.1768414959673,16067300,410.46654357910154,409.00120239257814,429.69177001953125,402.65792404174806,413.29390595610096,414.453232109561,420.1823379515874,52.508447946835496,-3.317338183415302,-6.335090997147572,3.01775281373227,7.529935522887055,409.00120239257814,428.7704563165129,389.2319484686434,7.9878636190365615,21.707315543762938,0.0,0.0,0.0,0.0,0.0
2024-08-22 04:00:00,410.7454833984375,421.8555493177983,409.8163490739685,419.45362155809136,19361900,411.8092895507813,408.8975555419922,429.36852111816404,402.98103698730466,412.8305564001621,414.1001131846921,419.8122652240129,45.248666881565306,-3.249556328491167,-5.717984063416291,2.4684277349251245,4.176323080235833,408.8975555419922,428.60418099910953,389.1909300848748,7.947832444043578,21.128778169955858,0.0,0.0,0.0,0.0,0.0
2024-08-23 04:00:00,411.97113037109375,414.41257372157986,407.32545916499066,412.15893602611095,18493800,412.946044921875,408.51627349853516,428.9044201660156,403.2919807434082,412.6742971221496,413.8973529167303,419.5047697395847,46.40068826721416,-3.0616464975724966,-5.1867165502475325,2.125070052675036,4.796629111255535,408.51627349853516,427.6376794617513,389.394867535319,6.8394557122658615,20.249839846371483,0.0,0.0,0.0,0.0,0.0
2024-08-26 04:00:00,408.7093200683594,412.45550946116737,406.58418387561824,411.5560270388973,13152800,413.6786743164063,407.8998718261719,428.3648223876953,403.5669938659668,411.9533922032786,413.4032545502188,419.08141877208567,43.76169681933567,-3.1397345288648353,-4.777320145970994,1.6375856171061587,2.8670474802940937,407.8998718261719,426.094113774182,389.70562987816174,6.51742686933343,20.332914935219833,0.0,0.0,0.0,0.0,0.0
2024-08-27 04:00:00,409.05523681640625,409.5692137906275,405.5067475085558,408.0865565785304,13492900,413.73549499511716,407.48872528076174,427.8126062011719,403.83063903808596,411.4264548602109,412.989157623189,418.6882351659806,44.12463404370405,-3.1375396614706688,-4.449364049070929,1.31182438760026,2.109731577214502,407.48872528076174,425.15460792120996,389.8228426403135,5.91890546220498,20.148500739523364,0.0,0.0,0.0,0.0,0.0
2024-08-28 04:00:00,405.85272216796875,410.2018441208808,402.6007521142328,410.08323636580656,14882700,413.190869140625,407.14290618896484,427.08188720703123,404.0905844116211,410.4130489161669,412.3094971036442,418.1848817150782,41.45714344269081,-3.3555358522882557,-4.2305984097143945,0.8750625574261388,1.1135737572399718,407.14290618896484,424.6435737540014,389.6422386239283,5.938208454483986,19.98174881143477,0.0,0.0,0.0,0.0,0.0
2024-08-29 04:00:00,408.3435363769531,417.17028122626607,405.85268326493673,410.142500929111,17045200,412.4090148925781,406.98280181884763,426.44104370117185,404.31893341064455,410.03677390903704,411.9317865582451,417.79894660377914,44.2786329346353,-3.2893934340948476,-4.0423574145904855,0.7529639804956378,-0.03512808040281312,406.98280181884763,424.37211134350497,389.5934922941903,6.338555579354558,20.109873694263747,0.0,0.0,0.0,0.0,0.0
2024-08-30 04:00:00,412.3171081542969,412.663037378181,407.3650233246306,410.7949049431994,24308300,412.2775573730469,407.4466262817383,425.8923004150391,404.5818176269531,410.4513801354479,411.9684838531072,417.5839725469367,48.53954490013676,-2.8831064013165246,-3.8105072119356933,0.9274008106191687,0.2475395002539349,407.4466262817383,424.8879852493437,390.0052673141329,6.398433649609968,18.88709147643895,0.0,0.0,0.0,0.0,0.0
2024-09-03 04:00:00,404.7060852050781,415.0253810540411,402.32394584007614,413.07815685238506,20313600,411.08253173828126,408.18800201416013,425.1108251953125,404.7890364074707,409.4067810571988,411.27682683900923,417.0789573570599,41.92630811758543,-3.139081566441348,-3.6762220828368246,0.5371405163954766,-2.7527721131623384,408.18800201416013,423.6311813052216,392.74482272309865,6.732002842081853,15.955799204707045,0.0,0.0,0.0,0.0,0.0
2024-09-04 04:00:00,404.17236328125,406.4853049884444,399.6947395600007,401.2169427939581,15135800,409.5109161376953,408.6826644897461,424.3603125,404.99284912109374,408.455068734299,410.60021126207977,416.57281641291047,41.499319748695235,-3.346435008067374,-3.6102646678829347,0.2638296598155607,-2.2868944641177724,408.6826644897461,422.82934235426706,394.5359866252252,6.84563707328013,15.597279038807674,0.0,0.0,0.0,0.0,0.0
2024-09-05 04:00:00,403.6682434082031,408.3237783354607,401.4343636867301,402.9071267784607,14195500,407.95412292480466,409.2103332519531,423.53499206542966,405.16219161987306,407.584736856827,409.9400238474248,416.06675472645134,41.07382128987363,-3.510970087441194,-3.5904057517945867,0.07943566435339244,-3.117220800271292,409.2103332519531,421.58883583340145,396.83183067050476,6.984726696936369,15.547473980992358,0.0,0.0,0.0,0.0,0.0
2024-09-06 04:00:00,397.05560302734375,405.9021060614487,396.165984591682,404.33049307771034,19609500,406.5851348876953,409.1972122192383,422.5535430908203,405.3295359802246,405.6703488878301,408.71293615027423,415.32121936570206,35.877406346978006,-4.1273723585013045,-3.6977990731359305,-0.429573285365374,-5.437852003796517,409.1972122192383,421.62923196403887,396.7651924744377,7.394928353505894,16.344411954346725,0.0,0.0,0.0,0.0,0.0
2024-09-09 04:00:00,401.0290832519531,403.9251994729139,397.5003522055993,402.531498215159,15295100,405.4909301757813,409.21848754882814,421.63794677734376,405.47944046020507,404.8264824085797,407.9811406361484,414.76074343967275,40.729799121801186,-4.246300246872977,-3.80749930788334,-0.4388009389896368,-4.342920136085593,409.21848754882814,421.5898934754221,396.84708162223416,7.512124786941992,16.47194043863684,0.0,0.0,0.0,0.0,0.0
2024-09-10 04:00:00,409.4111022949219,411.5164502597468,402.9862541865475,403.48047327180706,19594300,405.5611083984375,409.61989135742186,421.00641662597656,405.6927348327637,405.6600496606419,408.1173274607935,414.55095359085897,49.42437489540221,-3.622435389641055,-3.770486524234883,0.14805113459382824,-0.32486811357612666,409.61989135742186,421.4290371992293,397.8107455156144,7.955513875123415,18.051505303939933,0.0,0.0,0.0,0.0,0.0
2024-09-11 04:00:00,418.1488952636719,419.08789343392027,404.84449566929334,410.6960629554886,19266900,406.47047424316406,410.1029846191406,420.3566516113281,405.92622314453126,407.9307488611928,409.0727148705914,414.692049342734,56.575644758153665,-2.3953391491215825,-3.495457049212223,1.1001179000906407,1.499562575419633,410.1029846191406,422.49320654520056,397.71276269308066,8.642479190604591,18.536947312186424,0.0,0.0,0.0,0.0,0.0
2024-09-12 04:00:00,422.06304931640625,422.4287665702525,414.8968734205188,418.4157104817343,17395700,408.0915069580078,410.6411880493164,419.73484985351564,406.181346282959,410.5002580348679,410.30988957971664,414.9811081652309,59.34857251973011,-1.094401439104729,-3.0152459271907244,1.9208444880859954,3.2672925701360045,410.6411880493164,424.13604538794567,397.1463307106871,8.320528683883444,18.657523931158394,0.0,0.0,0.0,0.0,0.0
2024-09-13 04:00:00,425.611572265625,426.83722589839596,420.5408798146308,420.9065970976519,15874600,409.818310546875,411.11366271972656,419.1546173095703,406.448412322998,413.2477697131873,411.7671926926603,415.39798911034444,61.73423998315963,0.22039661955392376,-2.3681174178417947,2.5885140373957185,4.047457154704426,411.11366271972656,426.0111764740597,396.2161489653934,8.26404522153887,18.441526157438755,0.0,0.0,0.0,0.0,0.0
2024-09-16 04:00:00,426.3529052734375,428.517587221267,423.2689830915265,425.6214706998335,13834700,411.2218902587891,411.74972381591795,418.4552227783203,406.6990812683105,415.6305216332328,413.1563081765438,415.8275936657599,62.232892747809686,1.307135092122678,-1.6330669158489002,2.9402020079715783,5.051138500676222,411.74972381591795,428.1139866284851,395.38546100335077,8.21956511755254,18.240596945062688,0.0,0.0,0.0,0.0,0.0
2024-09-17 04:00:00,430.11883544921875,436.7413828200211,427.2721288798558,435.14011791593873,18874200,413.76316528320314,412.4228485107422,417.85719421386716,406.98750366210936,418.2647605088666,414.7717869644176,416.38803452001315,64.7461559689761,2.4440883243443636,-0.8176358678102476,3.2617241921546114,5.332593057666091,412.4228485107422,430.6395882972246,394.2061087242598,8.671423065017677,18.311834323126742,0.0,0.0,0.0,0.0,0.0
2024-09-18 04:00:00,425.8290100097656,430.9886580324637,425.43364080776206,429.9705680090547,18898000,415.9288299560547,412.719873046875,417.3055816650391,407.25418197631836,419.6400785999391,415.82485582587924,416.75826885294464,59.85952481504293,2.964802493173181,-0.06114819561356177,3.025950688786743,3.2770655372399204,412.719873046875,431.6296872329723,393.81005886077776,8.525274866307225,18.607308190479145,0.0,0.0,0.0,0.0,0.0
2024-09-19 04:00:00,433.617919921875,436.39542861722236,431.8486072464737,436.12856118496126,21706600,418.9237976074219,413.43896026611327,416.7773376464844,407.5814324951172,422.1815042948365,417.51943335883124,417.41943163996154,65.0215267547301,3.960320054410431,0.7431454543912368,3.2171746000191943,7.143909067279353,413.43896026611327,434.3771375913699,392.50078294085665,8.471619198173467,19.586517555589218,0.0,0.0,0.0,0.0,0.0
2024-09-20 04:00:00,430.2374572753906,434.1615578880838,429.1996092968504,432.1649237095232,55167100,422.2419830322266,414.41355895996094,416.40940185546873,407.91817596435544,423.64622301857355,418.7306737318369,417.9220993119392,61.334913700232015,4.4254855672908775,1.4796134769711649,2.9458720903197126,6.449004524340229,414.41355895996094,436.6011437432368,392.2259741766851,8.447614522293682,18.17815075895184,0.0,0.0,0.0,0.0,0.0
2024-09-23 04:00:00,428.4978332519531,431.41370770372646,425.4139110417271,429.2589197702658,15128900,424.9888580322266,415.2398941040039,416.02936767578126,408.22960784912107,424.5283339700971,419.6608794004194,418.3368339762535,59.466359564807874,4.600725171611998,2.1038358158993318,2.4968893557126663,6.150989147452313,415.2398941040039,438.2598721206437,392.2199160873641,7.9689260542961415,18.317951844864407,0.0,0.0,0.0,0.0,0.0
2024-09-24 04:00:00,424.2080078125,428.33967197864655,421.1734954974966,427.9937125983331,17015800,426.4685485839844,416.01482849121095,415.55544616699217,408.5378756713867,424.47009285053394,420.09393924918896,418.5670760874788,55.01542408888999,4.343382944253506,2.551745241570167,1.7916377026833388,6.8384388932263285,416.01482849121095,439.1523363978898,392.8773205845321,8.007052649011342,18.48311253815994,0.0,0.0,0.0,0.0,0.0
2024-09-25 04:00:00,427.1139831542969,428.1123153119531,423.61493391499886,424.8603454388432,13396400,427.36505737304685,416.91776580810546,415.2272607421875,408.85010482788084,424.95080017849085,420.7625148591992,418.90224891362857,57.34454234634153,4.324079996303965,2.9062121925169264,1.4178678037870385,6.504490819174702,416.91776580810546,440.3196761872335,393.51585542897743,7.836193131027317,18.559268410133434,0.0,0.0,0.0,0.0,0.0
2024-09-26 04:00:00,426.3232421875,430.2671006249204,424.1684543301705,430.0595370663028,14492000,427.79107666015625,417.94129180908203,415.00165954589846,409.1422581481934,425.2003350892198,421.292107938085,419.19326825770196,56.48749031819478,4.196600287638319,3.164289811541205,1.0323104760971136,4.13084545039899,417.94129180908203,441.09483140565226,394.7877522125118,7.576373475668971,18.248369381488214,0.0,0.0,0.0,0.0,0.0
2024-09-27 04:00:00,423.0712890625,426.85702409572957,422.52766014209345,426.5308226116947,14896100,427.53704833984375,418.67767944335935,414.77317810058594,409.4325537109375,424.81323581163434,421.46155375945784,419.34534750494896,52.98056587287639,3.7894834542092326,3.289328540074811,0.5001549141344217,1.1771868476955438,418.67767944335935,441.48010317332387,395.87525571339484,7.394928297673682,18.53892122353621,0.0,0.0,0.0,0.0,0.0
2024-09-30 04:00:00,425.324951171875,425.4435890958682,420.451958019216,423.25911892558076,16807300,427.4342529296875,419.3280715942383,414.6541003417969,409.7189782714844,424.90627496804177,421.82949637016424,419.57984176639707,55.06270738295859,3.6071115911113907,3.3528851502821273,0.2542264408292634,0.7728470570337542,419.3280715942383,442.1086457893261,396.5474973991505,7.002375731163576,18.35522921462601,0.0,0.0,0.0,0.0,0.0
2024-10-01 04:00:00,415.8260192871094,423.52596039492926,413.9677508658884,423.4963084590475,19092900,426.0049713134766,419.88406829833986,414.2299993896484,409.9579574584961,423.2553193896904,421.25773664796856,419.43263304171916,45.84725187142503,2.6653714159268134,3.215382403411065,-0.5500109874842516,-2.2991745563742394,419.88406829833986,441.6836984295463,398.0844381671334,6.796218769832125,18.95885500298689,0.0,0.0,0.0,0.0,0.0
2024-10-02 04:00:00,412.30718994140625,417.93140514988795,411.89203266645677,417.6941594936009,16582300,424.6527893066406,420.29080963134766,413.6978314208984,410.22082778930667,421.26475039909326,420.40530362829594,419.1532039005304,42.977721982653065,1.6164618560432018,2.8955982939374927,-1.2791364378942909,-3.294387151653899,420.29080963134766,441.13891211561963,399.4427071470757,6.689610150810515,19.263047334039094,0.0,0.0,0.0,0.0,0.0
2024-10-03 04:00:00,411.7240295410156,414.699207817815,409.50004373541833,412.80142348929195,13686400,422.46340026855466,420.69359893798827,413.4687451171875,410.457188873291,419.53007387944274,419.57851561998353,418.86186372956905,42.5029435787255,0.7297254811056177,2.462423731371118,-1.7326982502655004,-4.276679929394744,420.69359893798827,440.473393362109,400.91380451386755,6.611240007855623,19.265800704548106,0.0,0.0,0.0,0.0,0.0
2024-10-04 04:00:00,411.2496032714844,414.8969427153237,410.17220923179,413.4043913508732,19169700,420.5646148681641,421.40329895019534,413.43736877441404,410.6817401123047,418.0245337689048,418.7852858725074,418.563343711605,42.09551751943474,-0.011172925102755471,1.9677044000763435,-1.978877325179099,-3.4237701977953283,421.40329895019534,438.4404224519583,404.3661754484324,6.573820675983707,18.164306232066686,0.0,0.0,0.0,0.0,0.0
2024-10-07 04:00:00,404.8049621582031,412.287415913181,404.2711971193028,411.190264062665,20919800,418.19532775878906,421.5920928955078,413.14153259277344,410.87107009887694,415.62097529423176,417.45382647114513,418.0237993369618,36.91840695448968,-1.1056239825921352,1.3530387235426478,-2.458662706134783,-6.644780217769397,421.5920928955078,437.7390186099667,405.4451671810489,6.404373622219034,18.901152282523793,0.0,0.0,0.0,0.0,0.0
2024-10-08 04:00:00,409.9151611328125,410.8541894054543,403.45079759655545,406.1492143378804,19229300,416.7660430908203,421.61729583740237,412.91908874511716,411.0989276123047,414.58355453761004,416.7358583436849,417.70581352503444,42.91366030936351,-1.5428489785754778,0.7738611831190226,-2.3167101616945005,-4.723506937604927,421.61729583740237,437.6855499085282,405.54904176627656,6.536400378233119,17.921228328132504,0.0,0.0,0.0,0.0,0.0
2024-10-09 04:00:00,412.63336181640625,415.51961434814075,409.5098937927917,411.0518548194861,14974300,415.31798095703124,421.3415191650391,412.8261926269531,411.3260229492187,414.22897404284566,416.345144388706,417.5068938501863,45.861085702762644,-1.6509853285483587,0.2888918807855464,-1.939877209333905,-3.70234577737496,421.3415191650391,437.8438759966591,404.83916233341904,6.210921945939715,16.29817253071504,0.0,0.0,0.0,0.0,0.0
2024-10-10 04:00:00,411.0321044921875,412.5246557071608,408.37320353432506,410.42917171763446,13848400,413.7888671875,420.78997192382815,412.79145263671876,411.5400001525879,413.647725033635,415.8391405890376,417.2529805420295,44.40655789196104,-1.8446285194499978,-0.13781219926156243,-1.7068163201884354,-3.106000612354365,420.78997192382815,437.9163522996526,403.6635915480037,6.160794066714557,15.896182149707853,0.0,0.0,0.0,0.0,0.0
2024-10-11 04:00:00,411.506591796875,412.30722431233596,408.4720793339732,411.32868016338136,14144900,412.6323974609375,420.0847229003906,412.7906719970703,411.7559564208984,413.25842808149685,415.4265168945459,417.0276319637881,44.96358456141597,-1.9374710234069994,-0.49774396409064986,-1.4397270593163496,-3.654151344369272,420.0847229003906,437.5337288483526,402.6357169524286,6.00617608931194,15.51408729184455,0.0,0.0,0.0,0.0,0.0
2024-10-14 04:00:00,414.2939758300781,419.137316675548,412.692680707405,412.9397902420181,16653100,411.5292999267578,419.48177642822264,413.0157391357422,411.98875,413.4467094903298,415.318655840787,416.92042976246614,48.2442924928009,-1.7657760136202683,-0.7513503739965736,-1.0144256396236946,-2.8216304360275335,419.48177642822264,436.85201015159413,402.11154270485116,6.028060883898831,15.760349608629006,0.0,0.0,0.0,0.0,0.0
2024-10-15 04:00:00,413.8985900878906,417.5953693595967,410.4588445581101,417.29881980944174,18900200,411.33655700683596,418.67076416015624,413.4961395263672,412.21361892700196,413.52886959897717,415.18341148336833,416.80192624581616,47.80894557549842,-1.642675070701216,-0.9296153133375021,-0.713059757363714,-2.168121357262387,418.67076416015624,435.454615861857,401.88691245845547,6.216571127079711,15.294647700685774,0.0,0.0,0.0,0.0,0.0
2024-10-16 04:00:00,411.3088684082031,411.5460839058675,405.7340930599272,410.36987028679,15508900,411.2367248535156,417.94475708007815,413.8367346191406,412.42180389404297,413.1252330188364,414.8144073809716,416.5865122129686,44.94795615554851,-1.7340960035949706,-1.090511451388996,-0.6435845522059747,-3.295382207193376,417.94475708007815,434.6809722722261,401.2085418879302,6.364131893737822,15.089181247995285,0.0,0.0,0.0,0.0,0.0
2024-10-17 04:00:00,411.9019470214844,417.61511832115826,410.78500708577025,417.4767225011017,14820000,411.2545166015625,416.8589584350586,414.21247619628906,412.65836639404296,412.90281738295425,414.5370302038776,416.4028037740869,45.74864091688927,-1.7386491983514247,-1.2201390007814819,-0.5185101975699429,-0.9436812714010534,416.8589584350586,432.06122707488703,401.65668979523014,6.542756699577244,13.196519603277986,0.0,0.0,0.0,0.0,0.0
2024-10-18 04:00:00,413.3252868652344,414.79805000770625,411.447260474788,412.31709084461266,17145300,411.4620849609375,416.01334991455076,414.5326214599609,412.9033726501465,412.97963001609605,414.4216260763878,416.2821168364849,47.71405517796522,-1.60886007054404,-1.2978832147339936,-0.3109768558100463,0.24692679358144787,416.01334991455076,429.907454261978,402.1192455671235,6.4255537321676774,13.205692298996846,0.0,0.0,0.0,0.0,0.0
2024-10-21 04:00:00,413.9381103515625,414.1160219717621,408.9662678666254,411.30886136013186,14206100,412.3753997802734,415.2853637695313,414.79931213378904,413.16451751708985,413.15389916799904,414.37557695973777,416.19019501354677,48.57783942307174,-1.4399526402125389,-1.3262970998297026,-0.11365554038283632,0.5377584623892595,415.2853637695313,427.8912451260275,402.67948241303503,5.982164717821255,13.236268226344885,0.0,0.0,0.0,0.0,0.0
2024-10-22 04:00:00,422.5671691894531,425.60165114081286,413.20665945484586,413.65143848774744,25482200,413.6406005859375,415.2033218383789,415.2229949951172,413.46974182128906,414.8654028082634,415.15572860066305,416.4402724322098,58.87919994226725,-0.6028500722268859,-1.1816076943091394,0.5787576220822535,2.7519943673957714,415.2033218383789,427.5840424922063,402.82260118455144,6.4361375180023845,15.06958456336088,0.0,0.0,0.0,0.0,0.0
2024-10-23 04:00:00,419.6908264160156,426.09588604624633,417.64475229425324,425.87842845603865,19654400,414.3463470458984,414.83216400146483,415.44707092285154,413.7264721679687,415.7427525551274,415.58764267831566,416.56774513745705,54.929095261884164,-0.16958224080605078,-0.9792026036085217,0.809620362802471,3.677292931007825,414.83216400146483,426.10494762180474,403.5593803811249,6.6684210658306995,15.007665226508182,0.0,0.0,0.0,0.0,0.0
2024-10-24 04:00:00,419.8193359375,421.0548835944768,417.5162582126422,420.4123746810587,13581600,415.2250701904297,414.50696868896483,415.61747802734374,413.9784379577637,416.4839495337406,415.99066108395226,416.6952585021646,55.07411352866892,0.18205664581938663,-0.7469507537229401,0.9290073995423267,2.4161523514565797,414.50696868896483,424.70832366949077,404.3056137084389,6.583699058566481,15.007802971616622,0.0,0.0,0.0,0.0,0.0
2024-10-25 04:00:00,423.1997985839844,427.51926858228103,421.638079540004,421.82588520642906,16899100,416.39439086914064,414.5133941650391,415.758232421875,414.2129972839355,417.70501299742125,416.67724560776486,416.9503385053732,58.82699238202746,0.7251490143102046,-0.4525308001163112,1.177679814426516,2.5607325401574066,414.5133941650391,424.7375985605144,404.28918976956373,6.561107190773827,15.083274216921058,0.0,0.0,0.0,0.0,0.0
2024-10-28 04:00:00,421.6578369140625,426.94598717649535,421.3711813975522,426.669225694439,14882400,417.1307769775391,414.3300384521484,415.91875549316404,414.4307041931152,418.42370825499233,417.1515876369361,417.1349462861062,56.50820195570317,1.0193794374439449,-0.15814875260425998,1.1775281900482049,2.5851344227727946,414.3300384521484,423.84478157897604,404.8152953253208,6.430493902919848,15.003569322159322,0.0,0.0,0.0,0.0,0.0
2024-10-29 04:00:00,426.9559020996094,428.1617979371543,420.8769829019358,423.0515590564399,17644100,418.43650817871094,414.88653259277345,416.12474670410154,414.65602676391603,419.9750162267409,418.0853318714764,417.5200818082044,62.044149692221026,1.660922667664181,0.20566553144942823,1.4552571362147528,3.7543287545586557,414.88653259277345,425.9461781497655,403.8268870357814,6.521572080053379,13.244995999224571,0.0,0.0,0.0,0.0,0.0
2024-10-30 04:00:00,427.5291442871094,433.43012114532394,427.10412312962825,432.38237913794643,29749100,420.05853576660155,415.6476303100586,416.2775592041016,414.8753678894043,421.34849405589875,418.98474257772716,417.91259406227914,62.59887101663805,2.1903570804558967,0.602603841250722,1.5877532392051747,3.1946321281918877,415.6476303100586,427.98155516884475,403.3137054512725,6.679719277455762,12.728345747220734,0.0,0.0,0.0,0.0,0.0
2024-10-31 04:00:00,401.6518249511719,411.3484002261627,401.60238494770107,410.55763165325993,53971000,419.0335235595703,415.1440200805664,415.9258721923828,414.96925476074216,417.7672814914029,417.33398851805526,417.2749168422357,36.596900368235964,0.515907205212784,0.5852645140431344,-0.0693573088303504,-2.9588806123060696,415.1440200805664,428.8937572714664,401.3942828896664,8.257691731816161,25.56183268026566,0.0,0.0,0.0,0.0,0.0
2024-11-01 04:00:00,405.6253662109375,410.69605883957496,402.78855349489004,404.2811047814158,24230400,418.26353149414064,414.86280822753906,415.82346984863284,415.0613818359375,415.5596605313183,416.21888163166307,416.81807171943973,40.672038325619546,-0.4848853567224296,0.37123453989002164,-0.8561198966124512,-1.3818088142036,414.86280822753906,429.16679540057777,400.55882105450036,8.358656661082595,25.858418269097033,0.0,0.0,0.0,0.0,0.0
2024-11-04 05:00:00,403.7374267578125,405.67478719502446,400.88085627166146,405.06193022116906,19672300,417.24346313476565,414.8094314575195,415.6587957763672,415.12047576904297,413.4101634815899,415.0301716436773,416.3051052503563,39.37703796707558,-1.4140611908900382,0.014175393734009667,-1.428236584624048,-1.9821514131483364,414.8094314575195,429.27846260881563,400.3404003062234,8.191328526930912,25.294020926357952,0.0,0.0,0.0,0.0,0.0
2024-11-05 05:00:00,406.7027587890625,410.102988488707,403.3618329661191,403.6484884800003,17626000,415.6570220947266,414.64881134033203,415.61866455078126,415.20501312255857,412.1906353556758,414.23708470514254,415.9285426440311,42.47516541255086,-1.889382594757592,-0.3665362039643107,-1.5228463907932812,-1.6022557260889636,414.64881134033203,429.4148775589712,399.88274512169284,8.089661276546947,25.012199502716165,0.0,0.0,0.0,0.0,0.0
2024-11-06 05:00:00,415.32196044921875,415.58885807174516,405.7736437068039,407.65170044035887,26681800,415.2201354980469,414.78324127197266,415.7439990234375,415.32089920043944,412.7599671908654,414.34040620457836,415.9047551069797,50.408373969775504,-1.5526823360686421,-0.603765430385177,-0.9489169056834651,0.3343132857423825,414.78324127197266,429.5209769031001,400.0455056408452,8.302882928657892,26.05746511015374,0.0,0.0,0.0,0.0,0.0
2024-11-07 05:00:00,420.51123046875,421.91482589939426,415.0254108601489,416.40921822256973,19901800,415.28932495117186,415.25719757080077,416.03716918945315,415.4447413635254,414.1692877868444,414.9281037535471,416.08540119959815,54.47872463034232,-0.8572325895426616,-0.654458862216674,-0.20277372732598753,-0.48653536540633757,415.25719757080077,430.09633633440075,400.4180588072008,8.555641893395542,26.34273144483786,0.0,0.0,0.0,0.0,0.0
2024-11-08 05:00:00,417.6546936035156,421.56890050557604,416.90347090417674,420.4025506464113,16891400,414.734814453125,415.5646026611328,416.22339233398435,415.54294647216796,414.80299793533004,415.18777897735356,416.14694207818314,51.9509673891856,-0.5304674088411048,-0.6296605715415602,0.09919316270045542,-0.485150659567124,415.5646026611328,430.3311450150652,400.79806030720044,8.521047285985727,26.498155610670864,0.0,0.0,0.0,0.0,0.0
2024-11-11 05:00:00,413.177001953125,419.8983686763573,411.1902318053884,417.6348370791872,24503300,413.88673095703126,415.50875396728514,416.24059020996094,415.6233834838867,414.50736230220184,414.99627640361746,416.0304738379848,48.17741037027509,-0.6256043657717214,-0.6288493303875925,0.003244964615871093,-1.5821886739785351,415.50875396728514,430.3039518741792,400.7135560603911,8.25770051348586,26.70870950961631,0.0,0.0,0.0,0.0,0.0
2024-11-12 05:00:00,418.1390075683594,419.5327090402253,412.37642617579047,413.4142742125201,19401200,413.0050415039062,415.7207748413086,416.5092486572266,415.7001707458496,415.1676614415032,415.29558413359285,416.11316143525437,52.31131432614051,-0.2971829653907321,-0.5625160573882204,0.26533309199748834,-1.1958396560107776,415.7207748413086,430.54033151137196,400.9012181712452,8.165211164374556,27.041421379477587,0.0,0.0,0.0,0.0,0.0
2024-11-13 05:00:00,420.2839050292969,424.366129168666,413.3747019871383,416.7650676989441,21502200,412.280517578125,416.1695266723633,416.8314794921875,415.7932369995117,416.09788754837473,415.7706623141361,416.2767200075698,54.01879420242791,0.13461688040013087,-0.4230894698305502,0.557706350230681,-0.3258404717011443,416.1695266723633,430.9701038953342,401.3689494493924,8.697554150066923,26.957548706089884,0.0,0.0,0.0,0.0,0.0
2024-11-14 05:00:00,421.9543762207031,423.21957584577814,415.14402288993426,420.086213638624,30246900,414.31077270507814,416.6721481323242,417.1972021484375,415.9487731933594,417.1627036706162,416.3595874480949,416.4993731923986,55.35935897138963,0.6046444685205188,-0.2175426821603364,0.8221871506808551,-1.1714385149170226,416.6721481323242,431.5450895871408,401.7992066775076,8.724384172285697,26.975292962490872,0.0,0.0,0.0,0.0,0.0
2024-11-15 05:00:00,410.2018127441406,417.91161788162964,408.8575514031372,414.96609164012756,28247600,414.76841735839844,416.5159744262695,417.46012634277344,416.0150715637207,415.89708713852974,415.77313271438493,416.25241003756497,45.34326230365091,0.028482734945782795,-0.16833759873911258,0.19682033368489538,-4.052900667593429,416.5159744262695,431.6009742666658,401.43097458587323,9.261671246473039,28.873207797823085,0.0,0.0,0.0,0.0,0.0
2024-11-18 05:00:00,410.9530334472656,413.5624943414024,407.33534638732004,410.07330906060787,24727000,415.48997802734374,416.36672058105466,417.6586053466797,416.04855606079104,414.9981682855726,415.3140756413259,416.04459134774936,46.01561207664072,-0.36332418239140907,-0.2073349154695719,-0.15598926692183718,2.315739134815198,416.36672058105466,431.6172749510963,401.116166211013,9.186123597820455,28.876197289612687,0.0,0.0,0.0,0.0,0.0
2024-11-19 05:00:00,412.9595642089844,413.10782389174204,406.79168992363145,408.3336509537854,18133500,416.11565856933595,415.88634033203124,417.7295745849609,416.1194512939453,414.62751299892017,415.0898364572934,415.9236098913272,47.86054672233747,-0.5060898354113306,-0.26708589945792366,-0.2390039359534069,1.8081211405878594,415.88634033203124,430.91823651626765,400.8544441477948,9.174831806563029,27.871473537777042,0.0,0.0,0.0,0.0,0.0
2024-11-20 05:00:00,410.6861267089844,412.4653333453386,405.8328921341125,412.0501760807684,19191700,415.6520751953125,415.4361053466797,417.5803192138672,416.17976623535156,413.91089730984095,414.67043552888305,415.7182183939804,45.944660424971175,-0.7935326993397211,-0.3723752594342832,-0.42115743990543797,1.7210938324378144,415.4361053466797,430.52750349101336,400.34470720234606,7.831968430524711,27.839311451988873,0.0,0.0,0.0,0.0,0.0
2024-11-21 05:00:00,408.913330078125,415.7571129679985,406.35806834126146,415.4797975064388,20780200,414.49228515625,414.89080505371095,417.31732482910155,416.18914184570315,413.00224872225624,414.122139771668,415.4513600286528,44.45039322036117,-1.1511137889323209,-0.5281229653338908,-0.62299082359843,0.5435348645394855,414.89080505371095,430.1029937530666,399.6786163543553,7.857312054691424,27.86035240777921,0.0,0.0,0.0,0.0,0.0
2024-11-22 05:00:00,413.0036926269531,413.39985319356293,407.12061602620037,407.42764273220655,24814600,414.0271850585938,414.38099975585936,417.06516723632814,416.21867431640624,413.0025112503829,414.0156209959809,415.3553730717234,48.603864867777006,-1.0918550798583624,-0.6408693882387851,-0.45098569161957724,-0.5581857072421981,414.38099975585936,429.0960085267748,399.6659909849439,7.963405357834249,27.954400743813775,0.0,0.0,0.0,0.0,0.0
2024-11-25 05:00:00,414.776611328125,417.0446437711569,410.87436717729366,414.37053686089325,27691100,414.18714599609376,414.0369384765625,416.83364135742187,416.2254165649414,413.3250749008814,414.08809626570894,415.3326765327588,50.337163842008344,-0.8915551113466904,-0.6910065328603663,-0.20054857848632412,-1.3637255619148525,414.0369384765625,428.351900329698,399.721976623427,7.922628291496774,27.999313607234395,0.0,0.0,0.0,0.0,0.0
2024-11-26 05:00:00,423.888427734375,424.92838338966095,414.83603494213827,415.5689336176803,23458900,414.7620880126953,413.8835647583008,416.709033203125,416.30371994018554,415.24568450697114,415.0214611674866,415.66819618772416,58.14894776793305,0.0024037808501020663,-0.5523244701182727,0.5547282509683747,1.4925569438894337,413.8835647583008,427.6717586450139,400.0953708715877,7.946668126967824,28.777006338340716,0.0,0.0,0.0,0.0,0.0
2024-11-27 05:00:00,418.93634033203125,423.13572759358533,417.97563494679554,421.03601885024915,18332400,414.62733154296876,413.45392456054685,416.5711798095703,416.4012059020996,415.9167128388002,415.39430680220516,415.7963587031872,53.246863637833506,0.3077332194971518,-0.3803129321951878,0.6880461516923396,1.3939155257144842,413.45392456054685,425.9243507715933,400.9834983495004,7.876909394705974,29.054443202811996,0.0,0.0,0.0,0.0,0.0
2024-11-29 05:00:00,419.4018249511719,420.808229889217,413.7960631011275,416.06412568619913,16271900,414.3720764160156,414.3414245605469,416.28685791015624,416.4817158508301,416.55036958650413,415.77597519734485,415.9377495364415,53.64246786679197,0.58057718555375,-0.18813490864540028,0.7687120941991503,0.30200898743131255,414.3414245605469,425.7571533758048,402.925695745289,8.044533479469559,18.631926637553224,0.0,0.0,0.0,0.0,0.0
2024-12-02 05:00:00,426.84979248046875,428.8504232970242,417.27244986667705,417.52996787602956,20207200,416.03687438964846,415.40264587402345,416.2191046142578,416.61389389038084,418.4229919308613,416.8306244624043,416.36567278914845,59.54145629700771,1.3818674212907354,0.12586555734182683,1.2560018639489086,1.5622505103340067,415.40264587402345,427.34091152576144,403.46438022228546,8.249521805139434,19.25959728002636,0.0,0.0,0.0,0.0,0.0
2024-12-03 05:00:00,427.06768798828125,428.3255063010946,423.64082448545395,425.7207055754366,18302000,417.64833984375,416.56915893554685,416.19050170898436,416.75947280883787,419.9947548503922,417.80558289344015,416.7853596597027,59.70301300576298,2.0112931174766686,0.5029510693687952,1.5083420481078735,1.211816266340504,416.56915893554685,428.26496298035005,404.87335489074366,8.072978873082706,19.087229744071728,0.0,0.0,0.0,0.0,0.0
2024-12-04 05:00:00,433.22802734375,435.4564646159383,428.48392353237045,428.8800841135143,26009400,419.67518615722656,417.8954223632812,416.3709020996094,416.94210708618164,422.40080439463907,419.274387126803,417.4301701571163,64.07117565213932,2.972935271135782,0.9969479097221926,1.9759873614135892,5.613386846237978,417.8954223632812,430.8305133902019,404.9603313363606,7.88707526209194,19.46844393278905,0.0,0.0,0.0,0.0,0.0
2024-12-05 05:00:00,438.37823486328125,440.39869339406243,431.99006528414975,433.72329450893346,21697800,422.44439697265625,419.04823608398436,416.59618713378904,417.15349639892577,425.305791752574,421.0938011969438,418.2516628906914,67.26588668891229,4.103321771758488,1.6182226821294519,2.4850990896290357,6.67356101157357,419.04823608398436,434.8169397092311,403.2795324587376,7.910866344525426,18.590498048865303,0.0,0.0,0.0,0.0,0.0
2024-12-06 05:00:00,439.31915283203125,441.8249059308298,437.53638459654593,438.0613042504407,18821000,425.4849792480469,419.98863220214844,416.85610534667967,417.3229560852051,427.8536755852026,422.829548971714,419.0778389668224,67.82870578593571,5.017249702553954,2.2980280862143525,2.7192216163396017,6.383091931419038,419.98863220214844,438.1816319122993,401.7956324919976,7.2817018100052815,18.232018402203835,0.0,0.0,0.0,0.0,0.0
2024-12-09 05:00:00,441.7456359863281,444.03349609525384,436.2785468030062,438.35842787251636,19144400,428.3591735839844,421.19317932128905,417.22959228515623,417.5109991455078,430.3794865672254,424.6310810683439,419.96677218327363,69.2948918158405,5.869679077137562,3.0123582843989944,2.8573207927385673,7.5628338181856325,421.19317932128905,441.76951295047206,400.61684569210604,7.39083047701709,17.943405925341754,0.0,0.0,0.0,0.0,0.0
2024-12-10 05:00:00,439.08135986328125,445.3110884832869,437.36795856004716,440.1312292230723,18469500,430.7896484375,422.4883972167969,417.50472045898437,417.69950927734374,431.96164534832644,426.0072980964332,420.7163638569994,65.75154902542121,6.2581110721707205,3.6615088419533404,2.59660223021738,7.377609768650117,422.4883972167969,444.17155714994385,400.80523728364994,7.507044473812028,17.54511163410271,0.0,0.0,0.0,0.0,0.0
2024-12-11 05:00:00,444.6872253417969,446.03420789468913,439.7945639759969,439.7945639759969,19200200,432.86952819824216,423.81580810546876,418.08194458007813,417.91634414672853,434.27538716532104,427.7863387864678,421.656397640717,69.30776835209811,6.93831217685414,4.3168695089335,2.6214426679206397,7.671488967403017,423.81580810546876,447.5329467174852,400.09866949345235,7.494628470707458,17.598117516830648,0.0,0.0,0.0,0.0,0.0
2024-12-12 05:00:00,445.2516784667969,451.78843398650577,444.8059789125675,444.8059789125675,20834800,435.5010620117188,425.06419677734374,418.74083435058594,418.13481918334963,436.27107649286205,429.4497044703087,422.58170277115147,69.64949855799253,7.437191785345647,4.94093396421593,2.496257821129717,7.347344644407494,425.06419677734374,450.56028674386494,399.56810681082254,7.330497329134017,17.59361275248512,0.0,0.0,0.0,0.0,0.0
2024-12-13 05:00:00,442.983642578125,447.10377945438483,441.30983602760955,444.142443353527,20177800,437.85924377441404,426.1156600952148,419.36602661132815,418.31280166625976,437.49154305381893,430.7386509567674,423.38177884201315,66.44806872377441,7.562371615291454,5.465221494431034,2.0971501208604195,4.504773802344952,426.1156600952148,452.77951072227575,399.4518094681539,7.29583349052064,17.816504980105666,0.0,0.0,0.0,0.0,0.0
2024-12-16 05:00:00,447.26226806640625,447.8466102847365,441.0127411892908,442.9836607244317,23598800,439.90049133300784,427.96868286132815,420.0862799072266,418.50301803588866,439.26803851065296,432.312328776733,424.3182686155188,69.31363510671298,7.915580961290914,5.955293387803011,1.9602875734879026,6.761391888783175,427.96868286132815,455.12250993475635,400.81485578789994,7.343232954919387,13.883597757698046,0.0,0.0,0.0,0.0,0.0
2024-12-17 05:00:00,450.104736328125,450.92679906279125,445.26161469090005,446.6878170659997,22733500,442.2041961669922,429.92626800537107,420.992275390625,418.7103028869629,441.2383472047388,434.0068437816275,425.32950264346414,71.0807163406393,8.328855484461315,6.4300058071346715,1.898849677326643,7.320643247207537,429.92626800537107,457.5559575617498,402.29657844899236,7.022762405659047,13.866728638934198,0.0,0.0,0.0,0.0,0.0
2024-12-18 05:00:00,433.1983337402344,448.3120705924071,432.83185420697276,446.9948298056794,24444500,442.20122680664065,430.9382064819336,421.45793884277344,418.8934780883789,439.77652657482884,433.9298428253043,425.63808425510217,51.92727331813985,7.209071437376053,6.585818933182948,0.623252504193105,1.4873010064907266,430.9382064819336,457.40966390315117,404.46674906071604,7.834197358057103,20.397285425465444,0.0,0.0,0.0,0.0,0.0
2024-12-19 05:00:00,432.841796875,438.93285336164837,432.1386095010433,437.38780577162396,22963700,441.6475830078125,432.0459899902344,421.8621075439453,419.077628326416,438.51566662940536,433.82621940146583,425.9205827892158,51.61142481329432,6.221151406252034,6.512885427796766,-0.29173402154473216,1.352036000175505,432.0459899902344,456.7439081242977,407.34807185617103,7.818631434665361,20.221296766221005,0.0,0.0,0.0,0.0,0.0
2024-12-20 05:00:00,432.41595458984375,439.4875143941051,424.5223319655796,428.95937961527454,64263700,440.95726318359374,433.2211212158203,422.28978454589844,419.22493225097656,437.4066280767578,433.69190846702566,426.17530325198555,51.2107670034821,5.342273348792048,6.278763011995823,-0.9364896632037745,-0.18744695694904445,433.2211212158203,455.3919282993608,411.05031413227977,8.060574934535245,20.101982171134956,0.0,0.0,0.0,0.0,0.0
2024-12-23 05:00:00,431.078857421875,433.4558513948008,428.6820357713906,432.5545685943141,19152500,439.8905853271484,434.12487945556643,422.6812298583984,419.3799298095703,436.25612432132453,433.4430464627256,426.367599493942,49.900877049345326,4.48615004423425,5.920240418443508,-1.4340903742092577,-1.6650866445691026,434.12487945556643,454.20024565550455,414.0495132556283,8.066941635090213,20.023398719784925,0.0,0.0,0.0,0.0,0.0
2024-12-24 05:00:00,435.1197509765625,435.38718282685113,430.02902490868655,430.48460812290455,7164500,439.4944244384766,435.1420364379883,423.0977453613281,419.5635034179688,436.04951098591323,433.60273260690053,426.71082112071144,53.75100330647815,4.086624433410577,5.553517221436922,-1.4668927880263452,-0.9558886354937401,435.1420364379883,453.03227889209427,417.2517939838823,7.850468870126467,20.173817736817487,0.0,0.0,0.0,0.0,0.0
2024-12-26 05:00:00,433.9114074707031,436.7143034093448,432.44561022869516,434.8721127935591,8194200,438.4168426513672,435.6431854248047,423.49800170898436,419.6880487060547,435.66076489223866,433.63213021297696,426.9931970560052,52.45289188537289,3.630642499296016,5.168942277008741,-1.5382997777127247,-1.7734704946507862,435.6431854248047,452.7505025064584,418.535868343151,7.554759232321962,18.87272104079621,0.0,0.0,0.0,0.0,0.0
2024-12-27 05:00:00,426.4040832519531,431.04913980352325,422.2641488688207,430.4350863105853,18117700,436.53208312988284,436.0165725708008,423.7999060058594,419.7759437561035,433.9777318667322,432.94374478811756,426.97009455388553,45.15625468759037,2.6331419864649774,4.6617822188999885,-2.028640232435011,-2.8872272362633455,436.0165725708008,451.86845534802586,420.16468979357575,8.080383322864716,19.47856912200049,0.0,0.0,0.0,0.0,0.0
2024-12-30 05:00:00,420.7586975097656,423.45263204127576,417.8567839421245,421.9769208859116,13158700,434.30958862304686,436.0844161987305,423.977041015625,419.7857768249512,431.57427107455646,431.7832640949412,426.7265103560769,40.58427548355397,1.3712730128021917,4.003680377680429,-2.6324073648782376,-5.38097936445987,436.0844161987305,451.6458479335365,420.52298446392444,8.136979752691929,20.11897928871281,0.0,0.0,0.0,0.0,0.0
2024-12-31 05:00:00,417.4605712890625,422.6404606703214,416.6286250231158,422.0164934145828,13246500,431.3294189453125,435.61495513916014,424.05974670410154,419.82245407104494,429.00814384083026,430.41919811342893,426.3631401965862,38.15384619222619,0.10390379916077563,3.223725061976499,-3.1198212628157234,-6.241662529702696,435.61495513916014,452.82824681524465,418.40166346307564,7.999030161546634,19.192973852241714,0.0,0.0,0.0,0.0,0.0
2025-01-02 05:00:00,414.568603515625,421.9868450538027,410.8743686174563,421.45201157982797,16896500,427.7758056640625,434.99000091552733,424.0723565673828,419.8402394104004,426.3827728726111,428.90961767554285,425.90060934635244,36.11171264641621,-1.1209316612503812,2.354793717331123,-3.475725378581504,-6.4144668857583635,434.99000091552733,454.29091163485583,415.68909019619883,8.2961464761851,19.29454593609712,0.0,0.0,0.0,0.0,0.0
2025-01-03 05:00:00,419.29290771484375,419.9663838035234,415.5194225803269,417.0446425061394,16662900,426.38526306152346,434.29324493408205,424.00687133789063,419.8615054321289,425.0937064802897,427.9937405364287,425.6414837921756,41.60983737790505,-1.6909188617914879,1.5456512015066006,-3.2365700632980885,-6.253458507125808,434.29324493408205,454.82860232698795,413.75788754117616,8.174473022127207,18.99236700790986,0.0,0.0,0.0,0.0,0.0
2025-01-06 05:00:00,423.7497863769531,430.15778356293015,421.4025036603563,423.8983428352595,20573600,425.47606201171874,433.56182250976565,424.0880505371094,419.8862446594238,424.84935737059214,427.58955442600245,425.56729957981395,46.304544584309006,-1.7626858195196746,0.8839837973013456,-2.64666961682102,-5.855292740567652,433.56182250976565,454.5222217166242,412.6014233029071,8.536682480792289,18.87905559098868,0.0,0.0,0.0,0.0,0.0
2025-01-07 05:00:00,418.3222961425781,426.52294519780327,416.7673346717813,424.88876369017254,18139100,424.0666961669922,432.511979675293,424.05810974121096,419.86345947265625,423.66261896549867,426.70695839900964,425.28318179796156,41.88773544753693,-2.2317880892052244,0.2608294200000316,-2.492617509205256,-3.434001573647927,432.511979675293,454.34343936437625,410.68051998620973,8.745378297262018,19.225682234231197,0.0,0.0,0.0,0.0,0.0
2025-01-08 05:00:00,420.49127197265625,422.87817962096636,417.50022470253026,419.40180766065134,15054600,423.0079376220703,431.4492614746094,424.0039392089844,419.8546212768555,423.08601042134546,426.1149882631664,425.09526376559666,44.17924193228977,-2.400861162038723,-0.2715086964077193,-2.1293524656310034,-2.85335773751777,431.4492614746094,453.4567224490007,409.44180050021805,8.72486190772951,19.207612908865254,0.0,0.0,0.0,0.0,0.0
2025-01-10 05:00:00,414.9350280761719,420.6398068835906,411.0426680414125,420.5605868581897,20201100,420.9894653320313,430.24194488525393,423.8694830322266,419.84695755004884,421.6040136313139,425.0502301501193,424.69682315032514,39.84477276953767,-2.949198710422195,-0.8070466992106144,-2.1421520112115804,-4.0426183003013705,430.24194488525393,453.1186318005487,407.36525796995915,8.176594530659928,19.55417570242291,0.0,0.0,0.0,0.0,0.0
2025-01-13 05:00:00,413.1919250488281,414.48936844362913,408.3388895039501,411.2606004893305,17604800,418.9175170898437,428.6671798706055,423.5942034912109,419.83653701782225,420.0745429799528,423.92086775952015,424.2456506757566,38.56641228719972,-3.4842497523862903,-1.3424873098457497,-2.1417624425405406,-4.149341139118279,428.6671798706055,451.69264710730306,405.6417126339079,8.162444152918264,18.676032499687004,0.0,0.0,0.0,0.0,0.0
2025-01-14 05:00:00,411.68646240234375,415.7174348070365,406.7838883687819,413.8059381113699,16935900,417.4457550048828,426.9889190673828,423.2773498535156,419.8196725463867,418.54943742038745,422.7556862969319,423.753133488564,37.448899121564786,-3.9838366231331293,-1.8707571725032257,-2.1130794506299035,-5.385480323893866,426.9889190673828,449.816813626689,404.16102450807665,7.731613010756056,18.587363015143314,0.0,0.0,0.0,0.0,0.0
2025-01-15 05:00:00,422.2244873046875,424.04685017409594,414.2615295855494,415.1133035563719,19637800,417.592333984375,425.9509613037109,423.6888031005859,419.8589945983887,419.21762830844193,422.70509591671816,423.6931865793924,48.66264727650494,-3.4892108273987787,-2.1944479034823363,-1.2947629239164424,-2.6933885500128762,425.9509613037109,447.5726227667426,404.32929984067925,8.273511021351911,21.307512975203363,0.0,0.0,0.0,0.0,0.0
2025-01-16 05:00:00,420.5110778808594,425.3740271428382,420.3229265289763,424.5916197701724,15300000,417.8973846435547,424.61340179443357,423.98651733398435,419.87079040527345,419.45280095797233,422.4961418180649,423.5683980029793,47.18157950885246,-3.1986026414461435,-2.3952788510750977,-0.8033237903710457,-1.3820236725105906,424.61340179443357,443.86380924279473,405.3629943460724,8.251578356758861,20.83664050762542,0.0,0.0,0.0,0.0,0.0
2025-01-17 05:00:00,424.9184875488281,430.3162708057646,424.0667436709179,429.92999377383796,26197500,418.932373046875,423.3540893554688,424.4101385498047,419.92003662109374,420.4465621563097,422.72684141147096,423.6213426910518,51.28851185824189,-2.5828786174977836,-2.432798804359635,-0.15007981313814867,0.9886402975581854,423.3540893554688,438.4245482423316,408.28363046860596,8.64704262420569,21.131619481961227,0.0,0.0,0.0,0.0,0.0
2025-01-21 05:00:00,424.3935546875,426.770548715405,421.52135231106814,426.07727516253885,26085700,419.44243774414065,422.91385040283205,424.76395446777343,419.9715333557129,421.16419716198067,422.885576009188,423.6516255144419,50.782049251434174,-2.1129142273592834,-2.3688218889595647,0.25590766160028133,1.6607516674040257,422.91385040283205,437.2710170086487,408.5566837970154,8.190038181523866,16.666229996264477,0.0,0.0,0.0,0.0,0.0
2025-01-22 05:00:00,441.9239501953125,442.9836731089654,431.8216876151847,433.36673527212855,27803800,421.2598541259766,423.36795806884766,425.29599426269533,420.1233378601074,424.9386977134955,424.6987545031046,424.3681872666329,63.680549008761794,-0.32219360509066064,-1.9594962321857838,1.6373026270951232,6.5985090158079185,423.36795806884766,439.5107720413621,407.2251440963332,8.907382403783632,22.429719859953888,0.0,0.0,0.0,0.0,0.0
2025-01-23 05:00:00,442.42901611328125,442.46864124256984,437.26895379651836,437.7641621247137,18389300,423.6705261230469,423.86861114501954,425.7343499755859,420.24004501342773,428.1187556043656,426.387350846931,425.0764550645407,63.973489163992824,1.124754518121165,-1.3426460821243942,2.467400600245559,5.517886893086232,423.86861114501954,441.7232831073641,406.01393918267496,8.84937181798691,22.4158054265877,0.0,0.0,0.0,0.0,0.0
2025-01-24 05:00:00,439.804443359375,442.3696190202124,437.16993127456703,440.8939077892008,15549500,425.6018432617187,424.30489044189454,426.17734497070313,420.3482092285156,430.2434261052764,427.6651691814494,425.65402323296564,61.21061191829667,2.036217990204932,-0.6668732676585291,2.703091257863461,3.7887115223558476,424.30489044189454,443.2918972523009,405.3178836314882,8.43127241815604,22.51105020499247,0.0,0.0,0.0,0.0,0.0
2025-01-27 05:00:00,430.39544677734375,431.0293279263355,419.4414413066827,419.9465634582157,35647800,427.14788513183595,424.0686752319336,426.5217138671875,420.4010061645508,430.27106622747044,427.92519561915367,425.83996141117655,52.46309420114049,1.9765475587670949,-0.13818910237340432,2.1147366611404994,2.8860882496807516,424.0686752319336,442.6012823241862,405.536068139681,9.500216829927032,23.631979461496,0.0,0.0,0.0,0.0,0.0
2025-01-28 05:00:00,442.914306640625,444.08299095093025,427.24590909189664,430.4350516883182,23491700,430.1201232910156,424.51882019042966,427.0172198486328,420.5312689208984,432.56983721168035,429.35273000215096,426.5095435770373,60.54272241908644,2.9059279499107333,0.4706343080834232,2.43529364182731,5.3325802846692305,424.51882019042966,444.4431458799509,404.5944945009084,9.92680297356612,25.819745882801744,0.0,0.0,0.0,0.0,0.0
2025-01-29 05:00:00,438.0909729003906,442.5973866839753,436.17947606614763,442.409205107017,23581400,432.7605743408203,425.10316467285156,427.3733612060547,420.61441833496093,433.5736800641731,430.18494361150715,426.96371727599234,56.55436718439942,3.2161916280825267,1.019745772083244,2.1964458559992828,5.580619436151313,425.10316467285156,445.9255667045383,404.2807626411648,9.711032977027221,25.30720920863413,0.0,0.0,0.0,0.0,0.0
2025-01-30 05:00:00,411.01300048828125,418.8075747745586,409.20055129765046,414.75677425796516,54586300,431.63942565917966,424.61587982177736,427.15453369140624,420.5918719482422,429.4717383231018,428.35904426643805,426.33819897059186,40.44574917138884,1.2625577746518957,1.0683081725969743,0.19424960205492137,-0.5273395796128844,424.61587982177736,446.30448185650596,402.92727778704875,11.390494883048941,33.5742418943043,0.0,0.0,0.0,0.0,0.0
2025-01-31 05:00:00,411.08233642578125,416.6583870568431,410.933779971825,414.964783031506,34161900,430.69655151367186,424.2969680786133,427.1721441650391,420.61034790039065,426.1282107054071,426.71364351970885,425.7399298511876,40.49248940218678,-0.27692409014014174,0.7992617200495512,-1.0761858101896928,-0.14674419290767737,424.2969680786133,446.6072333071831,401.9867028500435,11.113885471823226,33.47671195355489,0.0,0.0,0.0,0.0,0.0
2025-02-03 05:00:00,406.9820556640625,411.4290171061556,404.7437041840203,407.6555317858933,25679100,428.9029083251953,423.91764068603516,427.092724609375,420.60369338989256,422.6470916069808,424.834444676314,425.0043269418886,38.564918374130166,-1.8070029442296232,0.27800878719371636,-2.0850117314233394,-3.610030232478134,423.91764068603516,447.16274212196345,400.67253925010687,11.120255068245617,33.57096269076046,0.0,0.0,0.0,0.0,0.0
2025-02-04 05:00:00,408.4180908203125,409.9532546940812,405.81329031153365,408.7350313881363,20532100,427.30536193847655,423.37389984130857,427.00189514160155,420.61771224975587,420.06000055485924,423.2709824043138,424.35388630967,39.648496346740004,-2.8706345360321848,-0.35171987745146394,-2.5189146585807207,-2.875783230608042,423.37389984130857,447.56404497479997,399.1837547078172,10.777856349980826,33.309886121302654,0.0,0.0,0.0,0.0,0.0
2025-02-05 05:00:00,409.32928466796875,409.8640878693508,406.46696618877354,408.39829064688985,16316700,424.0458953857422,422.6528747558594,426.9747583007813,420.67356475830076,418.1089613026973,421.9432016675191,423.76468624528957,40.36721548109889,-3.598562518559845,-1.0010884056731402,-2.597474112886705,-3.668751381185309,422.6528747558594,447.6422923422346,397.66345716948416,10.137623057754045,33.049979867349975,0.0,0.0,0.0,0.0,0.0
2025-02-06 05:00:00,411.8350524902344,414.19224891795665,410.0324869601977,410.0324869601977,16309800,420.9864990234375,422.32851257324216,427.03319274902344,420.76730682373045,416.9682506095222,420.9805207934919,423.29685747058153,42.39872084207851,-3.9279768949057825,-1.5864661035196685,-2.341510791386114,-2.959164214101462,422.32851257324216,447.7197848393668,396.9372403071175,10.12418474604876,32.87517315184636,0.0,0.0,0.0,0.0,0.0
2025-02-07 05:00:00,405.8232116699219,414.63791357819275,404.1890302854019,412.48872643025265,22886800,417.5883758544922,421.5951095581055,426.8895831298828,420.8219288635254,414.9418798932312,419.5369675436281,422.61161645879093,38.968675529308555,-4.620878857538969,-2.193348654323529,-2.42753020321544,-8.16899344546399,421.5951095581055,448.03549439833256,395.1547247178784,10.170162629469164,33.16415705238595,0.0,0.0,0.0,0.0,0.0
2025-02-10 05:00:00,408.26953125,411.4784713555885,406.982001762604,409.7452423090315,20817900,415.3757843017578,421.2618347167969,426.75944152832034,420.8562319946289,413.7287255944619,418.4638783728064,422.04918174472067,41.05826244063708,-4.915943176774817,-2.737867558813787,-2.1780756179610306,-7.720896148125811,421.2618347167969,448.21867809897736,394.30499133461643,10.199167149564147,32.97046435228362,0.0,0.0,0.0,0.0,0.0
2025-02-11 05:00:00,407.4970397949219,408.5369652151938,405.3775335991668,405.714301867279,18140600,411.8340576171875,420.9770904541016,426.4316137695312,420.8793354797363,412.59569181272735,417.41941755586504,421.47850951139526,40.58571434758478,-5.152720030976923,-3.220838053246414,-1.9318819777305087,-7.345856562448128,420.9770904541016,448.40897250348473,393.54520840471844,9.096975234889978,32.9472170872162,0.0,0.0,0.0,0.0,0.0
2025-02-12 05:00:00,405.1200256347656,406.813629604169,400.4947666868975,403.30754628100544,19121700,408.536962890625,420.64876861572264,426.15528747558596,420.9398960876465,411.23647978037064,416.2480468967127,420.83700033976277,39.09468584923615,-5.469127869341833,-3.6704960164654983,-1.7986318528763343,-5.87260421359751,420.64876861572264,448.69905637542837,392.5984808560169,9.225731353602328,32.98419190895831,0.0,0.0,0.0,0.0,0.0
2025-02-13 05:00:00,406.6056213378906,407.0612044905901,402.465657162982,403.0995382668374,23891700,408.0962249755859,419.8678253173828,425.8993634033203,420.97203521728517,410.39450551810154,415.3297206530154,420.2789070455717,40.56433419814945,-5.536190445938587,-4.043634902360116,-1.4925555435784705,-8.197677238769973,419.8678253173828,448.5949194549153,391.1407311798503,9.17833581709475,31.562331191792797,0.0,0.0,0.0,0.0,0.0
2025-02-14 05:00:00,404.515869140625,404.99128001840967,401.99031874797896,403.8820181953633,22758500,407.4395782470703,419.0680648803711,425.45268493652344,421.01376815795896,409.3256625403785,414.2998300327877,419.6607486963581,39.13382904622645,-5.692345740251369,-4.373377069938367,-1.3189686703130024,-7.663956994475585,419.0680648803711,448.5991177712095,389.5370119895327,8.053500141181846,31.575412540108665,0.0,0.0,0.0,0.0,0.0
2025-02-18 05:00:00,405.7142639160156,406.6650553734785,402.6043413346739,404.08996621044764,21423100,407.31279907226565,418.1078536987305,425.02561645507814,421.1251162719727,408.66904460867613,413.4821570692856,419.11382772457995,40.431169462709505,-5.654221151260174,-4.629545886202728,-1.0246752650574456,-1.2891895307376555,418.1078536987305,448.08346166860173,388.13224572885923,7.140902439736915,31.300834716044683,0.0,0.0,0.0,0.0,0.0
2025-02-19 05:00:00,410.7950744628906,411.50817561028913,403.74331324145845,403.9711199361536,24114200,407.5504974365234,417.4279296875,424.57695739746094,421.234242401123,409.05559549126053,413.2262444401052,418.7876021064745,45.714187423230385,-5.154609066103035,-4.734558522182789,-0.42005054392024554,-0.06987942254786939,417.4279296875,447.4201106599052,387.4357487150948,7.21447613933358,31.73061269300792,0.0,0.0,0.0,0.0,0.0
2025-02-20 05:00:00,412.9684753417969,416.1243081620841,409.4057538443196,412.1348608394034,23508700,407.91441650390624,415.9801559448242,424.0687622070312,421.3399548339844,409.767028191358,413.20169500217105,418.5594010568793,47.845024661881325,-4.5310564043025465,-4.693858098606741,0.16280169430419456,1.4709296379090908,415.9801559448242,443.7031564799291,388.25715540971936,5.630771333263892,27.60309455558297,0.0,0.0,0.0,0.0,0.0
2025-02-21 05:00:00,405.108642578125,414.8738801834256,404.79109677447474,414.16928284227896,27524800,407.2417755126953,414.11413726806643,423.3845520019531,421.3629348754883,408.920048988952,412.4309281046429,418.03192033222234,41.50079999668549,-4.617877229859346,-4.678661924857263,0.060784694997916944,-0.810308925234049,414.11413726806643,439.2440719793198,388.98420255681305,5.942069642116236,28.103138973134644,0.0,0.0,0.0,0.0,0.0
2025-02-24 05:00:00,400.9306640625,406.25986136038705,396.28622700480537,405.40640963245147,26443700,406.7525207519531,412.17044830322266,422.56825256347656,421.33114471435545,407.46743354777885,411.33566486253403,417.3612828314489,38.57286613961157,-4.966559898082153,-4.736241519502241,-0.2303183785799119,-2.0518005723146215,412.17044830322266,434.8254967294135,389.5153998770318,6.176949744505265,28.180957218890445,0.0,0.0,0.0,0.0,0.0
2025-02-25 05:00:00,394.876953125,398.8664306026397,393.6860882830661,398.05265327493277,29387400,405.41326293945315,410.39452362060547,421.6841644287109,421.2897689819336,405.1782552890918,409.7681685065784,416.47954441158817,34.7475356422262,-5.666062463378296,-4.922205708277453,-0.7438567551008433,-4.11769208635695,410.39452362060547,432.59826691666836,388.1907803245426,6.398707701425719,27.764911601394328,0.0,0.0,0.0,0.0,0.0
2025-02-26 05:00:00,396.69305419921875,400.53364695077397,391.25467770642615,394.9861207223364,19619000,404.33286437988284,408.08346099853514,420.7242810058594,421.2515644836426,403.63549145456943,408.52291952492504,415.7036036189462,36.77330750834715,-6.004661111597102,-5.138696788941383,-0.865964322655719,-2.2497869042860885,408.08346099853514,425.0363573228641,391.1305646742062,6.818839670266475,25.110923410721554,0.0,0.0,0.0,0.0,0.0
2025-02-27 05:00:00,389.5477600097656,402.657388820498,389.1905096396701,398.22134834414993,21127400,402.7756378173828,405.6563003540039,419.6102026367187,421.16886795043945,401.0740857373323,406.7157614758622,414.6778842617234,32.49845517943679,-6.771510744413206,-5.465259580035747,-1.3062511643774588,-4.585640075298758,405.6563003540039,417.7127688968256,393.59983181118224,7.433405022469332,25.443521070917868,0.0,0.0,0.0,0.0,0.0
2025-02-28 05:00:00,393.9739074707031,394.60905968634097,383.63308910279267,389.67681744038765,32845700,401.51246643066406,404.804345703125,418.6300079345703,421.0963851928711,399.7831442343088,405.50225157060896,413.86596360325206,37.356431157385195,-6.942067659343593,-5.760621195897317,-1.1814464634462762,-3.3185841867770183,404.804345703125,417.64933319812934,391.9593582081207,7.471054114666292,15.280396235516951,0.0,0.0,0.0,0.0,0.0
2025-03-03 05:00:00,385.5384521484375,395.7899873220531,383.2261675615013,395.7899873220531,23007700,399.61472473144534,403.5271514892578,417.3955316162109,420.98674789428713,397.1932002186958,403.60093733992596,412.75508080110245,32.54867629051441,-7.669496804619655,-6.142396317641785,-1.5271004869778704,-4.833523955189967,403.5271514892578,418.6258239896046,388.42847898891097,7.964522691443802,16.713749817710664,0.0,0.0,0.0,0.0,0.0
2025-03-04 05:00:00,385.6575622558594,389.5974018138781,378.10539295987144,380.487153157592,29342900,397.6090545654297,402.46092681884767,416.1065881347656,420.863720703125,395.09581149818007,401.8920444747768,411.6924330150145,32.68042400168298,-8.142516590159858,-6.5424203721454,-1.6000962180144578,-5.151935433923416,402.46092681884767,419.4284266135974,385.4934270240979,8.55970677987092,16.554663944250024,0.0,0.0,0.0,0.0,0.0
2025-03-05 05:00:00,397.9732666015625,398.61835249883035,385.85603973587394,386.3820118850688,23433100,396.3268737792969,401.93868560791014,415.4020867919922,420.76640701293945,395.6189851533405,401.5188275344707,411.15442648899676,44.70645589128684,-7.437874575867056,-6.721511212889731,-0.716363362977325,-1.6173908215175725,401.93868560791014,418.776630273959,385.1007409418613,8.98531514665282,20.546774487199976,0.0,0.0,0.0,0.0,0.0
2025-03-06 05:00:00,393.8746643066406,399.09468114787944,389.6966277473878,391.28447789138556,23304600,394.41749267578126,401.16595458984375,414.622744140625,420.6589108276367,395.30183590848594,400.790811988963,410.47678875635535,42.016401616111196,-7.127996547444923,-6.80280827980077,-0.3251882676441529,-2.9182113281148614,401.16595458984375,417.99430177888314,384.33760740080436,9.328351294715926,20.7484303837926,0.0,0.0,0.0,0.0,0.0
2025-03-07 05:00:00,390.32183837890625,391.80050846371955,382.61088158953936,389.33936956128906,22034100,392.9388122558594,400.09029388427734,413.78086181640623,420.5374984741211,394.3963818121987,399.79376688324334,409.686398545475,39.78180996153847,-7.087400199783076,-6.859726663797232,-0.2276735359858444,-4.9838075859972015,400.09029388427734,416.79700426388706,383.3835835046676,9.803242732372325,20.67368315177974,0.0,0.0,0.0,0.0,0.0
2025-03-10 04:00:00,377.2717590332031,383.4643412864511,374.3540930979484,382.90859827837613,32840100,390.5729217529297,398.66272125244143,412.7047198486328,420.3255276489258,391.2828140341995,397.6488137546681,408.41523621166044,32.86722311290943,-8.015857821645056,-7.090952895366797,-0.9249049262782592,-8.643932513020292,398.66272125244143,417.98193573817883,379.343506766704,10.653744963954702,23.06646975490067,0.0,0.0,0.0,0.0,0.0
2025-03-11 04:00:00,377.5595397949219,383.0673615053873,374.04642649696916,376.1205440687611,30380200,388.8411804199219,397.1272216796875,411.553515625,420.0967427062988,388.78767326342165,395.7355495680256,407.2052089012001,33.14319231767783,-8.62897620739244,-7.398557557771927,-1.230418649620514,-6.800423364922481,397.1272216796875,418.0468700624849,376.20757329689013,10.743464438210948,22.851497769780824,0.0,0.0,0.0,0.0,0.0
2025-03-12 04:00:00,380.3581237792969,382.2933209136247,376.0709676751301,380.0405779726452,24253600,387.2076873779297,395.77027587890626,410.4824499511719,419.87464950561525,387.25502790267166,394.27103282624194,406.1523820336745,35.90267203208339,-8.78775483898346,-7.676397014014234,-1.1113578249692262,-5.131196520303105,395.77027587890626,417.3675174118775,374.17303434593504,10.708021503977383,23.190886166141507,0.0,0.0,0.0,0.0,0.0
2025-03-13 04:00:00,375.8923034667969,382.3925583494832,374.58235511618193,380.2489652043101,20473000,385.84214172363284,394.3088897705078,409.47221435546874,419.6475926208496,385.1890780052399,392.52067764915193,404.96571228595377,33.52476487366195,-9.168256471694633,-7.974768905550315,-1.1934875661443183,-4.807738083461521,394.3088897705078,417.1612625749701,371.45651696604546,10.545694348573837,23.369306784748062,0.0,0.0,0.0,0.0,0.0
2025-03-14 04:00:00,385.60791015625,387.2652356448431,376.62667971124,376.8946174814204,19952800,385.0055419921875,393.2590042114258,408.7691986083984,419.4535243225098,385.26522930542353,391.8623188403041,404.2065827906713,42.45439813704757,-8.586854579398562,-8.097186040319965,-0.48966853907859687,-2.794388236856249,393.2590042114258,415.6575437481019,370.8604646747497,10.64564419303559,25.515957727577188,0.0,0.0,0.0,0.0,0.0
2025-03-17 04:00:00,385.74688720703125,389.7264008785539,382.6406623483486,383.7620820869245,22474300,385.02638549804686,392.32055511474607,408.13492492675783,419.2593615722656,385.3528034693522,391.2798967799924,403.4826731599403,42.57323357009333,-8.022397895293523,-8.082228411314677,0.05983051602115452,-0.9757141980842321,392.32055511474607,414.3021281787492,370.33898205074297,10.634298675233547,25.515897738559396,0.0,0.0,0.0,0.0,0.0
2025-03-18 04:00:00,380.6062316894531,384.4269877309022,378.2046343736099,384.1292790671939,19486900,384.52125244140626,391.06515350341795,407.4556774902344,419.04516860961917,384.48979041846144,390.26335724756007,402.5855578081565,39.337307841113756,-7.898817196667096,-8.045546168385162,0.14672897171806554,-3.3930358147497452,391.06515350341795,412.6909843398733,369.4393226669626,10.510247503024512,25.72878555886151,0.0,0.0,0.0,0.0,0.0
2025-03-19 04:00:00,384.8735656738281,386.719419886704,381.0825806498319,382.60095534567967,19185500,383.21128234863284,389.76907806396486,406.76729064941406,418.92384506225585,384.559567737619,389.7500437643475,401.8909698813201,43.197027702110994,-7.3715655941843465,-7.910750053545,0.5391844593606532,-0.1724565917885057,389.76907806396486,409.4343475022549,370.1038086256748,9.984983861340437,25.62743722626582,0.0,0.0,0.0,0.0,0.0
2025-03-20 04:00:00,383.9009704589844,388.81337483302246,380.36802006472885,382.80932167745146,18470500,382.2139129638672,388.3157028198242,405.9703143310547,418.7953894042969,384.4398227778672,389.1929891638367,401.1854797078952,42.53279808469872,-6.95205622938704,-7.719011288713409,0.766955059326369,-0.4554796712918141,388.3157028198242,404.8011673308535,371.8302383087949,9.804225588822245,25.43626982172779,0.0,0.0,0.0,0.0,0.0
2025-03-21 04:00:00,388.2874450683594,388.76377892625936,379.8916973941909,380.3085198055768,39675900,382.0104736328125,387.4746429443359,405.3696173095703,418.69680892944336,385.1393904670476,389.10674686902934,400.67967442791337,46.526461585259916,-6.1942368866539255,-7.414056408301512,1.2198195216475867,-2.4337869766765663,387.4746429443359,401.94610600045837,373.0031798882135,9.540530001073437,25.269943056861138,0.0,0.0,0.0,0.0,0.0
2025-03-24 04:00:00,390.0935974121094,392.3959786933822,386.84845184017416,392.3959786933822,21004500,383.29265747070315,386.9327896118164,404.76166381835935,418.5946792602539,386.04015536614975,389.20073263503696,400.26453415278377,48.12503532310778,-5.3858336603769885,-7.008411858716608,1.6225781983396192,-0.9599670243292446,386.9327896118164,400.0290544201698,373.836524803463,9.115924143873533,25.174960146712973,0.0,0.0,0.0,0.0,0.0
2025-03-25 04:00:00,392.1578063964844,393.34867131877104,389.65696280253144,390.9272368910712,15775000,384.7524841308594,386.7968322753906,404.3061193847656,418.46370025634764,387.15245555348326,389.4823587075557,399.94662326037985,49.9659897291642,-4.526426043766776,-6.512014695726641,1.9855886519598656,0.47037286594142635,386.7968322753906,399.5990039678008,373.99466058298043,8.453846877678435,24.7236044578287,0.0,0.0,0.0,0.0,0.0
2025-03-26 04:00:00,387.00726318359375,392.30668970786087,385.61790552875834,391.99904730878035,16108400,385.4173980712891,386.3125427246094,403.7824261474609,418.3044526672363,387.12605694077604,389.24663532432123,399.43919737501574,45.616016077586906,-4.212387329288333,-6.052089222438981,1.8397018931506475,2.5805016986532037,386.3125427246094,398.24147655106515,374.3836088981536,8.260327647579215,25.063158403083285,0.0,0.0,0.0,0.0,0.0
2025-03-27 04:00:00,387.6125793457031,389.259971232933,384.4567464670721,387.1660163642304,13766800,386.5894256591797,386.2157836914063,403.30094848632814,418.1515367126465,387.2145155598537,389.09101094540523,398.97540843268973,46.20872017197463,-3.87005385824051,-5.615682149599287,1.745628291358777,2.662636880064473,386.2157836914063,398.06535542468174,374.3662119581308,7.79885922249062,24.26342242177807,0.0,0.0,0.0,0.0,0.0
2025-03-28 04:00:00,375.92205810546875,386.1735929782764,374.06627026028934,385.1315521729189,21632000,385.62084045410154,385.31319122314454,402.37489990234377,417.92033630371094,385.16134147723824,387.8368249606494,398.0713554786811,37.66990324992708,-4.490317888882828,-5.390609297455995,0.9002914085731675,-1.1662865590330251,385.31319122314454,397.4218006207516,373.2045818255375,7.625899494237473,26.063095673423614,0.0,0.0,0.0,0.0,0.0
2025-03-31 04:00:00,372.53802490234375,374.2052539943911,364.44991951956155,369.7096714477169,35184700,384.2999542236328,384.66316986083984,401.4154388427734,417.6484867858887,382.8661930090756,386.3797963836679,397.0700483972561,35.61812581505038,-5.1950593890497885,-5.351499315774754,0.15643992672496587,-0.8923509562491994,384.66316986083984,398.0492669607082,371.27707276097146,7.8009854640581215,25.209050990546146,0.0,0.0,0.0,0.0,0.0
2025-04-01 04:00:00,379.2863464355469,379.9413357760227,370.3944277527412,371.80362246362756,19689500,384.1679656982422,384.34460906982423,400.5027960205078,417.3690376281738,382.21531181388855,385.70422972194206,396.37264832032633,42.360346179775654,-5.149676688366128,-5.311134790293029,0.16145810192690124,-1.639376048624519,384.34460906982423,397.93278406291677,370.7564340767317,8.038453662971468,26.16159452036205,0.0,0.0,0.0,0.0,0.0
2025-04-02 04:00:00,379.2367248535156,382.1543604865691,373.7586433966847,375.0983928958324,16092600,383.6042816162109,383.40778198242185,399.59965942382814,417.0867752075195,381.6737505483662,385.08827687733003,395.7006513216279,42.32524688821931,-5.059393083965574,-5.260786449027538,0.20139336506196415,-1.6876772229199144,383.40778198242185,395.5458486672887,371.269715297555,8.080276081298836,23.15971859876873,0.0,0.0,0.0,0.0,0.0
2025-04-03 04:00:00,370.2752990722656,374.61212363444304,366.54388609690864,371.9425583652147,30198000,382.24171447753906,382.2278137207031,398.1666864013672,416.754821472168,379.6013048254388,383.6775170863715,394.70357868439805,36.451148038227856,-5.645872737324396,-5.33780370668691,-0.30806903063748603,-2.71433617135749,382.2278137207031,394.66621037099986,369.7894170704064,8.174555122624607,24.228681845216627,0.0,0.0,0.0,0.0,0.0
2025-04-04 04:00:00,357.1061706542969,371.74410993496775,356.7489202327306,361.36358655898334,49209900,379.1235870361328,380.56703033447263,396.4602294921875,416.32840896606444,375.5112804306857,381.14691266426917,393.2291705263549,29.886872219161432,-7.091553675864361,-5.6885537005224,-1.4029999753419613,-7.214679701609727,380.56703033447263,396.75870990283687,364.3753507661084,8.739515920626884,26.80293715386987,0.0,0.0,0.0,0.0,0.0
2025-04-07 04:00:00,355.14117431640625,368.1813588125757,342.17049555544185,348.2142236601539,50425000,375.6283447265625,379.4605010986328,394.76696411132815,415.90218627929687,371.8076247735439,378.67017567875837,391.73552361616083,29.04633613043066,-8.300146099955441,-6.210872180409008,-2.089273919546433,-7.49146221438135,379.4605010986328,399.22989273381035,359.69110946345523,10.058702379463492,24.51206915327767,0.0,0.0,0.0,0.0,0.0
2025-04-08 04:00:00,351.8662414550781,370.8112022714622,347.5889889390993,365.46216834014683,35868900,371.59918823242185,378.17583618164065,393.1963800048828,415.4627461242676,368.1819187156411,376.11742003840783,390.17202235494193,27.650592425495404,-9.413708642241545,-6.851439472775516,-2.5622691694660293,-9.379959119427406,378.17583618164065,401.4872711400133,354.864401223268,11.280775603400068,24.570121131844914,0.0,0.0,0.0,0.0,0.0
2025-04-09 04:00:00,387.52325439453125,390.24245792204835,350.41733953240174,350.85399906862426,50199700,371.6507873535156,378.53409271240236,392.08855895996095,415.1814631652832,371.69852520271195,377.20368997708624,390.0681491015925,53.72398382696329,-7.334445115902554,-6.9480406014009235,-0.3864045145016304,-0.6589041795686534,378.53409271240236,402.2042121944067,354.863973230398,13.522187290639566,44.55000825553689,0.0,0.0,0.0,0.0,0.0
2025-04-10 04:00:00,378.45269775390625,380.983312003396,365.00562576710445,379.1572950457799,38024400,370.73479919433595,378.6621124267578,390.89579345703123,414.86523666381834,372.9265565756563,377.3226430986881,389.6126412056048,48.89656924728454,-6.345386243340386,-6.827509729788817,0.4821234864484314,-3.4947942942953447,378.6621124267578,402.2997449387391,355.0244799147765,14.496869226022303,45.19051325388994,0.0,0.0,0.0,0.0,0.0
2025-04-11 04:00:00,385.4988098144531,387.08662977771354,376.01144319106686,377.74814777589194,23839200,371.6924743652344,378.65665740966796,390.3855096435547,414.56805938720703,375.21242080089206,378.10132564304666,389.4513144843832,52.4694576202217,-4.93608746093787,-6.449225276018629,1.5131378150807588,-0.38977391709184017,378.65665740966796,402.287590153324,355.0257246660119,14.891702064125067,44.727696532196795,0.0,0.0,0.0,0.0,0.0
2025-04-14 04:00:00,384.8636169433594,391.6516465120973,381.2909618319917,390.23251818413166,19251200,372.92503356933594,378.61249389648435,389.86113525390624,414.2617372131348,376.9671837358861,378.7453533859336,389.27140477689204,52.115721912427816,-3.8263549406705692,-5.924651208949017,2.098296268278448,-0.7092036091769893,378.61249389648435,402.1908767071849,355.0341110857838,15.368057504401207,44.73330469018341,0.0,0.0,0.0,0.0,0.0
2025-04-15 04:00:00,382.7994384765625,388.9126416904877,381.24135923720473,385.5583162962043,17199900,373.2763427734375,378.72215423583987,389.37748291015623,413.94168991088867,378.0275936887364,379.13145672789824,389.0176021768791,50.914454398658656,-3.0779650097136937,-5.355313969101953,2.2773489593882594,1.829469759171265,378.72215423583987,402.3599057211082,355.08440275057154,15.438235952556953,44.50151327859575,0.0,0.0,0.0,0.0,0.0
2025-04-16 04:00:00,368.7867126464844,378.71073856569086,365.2041538267982,377.7779079921512,21967800,372.23134155273436,377.91781158447264,388.58485534667966,413.5806854248047,376.347433499236,378.1462430058588,388.2242339600009,43.572039406959455,-3.5743673806258585,-4.999124651406735,1.4247572707808764,-1.0069609020026182,377.91781158447264,401.76806568201175,354.06755748693354,16.35195451569291,46.2003243917803,0.0,0.0,0.0,0.0,0.0
2025-04-17 04:00:00,364.9858093261719,371.4761304955969,364.10258680355696,370.9104537724408,21120200,371.702392578125,376.97205352783203,387.69798583984374,413.1524287414551,374.281683649588,376.8928683696982,387.31292319004683,41.810734630535386,-4.225759048566317,-4.8444515308386515,0.6186924822723343,-3.770380147814023,376.97205352783203,401.31830050420297,352.6258065514611,15.911042701880493,46.30021465315877,0.0,0.0,0.0,0.0,0.0
2025-04-21 04:00:00,356.3916015625,361.71089501866106,352.9678309109542,360.0635031391147,20807300,371.6309356689453,375.37726135253905,386.58911682128905,412.6686210632324,371.0289414519356,374.94036676901266,386.1003223419077,38.06406421332317,-5.373529674982763,-4.950267159667474,-0.42326251531528847,-6.023974418574518,375.37726135253905,400.7592419042199,349.9952808008582,15.950031261116957,46.60499872295115,0.0,0.0,0.0,0.0,0.0
2025-04-22 04:00:00,364.0331115722656,364.9758758256959,357.12596800122816,360.6192443688487,19485000,372.52012939453124,374.07423706054686,385.7533148193359,412.2156706237793,369.7569723829047,373.9015805597986,385.23494152741193,42.95854168897148,-5.601964214273778,-5.080606570588735,-0.5213576436850431,-1.6858233632218944,374.07423706054686,398.94580269199236,349.2026714291014,15.881271706825126,47.38725902827325,0.0,0.0,0.0,0.0,0.0
2025-04-23 04:00:00,371.5456237792969,377.50003937654276,370.18600677791767,373.20291916052497,20545500,374.4880676269531,373.0436279296875,385.0188366699219,411.7667855834961,370.08218172770324,373.67720372356035,384.6981055372898,47.36255964082647,-5.117808372823902,-5.088046931035768,-0.02976144178813378,4.043462228206174,373.0436279296875,396.4236035820224,349.6636522773526,16.243501043567466,48.05359875643164,0.0,0.0,0.0,0.0,0.0
2025-04-24 04:00:00,384.3575134277344,385.49880064204365,372.33953252384407,372.84566753938213,22232300,374.17149353027344,372.91114044189453,384.5560461425781,411.3884718322754,372.6776965822543,374.6943760763388,384.6847489839739,53.899529734997884,-3.6581303100139735,-4.802063606831409,1.1439332968174352,8.226683140180867,372.91114044189453,395.9859858437295,349.83629504005955,16.33352519400602,49.5750214654712,0.0,0.0,0.0,0.0,0.0
2025-04-25 04:00:00,388.8729553222656,389.1805976978566,381.67803664886475,384.05979677325973,18973200,375.21351928710936,372.97415924072266,384.2311047363281,411.0657884216309,375.6222890804382,376.0447169569033,384.8489923697893,55.974709473744014,-2.1126136104138027,-4.264173607547887,2.1515599971340844,10.517267503171945,372.97415924072266,396.2242781088556,349.72404037258974,15.79833743305993,49.74627141234092,0.0,0.0,0.0,0.0,0.0
2025-04-28 04:00:00,388.18817138671875,389.75615403464093,383.70252292195136,388.9820812843996,16579400,375.4824554443359,373.5874649047852,383.86275573730467,410.7065786743164,377.9069949543073,377.20123642640954,384.97994056653164,55.56620287894485,-0.9322899732731571,-3.5977968806929415,2.6655069074197844,0.17158118503788344,373.5874649047852,397.7925157529745,349.38241405659585,14.372820851313909,48.419808914703836,0.0,0.0,0.0,0.0,0.0
2025-04-29 04:00:00,391.0462951660156,392.0982394081848,387.41409832984397,388.3270916828822,14974000,376.10072326660156,374.51287841796875,383.5933642578125,410.41863891601565,380.29595862916335,378.51981344922916,385.2178368253349,56.97748919071055,0.23108787837099953,-2.8320199288801535,3.063107807251153,3.3276542846309765,374.51287841796875,399.93368604744455,349.09207078849295,13.048672833169475,48.27331375093372,0.0,0.0,0.0,0.0,0.0
2025-04-30 04:00:00,392.2570495605469,393.6464071015826,381.5192464831796,387.3347110069874,36461100,377.046484375,375.1614135742187,383.3242199707031,410.1424264526367,382.4707024348694,379.828121650307,385.4938843835785,57.59197164578694,1.236517168215812,-2.0183125094609604,3.2548296776767724,1.7531155931056253,375.1614135742187,401.73084830142193,348.5919788470155,11.070247278080647,47.93674996078985,0.0,0.0,0.0,0.0,0.0
2025-05-01 04:00:00,422.1680603027344,433.6700028111626,421.67185900235836,427.8346706730253,58938100,382.384619140625,377.3079803466797,383.5516796875,410.0137463378906,389.6884038653903,383.860496760062,386.9320873608003,69.26934702940036,4.39621884005544,-0.7354062395576805,5.13162507961312,9.692899436858205,377.3079803466797,411.1933980755911,343.4225626177683,12.419913322594141,54.66125930514678,0.0,0.0,0.0,0.0,0.0
2025-05-02 04:00:00,431.9729919433594,436.1013902925972,426.7231738378541,428.4598783453456,30757400,389.0833374023438,380.3928649902344,383.93177001953126,409.95599502563476,397.37651078865736,388.44263915847125,388.6983973444301,71.99191505290682,7.6038290119448675,0.9324408107428293,6.6713882012020385,12.84577471233872,380.3928649902344,421.94822289755257,338.8375070829162,12.624066422823867,53.825514716587364,0.0,0.0,0.0,0.0,0.0
2025-05-05 04:00:00,432.8562316894531,436.1609188409604,428.827049490993,429.58128511716615,20136100,396.72980041503905,384.1803680419922,384.4867218017578,409.93225967407227,403.8273691342565,392.67250511380286,390.4300771226663,72.2305820917911,10.100718453860623,2.766096339366388,7.334622114494234,17.373055168716235,384.1803680419922,430.3511221397861,338.0096139441983,12.407865327813997,51.36289198527909,0.0,0.0,0.0,0.0,0.0
2025-05-06 04:00:00,430.0179443359375,434.4043769104007,427.8942186382879,428.91639204817295,15104200,403.3282836914062,387.92420654296876,385.06846740722654,409.90987258911133,408.58929189819844,396.229213611149,391.98254250357894,70.16153417701221,11.715446877829152,4.555966447058941,7.159480430770211,17.81771601746007,387.92420654296876,436.2721562195161,339.57625686642143,12.324927886301841,51.40684543909694,0.0,0.0,0.0,0.0,0.0
2025-05-07 04:00:00,430.05767822265625,434.7914277818458,427.83467577616403,430.5439458113932,23295300,409.1794891357422,391.83377838134766,385.7720819091797,409.903766784668,412.49263486628166,399.4509721455783,393.4756850807977,70.17441453048383,12.850207783550388,6.214814714357231,6.6353930691931575,20.66998109304141,391.83377838134766,440.54905790476624,343.11849885792907,11.565032697438804,51.04780842853769,0.0,0.0,0.0,0.0,0.0
2025-05-08 04:00:00,434.8410339355469,440.29924790125443,432.3500938706748,434.60283673184324,23491300,414.22784118652345,394.1996673583984,386.53504150390626,409.89281661987303,416.55598015160257,402.82145422081345,395.09785562412117,71.75510752956949,13.97440259238249,7.766732289962283,6.2076703024202065,19.450956551029265,394.1996673583984,446.49778542998666,341.90154928681017,11.769891696478677,38.19607287257932,0.0,0.0,0.0,0.0,0.0
2025-05-09 04:00:00,435.39678955078125,437.3914981181206,432.5684361749063,436.65712990925,15324200,418.880224609375,397.0468719482422,387.45202209472654,409.8752226257324,419.9815818605441,405.92386710938183,396.67820597418626,71.94117220958589,14.74026333108867,9.161438498187561,5.578824832901109,17.185282690723547,397.0468719482422,451.8744424740513,342.2193014224331,11.255969091335576,36.64505476510133,0.0,0.0,0.0,0.0,0.0
2025-05-12 04:00:00,445.8467712402344,445.9559209816134,436.43878433354007,442.551987565255,22821900,424.6460845947266,400.06427001953125,388.4894793701172,409.98856475830075,424.6843435659423,409.7260484551773,398.6063850042274,75.24356329466275,16.005933237426405,10.53033744603533,5.475595791391074,15.997933086863148,400.06427001953125,458.7243531673585,341.404186871704,11.397030317595311,36.914758020835755,0.0,0.0,0.0,0.0,0.0
2025-05-13 04:00:00,445.72772216796875,447.24609694771215,441.9764112331301,444.37803887168343,23618800,430.1142272949219,403.1074752807617,389.6932647705078,410.15311126708986,428.5104124026743,413.154779284967,400.4542805792761,75.13507151008758,16.805654369248998,11.785400830678064,5.020253538570934,14.620396216184961,403.1074752807617,464.6895035524365,341.5254470090869,10.811513025474236,36.87236037581183,0.0,0.0,0.0,0.0,0.0
2025-05-14 04:00:00,449.4988098144531,450.45150777480933,444.73528972695,444.73528972695,19902800,435.8384033203125,406.44244384765625,390.9700897216797,410.30262145996096,432.32648465936137,416.61611552587044,402.3775954512438,76.30077203379619,17.541526585419263,12.936625981626305,4.604900603792958,15.794051170780211,406.44244384765625,470.5655880935213,342.3192996017912,10.223158824410847,36.55193415606092,0.0,0.0,0.0,0.0,0.0
2025-05-15 04:00:00,450.512939453125,453.55526390744575,447.82852124457236,448.16655392379437,21992300,438.6728912353516,410.5287551879883,392.02088317871096,410.44999938964844,435.633112803682,419.8443844713233,404.2652560003372,76.61823177710389,17.999060440085827,13.94911287331821,4.049947566767617,15.207059885802842,410.5287551879883,474.9635274547833,346.0939829211933,10.096314653973812,32.60846831735828,0.0,0.0,0.0,0.0,0.0
2025-05-16 04:00:00,451.6463317871094,451.73580834700897,446.1383501578063,449.43915228561843,23849800,440.6402252197266,414.86178131103514,393.1763165283203,410.62184020996096,438.54460716430515,422.873141358541,406.1233374037401,76.98921761095284,18.24282270112434,14.807854838879436,3.4349678622449034,15.140398953466217,414.86178131103514,478.04444431626206,351.67911830580823,10.063730873724747,31.844916312038258,0.0,0.0,0.0,0.0,0.0
2025-05-19 04:00:00,456.2197570800781,456.9355998797858,448.1963586877965,448.27591363294266,21336500,442.97657775878906,419.8531890869141,394.49427490234376,410.83909347534177,441.75827078535474,426.04900952249693,408.08790288124356,78.47344521914198,18.590740761478173,15.564432023399185,3.0263087380789884,8.065910233219785,419.8531890869141,479.24602846434277,360.4603497094854,10.353380881842497,29.14330954316759,0.0,0.0,0.0,0.0,0.0
2025-05-20 04:00:00,455.5238342285156,455.69283539558984,451.69606398891386,452.9587181303489,15441800,445.52716674804685,424.42772521972654,396.05931640625,411.0589845275879,444.26110050229306,428.8561356849749,409.9481354830974,77.6526597719807,18.595950629591186,16.170735744637586,2.4252148849536006,5.451924709275402,424.42772521972654,479.6662620323645,369.1891884070886,9.8102760584683,29.35636347266965,0.0,0.0,0.0,0.0,0.0
2025-05-21 04:00:00,449.9561767578125,455.1360777634671,449.20055644956204,451.94462570262056,19216900,447.5170166015625,428.34825286865237,397.5072491455078,411.2935623168945,445.29656891238744,430.86566340619754,411.5170782781843,71.23337632783877,17.943969153901776,16.525382426490424,1.418586727411352,3.9504906748408564,428.34825286865237,478.69741311453646,377.9990926227683,7.30387066763529,30.29173557764106,0.0,0.0,0.0,0.0,0.0
2025-05-22 04:00:00,452.23291015625,457.5917944035942,451.27846319798533,452.32241705541014,18025600,449.25620422363284,431.7420227050781,398.9447448730469,411.6053340148926,446.557721865817,432.90063928715495,413.1137775675202,72.24382484019777,17.410287537736735,16.70236344873969,0.7079240889970464,5.166055536267988,431.7420227050781,478.6380295513505,384.84601585880574,6.854034071629493,28.8776772964598,0.0,0.0,0.0,0.0,0.0
2025-05-23 04:00:00,447.5799560546875,451.06969358680703,446.3173019248347,447.3811293692874,16883500,450.4745208740234,434.67737274169923,400.37849792480466,411.87183822631835,446.74358262742976,434.2986694554914,414.4653924101542,67.05955899846066,16.422577254431587,16.64640620987807,-0.22382895544648207,4.074401811507555,434.67737274169923,477.44264646469094,391.9120990187075,6.752729706018629,29.581138210948648,0.0,0.0,0.0,0.0,0.0
2025-05-27 04:00:00,458.0292663574219,458.2877744248074,453.48565331857327,453.8435898996704,20974300,451.69277038574216,438.1694274902344,401.8269250488281,412.1964102172852,448.7955251237919,436.5587263032943,416.1737796237726,71.93099586013113,16.295141503861544,16.576153268674766,-0.281011764813222,5.332576875739847,438.1694274902344,476.08152024048513,400.25733473998366,7.052562570161996,29.911528504950464,0.0,0.0,0.0,0.0,0.0
2025-05-28 04:00:00,454.7184753417969,459.84867709346275,454.2909661144885,458.55619745791415,17086300,452.591845703125,441.35303649902346,403.20635681152345,412.48341247558596,449.8724251634291,438.2882262117231,417.6853363185971,68.4756414162023,15.745490376056239,16.41002069015106,-0.6645303140948222,4.437718939303781,441.35303649902346,472.7348154820836,409.9712575159633,6.9526310682543135,30.427071611963648,0.0,0.0,0.0,0.0,0.0
2025-05-29 04:00:00,456.0308837890625,459.05333474747385,452.68035209769624,458.884303233251,13974800,453.24505310058595,444.5417282104492,404.7148498535156,412.76054901123047,450.9921449135443,439.97800312385067,419.18908327822317,69.10911543443723,15.24010979164808,16.176038510450464,-0.9359287188023835,2.2842180779953702,444.5417282104492,466.4484415226022,422.6350148982962,6.676303423338559,30.4314128429443,0.0,0.0,0.0,0.0,0.0
2025-05-30 04:00:00,457.701171875,459.01355548435544,452.909032890277,457.064883978579,34770500,453.96387634277346,446.3183837890625,406.17140197753906,413.04213973999026,452.2119679974453,441.66592395729344,420.6993612624105,69.93709671396581,14.803722231897154,15.901575254739804,-1.0978530228426493,2.6862699158117787,446.3183837890625,466.2604274983217,426.37634007980336,6.767836326971714,16.4478241000174,0.0,0.0,0.0,0.0,0.0
2025-06-02 04:00:00,459.3018798828125,459.44105553120437,454.2512329224997,454.49978904014216,16626500,454.72943115234375,447.68482818603513,407.67942016601563,413.2962139892578,453.5010428856939,443.3455388073429,422.2131855220341,70.74633400782791,14.420811566255168,15.605422517042877,-1.1846109507877092,2.180888993322583,447.68482818603513,467.22933479069894,428.1403215813713,6.384314268248322,14.81492712497941,0.0,0.0,0.0,0.0,0.0
2025-06-03 04:00:00,460.29608154296875,461.4593374660713,458.19825223653834,458.8047449110186,15743800,455.13706359863284,449.05682067871095,409.1195928955078,413.5411994934082,454.73650445974386,444.95987621073584,423.7066324248159,71.26372924454724,14.035780133684796,15.291494040371262,-1.2557139066864664,2.1715562935261,449.05682067871095,468.0634728475477,430.0501685098742,6.240842805030529,14.813841189154262,0.0,0.0,0.0,0.0,0.0
2025-06-04 04:00:00,461.1908874511719,463.00038321907994,460.3457906064832,461.3201414833542,14162700,455.7037689208984,450.61546783447267,410.5415386962891,413.76634353637695,455.9100286400035,446.5056868050631,425.1766032101632,71.74804618235395,13.645545948323274,14.962304421961665,-1.3167584736383908,2.1132808997464503,450.61546783447267,468.10001783598926,433.1309178329561,6.025705921334231,14.378310272892419,0.0,0.0,0.0,0.0,0.0
2025-06-05 04:00:00,464.9788818359375,466.93750520910584,461.3499686746429,462.2745901279283,20131700,457.20603942871094,452.36152801513674,411.99796020507813,414.0230795288086,457.5589110392642,448.2650387127654,426.7374768817622,73.76392008593913,13.486478307313917,14.667139199032116,-1.1806608917181993,1.9199354302233518,452.36152801513674,468.0883438440426,436.6347121862309,6.027125570981416,14.408681977932359,0.0,0.0,0.0,0.0,0.0
2025-06-06 04:00:00,467.6632995605469,470.6061954238558,466.0725343793748,467.37496597576217,15285600,458.74907836914065,454.00264129638674,413.6110809326172,414.27811431884766,459.39607258858837,450.1124921268398,428.3424111044596,75.11883209355301,13.42230218703537,14.418171796632768,-0.9958696095973973,2.6649462486613595,454.00264129638674,468.8573193839162,439.1479632088573,6.029258099461105,14.178787940047316,0.0,0.0,0.0,0.0,0.0
2025-06-09 04:00:00,470.0196228027344,470.69568816704816,465.9134708467471,466.98725027602023,16469900,460.9930450439453,455.73378295898436,415.2592218017578,414.5287698364258,461.32762717297857,452.0084093340679,429.9768115632155,76.27694833940882,13.407029847880153,14.215943406882246,-0.808913559002093,4.458977803014119,455.73378295898436,469.4877939599918,441.97977195797694,5.746613537197659,14.157019086780043,0.0,0.0,0.0,0.0,0.0
2025-06-10 04:00:00,468.2001953125,470.06931180763127,464.26304461137784,468.4686249933991,15375900,462.0101379394531,456.85145416259763,417.10478454589844,414.7735899353027,462.5771850165279,453.5504841891567,431.4757677886777,73.43466683272628,13.097138160171426,13.992182357540084,-0.8950441973686587,3.530765850440476,456.85145416259763,470.85330025350305,442.8496080716922,5.838225973275456,12.22586939418903,0.0,0.0,0.0,0.0,0.0
2025-06-11 04:00:00,469.8903503417969,472.72389606625393,466.9474544926898,467.30536072753216,16399200,463.52732543945314,458.05958557128906,419.0518310546875,415.0693142700195,463.9068514393041,455.1066619179796,432.98222200644705,74.38937455934987,12.83991757344694,13.761729400721457,-0.9218118272745173,4.984672344081331,458.05958557128906,472.18928044152926,443.92989070104886,5.799166244319066,12.187850040462338,0.0,0.0,0.0,0.0,0.0
2025-06-12 04:00:00,476.104248046875,477.6453141185156,470.7851412769109,472.2764779222473,18950600,465.5346618652344,459.38985748291014,420.9881890869141,415.3899798583984,466.12455991340784,457.1064320254934,434.6732818511697,77.57959610152957,12.987763169171103,13.606936154411388,-0.6191729852402847,3.9462503855263176,459.38985748291014,475.05248354134994,443.72723142447035,5.807690967957427,12.598361591585611,0.0,0.0,0.0,0.0,0.0
2025-06-13 04:00:00,472.2168273925781,476.4124557062983,470.0295518485209,473.6584649544854,16814500,466.98622741699216,460.4750518798828,422.8477911376953,415.7075173950195,467.2322449096206,458.5455172985491,436.14557775475436,71.5729544257768,12.645480285487736,13.414644980626658,-0.7691646951389224,3.8481726605958277,460.4750518798828,476.5501280914893,444.39997566827634,5.841069226983292,13.198769713376029,0.0,0.0,0.0,0.0,0.0
2025-06-16 04:00:00,476.37274169921875,477.9137775383536,472.2566377036087,472.46541635312803,15626100,468.6933135986328,461.7113723754883,424.96973999023436,416.0441049194336,468.89415341682025,460.243348193851,437.72311359571376,73.89955510496758,12.564727825177386,13.244661549536804,-0.6799337243594188,4.460631644317625,461.7113723754883,478.7046145803099,444.71813017066665,5.483150068101545,13.393945150769518,0.0,0.0,0.0,0.0,0.0
2025-06-17 04:00:00,475.2790832519531,475.97502218951,471.34193242947174,472.65431603696555,15414100,470.1916137695313,462.66433868408205,427.3331982421875,416.3912367248535,470.05504975048075,461.6753229612893,439.19589671948785,72.22432892598948,12.271029037685878,13.04993504716662,-0.7789060094807425,3.8404776865534673,462.66433868408205,480.47870826637495,444.84996910178916,5.445514231728173,13.205226681776521,0.0,0.0,0.0,0.0,0.0
2025-06-18 04:00:00,477.4663391113281,478.2219594008936,471.71972301658775,475.2392860574369,17526500,471.81915893554685,463.76146392822267,429.77970153808593,416.7368507385254,471.4025569069984,463.17922926129296,440.69669838191294,73.51732168504546,12.075564312191887,12.855060900171674,-0.7794965879797875,3.9547974924792673,463.76146392822267,482.4075280756964,445.11539978074893,5.454746641337331,13.162318460453251,0.0,0.0,0.0,0.0,0.0
2025-06-20 04:00:00,474.6427307128906,480.6677282539423,474.11579298541653,479.4448516392065,37576200,472.78554382324216,464.99579162597655,432.2352313232422,417.04847885131835,471.99167941716064,464.27099130430224,442.02791533606893,69.0486709144197,11.559564050323331,12.595961530202008,-1.0363974798786764,3.1168306108168897,464.99579162597655,483.05303586162813,446.93854739032497,5.486704689512139,12.40208158437968,0.0,0.0,0.0,0.0,0.0
2025-06-23 04:00:00,483.1930847167969,484.932977511559,469.7810065395394,475.44806772339973,24864000,474.33852233886716,466.5438003540039,434.1486279296875,417.44091384887696,474.028298562549,466.07309543882553,443.6422357039406,74.16894488035149,11.705636938910914,12.41789661194379,-0.712259673032877,4.770735472945464,466.5438003540039,485.28934321548553,447.7982574925223,6.198286715463204,13.529800823703944,0.0,0.0,0.0,0.0,0.0
2025-06-24 04:00:00,487.2793273925781,489.009298556199,483.9884469122188,486.1260537385937,22305600,476.0644927978516,468.5287689208984,436.3251605224609,417.8564486694336,476.4375765316452,468.0927365772781,445.35349420153426,76.19566892833488,12.012652014488708,12.336847692452775,-0.3241956779640667,4.7960125562238165,468.5287689208984,487.22670423215015,449.8308336096467,6.380795901882428,12.629669692224446,0.0,0.0,0.0,0.0,0.0
2025-06-25 04:00:00,489.4268798828125,491.7036624656625,486.56353883181055,489.1982276680394,17495100,478.1871612548828,470.098649597168,438.40372192382813,418.28524185180663,478.79926805003925,470.12455974923375,447.0818622674667,77.2078140132004,12.287609300678184,12.327000014097857,-0.03939071341967271,4.653685748425507,470.098649597168,490.2969387859731,449.90036040836287,6.554783184578197,10.438288128977737,0.0,0.0,0.0,0.0,0.0
2025-06-26 04:00:00,494.57696533203125,495.1635541172166,489.9637493151316,490.13278082199906,21578900,480.65582275390625,472.09157409667966,440.5979888916016,418.7728486633301,481.6679402831287,472.45336028092873,448.9444153288222,79.46298483114843,12.773834967565676,12.416367004791422,0.35746796277425474,5.224748358985742,472.09157409667966,493.7154640486425,450.4676841447168,6.554072932897493,9.944458322957265,0.0,0.0,0.0,0.0,0.0
2025-06-27 04:00:00,493.07568359375,496.4162632322767,490.1824867596744,494.6763704185467,34539200,482.35296630859375,473.9438140869141,442.8035137939453,419.23308166503904,483.7420754305144,474.417391072626,450.67505329999585,77.06908424027223,12.88944986742871,12.51098357731888,0.378466290109829,5.313002542565548,473.9438140869141,496.1146158800203,451.7730122938078,6.597391710374922,10.267389391941434,0.0,0.0,0.0,0.0,0.0
2025-06-30 04:00:00,494.53717041015625,497.86782827206525,492.4691666337086,494.16931223084276,28369000,484.5850006103516,475.7856140136719,445.31852294921873,419.65871200561526,485.7048199722674,476.33356053334313,452.39513632392374,77.77114658986837,12.949728867007025,12.59873263525651,0.3509962317505142,5.245227966573762,475.7856140136719,498.3909441114322,453.18028391591156,6.641423447378892,10.272818423518878,0.0,0.0,0.0,0.0,0.0
2025-07-01 04:00:00,489.2080993652344,495.1734457101395,488.1443023264632,493.60258452282886,19945400,485.8685363769531,477.28092498779296,447.80296875,420.01400802612307,486.34177986189775,477.55970708876134,453.8387819333869,69.42456328677189,12.424269665178599,12.56384004124093,-0.13957037606233058,2.752307162163614,477.28092498779296,499.24254237078696,455.31930760479895,6.728771746480525,11.520223586625725,0.0,0.0,0.0,0.0,0.0
2025-07-02 04:00:00,488.2536926269531,490.6497772469701,485.87751191483574,487.1600396387865,16319600,487.16599731445314,478.6788055419922,450.4402105712891,420.34496124267577,486.68940036463505,478.5781819019225,455.18838627431103,68.01666197072669,11.794862976188767,12.410044628230498,-0.6151816520417306,3.3960808476320326,478.6788055419922,499.6239486936559,457.73366239032845,6.657044872092683,11.660295314898427,0.0,0.0,0.0,0.0,0.0
2025-07-03 04:00:00,495.9589538574219,497.2415119784696,490.59014753996934,490.9580057562307,13984800,489.0152587890625,480.4172088623047,453.0787274169922,420.69669815063475,488.3747737269599,480.233493516732,456.78723206188397,72.81064523336568,11.78198839805816,12.284433382196031,-0.5024449841378704,4.111530833678523,480.4172088623047,501.01948608635024,459.8149316382591,6.7451059845782355,12.501670731652679,0.0,0.0,0.0,0.0,0.0
2025-07-07 04:00:00,494.84539794921875,495.8694479262707,492.36978876052433,494.50736527479916,13981600,491.0355255126953,481.91053466796876,455.54472290039064,421.03916061401367,489.5512508582797,481.6251034626831,458.2797091555049,71.15082143772592,11.548803133078593,12.137307332372544,-0.5885041992939506,4.11680534379697,481.91053466796876,502.127181987992,461.6938873479455,6.545553215943959,12.548676888475732,0.0,0.0,0.0,0.0,0.0
2025-07-08 04:00:00,493.7517395019531,495.3226311177228,491.25622643335066,494.36815380384166,11846600,492.0913909912109,483.21495666503904,457.732607421875,421.35732513427735,490.3149760662203,482.78002118070884,459.6707691690911,69.4756694553976,11.14725442389016,11.939296750676068,-0.7920423267859071,3.410795496272212,483.21495666503904,502.92114605277817,463.5087672772999,6.4290856829865755,12.646675850881007,0.0,0.0,0.0,0.0,0.0
2025-07-09 04:00:00,500.60198974609375,503.8530929514779,496.85374394735805,497.4105072423231,18659500,493.4236572265625,484.744075012207,459.9671881103516,421.731190032959,492.18534218983365,484.47735152026934,461.27591507407163,73.65894831780714,11.25207520484048,11.80185244150895,-0.5497772366684703,5.469220816721143,484.744075012207,504.8805256016072,464.60762442280685,6.791267410113558,13.234155633267095,0.0,0.0,0.0,0.0,0.0
2025-07-10 04:00:00,498.58367919921875,501.52657502305914,494.87521114411277,500.14458849842043,16492100,494.33933715820314,486.263249206543,462.17509826660154,422.0560188293457,493.34867619154,485.82081129921687,462.73896464760685,70.58938698866307,11.044966141106784,11.650475181428519,-0.6055090403217349,3.185185171150051,486.263249206543,505.717329741793,466.809168671293,6.801919374016454,13.245652590290883,0.0,0.0,0.0,0.0,0.0
2025-07-11 04:00:00,500.4130554199219,502.1131707269345,494.9249170598048,495.59106078877636,16459500,494.9229461669922,487.78938446044924,464.3624334716797,422.40689682006837,494.6331087785185,487.2105488345221,464.2163799720114,71.73896535376022,10.90276579093154,11.500933303329123,-0.598167512397584,2.6953181243337454,487.78938446044924,506.61408468099444,468.96468423990405,6.847370688202452,13.24592334384457,0.0,0.0,0.0,0.0,0.0
2025-07-14 04:00:00,500.1147766113281,501.05930198422453,498.1362796464767,498.6234399223271,12058800,495.62685546875,488.9899108886719,466.5195880126953,422.7649815368652,495.6297756572111,488.4395229085036,465.62416023237677,71.24994929815529,10.643312896052578,11.329409221873815,-0.6860963258212376,2.183757608710568,488.9899108886719,507.7392376804628,470.240584096881,5.9738743571830435,12.75599550443399,0.0,0.0,0.0,0.0,0.0
2025-07-15 04:00:00,502.89862060546875,505.36427783294863,499.88612172349406,500.11477392946824,14927200,496.46300048828124,490.5240005493164,468.13419921875,423.1584346008301,496.95138382962153,489.81657983202405,467.0859037764196,73.09340985749786,10.540819546081025,11.171691286715259,-0.6308717406342339,1.6825804387899046,490.5240005493164,508.49971057099634,472.5482905276364,5.949727376472505,12.151108598715687,0.0,0.0,0.0,0.0,0.0
2025-07-16 04:00:00,502.6997985839844,503.7934516278089,498.9913605307617,502.2623373664546,15154400,497.8121704101562,491.84035339355466,469.5487353515625,423.5363636779785,497.99655014859655,491.04355304649647,468.48252710220646,72.73470176670479,10.32453474258233,11.002259977888674,-0.6777252353063439,1.9518535004787951,491.84035339355466,509.3011995221429,474.37950726496643,5.925582195272166,12.024729441354644,0.0,0.0,0.0,0.0,0.0
2025-07-17 04:00:00,508.7446594238281,510.40499725185873,502.6997578215743,502.75940886082554,17503100,499.86126708984375,493.5136322021484,471.06650390625,423.94847076416016,499.9507518350023,492.72937270148043,470.06143425207404,76.509260176871,10.519633442249415,10.905734670760822,-0.38610122851140716,2.872885975767714,493.5136322021484,510.7040095899158,476.323254814381,6.066193994977904,12.303620084860261,0.0,0.0,0.0,0.0,0.0
2025-07-18 04:00:00,507.1041564941406,511.66767331118785,504.4992933518648,511.5085634207008,21209700,500.9757873535156,494.9955230712891,472.60822814941406,424.3686351013184,501.2513708639365,494.0983997293529,471.51409002627275,73.53403604506984,10.421740355663133,10.808935807741285,-0.38719545207815287,3.658168610071466,494.9955230712891,511.4555852890748,478.53546085350337,6.1329513868865275,12.517082803502166,0.0,0.0,0.0,0.0,0.0
2025-07-21 04:00:00,507.1141357421875,509.1324405638626,502.6301736290422,503.7834776665751,14066800,502.2026611328125,496.6190933227539,474.1493572998047,424.77758102416993,502.3173281145275,495.3379936353371,472.91017025042623,73.54077648544263,10.227073286464872,10.692563303486004,-0.465490017021132,3.862836758849575,496.6190933227539,510.8860211303417,482.35216551516606,6.211780336633938,12.124885474344266,0.0,0.0,0.0,0.0,0.0
2025-07-22 04:00:00,502.3517761230469,508.2475501614973,502.3517761230469,508.01886761548803,13868600,503.0626647949219,497.57702789306643,475.4995721435547,425.2102098083496,502.3235913888037,496.0059729198809,474.0647430297447,65.02906114041969,9.578105176746021,10.469671678138008,-0.8915665013919867,1.2889821256181655,497.57702789306643,510.5636040412477,484.5904517448852,6.13082538340352,11.61815892218931,0.0,0.0,0.0,0.0,0.0
2025-07-23 04:00:00,502.94830322265625,503.8630030405687,497.80817995491657,503.8232255681408,16396600,503.29729614257815,498.3604766845703,476.85060241699216,425.66341537475586,502.437175358595,496.66714723443096,475.19743166476087,65.56666288439217,9.008088390163152,10.177355020543038,-1.1692666303798855,1.637461984494193,498.3604766845703,510.600403869938,486.1205494992026,6.222436651511933,11.363730557024022,0.0,0.0,0.0,0.0,0.0
2025-07-24 04:00:00,507.9294128417969,510.703277326071,504.37007217269974,505.83158338819493,16107000,504.23186950683595,499.28560333251954,478.0922552490234,426.1444422912598,503.4357639919044,497.739743958942,476.48103876974267,69.74861659661909,8.856191237641838,9.913122263962798,-1.0569310263209601,2.8714173957432143,499.28560333251954,511.4793319553945,487.09187470964457,6.134376276647523,11.70566281111016,0.0,0.0,0.0,0.0,0.0
2025-07-25 04:00:00,510.7430725097656,515.2965768746373,507.41238413754473,509.51018319793565,19125700,505.26487121582034,500.0939086914062,479.3925622558594,426.6419096374512,504.76436554060643,498.9781562018776,477.8246479360181,71.82984387852463,8.860709724277683,9.702639756025775,-0.8419300317480918,2.025777558098696,500.0939086914062,513.0902523980704,487.09756498474195,6.441163965232879,11.345956089548054,0.0,0.0,0.0,0.0,0.0
2025-07-28 04:00:00,509.5400085449219,512.0255695622142,507.1737496018482,511.1109000989904,14308000,506.2073944091797,500.91712493896483,480.59338623046875,427.16558486938476,505.6326642686638,499.98404690121515,479.0683875677398,69.62419541074682,8.667302185565802,9.49557224193378,-0.8282700563679786,2.197490572354921,500.91712493896483,514.1257196718981,487.7085302060316,6.497265056375296,11.311356980920886,0.0,0.0,0.0,0.0,0.0
2025-07-29 04:00:00,509.609619140625,514.6304403339567,508.6054427654301,512.5525452747698,16469200,506.8784942626953,501.6707473754883,481.77531982421874,427.6640571594238,506.35574697265673,500.90076806687324,480.2660829235392,69.68220506809575,8.422552370157348,9.280968267578494,-0.8584158974211462,1.8377945221644598,501.6707473754883,515.0652853864934,488.2762093644832,6.206096779161141,11.312903983829951,0.0,0.0,0.0,0.0,0.0
2025-07-30 04:00:00,510.2757568359375,512.9701269930791,506.49771598970693,512.1946027794743,26380400,507.63609008789064,502.72413024902346,482.9479083251953,428.1522691345215,507.06847603870773,501.79362414011746,481.4429328808882,70.26737117332972,8.18795250335046,9.062365114732888,-0.8744126113824287,2.0317296548320485,502.72413024902346,515.2792811176051,490.1689793804418,6.193314430905843,10.341519802994716,0.0,0.0,0.0,0.0,0.0
2025-07-31 04:00:00,530.4187622070312,552.2420017670738,528.8280273057109,552.0232408256204,51617300,509.8035003662109,504.83238372802737,484.43188842773435,428.7492024230957,511.31398261476653,504.5198277655378,483.3635536387761,81.74266602144539,9.517688620174795,9.15342981582127,0.36425880435352553,5.472304053733423,504.83238372802737,520.8419567392745,488.8228107167802,8.67745666404917,16.68307124556323,0.0,0.0,0.0,0.0,0.0
2025-08-01 04:00:00,521.0829467773438,532.7054326872741,517.8517174087783,531.9100652869249,28977600,511.2013793945313,506.0885833740234,485.7430706787109,429.29708419799806,513.0901579170533,506.0972676714241,484.84274552656314,68.53934543744683,9.706303564946154,9.264004565646246,0.4422989992999078,3.6568839385138885,506.0885833740234,523.0792174735927,489.09794927445404,9.529649016959736,17.7819458326238,0.0,0.0,0.0,0.0,0.0
2025-08-04 04:00:00,532.5463256835938,535.1412365772,525.0796913822776,525.2188973499576,25349000,513.7445983886719,507.9736297607422,487.3948736572266,429.88834594726563,516.6276429655152,508.616225577345,486.7134741601722,74.07635748208008,10.65792323710383,9.542788299937763,1.1151349371660668,4.678509310883361,507.9736297607422,527.8351118476588,488.1121476738255,10.14251570913128,18.961328564497045,0.0,0.0,0.0,0.0,0.0
2025-08-05 04:00:00,524.7019653320312,534.196796907337,524.1949011418618,534.0774948252555,19171600,515.9796173095704,509.5211410522461,488.84425476074216,430.44236282348635,518.095701577609,510.14820079207703,488.20321891200985,65.57175371110635,10.656275450924909,9.765485730135193,0.8907897207897157,3.4702552942087683,509.5211410522461,529.5393010196267,489.5029810848655,10.513930328304708,19.97645077736361,0.0,0.0,0.0,0.0,0.0
2025-08-06 04:00:00,521.908203125,528.6291703469228,521.0034855448089,527.8338028961505,21355700,517.8756072998046,510.5864517211914,490.33081970214846,430.9953594970703,518.7888836771347,511.26820101426017,489.5249829987938,62.806130029667955,10.310681192236075,9.87452482255537,0.43615636968070426,2.9173052652457843,510.5864517211914,530.872004114968,490.30089932741475,10.508247854863956,19.76684290351673,0.0,0.0,0.0,0.0,0.0
2025-08-07 04:00:00,517.8318481445312,525.0399748350125,514.56081112672,523.7573865594029,16079100,518.8658508300781,511.54886016845705,491.5268713378906,431.5250090026855,518.6148772166613,511.8933102647622,490.6350561417639,58.90242745380954,9.59723650459648,9.819067158963593,-0.22183065436711225,3.081520312509589,511.54886016845705,531.2548405129476,491.8428798239665,10.744732408361775,19.968286714221666,0.0,0.0,0.0,0.0,0.0
2025-08-08 04:00:00,519.0249633789062,521.629826851029,516.4101479520375,519.5817267008259,15531000,519.6940399169922,512.4794555664063,492.8130010986328,432.0535073852539,518.6894383370694,512.5725153232521,491.74838583733816,59.6921230019788,9.024076936058691,9.660069114382614,-0.6359921783239226,3.196483625302715,512.4794555664063,531.7236629369645,493.23524819584804,10.653118977231136,19.958757455940713,0.0,0.0,0.0,0.0,0.0
2025-08-11 04:00:00,518.7565307617188,524.5429245664681,516.7183220142601,519.2834381856256,20194400,520.6156921386719,513.4115432739258,494.06751403808596,432.57759948730467,518.7016369597329,513.1614691745347,492.8075287755492,59.41550471490877,8.450768382288288,9.41820896796375,-0.9674405856754618,2.1316186159304307,513.4115432739258,531.9261369188845,494.89694962896704,10.790892442499528,19.957467767881774,0.0,0.0,0.0,0.0,0.0
2025-08-12 04:00:00,526.183349609375,527.9132904806338,519.6811434112465,520.7250669698358,18667000,522.2730651855469,514.575779724121,495.4371575927734,433.0956803894043,520.0619483505769,514.401648263567,494.1163844945228,64.33935944077874,8.497742746728136,9.234115723716627,-0.7363729769884912,3.023100641137755,514.575779724121,533.2347237261031,495.916835722139,11.012459344875452,20.406975409494457,0.0,0.0,0.0,0.0,0.0
2025-08-13 04:00:00,517.5733642578125,529.6233593434064,516.3703308668756,529.0367402367135,19619200,523.0028259277344,515.3194580078125,496.60258728027344,433.5850930786133,519.6094785155287,514.7037164534952,495.0362660538675,55.8757991173229,7.750869212227485,8.937466421418799,-1.186597209191314,1.5765897825827713,515.3194580078125,533.1527641967288,497.48615181889625,11.40517751438374,21.451579444047344,0.0,0.0,0.0,0.0,0.0
2025-08-14 04:00:00,519.4623413085938,522.9123315064297,517.1358902118243,519.5418962511537,20269100,521.9071838378907,515.8553421020508,497.7859124755859,434.08330810546875,519.582726296086,515.1569188206474,495.99415135797443,57.20585434414651,7.2280705187383205,8.595587240882704,-1.3675167221443836,1.9333862230826337,515.8553421020508,533.4998994325919,498.2107847715098,11.254623839920376,21.11221939456198,0.0,0.0,0.0,0.0,0.0
2025-08-15 04:00:00,517.1657104492188,523.0614541020369,516.0820397908819,519.7507304052322,25213300,521.5154602050782,516.3584197998047,498.90540893554686,434.5531376647949,519.1432688693828,515.3482323090828,496.82440857723896,55.033795991763675,6.552892208633011,8.187048234432766,-1.6341560257997543,1.3502412217275772,516.3584197998047,533.5195232385495,499.19731636105985,11.406594864976736,21.149163697425177,0.0,0.0,0.0,0.0,0.0
2025-08-18 04:00:00,514.1134643554688,519.8004600468895,511.05129658888984,518.5775833311014,23760600,519.6721740722656,516.7083862304687,499.8881005859375,435.01541580200194,518.2287589577621,515.2306353611195,497.5024107646205,52.197238603972565,5.705745499976274,7.690787687541468,-1.9850421875651936,-3.0740424384155363,516.7083862304687,533.3534423671938,500.0633300937436,11.60117814279624,21.29199802880209,0.0,0.0,0.0,0.0,0.0
2025-08-19 04:00:00,506.8257751464844,512.1846290296555,505.61282013208876,512.0255798217245,21481000,517.884555053711,516.9320861816407,500.6713500976563,435.41476516723634,516.1554891738934,514.4301724835352,497.86803289724264,46.08902015713591,4.395649703018876,7.03176009063695,-2.636110387618074,-2.7360656722760446,516.9320861816407,532.8699782051216,500.9941941581598,11.746051944225368,21.65937039083461,0.0,0.0,0.0,0.0,0.0
2025-08-20 04:00:00,502.7991638183594,508.0486674266492,501.5265578024503,506.9251890021903,27723000,515.9736511230469,516.9246292114258,501.3269409179687,435.7911152648926,513.7270663819781,513.3224573725661,498.0614105804237,43.08871695515634,2.997917337882484,6.224991540086057,-3.227074202203573,-5.58583552840215,516.9246292114258,532.8901849439335,500.959073478918,9.214327993729837,21.864264112761962,0.0,0.0,0.0,0.0,0.0
2025-08-21 04:00:00,502.15185546875,505.5278315490841,500.6381609615915,501.6041452591809,18443300,514.4056518554687,516.6357513427735,502.00597412109374,436.29361541748045,511.622482579573,512.2585905245836,498.2218201838875,42.60851901705037,1.8170264445687394,5.3433985209825945,-3.526372076413855,-4.297698761050295,516.6357513427735,533.4719405905189,499.7995620950281,8.50261051580104,21.555665757181774,0.0,0.0,0.0,0.0,0.0
2025-08-22 04:00:00,505.1295166015625,508.6150227226763,500.32946944945456,502.1618461633245,24324200,513.0161071777344,516.3550735473633,502.71075744628905,436.79113616943357,510.4419433108438,511.5796311033435,498.4927102394826,45.61123773147737,1.1086543940821798,4.496449695602512,-3.387795301520332,-3.2148731181025125,516.3550735473633,533.7817089289139,498.9284381658128,8.090272192470009,21.570575448410835,0.0,0.0,0.0,0.0,0.0
2025-08-25 04:00:00,502.17181396484375,506.0855321115255,502.0323791323648,504.5319946732823,21638600,511.3576354980469,515.9866638183594,503.23210876464844,437.28330810546873,508.9382834297528,510.68364851872445,498.6369888169478,43.193814468026304,0.30508571804728035,3.6581769000914655,-3.353091182044185,-3.02415431491897,515.9866638183594,534.3084738028175,497.6648538339012,7.665361993447545,21.646882237084693,0.0,0.0,0.0,0.0,0.0
2025-08-26 04:00:00,499.96099853515625,502.88882606141556,496.4456179190968,502.2713680297872,30835700,508.735400390625,515.5042327880859,503.7869921875,437.7495993041992,507.3060498125534,509.66244375838465,498.6889107666815,41.42639106287885,-0.5043289851237773,2.825675723048417,-3.3300047081721944,-3.6730342832918095,515.5042327880859,535.0033387337135,496.0051268424583,7.580899374890748,21.68519386028066,0.0,0.0,0.0,0.0,0.0
2025-08-27 04:00:00,504.6415100097656,505.1892506185915,497.82983904056124,499.9211487290224,17277900,507.4422149658203,515.2225204467774,504.35236755371096,438.19619705200193,506.8215880302283,509.1842595918495,498.92234603111615,46.42455336205345,-0.7593643302590181,2.10866771238693,-2.868032042645948,-2.7209336008218066,515.2225204467774,535.1966955037742,495.2483453897805,7.358059937014872,21.978825180648187,0.0,0.0,0.0,0.0,0.0
2025-08-28 04:00:00,507.5295104980469,508.9734875719172,503.4066403395377,504.9900522378754,18015600,506.2489318847656,514.0780578613281,504.9973760986328,438.63128845214845,506.95030120619526,509.02666444005877,499.2598818925644,49.299371306687924,-0.7201428172085684,1.5429056064678304,-2.263048423676399,-3.5451215104347678,514.0780578613281,532.9803393999273,495.175776322729,7.382857675114017,16.401876690672818,0.0,0.0,0.0,0.0,0.0
2025-08-29 04:00:00,504.59173583984375,507.4896888132377,502.40083415821226,506.5535790393771,20961600,504.9915344238281,513.2534973144532,505.5398840332031,439.06597366333006,506.52147113958586,508.6042902876573,499.46897420422243,46.56230737611628,-0.9155593501772046,1.0512126151388235,-1.966771965316028,-2.508171655352487,513.2534973144532,532.3073324573018,494.19966217160453,7.190291517087352,15.433630420514197,0.0,0.0,0.0,0.0,0.0
2025-09-02 04:00:00,503.0282287597656,503.90458943006223,494.75264396148896,498.3974910813857,18128000,503.8830108642578,511.77759246826173,506.10759399414064,439.5152297973633,505.8863361614367,508.0732368088105,499.60855281424375,45.126355529034,-1.1829539581767108,0.6043793004757166,-1.7873332586524273,-3.163677372151452,511.77759246826173,529.0265924275315,494.52859250899206,7.239029528475904,12.676992570236184,0.0,0.0,0.0,0.0,0.0
2025-09-03 04:00:00,503.2572937011719,505.68719181229375,500.2398424947412,501.70375627159575,16345100,503.5261627197266,510.7053588867187,506.5088781738281,439.94082122802735,505.40832844138856,507.614575560464,499.75164069216254,45.39206351360863,-1.3606972146091607,0.21136399745874118,-1.5720612120679018,-2.689354005308242,510.7053588867187,527.2221470169925,494.18857075644496,6.681481017120319,11.906872250057885,0.0,0.0,0.0,0.0,0.0
2025-09-04 04:00:00,505.866455078125,506.04570238922344,501.0664078062513,502.2116394820944,15509500,503.8328918457031,509.903271484375,506.88062072753905,440.3687339782715,505.4916241935224,507.4480878954793,499.9914373347493,48.45377766903323,-1.2763100012354016,-0.08617080228008739,-1.1901391989553143,-1.6041224066525528,509.903271484375,525.6704243174233,494.1361186513267,6.624541966289371,12.107098669732961,0.0,0.0,0.0,0.0,0.0
2025-09-05 04:00:00,492.9501647949219,509.8498918622262,490.3310509759443,506.9619070760115,31994800,502.9127227783203,508.65918731689453,506.9510864257812,440.7237129211426,503.2113588483223,506.06733331447384,499.71530899985413,37.30361238394483,-2.226009158634213,-0.5141384735509125,-1.7118706850833003,-2.7377475716486854,508.65918731689453,525.6697435158574,491.6486311179317,7.5202152930841475,14.685794383478273,0.0,0.0,0.0,0.0,0.0
2025-09-08 04:00:00,496.13690185546875,499.1244784694731,492.9800158612091,496.04724781279185,16771000,502.0134613037109,507.51478424072263,506.98228515625,441.15338836669923,501.9250939405307,505.12157793742574,499.5749793079175,40.916175002513896,-2.690495181297422,-0.9494098151002144,-1.7410853661972074,-1.3250344157886174,507.51478424072263,524.6680899355473,490.361478545898,7.336297451409259,14.935372133180715,0.0,0.0,0.0,0.0,0.0
2025-09-09 04:00:00,496.3460388183594,500.17013335375145,495.6389875077243,499.3535217605099,14410500,501.4308837890625,506.3942596435547,507.04769226074217,441.5803533935547,500.91072028195407,504.2858123070385,499.44835419067994,41.155807504163185,-3.007064527583111,-1.360940757596794,-1.6461237699863172,-1.1561874335744515,506.3942596435547,523.3826334342298,489.4058858528795,7.0527618530269125,14.953191442842165,0.0,0.0,0.0,0.0,0.0
2025-09-10 04:00:00,498.29791259765625,501.1460848531792,494.6630336933239,500.8971201283455,21611800,501.2645751953125,504.99998779296874,507.1229071044922,442.00704513549806,500.43566433935445,503.7155361442402,499.4032388340908,43.4606107037046,-3.065115371736681,-1.7017756804247717,-1.3633396913119094,-1.3524460122362858,504.99998779296874,519.5525125020583,490.44746308387914,7.049971962716659,13.848845442238433,0.0,0.0,0.0,0.0,0.0
2025-09-11 04:00:00,498.9352722167969,501.08633106619584,495.8182290284252,500.17012751524385,18881600,500.69395141601564,504.06808319091795,507.31745056152346,442.44829086303713,500.1628657716167,503.26027291305513,499.38488720204003,44.22878163846051,-3.0248232102533734,-1.9663851863904922,-1.0584380238628812,-0.6445088429979928,504.06808319091795,517.5803227788492,490.55584360298667,7.077002780593659,12.922250395618093,0.0,0.0,0.0,0.0,0.0
2025-09-12 04:00:00,507.7884521484375,510.42747218178897,501.7635178992086,504.55191069082485,23624900,500.7198455810547,503.48438873291013,507.7081457519531,442.94266647338867,501.54933602194774,503.6915280783296,499.71443876856546,53.64907797754417,-2.2525477819489197,-2.023617705502178,-0.2289300764467419,1.565612845044928,503.48438873291013,515.0675154493946,491.90126201642573,7.306048972862969,14.573644722897841,0.0,0.0,0.0,0.0,0.0
2025-09-15 04:00:00,513.225830078125,513.3353599697668,504.9004642300766,506.68306017742736,17143800,501.5832550048828,503.28739471435546,508.05348327636716,443.4437771606445,503.67233494125264,504.5995568402149,500.2442972512933,58.30700267441699,-1.188067679547828,-1.856507700311308,0.66844002076348,1.7010729197035834,503.28739471435546,513.991480498257,492.5833089304538,7.6190305986150815,15.095865679379248,0.0,0.0,0.0,0.0,0.0
2025-09-16 04:00:00,506.9320068359375,515.0880630075219,506.4938265025834,514.7395367165727,19711900,501.9736328125,502.9283218383789,508.29521545410154,443.9045541381836,504.26500255846804,504.8216949350456,500.50656037225974,51.816054633879695,-0.8426054342565408,-1.6537272471003548,0.811121812843814,-0.1177278660157155,502.9283218383789,512.5281425194415,493.3285011573162,7.772675481659348,15.568263219867518,0.0,0.0,0.0,0.0,0.0
2025-09-17 04:00:00,507.9079284667969,509.1726886784055,503.8348693472275,508.5054498653079,15816600,502.4386962890625,502.98242950439453,508.5783392333984,444.3246516418457,504.9273527236187,505.1156219380696,500.7968101014573,52.695432594202956,-0.48449049164639746,-1.4198798960095635,0.9353894043631661,0.6572031191580452,502.98242950439453,512.6863780589523,493.2784809498368,7.628276035455619,14.74108153239654,0.0,0.0,0.0,0.0,0.0
2025-09-18 04:00:00,506.3444519042969,510.9453149965379,505.55771489166153,509.37184097126715,18913700,502.4864959716797,503.1596939086914,508.6931884765625,444.76169219970706,505.1850071201056,505.23265336342456,501.01436468196084,51.0868496638339,-0.32311662431197874,-1.2005272416700465,0.8774106173580678,0.6592518977925899,503.1596939086914,512.9783934504658,493.340994366917,7.6154726692053964,14.485744731557151,0.0,0.0,0.0,0.0,0.0
2025-09-19 04:00:00,515.78515625,517.1494779837726,508.1967168320822,508.44568153944795,52474100,504.7699951171875,503.8413589477539,509.03721801757814,445.24360885620115,507.11230696190455,506.2376536383365,501.59361141011925,59.18814588694225,0.5601027537333607,-0.8484012425893651,1.4085039963227257,2.4893553865246165,503.8413589477539,515.1459998651309,492.53671803037696,8.020926222036906,15.843639983727542,0.0,0.0,0.0,0.0,0.0
2025-09-22 04:00:00,512.319580078125,515.5959337012963,510.4174557013089,513.4548737162081,20009300,506.3882629394531,504.200862121582,509.27534851074216,445.67095779418946,508.0590838921264,506.8168847278402,502.01423763239404,55.55087602218695,0.9692445917248733,-0.48487207572651747,1.4541166674513908,1.275657821391496,504.200862121582,516.1186669136259,492.28305732953805,7.701541127060929,15.998131294182283,0.0,0.0,0.0,0.0,0.0
2025-09-23 04:00:00,507.1212463378906,512.4590659268906,505.2091838485409,511.67229848312854,19799600,507.4657836914063,504.4483337402344,509.41547790527346,446.0712255859375,507.8885679731744,506.845871547845,502.21451248359,50.534373156805955,0.8640698975773375,-0.2150836810657465,1.079153578643084,2.8747493266107815,504.4483337402344,516.3942522332528,492.50241524721594,7.830293467117871,16.30293368934942,0.0,0.0,0.0,0.0,0.0
2025-09-24 04:00:00,508.0373840332031,510.35772177145367,504.82077941210207,508.26644250853604,13533700,508.4397308349609,504.8521530151367,509.5182531738281,446.4452723693848,507.91562543863415,506.9593489274029,502.4428603874964,51.36789030766682,0.8449033305911939,-0.0030862787343584053,0.8479896093255523,2.3986287117988114,504.8521530151367,516.7050434525457,492.9992625777277,7.870125451144974,16.201899887566174,0.0,0.0,0.0,0.0,0.0
2025-09-25 04:00:00,504.9303283691406,507.89799878212006,502.94857891661616,506.1950582100621,15786500,509.0392364501953,504.8665939331055,509.56286376953125,446.77803283691406,507.37284415327167,506.7661088742351,502.5404081514825,48.38980031128618,0.5724019692313504,0.11201137085878338,0.4603905983725671,1.7294969395177828,504.8665939331055,516.7191075531098,493.0140803131012,6.839408610452482,16.054415418997095,0.0,0.0,0.0,0.0,0.0
2025-09-26 04:00:00,509.34197998046875,511.8117209714621,504.52202659403474,507.94778361103766,16213100,509.19458923339846,504.95721740722655,509.5748101806641,447.1281469726562,507.7308688491256,507.01142993197163,502.8071364585016,52.59251460013442,0.7043072765427496,0.23047055199557664,0.47383672454717296,2.216358347808267,504.95721740722655,516.9226375761853,492.9917972382678,6.919078660657918,16.229699003814044,0.0,0.0,0.0,0.0,0.0
2025-09-29 04:00:00,512.4689331054688,514.7096154882738,506.77264973451184,509.3817950243417,17617800,509.1188995361328,505.3510772705078,509.68210571289063,447.481763458252,508.59233507755164,507.5311921389714,503.18603044465715,55.366836453515795,1.0490691509144199,0.3941902717793453,0.6548788791350746,2.71250834372585,505.3510772705078,517.7756146505282,492.92653989048745,7.1623515112104075,16.19546883611715,0.0,0.0,0.0,0.0,0.0
2025-09-30 04:00:00,515.8051147460938,516.0142062084105,507.54943619028296,511.11459757878936,19728200,510.00621032714844,505.9899215698242,509.8559252929688,447.86538223266604,509.90374956274104,508.31918476822113,503.6808964956939,58.17885901398258,1.5733606745214388,0.630024352327764,0.9433363221936748,1.5787406278614746,505.9899215698242,519.200620557845,492.7792225818035,7.303902858229853,16.245838917692737,0.0,0.0,0.0,0.0,0.0
2025-10-01 04:00:00,517.557861328125,518.3545363078492,509.5710533372991,512.6681599915194,22632300,510.97120361328126,506.7049499511719,510.1600469970703,448.2297354125977,511.2954062473563,509.1990587263072,504.22509119500495,59.61831916457149,2.1060205907343743,0.9252236000090861,1.1807969907252882,0.8440789601997567,506.7049499511719,520.8106177950821,492.5992821072618,7.555001496285533,16.259006805406003,0.0,0.0,0.0,0.0,0.0
2025-10-02 04:00:00,513.604248046875,519.439966484546,508.5652045551738,515.496404228155,21222900,511.6971832275391,507.0918395996094,510.3731658935547,448.57149826049806,511.71519566545055,509.6186005663613,504.5929012676273,55.018192117956765,2.1839585472033036,1.1769705894479296,1.006987957755374,1.3162004215482304,507.0918395996094,521.5214176205233,492.66226157869545,7.510898779455537,16.503887792020826,0.0,0.0,0.0,0.0,0.0
2025-10-03 04:00:00,515.20751953125,518.3345307125708,512.8672756929882,514.9585548343116,15112300,511.63941955566406,508.20470733642577,510.51872802734374,448.9326176452637,512.3501636410505,510.1508785630174,505.0091608073772,56.484521139741,2.3480289329658603,1.4111822581515159,0.9368466748143445,1.4371878553831818,508.20470733642577,521.4244551747818,494.9849594980698,7.298924442304988,13.251254140469133,0.0,0.0,0.0,0.0,0.0
2025-10-06 04:00:00,526.3811645507812,528.8309994124726,516.0541122577388,516.4623876768178,21388600,513.0455780029297,509.71692047119143,510.83148986816406,449.32821212768556,514.9012547155469,511.69662008566155,505.8472786012362,65.03832425064655,3.3411608443610135,1.7971779753934154,1.543982868967598,3.9571308762501145,509.71692047119143,524.0007658016121,495.4330751407707,7.658156112039563,14.89430636094751,0.0,0.0,0.0,0.0,0.0
2025-10-07 04:00:00,521.8101196289062,527.6060256392368,519.2806599401652,526.1022689962125,14615200,514.5144653320312,510.99012451171876,511.07689208984374,449.68673904418944,516.1574119725212,512.6598105183515,506.4732723670272,59.85485893463836,3.7165379795283116,2.181049976220395,1.5354880033079166,1.1681149226376641,510.99012451171876,524.7869826352105,497.19326638822696,7.871552281174822,15.444288611076068,0.0,0.0,0.0,0.0,0.0
2025-10-08 04:00:00,522.676513671875,524.7678538085896,520.923853084141,521.1130687043808,13363400,515.9783782958984,512.2090545654297,511.3382299804687,450.13412994384765,517.3427031905856,513.6137822472585,507.1086935946683,60.49748778888084,4.037397220143703,2.5523194250050567,1.485077795138646,2.0215767650673566,512.2090545654297,525.5857175565317,498.83239157432774,7.761295182572842,15.438359063304638,0.0,0.0,0.0,0.0,0.0
2025-10-09 04:00:00,520.2366943359375,522.158694647609,515.2574000210162,520.1769452354545,18343600,517.5090148925781,513.2741256713867,511.5374487304687,450.5711044311523,517.8688833988313,514.2445357795137,507.62351715314946,57.69654686261518,4.048142977643465,2.8514841355327385,1.1966588421107267,2.5862548833752053,513.2741256713867,525.5473653580037,501.00088598476975,7.519444294814487,15.640457492063014,0.0,0.0,0.0,0.0,0.0
2025-10-10 04:00:00,508.84405517578125,521.4118200258811,507.5195762105422,517.4881335274953,24133800,517.4592224121094,513.3269058227539,511.10595458984375,450.953244934082,516.2280055400948,513.730204293444,507.67138138933115,46.80051025671113,3.101614815015296,2.90151027142925,0.20010454358604557,0.15878184714954724,513.3269058227539,525.5095609186598,501.14425072684816,8.128340242432184,16.689371402541628,0.0,0.0,0.0,0.0,0.0
2025-10-13 04:00:00,511.9212341308594,514.2714464494894,509.56105349845876,514.2714464494894,14284200,517.4044525146485,513.2616760253907,510.92272033691404,451.35745681762694,515.4449561929611,513.5579214208169,507.83804228115577,49.570731743554546,2.570159848517733,2.8352401868469466,-0.26508033832921374,1.384528789209094,513.2616760253907,525.4605694411456,501.06278260963575,7.998162327814929,16.37764216002963,0.0,0.0,0.0,0.0,0.0
2025-10-14 04:00:00,511.4432373046875,513.1461778212379,503.9045785101632,508.11707238992415,14684300,516.9682647705079,513.4872375488281,510.50065856933594,451.73907424926756,514.7173709405477,513.3565229335665,507.97942247815706,49.1426540704281,2.0863573803875397,2.6854636255550655,-0.5991062451675258,0.4125435182663173,513.4872375488281,525.3556937515303,501.61878134612596,8.262780681509431,15.74090406821968,0.0,0.0,0.0,0.0,0.0
2025-10-15 04:00:00,511.3038024902344,515.0482414945574,507.888013925759,512.8274957075639,14694700,516.3428588867188,513.65703125,510.2326953125,452.12603622436524,514.0967221313997,513.1610257484872,508.10979032176795,49.00969739044757,1.6724107049971053,2.4828530414434735,-0.8104423364463682,-0.22735634103201452,513.65703125,525.2841166957354,502.02994580426474,8.41073942809596,15.733653031242323,0.0,0.0,0.0,0.0,0.0
2025-10-16 04:00:00,509.4913330078125,514.7096236704256,506.02576365101777,510.4573477017149,15559600,515.9315673828125,513.8143753051758,509.98435791015623,452.54147247314455,513.2593786543838,512.8115312017562,508.1639684663187,47.2212617962638,1.1844502375892034,2.2231724806726194,-1.038722243083416,-1.2240634219746416,513.8143753051758,525.1051016623549,502.52364894799666,8.510322688237421,15.748117869159506,0.0,0.0,0.0,0.0,0.0
2025-10-17 04:00:00,511.4532470703125,513.3453425707617,505.2091921192977,506.93203901166436,19867800,515.5561401367188,513.5977798461914,509.8567858886719,452.9949452209473,512.9309910936436,512.6821708082854,508.2929597841224,49.3747972216001,0.9451529847757456,1.9675685814932447,-1.022415596717499,-1.1795037258534147,513.5977798461914,524.8955212142913,502.3000384780916,8.524550166644705,14.276236230211092,0.0,0.0,0.0,0.0,0.0
2025-10-20 04:00:00,514.6498413085938,516.5519656323323,511.30377036778043,512.4788764440519,14665600,514.3830078125,513.7142929077148,509.76928344726565,453.48089157104494,513.2435093145436,512.8695679987909,508.5422492556703,52.75716758410919,1.0018973785337266,1.7744343409013412,-0.7725369623676146,0.2035795587156608,513.7142929077148,525.0045923573889,502.42399345804074,8.294794827103585,14.255069431896967,0.0,0.0,0.0,0.0,0.0
2025-10-21 04:00:00,515.5162963867188,516.5420602391357,510.91543308707116,515.3569857054445,15586200,513.7536254882813,514.1340454101562,509.7044787597656,453.9856300354004,513.6567433276664,513.1216373690697,508.8157413000252,53.660910902205615,1.1040565265589066,1.6403587780328543,-0.5363022514739477,0.05993252112268532,514.1340454101562,525.0088516695419,503.2592391507705,8.069305125783185,13.7174094841282,0.0,0.0,0.0,0.0,0.0
2025-10-22 04:00:00,518.3843994140625,523.0549803520576,515.5661623300699,518.9919195722497,18962700,513.3244140625,514.6513961791992,509.5484997558594,454.4810874938965,514.5163171615566,513.6228528019262,509.19098279469335,56.619196781828755,1.4003084478304118,1.5923487119923658,-0.19204026416195408,-1.5191966725373374,514.6513961791992,525.2868373864852,504.01595497191323,7.831013842637946,13.816380114321946,0.0,0.0,0.0,0.0,0.0
2025-10-23 04:00:00,518.404296875,521.7802730707533,516.4623598997719,520.2964530626382,14023500,513.1411743164062,515.3250946044922,509.56511840820315,454.95436004638674,515.2232225640008,514.0782284279333,509.5522892292152,56.63987774410281,1.6180439847665866,1.5974877665472103,0.020556218219376365,-0.6526938872569832,515.3250946044922,525.0344781162753,505.6157110927091,7.820346567737865,13.563746911682827,0.0,0.0,0.0,0.0,0.0
2025-10-24 04:00:00,521.441650390625,523.1744351060786,518.5536961256696,520.6250388201142,15532400,514.4009338378906,515.930078125,509.6047045898438,455.46995681762695,516.3538458052052,514.7795067100943,510.0185386865254,59.79109108660163,2.012491264413029,1.680488466120374,0.332002798292655,-0.2362576563034957,515.930078125,525.5774077443806,506.2827485056194,7.187965021299009,13.393318431984602,0.0,0.0,0.0,0.0,0.0
2025-10-27 04:00:00,529.3189697265625,532.3662956890146,526.819354031342,529.577902779321,18734700,516.1407073974609,516.7725799560546,509.84776977539065,456.0140953063965,518.7111410636338,516.1642174735675,510.7754183351543,66.57560394805722,2.9269869289468033,1.92978815868566,0.9971987702611433,1.7457967670308605,516.7725799560546,527.9663170065965,505.57884290551283,7.373627849821718,14.186008315307783,0.0,0.0,0.0,0.0,0.0
2025-10-28 04:00:00,539.8252563476562,551.4269763883988,538.5306518978505,547.7224103521172,29986700,518.9789093017578,517.9735870361328,510.36200561523435,456.6385464477539,522.5500711152742,518.4176497472903,511.9146276689779,73.09593639185525,4.448224494250553,2.4334754257986386,2.0147490684519145,6.088545371955356,517.9735870361328,533.1692605772546,502.7779134950111,8.678199702492265,15.51878360255595,0.0,0.0,0.0,0.0,0.0
2025-10-29 04:00:00,539.307373046875,544.0078586434945,534.507325873603,542.6833492925585,36023000,521.7792663574219,519.0610626220703,511.0116375732422,457.2691236877441,525.5968532846562,520.4071472043936,512.988852977915,72.3467454540007,5.548072642568741,3.0563948691526592,2.4916777734160815,5.34967824933299,519.0610626220703,536.997329222613,501.1247960215276,8.826872496708887,15.555810881949883,0.0,0.0,0.0,0.0,0.0
2025-10-30 04:00:00,523.582763671875,532.7545848667123,519.9578228356851,528.2831883129468,41023100,523.1884094238281,519.5599884033203,511.4273095703125,457.8286051940918,525.2306551732414,520.7095868679633,513.4043004561096,54.186458997589384,5.0921663397688235,3.463549163275892,1.6286171764929316,2.3735823414467117,519.5599884033203,537.4120783550323,501.7078984516082,9.216680096412533,18.866579746104943,0.0,0.0,0.0,0.0,0.0
2025-10-31 04:00:00,515.6656494140625,527.1279940743384,512.9668501497666,526.6898137654194,34006400,523.6096496582031,519.582894897461,511.69758544921876,458.29581100463867,523.4915632170271,520.2292118723536,513.4929808074019,47.69492157533423,4.0453797362138175,3.579915277863477,0.46546445835034067,0.8530832163939239,519.582894897461,537.4126317142483,501.75315808067364,9.84051957147422,19.691578328564734,0.0,0.0,0.0,0.0,0.0
2025-11-03 05:00:00,514.888916015625,522.7860691817526,512.4590180581705,517.657371934483,22374700,523.6335571289062,519.0082824707031,511.8927734375,458.7677001953125,521.9274455440449,519.7206122669509,513.5477233645871,47.09877079492886,3.1171849496646473,3.4873692122237108,-0.37018426255906345,1.0594062466082743,519.0082824707031,536.6553253104045,501.3612396310017,9.918051843796182,17.967549053407723,0.0,0.0,0.0,0.0,0.0
2025-11-04 05:00:00,512.2001342773438,513.4150529816625,505.73698923396887,509.6407695643784,20958700,523.3019409179688,518.527783203125,512.09333984375,459.20410842895507,520.1588434955537,519.0043762679406,513.4948767337148,45.001847358570544,2.1399536255293015,3.217886094884829,-1.0779324693555274,0.14603235218655364,518.527783203125,536.3757910478678,500.6797753583821,10.060316073286023,17.81362271067126,0.0,0.0,0.0,0.0,0.0
2025-11-05 05:00:00,505.0597839355469,512.6980347767452,504.4821687767013,511.17434154282535,23024300,521.9694793701171,517.6469467163085,512.1953155517579,459.6074395751953,517.4135599391888,517.6763198553317,513.1640887808455,39.91905978907664,0.7803290152452291,2.730374678956909,-1.95004566371168,-1.8634140348051664,517.6469467163085,536.3511632719554,498.9427301606617,10.026887929045744,18.371872395509598,0.0,0.0,0.0,0.0,0.0
2025-11-06 05:00:00,495.04144287109375,503.6058351018555,493.75677643867937,503.5659922381216,27406500,519.6331939697266,516.3871841430664,512.0033142089844,459.8730270385742,513.3459022904442,515.5206172854043,512.4533967843847,34.099609100685726,-1.0929804824578468,1.9657036466739581,-3.058684129131805,-3.971717995945878,516.3871841430664,537.5846945833161,495.18967370281666,10.253092003717427,19.459235794719433,0.0,0.0,0.0,0.0,0.0
2025-11-07 05:00:00,494.7626037597656,497.31199999791255,491.2073803526309,494.89207027354036,24019800,516.9652893066407,515.6831115722656,511.74797607421874,460.13469497680666,509.9671207394117,513.5436636162959,511.759640195184,33.95125482091714,-2.5704610666621193,1.058470704006743,-3.628931770668862,-4.55681067582222,515.6831115722656,538.7853919361013,492.5808312084299,10.314265173769554,18.047259804262332,0.0,0.0,0.0,0.0,0.0
2025-11-10 05:00:00,503.9045715332031,504.7510576229119,496.73437575016374,497.9692613740871,26101500,514.4238494873047,515.2822784423828,511.73423278808593,460.45519561767577,508.8648390655556,512.6256548464776,511.451598286871,42.746069013721,-2.9694645388366325,0.2528836554380679,-3.2223481942747005,-2.7969917358329877,515.2822784423828,538.9310989989368,491.63345788582876,10.625824224561105,19.223187428479346,0.0,0.0,0.0,0.0,0.0
2025-11-11 05:00:00,506.573486328125,507.48968986721945,500.26971300797675,502.70954902224156,17980000,511.0986724853516,515.0387908935547,511.8051379394531,460.83608581542967,508.44822947693183,512.0492578447297,511.2602997786849,45.04664212094863,-3.0353291611580744,-0.4047589078811606,-2.6305702532769137,-2.8513572038907697,515.0387908935547,538.9528298870005,491.12475190010906,10.603059431268528,19.34080318516157,0.0,0.0,0.0,0.0,0.0
2025-11-12 05:00:00,509.0233154296875,509.5511194130969,497.05307240824305,507.2506574723947,26574900,508.0702667236328,514.9247665405273,511.92045837402344,461.166630859375,508.552790559251,511.7610728528209,511.17257490225364,47.14603660458288,-2.8569138895057336,-0.8951899042060752,-1.9617239852996584,-3.834295662473497,514.9247665405273,538.9353421283452,490.9141909527096,11.115926133687983,19.430331358463715,0.0,0.0,0.0,0.0,0.0
2025-11-13 05:00:00,501.205810546875,511.3735209246628,499.2140928412288,508.1967287528611,25273100,505.8325714111328,514.5104904174805,511.8272454833984,461.4822050476074,507.2169760115462,510.75580977606415,510.78172139812114,41.67474543180839,-3.3081910446520055,-1.3777901322952615,-1.930400912356744,-7.154064272959781,514.5104904174805,539.1923261623772,489.82865467258375,11.643732551713368,20.1432991034294,0.0,0.0,0.0,0.0,0.0
2025-11-14 05:00:00,508.0672607421875,509.4813936811572,495.3800287197931,496.166765720741,28505700,505.07273254394534,514.3411911010742,512.1295874023438,461.96747634887697,507.37157323529914,510.4997574871235,510.6752719606336,47.44016681412,-3.076703432167278,-1.7175727922696649,-1.3591306398976133,-5.792635863328388,514.3411911010742,539.1574084274405,489.5249737747079,11.870641099068694,20.73496884338855,0.0,0.0,0.0,0.0,0.0
2025-11-17 05:00:00,505.3883972167969,509.9992285471841,502.8190947602184,506.34444359286346,19092800,504.1226806640625,513.8781188964844,512.3146173095703,462.439006652832,507.0109957773896,510.0129612709019,510.4679435393067,45.547147889329054,-3.0739748610817514,-1.9888532060320823,-1.0851216550496692,-3.474974295846067,513.8781188964844,539.0136696789301,488.74256811403853,10.804364465149368,20.659104073849413,0.0,0.0,0.0,0.0,0.0
2025-11-18 05:00:00,491.74517822265625,500.89712400975867,484.76419755903834,493.31862192366924,33815100,502.0771850585937,512.6895629882813,512.2226000976563,462.862822265625,504.2353925856199,508.2731724091642,509.73371744845764,37.368749569501716,-4.125153993113315,-2.416113363448329,-1.7090406296649863,-4.638755988223464,512.6895629882813,539.6786864187673,485.70043955779533,11.598912099997014,22.61270900007074,0.0,0.0,0.0,0.0,0.0
2025-11-19 05:00:00,485.1027526855469,493.13934080841636,480.8305097576304,488.0704229659532,23245300,500.08148193359375,511.02548065185545,511.95869689941406,463.24624557495116,500.7567307856066,506.0664657688197,508.7677972616769,34.153350280183616,-5.431597185065698,-3.019210127771803,-2.412387057293895,-5.784968835719551,511.02548065185545,540.5236635117078,481.52729779200314,11.096003588539588,22.750394073323832,0.0,0.0,0.0,0.0,0.0
2025-11-20 05:00:00,477.3404846191406,492.4460215630244,474.41716428973194,491.5879641710541,26802500,498.31138610839844,508.9722900390625,511.52680114746096,463.586301574707,496.49923148261274,503.3306580402788,507.53535362863624,30.816364377653812,-7.012477512433236,-3.8178636047040895,-3.1946139077291464,-6.805864997943845,508.9722900390625,541.8327556704431,476.1118244076818,11.37226882773392,23.155067562636738,0.0,0.0,0.0,0.0,0.0
2025-11-21 05:00:00,471.04486083984375,477.8293938228302,467.20362215472323,477.4103368698009,31769200,495.9396118164062,506.45245056152345,510.79192932128905,463.8823506164551,491.87116409301836,500.25582021166593,506.1043539114287,28.393265087367112,-8.67335969419014,-4.7889628226013,-3.88439687158884,-6.7348310393376964,506.45245056152345,542.8280108224614,470.0768903005856,11.393606009485694,23.064599256417566,0.0,0.0,0.0,0.0,0.0
2025-11-24 05:00:00,472.92059326171875,475.8139832068258,466.9542001322548,473.9183160323131,34421000,492.8412139892578,503.6325317382813,509.98582458496094,464.21783752441405,488.42560576005474,497.6524652640519,504.80302996438127,30.15540114744259,-9.726147880497479,-5.776399834180536,-3.9497480463169428,-4.468484392151217,503.6325317382813,541.2667280783323,465.9983353982302,11.372738601836756,22.09812073745728,0.0,0.0,0.0,0.0,0.0
2025-11-25 05:00:00,475.90374755859375,478.0588322743821,463.8313270788984,472.9904142849383,28019800,489.7742401123047,500.43645629882815,509.3652593994141,464.556008605957,486.14890426887996,495.581158815913,503.6697247719975,32.98014184125327,-10.202170214970465,-6.6615539103385215,-3.5406163046319437,-3.81169798563209,500.43645629882815,535.9247929459647,464.9481196516916,11.802141401511026,20.500992261511335,0.0,0.0,0.0,0.0,0.0
2025-11-26 05:00:00,484.3943786621094,487.1979770584782,480.10418316215106,485.2025316262965,25709100,487.31134643554685,497.69080657958983,508.8949884033203,464.940495300293,485.82989961310346,494.51575118221746,502.91382884611954,40.37186849955149,-9.781542836684935,-7.285551695607805,-2.4959911410771296,-3.871803109809291,497.69080657958983,528.7353685031121,466.64624465606755,11.801514401726523,22.15787542214633,0.0,0.0,0.0,0.0,0.0
2025-11-28 05:00:00,490.88958740234375,491.5081706450152,485.54177754838196,486.48962635446395,14386700,486.27972412109375,496.05614776611327,508.58589111328126,465.36934310913085,486.74984284751076,494.1704022508009,502.4422899659715,45.33849816182924,-8.822384588531577,-7.59291827419256,-1.2294663143390165,-3.0960757617745194,496.05614776611327,524.7112800164849,467.4010155157416,11.873598140128248,21.200526179106472,0.0,0.0,0.0,0.0,0.0
2025-12-01 05:00:00,485.6315612792969,488.7444513856018,483.5463243869077,487.32770213243884,23964000,484.03615417480466,494.554443359375,507.9828192138672,465.76447280883787,486.54651892601726,493.35717930113384,501.78304570374894,42.2691351883276,-8.38981101260282,-7.752296821874612,-0.6375141907282078,-4.59541899974556,494.554443359375,522.005226097312,467.10366062143805,11.684655936720374,20.925826088806023,0.0,0.0,0.0,0.0,0.0
2025-12-02 05:00:00,488.8841552734375,492.3761849539621,485.2125428025972,485.6116258193264,19562700,482.38572998046874,493.25420532226565,507.51411071777346,466.18631423950194,486.9715437164573,492.93117701278186,501.2772068633446,44.76041948964524,-7.695823521814361,-7.741002161862562,0.045178640048201046,-2.45840231979616,493.25420532226565,519.0639954113509,467.44441523318034,11.680632029014813,21.199817589725203,0.0,0.0,0.0,0.0,0.0
2025-12-03 05:00:00,476.64208984375,483.13724409881166,474.1178525596479,475.23529714339696,34615100,480.87542114257815,491.47630310058594,506.90452758789064,466.54095336914065,485.0934611941468,491.37983537763597,500.31112384296836,38.09676003555324,-8.040974456222159,-7.800996620734482,-0.23997783548767693,-6.185238319141339,491.47630310058594,516.6827577317907,466.2698484693812,11.842650293938798,22.654309283737227,0.0,0.0,0.0,0.0,0.0
2025-12-04 05:00:00,479.7449951171875,480.2239129901724,475.40489514051177,478.6674679630734,22318200,480.3396453857422,490.21056365966797,506.3386798095703,466.8857029724121,484.1210128165178,490.27175535283135,499.504608990977,40.51406499536046,-7.972231611438701,-7.835243618875326,-0.13698799256337502,-5.073998976001248,490.21056365966797,515.0852226961796,465.33590462315635,11.3183352772407,22.5664188445545,0.0,0.0,0.0,0.0,0.0
2025-12-05 05:00:00,482.0597229003906,482.299166614698,477.78947078944657,481.4211657314621,22608700,480.8115692138672,489.5614776611328,505.88126770019534,467.2311592102051,483.7462328317674,489.4896570240275,498.82049581095396,42.32345986062582,-7.642870965595705,-7.796769088219403,0.15389812262369773,-1.9696086003877733,489.5614776611328,514.5824318430547,464.540523479211,10.633216053232648,21.73197845655258,0.0,0.0,0.0,0.0,0.0
2025-12-08 05:00:00,489.9018249511719,491.17890888246444,483.2769615726175,483.7858099301447,21965900,482.697265625,489.3184387207031,505.4924645996094,467.65512512207033,484.8654313989318,489.52891111232697,498.4707440125311,48.08488747039403,-6.672145840549945,-7.5718444386855115,0.8996985981355667,0.9892898440705844,489.3184387207031,514.2208227489479,464.4160546924584,10.771719781454655,22.605027415064576,0.0,0.0,0.0,0.0,0.0
2025-12-09 05:00:00,490.8995361328125,490.99931449735556,487.3875630167038,487.9862027558801,14696100,484.4951599121094,488.6681869506836,505.06107666015623,468.1049694824219,485.9625413505464,489.65944682856366,498.173833899601,48.78582310534962,-5.7559808666590015,-7.20867172428021,1.4526908576212083,2.840540861412655,488.6681869506836,512.628239319455,464.7081345819122,9.556544911661316,21.511197252902527,0.0,0.0,0.0,0.0,0.0
2025-12-10 05:00:00,477.4701843261719,483.14722906115725,473.99809828560024,482.92772884397027,35756200,484.6518035888672,487.21302185058596,504.2943780517578,468.51793563842773,484.41847643702374,488.4985646854787,497.361926073192,40.80061952963496,-6.04387989600167,-6.975713358624502,0.9318334626228326,1.3640576557553796,487.21302185058596,510.10565421080037,464.32038949037155,9.884588254263194,23.251719532393828,0.0,0.0,0.0,0.0,0.0
2025-12-11 05:00:00,482.3690185546875,484.92318635563356,474.7763326037194,475.5445986070271,24669200,484.449267578125,485.88030700683595,503.5906011962891,468.9463154602051,484.04584773114436,487.9147983873081,496.77396891560363,44.37719673460274,-5.809775494539565,-6.742525785807515,0.9327502912679497,1.9978883194329278,485.88030700683595,506.40806901797714,465.35254499569476,9.321588002736174,23.567133835433122,0.0,0.0,0.0,0.0,0.0
2025-12-12 05:00:00,477.4402770996094,481.3513637649093,475.2552617920193,478.72734800157895,21248100,483.1043365478516,484.69203033447263,502.86732177734376,469.3857780456543,482.84483488904704,486.9172249313368,496.0157849228196,41.65072508781556,-5.953328053975326,-6.584686239441077,0.6313581854657508,0.3228656107244543,484.69203033447263,504.21109432039606,465.1729663485492,9.070729795204832,23.266218654258207,0.0,0.0,0.0,0.0,0.0
2025-12-15 05:00:00,473.73870849609375,479.6252664455081,471.44392797474177,479.0066832317436,23727700,481.91505126953126,482.975602722168,502.03794555664064,469.78460205078125,481.1891755448737,485.66212812798034,495.14217408255587,39.67904357069526,-6.293235639523402,-6.526396119457543,0.23316047993414024,-2.1997922840158557,482.975602722168,499.6733631608864,466.27784228344956,9.02226946636164,22.542587256187694,0.0,0.0,0.0,0.0,0.0
2025-12-16 05:00:00,475.3051452636719,476.80172935648005,469.8076832860371,470.8353364785088,20705600,480.55715026855466,481.47144012451173,501.01642517089846,470.2334355163574,480.11935185738247,484.67574880757,494.36425138377615,40.95291159215467,-6.36286929757307,-6.493690755080648,0.13082145750757768,-3.1747347139996496,481.47144012451173,494.7349609366556,468.20791931236784,8.505593814573018,22.653258039205433,0.0,0.0,0.0,0.0,0.0
2025-12-17 05:00:00,475.0357360839844,478.9069051052783,473.9182915104317,475.8239455574328,24527200,480.3965148925781,480.63596801757814,500.0809375,470.68032638549806,479.19505808040094,483.7576523577047,493.6062703916275,40.793349476145494,-6.366405581916695,-6.4682337204478575,0.10182813853116279,-2.1818650269352258,480.63596801757814,493.26453208768726,468.007403947469,8.055192678498887,20.801949186730614,0.0,0.0,0.0,0.0,0.0
2025-12-18 05:00:00,482.87786865234375,488.4850656489584,476.8017407441929,477.10104539067044,28573500,480.7098022460938,480.524723815918,499.2849645996094,471.10484939575196,479.8646600025723,483.6738634333846,493.1855487547929,47.23764764606505,-5.671041319673861,-6.308795240293058,0.6377539206191969,-1.2285705225472898,480.524723815918,493.0261716687755,468.0232759630605,8.507731077218049,21.255359563553903,0.0,0.0,0.0,0.0,0.0
2025-12-19 05:00:00,484.8134460449219,486.73904362092316,481.39123391446003,486.2501387748106,70836100,480.98517456054685,480.898371887207,498.57649963378907,471.55954330444337,480.76443928299943,483.7823951106739,492.8572310014646,48.721203834866884,-4.907207973840059,-6.028477787002459,1.1212698131624004,1.7143589236633616,480.898371887207,493.44572173493304,468.351022039481,8.365198698005697,20.446821803823813,0.0,0.0,0.0,0.0,0.0
2025-12-22 05:00:00,483.81573486328125,487.6170561484318,481.5908021440126,485.01298390813173,16963000,480.37656555175784,481.5369155883789,498.07593322753905,472.0270127868652,481.3192202975961,483.78557032520797,492.5026625254574,47.97243018761401,-4.332429942746842,-5.689268218151336,1.3568382754044945,0.8485215661498291,481.5369155883789,493.24463242780956,469.8291987489483,8.283956687509576,19.804374504497517,0.0,0.0,0.0,0.0,0.0
2025-12-23 05:00:00,485.7413330078125,486.71908182827985,483.63612214595605,483.8755963136496,14683600,479.8607452392578,482.1779525756836,497.5523352050781,472.5693606567383,482.1232407903627,483.97183343783695,492.23751234829484,49.58291191623933,-3.679123884716887,-5.2872393514644465,1.6081154667475595,0.763724893934481,482.1779525756836,493.28795808595225,471.06794706541496,7.449432185262018,19.80433935332832,0.0,0.0,0.0,0.0,0.0
2025-12-24 05:00:00,486.90863037109375,488.04604888584674,483.7258924615979,484.5739628623746,5855900,480.80458984375,482.7281967163086,497.06164306640625,473.1161061096191,482.9933116232228,484.2515283838614,492.02853658448305,50.58155853335183,-3.0322293329534205,-4.836237347762242,1.8040080148088213,-0.610978450708255,482.7281967163086,493.6177025105474,471.8386909220698,7.413799226304036,19.724668779663297,0.0,0.0,0.0,0.0,0.0
2025-12-26 05:00:00,486.599365234375,487.00843522519267,484.85335038112265,485.601642461088,8842200,481.2276245117188,482.83844604492185,496.56755432128904,473.64731231689456,483.6489577343413,484.4751318934341,491.8156279040867,50.297300402381495,-2.5155185203078076,-4.372093582271355,1.8565750619635475,-0.8759777881057307,482.83844604492185,493.84301957483655,471.83387251500716,7.245612727648222,18.724369524857632,0.0,0.0,0.0,0.0,0.0
2025-12-29 05:00:00,485.9907531738281,487.23790659993216,483.0773893732932,483.7558335295542,10893400,482.0826721191406,482.59350433349607,496.09754272460935,474.1978045654297,484.07473872333884,484.61947677728114,491.5872014440766,49.70530584704263,-2.1305714836597645,-3.923789162549037,1.7932176788892726,1.784523751924083,482.59350433349607,493.04785892829494,472.1391497386972,6.891422102260017,18.074269258473368,0.0,0.0,0.0,0.0,0.0
2025-12-30 05:00:00,486.3699035644531,488.56487537463653,484.39440153201394,484.82341501264875,13944500,483.3457916259766,482.6304214477539,495.5958758544922,474.7016145324707,484.49204142172323,484.7861840903451,491.38260152722864,50.0993409876994,-1.7744491704108896,-3.493921164121408,1.7194719937105183,0.8294241246573852,482.6304214477539,493.13504109466373,472.1258018008441,6.931330842400789,17.66370681986603,0.0,0.0,0.0,0.0,0.0
2025-12-31 05:00:00,482.5186767578125,487.0284031238816,482.1993981667827,486.7290680267604,15601600,484.0671447753906,482.31214752197263,494.95325256347655,475.18547348022463,484.1332478464667,484.5702310110563,491.0349966343104,46.144701525121455,-1.7824346910970803,-3.1516238695165426,1.3691891784194623,1.0636722333217774,482.31214752197263,492.396275179636,472.22801986430926,6.069014207392692,17.7053802487242,0.0,0.0,0.0,0.0,0.0
2026-01-02 05:00:00,471.8630065917969,483.5563186075122,469.0893385249197,483.2869444224563,25571600,483.7498718261719,482.073193359375,494.08018676757814,475.64175735473634,481.90229489107213,483.360019161603,490.2831538875452,37.358016662527085,-2.6184034776290446,-3.0449797911390433,0.4265763135099987,-0.3959359601944712,482.073193359375,492.920640361408,471.225746357342,6.377594659584004,17.187364056589306,0.0,0.0,0.0,0.0,0.0
2026-01-05 05:00:00,471.773193359375,474.9858617296903,468.4308161640092,472.98042932285466,25250300,482.639404296875,481.6746032714844,493.14796264648436,476.07625549316407,480.0606400671272,482.2565119423432,489.557273082519,37.29355800292596,-3.2506900100894995,-3.086121834929135,-0.16456817516036448,-0.7430914517741138,481.6746032714844,493.4301015816896,469.9191049612792,6.337686716942073,16.991058701454424,0.0,0.0,0.0,0.0,0.0
2026-01-06 05:00:00,477.4203186035156,477.64977534720424,468.68025764779384,472.72102257015473,23037700,481.90009155273435,481.4426330566406,492.3282830810547,476.5438522338867,479.5805816191978,481.7959221005501,489.08131408334236,43.85339077965008,-3.258543370631685,-3.1206061420696454,-0.1379372285620395,0.5019796066689342,481.4426330566406,493.3482724525601,469.5369936607211,6.393985233273794,17.485906471886672,0.0,0.0,0.0,0.0,0.0
2026-01-07 05:00:00,482.3690185546875,488.5848422406915,476.86159994291296,478.6674756822987,25564200,481.755419921875,481.0659927368164,491.5468304443359,477.01426010131837,480.08757015292315,481.8505027152298,488.8180868077089,48.898416167274206,-2.832793803776326,-3.0630436744109817,0.23024987063465563,-0.10537863312650719,481.0659927368164,492.3026647365827,469.82932073705007,6.7317849637977645,16.852594437645102,0.0,0.0,0.0,0.0,0.0
2026-01-08 05:00:00,477.0212097167969,481.5608665012806,474.7763335277468,480.14408679814625,18162600,480.88340759277344,480.3720764160156,490.5008752441406,477.4488981628418,479.5300500736274,481.3905700487124,488.3554641766927,44.26916651003738,-2.8935526110714704,-3.0291454617430795,0.1355928506716091,-1.607264895743632,480.3720764160156,490.73171048287855,470.01244234915265,6.917790066090199,17.20788793036075,0.0,0.0,0.0,0.0,0.0
2026-01-09 05:00:00,478.1885681152344,478.72734693664125,471.1247042989064,472.9804540365218,18491000,480.0114013671875,480.4079956054687,489.2681414794922,477.87905197143556,479.28614426301044,481.0856174836192,487.956762370361,45.482457854871996,-2.815058099406656,-2.986327989275795,0.17126988986913894,-1.1630805578568104,480.4079956054687,490.7301793047873,470.0858119061501,6.500169571287399,14.235160100136547,0.0,0.0,0.0,0.0,0.0
2026-01-12 05:00:00,476.09332275390625,479.89464390147504,474.59673866594744,475.5845048686955,23519900,478.96079711914064,480.0942108154297,488.0038604736328,478.3244822692871,478.7056312613551,480.6101608426942,487.49152944422553,43.645803579125634,-2.888621196306133,-2.9667866306818627,0.07816543437572987,-1.9862444470524543,480.0942108154297,490.5461266352936,469.64229499556575,6.496604966220575,13.792876325716156,0.0,0.0,0.0,0.0,0.0
2026-01-13 05:00:00,469.5981750488281,474.6965236309785,464.888922501957,473.5990225282599,28545800,477.3215393066406,479.7021057128906,486.9241687011719,478.7344102478027,477.0497301318047,479.56140029089744,486.78982927185706,38.46088870186929,-3.431468782073466,-3.0597230609601835,-0.37174572111328263,-3.555175292143131,479.7021057128906,491.11724395230345,468.2869674734778,6.866472555329868,14.157752482500197,0.0,0.0,0.0,0.0,0.0
2026-01-14 05:00:00,458.3338928222656,467.13381499707015,456.1289340170423,465.39775666549855,28184300,474.5179382324219,478.9318649291992,485.77753356933596,479.1464694213867,473.6468506209794,477.5397329129325,485.67391019540247,31.47707454119528,-4.716246882647454,-3.391027825297638,-1.3252190573498157,-5.808777082661232,478.9318649291992,493.6440049813706,464.21972487702783,7.608349794577156,16.23681348014319,0.0,0.0,0.0,0.0,0.0
2026-01-15 05:00:00,455.6200866699219,463.1927988881192,454.8618076165624,463.0630900555096,23225800,471.8280792236328,477.9476119995117,484.5921569824219,479.56187973022463,470.36925717533256,475.4521475564553,484.4953288806778,30.06084226804836,-5.88557896923686,-3.8899380540854827,-1.9956409151513776,-6.249227234379773,477.9476119995117,495.9478131202026,459.9474108788208,7.894837997956297,16.19719249197078,0.0,0.0,0.0,0.0,0.0
2026-01-16 05:00:00,458.8127746582031,462.13520850615447,455.4404972994736,456.78739866953146,34246700,470.52305603027344,477.13646392822267,483.52440979003904,479.9595118713379,468.26807853585444,473.86744537566943,483.48816989156114,33.83262254395973,-6.479962856026873,-4.40794301447376,-2.0720198415531126,-5.6658787281639755,477.13646392822267,497.0496341095774,457.2232937468679,8.219097023857074,16.51009762845261,0.0,0.0,0.0,0.0,0.0
2026-01-20 05:00:00,453.48492431640625,455.7597309230742,448.2568669541529,450.1924514863621,26130000,468.69422912597656,475.6668167114258,482.49291259765624,480.3307528686523,465.58023231413654,471.9262528938348,482.3115720258688,30.84333595496983,-7.2968162093415,-4.985717653447309,-2.3110985558941914,-6.017125106222365,475.6668167114258,497.988731766303,453.3449016565486,8.675910629386452,15.3790223189661,0.0,0.0,0.0,0.0,0.0
2026-01-21 05:00:00,443.0986328125,451.65911099901973,437.68100562513575,451.56931960591265,37980500,465.262060546875,473.58107604980466,481.45405639648436,480.6948695373535,461.4926687683844,469.18076526704107,480.77380970377595,26.017330600269446,-8.682182504023956,-5.725010623562639,-2.957171880461317,-6.095916267532409,473.58107604980466,499.76581237427865,447.3963397253307,9.506870975718446,16.64611843906451,0.0,0.0,0.0,0.0,0.0
2026-01-22 05:00:00,450.1126403808594,451.8087507279656,443.6873036586902,446.600636936346,25349400,462.0364227294922,471.8959213256836,480.56105712890627,481.1599018859863,459.4235726979253,467.364753373119,479.57141090679886,33.57594586239105,-9.109119225127984,-6.401832343875709,-2.7072868812522746,-4.591306433558984,471.8959213256836,499.60119834782734,444.1906443035399,9.784093329887497,18.129834784028986,0.0,0.0,0.0,0.0,0.0
2026-01-23 05:00:00,464.888916015625,470.0271819611143,449.50401819491054,450.8409629929935,38000200,460.823193359375,470.8533004760742,479.7807440185547,481.7086405944824,460.4172714829616,467.12895933907197,478.9956267934195,46.07520290996305,-8.161071942021579,-6.753680263504884,-1.4073916785166949,-2.624815513622414,470.8533004760742,497.92699256071785,443.77960839143054,10.216677878716874,22.160893880663718,0.0,0.0,0.0,0.0,0.0
2026-01-26 05:00:00,469.20904541015625,473.1700058760031,460.94790240319116,464.25036221183507,29291200,459.9252410888672,469.9683212280273,479.0334552001953,482.2953546142578,462.0157758333606,467.3270627744133,478.6118392881935,49.09144401019301,-6.980670478576485,-6.799078306519204,-0.18159217205728062,-2.7281961814136,469.9683212280273,495.9680945306478,443.9685479254068,10.621467729226213,22.479197734170576,0.0,0.0,0.0,0.0,0.0
2026-01-27 05:00:00,479.485595703125,481.7703893732875,472.0825097961169,472.62128861771004,29213900,460.26446838378905,469.61263275146484,478.44270080566406,482.75516632080075,465.19210671877227,468.48501829143345,478.6461042456418,55.471839107764076,-5.156520927109739,-6.470566830637312,1.314045903527573,0.5166197930258187,469.61263275146484,494.83751857912347,444.3877469238062,10.878026748063418,24.000086966917593,0.0,0.0,0.0,0.0,0.0
2026-01-28 05:00:00,480.533203125,482.63838346935967,476.9114647448887,482.10959164059926,36875400,461.35797119140625,469.3397552490234,478.02924865722656,483.26556884765625,467.98139697445004,469.6324644660588,478.72010812326374,56.07619484381493,-3.5850103340205237,-5.893455531313954,2.3084451972934303,0.490315989570167,469.3397552490234,493.9287018240261,444.75080867402073,10.449717921398591,24.019234713394468,0.0,0.0,0.0,0.0,0.0
2026-01-29 05:00:00,432.5128173828125,441.49232224197124,420.06122635013605,438.98802836564175,128855300,458.77586364746094,466.6469009399414,476.5181597900391,483.50063888549806,461.53256432142496,466.0972599819401,476.9080575059911,33.57871957793465,-6.143601064350037,-5.943484637921172,-0.20011642642886507,-9.15377370113225,466.6469009399414,494.9054646509077,438.38833722897516,14.226810189107393,42.68368632965059,0.0,0.0,0.0,0.0,0.0
2026-01-30 05:00:00,429.31011962890625,438.5989157576861,425.47886802078926,438.1699022937122,58566800,456.1448669433594,463.9864730834961,474.99659423828126,483.7228713989258,455.6739380136943,462.5937228054607,475.04147170688975,32.6382239959068,-8.333668254357406,-6.421521361208418,-1.9121468931489876,-8.57926149643422,463.9864730834961,495.75424872171277,432.2186974452794,14.620910553333248,42.68020354967549,0.0,0.0,0.0,0.0,0.0
2026-02-02 05:00:00,422.4058837890625,429.7590957240154,421.28843915961005,429.2602343395754,42219900,452.5041778564453,461.51361694335935,473.60980834960935,483.9209036254883,449.62520088194304,458.76630956580374,472.9773310042299,30.645514926989875,-10.50532753569712,-7.238282596106159,-3.267044939590961,-7.838828765634275,461.51361694335935,498.0426687670909,424.9845651196278,14.84753564825309,42.42268185129067,0.0,0.0,0.0,0.0,0.0
2026-02-03 05:00:00,410.2735595703125,421.0888704228976,407.6296003977664,421.0489834358989,61424100,448.18304138183595,458.4386352539062,472.1132244873047,484.1283378601074,442.47035700710114,454.147952423376,470.5183595754488,27.471474708692924,-13.054871895670374,-8.401600456019002,-4.6532714396513715,-9.952705867522715,458.4386352539062,501.16035302063904,415.7169174871734,15.102670158206434,43.18099507687891,0.0,0.0,0.0,0.0,0.0
2026-02-04 05:00:00,413.2467956542969,418.84400576689177,408.3080557741746,410.0640575889883,45012400,445.19785766601564,455.22995910644534,470.8313507080078,484.36964279174805,437.1569822156822,450.25260415965414,468.2724158922664,29.401275273033633,-14.666423465637308,-9.654565057942664,-5.011858407694644,-9.931279493656442,455.22995910644534,501.4457585550347,409.014159657856,14.893149369701531,42.94360444488508,0.0,0.0,0.0,0.0,0.0
2026-02-05 05:00:00,392.7735290527344,407.37018733348754,391.4265972483441,406.51216038211834,66289200,439.4639465332031,450.7501846313477,469.26592407226565,484.5515524291992,429.0872634587826,444.7784065304237,465.3116752318926,24.55613807854303,-17.395091422110568,-11.202670330776245,-6.192421091334323,-13.387742791050805,450.7501846313477,502.88045684293473,398.6199124197606,15.856664165015527,44.979169185355225,0.0,0.0,0.0,0.0,0.0
2026-02-06 05:00:00,400.22650146484375,400.87501513504304,392.0252195920243,398.2609865133262,53515300,432.997705078125,446.91044921875,467.8120422363281,484.7325193786621,423.83985218715736,440.5353679527494,462.75931547632206,29.134417819355505,-18.7401629172748,-12.710168848075957,-6.029994069198844,-9.675527788368932,446.91044921875,502.1154061375881,391.7054922999119,16.01059876046823,46.118596063088205,0.0,0.0,0.0,0.0,0.0
2026-02-09 05:00:00,412.65814208984375,413.94521298339265,399.9571203178888,403.9280678877113,45480500,427.3426147460938,443.6339279174805,466.5471301269531,484.93808197021485,421.80681398764574,437.8803940610441,460.79456357881315,36.100079083374226,-18.58873292297585,-13.885881663055937,-4.702851259919914,-8.321138961866026,443.6339279174805,498.80109494575834,388.46676088920265,16.255754829143488,48.08143194891834,0.0,0.0,0.0,0.0,0.0
2026-02-10 05:00:00,412.328857421875,422.7151545880433,411.76017861216997,418.66440278178237,44857900,420.62694091796874,440.4457046508789,465.10581970214844,485.07793869018553,420.08354915750556,435.44691438112324,458.89394765109006,35.99914289544036,-18.284521500124015,-14.765609630469552,-3.5189118696544632,-11.305939286361355,440.4457046508789,495.08197038553334,385.80943891622445,15.909401778043689,48.123039226771965,0.0,0.0,0.0,0.0,0.0
2026-02-11 05:00:00,403.4491271972656,415.51159110220135,400.096793508188,415.2322299614449,42491000,412.9185333251953,437.1382522583008,463.35701049804686,485.15081954956054,417.05910880109826,432.3995060778987,456.71964096662634,33.29556964857187,-18.546163149708946,-15.52172033431743,-3.024442815391515,-14.015057649923824,437.1382522583008,492.34965968023516,381.9268448363664,16.388307469368527,48.35482817348833,0.0,0.0,0.0,0.0,0.0
2026-02-12 05:00:00,400.9248962402344,405.2749831551046,397.1036315998776,404.07770370563327,40802400,409.7597412109375,434.2678024291992,461.66287719726563,485.2145031738281,414.1256156082139,429.4019241885974,454.5316117616698,32.547271675534034,-18.741163912768457,-16.16560905000764,-2.575554862760818,-16.384371119154896,434.2678024291992,490.7931297769757,377.7424750814227,15.506035168584475,47.94165614558273,0.0,0.0,0.0,0.0,0.0
2026-02-13 05:00:00,400.4060974121094,404.61648859375555,397.1435245648219,403.528974460687,34091600,406.8693389892578,431.5071029663086,459.89331604003905,485.2613021850586,411.63115775437666,426.6404168765509,452.409042571491,32.38616917526231,-18.721753432363357,-16.676837926478782,-2.0449155058845747,-16.674624186592858,431.5071029663086,489.02607154428546,373.98813438833173,15.16681092259317,47.973594764450496,0.0,0.0,0.0,0.0,0.0
2026-02-17 05:00:00,395.95623779296875,399.60790672873594,393.6315571718042,398.31087932693146,32078800,404.22437438964846,428.36427612304686,458.27959899902345,485.2797981262207,408.78117230684796,423.7181141066859,450.19520708998033,30.970169102662382,-18.848167032064396,-17.111103747595905,-1.7370632844684906,-8.452137860573018,428.36427612304686,486.46721180663997,370.26134043945376,14.753467799534162,47.75327215926521,0.0,0.0,0.0,0.0,0.0
2026-02-18 05:00:00,398.69000244140625,401.6432531481791,395.41747315874426,397.2233488345012,23223400,403.06601867675784,425.62453002929686,456.6584991455078,485.16240783691404,406.9464141494949,421.3344844242783,448.17539514297744,32.910855863441284,-18.514337008227585,-17.39175039972224,-1.122586608505344,-7.132400515964521,425.62453002929686,483.9072516202125,367.34180843838124,14.789100747031581,47.96247825058786,0.0,0.0,0.0,0.0,0.0
2026-02-19 05:00:00,398.4599914550781,404.42999267578125,396.6700134277344,400.69000244140625,28234000,401.58733825683595,423.3925979614258,454.98650451660154,484.99484283447265,405.40342820505543,419.1559612843544,446.2257714689422,32.82723299670607,-18.060148127968773,-17.52542994537155,-0.5347181825972243,-5.668929636866105,423.3925979614258,482.2735603819969,364.5116355408547,11.023958066544647,47.57004216795337,0.0,0.0,0.0,0.0,0.0
2026-02-20 05:00:00,397.2300109863281,400.1199951171875,395.1600036621094,396.1099853515625,34015200,402.0329864501953,420.7484664916992,453.1330682373047,484.816711730957,403.917352347105,417.06777554168525,444.304369097075,32.35381400288675,-17.596606585353243,-17.539665273367888,-0.056941311985355014,-3.1792320708273647,420.7484664916992,479.3259696454736,362.17096333792483,10.441096903557597,46.949138525367175,0.0,0.0,0.0,0.0,0.0
2026-02-23 05:00:00,384.4700012207031,395.3599853515625,383.1000061035156,395.0,43238300,400.45733642578125,416.72752075195314,451.0044775390625,484.5889720153809,400.3814703241228,413.96322560635366,441.9579232980016,27.86432063555759,-18.050794399817107,-17.64189109865773,-0.408903301159377,-6.963585619104739,416.72752075195314,473.56186188128436,359.8931796226219,10.845336069158106,45.5003821383915,0.0,0.0,0.0,0.0,0.0
2026-02-24 05:00:00,389.0,389.3599853515625,381.7099914550781,384.1400146484375,33884700,398.0915222167969,412.7170684814453,449.2350738525391,484.3836836242676,398.3121120833732,411.5857755486057,439.8811419921976,31.498478821529446,-17.839565070922447,-17.681425893110674,-0.15813917781177267,-0.9607391470181637,412.7170684814453,465.1043037757212,360.32983318716947,10.33631539095727,45.641824618234736,0.0,0.0,0.0,0.0,0.0
2026-02-25 05:00:00,400.6000061035156,401.4700012207031,390.1600036621094,390.5299987792969,43625500,396.91863708496095,408.77278900146484,447.5996936035156,484.2124784851074,398.7280928143082,410.53951179193047,438.3407052906807,39.85453589133443,-16.545415507879284,-17.4542238160644,0.9088083081851153,0.09332331499909419,408.77278900146484,450.8595331689434,366.6860448339863,10.47446190724198,46.43076153687577,0.0,0.0,0.0,0.0,0.0
2026-02-26 05:00:00,401.7200012207031,407.489990234375,398.739990234375,404.7099914550781,34405900,396.7457244873047,404.83212890625,446.0852880859375,484.04409454345705,399.2720761609254,409.69955840419453,436.90459924872084,40.607844385904556,-15.253584581527093,-17.01409596915694,1.7605113876298475,-2.6506543197587495,404.83212890625,429.9769950978464,379.68726271465357,9.54087630681678,46.449953773335,0.0,0.0,0.0,0.0,0.0
2026-02-27 05:00:00,392.739990234375,396.82000732421875,389.8800048828125,390.8800048828125,51367200,395.92723388671874,402.84348754882814,444.46531372070314,483.77856063842773,398.08442417427983,408.0843614356403,435.1726537971779,36.644809670369106,-14.783990463419457,-16.568074868009447,1.78408440458999,-4.7507873472599655,402.84348754882814,424.8681666213333,380.818808476323,9.754462077879058,32.15989288307871,0.0,0.0,0.0,0.0,0.0
2026-03-02 05:00:00,398.54998779296875,401.19000244140625,390.6300048828125,392.8599853515625,35474900,395.7416229248047,401.30548095703125,442.9302105712891,483.54267196655275,398.1690721049505,407.176325850624,433.7364708166207,40.67859806300316,-13.784120731299993,-16.011284040667558,2.2271633093675653,-1.2143140421026266,401.30548095703125,419.5136518246486,383.0973100894139,9.509598141671193,32.86214183957706,0.0,0.0,0.0,0.0,0.0
2026-03-03 05:00:00,403.92999267578125,406.70001220703125,392.6700134277344,393.1400146484375,38199200,396.53899841308595,400.3816864013672,441.508095703125,483.31482788085935,399.21651220873787,406.86715126254376,432.5675893209015,44.220196331294815,-12.41448883393025,-15.291924999320099,2.877436165389849,0.7495409897783523,400.3816864013672,415.7329846122132,385.03038819052114,9.729242627630018,33.037663538512476,0.0,0.0,0.0,0.0,0.0
2026-03-04 05:00:00,405.20001220703125,411.0299987792969,400.30999755859375,401.2699890136719,35808000,397.18999938964845,400.1280090332031,439.95453857421876,483.08826324462893,400.30442129933664,406.7083761143997,431.4943510027105,45.05413728249696,-11.098627654478946,-14.45326553035187,3.354637875872923,1.1972631850278415,400.1280090332031,414.9495883171831,385.3064297492231,9.39390002953643,31.524225952963747,0.0,0.0,0.0,0.0,0.0
2026-03-05 05:00:00,410.67999267578125,411.6099853515625,404.3999938964844,404.4200134277344,39001300,398.41199951171876,399.99966888427736,438.47186950683596,482.88343154907227,402.19088882232654,407.08662531072173,430.67810165655646,48.623388150077005,-9.504052759629872,-13.463422976207472,3.9593702165776,3.7185308570668374,399.99966888427736,414.3808600489503,385.6184777196044,9.325231450954366,31.80454837648201,0.0,0.0,0.0,0.0,0.0
2026-03-06 05:00:00,408.9599914550781,413.04998779296875,408.510009765625,409.20001220703125,31123900,399.5849975585937,400.80899200439455,436.97475463867187,482.64713272094724,403.4216347555541,407.26504113399375,429.82641106042007,47.57869433212262,-8.283641725606174,-12.427466726087214,4.143825000481041,2.57593341964506,400.80899200439455,415.2993433291702,386.3186406796189,9.115732450840804,26.002074001071644,0.0,0.0,0.0,0.0,0.0
2026-03-09 04:00:00,409.4100036621094,410.2099914550781,403.5,404.9200134277344,30131900,402.07899780273436,401.26816711425784,435.4481280517578,482.41656356811524,404.5104291022005,407.46932327952857,429.02576763303534,47.89412991463252,-7.197180349378755,-11.381409450745522,4.184229101366768,2.7480832309021874,401.26816711425784,416.2543369340785,386.2819972944372,9.111121823324586,25.23058634932953,0.0,0.0,0.0,0.0,0.0
2026-03-10 04:00:00,405.760009765625,410.20001220703125,402.92999267578125,410.0299987792969,31706400,403.7549987792969,400.9232604980469,433.8251556396484,482.1955827331543,404.73762558645944,407.30653151629963,428.1133849715683,45.502517492224044,-6.555112626420055,-10.41615008588043,3.861037459460375,2.147370174301977,400.9232604980469,415.10142025434993,386.74510074174384,9.18571036202567,22.84445042024622,0.0,0.0,0.0,0.0,0.0
2026-03-11 04:00:00,404.8800048828125,409.010009765625,401.5899963378906,405.57000732421875,25512100,404.18299865722656,400.5508178710937,432.1907684326172,481.9588182067871,404.7635127312509,407.0754337416818,427.2022720269112,44.92011000323348,-6.047565795649291,-9.542433227834204,3.494867432184913,5.30860758896845,400.5508178710937,413.83032270957597,387.2713130326115,9.161427089146205,22.85006249902983,0.0,0.0,0.0,0.0,0.0
2026-03-12 04:00:00,401.8599853515625,406.1199951171875,401.7099914550781,404.6300048828125,27263900,404.1969970703125,400.4713607788086,430.5081530761719,481.7302183532715,404.2355986622166,406.5787243711943,426.20845686317205,42.89117193169526,-5.8219102549952595,-8.798328633266415,2.9764183782711555,3.305908830735871,400.4713607788086,413.69675410129724,387.24596745632,9.122142246791295,21.672845852435504,0.0,0.0,0.0,0.0,0.0
2026-03-13 04:00:00,395.54998779296875,404.79998779296875,394.25,401.0,26848000,404.4779968261719,400.20261535644534,428.6917547607422,481.4178219604492,402.65639668598965,405.5283685066014,425.0061639584582,38.93419678233585,-6.082129676478985,-8.255088841908929,2.172959165429944,-1.2606136379443633,400.20261535644534,413.6064413707174,386.7987893421733,8.866426740373884,22.27907622093052,0.0,0.0,0.0,0.0,0.0
2026-03-16 04:00:00,399.95001220703125,400.6300048828125,394.7900085449219,398.07000732421875,27733700,404.6179992675781,400.17981109619143,427.0403814697266,481.1439796447754,402.1643267807245,404.9970964780709,424.02356977212776,42.890711093936815,-5.865694173938607,-7.777209908314865,1.911515734376258,-0.44060266063263853,400.17981109619143,413.5837313700875,386.77589082229537,8.73714120047433,22.659161705396002,0.0,0.0,0.0,0.0,0.0
2026-03-17 04:00:00,399.4100036621094,404.3999938964844,397.75,400.2699890136719,26228300,404.16600036621094,400.3524993896484,425.5913214111328,480.86087524414063,401.6635407591581,404.4649924003603,423.0583318854604,42.52654043641482,-5.672354286085238,-7.356238783868941,1.683884497783703,1.6983280525504796,400.3524993896484,413.6155603284997,387.0894384507971,8.321426391601562,22.283686348375106,0.0,0.0,0.0,0.0,0.0
2026-03-18 04:00:00,391.7900085449219,398.0,391.0,397.1300048828125,25908500,402.825,400.0074996948242,423.99165771484377,480.53131942749025,399.8683530838424,403.25785108079475,421.83212312700795,37.66654130671329,-6.064097810236888,-7.097810589142531,1.0337127789056435,-1.6961433835392392,400.0074996948242,413.80100379941547,386.21399559023297,8.297140938895089,23.187895480548928,0.0,0.0,0.0,0.0,0.0
2026-03-19 04:00:00,389.0199890136719,392.489990234375,387.05999755859375,390.1000061035156,25138800,400.65899963378905,399.5354995727539,422.22365112304686,480.1799099731445,397.89592325290226,401.90186421725923,420.54537276962225,36.0535323452331,-6.522883066008376,-6.9828250845157,0.4599420185073244,-3.6912346031400145,399.5354995727539,414.1722486758466,384.8987504696612,7.839283534458706,23.294994792579985,0.0,0.0,0.0,0.0,0.0
2026-03-20 04:00:00,381.8699951171875,387.0,380.1199951171875,386.7900085449219,50853200,397.95,398.7674987792969,420.2136706542969,479.78777954101565,394.98211813731774,399.9940671601096,419.0286912930562,32.218303932012404,-7.378365237446133,-7.061933115101787,-0.31643212234434603,-5.757654587118721,398.7674987792969,415.3907024804662,382.1442950781276,7.720711844308036,24.087372774961526,0.0,0.0,0.0,0.0,0.0
2026-03-23 04:00:00,383.0,387.2099914550781,381.67999267578125,383.8999938964844,29680100,395.3089996337891,398.6939987182617,418.33324645996095,479.39682510375974,392.80355120325993,398.3755845734325,417.61580143842656,33.42367990935395,-7.874388027978512,-7.224424097677132,-0.6499639303013796,-6.740039244530161,398.6939987182617,415.59407232300885,381.79392511351455,7.113568987165179,21.299199719012517,0.0,0.0,0.0,0.0,0.0
2026-03-24 04:00:00,372.739990234375,382.4700012207031,371.8500061035156,382.3599853515625,42733600,392.0069976806641,397.8809982299805,416.2242749023437,478.9356306457519,389.15563102709905,395.93409939828416,415.85596570493436,28.472702663075353,-8.99173557419499,-7.577886392980704,-1.4138491812142862,-8.856612377125817,397.8809982299805,418.00208884927054,377.75990761069045,7.144282749720982,22.79190927985335,0.0,0.0,0.0,0.0,0.0
2026-03-25 04:00:00,371.0400085449219,377.05999755859375,369.6300048828125,376.9200134277344,31181200,388.622998046875,396.40299835205076,414.1232086181641,478.4525141906738,385.861881484885,393.56323360272586,414.09847718885544,27.73951247603877,-9.900291472250387,-8.042367408834641,-1.8579240634157461,-9.3720218787948,396.40299835205076,419.76483370395425,373.04116300014726,7.159997122628348,19.439496705411006,0.0,0.0,0.0,0.0,0.0
2026-03-26 04:00:00,365.9700012207031,374.7200012207031,365.19000244140625,370.82000732421875,36836600,385.03399963378905,394.6154983520508,412.05064514160154,477.93226608276365,382.2451759823065,390.9353067091999,412.2110859744181,25.62054026638461,-10.90374421058192,-8.614642769184098,-2.289101441397822,-9.806291302069258,394.6154983520508,421.47351327727233,367.75748342682925,7.516427176339286,19.581494863125666,0.0,0.0,0.0,0.0,0.0
2026-03-27 04:00:00,356.7699890136719,362.45001220703125,356.510009765625,361.8999938964844,37883400,381.1559997558594,392.81699829101564,410.01936706542966,477.3751150512695,377.61332380619103,387.6814669286734,410.03692530929084,22.29275909586309,-12.299570045327528,-9.351628224412783,-2.9479418209147443,-11.88253687239148,392.81699829101564,424.5743002584033,361.059696323628,7.712855747767857,19.938509694387495,0.0,0.0,0.0,0.0,0.0
2026-03-30 04:00:00,358.9599914550781,365.3599853515625,356.2799987792969,361.8999938964844,44797000,377.05699768066404,390.8374984741211,408.08616516113284,476.8204632568359,374.2218088332614,384.9460883121405,408.0339082954001,24.79681259494221,-13.078298694941054,-10.096962318518438,-2.9813363764226164,-10.675358448279892,390.8374984741211,425.85797650426736,355.81702044397485,7.842139107840402,19.03133193061179,0.0,0.0,0.0,0.0,0.0
2026-03-31 04:00:00,370.1700134277344,372.8999938964844,363.07000732421875,364.54998779296875,45244400,374.13299865722655,389.1494995117188,406.3133099365234,476.29079208374026,373.4851187595292,383.53884308505417,406.5490496731387,36.14049836044128,-12.64512652579458,-10.606595159973667,-2.038531365820914,-6.4163759697847045,389.1494995117188,424.76234657482377,353.5366524486138,8.307852608816964,22.124744595596578,0.0,0.0,0.0,0.0,0.0
2026-04-01 04:00:00,369.3699951171875,373.989990234375,368.20001220703125,373.489990234375,29417200,371.8909973144531,387.3579986572266,404.6310113525391,475.7765579223633,372.73691446092164,382.1894289928764,405.0910475336897,35.72632286094145,-12.22546173968874,-10.930368475916682,-1.295093263772058,-7.645959784097778,387.3579986572266,423.17544806770684,351.5405492467463,8.406422206333705,21.96878926749993,0.0,0.0,0.0,0.0,0.0
2026-04-02 04:00:00,373.4599914550781,373.6400146484375,364.1499938964844,367.2099914550781,24099100,370.3349975585937,385.4969985961914,403.2382385253906,475.2619941711426,372.8683830053137,381.3580539892766,403.85061396197943,39.54100922124831,-11.431075527156565,-11.03050988616466,-0.40056564099190517,-6.497086194411972,385.4969985961914,420.05800115669695,350.9359960356859,8.330710274832589,21.71743988310831,0.0,0.0,0.0,0.0,0.0
2026-04-06 04:00:00,372.8800048828125,373.7300109863281,369.5,373.489990234375,16146600,369.4359985351563,383.6929992675781,401.6935858154297,474.7499987792969,372.8704960739499,380.55062074104194,402.63608027260034,39.18584062352735,-10.724691235043906,-10.96934615594051,0.244654920896604,-4.826566081238182,383.6929992675781,416.83475855243796,350.55123998271824,8.215711321149554,21.744999593549164,0.0,0.0,0.0,0.0,0.0
2026-04-07 04:00:00,372.2900085449219,372.45001220703125,366.55999755859375,370.3399963378906,21443300,368.36499938964846,381.8369995117188,399.84160766601565,474.2241171264648,372.76495288685385,379.76389576998287,401.44603824406397,38.80400240599576,-10.096102779744172,-10.794697480701243,0.6985947009570719,-4.300545201075012,381.8369995117188,413.0141036980714,350.65989532536616,8.192140851702009,21.673797245038447,0.0,0.0,0.0,0.0,0.0
2026-04-08 04:00:00,374.3299865722656,385.0,371.4100036621094,384.9800109863281,33064800,368.5239990234375,380.26549835205077,397.9440264892578,473.72255340576174,373.0495044660196,379.2463806082955,400.38266366869937,40.94667321040845,-9.325830354980496,-10.500924055557094,1.175093700576598,-1.9744962006266076,380.26549835205077,409.4715131494377,351.0594835546638,8.562140328543526,21.899422966602984,0.0,0.0,0.0,0.0,0.0
2026-04-09 04:00:00,373.07000732421875,373.5,367.04998779296875,372.5,30435300,368.7269989013672,378.6749984741211,395.8157147216797,473.1719380187988,373.0532322584194,378.6581545812406,399.3115791061707,40.01476048760189,-8.716574459582773,-10.14405413636223,1.4274796767794573,-2.5926873827105124,378.6749984741211,405.6135876560459,351.73640929219624,8.694283621651786,21.89075505877702,0.0,0.0,0.0,0.0,0.0
2026-04-10 04:00:00,370.8699951171875,375.6400146484375,370.0299987792969,372.9800109863281,28111100,369.2169982910156,377.12549896240233,393.62245056152346,472.5898913574219,372.6562800509227,377.9164251084736,398.19622287130863,38.3725687129219,-8.31540258700204,-9.778323826490192,1.4629212394881517,-0.5016888893546567,377.12549896240233,401.92945248828744,352.3215454365172,8.459285191127233,21.864955103067402,0.0,0.0,0.0,0.0,0.0
2026-04-13 04:00:00,384.3699951171875,384.5400085449219,371.0199890136719,373.6099853515625,35745800,371.9769989013672,376.5664993286133,392.65959411621094,472.0646069335937,374.7860464266072,378.5310508235892,397.6540178613431,51.520445662967,-6.829408640256418,-9.188540789243438,2.3591321489870207,3.59260086925417,376.5664993286133,400.0931599009145,353.0398387563121,9.040714808872767,25.63619352999751,0.0,0.0,0.0,0.0,0.0
2026-04-14 04:00:00,393.1099853515625,394.69000244140625,386.5199890136719,387.9200134277344,37504500,375.3919982910156,376.22449798583983,391.9355914306641,471.5572720336914,378.11767168568997,379.9195207786343,397.4758205080184,57.79782358504179,-4.890133151713485,-8.328859261737449,3.438726110023964,7.415904046870847,376.22449798583983,398.4846904751362,353.9643054965435,8.981430053710938,26.693025276553602,0.0,0.0,0.0,0.0,0.0
2026-04-15 04:00:00,411.2200012207031,414.3699951171875,396.7300109863281,398.0,45063400,379.4969970703125,376.8149978637695,391.71187377929687,471.1479936218262,384.13627705569235,382.9005189159742,398.0148079869472,67.25830745725787,-1.8703561252402778,-7.037158634438015,5.166802509197737,15.261937350045617,376.8149978637695,402.08759828385325,351.5423974436858,9.969288417271205,31.432696770236017,0.0,0.0,0.0,0.0,0.0
2026-04-16 04:00:00,420.260009765625,420.82000732421875,412.1400146484375,419.8599853515625,41642400,384.58599853515625,378.2384979248047,391.91160278320314,470.7766078186035,390.7042284574983,386.45856566356,398.88716884101297,70.779580059642,1.2380209290016069,-5.382122721750091,6.6201436507516975,17.07711716340907,378.2384979248047,409.5486161573443,346.928379692265,9.974288940429688,31.22125157586843,0.0,0.0,0.0,0.0,0.0
2026-04-17 04:00:00,422.7900085449219,431.5799865722656,420.69000244140625,424.82000732421875,48568200,389.5190002441406,379.9269989013672,392.10246704101564,470.44451736450196,396.53800665521163,389.91870308083253,399.82453510391133,71.69699789588486,3.8610738407418808,-3.533483409251697,7.394557249993578,14.21508852916853,379.9269989013672,416.82832530805734,343.02567249467705,10.107145036969866,30.96732366567665,0.0,0.0,0.0,0.0,0.0
2026-04-20 04:00:00,418.07000732421875,423.3299865722656,416.29998779296875,421.1499938964844,27582200,394.0380004882812,381.73699951171875,392.6083966064453,470.0935989379883,400.4529158677584,392.59977967544074,400.5400438184332,67.44275288706558,5.495647120473848,-1.727657303306588,7.223304423780435,13.18461511514506,381.73699951171875,422.3991616549815,341.074837368456,9.960717337472099,30.364955384808134,0.0,0.0,0.0,0.0,0.0
2026-04-21 04:00:00,424.1600036621094,427.17999267578125,417.20001220703125,420.239990234375,32048500,399.225,383.79499969482424,393.0870666503906,469.7346041870117,404.7632954667313,395.6055152932187,401.4663167534793,69.92258161946043,7.199478917924921,0.05776994093971388,7.141708976985207,13.575754663703975,383.79499969482424,428.6740491010276,338.9159502886209,9.677858625139509,30.555105384199514,0.0,0.0,0.0,0.0,0.0
2026-04-22 04:00:00,432.9200134277344,433.70001220703125,423.6700134277344,426.19000244140625,29378200,405.08400268554686,386.8040008544922,393.49230407714845,469.4249772644043,409.8826987323682,399.1592770203154,402.6997950544305,73.09688755236826,9.151148724377492,1.8764456976272696,7.274703026750222,16.101696996005742,386.8040008544922,436.38558718530953,337.22241452367484,9.980717250279017,28.521832456028424,0.0,0.0,0.0,0.0,0.0
2026-04-23 04:00:00,415.75,423.6600036621094,411.4100036621094,419.8900146484375,38308000,409.352001953125,389.0395004272461,393.56072692871095,469.0349685668945,410.94948078102857,400.73934587552344,403.211567797394,59.77969581719676,9.206260479079447,3.342408653917705,5.863851825161742,11.673692674412472,389.0395004272461,439.64947101934285,338.4295298351493,10.839287894112724,32.90204025045406,0.0,0.0,0.0,0.0,0.0
2026-04-24 04:00:00,424.6199951171875,424.95001220703125,415.79998779296875,416.9700012207031,27457400,414.727001953125,391.9720001220703,393.98414428710936,468.65505859375,413.4350288421483,403.0136934223486,404.05111396679774,63.48111836191032,9.852102513005207,4.644347425735206,5.207755087270001,13.434672708277207,391.9720001220703,443.73722326894784,340.2067769751928,11.194287981305804,32.483478042896046,0.0,0.0,0.0,0.0,0.0
2026-04-27 04:00:00,424.82000732421875,427.1099853515625,417.07000732421875,422.3800048828125,30867300,418.7720031738281,395.37450103759767,394.46204650878906,468.286240234375,415.50502492979746,405.0904852225267,404.8655803729711,63.562549237573926,10.261784823758603,5.767834905339885,4.493949918418718,13.87139115555498,395.37450103759767,446.33692640506945,344.4120756701259,11.460000174386161,30.249215733409613,0.0,0.0,0.0,0.0,0.0
2026-04-28 04:00:00,429.25,429.9200134277344,421.8999938964844,424.57000732421875,30438100,422.38600463867186,398.8890014648438,395.0389245605469,467.93042495727536,418.0041113061979,407.39139139180986,405.8218321230507,65.40266631393503,10.819207305479495,6.778109385367808,4.041097920111687,15.74136642258308,398.8890014648438,448.96483964233295,348.8131632873546,11.062144688197545,30.234867644793983,0.0,0.0,0.0,0.0,0.0
2026-04-29 04:00:00,424.4599914550781,426.82000732421875,420.2900085449219,424.5799865722656,38288300,423.7100036621094,401.60350036621094,395.60899963378904,467.55215103149413,419.1779076969034,409.01697235021635,406.5527403321498,61.77025651517637,10.750529567569288,7.572593421808104,3.1779361457611834,10.430053554432073,401.60350036621094,451.00577097904056,352.2012297533813,11.182144165039062,29.871641555777657,0.0,0.0,0.0,0.0,0.0
2026-04-30 04:00:00,407.7799987792969,414.4200134277344,398.010009765625,410.80999755859375,70909400,422.4620025634766,403.5240005493164,395.7907995605469,467.0765579223633,417.10556062097487,408.89916534346213,406.6008681143909,51.12254854331819,9.2436113592575,7.906797009297984,1.336814349959516,3.731783463758842,403.5240005493164,450.58087425948986,356.4671268391429,12.670713152204241,34.009613743298814,0.0,0.0,0.0,0.0,0.0
2026-05-01 04:00:00,414.44000244140625,417.1099853515625,410.44000244140625,412.79998779296875,31372400,421.627001953125,405.5730010986328,396.11039978027344,466.63525894165036,416.6209136792351,409.42686411469487,406.9082851468229,54.4953863247217,8.488919478392177,8.023221503116822,0.4656979752753543,0.783036139084814,405.5730010986328,450.64488722571446,360.50111497155115,12.360711233956474,34.18135354797068,0.0,0.0,0.0,0.0,0.0
2026-05-04 04:00:00,413.6199951171875,420.7799987792969,410.79998779296875,411.5400085449219,28066500,421.1820007324219,407.61000061035156,396.4381994628906,466.1596356201172,416.07529212249915,409.82620992445607,407.17148945938624,54.00128170361227,7.735483152951588,7.965673833083776,-0.23019068013218824,-1.5799777504741819,407.61000061035156,450.0672624316034,365.1527387890997,12.33642578125,34.193233077188566,0.0,0.0,0.0,0.0,0.0
2026-05-05 04:00:00,411.3800048828125,416.7799987792969,408.79998779296875,415.32000732421875,25700900,419.9040008544922,409.5645004272461,396.9763995361328,465.6810148620605,415.2216035334652,409.97419039668046,407.3365292799128,52.59832530690754,6.878341703747992,7.748207407216619,-0.8698657034686272,-2.698740138485811,409.5645004272461,448.6400018072792,370.48899904721304,11.387854439871651,34.32415171400672,-0.0558,-0.0816,-0.0894,10.0,0.0336
2026-05-06 04:00:00,413.9599914550781,418.4200134277344,405.1099853515625,408.0,30285900,418.00799865722655,411.5460006713867,397.47559936523436,465.215244140625,414.992219519213,410.35379049748025,407.5962728946252,54.07816721697413,6.334217369495661,7.465409399672428,-1.1311920301767664,-0.9830927349814056,411.5460006713867,446.9447007632141,376.1473005795593,11.652856009347099,34.32607603407373,0.0614,0.0113,0.0027,22.0,0.0587
2026-05-07 04:00:00,420.7699890136719,427.9800109863281,418.760009765625,420.1099853515625,34942400,418.50999755859374,413.9309997558594,397.8789990234375,464.8073352050781,416.04272306366,411.3458094037842,408.11288921301923,57.821250822059966,6.378971985573344,7.248121916852611,-0.8691499312792672,-0.7992301535196145,413.9309997558594,444.5147530387846,383.34724647293416,11.845716203962054,34.38578635646417,-0.7486,-0.0315,-0.0339,23.0,-0.7147
2026-05-08 04:00:00,415.1199951171875,418.6300048828125,414.0,417.3900146484375,33383800,417.55999755859375,416.14349975585935,398.14699890136717,464.3681936645508,415.8749543461195,411.7052556622035,408.3876776798494,53.89612517435152,5.890629542204351,6.97662344192296,-1.0859938997186083,-4.1116182570566595,416.14349975585935,439.0494805773047,393.237518934414,11.827144077845983,34.83974502884408,0.0,-0.0034,-0.0339,23.0,0.0339
2026-05-11 04:00:00,412.6600036621094,412.69000244140625,405.5,407.8699951171875,35657900,416.3439971923828,417.5580001831055,398.5453991699219,463.8918466186523,415.2904178581177,411.7961840431469,408.5552198752321,52.233532798276336,5.244656747795602,6.630230103097489,-1.3855733553018865,-0.7432342364138589,417.5580001831055,435.05874733378363,400.05725303242735,11.801430838448661,33.119074020549746,0.064,0.0684,0.0135,32.0,0.0505
2026-05-12 04:00:00,407.7699890136719,415.5,406.6400146484375,414.4800109863281,38594200,414.19599609375,418.29100036621094,398.72979919433595,463.3769812011719,413.9230671591275,411.41273689748266,408.52442650811213,48.997846014085745,4.288697899904321,6.161923662458856,-1.8732257625545348,-3.9682554512924684,418.29100036621094,432.3747025150578,404.2072982173641,11.717858450753349,32.764729419740405,-0.9398,-0.0523,-0.0229,23.0,-0.9169
2026-05-13 04:00:00,405.2099914550781,406.30999755859375,401.0299987792969,403.20001220703125,29667100,412.27099609375,417.99049987792966,398.7553991699219,462.85533111572266,412.33887157657307,410.8219992363013,408.3944486628951,47.344364143648995,3.2866369129803275,5.58686631256315,-2.3002293995828227,-4.616076345522602,417.99049987792966,432.9393489368198,403.04165081903955,10.662857055664062,28.414008368698575,0.0,-0.0523,-0.0743,11.0,0.0743
2026-05-14 04:00:00,409.42999267578125,411.8399963378906,400.8800048828125,404.4800109863281,27077500,412.4359954833984,417.4489990234375,398.8399987792969,462.35443298339845,411.8099845037018,410.68942718291845,408.4350582320279,50.320529882062694,2.8007301184608764,5.029639073742695,-2.2289089552818186,-4.6173575595151455,417.4489990234375,432.83005753057824,402.0679405162968,10.788569859095983,27.476712380760564,0.0,-0.9398,-0.0395,10.0,0.0395
2026-05-15 04:00:00,421.9200134277344,428.1700134277344,412.9100036621094,414.2699890136719,50771200,413.1839965820312,417.40549926757814,399.06479919433593,461.91265426635744,413.6481715807986,411.75900682528186,408.9638800044086,57.904301385211,3.384471691361057,4.700605597266367,-1.3161339059053105,-0.5984022236433906,417.40549926757814,432.7277658741255,402.08323266103076,11.410001482282366,29.616786954558112,0.1675,0.1801,0.0978,19.0,0.0697
2026-05-18 04:00:00,423.5400085449219,425.1199951171875,415.6099853515625,416.6199951171875,32564100,414.1759979248047,417.67899932861326,399.3563995361328,461.37826049804687,415.4466873924573,412.88100698905714,409.53549288835035,58.78315839812466,3.9324799792908607,4.546980473671266,-0.6145004943804055,3.864831480897335,417.67899932861326,433.2445543765814,402.1134442806451,11.516429356166295,29.33995884434894,0.0,-0.4321,0.0146,12.0,-0.0146
2026-05-19 04:00:00,417.4200134277344,432.70001220703125,416.489990234375,429.8999938964844,32942800,414.7799987792969,417.34199981689454,399.5165997314453,460.85994583129883,415.8054739443258,413.3132933165502,409.84468977224776,54.181117119519065,3.8288118766762977,4.403346754272273,-0.5745348775959753,0.7190452101084155,417.34199981689454,432.60566963069124,402.07833000309785,12.034288678850446,29.343853226690207,0.208,0.2224,0.1844,29.0,0.0237
