Date,Close_NVDA,High_NVDA,Low_NVDA,Open_NVDA,Volume_NVDA,SMA_10,SMA_20,SMA_50,SMA_200,EMA_10,EMA_20,EMA_50,RSI_14,MACD,MACD_Signal,MACD_Histogram,ROC_12,BB_Middle,BB_Upper,BB_Lower,ATR_14,Volatility_20,Sentiment_1d,Sentiment_3d,Sentiment_7d,News_Volume_7d,Sentiment_Momentum
2020-10-15 04:00:00,13.925955772399902,13.961592497317445,13.72434294529411,13.767207595825163,267224000,13.810944557189941,13.290054368972779,12.72533899307251,8.955593659877778,13.800386135720984,13.463349933283846,12.629906306556256,59.78271296475054,0.4356486938423956,0.3941557794767621,0.04149291436563346,5.627270519068994,13.290054368972779,14.670676448291871,11.909432289653687,0.4088497281611313,37.696144238119835,0.0,0.0,0.0,0.0,0.0
2020-10-16 04:00:00,13.767951965332031,14.076974954252234,13.749011819056257,13.992491995908145,242392000,13.885632991790771,13.37091097831726,12.774770412445069,8.994579646587372,13.794489013832083,13.492359650621768,12.674535548076875,57.12206597985558,0.40672940752680553,0.3966705050867708,0.010058902440034712,2.0767474916441264,13.37091097831726,14.656771913164725,12.085050043469796,0.41079003434665623,36.82617033107601,0.0,0.0,0.0,0.0,0.0
2020-10-19 04:00:00,13.455194473266602,13.93941224406965,13.364480823563948,13.859166394923227,298068000,13.871203804016114,13.419781398773193,12.820657291412353,9.032479681968688,13.732799097365632,13.488820109921276,12.705149623574512,52.17238528571663,0.35448743845350883,0.3882338917601184,-0.03374645330660958,-0.8575466083144856,13.419781398773193,14.635078405416547,12.204484392129839,0.4155784742992272,37.391189167692204,0.0,0.0,0.0,0.0,0.0
2020-10-20 04:00:00,13.60247802734375,13.756241845405201,13.464414483515402,13.540673229981198,229212000,13.862132358551026,13.4700101852417,12.870177459716796,9.070992949008941,13.709104357361653,13.49964467348532,12.740338972741933,54.18567282976788,0.3212664933400884,0.3748404120761124,-0.05357391873602402,4.465151591388605,13.4700101852417,14.623762101488076,12.316258268995323,0.4034560618090965,37.4202600017569,0.0,0.0,0.0,0.0,0.0
2020-10-21 04:00:00,13.482109069824219,13.74801839791896,13.435008244461862,13.582043246069873,219596000,13.818345642089843,13.539839363098144,12.92356845855713,9.108547232151032,13.6678324869003,13.497974615993787,12.769427996156924,52.24988673870211,0.2819754486389563,0.35626741938868123,-0.07429197074972493,-0.863100841894815,13.539839363098144,14.492260968441236,12.587417757755052,0.40431050717972383,33.90986416415993,0.0,0.0,0.0,0.0,0.0
2020-10-22 04:00:00,13.31887435913086,13.56883336243066,13.190031344799218,13.47986514532416,290480000,13.77072114944458,13.590329647064209,12.961930561065675,9.145229344367982,13.604385554578583,13.480917448673509,12.790974912351981,49.658970888880035,0.23495689881906578,0.3320053152747582,-0.0970484164556924,-2.733607399121607,13.590329647064209,14.35697669076563,12.823682603362787,0.39124461713259934,34.11734976833837,0.0,0.0,0.0,0.0,0.0
2020-10-23 04:00:00,13.547403335571289,13.550394135898697,13.249346221187796,13.407595303610165,233484000,13.753525447845458,13.626041746139526,13.004808464050292,9.182725591659546,13.594025151122711,13.48724943790187,12.820638772086072,53.160769379339726,0.2136716639033569,0.30833858500047795,-0.09466692109712105,-2.6765340155039508,13.626041746139526,14.305799178040095,12.946284314238957,0.37130781057681833,31.407295605385148,0.0,0.0,0.0,0.0,0.0
2020-10-26 04:00:00,13.099821090698242,13.64958277378785,12.997395191066989,13.38467063481248,336896000,13.645392799377442,13.631337594985961,13.036322994232178,9.217822160720825,13.504169867409171,13.450351500072953,12.831587098306159,46.35903445290353,0.1588556265418788,0.27844199330875813,-0.11958636676687934,-5.04017530034605,13.631337594985961,14.29173341906962,12.970941770902302,0.3823263440075481,33.63970002793387,0.0,0.0,0.0,0.0,0.0
2020-10-27 04:00:00,13.354510307312012,13.39961757258209,13.149906725734464,13.264045751254109,250520000,13.560510921478272,13.639860439300538,13.057524662017823,9.253238980770112,13.476959038300595,13.441223767429054,12.852093890816192,50.25903811841753,0.13441535669746685,0.24963666598649986,-0.11522130928903301,-2.6593808668997854,13.639860439300538,14.28004133456385,12.999679544037226,0.3764871747053758,33.9472911516492,0.0,0.0,0.0,0.0,0.0
2020-10-28 04:00:00,12.587189674377441,13.218194335892415,12.569246774303116,13.156389534597933,376520000,13.414148807525635,13.59482774734497,13.064899673461914,9.285404057502747,13.315182790314566,13.359887187138424,12.841705490171535,40.666094423227804,0.052524435454813556,0.2102142198801626,-0.15768978442534903,-11.239978235389337,13.59482774734497,14.388373782932051,12.80128171175789,0.4093295302826186,38.66840829147532,0.0,0.0,0.0,0.0,0.0
2020-10-29 04:00:00,12.98293685913086,13.151154617918088,12.709800585121364,12.798021576704697,320080000,13.319846916198731,13.565395736694336,13.08262617111206,9.319760653972626,13.254774439190255,13.323987155899609,12.847243975228762,46.35338819697253,0.019335888701384363,0.17203855364440696,-0.1527026649430226,-8.5922970576643,13.565395736694336,14.404905960511487,12.725885512877186,0.4369386942906382,40.4747653102644,0.0,0.0,0.0,0.0,0.0
2020-10-30 04:00:00,12.494483947753906,12.895714171196541,12.261221483654902,12.809487666588163,416820000,13.192500114440918,13.539066553115845,13.090533809661865,9.351256880760193,13.116539804383645,13.244986850361922,12.833410248661123,41.11505463688562,-0.04585179058793898,0.12846048479793779,-0.17431227538587676,-11.076420334475346,13.539066553115845,14.477641864023695,12.600491242207994,0.44688936257051726,40.11407855785155,0.0,0.0,0.0,0.0,0.0
2020-11-02 05:00:00,12.54108715057373,12.796279626218718,12.355922756739838,12.617844058143817,299652000,13.101089382171631,13.486146593093872,13.088560924530029,9.382942571640015,13.011912049145478,13.177948783715427,12.821946597755735,41.79095070011116,-0.09268459675106477,0.08423146848813728,-0.17691606523920206,-9.944514002915817,13.486146593093872,14.52443354868474,12.447859637503004,0.4548641070125627,36.322425462094074,0.0,0.0,0.0,0.0,0.0
2020-11-03 05:00:00,12.978450775146484,13.06368096759497,12.563014786179766,12.668431452103215,272900000,13.038686656951905,13.450409507751464,13.09460292816162,9.416981823444367,13.00582818114566,13.158948973375526,12.828084016476941,47.84171857469152,-0.09343132558245593,0.048698909674018645,-0.14213023525647456,-5.734340097739487,13.450409507751464,14.507718238075114,12.393100777427815,0.46493917752712477,38.69474629594887,0.0,0.0,0.0,0.0,0.0
2020-11-04 05:00:00,13.75075626373291,13.783902232643808,13.294948330503171,13.347033494981181,410228000,13.065551376342773,13.441948509216308,13.115498027801515,9.454612572193145,13.141269650706978,13.215311572457182,12.864267241859528,56.450377899866005,-0.03134321004366036,0.032690485730482846,-0.06403369577414321,2.1966370761384635,13.441948509216308,14.486061510903031,12.397835507529585,0.4991522910190979,44.108741878005965,0.0,0.0,0.0,0.0,0.0
2020-11-05 05:00:00,14.115357398986816,14.293792964075415,13.946890534905274,14.117850049572407,319028000,13.14519968032837,13.457960414886475,13.143226737976073,9.493724126815795,13.318376514030584,13.301030222602861,12.913329600962559,59.821822731651274,0.04674350334794397,0.03550108925397507,0.011242414093968901,3.7704848382190015,13.457960414886475,14.534205263222999,12.381715566549952,0.5145146885295642,44.967907683212296,0.0,0.0,0.0,0.0,0.0
2020-11-06 05:00:00,14.51608943939209,14.542754714559118,13.851192528563923,14.06526480662683,383348000,13.24206829071045,13.497796869277954,13.181855068206787,9.53513549566269,13.536142500459949,13.41675014801136,12.976182927959796,63.19443126318163,0.13935709109907535,0.05627228962299513,0.08308480147608022,7.669277590122281,13.497796869277954,14.669525899216108,12.3260678393398,0.5228454574930994,45.865617580193955,0.0,0.0,0.0,0.0,0.0
2020-11-09 05:00:00,13.587778091430664,14.645184032320117,13.567841636764792,14.506622297521574,582976000,13.290863990783691,13.468128395080566,13.191563129425049,9.573184521198273,13.545530789727351,13.433038523575103,13.000167052017478,52.25222770763851,0.13627615242170954,0.07227306218273802,0.06400309023897152,2.018967407072614,13.468128395080566,14.59624106523622,12.340015724924912,0.5782951020228655,50.16055074740549,0.0,0.0,0.0,0.0,0.0
2020-11-10 05:00:00,12.729740142822266,13.563602104010792,12.588436707125263,13.563602104010792,644068000,13.228386974334716,13.394448947906493,13.179591064453126,9.605976486206055,13.39720521756279,13.366057725408167,12.989562075186294,44.57031748257595,0.06386183530775646,0.07059081680774171,-0.006728981499985243,-6.035571337882095,13.394448947906493,14.512827037601117,12.27607085821187,0.6273187613691729,54.666489015939845,0.0,0.0,0.0,0.0,0.0
2020-11-11 05:00:00,13.375697135925293,13.392643737566482,12.907427719129638,13.01259532860774,404744000,13.307237720489502,13.360693264007569,13.17155652999878,9.642300615310669,13.393294657265063,13.366975764505037,13.004704626587824,50.47347127790816,0.05792853405224818,0.06805836025664301,-0.010129826204394829,2.105952770782049,13.360693264007569,14.435564828141741,12.285821699873397,0.6476117311629425,58.046361209696606,0.0,0.0,0.0,0.0,0.0
2020-11-12 05:00:00,13.414323806762695,13.722598689302842,13.274017628340097,13.436503832434182,365812000,13.350376415252686,13.335111665725709,13.153817596435546,9.678784279823303,13.397118138991905,13.371485101862909,13.020768123849583,50.81082044610033,0.05570111183564741,0.0655869105724439,-0.009885798736796486,0.4478898744638693,13.335111665725709,14.37719190764915,12.293031423802267,0.6581498130380742,58.00667564977881,0.0,0.0,0.0,0.0,0.0
2020-11-13 05:00:00,13.255075454711914,13.625653232231919,13.018075009985383,13.584283987458695,346312000,13.426435565948486,13.309467840194703,13.159429759979249,9.715638926029206,13.371292196395542,13.36039846880091,13.029956646628499,49.3192940054641,0.040617637720748334,0.06059305600210479,-0.019975418281356454,5.306075443464753,13.309467840194703,14.331753854322601,12.287181826066805,0.6549634301470509,58.01912956467496,0.0,0.0,0.0,0.0,0.0
2020-11-16 05:00:00,13.472638130187988,13.606464543099285,13.11452073690316,13.130968235107892,413776000,13.519590663909913,13.310340023040771,13.177228450775146,9.753096079826355,13.389718729812351,13.371087960361583,13.047316704807303,51.41750283614839,0.045692649062200275,0.05761297461412389,-0.011920325551923613,3.771883637504736,13.310340023040771,14.333179144786948,12.287500901294594,0.6686882390264994,57.76153701247365,0.0,0.0,0.0,0.0,0.0
2020-11-17 05:00:00,13.379935264587402,13.553386505139883,13.261809087038849,13.509774620039446,312028000,13.559739112854004,13.299212884902953,13.20731834411621,9.789243545532226,13.387939917953268,13.371930560764042,13.06036056989672,50.45890308642714,0.04175298320987686,0.054440976333274486,-0.012687993123397627,7.086737799944687,13.299212884902953,14.313476631112243,12.284949138693664,0.6334249451045093,57.68870124858522,0.0,0.0,0.0,0.0,0.0
2020-11-18 05:00:00,13.386412620544434,13.562854630402907,13.143431482279327,13.422797522554765,510924000,13.523304748535157,13.294428062438964,13.221548328399658,9.824971697330476,13.387662227515298,13.373309804552651,13.073146924824082,50.52830515384668,0.0387072451032342,0.05129423008726643,-0.012586984984032233,6.740448095299545,13.294428062438964,14.305958105864148,12.28289801901378,0.6231005311461474,57.597979192852456,0.0,0.0,0.0,0.0,0.0
2020-11-19 05:00:00,13.397876739501953,13.444977567044422,13.058699445144363,13.171094026592812,565936000,13.45155668258667,13.298378181457519,13.244047203063964,9.86032288312912,13.389519411512872,13.37564951264306,13.08588142736047,50.660049837609975,0.036794391459560316,0.04839426236172521,-0.011599870902164897,3.2317105610067287,13.298378181457519,14.310926693629158,12.28582966928588,0.5991407273192975,57.41184523604915,0.0,0.0,0.0,0.0,0.0
2020-11-20 05:00:00,13.046487808227539,13.451955146489949,13.023808681876831,13.411583145369244,341088000,13.304596519470214,13.273332405090333,13.262453994750977,9.89424812078476,13.327150029097357,13.3443007788892,13.084336579551334,46.56665680236782,0.006845381791377392,0.04008448624765565,-0.03323910445627826,-5.121670706671255,13.273332405090333,14.284725216446363,12.261939593734303,0.5982685555431716,57.848531827452874,0.0,0.0,0.0,0.0,0.0
2020-11-23 05:00:00,13.098576545715332,13.34031141899807,12.974468757666319,13.129728030217507,361356000,13.255676364898681,13.273270177841187,13.267792224884033,9.927017695903778,13.285591213936987,13.320898470967881,13.08489500959698,47.24711969679312,-0.012541725149526783,0.029559243968219164,-0.04210096911774595,-7.2033659830991414,13.273270177841187,14.284708090842363,12.261832264840011,0.5870720444224939,56.62983266498497,0.0,0.0,0.0,0.0,0.0
2020-11-24 05:00:00,12.91689682006836,13.120502239825685,12.844376096717541,13.101063940439783,346500000,13.274392032623291,13.251389503479004,13.267129364013671,9.95826664686203,13.218555869597235,13.282422123263165,13.078306845301741,45.09025875761996,-0.04208109787393077,0.015231175599789176,-0.05731227347371995,-11.016690314569333,13.251389503479004,14.274296437518078,12.22848256943993,0.5492630933946954,56.394277066646715,0.0,0.0,0.0,0.0,0.0
2020-11-25 05:00:00,13.193024635314941,13.227665063876367,12.978952338704527,12.991412739855924,259916000,13.256124782562257,13.281681251525878,13.281489009857177,9.99031760931015,13.213913827000454,13.273908076791907,13.082805582165003,48.90784946833817,-0.042717634286496775,0.0036414136225319856,-0.04635904790902876,-2.90520976615507,13.281681251525878,14.256522839138675,12.306839663913081,0.532672489356517,52.76363399440642,0.0,0.0,0.0,0.0,0.0
2020-11-27 05:00:00,13.219438552856445,13.365228168197541,13.12897493434627,13.332830370269797,167276000,13.23663625717163,13.293506336212157,13.29739366531372,10.022719647884369,13.214918322610632,13.268720503083767,13.088163737878393,49.271180148232254,-0.0406224413666898,-0.005211357375312372,-0.03541108399137743,3.8468845753328207,13.293506336212157,14.258780321146325,12.32823235127799,0.5001504213462368,51.6738300016297,0.0,0.0,0.0,0.0,0.0
2020-11-30 05:00:00,13.359248161315918,13.370214112302172,12.931351715293895,13.223179104994932,286952000,13.247053527832032,13.336744546890259,13.321562232971191,10.053455183506012,13.241160111466137,13.277342184820164,13.098794499581825,51.24739692899677,-0.02736507140862976,-0.00964210018197585,-0.017722971226653908,-0.12297657791006111,13.336744546890259,14.225780123292052,12.447708970488465,0.4545447071643048,49.63717650019667,0.0,0.0,0.0,0.0,0.0
2020-12-01 05:00:00,13.347785949707031,13.486098591334457,13.186545104830103,13.44971368699047,296948000,13.234568309783935,13.377079486846924,13.338962230682373,10.083289723396302,13.260546627509935,13.284051114809388,13.10855887017497,51.07173545396644,-0.017580754887113414,-0.011229831123003364,-0.006350923764110051,-0.49602095501913857,13.377079486846924,14.18347997363016,12.570679000063688,0.4045598573213729,49.66498960866878,0.0,0.0,0.0,0.0,0.0
2020-12-02 05:00:00,13.501798629760742,13.630391642696495,13.192526472963973,13.308410009830808,283360000,13.24675464630127,13.403246879577637,13.357040157318115,10.11163827419281,13.304410627919172,13.304788973376183,13.123980037217551,53.3838728807251,0.0025712824475565554,-0.00846960840889138,0.011040890856447936,1.861348702931176,13.403246879577637,14.188880201724523,12.61761355743075,0.38848568410625184,48.389819485420254,0.0,0.0,0.0,0.0,0.0
2020-12-03 05:00:00,13.357710838317871,13.620956200375707,13.290902903796256,13.548663195020822,199520000,13.243884468078614,13.383594608306884,13.382483863830567,10.14001300573349,13.314101575264388,13.309829150989678,13.13314595098619,50.957714423391,0.006836430529732596,-0.005408400621166586,0.012244831150899181,-0.8530422235018764,13.383594608306884,14.152103784196566,12.615085432417203,0.38001941522173077,43.58309091997371,0.0,0.0,0.0,0.0,0.0
2020-12-04 05:00:00,13.519497871398926,13.521242861894294,13.350481990906417,13.410060816255628,202244000,13.256046581268311,13.35380163192749,13.406692447662353,10.171017198562621,13.351446356379757,13.329797600552464,13.14829700668865,53.51245555685676,0.023006250833860875,0.0002745296698389065,0.02273172116402197,1.0430738568736109,13.35380163192749,14.0451954438513,12.662407820003681,0.3488181758461123,42.663513930778244,0.0,0.0,0.0,0.0,0.0
2020-12-07 05:00:00,13.567858695983887,13.692003123709071,13.461414273109401,13.562374575854195,223244000,13.308183670043945,13.30639009475708,13.421386394500733,10.204850251674651,13.390794054489596,13.352470085831648,13.164750406268857,54.279154946073554,0.03927057752525265,0.008073739240921654,0.031196838284330994,1.3554495934256838,13.30639009475708,13.746622346186973,12.866157843327189,0.3301499647320797,41.219045061975876,0.0,0.0,0.0,0.0,0.0
2020-12-08 05:00:00,13.31184196472168,13.559880694269241,13.243537241523532,13.54616991993234,271920000,13.32951021194458,13.292593288421632,13.427745151519776,10.23880065202713,13.376439129077248,13.34860074096403,13.170518702678772,49.61413731504744,0.031142768564254908,0.012687545105588305,0.018455223458666604,-0.6421523085565539,13.292593288421632,13.712521740499986,12.872664836343278,0.33248882447203115,35.025134843229,0.0,0.0,0.0,0.0,0.0
2020-12-09 05:00:00,12.89378833770752,13.375656669962579,12.831466989157484,13.262481458552282,401300000,13.327199363708496,13.300795698165894,13.421939849853516,10.26996393918991,13.288684439737295,13.30528527398722,13.159666531503428,43.10014458419978,-0.008929083558044226,0.0083642193728618,-0.017293302930906026,-1.1704258859899563,13.300795698165894,13.678743253090513,12.922848143241275,0.341400719663568,28.78655513987,0.0,0.0,0.0,0.0,0.0
2020-12-10 05:00:00,12.935171127319336,13.031395694916,12.812771704768545,12.832216697833104,207764000,13.301414012908936,13.278769397735596,13.410886402130126,10.303188109397889,13.224409292024937,13.270036307637897,13.150862790162876,43.885541251954464,-0.03692146216280179,-0.0006929169342709176,-0.03622854522853087,-1.247505160776019,13.278769397735596,13.688359340564045,12.869179454907147,0.329425424538382,21.9899473056742,0.0,0.0,0.0,0.0,0.0
2020-12-11 05:00:00,12.976054191589355,12.982785004370417,12.786347593211344,12.930185195475408,209264000,13.277075576782227,13.256855916976928,13.398975944519043,10.33444147825241,13.179253819218467,13.242038010871369,13.144007551003131,44.69767884005374,-0.055170728453674656,-0.011588479238151666,-0.04358224921552299,0.4579843931948657,13.256855916976928,13.68249132099031,12.831220512963545,0.31287477786309303,21.9975123412726,0.0,0.0,0.0,0.0,0.0
2020-12-14 05:00:00,13.270708084106445,13.350479334004573,13.040119285152535,13.050589226041103,270156000,13.268221569061279,13.257637548446656,13.403968753814697,10.366376221179962,13.195881867379917,13.244768494036613,13.148976199360124,50.282595626380065,-0.0453347065895624,-0.018337724708433815,-0.026996981881128587,0.5888221309279018,13.257637548446656,13.683316598533626,12.831958498359686,0.3134878122261978,23.238710406956905,0.0,0.0,0.0,0.0,0.0
2020-12-15 05:00:00,13.322312355041504,13.425515937821444,13.149059056353826,13.401335220553591,193016000,13.265674209594726,13.250121259689331,13.398425273895263,10.39988133907318,13.218869228772933,13.252153623656126,13.155773695661356,51.21187358115968,-0.032995206802752364,-0.021269221127297525,-0.01172598567545484,0.7782009937391088,13.250121259689331,13.664987197076412,12.83525532230225,0.3135114363947317,22.49015621981114,0.0,0.0,0.0,0.0,0.0
2020-12-16 05:00:00,13.204649925231934,13.398843113626814,13.174734988056837,13.38413479354012,223116000,13.235959339141846,13.241356992721558,13.388654422760009,10.430479733943939,13.216283900856386,13.247629461901441,13.157690410546477,48.964598508511465,-0.03233767052378944,-0.023482911006595907,-0.008854759517193535,-1.1572375497271747,13.241356992721558,13.652061140919773,12.830652844523343,0.3073214279491581,22.57448682636933,0.0,0.0,0.0,0.0,0.0
2020-12-17 05:00:00,13.303116798400879,13.341257437063334,13.14083174724949,13.328543256876912,231384000,13.230499935150146,13.23719220161438,13.376317234039307,10.462967481613159,13.232071700409929,13.252913970139483,13.16339340614861,50.90615329435822,-0.023599079049313687,-0.023506144615139463,-9.293443417422373e-05,-0.33465588581103045,13.23719220161438,13.643367232885755,12.831017170343006,0.3047623176607704,22.75235477222237,0.0,0.0,0.0,0.0,0.0
2020-12-18 05:00:00,13.2340669631958,13.366686251250297,13.033142941006943,13.340760540292104,342064000,13.201956844329834,13.229001712799072,13.365096187591552,10.49601269006729,13.232434475461906,13.251119017097228,13.166164918189677,49.48446567309542,-0.021991917835823216,-0.023203299259276215,0.0012113814234529993,-1.982933340264803,13.229001712799072,13.628078227133377,12.829925198464766,0.2972395257489901,22.815785075151627,0.0,0.0,0.0,0.0,0.0
2020-12-21 05:00:00,13.294142723083496,13.331785067544075,12.930435361494242,13.03737902706712,302332000,13.174585247039795,13.24138445854187,13.356591835021973,10.531923224925995,13.24365415684765,13.255216512905445,13.171183655636495,50.77260276247177,-0.015689757488505762,-0.02170059090512213,0.0060108334166163666,-0.4758907870053841,13.24138445854187,13.631892948485053,12.850875968598686,0.3045106842879529,20.73635004324742,0.0,0.0,0.0,0.0,0.0
2020-12-22 05:00:00,13.24029541015625,13.299126780742803,13.016686562423502,13.281178581595443,185580000,13.167430591583251,13.248470401763916,13.337774791717528,10.565617153644562,13.243043475631033,13.25379545550076,13.173893920519623,49.55289547969289,-0.014868878960003329,-0.02033424851609837,0.005465369556095043,-2.0651836621339403,13.248470401763916,13.633167974750307,12.863772828777524,0.29340890204415143,20.780029311565876,0.0,0.0,0.0,0.0,0.0
2020-12-23 05:00:00,12.972064971923828,13.237055302531518,12.967827545846838,13.218109557528855,179144000,13.175258255004882,13.25122880935669,13.313149509429932,10.599789049625397,13.193774656775176,13.226963980874388,13.165979059790375,43.89598051441205,-0.03545359451365293,-0.023358117715609285,-0.012095476798043646,-4.391214099513096,13.25122880935669,13.626593839542506,12.875863779170873,0.28929565688200587,21.482720001234245,0.0,0.0,0.0,0.0,0.0
2020-12-24 05:00:00,12.956609725952148,13.094963214418865,12.901767578496214,12.999985337124272,97884000,13.177402114868164,13.23940806388855,13.291265487670898,10.637638947963715,13.150653760261898,13.20121595659608,13.157768497679072,43.58721959450191,-0.05241008820711457,-0.029168511813910343,-0.023241576393204226,-2.6685430890101336,13.23940806388855,13.636738068828684,12.842078058948417,0.29089814009163256,19.98764370266948,0.0,0.0,0.0,0.0,0.0
2020-12-28 05:00:00,12.863126754760742,13.02516265137732,12.726768366040222,13.02516265137732,212564000,13.166109371185303,13.221592473983765,13.270008907318115,10.67196715593338,13.09837612289805,13.169016984992714,13.146213919525412,41.67762236319012,-0.07255515546134106,-0.037845840543396486,-0.03470931491794457,-0.23780119654289722,13.221592473983765,13.653169464316505,12.790015483651025,0.2957413854300203,20.082107803245194,0.0,0.0,0.0,0.0,0.0
2020-12-29 05:00:00,12.906254768371582,13.035135865574905,12.80554361813499,12.88805741816548,170372000,13.129664039611816,13.198942804336548,13.252774963378906,10.712044308185577,13.063444967529602,13.143992011981176,13.136803756735064,42.920068822200236,-0.08407107709086503,-0.0470908878528902,-0.03698018923797483,-0.22354832930413515,13.198942804336548,13.647321743674922,12.750563864998174,0.28897501349998883,19.675655143658062,0.0,0.0,0.0,0.0,0.0
2020-12-30 05:00:00,13.108174324035645,13.175979793542856,12.859886467129405,12.953118393359109,225396000,13.10825023651123,13.186962223052978,13.245834560394288,10.75053249835968,13.071577577803428,13.140580803605411,13.135681033884106,48.456385704848294,-0.07602790495742262,-0.05287829127379669,-0.023149613683625933,1.0181841914002288,13.186962223052978,13.631382933270812,12.742541512835144,0.27268241675772853,20.61345740320995,0.0,0.0,0.0,0.0,0.0
2020-12-31 05:00:00,13.017685890197754,13.113411217008528,12.878085702431163,13.09895299632336,192424000,13.089553833007812,13.16275658607483,13.234138717651367,10.790367443561554,13.06177908914785,13.128876526138015,13.131053773347386,46.289579322575875,-0.07607831005980259,-0.057518295030997875,-0.018560015028804715,-1.9066216535327252,13.16275658607483,13.587265132410195,12.738248039739464,0.27387538278843643,20.18135157536335,0.0,0.0,0.0,0.0,0.0
2021-01-04 05:00:00,13.076019287109375,13.613479253749597,12.92545084499774,13.066796036911752,560640000,13.066844081878662,13.148672008514405,13.22601692199707,10.829230258464813,13.064368216049944,13.123842503373382,13.128895558200798,47.90676286677555,-0.070597435556639,-0.0601341231361261,-0.010463312420512898,-1.8487261172714153,13.148672008514405,13.564550114427272,12.732793902601538,0.30898902547363527,20.008602364747606,0.0,0.0,0.0,0.0,0.0
2021-01-05 05:00:00,13.366436958312988,13.40507590033229,13.049595161288442,13.062308392629653,322760000,13.08008108139038,13.141018962860107,13.226968173980714,10.870444133281708,13.119289805552315,13.146946737177153,13.138210907224806,55.147429486699004,-0.04233155229653285,-0.056573608968207456,0.014242056671674608,1.2252277341477047,13.141018962860107,13.533117961037313,12.748919964682901,0.30763585380425174,21.172758671571266,0.0,0.0,0.0,0.0,0.0
2021-01-06 05:00:00,12.578444480895996,13.207142186008463,12.55002633699992,13.184706458898969,580424000,13.00851125717163,13.091548252105714,13.207588996887207,10.906853938102723,13.020954291978438,13.092803665150376,13.116259282662893,39.218883123435134,-0.08256330517960819,-0.06177154821048761,-0.020791756969120584,-5.447387469318421,13.091548252105714,13.505927580308384,12.677168923903043,0.3462039780789267,29.55641690300894,0.0,0.0,0.0,0.0,0.0
2021-01-07 05:00:00,13.30586051940918,13.339514588897183,12.849668624043453,12.930436488917543,461480000,13.015067768096923,13.091249179840087,13.211709785461426,10.942357387542724,13.072755424238572,13.113094794127406,13.123694625280395,52.778226233406244,-0.055115526671796644,-0.06044034390274942,0.005324817230952773,0.5424905013178272,13.091249179840087,13.504967166806363,12.677531192873811,0.3845584053954417,36.11615464082536,0.0,0.0,0.0,0.0,0.0
2021-01-08 05:00:00,13.238801002502441,13.382638612575214,13.004722188085635,13.324306483553258,292528000,13.041741371154785,13.108499813079835,13.209395599365234,10.977968797683715,13.102945529377457,13.125066813972646,13.12820860085773,51.634628560615276,-0.0383322368628356,-0.05601872249476666,0.017686485631931058,-0.4162864934867949,13.108499813079835,13.516279756254587,12.700719869905083,0.397236315015137,34.216372296665256,0.0,0.0,0.0,0.0,0.0
2021-01-11 05:00:00,13.582565307617188,13.92109533146687,13.324305789405765,13.380394628106359,518344000,13.104336929321288,13.140869522094727,13.22930311203003,11.013852212429047,13.190149125421044,13.16863809908165,13.146026510926728,56.80197316261913,0.0026766924480732257,-0.04427963950619868,0.04695633195427191,2.5850623936864103,13.140869522094727,13.591270650524983,12.69046839366447,0.42214710206664235,35.29980638166666,0.0,0.0,0.0,0.0,0.0
2021-01-12 05:00:00,13.446208953857422,13.715188573238791,13.30685884579847,13.713193483045751,291476000,13.162645149230958,13.16437726020813,13.23856855392456,11.049615392684936,13.236705457864021,13.195073418584105,13.157798371433815,54.32275924138615,0.023898261922244757,-0.030644059220509997,0.05454232114275476,3.6551156886726277,13.16437726020813,13.627457653076045,12.701296867340217,0.42264567502310574,35.58577715302125,0.0,0.0,0.0,0.0,0.0
2021-01-13 05:00:00,13.493070602416992,13.586054330700227,13.346740574387052,13.45143998616844,210028000,13.221326732635498,13.175495386123657,13.258540287017823,11.084011650085449,13.283317302328197,13.223454102758666,13.170946302060607,55.04889499043338,0.04399075399454233,-0.015717096577499534,0.059707850572041865,4.140441734463218,13.175495386123657,13.659528269598345,12.69146250264897,0.4195652134512396,34.74795536923236,0.0,0.0,0.0,0.0,0.0
2021-01-14 05:00:00,13.162520408630371,13.5608784418514,13.142827216100367,13.536199426324881,283120000,13.22676134109497,13.167505788803101,13.270968952178954,11.117002940177917,13.261354230746772,13.217650893794065,13.170615874867265,49.11747682797396,0.03286273940160278,-0.006001129381679072,0.03886386878328185,2.327534040343804,13.167505788803101,13.646584654461979,12.688426923144224,0.42996402498278397,35.88375661434305,0.0,0.0,0.0,0.0,0.0
2021-01-15 05:00:00,12.822744369506836,13.28716288467263,12.811776129686693,13.190190863914939,277780000,13.20726718902588,13.148410511016845,13.267854824066163,11.150851578712464,13.181606983248601,13.180040748623854,13.156973855049209,43.88329093397029,-0.0033349360004581996,-0.005467890705434898,0.002132954704976699,-0.6470536988731901,13.148410511016845,13.651117250769216,12.645703771264474,0.45012053348730446,36.90722556340382,0.0,0.0,0.0,0.0,0.0
2021-01-19 05:00:00,12.988019943237305,13.056572862335285,12.807287445364308,12.979044892252457,226188000,13.198467254638672,13.132655668258668,13.25260009765625,11.183982644081116,13.146409339610182,13.161753052872754,13.150348211448742,46.85027182333937,-0.018472556875421375,-0.008068823939432195,-0.01040373293598918,-0.9166370375317645,13.132655668258668,13.634697522643858,12.630613813873477,0.4466127571754387,37.126128490129304,0.0,0.0,0.0,0.0,0.0
2021-01-20 05:00:00,13.327548027038574,13.392112675663085,13.019431202517943,13.074273353645776,258572000,13.19457836151123,13.137329721450806,13.236843910217285,11.220250709056854,13.179343646415344,13.177543050412357,13.157297223824814,52.41615170461413,-0.0030371413958718563,-0.007062487430720127,0.004025346034848271,2.380316589710807,13.137329721450806,13.645055394829873,12.629604048071739,0.459077077531572,38.297487726409315,0.0,0.0,0.0,0.0,0.0
2021-01-21 05:00:00,13.827862739562988,13.959236264193995,13.21511912323299,13.380145761603893,337780000,13.319520187377929,13.16401572227478,13.223079376220703,11.255971052646636,13.297256208805823,13.239478258902892,13.183593910716509,59.196907672484144,0.04900188929684646,0.004150387914793189,0.044851501382053266,5.749788494077834,13.16401572227478,13.755620700014703,12.572410744534857,0.4896502071421116,40.47402955754328,0.0,0.0,0.0,0.0,0.0
2021-01-22 05:00:00,13.673304557800293,13.802185641575923,13.588298330647525,13.700726105452485,246820000,13.356264591217041,13.185666179656982,13.224789905548096,11.292085275650024,13.365628635895726,13.280795049274072,13.202798249817835,56.51752292392668,0.07688535594628831,0.018697381521092217,0.0581879744251961,2.2958070310312273,13.185666179656982,13.819230003903696,12.552102355410268,0.48995298530911857,40.70027696292699,0.0,0.0,0.0,0.0,0.0
2021-01-25 05:00:00,13.614224433898926,13.78897356721507,13.198665682875298,13.742357125035246,251112000,13.39380693435669,13.217774152755737,13.242479591369628,11.326917960643769,13.410827871896307,13.312550228762154,13.218932609977879,55.4837247757602,0.09314224607612687,0.03358635443209915,0.05955589164402772,8.234563141539963,13.217774152755737,13.870554938032438,12.564993367479037,0.48297294785111256,39.93422421585595,0.0,0.0,0.0,0.0,0.0
2021-01-26 05:00:00,13.3968505859375,13.605751168595487,13.349236589990353,13.541684811076909,163980000,13.375235462188721,13.239786195755006,13.242902660369873,11.361161839962005,13.408286547176523,13.320578834207424,13.225909785505708,51.73416200240077,0.08747731176980622,0.04436454589964056,0.04311276587016566,0.6838345133378887,13.239786195755006,13.885134570067041,12.59443782144297,0.47650916962716433,40.46699008286361,0.0,0.0,0.0,0.0,0.0
2021-01-27 05:00:00,12.880828857421875,13.194928106319463,12.757182726351548,13.192185570772127,371272000,13.318697452545166,13.240671300888062,13.232232761383056,11.391966471672058,13.312385149039313,13.278697884037372,13.212377200090655,44.11291321847694,0.04087795399272487,0.043667227518257426,-0.002789273525532557,-2.7039619752038058,13.240671300888062,13.883889583901043,12.59745301787508,0.46388468664665605,42.86490768062887,0.0,0.0,0.0,0.0,0.0
2021-01-28 05:00:00,13.013696670532227,13.30162199857024,12.923455463539968,12.95910366922323,228316000,13.27076005935669,13.246043395996093,13.227405185699462,11.421679825782777,13.258078152947116,13.253459673227358,13.20458580677464,46.30626754484411,0.014501781805892122,0.03783413837578437,-0.02333235656989225,-4.188226776026882,13.246043395996093,13.879217893537211,12.612868898454975,0.43957918901431164,42.999217088175016,0.0,0.0,0.0,0.0,0.0
2021-01-29 05:00:00,12.952622413635254,13.296636595811426,12.874596137407885,13.037628651929008,271552000,13.249770259857177,13.238265800476075,13.217004871368408,11.451475045681,13.202540745799503,13.224808505647157,13.194704889396625,45.42378976908499,-0.011200593327208352,0.02802719203518583,-0.039227785362394185,-3.6708230692828026,13.238265800476075,13.882299210469691,12.594232390482459,0.4427309057224519,42.670444903685805,0.0,0.0,0.0,0.0,0.0
2021-02-01 05:00:00,13.199167251586914,13.232820370910638,12.865872136369923,13.01594228284471,217204000,13.287412548065186,13.247339868545533,13.213389511108398,11.480777261257172,13.201927383215395,13.222366481450944,13.194879883992323,49.59941917537569,-0.011542745252127062,0.02011320457772325,-0.031655949829850316,-2.178179893147758,13.247339868545533,13.88335159189384,12.611328145197225,0.4202061846921867,43.12517099978068,0.0,0.0,0.0,0.0,0.0
2021-02-02 05:00:00,13.518001556396484,13.53320722236084,13.247526137181742,13.360453169364302,220440000,13.340410709381104,13.269438982009888,13.21602128982544,11.511969978809356,13.259395414702865,13.250522202874329,13.207551322125822,54.45269596795947,0.013754803854208575,0.01884152443302032,-0.0050867205788117445,2.7007072865241843,13.269438982009888,13.911076102679687,12.627801861340089,0.41489977350172985,43.89183372068122,0.0,0.0,0.0,0.0,0.0
2021-02-03 05:00:00,13.491827011108398,13.89193002868741,13.477867087311907,13.597024736589539,245408000,13.356838607788086,13.275708484649659,13.217900295257568,11.54368799686432,13.301655704958417,13.273503613182335,13.218699388360434,53.99303665967425,0.031330073144122395,0.021339234175240737,0.009990838968881657,5.217936366201581,13.275708484649659,13.92375463623297,12.627662333066349,0.427381858149039,43.251414522278814,0.0,0.0,0.0,0.0,0.0
2021-02-04 05:00:00,13.625195503234863,13.634418753169928,13.299628759470641,13.492326119723447,201340000,13.336571884155273,13.3280460357666,13.229474449157715,11.578256795406341,13.360481122826862,13.306998078901623,13.234640412473158,56.02977007125173,0.05538191514323998,0.028147770368840586,0.027234144774399394,4.905871432152575,13.3280460357666,13.904059160499168,12.752032911034034,0.42143462728819997,37.098363616335476,0.0,0.0,0.0,0.0,0.0
2021-02-05 05:00:00,13.55215072631836,13.697983404125509,13.507030130989914,13.685768473106418,169152000,13.32445650100708,13.340360546112061,13.238545932769775,11.610388495922088,13.395330141643496,13.330345950084169,13.247091797329833,54.60398018828234,0.06776788419031199,0.03607179313313487,0.03169609105717712,1.68525147179448,13.340360546112061,13.924845130798275,12.755875961425847,0.40111795001317546,31.328807539862503,0.0,0.0,0.0,0.0,0.0
2021-02-08 05:00:00,14.397480010986328,14.432379818392382,13.688013522894353,13.688013522894353,434624000,13.40278205871582,13.398294496536256,13.268157596588134,11.647013294696809,13.577539208796738,13.431977765408185,13.292205060610481,65.53453605404601,0.1441333825432647,0.057684111015160834,0.08644927152810386,4.119344269983283,13.398294496536256,14.147014943436087,12.649574049636424,0.4461853553776787,38.004071281062814,0.0,0.0,0.0,0.0,0.0
2021-02-09 05:00:00,14.222479820251465,14.54156481771982,14.181845799253257,14.299757683167412,287560000,13.485344982147216,13.430290222167969,13.288746700286865,11.682068316936492,13.694801138152142,13.507263675393258,13.328686423733657,62.195794646956834,0.1883612263504233,0.08381953408221333,0.10454169226820996,4.016404813698671,13.430290222167969,14.262233685323599,12.598346759012339,0.4430158043805918,37.550952696564565,0.0,0.0,0.0,0.0,0.0
2021-02-10 05:00:00,14.72204875946045,14.862396381578142,14.300507596143618,14.421909473206185,485352000,13.669466972351074,13.49408221244812,13.318798904418946,11.718688595294953,13.88157343293547,13.622957492923467,13.383328083958236,67.3150008317426,0.260717757516856,0.11919917876914188,0.14151857874771412,8.137256227413747,13.49408221244812,14.507114710512218,12.481049714384023,0.4355729058352826,38.93665612518896,0.0,0.0,0.0,0.0,0.0
2021-02-11 05:00:00,15.207159042358398,15.22859817563987,14.882340720231461,14.937432968957507,450828000,13.88881320953369,13.57978663444519,13.355757122039796,11.758446626663208,14.122588998285092,13.77383383096489,13.454850866640598,71.36936883743834,0.3531344611118552,0.16598623523768458,0.18714822587417063,13.51294055873964,13.57978663444519,14.849875047692576,12.309698221197804,0.4546432634969939,40.1869054863682,0.0,0.0,0.0,0.0,0.0
2021-02-12 05:00:00,14.918485641479492,15.247542306068212,14.732767326648847,15.006981847771694,374756000,14.085399532318116,13.667584896087646,13.387171115875244,11.79587726354599,14.267297478865892,13.882848289109138,13.512248308791143,66.11382185745745,0.39848830846105265,0.21248664988235821,0.18600165857869444,15.819298638406565,13.667584896087646,15.053694558054522,12.281475234120771,0.4492480560026791,39.67072523065945,0.0,0.0,0.0,0.0,0.0
2021-02-16 05:00:00,15.286431312561035,15.328561180758324,14.907268204475995,15.021191826127696,321960000,14.294125938415528,13.790769243240357,13.42286376953125,11.835917103290559,14.452594539537735,14.016522862771224,13.581824112860552,69.22461526538045,0.4588325636675137,0.26175583263938934,0.19707673102812434,17.46417408955836,13.790769243240357,15.293720411221592,12.287818075259121,0.46041270831509024,38.22483653548087,0.0,0.0,0.0,0.0,0.0
2021-02-17 05:00:00,14.863391876220703,15.179984428092627,14.737751639451629,15.12763377471902,274756000,14.42866497039795,13.884537839889527,13.452977390289307,11.875024609565735,14.527284964389182,14.097177054528318,13.63208167220801,62.15922710105727,0.46713522950676634,0.30283171201286474,0.1643035174939016,14.751989223232332,13.884537839889527,15.410444465516058,12.358631214262996,0.4539135521381941,40.34435745743779,0.0,0.0,0.0,0.0,0.0
2021-02-18 05:00:00,14.78661823272705,14.83074129930857,14.533343519257889,14.686903658800778,233868000,14.558144092559814,13.95749135017395,13.47831979751587,11.912688655853271,14.57443646772334,14.162838119118673,13.677357615757776,60.94354734253103,0.46219229551800467,0.3347038287138927,0.12748846680411197,12.026902537728512,13.95749135017395,15.510547724477808,12.40443497587009,0.44743178183922616,39.90967533160904,0.0,0.0,0.0,0.0,0.0
2021-02-19 05:00:00,14.883837699890137,15.133621451996458,14.804315578862303,14.98155717225238,271724000,14.684008312225341,14.010290098190307,13.504639377593994,11.950533742904662,14.630691237208211,14.231504745858814,13.724670560233555,61.958161335246984,0.46080787686155134,0.3599246383434245,0.10088323851812686,10.103831825994746,14.010290098190307,15.615707526150333,12.404872670230281,0.4420719790439308,38.08494087791486,0.0,0.0,0.0,0.0,0.0
2021-02-22 05:00:00,14.314716339111328,15.089994124865994,14.284053959471905,14.732518363727369,325884000,14.760264873504639,14.04236068725586,13.524696865081786,11.985028953552247,14.57324125573605,14.23942965950191,13.747809610385625,53.23900757669255,0.409071851961901,0.3697540810671198,0.03931777089478117,6.099168980786729,14.04236068725586,15.645057752144234,12.439663622367485,0.4734285455334576,40.636918415945956,0.0,0.0,0.0,0.0,0.0
2021-02-23 05:00:00,14.101577758789062,14.19805147445636,13.351228116185384,14.035018027091663,391780000,14.730674648284912,14.066728353500366,13.548852653503419,12.017576925754547,14.487484256291143,14.226300907053067,13.761682871107329,50.37962285093896,0.346873634001005,0.36517799165389686,-0.018304357652891845,3.496333358600956,14.066728353500366,15.656786961193275,12.476669745807458,0.5183891349728874,41.04686497131402,0.0,0.0,0.0,0.0,0.0
2021-02-24 05:00:00,14.457555770874023,14.465284128044166,13.716679525715865,14.082381925555026,448320000,14.754182243347168,14.119763612747192,13.579300346374511,12.050954759120941,14.48204271348803,14.24832517979792,13.788972004431512,54.75080851608244,0.3225869669443888,0.3566597867119953,-0.034072819767606455,6.68089562195735,14.119763612747192,15.686329777643852,12.553197447850533,0.5422849678980873,41.25052311855726,0.0,0.0,0.0,0.0,0.0
2021-02-25 05:00:00,13.269462585449219,14.333662277875408,13.17847394109998,14.005353050124018,824436000,14.608923625946044,14.13919529914856,13.58516851425171,12.077132065296173,14.261573599299155,14.155100170812329,13.76859908604005,41.58407023553212,0.20510608232831906,0.32634904583526003,-0.12124296350694097,-7.834825432480885,14.13919529914856,15.649693025280637,12.628697573016481,0.6097343847605698,49.353555485797024,0.0,0.0,0.0,0.0,0.0
2021-02-26 05:00:00,13.675302505493164,13.814901757699483,13.322812491775041,13.713193051843033,500932000,14.455737972259522,14.172275590896607,13.593260402679443,12.106648440361022,14.154978854970793,14.109405155067646,13.764940396606839,46.33187679876962,0.14309995743515103,0.28969922815523824,-0.14659927072008722,-3.8472708112348486,14.172275590896607,15.606017790804454,12.73853339098876,0.6350548061259034,50.323979481626814,0.0,0.0,0.0,0.0,0.0
2021-03-01 05:00:00,13.802186965942383,13.885199062295472,13.51451173836479,13.835341784593728,353184000,14.34410810470581,14.214753818511962,13.602857894897461,12.136911299228668,14.090834875147445,14.080146279912858,13.766401046384704,47.76140128424896,0.10301072870927008,0.25236152826604463,-0.14935079955677455,-6.24819146130704,14.214753818511962,15.542791787699969,12.886715849323956,0.5986589655442361,50.286305238938944,0.0,0.0,0.0,0.0,0.0
2021-03-02 05:00:00,13.36793041229248,13.880710314412896,13.357709618961268,13.86026872775047,264116000,14.152258014678955,14.223191976547241,13.606123504638672,12.163755269050599,13.959397700082905,14.012316197282345,13.750774747008538,43.4916399328565,0.035786328946729284,0.20904648840218157,-0.17326015945545228,-12.094491975410293,14.223191976547241,15.525964144883167,12.920419808211316,0.6103219424717408,51.42111568426926,0.0,0.0,0.0,0.0,0.0
2021-03-03 05:00:00,12.768153190612793,13.413054212607022,12.762169821894238,13.387876896937527,377592000,13.942734146118164,14.185699558258056,13.59542423248291,12.185308094024657,13.742807789270156,13.893824482361437,13.712240568326353,38.38727106585551,-0.06513565811172128,0.154210059099401,-0.21934571721112228,-14.413878878482777,14.185699558258056,15.611292952242952,12.76010616427316,0.6111053588564628,53.13199587962026,0.0,0.0,0.0,0.0,0.0
2021-03-04 05:00:00,12.334893226623535,12.93791536777413,12.049212120822903,12.764162806346638,573344000,13.697561645507813,14.127852869033813,13.577440757751464,12.203402185440064,13.486823323334406,13.745354838957827,13.658226947083106,35.175667785952854,-0.17802535269954767,0.08776297673961127,-0.2657883294391589,-19.3082219491752,14.127852869033813,15.752051694694597,12.503654043373029,0.6384020610544489,54.30306030674148,0.0,0.0,0.0,0.0,0.0
2021-03-05 05:00:00,12.425884246826172,12.514131329877014,11.64586957398089,12.514131329877014,542840000,13.451766300201417,14.067887306213379,13.560075588226319,12.221676054000854,13.293925309423816,13.619690973040527,13.609899782367147,36.37950116745323,-0.2571843727427936,0.018773506843130297,-0.2759578795859239,-16.39940364684991,14.067887306213379,15.8510081102899,12.284766502136858,0.6636511165170745,54.22578048318516,0.0,0.0,0.0,0.0,0.0
2021-03-08 05:00:00,11.560112953186035,12.435602648184473,11.533438850520735,12.414413615899687,543112000,13.176305961608886,13.968285417556762,13.526471939086914,12.234801778793335,12.978686699198764,13.423540685435338,13.529515985144359,30.563542052449307,-0.38533704864833673,-0.06204860425516312,-0.3232884443931736,-21.820440811813402,13.968285417556762,16.067270451507092,11.869300383606433,0.6979990323300322,59.02711352400834,0.0,0.0,0.0,0.0,0.0
2021-03-09 05:00:00,12.48877239227295,12.585029220167039,12.02893097921558,12.099752572699794,521824000,13.015025424957276,13.872850036621093,13.516806087493897,12.253540740013122,12.889611370666799,13.334515133705587,13.488702510914107,41.3876416589176,-0.4072691665543129,-0.1310927167149931,-0.27617644983931977,-16.091718788594868,13.872850036621093,16.061329387307993,11.684370685934194,0.7320159318922892,62.10066822041584,0.0,0.0,0.0,0.0,0.0
2021-03-10 05:00:00,12.436904907226562,12.947367629501878,12.426182115532276,12.808218669435043,384376000,12.812960338592529,13.78357129096985,13.506411991119386,12.270770268440247,12.807301104586754,13.24902844546949,13.447455546063617,41.00318690924299,-0.42394878290538074,-0.18966392995307063,-0.2342848529523101,-13.118048499180679,13.78357129096985,16.056067364284655,11.511075217655044,0.7456685859642026,62.06648474921407,0.0,0.0,0.0,0.0,0.0
2021-03-11 05:00:00,12.960832595825195,13.01345056221535,12.702483926792517,12.917442013123948,299916000,12.782097339630127,13.695510482788086,13.508366107940674,12.292155923843383,12.83521592117556,13.221581221693842,13.42837229311309,46.41766985397932,-0.3903907318631017,-0.22980929033507685,-0.16058144152802484,-8.089486031113625,13.695510482788086,15.951319232530546,11.439701733045625,0.7620644742298727,62.72735054841755,0.0,0.0,0.0,0.0,0.0
2021-03-12 05:00:00,12.823678016662598,12.856345807578716,12.55834698640387,12.616450011981625,243964000,12.69693489074707,13.576336431503297,13.506714572906494,12.313814535140992,12.83311812035502,13.183685678357532,13.404658792075816,45.2469804588648,-0.37059102033168934,-0.2579656363343994,-0.11262538399728994,-11.301203191641918,13.576336431503297,15.746088233441474,11.406584629565119,0.7332462916603895,61.059633399064126,0.0,0.0,0.0,0.0,0.0
2021-03-15 04:00:00,13.158085823059082,13.17354692311485,12.735152011430825,12.832406735192682,221988000,12.632524776458741,13.488316440582276,13.507712802886964,12.337335681915283,12.892203157210304,13.181247596900537,13.394989263879083,48.64768685650621,-0.32417876012779345,-0.2712082610930782,-0.052970499034715235,-0.8393464443109289,13.488316440582276,15.5698531898517,11.40677969131285,0.695739626571681,62.05012344849965,0.0,0.0,0.0,0.0,0.0
2021-03-16 04:00:00,13.257834434509277,13.478527766958353,13.083772684178307,13.322919832651639,272128000,12.62151517868042,13.386886596679688,13.512515773773194,12.359420666694641,12.95868157126466,13.188541581434704,13.389610643119482,49.65220243440244,-0.2761643791671453,-0.2721994847078917,-0.003964894459253632,-3.0527154395026845,13.386886596679688,15.289512039297888,11.484261154061487,0.6704646608896627,61.23867474936593,0.0,0.0,0.0,0.0,0.0
2021-03-17 04:00:00,13.307709693908691,13.419427631953024,12.956843642184772,13.006967363859617,243864000,12.67547082901001,13.309102487564086,13.51714958190918,12.382099928855895,13.022141229927211,13.199890925479846,13.386398841189648,50.17699727309499,-0.23142044884227353,-0.26404367753476804,0.03262322869249451,-3.5826008824097255,13.309102487564086,15.080222607094022,11.53798236803415,0.6121433866035347,60.80411546259627,0.0,0.0,0.0,0.0,0.0
2021-03-18 04:00:00,12.690515518188477,13.150855475897037,12.685029504987675,13.10347523322454,293896000,12.711033058166503,13.204297351837159,13.503631153106689,12.401598601341247,12.961845645974712,13.151378981928286,13.359109299111172,44.05707293483465,-0.24296225592334686,-0.2598273932124838,0.016865137289136967,-5.067462750113416,13.204297351837159,14.850986566214699,11.557608137459619,0.617660602080017,62.570269324377115,0.0,0.0,0.0,0.0,0.0
2021-03-19 04:00:00,12.813454627990723,12.889014536593395,12.580791371714232,12.717945495627424,299208000,12.74979009628296,13.100778198242187,13.508331356048584,12.421989631652831,12.934865460886714,13.119195710124709,13.33771107671429,45.48341264946336,-0.2394290731573605,-0.25574772920145916,0.016318656044098656,0.3548002338445988,13.100778198242187,14.551557186987282,11.649999209497093,0.61319887643348,62.668661511643506,0.0,0.0,0.0,0.0,0.0
2021-03-22 04:00:00,13.153098106384277,13.360824589518188,12.87430079133781,12.880286224197679,297804000,12.909088611602783,13.042697286605835,13.505276107788086,12.444073882102966,12.974544123704451,13.122424509768477,13.330471352387624,49.32729244668838,-0.2068383069229025,-0.24596584474574784,0.03912753782284534,6.633254659997667,13.042697286605835,14.377197561250448,11.708197011961222,0.6149395382960398,62.563241037661975,0.0,0.0,0.0,0.0,0.0
2021-03-23 04:00:00,13.03789234161377,13.310953528529643,12.988516312925546,13.220930388198628,222048000,12.964000606536866,12.98951301574707,13.501257934570312,12.464817242622376,12.986061981506143,13.114373827087075,13.31899766569061,48.08872402029906,-0.18813730256793448,-0.2344001363101852,0.04626283374225071,4.925267953819201,12.98951301574707,14.22763179834606,11.75139423314808,0.5914790257882764,62.452679634596365,0.0,0.0,0.0,0.0,0.0
2021-03-24 04:00:00,12.611215591430664,13.126168365857225,12.60498187447751,13.118188104676085,245840000,12.981431674957275,12.897196006774902,13.481830940246581,12.484000234603881,12.91790809240151,13.066453995119799,13.29124150591571,43.71114164561951,-0.2053783954375632,-0.2285957881356608,0.02321739269809761,9.092494532719408,12.897196006774902,13.933278392913667,11.861113620636136,0.56522782896174,62.34427907200206,0.0,0.0,0.0,0.0,0.0
2021-03-25 04:00:00,12.503734588623047,12.682783882467008,12.241147031908534,12.46807503156729,295144000,12.93572187423706,12.858909606933594,13.462981452941895,12.501444993019105,12.842603818987243,13.012861670691537,13.260358881708155,42.65771079353345,-0.22511986277662466,-0.22790060306385357,0.002780740287228911,0.11980518084671044,12.858909606933594,13.893661485693679,11.824157728173509,0.5347546214376221,55.52811183102033,0.0,0.0,0.0,0.0,0.0
2021-03-26 04:00:00,12.80696964263916,12.823927099731126,12.342390872874107,12.522935565816912,363968000,12.934051036834717,12.815492963790893,13.449259433746338,12.518807706832886,12.836124877833043,12.99325290611512,13.242578911548588,46.57000406797924,-0.21383166492672068,-0.225086815436427,0.011255150509706324,2.9755372270923175,12.815492963790893,13.776236062962193,11.854749864619594,0.504709794951428,55.0730010075041,0.0,0.0,0.0,0.0,0.0
2021-03-29 04:00:00,12.915695190429688,13.029658124517944,12.668069335591795,12.78801675063455,273520000,12.909811973571777,12.77116837501526,13.444322929382324,12.539556708335876,12.850592207396069,12.985866457002222,13.229759942092945,47.94147041951453,-0.1938775441102969,-0.218844961171201,0.024967417060904107,-0.34826007559148886,12.77116837501526,13.61491462476151,11.927422125269008,0.4573292608046526,55.050946032989486,0.0,0.0,0.0,0.0,0.0
2021-03-30 04:00:00,12.83938980102539,12.942629963313632,12.673059062634387,12.80971472304937,200204000,12.867967510223389,12.744741344451905,13.444655838012695,12.559245285987855,12.848555406237763,12.971916299290143,13.214451309109904,47.02909221212122,-0.18212158257856537,-0.21150028545267388,0.029378702874108514,0.12252166923076846,12.744741344451905,13.541593468520864,11.947889220382946,0.4393567884267699,54.0204408018088,0.0,0.0,0.0,0.0,0.0
2021-03-31 04:00:00,13.314693450927734,13.436635723855625,12.949862618973997,12.982779650756408,314776000,12.868665885925292,12.772068357467651,13.451189308166503,12.580108299255372,12.933307777999577,13.004561742303247,13.218382373494919,53.025930758900024,-0.13291965110048665,-0.19578415858223644,0.06286450748174979,1.1902006870498028,12.772068357467651,13.608789424941731,11.93534728999357,0.44083537898687325,53.10691558890475,0.0,0.0,0.0,0.0,0.0
2021-04-01 04:00:00,13.777026176452637,13.835129204542868,13.477280798414757,13.538128259715098,308276000,12.977316951751709,12.844175004959107,13.460178871154785,12.603807401657104,13.08671112317286,13.078129783650809,13.240289973610908,58.00605098059073,-0.05597513236666707,-0.1678223533391226,0.11184722097245553,3.9161127294812026,12.844175004959107,13.76645090137228,11.921899108545933,0.44926038928643103,52.42528664565259,0.0,0.0,0.0,0.0,0.0
2021-04-05 04:00:00,13.9523344039917,13.978767529559853,13.698473850909528,13.832636208536442,255672000,13.091204929351807,12.920497512817382,13.46266830444336,12.62754843711853,13.24409717423083,13.161387366540419,13.268213284606233,59.74863836828808,0.018931629890772683,-0.13047155669314356,0.14940318658391624,4.843994383031003,12.920497512817382,13.944099360726778,11.896895664907987,0.43796744406973825,52.4774248091373,0.0,0.0,0.0,0.0,0.0
2021-04-06 04:00:00,13.826651573181152,14.01891697125034,13.738873462216315,13.964554358734274,191744000,13.158560276031494,13.033824443817139,13.465735244750977,12.65075074672699,13.350016155858162,13.224745862410964,13.290112825334662,57.8938323871056,0.06737753826267401,-0.09090173770198005,0.15827927596465408,8.9526391056717,13.033824443817139,13.915267363089214,12.152381524545063,0.4297737602307367,44.659993905184855,0.0,0.0,0.0,0.0,0.0
2021-04-07 04:00:00,14.107939720153809,14.207687722180449,13.677025725875525,13.84584972110398,251284000,13.265565013885498,13.114782810211182,13.475609550476074,12.675143990516663,13.487820440275552,13.308859563148378,13.322184468268746,60.82499364829117,0.12700483958591136,-0.04732042224440178,0.17432526183031313,10.10254556437349,13.114782810211182,14.07898735728876,12.150578263133603,0.4346364749833561,36.31251528428182,0.0,0.0,0.0,0.0,0.0
2021-04-08 04:00:00,14.281006813049316,14.435118400784658,14.213176976612907,14.216918348018499,244416000,13.432544136047364,13.20698790550232,13.49329267501831,12.699079656600953,13.632036144416235,13.401445015519895,13.359785344534652,62.55229059489835,0.18607995954779177,-0.0006403458859630673,0.18672030543375484,8.575232219377815,13.20698790550232,14.247893768313235,12.166082042691405,0.4135292243912013,36.14924121469064,0.0,0.0,0.0,0.0,0.0
2021-04-09 04:00:00,14.363797187805176,14.371777448243606,14.139363421566275,14.178264931921397,195172000,13.618550395965576,13.277136135101319,13.522952041625977,12.7238116979599,13.765083606850586,13.493097603356588,13.39915835799624,63.38401357564414,0.2368476764836629,0.04685725858796213,0.18999041789570076,10.169625668402249,13.277136135101319,14.431145495565453,12.123126774637186,0.40811428594821336,33.709418593939226,0.0,0.0,0.0,0.0,0.0
2021-04-12 04:00:00,15.170762062072754,15.313901610057965,14.103701731984685,14.253823650541044,869324000,13.854929637908935,13.394490337371826,13.566093349456787,12.753647356033325,14.020661507800071,13.652875170853365,13.468633013058065,70.30665754364134,0.3382971007882851,0.10514522702802673,0.2331518737602584,20.29579505707051,13.394490337371826,14.803521981668828,11.985458693074824,0.45545927998720004,37.622829691323226,0.0,0.0,0.0,0.0,0.0
2021-04-13 04:00:00,15.640082359313965,15.660531006260301,15.087724413615085,15.193208648539647,676212000,14.127368354797364,13.51859016418457,13.619842548370361,12.784561524391174,14.315101662620778,13.842132998325802,13.553787889381827,73.45047552911632,0.4513636865528774,0.17438891893299688,0.2769747676198805,25.08328810453664,13.51859016418457,15.242068252471078,11.79511207589806,0.47334280691870856,37.95839738342908,0.0,0.0,0.0,0.0,0.0
2021-04-14 04:00:00,15.238590240478516,15.680974737156909,15.189214231593118,15.585714855569877,385500000,14.367288398742676,13.617627954483032,13.660631008148194,12.815137443542481,14.483008676776729,13.97512892614987,13.619858569816992,66.922714784668,0.5027770113724177,0.24006653742088108,0.2627104739515366,18.98669760052829,13.617627954483032,15.498474709905278,11.736781199060786,0.4712409507889997,39.902586365668675,0.0,0.0,0.0,0.0,0.0
2021-04-15 04:00:00,16.096683502197266,16.173489597224194,15.592204251485212,15.623126457640097,598480000,14.645487403869629,13.757076644897461,13.712204647064208,12.84977961063385,14.776404099580462,14.17718174291629,13.716988959322101,72.53984778523055,0.6057803378909625,0.3132092975148974,0.29257104037606513,24.628858647304064,13.757076644897461,15.93177685619414,11.582376433600782,0.5064739869452285,43.48593878751637,0.0,0.0,0.0,0.0,0.0
2021-04-16 04:00:00,15.8724946975708,16.125108122447834,15.82536274319291,16.0126405831472,335208000,14.855034255981446,13.916175603866577,13.759818000793457,12.881817212104798,14.975693299215068,14.338640119550051,13.801518596116168,69.2319249569952,0.6616934629949363,0.38290613061090517,0.2787873323840311,23.62343494161363,13.916175603866577,16.22385003673225,11.608501171000905,0.49348892640222175,39.23198623829417,0.0,0.0,0.0,0.0,0.0
2021-04-19 04:00:00,15.323128700256348,15.767758276852438,15.194702542617696,15.497439688816309,404420000,14.99211368560791,14.041659307479858,13.793776664733887,12.910947284698487,15.038863372131665,14.432400936760175,13.861189580592253,61.79544012346947,0.6541353080855572,0.4371519661058356,0.21698334197972158,15.084352161248372,14.041659307479858,16.36970643965956,11.713612175300156,0.5160748811184329,42.522078466305516,0.0,0.0,0.0,0.0,0.0
2021-04-20 04:00:00,15.133109092712402,15.458039540390393,14.925382597533766,15.284726432321392,334132000,15.122759437561035,14.140659856796265,13.825395832061767,12.938717427253723,15.055998957691799,14.499135046850862,13.911068777145985,59.41804707970114,0.6256008840295681,0.4748417496905822,0.15075913433898597,9.843074251956851,14.140659856796265,16.477989229623336,11.803330483969196,0.5348667412739603,42.67897393330446,0.0,0.0,0.0,0.0,0.0
2021-04-21 04:00:00,15.321881294250488,15.323876121299216,15.064280344960931,15.08073838157039,216776000,15.244153594970703,14.2548593044281,13.84388385772705,12.966300358772278,15.10434120070247,14.577491832317493,13.966394758208907,61.02234341041369,0.6111742501023656,0.5021082497729389,0.1090660003294267,9.815897831885167,14.2548593044281,16.58850896248473,11.92120964637147,0.5107488736673924,42.2779693869135,0.0,0.0,0.0,0.0,0.0
2021-04-22 04:00:00,14.81291675567627,15.39968805660098,14.746334039888772,15.336347292085806,277788000,15.297344589233399,14.364944362640381,13.855692596435548,12.991176524162292,15.051354937970434,14.599913253589758,13.999591699286059,54.73910541462269,0.5523052232919152,0.5121476444767342,0.040157578815181005,7.133073233783693,14.364944362640381,16.576664936686882,12.153223788593879,0.5202430353171834,42.34184838342658,0.0,0.0,0.0,0.0,0.0
2021-04-23 04:00:00,15.226872444152832,15.296446921011565,14.862790304524419,14.896704270923427,227500000,15.383652114868164,14.50110125541687,13.865789070129395,13.016407165527344,15.083267211821777,14.659623652691003,14.047720355947503,58.48337953542358,0.5329107959736881,0.516300274776125,0.01661052119756312,7.931226998372964,14.50110125541687,16.560414207768183,12.441788303065557,0.5347599272232527,42.38605902668201,0.0,0.0,0.0,0.0,0.0
2021-04-26 04:00:00,15.4390869140625,15.440084803333924,15.08697469275611,15.146824267123838,197796000,15.41048460006714,14.632707118988037,13.870427627563476,13.041238918304444,15.147961703138272,14.733858249012098,14.102283750383386,60.29670944966891,0.5285714639539236,0.5187545126116847,0.009816951342238922,8.109232886542594,14.632707118988037,16.568899248839266,12.696514989136807,0.5399789701906662,42.09079778320656,0.0,0.0,0.0,0.0,0.0
2021-04-27 04:00:00,15.343077659606934,15.631101386498317,15.315895881750716,15.539332683201211,164572000,15.380784130096435,14.7540762424469,13.878919467926025,13.065738863945008,15.183437331587118,14.791879145259225,14.150942335058819,59.040314216543905,0.5114892380678633,0.5173014577029205,-0.005812219635057181,6.817699101412855,14.7540762424469,16.535198117596547,12.972954367297252,0.5245892207937146,42.469921250261805,0.0,0.0,0.0,0.0,0.0
2021-04-28 04:00:00,15.238340377807617,15.493198783991089,15.177244640635958,15.325870188074271,209416000,15.380759143829346,14.87402377128601,13.877957649230957,13.091842770576477,15.193419703627209,14.834399262644787,14.193585395558772,57.62956158749473,0.4839216797735091,0.5106255021170383,-0.026703822343529193,0.44545102914645973,14.87402377128601,16.41978989218665,13.328257650385373,0.5237874681311633,42.51386374376483,0.0,0.0,0.0,0.0,0.0
2021-04-29 04:00:00,15.286222457885742,15.397691160532714,15.033609024260754,15.361282946905519,173196000,15.299713039398194,14.972600221633911,13.886414260864258,13.116567945480346,15.210292931674214,14.877430043143924,14.236433907806889,58.12221590700393,0.4606280415744948,0.5006260100085296,-0.0399979684340348,-2.2625194247617997,14.972600221633911,16.34093894974045,13.604261493527373,0.5331923331022083,41.22734713532113,0.0,0.0,0.0,0.0,0.0
2021-04-30 04:00:00,14.97176456451416,15.326371032074357,14.95929618068849,15.136350655609169,201912000,15.20964002609253,15.032337141036987,13.8901171875,13.140466980934143,15.166924137645113,14.886414283274423,14.265270404148351,53.70575548504522,0.4120437575704159,0.48290955952090686,-0.07086580195049097,-1.7509866185362877,15.032337141036987,16.279894760462646,13.784779521611325,0.47296911691025023,41.010927336538636,0.0,0.0,0.0,0.0,0.0
2021-05-03 04:00:00,14.79944896697998,15.20841803404415,14.750323136442555,15.086974247402853,203912000,15.157272052764892,15.074692869186402,13.888429412841797,13.163965339660644,15.100110470251451,14.878131872198763,14.286218583082926,51.400869647345885,0.35553751864631344,0.4574351513459882,-0.10189763269967478,-8.059017468040587,15.074692869186402,16.221298927442206,13.9280868109306,0.46477542440713443,41.26616556863434,0.0,0.0,0.0,0.0,0.0
2021-05-04 04:00:00,14.315168380737305,14.600698817066128,13.975026104461781,14.600449582589548,405324000,15.075477981567383,15.099118709564209,13.888438453674317,13.184709715843201,14.957393726703424,14.824516301583387,14.287353869265452,45.49180296272962,0.2685824696619594,0.4196646150091825,-0.15108214534722308,-9.811477946638325,15.099118709564209,16.150652810860073,14.047584608268345,0.4885370213324493,43.02309145215561,0.0,0.0,0.0,0.0,0.0
2021-05-05 04:00:00,14.422149658203125,14.776257644037008,14.351328061036348,14.672019599835691,292024000,14.985504817962646,15.114829206466675,13.894849891662597,13.204448080062866,14.860076623339733,14.786195668880506,14.292639978635558,46.94287034176271,0.20592864464685334,0.3769174209367167,-0.17098877628986336,-5.879863438320854,15.114829206466675,16.111994003340094,14.117664409593257,0.45469344322916544,42.53837736004935,0.0,0.0,0.0,0.0,0.0
2021-05-06 04:00:00,14.48648738861084,14.53461628081526,14.182254838103722,14.45880713985873,193380000,14.952861881256103,15.125103235244751,13.895428524017333,13.225416231155396,14.792151307934478,14.757652023140537,14.300241837850274,47.84213638933729,0.1596264793866684,0.33345923262670707,-0.17383275324003866,-4.2728939581421095,15.125103235244751,16.0898007657575,14.160405704732005,0.45845173347606644,42.36472466165232,0.0,0.0,0.0,0.0,0.0
2021-05-07 04:00:00,14.775012969970703,14.93311422826877,14.634866110610764,14.77102331493486,229328000,14.90767593383789,15.145664024353028,13.925539531707763,13.2472776556015,14.789035246486517,14.759305446648172,14.318860313619703,51.78851060718016,0.14454703469714758,0.2956767930407952,-0.1511297583436476,-3.5691982843190195,15.145664024353028,16.05815831221277,14.23316973649329,0.4419399252406969,42.86809897408601,0.0,0.0,0.0,0.0,0.0
2021-05-10 04:00:00,14.229884147644043,14.768775720170076,14.21417381349999,14.750072669633822,268904000,14.786755657196045,15.098620128631591,13.936631164550782,13.267953114509583,14.68737141033334,14.708884370552541,14.315371052208892,44.879360417780475,0.08759933539927367,0.2540613015124909,-0.16646196611321723,-3.9359743772866995,15.098620128631591,16.098496750403008,14.098743506860176,0.44395294049884587,39.81811967481536,0.0,0.0,0.0,0.0,0.0
2021-05-11 04:00:00,14.270280838012695,14.318658960168204,13.715429742573756,13.790240987277931,285584000,14.67947597503662,15.030130052566529,13.945993041992187,13.288507924079894,14.611536760820494,14.667112605548745,14.313602808514924,45.4600410525263,0.04520643705685323,0.21229032862136338,-0.16708389156451015,-6.282259273193502,15.030130052566529,16.061018764909665,13.999241340223392,0.4684981863028575,37.85207212205501,0.0,0.0,0.0,0.0,0.0
2021-05-12 04:00:00,13.723909378051758,14.224397903406471,13.674783549250568,13.974277782332045,303408000,14.528032875061035,14.95439600944519,13.953112621307373,13.30519980430603,14.45014996395345,14.577283726739509,14.29047757594774,39.412437744897105,-0.032107732946849765,0.16341071630772078,-0.19551844925457054,-11.109319777508952,14.95439600944519,16.132799809123625,13.775992209766754,0.4643655628778518,39.0428722085779,0.0,0.0,0.0,0.0,0.0
2021-05-13 04:00:00,13.630894660949707,14.045350711147945,13.425162994144586,13.998467988858465,285404000,14.362500095367432,14.831106567382813,13.970367450714111,13.322453055381775,14.301194454316404,14.487151434759527,14.264611579281151,38.47407658224065,-0.09973559020636102,0.11078145500490442,-0.21051704521126546,-11.15931911864605,14.831106567382813,16.022200542163027,13.6400125926026,0.47412681656842776,31.637117207989768,0.0,0.0,0.0,0.0,0.0
2021-05-14 04:00:00,14.207192420959473,14.291978764788404,13.713935458707894,13.855080192512533,258616000,14.286042881011962,14.747841453552246,14.00781343460083,13.341342101097107,14.284103175524233,14.460488671540475,14.262359847582262,46.90826988513178,-0.10561131985099514,0.06750290003372451,-0.17311421988471964,-6.766799607323771,14.747841453552246,15.862808161611806,13.632874745492686,0.49612495894420505,36.2202828000923,0.0,0.0,0.0,0.0,0.0
2021-05-17 04:00:00,14.129884719848633,14.13362513937637,13.818669829056002,14.121405991656692,216980000,14.219086456298829,14.68817925453186,14.04189344406128,13.359104652404785,14.256063456310486,14.429002580903155,14.257164744533885,45.99735298300547,-0.11517826003325737,0.030966668020328138,-0.1461449280535855,-7.564574840009519,14.68817925453186,15.801230032118148,13.575128476945572,0.5013618937410529,34.52757094566755,0.0,0.0,0.0,0.0,0.0
2021-05-18 04:00:00,13.980510711669922,14.3680341352935,13.968790033512203,14.231129270556517,186256000,14.18562068939209,14.630549335479737,14.090301399230958,13.376116609573364,14.205962957284928,14.386289069547608,14.246315566774514,44.21088390951508,-0.13327702852041767,-0.001882071287821023,-0.13139495723259664,-6.620821804757016,14.630549335479737,15.765737491765059,13.495361179194415,0.5073111764857792,34.473336696529465,0.0,0.0,0.0,0.0,0.0
2021-05-19 04:00:00,14.030388832092285,14.044104340700125,13.50920235882469,13.532393535433826,344000000,14.146444606781007,14.565974712371826,14.121133728027344,13.391407289505004,14.174040389068082,14.352393808837578,14.237847851688938,44.97932102986367,-0.14195926740378262,-0.029897510511013345,-0.11206175689276927,-5.196545740342062,14.565974712371826,15.682355408326638,13.449594016417015,0.5195125940288845,34.06062394623745,0.0,0.0,0.0,0.0,0.0
2021-05-20 04:00:00,14.575764656066895,14.646835496933809,14.234624429650347,14.26654357133562,321592000,14.15537233352661,14.554117107391358,14.16391092300415,13.408341078758239,14.247081164886048,14.373667222859417,14.25109949107631,52.65783921882692,-0.10363805815028115,-0.04464562003886691,-0.05899243811141425,1.8204206083964225,14.554117107391358,15.66447563092815,13.443758583854565,0.5373248664185742,35.48983360197676,0.0,0.0,0.0,0.0,0.0
2021-05-21 04:00:00,14.954059600830078,15.183731096129877,14.832117340430838,15.125627113969413,672992000,14.173276996612548,14.54047646522522,14.203775463104249,13.426872367858886,14.375622698694052,14.428942687428052,14.278666554203909,57.12726752260734,-0.04225588370388955,-0.04416767277187143,0.001911789067981881,3.688146047800922,14.54047646522522,15.622374325352132,13.458578605098309,0.5480299765943876,35.284012368688465,0.0,0.0,0.0,0.0,0.0
2021-05-24 04:00:00,15.572750091552734,15.705415135802376,15.137845424049145,15.174253635999285,554816000,14.307563591003419,14.54715962409973,14.25875690460205,13.44825421333313,14.593282224668357,14.537876725916117,14.329414928217588,63.23965725458218,0.05567133922433598,-0.02419987037262995,0.07987120959696593,7.498454758576645,14.54715962409973,15.653798343484759,13.440520904714703,0.5428108817696804,38.02766498117342,0.0,0.0,0.0,0.0,0.0
2021-05-25 04:00:00,15.608407974243164,15.77872833588339,15.443573624564127,15.726360560876719,435408000,14.441376304626464,14.560426139831543,14.307763347625732,13.470492000579833,14.777850542772867,14.639832082899646,14.379571518257807,63.56209808446819,0.13460501917789003,0.007561107537474049,0.12704391164041598,5.640570373550835,14.560426139831543,15.712662089265093,13.408190190397994,0.5338155566282203,37.942108992794715,0.0,0.0,0.0,0.0,0.0
2021-05-26 04:00:00,15.660531044006348,15.754045362682273,15.54706749867685,15.694695200509921,370440000,14.635038471221923,14.58153567314148,14.355817279815675,13.493162307739258,14.9383379066335,14.737041507766952,14.429805225149908,64.05837864005704,0.1990716512687296,0.04586321628372516,0.15320843498500444,10.053819704492595,14.58153567314148,15.799651330363163,13.363420015919795,0.5234310152920693,37.83086979531621,0.0,0.0,0.0,0.0,0.0
2021-05-27 04:00:00,15.449061393737793,15.710402780852254,15.42113191055747,15.66027906156566,581476000,14.816855144500732,14.589677619934083,14.398644313812255,13.516344819068909,15.031196722470643,14.80485292547846,14.469776055290609,60.46048540419521,0.2304416997370673,0.08277891297439359,0.1476627867626737,8.260387928632085,14.589677619934083,15.82960706772345,13.349748172144716,0.5121913031947016,38.20258405099169,0.0,0.0,0.0,0.0,0.0
2021-05-28 04:00:00,16.203657150268555,16.236575125057893,15.462027659013474,15.462027659013474,644536000,15.01650161743164,14.651272249221801,14.468907146453857,13.540359258651733,15.244371345706625,14.93807237545847,14.537771392348569,67.47955840058493,0.31258892968779506,0.12874091631707388,0.18384801337072118,18.068814824605184,14.651272249221801,16.079250609855478,13.223293888588122,0.5283823442553721,40.90201075078694,0.0,0.0,0.0,0.0,0.0
2021-06-01 04:00:00,16.223608016967773,16.347047573880385,15.863266335432474,16.229094980518518,472804000,15.225873947143555,14.722480201721192,14.5371102142334,13.56445975780487,15.422414376845015,15.060504341316499,14.603882632529714,67.64310718760288,0.3749785501586711,0.17798844308539333,0.19699010707327777,19.020859749182616,14.722480201721192,16.3142155949284,13.130744808513986,0.5198503457449052,40.49793009677433,0.0,0.0,0.0,0.0,0.0
2021-06-02 04:00:00,16.736068725585938,16.876216524208118,16.194683808700496,16.21139203355558,594168000,15.501429748535156,14.843525218963624,14.608769626617432,13.590519628524781,15.661260622070635,15.220081901723113,14.687497773433881,71.5947125884715,0.4604661036349249,0.23448397519529968,0.22598212843962523,17.799972223193695,14.843525218963624,16.657523438621983,13.029526999305265,0.5259957333695834,38.97660928385351,0.0,0.0,0.0,0.0,0.0
2021-06-03 04:00:00,16.927087783813477,17.215611938318762,16.541310797438655,16.658764943328784,580008000,15.791099643707275,14.96877212524414,14.686553535461426,13.613682932853699,15.891411015114787,15.382653890493625,14.775324832664454,72.9221724211307,0.5374340421585746,0.2950739885879547,0.2423600535706199,19.79636153744082,14.96877212524414,16.993890194169516,12.943654056318762,0.5298609779322082,38.99293017312422,0.0,0.0,0.0,0.0,0.0
2021-06-04 04:00:00,17.534055709838867,17.616596077162153,17.052519499034798,17.06947505300827,617120000,16.08692874908447,15.121150541305543,14.78501033782959,13.64026101589203,16.1900736868828,15.58754930185984,14.88351035725953,76.65538442439012,0.6400310474408535,0.36406540035853446,0.275965647082319,25.417848256449616,15.121150541305543,17.431946158938587,12.810354923672499,0.5318912771829211,40.155665922420674,0.0,0.0,0.0,0.0,0.0
2021-06-07 04:00:00,17.574705123901367,17.76771918028066,17.149528167001655,17.52707659864361,575756000,16.3489933013916,15.261135149002076,14.886429748535157,13.667651481628418,16.441824857249813,15.776802237292365,14.989047406931759,76.88522763882392,0.7163622037275026,0.43452476103232807,0.2818374426951745,25.26171109172699,15.261135149002076,17.81052694022109,12.711743357783062,0.5482961644240307,40.05887050112373,0.0,0.0,0.0,0.0,0.0
2021-06-08 04:00:00,17.41311264038086,17.57719836078649,17.207629259933416,17.483185585690848,323848000,16.533029556274414,15.420296573638916,14.97855260848999,13.694221534729003,16.61842263600091,15.932641323300794,15.084108788635646,73.7755940101131,0.7551115758794804,0.49864212400175856,0.25646945187772185,19.466203326306932,15.420296573638916,18.09308436379129,12.747508783486541,0.5461765215005862,36.9330884330541,0.0,0.0,0.0,0.0,0.0
2021-06-09 04:00:00,17.318580627441406,17.534836381930162,17.216315861597764,17.475721908527852,381656000,16.70404682159424,15.572711563110351,15.066610317230225,13.717615780830384,16.74572408899009,16.064635542742757,15.171735135255481,71.94246073183535,0.7693244951842431,0.5527785982382555,0.21654589694598758,15.811900512153088,15.572711563110351,18.316100316173653,12.82932281004705,0.5307207028189407,37.27260008348345,0.0,0.0,0.0,0.0,0.0
2021-06-10 04:00:00,17.38517951965332,17.452027750538555,17.136749890941907,17.310352051917093,287772000,16.876511669158937,15.75577507019043,15.157526111602783,13.741159925460815,16.86198871274704,16.190401635781857,15.258536875820104,72.4616104805145,0.77700547469993,0.5976239735305904,0.1793815011693396,11.638467306321942,15.75577507019043,18.468167271728866,13.04338286865199,0.5092086453014496,32.76280123012851,0.0,0.0,0.0,0.0,0.0
2021-06-11 04:00:00,17.78451156616211,17.898251342387297,17.403883229039902,17.439550960234815,416308000,17.110056686401368,15.96345591545105,15.246922473907471,13.766552476882934,17.029720140640688,16.342221629151403,15.35759470681391,75.40072929203183,0.8060241207690453,0.6393040029782814,0.1667201177907639,13.941867713285871,15.96345591545105,18.626422909646976,13.300488921255123,0.5024304583493777,32.18689212199794,0.0,0.0,0.0,0.0,0.0
2021-06-14 04:00:00,17.977569580078125,17.9982722041519,17.62238417950147,17.865078154683058,321376000,17.287447929382324,16.151974773406984,15.33093334197998,13.792795715332032,17.202056402356586,16.497969053049186,15.460338819490937,76.69568043835024,0.8349747064544566,0.6784381436735164,0.1565365627809402,14.79540208158243,16.151974773406984,18.82525475967632,13.47869478713765,0.47561135046924424,30.351190064639628,0.0,0.0,0.0,0.0,0.0
2021-06-15 04:00:00,17.747840881347656,17.975071092450634,17.687479972305677,17.874052822783106,243032000,17.43987121582031,16.332872581481933,15.4068434715271,13.818611555099487,17.301289943991325,16.61700446526809,15.550044782701004,71.84879512005357,0.8298154719052206,0.7087136093198573,0.12110186258536337,14.879735597022513,16.332872581481933,18.918215196021855,13.747529966942013,0.4723924145016146,31.015176179259672,0.0,0.0,0.0,0.0,0.0
2021-06-16 04:00:00,17.769540786743164,17.91371123664021,17.544306809592758,17.75008652975666,307124000,17.543218421936036,16.522324085235596,15.48570125579834,13.841947383880616,17.386426460855294,16.726769829218096,15.637083841683049,72.02861309850982,0.8180477965844624,0.7305804467727783,0.08746734981168403,9.663766777789773,16.522324085235596,18.93114798625644,14.113500184214749,0.48399431186175956,30.165737901089134,0.0,0.0,0.0,0.0,0.0
2021-06-17 04:00:00,18.61461067199707,18.79195408152908,17.715670721948143,17.73387852672111,809656000,17.711970710754393,16.751535177230835,15.575834674835205,13.86837872028351,17.609732681062887,16.906564195197046,15.753849599734579,77.93862299568649,0.8669186082299376,0.7578480790642101,0.10907052916572746,14.737798475706644,16.751535177230835,19.030903609865064,14.472166744596606,0.5402094896679134,32.44522468748195,0.0,0.0,0.0,0.0,0.0
2021-06-18 04:00:00,18.596147537231445,19.330714616540423,18.54152223766029,18.74106585941373,968856000,17.818179893493653,16.952554321289064,15.662137489318848,13.892472338676452,17.789080836729898,17.067476894438418,15.865312263950143,77.5530818214107,0.893855448674806,0.7850495529863294,0.10880589568847665,11.114192001385836,16.952554321289064,19.130876496381276,14.774232146196852,0.5403293930650587,31.53541463838176,0.0,0.0,0.0,0.0,0.0
2021-06-21 04:00:00,18.385133743286133,18.494135068349298,17.78201553321056,18.39311488047978,672384000,17.899222755432127,17.124108028411865,15.742564220428466,13.912891654968261,17.897454092467395,17.192968022900104,15.964128792551556,73.10227234584247,0.8879404147636123,0.805627725341786,0.08231268942182635,8.613684634322706,17.124108028411865,19.176518923045077,15.07169713377865,0.563925876320271,32.18791842366714,0.0,0.0,0.0,0.0,0.0
2021-06-22 04:00:00,18.843584060668945,18.920409647101682,18.343978923682204,18.429284231032042,580144000,18.042269897460937,17.287649726867677,15.81602066040039,13.942237238883973,18.069477723049495,17.35016955030666,16.077048606987532,76.28648453325934,0.9097586851399271,0.8264539173014142,0.08330476783851293,7.4684851725163925,17.287649726867677,19.3408281827985,15.234471270936853,0.5564185911711179,30.591078036430147,0.0,0.0,0.0,0.0,0.0
2021-06-23 04:00:00,19.013694763183594,19.108977447011597,18.86453654386818,18.964308379906097,332356000,18.211781311035157,17.457914066314697,15.883492908477784,13.974392194747924,18.24115354852842,17.508600522961608,16.19221120134816,77.35759204020091,0.9300552358047014,0.8471741810020716,0.08288105480262975,8.18784513957631,17.457914066314697,19.48942390744555,15.426404225183845,0.5272108944184425,30.466350100194266,0.0,0.0,0.0,0.0,0.0
2021-06-24 04:00:00,19.161603927612305,19.375614096798248,19.044621470468723,19.183804200008918,320924000,18.389423751831053,17.632967710494995,15.961953182220459,14.010823011398315,18.408508162907307,17.666029418642626,16.308657974927147,78.27638436835826,0.9471571933363236,0.8671707834689221,0.07998640986740158,10.041233427599327,17.632967710494995,19.61512501277661,15.65081040821338,0.5038116830088695,30.37654169517287,0.0,0.0,0.0,0.0,0.0
2021-06-25 04:00:00,18.987506866455078,19.30128891794506,18.851319416019447,19.236436935503985,278364000,18.509723281860353,17.80988998413086,16.019769649505616,14.04238597869873,18.513780654461446,17.791884413672385,16.413710872634127,74.44705006105666,0.9358742640925861,0.8809114795936549,0.054962784498931216,9.636622509175186,17.80988998413086,19.592956571940924,16.026823396320793,0.4917958607693415,29.95476397141818,0.0,0.0,0.0,0.0,0.0
2021-06-28 04:00:00,19.939321517944336,20.032857236494127,19.274843407992705,19.31699651878365,495436000,18.705898475646972,17.99667320251465,16.101106185913086,14.080717921257019,18.772969902367425,17.996402233126858,16.551970113626684,80.16121962989159,0.9922973627914509,0.9031886562332142,0.08910870655823666,14.69149050433245,17.99667320251465,19.852448597040603,16.140897807988697,0.5400659514254826,30.17529952023084,0.0,0.0,0.0,0.0,0.0
2021-06-29 04:00:00,19.980981826782227,20.052815878812567,19.612075871754318,19.8370606251026,367632000,18.92921257019043,18.18454189300537,16.194263248443605,14.119992089271545,18.99260843407921,18.185409813474987,16.68644116120141,80.36815181778847,1.0285185916760184,0.9282546433217751,0.10026394835424335,12.35046716042094,18.18454189300537,20.045292373334725,16.323791412676016,0.5487959147630433,30.14150052913588,0.0,0.0,0.0,0.0,0.0
2021-06-30 04:00:00,19.956785202026367,20.116419372850345,19.81835223637548,19.953542508047825,326568000,19.14793701171875,18.345577716827393,16.290736770629884,14.155617690086364,19.16791330097869,18.35411223143226,16.814689947116115,79.84720929407841,1.0432458226828203,0.9512528791939843,0.09199294348883602,11.009361488671487,18.345577716827393,20.2357453374241,16.455410096230686,0.5475665773972018,29.356248363534405,0.0,0.0,0.0,0.0,0.0
2021-07-01 04:00:00,20.165807723999023,20.409249572834405,19.973248011353004,20.0790066589229,480136000,19.303056716918945,18.50751371383667,16.387615299224855,14.191696529388429,19.34934865061875,18.52665465929576,16.94610633052329,80.99334115458626,1.0595695715471294,0.9729162176646133,0.08665335388251605,13.62400563999062,18.50751371383667,20.440449468897867,16.57457795877547,0.5432374736882062,29.34788605758817,0.0,0.0,0.0,0.0,0.0
2021-07-02 04:00:00,20.4401798248291,20.458389533263087,20.24138590886631,20.39353754729571,342764000,19.48745994567871,18.652819919586182,16.50016056060791,14.231522216796876,19.54768159138427,18.708895151251316,17.083128820496064,82.40768176575448,1.082171199680289,0.9947672140677485,0.08740398561254048,15.029308129776474,18.652819919586182,20.71053674068037,16.595103098491993,0.5372870297320372,27.6562367496743,0.0,0.0,0.0,0.0,0.0
2021-07-06 04:00:00,20.65118980407715,20.79436118669734,20.303736350858006,20.690100221574788,446708000,19.714065551757812,18.80664415359497,16.608646907806396,14.272657136917115,19.748319448237517,18.893875594377587,17.2230527806365,83.42896365762368,1.1043792975630353,1.0166896307668059,0.08768966679622947,10.94075598983013,18.80664415359497,20.98163868393604,16.6316496232539,0.5516109745939577,27.590209525842035,0.0,0.0,0.0,0.0,0.0
2021-07-07 04:00:00,20.3251895904541,20.827289518235947,20.285531292892728,20.805839022549197,418428000,19.86222610473633,18.95224800109863,16.706368961334228,14.313528985977173,19.85320492864053,19.03019121305154,17.344705204550916,76.08051635999817,1.0831875703438207,1.0299892186822088,0.05319835166161191,9.297850803565266,18.95224800109863,21.124338737336636,16.780157264860627,0.5639219601865124,28.234297994054145,0.0,0.0,0.0,0.0,0.0
2021-07-08 04:00:00,19.857263565063477,20.086986749821186,19.655725557948074,19.81111987540912,503300000,19.946582984924316,19.079182147979736,16.79665267944336,14.350426373481751,19.85394286253561,19.108960008481247,17.44323690496317,66.96334949926766,1.0169129151369987,1.0273739579731669,-0.010461042836168222,8.00717493999703,19.079182147979736,21.143328961455737,17.015035334503736,0.5348634368240189,29.973677159516544,0.0,0.0,0.0,0.0,0.0
2021-07-09 04:00:00,20.00442123413086,20.03435334968637,19.709098258675084,19.916872317591555,296624000,20.030864715576172,19.210144233703613,16.891974296569824,14.387458968162537,19.88130256646202,19.194242029971686,17.543675506107004,68.2518804120516,0.9651386498705072,1.014926896352635,-0.04978824648212776,6.160384190844348,19.210144233703613,21.150395759711838,17.269892707695387,0.5017250591191011,29.950152928746487,0.0,0.0,0.0,0.0,0.0
2021-07-12 04:00:00,20.465621948242188,20.48582408605355,20.141613226484793,20.193743724149126,321984000,20.178676223754884,19.34419975280762,16.995562286376952,14.429359450340272,19.987542454058413,19.315325831711736,17.658261641092697,71.94505628126949,0.9503669759313347,1.002014912268375,-0.051647936337040345,7.636218016237306,19.34419975280762,21.23968547418485,17.448714031430388,0.4779586911120874,29.956118563744234,0.0,0.0,0.0,0.0,0.0
2021-07-13 04:00:00,20.203718185424805,20.41448567344241,20.068029336079224,20.353873559779505,290708000,20.20511589050293,19.45550718307495,17.100201358795164,14.468832697868347,20.026847132488665,19.399934627303455,17.758083466360624,67.16676250231293,0.9070707263704101,0.9830260750887821,-0.07595534871837206,5.438554422423847,19.45550718307495,21.272932840489034,17.638081525660866,0.4651845403080507,30.74086412861944,0.0,0.0,0.0,0.0,0.0
2021-07-14 04:00:00,19.7961483001709,20.371081261605372,19.707602218648773,20.31121893436614,380100000,20.186632537841795,19.557922554016113,17.200135345458985,14.503647632598877,19.98490189024907,19.437669262814637,17.83800757749044,60.43950820006951,0.8302994775902235,0.9524807555890704,-0.12218127799884693,4.258807854044466,19.557922554016113,21.19174629665689,17.924098811375334,0.4936192300661898,31.444892910232735,0.0,0.0,0.0,0.0,0.0
2021-07-15 04:00:00,18.922901153564453,19.801638809987963,18.815397482477785,19.766469664881527,550564000,20.083244132995606,19.615590572357178,17.29229000091553,14.533292617797851,19.791810847215505,19.388643728600336,17.88055242361099,49.093837339132925,0.6910282199552,0.9001902484622963,-0.2091620285070963,-5.097567454665686,19.615590572357178,21.053277745072915,18.17790339964144,0.5382136582015844,36.07074606450705,0.0,0.0,0.0,0.0,0.0
2021-07-16 04:00:00,18.119491577148438,19.113215466883993,18.03169335944509,18.9870054099986,688224000,19.878612518310547,19.590834617614746,17.366236839294434,14.557969808578491,19.4877527981124,19.267772095128727,17.889922586494812,41.39475315926929,0.5099479439748578,0.8221417875648087,-0.31219384358995095,-9.31631020823348,19.590834617614746,21.115514409912443,18.06615482531705,0.5833245585953907,35.601857118794356,0.0,0.0,0.0,0.0,0.0
2021-07-19 04:00:00,18.736827850341797,18.998477447310524,17.824666134451522,17.8743037047261,749060000,19.708277320861818,19.597868633270263,17.451243648529054,14.584214730262756,19.351220989426835,19.21720597657759,17.923134557626067,48.12649094897819,0.4115107587296194,0.7400155817977709,-0.32850482306815154,-6.112995351379036,19.597868633270263,21.104416856062052,18.091320410478474,0.5925003402253873,37.72887852769612,0.0,0.0,0.0,0.0,0.0
2021-07-20 04:00:00,18.569467544555664,18.794950924006848,18.122491355636242,18.68719792250743,434687000,19.500105094909667,19.60708532333374,17.52713274002075,14.609204182624817,19.209083999450257,19.15551660209931,17.94848094927037,46.564908935830346,0.316347346936535,0.6552819348255238,-0.3389345878889888,-7.91607358996872,19.60708532333374,21.08436588247335,18.129804764194134,0.6090517374619842,37.63669100577186,0.0,0.0,0.0,0.0,0.0
2021-07-21 04:00:00,19.365636825561523,19.482369991726237,18.699164320803426,18.838843731264284,371017000,19.40414981842041,19.63318796157837,17.629847793579103,14.640927028656005,19.237548149652305,19.175528051952853,18.00405568951708,54.18147697512215,0.30169609974941736,0.5845647678103025,-0.2828686680608852,-5.25701343371896,19.63318796157837,21.071603466586378,18.19477245657036,0.6529685453688204,39.64951802219569,0.0,0.0,0.0,0.0,0.0
2021-07-22 04:00:00,19.54921531677246,19.84154489775066,19.23194135404066,19.597105941674148,323826000,19.37334499359131,19.65996398925781,17.735426483154296,14.670675673484801,19.294214907310515,19.211117315269007,18.064650184703567,55.747756003697354,0.3014235082350325,0.5279365158952485,-0.22651300766021598,-5.3361307399689135,19.65996398925781,21.06947129422033,18.25045668429529,0.6641927720046746,39.660978109283185,0.0,0.0,0.0,0.0,0.0
2021-07-23 04:00:00,19.513296127319336,19.654971750636307,19.205999570900207,19.611071698865306,195672000,19.324232482910155,19.677548599243163,17.85121421813965,14.699776191711425,19.334047856403025,19.239896249749993,18.12145982951203,55.34907291551396,0.29490956520345435,0.4813311257568897,-0.18642156055343534,-3.994518523537305,19.677548599243163,21.069543823338375,18.285553375147952,0.6753635127526773,39.61188812921473,0.0,0.0,0.0,0.0,0.0
2021-07-26 04:00:00,19.24990463256836,19.397565194519427,18.87077204812226,19.266865977371694,203943000,19.202660751342773,19.690668487548827,17.963594417572022,14.726425833702088,19.318749088433087,19.240849429066028,18.16571256688679,52.39030273237153,0.2654339684868603,0.43815169430288387,-0.17271772581602357,-3.058623513280523,19.690668487548827,21.060041758209884,18.32129521688777,0.6862134587068017,39.79446146368586,0.0,0.0,0.0,0.0,0.0
2021-07-27 04:00:00,19.164098739624023,19.577152067527226,18.698165146922616,19.220967669853962,248863000,19.098698806762695,19.65190734863281,18.062732543945312,14.75327073097229,19.290630843195075,19.233539839595363,18.20486496581766,51.425846806361875,0.23247074918927169,0.39701550528016144,-0.16454475609088975,-4.200683862190957,19.65190734863281,21.035458754141793,18.26835594312383,0.7103012226540439,35.31914248740401,0.0,0.0,0.0,0.0,0.0
2021-07-28 04:00:00,19.45842933654785,19.601102183245256,18.95159086611591,19.27484982328238,202191000,19.06492691040039,19.625779724121095,18.169303436279296,14.781966075897216,19.321139660168306,19.25495788692417,18.254024352905116,54.51875348473756,0.22747498967438418,0.363107402159006,-0.13563241248462182,-4.921387750841577,19.625779724121095,21.00288649361219,18.24867295463,0.7088760286985666,35.82070167009238,0.0,0.0,0.0,0.0,0.0
2021-07-29 04:00:00,19.617063522338867,19.80762698019667,19.283825335460097,19.4743887933179,190781000,19.134343147277832,19.608793640136717,18.282034492492677,14.809145655632019,19.374943998744772,19.289444137916046,18.307476869353497,56.13973796258331,0.23362320442326379,0.3372105626118576,-0.10358735818859383,-2.9036965260639813,19.608793640136717,20.97706187438368,18.240525405889755,0.72305792539323,35.97010087511428,0.0,0.0,0.0,0.0,0.0
2021-07-30 04:00:00,19.454439163208008,19.585138401380597,19.218978436987207,19.37362299502884,183497000,19.267837905883788,19.573225212097167,18.39051549911499,14.83540120601654,19.389397665010815,19.305157949848613,18.35245578283799,54.01439269512071,0.22280492574116906,0.3143294352377199,-0.09152450949655083,-1.726139508461555,19.573225212097167,20.91729669104674,18.229153733147594,0.717106656352442,35.81934590959238,0.0,0.0,0.0,0.0,0.0
2021-08-02 04:00:00,19.704866409301758,19.915384664079596,19.31675543054081,19.654981432752642,217444000,19.364641761779787,19.536459541320802,18.493097534179686,14.86367148399353,19.44675561851826,19.343225422177486,18.40549149367971,56.73093977890486,0.23176708115451206,0.2978169644210783,-0.06604988326656624,4.132375101425767,19.536459541320802,20.819522774025096,18.25339630861651,0.7314664150221437,35.77911242949089,0.0,0.0,0.0,0.0,0.0
2021-08-03 04:00:00,19.76971435546875,20.175783766568422,19.17607297987363,19.694885002968523,301811000,19.484666442871095,19.49238576889038,18.58941062927246,14.892890276908874,19.505475388872892,19.383843415824273,18.45899042943614,57.43219466745548,0.24132054812524828,0.28651768116191234,-0.04519713303666406,9.1074452685058,19.49238576889038,20.670486629741117,18.314284908039642,0.7554829681463003,35.55497233396965,0.0,0.0,0.0,0.0,0.0
2021-08-04 04:00:00,20.2276668548584,20.271566923364023,19.782685073295433,19.944315500211438,231309000,19.57086944580078,19.487509632110594,18.682508964538574,14.925188851356506,19.636782928142985,19.464207552875145,18.528350289256625,62.103195278721024,0.28258718974166186,0.28573158287786227,-0.0031443931362004074,7.956731077557544,19.487509632110594,20.651823599359815,18.323195664861373,0.7208837710309499,36.22505509202099,0.0,0.0,0.0,0.0,0.0
2021-08-05 04:00:00,20.589834213256836,20.685615479502886,20.295508346135612,20.45314818824978,211435000,19.67493133544922,19.524138164520263,18.78213748931885,14.960862050056457,19.810064979981867,19.571410091959116,18.609192796080162,65.34214290892089,0.3405890806838343,0.2967030824390567,0.043885998244777624,10.880046311793778,19.524138164520263,20.779928696970522,18.268347632070004,0.6763428079742059,35.6831264591729,0.0,0.0,0.0,0.0,0.0
2021-08-06 04:00:00,20.3194522857666,20.522986511252395,20.163808690158564,20.47709211719844,178497000,19.755546951293944,19.53988971710205,18.875315914154054,14.994446921348572,19.90268085376091,19.642652205655065,18.67626179567571,61.1408239223713,0.3605818718993241,0.30947884033111017,0.05110303156821394,4.925298707172376,19.53988971710205,20.828519126728715,18.251260307475384,0.6229295372770108,36.01759462224724,0.0,0.0,0.0,0.0,0.0
2021-08-09 04:00:00,20.248615264892578,20.461127792585444,20.096962239032255,20.399269221353503,146443000,19.855418014526368,19.52903938293457,18.971306991577148,15.028279452323913,19.965578019421212,19.700362973201496,18.737922716037154,60.05143492479242,0.3664857280594056,0.3208802178767693,0.04560551018263631,3.577636937274198,19.52903938293457,20.788165603038145,18.269913162830996,0.600908536218624,35.084745304371886,0.0,0.0,0.0,0.0,0.0
2021-08-10 04:00:00,19.89043617248535,20.383306595035517,19.78966527712816,20.27555363193905,179238000,19.9280517578125,19.513375282287598,19.045042572021483,15.061137261390686,19.951915865432873,19.7184651826571,18.783119322172375,54.74034276866299,0.33836208972431336,0.32437659224627813,0.013985497478035236,1.93273367403064,19.513375282287598,20.744647910459882,18.282102654115313,0.5781041698426799,35.35775606719308,0.0,0.0,0.0,0.0,0.0
2021-08-11 04:00:00,19.653974533081055,20.003174938775825,19.385590269145975,19.997188135018266,185925000,19.94760627746582,19.506266593933105,19.11364990234375,15.091670117378236,19.897744714096177,19.712323216030807,18.817270506913893,51.50195176992741,0.2936088851534677,0.31822305082771607,-0.024614165674248345,2.0990748173840945,19.506266593933105,20.7322957215933,18.28023746627291,0.5786742502655263,34.86664957100621,0.0,0.0,0.0,0.0,0.0
2021-08-12 04:00:00,19.859508514404297,19.983223761879053,19.57516002402308,19.824588657900602,151652000,19.971850776672362,19.553096961975097,19.176118698120117,15.125468554496765,19.89079267778856,19.726340863494947,18.858142585639005,54.04670708778026,0.2715957360920811,0.30889758788058913,-0.037301851788508034,3.6287110822615043,19.553096961975097,20.756649003473928,18.349544920476266,0.5757522187026601,30.89088377096966,0.0,0.0,0.0,0.0,0.0
2021-08-13 04:00:00,20.141862869262695,20.16780442422177,19.8056331423008,19.859510585376018,183063000,20.040593147277832,19.65421552658081,19.2404141998291,15.159405317306518,19.93644180351113,19.765914387853783,18.90848455754582,57.356990342663806,0.2737778529005901,0.30187364088458934,-0.028095787983999254,3.51227491640953,19.65421552658081,20.676851420610788,18.63157963255083,0.5557270188972241,26.10782196543347,0.0,0.0,0.0,0.0,0.0
2021-08-16 04:00:00,19.904401779174805,20.240631404089072,19.40853610963206,20.088978398634914,210876000,20.060546684265137,19.71259422302246,19.28782112121582,15.195991377830506,19.930616344540887,19.77910366321769,18.947540134864603,53.844064320423314,0.25342474802388537,0.2921838623124486,-0.03875911428856321,1.4647363327785046,19.71259422302246,20.643955014028386,18.781233432016535,0.5523776170295385,24.45863660243059,0.0,0.0,0.0,0.0,0.0
2021-08-17 04:00:00,19.413530349731445,19.7248175706279,19.22296688145729,19.640010842343834,204585000,20.024928283691406,19.75479736328125,19.324597625732423,15.228144345283509,19.836600709120987,19.74428715717138,18.965814260937815,47.38350899113288,0.1954327170905401,0.27283363326806687,-0.07740091617752676,-0.21028009665746694,19.75479736328125,20.531752944303996,18.9778417822585,0.5546578727858363,26.072265543292378,0.0,0.0,0.0,0.0,0.0
2021-08-18 04:00:00,18.996482849121094,19.58912505820869,18.95657336019115,19.45543055388039,285913000,19.901809883117675,19.73633966445923,19.356265029907227,15.260654339790344,19.683852007302825,19.673067699261832,18.967016950670494,42.69619895583991,0.11450146526113514,0.24116719966668054,-0.1266657344055454,-3.594967585500952,19.73633966445923,20.567846366149848,18.904832962768612,0.5624257337344769,22.579769392370448,0.0,0.0,0.0,0.0,0.0
2021-08-19 04:00:00,19.75274658203125,20.44815389996897,18.719113441166662,19.449440604776612,766555000,19.818101119995116,19.746516227722168,19.404948348999024,15.296712636947632,19.696378293617084,19.68065616428749,18.997829877390522,51.97400460044446,0.11011766015387536,0.21495729176411954,-0.10483963161024418,-0.08582710469363652,19.746516227722168,20.57334893436692,18.919683521077417,0.6574939746952373,26.62702135446503,0.0,0.0,0.0,0.0,0.0
2021-08-20 04:00:00,20.768423080444336,20.8173108732515,19.88744183759088,19.94530793349124,675741000,19.86299819946289,19.80927257537842,19.472613220214843,15.335662498474122,19.891295527585672,19.784253013445284,19.06726490496126,61.08635762152855,0.18645077955688194,0.20925598932267203,-0.02280520976579009,2.6733494745888375,19.80927257537842,20.74493821062692,18.873606940129918,0.6907750502439133,32.11260629755668,0.0,0.0,0.0,0.0,0.0
2021-08-23 04:00:00,21.907812118530273,21.946722537110478,20.902116621288442,20.9230685315231,575807000,20.02891788482666,19.942167949676513,19.55507923126221,15.376447777748108,20.257934907757416,19.986496737739095,19.178658913336516,68.34285745906023,0.33502256811530273,0.23440930508119817,0.10061326303410456,6.401109846843034,19.942167949676513,21.2314954339599,18.652840465393126,0.7035313838132955,36.265267580301725,0.0,0.0,0.0,0.0,0.0
2021-08-24 04:00:00,21.743188858032227,21.9088098112893,21.485779125252666,21.703281272193063,297299000,20.21419315338135,20.071122455596925,19.63039161682129,15.414586935043335,20.527981080534655,20.153800749195582,19.27922871508929,66.41577457544562,0.434474705685556,0.27442238520206974,0.16005232048348628,7.006766482888538,20.071122455596925,21.536651624835248,18.6055932863586,0.6979012493948211,36.406320255574336,0.0,0.0,0.0,0.0,0.0
2021-08-25 04:00:00,22.162235260009766,22.41864789917261,21.672358134566363,21.68732324562584,347701000,20.46501922607422,20.20631275177002,19.71867950439453,15.452817664146423,20.82511820407558,20.34508022641598,19.392287795282247,68.82547320892424,0.5408699713962335,0.32771190244090254,0.21315806895533096,9.450621536748027,20.20631275177002,21.912880027852665,18.499745475687376,0.7184970451063754,36.55770805878079,0.0,0.0,0.0,0.0,0.0
2021-08-26 04:00:00,22.017562866210938,22.288940552177326,21.74019837604241,22.14926114072246,237940000,20.68082466125488,20.32633771896362,19.803639945983885,15.494966588020326,21.041926324463823,20.504364287348835,19.49523975884808,67.03712930623053,0.6065235074602917,0.3834742234447804,0.22304928401551133,10.694218443877368,20.32633771896362,22.188936855976888,18.463738581950356,0.7272625203232784,36.85451001312374,0.0,0.0,0.0,0.0,0.0
2021-08-27 04:00:00,22.584270477294922,22.670074386209567,22.116342402444502,22.133303750892157,304722000,20.925065422058104,20.482829284667968,19.883033142089843,15.544239239692688,21.322352534069477,20.702450591153223,19.616378218395013,70.29334825002337,0.696256959021909,0.4460307705602061,0.25022618846170286,14.909431877413247,20.482829284667968,22.551509000235217,18.41414956910072,0.747858660783667,37.078327052600805,0.0,0.0,0.0,0.0,0.0
2021-08-30 04:00:00,22.63614273071289,22.99033086561592,22.49945673354071,22.77781836527192,262580000,21.198239517211913,20.629393100738525,19.963833045959472,15.590541467666625,21.561223478913732,20.886611747301764,19.73480035613297,70.57982839396881,0.7627643505861776,0.5093774865654005,0.25338686402077715,13.981384354475201,20.629393100738525,22.873882652575183,18.384903548901868,0.7405181475099424,37.07427717581076,0.0,0.0,0.0,0.0,0.0
2021-08-31 04:00:00,22.337779998779297,22.647125533698055,22.073339614358837,22.647125533698055,259850000,21.4906644821167,20.757796382904054,20.042885971069335,15.63515874862671,21.70241557343474,21.024818247442482,19.83687798917792,66.60134141413054,0.7823777944143515,0.5639775481351907,0.21840024627916077,10.902254393101153,20.757796382904054,23.087423576722834,18.428169189085274,0.7373896653463259,37.76011144215163,0.0,0.0,0.0,0.0,0.0
2021-09-01 04:00:00,22.393659591674805,22.649120064789688,22.309837159244136,22.43756739580158,201767000,21.83038215637207,20.866096019744873,20.113887481689453,15.680851669311524,21.828096304023845,21.15518408975032,19.93714393437388,66.97678957103696,0.7932860977652467,0.609839258061202,0.18344683970404474,12.506066949997031,20.866096019744873,23.29137770668837,18.440814332801377,0.7324767487527245,37.251554828898506,0.0,0.0,0.0,0.0,0.0
2021-09-02 04:00:00,22.348756790161133,22.545341732077258,22.247970011545803,22.470499179082864,187834000,22.089983177185058,20.954042148590087,20.180588722229004,15.725232262611389,21.922761846957897,21.268857680265636,20.031716987542005,66.33151322549448,0.789210202004714,0.6457134468499044,0.14349675515480964,15.119488251503377,20.954042148590087,23.463255924915956,18.44482837226422,0.7278482086534732,37.03179838268494,0.0,0.0,0.0,0.0,0.0
2021-09-03 04:00:00,22.794815063476562,22.93751306703993,22.15317176699286,22.277908090222944,280532000,22.292622375488282,21.077810287475586,20.25325294494629,15.772306661605835,22.081316977234017,21.41418695485715,20.140073774833557,69.47741773578268,0.8126059840863853,0.6790919542972006,0.1335140297891847,19.994923505175088,21.077810287475586,23.697014667226668,18.458605907724504,0.7244372090527632,36.82086595714661,0.0,0.0,0.0,0.0,0.0
2021-09-07 04:00:00,22.614192962646484,22.850692500855242,22.474487011995723,22.78483174949806,198107000,22.3632604598999,21.19608917236328,20.325786666870115,15.818445563316345,22.178203520036284,21.52847324131328,20.237098056708575,66.7573182139887,0.8072669450917189,0.7047269524561043,0.10253999263561464,14.486321528664003,21.19608917236328,23.87069527088529,18.52148307384127,0.7026351084200491,37.00597759822307,0.0,0.0,0.0,0.0,0.0
2021-09-08 04:00:00,22.291872024536133,22.562300203414004,21.9306343212819,22.465504722881544,254434000,22.418128776550294,21.31616096496582,20.372837677001954,15.862915539741516,22.198870520854435,21.601177887334504,20.317677427995932,62.086023351246084,0.7681721024393262,0.7174159824527487,0.050756119986577475,7.33540981032057,21.31616096496582,23.95939961086747,18.67292231906417,0.7062784615162665,36.735903290763176,0.0,0.0,0.0,0.0,0.0
2021-09-09 04:00:00,22.130218505859375,22.490457050966747,22.084316013138185,22.26493395688202,196856000,22.414927101135255,21.439973163604737,20.415822410583495,15.908334193229676,22.186388336309875,21.651562708146397,20.388757470265087,59.82501310902758,0.7158927045415631,0.7171113268705116,-0.0012186223289485376,1.0151921429935262,21.439973163604737,23.98556219878121,18.894384128428264,0.6117856457324277,36.472962906202625,0.0,0.0,0.0,0.0,0.0
2021-09-10 04:00:00,22.430587768554688,22.57827440431129,22.223026320471988,22.30086091184027,248376000,22.456229591369627,21.568527126312254,20.465298461914063,15.954994249343873,22.230788233081658,21.725755571042423,20.468829246668605,62.55381070493815,0.6907358216795068,0.7118362258323107,-0.021100404152803898,3.1614447862762685,21.568527126312254,24.036555879777044,19.100498372847465,0.5677493319632608,36.53792916439703,0.0,0.0,0.0,0.0,0.0
2021-09-13 04:00:00,22.105274200439453,22.915561685811408,21.811893723783985,22.636151617409755,297500000,22.408329963684082,21.666697692871093,20.50408779144287,16.000936136245727,22.207967499873984,21.761900202413567,20.53300355858119,57.96193790272657,0.6372034399672266,0.6969096686592938,-0.05970622869206721,-0.2570185674054981,21.666697692871093,24.050547541292286,19.2828478444499,0.5624185109176381,37.135410781863264,0.0,0.0,0.0,0.0,0.0
2021-09-14 04:00:00,22.195085525512695,22.36273043221685,22.039414439290784,22.228014959332956,199755000,22.364224243164063,21.78123188018799,20.53918590545654,16.045946440696717,22.205625322717385,21.80315594747063,20.598183243558893,58.85981304643361,0.5951649737886129,0.6765607296851577,-0.0813957558965448,0.8062775175457393,21.78123188018799,24.024545251408078,19.5379185089679,0.5552960328383119,36.61216745319963,0.0,0.0,0.0,0.0,0.0
2021-09-15 04:00:00,22.293869018554688,22.31981514344312,21.919660118755335,22.261936936889985,166538000,22.3598331451416,21.92524881362915,20.572039489746093,16.091318593025207,22.22166963105144,21.84989052566911,20.664680724931277,59.87495494492667,0.56332651142651,0.6539138860334281,-0.09058737460691813,-1.285857159000059,21.92524881362915,23.879791670024083,19.970705957234216,0.530572122844136,34.82385521829446,0.0,0.0,0.0,0.0,0.0
2021-09-16 04:00:00,22.195085525512695,22.230011547742727,21.88074942211695,22.13620995899272,156033000,22.33997573852539,22.085178947448732,20.609437408447267,16.13549777984619,22.216836157317122,21.88276623993993,20.724696599463883,58.32506657767693,0.5240820071516943,0.6279475102570814,-0.10386550310538711,-1.9484644996594969,22.085178947448732,23.471557665753487,20.698800229143977,0.5208847957229091,33.46280974145524,0.0,0.0,0.0,0.0,0.0
2021-09-17 04:00:00,21.853801727294922,22.27391315880688,21.783949696322043,22.252957549515017,294503000,22.29048023223877,22.190231704711913,20.649368171691894,16.17802785873413,22.150829897313084,21.88000771492612,20.768975231927847,53.20125584486521,0.46013752551557374,0.5943855133087799,-0.13424798779320612,-2.166635500532388,22.190231704711913,23.051355976908233,21.329107432515592,0.5092742201862096,32.219379259869434,0.0,0.0,0.0,0.0,0.0
2021-09-20 04:00:00,21.06846046447754,21.38778508160045,20.618411689847797,21.101389887747473,349440000,22.117844772338866,22.205233573913574,20.670648956298827,16.215861167907715,21.954035454979348,21.802717500597684,20.780719750851365,43.68983013109209,0.34214653431647335,0.5439377175103186,-0.20179118319384526,-5.917742572499984,22.205233573913574,22.966758517358425,21.443708630468723,0.562453927712775,30.494927181813857,0.0,0.0,0.0,0.0,0.0
2021-09-21 04:00:00,21.201183319091797,21.379804680314123,20.90580818268113,21.37182213437268,204688000,21.976543807983397,22.16990213394165,20.68536018371582,16.255078530311586,21.817153248454336,21.745428530930457,20.79720851823334,45.464331576915555,0.25639192238536523,0.48642855848532796,-0.23003663609996272,-5.134842541105222,22.16990213394165,23.0464158401601,21.2933884277232,0.5553261118766161,23.061750185345105,0.0,0.0,0.0,0.0,0.0
2021-09-22 04:00:00,21.894716262817383,21.91367528465587,21.15128697509486,21.320928442562238,268726000,21.936828231811525,22.177478504180907,20.71918014526367,16.296954622268675,21.83125561470216,21.759646410157785,20.840248037628793,53.67873448785219,0.24160798065807398,0.4374644429198772,-0.1958564622618032,-3.9486997290948844,22.177478504180907,23.040985104619622,21.313971903742193,0.5855479264491488,25.922099212483275,0.0,0.0,0.0,0.0,0.0
2021-09-23 04:00:00,22.4345703125,22.48745799648261,21.843818289365494,22.093290867008587,248555000,21.967263412475585,22.19109525680542,20.771948585510255,16.341288180351256,21.94094919611995,21.82392487704752,20.902770479780607,58.87185534897696,0.2703370333460384,0.40403896100510944,-0.13370192765907102,-0.7942916664909538,22.19109525680542,23.06214578469229,21.320044728918546,0.6102813540624104,26.503909927367005,0.0,0.0,0.0,0.0,0.0
2021-09-24 04:00:00,22.0344181060791,22.102275447550486,21.81488289522603,22.023441631035194,217655000,21.927646446228028,22.19193801879883,20.834178924560547,16.384901061058045,21.957943543385248,21.843971851241005,20.947148818066825,54.036087471981574,0.25784381276490365,0.37479993135706835,-0.1169561185921647,-1.154922826461846,22.19193801879883,23.062313967715006,21.321562069882653,0.5985203624357602,27.209952099223024,0.0,0.0,0.0,0.0,0.0
2021-09-27 04:00:00,21.614309310913086,21.753016037420434,21.280016887936462,21.664203077429683,245215000,21.87854995727539,22.143439960479736,20.90407527923584,16.428503665924072,21.895464592026674,21.82209922835263,20.973311974649032,49.44417018153113,0.21160433363236564,0.3421608118121278,-0.13055647817976218,-2.3312431136172096,22.143439960479736,23.029718023310966,21.257161897648505,0.6255343430988403,26.258837292652476,0.0,0.0,0.0,0.0,0.0
2021-09-28 04:00:00,20.655332565307617,21.37381486341932,20.607433491656852,21.169247409834707,343069000,21.724574661254884,22.044399452209472,20.942445373535158,16.467104473114013,21.669986041714118,21.710978593776915,20.960842193890546,40.90008845608925,0.09646580664396254,0.29302181077849476,-0.19655600413453223,-7.9144390756259675,22.044399452209472,23.121099965357935,20.96769893906101,0.6486284272339581,30.165191644543203,0.0,0.0,0.0,0.0,0.0
2021-09-29 04:00:00,20.473718643188477,20.972663870201263,20.423822978492204,20.895826640226495,218394000,21.54255962371826,21.95119638442993,20.980530395507813,16.50459279537201,21.45248287834582,21.593144312768494,20.94173930954929,39.50770811579076,-0.009329486711372681,0.23255155128052127,-0.24188103799189395,-7.380842881462835,21.95119638442993,23.225544828737483,20.67684794012238,0.6588212739397079,30.035629890545025,0.0,0.0,0.0,0.0,0.0
2021-09-30 04:00:00,20.672298431396484,21.02156047404019,20.64435762025099,20.72418878114169,221009000,21.39028091430664,21.865128326416016,21.006663627624512,16.54160074710846,21.310631160718664,21.505444705018782,20.931173000602122,41.83920355093223,-0.07627009541806018,0.17078722194080498,-0.24705731735886516,-6.860920145434024,21.865128326416016,23.242041798487755,20.488214854344278,0.6659488405396934,30.354847979988055,0.0,0.0,0.0,0.0,0.0
2021-10-01 04:00:00,20.698244094848633,20.814995951669495,20.16037968568149,20.706226639761606,240978000,21.27472515106201,21.78260269165039,21.029644203186034,16.578480405807497,21.199288057833204,21.428568456431147,20.92203853370983,42.15291504411465,-0.1257775268596788,0.11147427218070824,-0.23725179904038704,-7.157236468815942,21.78260269165039,23.233337066955517,20.33186831634526,0.6338737193940206,30.402673883433668,0.0,0.0,0.0,0.0,0.0
2021-10-04 04:00:00,19.69037437438965,20.49866509219777,19.51374772206686,20.460745149157145,345635000,21.13691654205322,21.627380657196046,21.033185768127442,16.610909028053285,20.924940115388917,21.263026162903387,20.873737978442374,34.39245359981703,-0.2435319021071365,0.040473037323139296,-0.28400493943027577,-11.284980849674787,21.627380657196046,23.273298185845807,19.981463128546284,0.6953866036694283,32.98749564931656,0.0,0.0,0.0,0.0,0.0
2021-10-05 04:00:00,20.407855987548828,20.604440891158657,19.81211532017334,19.907913464807024,279282000,21.057583808898926,21.51706380844116,21.05634479522705,16.646432723999023,20.83092481941799,21.181581384298187,20.85546809644655,42.507028108396156,-0.27577931070020156,-0.022777432281528877,-0.25300187841867267,-6.616449429666693,21.51706380844116,23.180162196460792,19.85396542042153,0.7320945673895157,36.41817690290837,0.0,0.0,0.0,0.0,0.0
2021-10-06 04:00:00,20.65633201599121,20.676288377439814,20.0376391312872,20.077555660834182,297202000,20.93374538421631,21.435286808013917,21.086189460754394,16.683544049263002,20.79918067334039,21.131557634935618,20.847658838389478,45.04215697040395,-0.27808014068283526,-0.07383797396179015,-0.20424216672104512,-1.956139363771725,21.435286808013917,23.098814389607817,19.771759226420016,0.7482038280834354,36.721883379645135,0.0,0.0,0.0,0.0,0.0
2021-10-07 04:00:00,21.030542373657227,21.277021060391967,20.927759015939795,21.047504806233384,256919000,20.79334259033203,21.38030300140381,21.117631721496583,16.722226047515868,20.84124643703436,21.121937133861486,20.854830741733313,48.7101830973838,-0.24686224230062948,-0.10844282762955801,-0.13841941467107147,-0.8048651948634689,21.38030300140381,23.01963615739794,19.74096984540968,0.7575413696488581,37.478637155314175,0.0,0.0,0.0,0.0,0.0
2021-10-08 04:00:00,20.787052154541016,21.16126101595246,20.73117054152913,21.056482991555182,151258000,20.668605995178222,21.298126220703125,21.141031494140623,16.759959831237794,20.83139293112648,21.090043326307153,20.85217275792185,46.533865512061354,-0.23901425116371655,-0.13455711233638973,-0.10445713882732682,-5.059047557320728,21.298126220703125,22.87953137149986,19.71672106990639,0.7000199722900154,37.129498985097726,0.0,0.0,0.0,0.0,0.0
2021-10-11 04:00:00,20.651338577270508,21.0185622225342,20.46772675463866,20.531592812215827,163388000,20.572308921813963,21.225429439544676,21.164969482421874,16.798356199264525,20.798655775879936,21.048261921636996,20.84429690770023,45.31850657191511,-0.2409678853411208,-0.15583926693733596,-0.08512861840378483,-7.948588764527919,21.225429439544676,22.784116515041855,19.666742364047497,0.7055084701659116,36.924419284671686,0.0,0.0,0.0,0.0,0.0
2021-10-12 04:00:00,20.627391815185547,21.012577186630253,20.4846938393816,20.784060195567157,162134000,20.56951484680176,21.14704475402832,21.18341999053955,16.836710109710694,20.767516873935502,21.008179054355903,20.83579082564083,45.094701906958655,-0.2416627206567874,-0.17300395768122626,-0.06865876297556114,-6.385584062714001,21.14704475402832,22.657338106042292,19.63675140201435,0.6887581157150289,36.83578476090691,0.0,0.0,0.0,0.0,0.0
2021-10-13 04:00:00,20.894824981689453,20.94571798280508,20.669301932615472,20.87386937593445,180652000,20.611625480651856,21.077092552185057,21.205922203063963,16.876868600845338,20.790663802618038,20.997383428387668,20.838105890583915,48.17294709539469,-0.21811941628947196,-0.18202704940287542,-0.03609236688659653,-3.328740784052553,21.077092552185057,22.49020604279636,19.663979061573755,0.6655214343223442,37.198600399569145,0.0,0.0,0.0,0.0,0.0
2021-10-14 04:00:00,21.700130462646484,21.709110351768604,21.077446146064016,21.24309636015395,243589000,20.714408683776856,21.052344799041748,21.235371475219726,16.920837979316712,20.95602137716866,21.064311717364696,20.871910775762842,56.14605582621797,-0.13294722303315964,-0.17221108412893227,0.03926386109577262,5.058247762583568,21.052344799041748,22.398782217303317,19.70590738078018,0.6794212880941429,39.997244722649626,0.0,0.0,0.0,0.0,0.0
2021-10-15 04:00:00,21.815879821777344,21.88473450421562,21.616302880257262,21.763989474383635,226994000,20.826172256469725,21.05044870376587,21.25989238739014,16.96437650680542,21.112359276188418,21.13588963207066,20.908929169724196,57.16605970543808,-0.05546823701241266,-0.14886251470562836,0.0933942776932157,6.5555320065678435,21.05044870376587,22.392232731857895,19.708664675673845,0.644709174223837,39.6721003943534,0.0,0.0,0.0,0.0,0.0
2021-10-18 04:00:00,22.175125122070312,22.243979817366263,21.598343332823575,21.703123292762136,189494000,21.07464733123779,21.105781936645506,21.29700584411621,17.010163702964782,21.305589429985126,21.234864440642056,20.958583912953458,60.255814063918955,0.034524533676929536,-0.11218510502911679,0.1467096387060463,7.269761007278119,21.105781936645506,22.5388620265844,19.672701846706612,0.6189063646014409,37.64845283463392,0.0,0.0,0.0,0.0,0.0
2021-10-19 04:00:00,22.24298095703125,22.331792011817765,21.990514392616486,22.229008647111023,161473000,21.258159828186034,21.157871818542482,21.336893157958983,17.055998511314392,21.476024253084418,21.330875537441027,21.00895242448592,60.830544566619736,0.1100512493001986,-0.06773783416325371,0.17778908346345232,7.463129988727268,21.157871818542482,22.678606831767087,19.637136805317876,0.6040804165651709,37.6264318780166,0.0,0.0,0.0,0.0,0.0
2021-10-20 04:00:00,22.05637550354004,22.38567930946501,21.93563045748002,22.257949059996356,146276000,21.398164176940917,21.165954780578613,21.38021194458008,17.099448204040527,21.581542662258165,21.399970772307597,21.050027839350786,58.33237387954404,0.15308455158351464,-0.023573357013900047,0.17665790859741468,12.016029173258058,21.165954780578613,22.704790882689846,19.62711867846738,0.5970952037889765,36.07025791439626,0.0,0.0,0.0,0.0,0.0
2021-10-21 04:00:00,22.64412498474121,22.663085904442518,22.03641056872528,22.050380971315885,187590000,21.559522438049317,21.176432514190672,21.440014953613282,17.149776606559755,21.774739448164173,21.518461649682227,21.11254145289551,63.427013158296255,0.23194154701146275,0.02752962379117251,0.20441192322029023,10.957883074815733,21.176432514190672,22.75400458178283,19.598860446598515,0.5950994230553504,36.2527102941109,0.0,0.0,0.0,0.0,0.0
2021-10-22 04:00:00,22.678054809570312,23.081201821142454,22.5134038996593,22.77485029056531,249384000,21.748622703552247,21.208614349365234,21.496385879516602,17.19663757801056,21.938978604783472,21.628899093481095,21.173934133549423,63.702918705053555,0.2937875374668941,0.08078120652631683,0.2130063309405773,9.787423982215104,21.208614349365234,22.883160733624017,19.534067965106452,0.5510495336768777,35.58396920081275,0.0,0.0,0.0,0.0,0.0
2021-10-25 04:00:00,23.117128372192383,23.305728827400447,22.72196388223994,22.92453474153749,230235000,21.995201683044435,21.2837553024292,21.555891189575195,17.246029214859007,22.153187653403272,21.77063521526312,21.25013782918248,67.15592515141728,0.3739201784321189,0.13940900090747727,0.23451117752464162,9.921693703671686,21.2837553024292,23.157924068849333,19.409586536009066,0.5305929266098153,35.22491687392476,0.0,0.0,0.0,0.0,0.0
2021-10-26 04:00:00,24.66485595703125,25.205714271899417,23.873529604420657,23.93839301304731,485898000,22.398948097229002,21.48423147201538,21.651100273132325,17.30144066810608,22.609854617699266,22.046275285907704,21.38404834400008,75.87005364477918,0.5559064118429333,0.22270848309456848,0.33319792874836485,18.65490004864934,21.48423147201538,23.86474571510824,19.103717228922523,0.634159830435131,37.224705005944124,0.0,0.0,0.0,0.0,0.0
2021-10-27 04:00:00,24.399417877197266,25.037069768657314,24.23077377880667,24.422370071571084,245990000,22.749407386779787,21.68051643371582,21.750818023681642,17.356206712722777,22.935229755789813,22.270384104125757,21.502298129615657,72.32588740266652,0.670978555162737,0.3123624975082022,0.35861605765453475,18.149328606001404,21.68051643371582,24.34111186245913,19.01992100497251,0.6474174693958373,37.35705154948263,0.0,0.0,0.0,0.0,0.0
2021-10-28 04:00:00,24.888383865356445,24.897365655301588,24.471266418851215,24.825517045714975,234204000,23.06823272705078,21.89132070541382,21.868656044006347,17.413183279037476,23.290348684801927,22.519717414719157,21.63508580552706,74.6729684791848,0.7924941473586102,0.40838882747828387,0.38410531988032637,20.65695987329832,21.89132070541382,24.86521729045061,18.917424120377028,0.6522644196587655,37.55993890083946,0.0,0.0,0.0,0.0,0.0
2021-10-29 04:00:00,25.513065338134766,25.65476598423701,24.947261999373193,24.948259341695557,292503000,23.437951278686523,22.132061767578126,21.983862419128418,17.474936003685,23.694478985407898,22.80479816933017,21.787163434256772,77.31947052976719,0.928499539102841,0.5124109698031953,0.41608856929964566,22.102316532884903,22.132061767578126,25.457997060602185,18.806126474554066,0.6676606090148388,37.81119915460429,0.0,0.0,0.0,0.0,0.0
2021-11-01 04:00:00,25.772518157958984,25.83937625950011,25.173783464529546,25.59489414765004,265740000,23.79769058227539,22.436168956756593,22.08394432067871,17.53968487262726,24.072304289508093,23.0874381682472,21.943451854794116,78.33218611468985,1.0451723696678776,0.6189632497761318,0.4262091198917458,18.76665074582158,22.436168956756593,25.93008029921562,18.942257614297564,0.6774969981378324,30.62092131723454,0.0,0.0,0.0,0.0,0.0
2021-11-02 04:00:00,26.345306396484375,26.6217224937928,25.74557436813177,25.7675292231353,294112000,24.207923126220702,22.73304147720337,22.172694206237793,17.606471304893493,24.485577399867417,23.397711332841215,22.116073601527066,80.41165501117861,1.170364419825784,0.7292434837860623,0.4411209360397218,20.76206236791609,22.73304147720337,26.49965001403622,18.966432940370517,0.717341423712225,29.621782604284487,0.0,0.0,0.0,0.0,0.0
2021-11-03 04:00:00,26.541885375976562,26.727493791236046,26.17965223790437,26.613733978979397,239910000,24.656474113464355,23.027319145202636,22.26866813659668,17.672542991638185,24.859451577341805,23.697156479806484,22.289634847583912,81.082658986008,1.2707933871759352,0.8375534644640369,0.43323992271189826,19.692156097735513,23.027319145202636,27.023434288229137,19.031204002176136,0.6983097225159768,29.686619105583972,0.0,0.0,0.0,0.0,0.0
2021-11-04 04:00:00,29.738134384155273,31.298834251427845,27.060793699318,27.171559601999014,1153631000,25.365875053405762,23.46269874572754,22.420186119079588,17.752094349861146,25.74648481494425,24.272487708792085,22.581732868625927,88.17527666633481,1.5899665059838881,0.9880360727680073,0.6019304332158808,33.69671287136864,23.46269874572754,28.342501651312933,18.582895840142147,1.0189180976226144,48.42537432712311,0.0,0.0,0.0,0.0,0.0
2021-11-05 04:00:00,29.689239501953125,31.333761888130987,29.3479599854821,30.12332134440191,851260000,26.066993522644044,23.907808113098145,22.573619651794434,17.83217402458191,26.463349303491317,24.788368831950276,22.860458618952485,87.6339909966503,1.8180111924414177,1.1540310967026894,0.6639800957387283,34.60615728630487,23.907808113098145,29.351443527956928,18.464172698239363,1.1146441989159144,47.747222874516176,0.0,0.0,0.0,0.0,0.0
2021-11-08 05:00:00,30.73902130126953,31.034396431529643,29.843912215673015,30.08540230696262,503101000,26.829182815551757,24.412192249298094,22.736714668273926,17.917798008918762,27.240744212178264,25.35509763855211,23.169421861396295,89.17103706314411,2.0597038830024275,1.335165653962637,0.7245382290397904,35.748329078659836,24.412192249298094,30.42499181906709,18.3993926795291,1.186349863942717,47.15949362874813,0.0,0.0,0.0,0.0,0.0
2021-11-09 05:00:00,30.59232521057129,32.24183980327339,29.90078828330195,32.21389899422513,646746000,27.42192974090576,24.91043891906738,22.895838317871092,18.00377538204193,27.850122575522448,25.85388121683965,23.46051611038355,87.53370479640941,2.2138895919275434,1.5109104415556185,0.7029791503719249,34.89836525865127,24.91043891906738,31.245548902389665,18.575328935745098,1.3214214830846065,47.396227849140175,0.0,0.0,0.0,0.0,0.0
2021-11-10 05:00:00,29.3968505859375,30.784916767845264,28.717287521307966,29.294069146734444,636206000,27.921673011779784,25.335540199279784,23.037019729614258,18.08635549068451,28.131345850143365,26.191306871039444,23.693313540797433,75.38561507992881,2.214095352887515,1.6515474238219978,0.5625479290655173,27.164802274053223,25.335540199279784,31.67710235549718,18.993978043062388,1.4243467624288966,51.85507289091771,0.0,0.0,0.0,0.0,0.0
2021-11-11 05:00:00,30.325891494750977,30.525470354822794,29.714185657516225,30.40372797344251,332172000,28.465423774719238,25.76682825088501,23.195664367675782,18.172916464805603,28.530354149162928,26.585076835202447,23.953414637030907,77.94702467062491,2.2631362312328704,1.7738651853041725,0.48927104592869797,22.951828900123484,25.76682825088501,32.2392867391405,19.294369762629515,1.4644054658147636,51.5427922115889,0.0,0.0,0.0,0.0,0.0
2021-11-12 05:00:00,30.325891494750977,30.615280651522603,29.567494491133164,29.946693944604604,413054000,28.94670639038086,26.19232883453369,23.35520706176758,18.25978281021118,28.85681548472439,26.94134489801659,24.20331569027483,77.94702467062491,2.275767845534979,1.874245717350334,0.40152212818464506,24.289405785751804,26.19232883453369,32.69001204802641,19.694645621040966,1.4944134759975711,51.74214864379637,0.0,0.0,0.0,0.0,0.0
2021-11-15 05:00:00,29.961660385131836,30.57935405607118,29.18530173672682,30.48754907870644,384909000,29.365620613098145,26.58165559768677,23.498543968200682,18.343595275878908,29.05769637570756,27.22899399202757,24.42913312928883,74.42555702151171,2.2306742600124885,1.945531425882765,0.2851428341297235,20.38411391925361,26.58165559768677,32.99845742495505,20.164853770418485,1.444803934543094,52.764653810106196,0.0,0.0,0.0,0.0,0.0
2021-11-16 05:00:00,30.139284133911133,30.325889920627386,29.6433328431333,29.69622243740179,264484000,29.74501838684082,26.976470756530762,23.649045791625976,18.426701688766478,29.254348695380937,27.506164481730764,24.653060619666174,75.01828454753385,2.184093154334672,1.9932437715731464,0.19084938276152563,18.132743888134396,26.976470756530762,33.239107413315445,20.713834099746084,1.43596544080334,52.683552604323566,0.0,0.0,0.0,0.0,0.0
2021-11-17 05:00:00,29.19927215576172,30.444640534447622,28.739244216455628,30.353830996008032,428508000,30.010757064819337,27.333615589141846,23.787193794250488,18.505238914489745,29.244334779086532,27.667412831638476,24.831343425003254,66.26537194427068,2.0477213250841793,2.004139282275353,0.04358204280882605,13.296155140139042,27.333615589141846,33.21812505103004,21.44910612725365,1.5222117650810307,54.65694856972693,0.0,0.0,0.0,0.0,0.0
2021-11-18 05:00:00,31.60818099975586,32.690891284605854,31.254927669456258,32.29872256948904,781711000,30.197761726379394,27.781818389892578,23.97675304412842,18.59515384197235,29.67412500102641,28.042724085744894,25.097101761268064,74.48214497542848,2.109705112228376,2.0252524482659577,0.08445266396241813,19.976516970680525,27.781818389892578,33.52625766796307,22.037379111822084,1.716871551507,59.64846752289124,0.0,0.0,0.0,0.0,0.0
2021-11-19 05:00:00,32.91542434692383,33.01820772541341,31.837702499852707,32.174988891444876,533867000,30.520380210876464,28.293686866760254,24.186449775695802,18.69197021007538,30.26345215482594,28.506790777285747,25.403702646980054,77.66189160854839,2.2385072054945994,2.0679033997116862,0.17060380578291312,24.01313576885553,28.293686866760254,33.946978188093844,22.640395545426664,1.770045403698928,59.911420065923316,0.0,0.0,0.0,0.0,0.0
2021-11-22 05:00:00,31.88858413696289,34.57390711561954,31.832702519697552,33.446289928208735,754335000,30.635336494445802,28.732259654998778,24.38211597442627,18.77942573070526,30.558930697032658,28.828866335350234,25.658011725018596,70.25622324075354,2.2319972936636177,2.100722178502073,0.13127511516154478,7.23128668741706,28.732259654998778,34.04536549368868,23.419153816308878,1.9032637230032823,62.55116663552348,0.0,0.0,0.0,0.0,0.0
2021-11-23 05:00:00,31.67902946472168,32.29173450046671,30.814855236904044,31.468474145181016,532163000,30.74400691986084,29.082968330383302,24.57179485321045,18.866708478927613,30.76258501843066,29.10031044290942,25.89413006775205,68.81406578744905,2.184744456766392,2.117526634154937,0.06721782261145526,6.702057702211106,29.082968330383302,34.187516206063506,23.978420454703098,1.9696235594483529,60.15030621347305,0.0,0.0,0.0,0.0,0.0
2021-11-24 05:00:00,32.605072021484375,32.78568994748824,30.862755024040684,31.39463157257882,435162000,31.064829063415527,29.493251037597656,24.778018913269044,18.95612359523773,31.097582655349516,29.43409725991656,26.157304262016066,71.58946564482244,2.196697971340619,2.1333609015920736,0.06333706974854536,6.07062502714677,29.493251037597656,34.32452796128268,24.661974113912624,1.7671939914480865,59.70669369263181,0.0,0.0,0.0,0.0,0.0
2021-11-26 05:00:00,31.43654441833496,32.64099706934784,31.2838672949203,32.531228506198715,283069000,31.175894355773927,29.82065906524658,24.962848091125487,19.037270522117616,31.159212066801413,29.624806513099266,26.364333287754064,63.86573005336051,2.08781378824764,2.124251478923187,-0.03643769067554681,2.759578430056542,29.82065906524658,34.20480614178876,25.436511988704403,1.722288839432276,62.34797097059913,0.0,0.0,0.0,0.0,0.0
2021-11-29 05:00:00,33.305599212646484,33.341522577161264,31.968425532112303,32.29773128790808,454964000,31.473865127563478,30.21028575897217,25.19188404083252,19.12920608997345,31.54946427513688,29.97535819877043,26.63653979461259,69.52862022001347,2.1278113060173354,2.1249634443420167,0.002847861675318697,13.296487714839778,30.21028575897217,34.36142527152999,26.059146246414347,1.762276070092975,64.43010092654998,0.0,0.0,0.0,0.0,0.0
2021-11-30 05:00:00,32.6070671081543,33.2826408933307,31.796781690175454,33.099027131565556,622066000,31.738405799865724,30.552013206481934,25.422656173706056,19.215809268951418,31.741755699321864,30.225997142521273,26.870678120633837,65.40321180028582,2.0791764719341934,2.1158060498604523,-0.03662957792625887,7.522204627679829,30.552013206481934,34.2673309456168,26.836695467347067,1.702830784557231,65.62390224819565,0.0,0.0,0.0,0.0,0.0
2021-12-01 05:00:00,31.372522354125977,33.2228395210833,31.317631362144876,33.15297895076473,484368000,31.861729621887207,30.803374004364013,25.626082954406737,19.29835492134094,31.6746223638317,30.335190019816956,27.047221031751178,58.76670105353215,1.9188957358276575,2.0764239870538934,-0.15752825122623593,3.451278125017887,30.803374004364013,33.95832804022297,27.648419968505053,1.6912292783001688,67.88378298656339,0.0,0.0,0.0,0.0,0.0
2021-12-02 05:00:00,32.062156677246094,32.413458348891545,30.963344820067583,31.151970308797033,472890000,32.14801807403565,31.07938756942749,25.82943176269531,19.38473261356354,31.74508314808886,30.499663034810208,27.243885174711764,61.13890731026683,1.8264654670947635,2.026432283062068,-0.19996681596730426,7.010613781459885,31.07938756942749,33.55796185509677,28.600813283758207,1.714193118295788,68.01839825886296,0.0,0.0,0.0,0.0,0.0
2021-12-03 05:00:00,30.632001876831055,32.0651488092906,30.070119147107587,31.936403568189156,544325000,32.05040016174316,31.12408094406128,25.993380393981933,19.463473434448243,31.542704735132894,30.512266734050286,27.3767524963635,54.1778530567451,1.6191477457798165,1.9449753756056176,-0.32582762982580116,1.6348024084803736,31.12408094406128,33.53205295481502,28.716108933307538,1.7818533684239004,56.91084955344257,0.0,0.0,0.0,0.0,0.0
2021-12-06 05:00:00,29.977306365966797,30.18089951334633,27.982278547489575,29.820616888870113,658938000,31.75658836364746,31.138484287261964,26.15223815917969,19.54178638458252,31.258086849829965,30.461318127566145,27.478735001053828,51.29844921026837,1.3860410829623575,1.8331885170769655,-0.447147434114608,2.6645671373406232,31.138484287261964,33.513540477834454,28.763428096689474,1.8715441548522662,57.509969499892186,0.0,0.0,0.0,0.0,0.0
2021-12-07 05:00:00,32.36255645751953,32.38451590477449,30.59008680428253,30.895480355032714,593053000,31.803985595703125,31.219661045074464,26.367203102111816,19.633091278076172,31.45889950577352,30.642388444704565,27.670257411111308,59.701690901083666,1.3778886782809465,1.7421285493177618,-0.3642398710368153,2.3866462222849716,31.219661045074464,33.64762208028732,28.791700009861607,1.9947336163746667,62.892392810238206,0.0,0.0,0.0,0.0,0.0
2021-12-08 05:00:00,31.76274871826172,32.225827257844415,31.358552936375865,31.93540523035622,475551000,31.81235752105713,31.278182220458984,26.5893514251709,19.71961724281311,31.514144817135012,30.74908942313858,27.830747266293677,57.03655020284644,1.3079511207318575,1.655293063600581,-0.34734194286872344,-3.50193154587064,31.278182220458984,33.698887844318534,28.857476596599433,1.9446341308855004,63.31517836938306,0.0,0.0,0.0,0.0,0.0
2021-12-09 05:00:00,30.429410934448242,32.14100499240123,30.367533864924276,31.6709383762283,488507000,31.594791412353516,31.329810237884523,26.788465270996095,19.805416984558107,31.316920474828326,30.718643852787118,27.932655645436995,51.52969237955487,1.1318881841059252,1.55061208770165,-0.41872390359572487,-4.575848197735699,31.329810237884523,33.62221506990191,29.037405405867133,1.8219092736449873,63.57635445916878,0.0,0.0,0.0,0.0,0.0
2021-12-10 05:00:00,30.137983322143555,31.24278357928564,29.80165319511943,31.0880909467893,488825000,31.464935302734375,31.32041482925415,26.977778968811034,19.88773038864136,31.102568265249275,30.663342849868684,28.019139083739216,50.38464356875446,0.9578003395102357,1.4320497380633674,-0.47424939855313175,-4.864562357550318,31.32041482925415,33.63160739774261,29.009222260765693,1.8241309635384628,62.74899147234845,0.0,0.0,0.0,0.0,0.0
2021-12-13 05:00:00,28.10503578186035,30.23379825928453,28.060125132879463,30.188887610303645,598344000,30.94487895965576,31.20937204360962,27.125914802551268,19.959244632720946,30.55756235917856,30.419694557677413,28.02250758170475,43.176917949408264,0.6483191721319272,1.2753036248770795,-0.6269844527451522,-13.801644838136918,31.20937204360962,33.9034446180119,28.515299469207335,1.7835930014301111,67.21748809910488,0.0,0.0,0.0,0.0,0.0
2021-12-14 05:00:00,28.280681610107422,28.62100349476861,27.195842071505684,27.643949113929793,667035000,30.512240409851074,31.1253231048584,27.297720947265624,20.03380838871002,30.143584041165624,30.215979038861224,28.032632053406818,43.92332996540851,0.41247155239789635,1.102737210381243,-0.6902656579833466,-10.038834950278197,31.1253231048584,34.07596218682648,28.174684022890318,1.7798988699801297,67.2037972335901,0.0,0.0,0.0,0.0,0.0
2021-12-15 05:00:00,30.39846420288086,30.439383083328448,27.782672993494028,28.3435563263877,698297000,30.414834594726564,31.138282108306885,27.497533111572267,20.121959943771362,30.18992588875021,30.233358578291668,28.125409784758745,52.09422971790791,0.3919300451648695,0.9605757773379683,-0.5686457321730988,-8.728667486822317,31.138282108306885,34.07292023745286,28.203643979160912,1.832311381864906,72.53481639084663,0.0,0.0,0.0,0.0,0.0
2021-12-16 05:00:00,28.330585479736328,31.098075396246916,28.03717102685846,31.090091873375695,707366000,30.041677474975586,31.094847774505617,27.651018180847167,20.201938405036927,29.85186399620223,30.05214209271497,28.13345589044414,45.172838180815646,0.2064108459688896,0.8097427910641526,-0.603331945095263,-13.115198659950977,31.094847774505617,34.17254853773403,28.017147011277203,1.954009567219257,75.8337243240605,0.0,0.0,0.0,0.0,0.0
2021-12-17 05:00:00,27.745752334594727,28.86452488757024,27.70483344742643,27.929386691044225,713758000,29.753052520751954,30.90172634124756,27.785322380065917,20.27853774547577,29.46893460318268,29.832485925274945,28.118251829430438,43.41594774188007,0.012055429368505344,0.6502053187250232,-0.6381498893565178,-11.560339263107656,30.90172634124756,34.31069781597661,27.492754866518506,1.9007748015990789,69.44090304336589,0.0,0.0,0.0,0.0,0.0
2021-12-20 05:00:00,27.66391372680664,28.08806836031616,27.09105503438404,27.250736913132904,461847000,29.521713256835938,30.6391508102417,27.92285961151123,20.35905674934387,29.140748989296128,29.625955239706535,28.100434648935387,43.1629658024499,-0.14688315268461238,0.49078762444309615,-0.6376707771277086,-13.71786369430601,30.6391508102417,34.20063168577384,27.077669934709558,1.8642173589891566,67.21273736664538,0.0,0.0,0.0,0.0,0.0
2021-12-21 05:00:00,29.017223358154297,29.06213401097257,27.34654821544957,28.31761616162615,524385000,29.187179946899413,30.49558277130127,28.090177307128908,20.44169900417328,29.118289783633976,29.567980774796798,28.13638714733613,48.5063625987041,-0.16177747683314792,0.36027460418784735,-0.5220520810209952,-5.271540936729046,30.49558277130127,34.07643897626618,26.914726566336352,1.8506729044594834,69.49317730075475,0.0,0.0,0.0,0.0,0.0
2021-12-22 05:00:00,29.341569900512695,29.49626253795648,28.39245970985011,28.833582616767877,395184000,28.94506206512451,30.37870979309082,28.26446086883545,20.52622232913971,29.158886168521015,29.546417834388787,28.183649216088153,49.72626189124971,-0.14572940289434655,0.25907380277140857,-0.4048032056657551,-2.120725784007904,30.37870979309082,33.9494987898513,26.80792079633034,1.825936425836798,69.68478758640313,0.0,0.0,0.0,0.0,0.0
2021-12-23 05:00:00,29.581090927124023,29.999258803639915,29.37250667280015,29.695862140217667,343022000,28.86023006439209,30.227510738372803,28.43818618774414,20.609323620796204,29.235650670085196,29.549720033696904,28.23845085181505,50.65592264433227,-0.11238830121381937,0.184781381974363,-0.2971696831881824,-8.594702751763684,30.227510738372803,33.654564737377854,26.800456739367757,1.7304120859042416,68.79116837772808,0.0,0.0,0.0,0.0,0.0
2021-12-27 05:00:00,30.88349723815918,31.025215214480056,29.58109059029503,29.60105129762086,403686000,28.93478145599365,30.199858379364013,28.621853523254394,20.699622716903686,29.535259137007735,29.67674643412188,28.34217816108345,55.47711187748074,0.01891008304824382,0.1516071221891392,-0.13269703914089537,-2.768184478936553,30.199858379364013,33.59460923672577,26.805107522002253,1.6442978926787806,69.7194180261489,0.0,0.0,0.0,0.0,0.0
2021-12-28 05:00:00,30.261741638183594,31.267737862639216,29.952356330148934,31.24977398426647,420591000,29.150452041625975,30.047665500640868,28.790770759582518,20.785140995979308,29.667346864494252,29.732460263080142,28.417455160185416,52.82369307140934,0.07196495068516384,0.13567868788834414,-0.0637137372031803,-0.5510106542181981,30.047665500640868,33.1131107259471,26.982220275334637,1.5663101779418227,66.36407407461564,0.0,0.0,0.0,0.0,0.0
2021-12-29 05:00:00,29.941377639770508,30.487291454884854,29.307639364299206,30.212838350656018,343139000,29.316521644592285,29.91438102722168,28.946095809936523,20.868558712005616,29.717170641817205,29.75235715609827,28.4772168260515,51.4579986555447,0.08715593883857053,0.12597413807838942,-0.038818199239818885,-0.6523518188710109,29.91438102722168,32.73315265379421,27.09560940064915,1.5788565043305358,66.11277167591292,0.0,0.0,0.0,0.0,0.0
2021-12-30 05:00:00,29.527202606201172,30.39647191079737,29.481294496536442,29.76772287739856,308864000,29.229395484924318,29.82211503982544,29.09178024291992,20.94965617656708,29.682630998977924,29.73091386563188,28.518392738998546,49.67009283346638,0.0650248762940997,0.11378428572153149,-0.04875940942743179,5.0601850692491235,29.82211503982544,32.55955409639418,27.0846759832567,1.5175498105293912,64.99410541129916,0.0,0.0,0.0,0.0,0.0
2021-12-31 05:00:00,29.352550506591797,29.970321747102997,29.272709567584414,29.615028331207352,266530000,29.331591987609862,29.686634731292724,29.23770374298096,21.032966351509096,29.622616363998624,29.694879260009017,28.55110480831593,48.89854603868759,0.03301233927424718,0.09762989643207463,-0.06461755715782745,3.790109839860767,29.686634731292724,32.21770797270106,27.155561489884395,1.464441367340275,64.36674269925484,0.0,0.0,0.0,0.0,0.0
2022-01-03 05:00:00,30.061138153076172,30.64996574600368,29.725805474067663,29.75574653768631,391547000,29.563130569458007,29.65809154510498,29.386044006347657,21.119204769134523,29.702347598376356,29.729761059348746,28.6103218022281,52.146329063709004,0.0640805930178523,0.09092003574923017,-0.02683944273137788,-1.1096812245294907,29.65809154510498,32.156946665356415,27.15923642485355,1.4018515182693334,63.17711423889945,0.0,0.0,0.0,0.0,0.0
2022-01-04 05:00:00,29.23179054260254,30.40744890598463,28.29266068276136,30.216828510864207,527154000,29.719918251037598,29.620815753936768,29.517118721008302,21.199598231315612,29.616791770053844,29.682335295849107,28.63469312538004,48.278764251010145,0.021532770551068836,0.07704258270959792,-0.055509812158529084,3.1810322575606564,29.620815753936768,32.12186227522234,27.119769232651194,1.451110575409358,63.49123438881358,0.0,0.0,0.0,0.0,0.0
2022-01-05 05:00:00,27.54914093017578,29.357540102995376,27.47828288572463,28.89146724200374,498064000,29.573110008239745,29.38014497756958,29.60575897216797,21.27215447425842,29.240855253712375,29.47917392768974,28.5921224510583,41.54611414471885,-0.14627626480083578,0.03237881320751118,-0.17865507800834696,-0.7086180329440972,29.38014497756958,31.689330576572125,27.070959378567032,1.3955782273690958,59.05794697249544,0.0,0.0,0.0,0.0,0.0
2022-01-06 05:00:00,28.121999740600586,28.381483256103156,27.01121270492406,27.58506883228335,454186000,29.451152992248534,29.198107528686524,29.674901847839354,21.34970839500427,29.03742697860114,29.349919243205058,28.57368626633447,44.38943454498783,-0.2303854755435033,-0.02017404454269172,-0.21021143100081158,1.6558973481400674,29.198107528686524,31.279199464578987,27.11701559279406,1.27481866892557,59.71736011444732,0.0,0.0,0.0,0.0,0.0
2022-01-07 05:00:00,27.19285011291504,28.36551610574402,27.003227178529944,28.085074417160133,409939000,29.212328910827637,29.036279487609864,29.73077049255371,21.423153972625734,28.70204936665821,29.14448408793934,28.51953582894547,40.9132772012067,-0.3677777280428032,-0.08969478124271402,-0.27808294680008916,-6.2872081960474,29.036279487609864,31.215278062313676,26.857280912906052,1.2892899180020176,59.07191772942003,0.0,0.0,0.0,0.0,0.0
2022-01-10 05:00:00,27.34554672241211,27.41440984015935,25.593035959641192,26.528174103666952,594681000,28.85853385925293,28.89665765762329,29.779913749694824,21.495846858024596,28.455412522249823,28.97315671979389,28.47349704045397,41.720996300145124,-0.4590491054194956,-0.16356564607807034,-0.2954834593414253,-6.80271432260926,28.89665765762329,31.135459314608884,26.657856000637697,1.3481728147581633,59.16008953572306,0.0,0.0,0.0,0.0,0.0
2022-01-11 05:00:00,27.761716842651367,28.009225072030798,26.785661751752833,27.268699119824706,404089000,28.608531379699706,28.87949171066284,29.824886779785157,21.570076966285704,28.329286035050103,28.857781493399365,28.445584091520534,43.96913928026434,-0.49212793445144243,-0.22927810375274477,-0.26284983069869766,-6.150463108189164,28.87949171066284,31.148905645969467,26.610077775356213,1.3130283522406607,54.53127326047677,0.0,0.0,0.0,0.0,0.0
2022-01-12 05:00:00,27.943355560302734,28.538169841179762,27.553131884370423,28.01121930597054,383413000,28.40872917175293,28.862625408172608,29.86830352783203,21.645596795082092,28.259116857823308,28.770693309294924,28.42588885500219,44.96697130652979,-0.49794640212022045,-0.2830117634262399,-0.21493463869398055,-9.520106013847585,28.862625408172608,31.15566871157938,26.569582104765836,1.3045451471480158,54.53586708679698,0.0,0.0,0.0,0.0,0.0
2022-01-13 05:00:00,26.522186279296875,28.423399112253964,26.445337738615446,28.322600004609768,540171000,28.1082275390625,28.668811511993407,29.87184112548828,21.71163425922394,27.943311298091228,28.55654978262844,28.351233852033353,39.09982373019534,-0.6102000570165096,-0.34844942214429386,-0.2617506348722157,-12.357369921393524,28.668811511993407,31.06807912148405,26.269543902502765,1.3988574664702516,49.67193388596723,0.0,0.0,0.0,0.0,0.0
2022-01-14 05:00:00,26.888456344604492,27.142950637215478,26.1579107320568,26.24773202314796,395832000,27.86181812286377,28.596705055236818,29.87877254486084,21.7771914100647,27.751519488366363,28.397683740911877,28.293870028212613,41.228172836778995,-0.6619761055629461,-0.4111547588280243,-0.25082134673492174,-10.196328745778494,28.596705055236818,31.122137166060384,26.071272944413252,1.3660657008255124,44.404625166289094,0.0,0.0,0.0,0.0,0.0
2022-01-18 05:00:00,25.851518630981445,26.585058455010692,25.718783542206612,26.20780945704016,424270000,27.440856170654296,28.50199337005615,29.801040229797362,21.836687331199645,27.40606478702365,28.155191825680404,28.198091542046686,37.25824479236005,-0.7777161765300811,-0.4844670423684357,-0.2932491341616454,-12.448466670688862,28.50199337005615,31.290205655270714,25.71378108484159,1.3556579343903408,45.823010034300275,0.0,0.0,0.0,0.0,0.0
2022-01-19 05:00:00,25.017179489135742,26.490245813728656,25.00220991034634,26.02716920354063,488315000,27.019395065307616,28.36965665817261,29.707599029541015,21.89263997077942,26.971722005589484,27.856333507914247,28.073349892912926,34.38890777511976,-0.9260898254802825,-0.5727915989908051,-0.3532982264894774,-14.769997641201392,28.36965665817261,31.54914344199017,25.190169874355046,1.3776853495901027,46.975411250050506,0.0,0.0,0.0,0.0,0.0
2022-01-20 05:00:00,24.10200309753418,25.528163907695127,24.03014569021503,25.253710832650285,435181000,26.67468128204346,28.1238956451416,29.57485866546631,21.94261028766632,26.44995493139761,27.498778230735194,27.917610802898075,31.521358018046556,-1.1047887802501606,-0.6791910352426762,-0.4255977450074844,-19.82338468090301,28.1238956451416,31.81182622339046,24.43596506689274,1.4193168355343293,43.749618337948604,0.0,0.0,0.0,0.0,0.0
2022-01-21 05:00:00,23.32754898071289,24.773668763232777,23.216769512080788,23.460284088756683,718958000,26.195236206054688,27.823194599151613,29.429563140869142,21.98784299850464,25.882244758545845,27.101518302161644,27.737608378498656,29.295158902688726,-1.2939847139017608,-0.8021497709744931,-0.4918349429272677,-20.1980154218907,27.823194599151613,32.03640040731973,23.609988790983497,1.480694483508144,43.81813620726187,0.0,0.0,0.0,0.0,0.0
2022-01-24 05:00:00,23.325550079345703,23.33353360141309,20.846487542973147,22.285621139528853,913982000,25.808506202697753,27.510417556762697,29.308137130737304,22.03265176296234,25.417391180509455,26.74190228094108,27.564586484414228,29.289409138250477,-1.4276283382233181,-0.9272454844242581,-0.50038285379906,-15.331116355079487,27.510417556762697,32.087241490594224,22.93359362293117,1.5656681134387198,43.434875388840105,0.0,0.0,0.0,0.0,0.0
2022-01-25 05:00:00,22.279632568359375,22.89740375021859,21.956277081612978,22.501191486192454,664616000,25.301914787292482,27.080224323272706,29.147211952209474,22.068196115493773,24.846889614663983,26.316924213076152,27.35733338966698,26.372661182397962,-1.5995006278049466,-1.061696513100396,-0.5378041147045507,-20.775077256708762,27.080224323272706,31.931309453560814,22.229139192984597,1.5124170259036807,39.671893889066965,0.0,0.0,0.0,0.0,0.0
2022-01-26 05:00:00,22.726741790771484,24.009187801451084,22.255679732041738,23.193812088529306,755959000,24.79841728210449,26.7034743309021,28.995228958129882,22.103629412651063,24.461408192138073,25.975002077618566,27.175741562259315,29.600122688230016,-1.6802636446032047,-1.1854099394009578,-0.4948537052022468,-16.423833116420596,26.7034743309021,31.68288086015365,21.724067801650552,1.5034349439135808,41.62072343164223,0.0,0.0,0.0,0.0,0.0
2022-01-27 05:00:00,21.900388717651367,23.947313152254385,21.631922323422884,23.521161726766028,573353000,24.194120597839355,26.30142488479614,28.83400352478027,22.136938405036926,23.99576828768594,25.586943662383593,26.96886498011783,27.22479622547486,-1.7903111120917288,-1.3063901739391122,-0.4839209381526166,-19.912412284293257,26.30142488479614,31.474768769308042,21.12808100028424,1.5709435351744667,42.34906468540002,0.0,0.0,0.0,0.0,0.0
2022-01-28 05:00:00,22.79460906982422,22.81257294726287,21.253676914429107,21.96825357562381,543774000,23.82136287689209,25.964795207977296,28.687110023498533,22.170428032875062,23.777375702620173,25.321007034520793,26.805168669910238,33.44853037315339,-1.7847944147986752,-1.4020710221110249,-0.3827233926876503,-17.891932984475922,25.964795207977296,31.13051801298115,20.799072402973444,1.584986899861587,46.790760544033844,0.0,0.0,0.0,0.0,0.0
2022-01-31 05:00:00,24.437334060668945,24.460289063835987,23.00618412484713,23.135924911882224,564680000,23.576250648498537,25.71903438568115,28.59187126159668,22.213252229690553,23.89736813135631,25.23684770367776,26.712312410724305,43.07895553930281,-1.62908908956096,-1.447474635601012,-0.18161445395994802,-12.546887907100746,25.71903438568115,30.669325635462265,20.76874313590004,1.5738659079682733,55.59270749046399,0.0,0.0,0.0,0.0,0.0
2022-02-01 05:00:00,24.58903694152832,25.09502934074459,23.842522359091557,25.05411045530758,518925000,23.450002479553223,25.44542932510376,28.451488380432128,22.25958177089691,24.023126096842127,25.17515144061591,26.62904670604995,43.88650435102282,-1.4764309657356662,-1.453265901627943,-0.023165064107723232,-7.28880084549276,25.44542932510376,29.97199200234868,20.918866647858838,1.5759333123522068,54.54915290667907,0.0,0.0,0.0,0.0,0.0
2022-02-02 05:00:00,25.19184112548828,25.7656973763654,24.50420918550986,25.74274426846539,543419000,23.467468643188475,25.243431854248048,28.29701671600342,22.309875431060792,24.23561973841415,25.176740934413278,26.57268570289067,47.09819373279672,-1.2919146550069591,-1.4209956523037464,0.12908099729678724,-6.309827523649036,25.243431854248048,29.404355893280474,21.08250781521562,1.595679757641221,55.37863883356277,0.0,0.0,0.0,0.0,0.0
2022-02-03 05:00:00,23.90040397644043,25.027159831286212,23.73273860269154,24.40939059418106,410178000,23.4473087310791,25.060995006561278,28.13725311279297,22.35276804447174,24.17467141805529,25.05518503365396,26.467890341069094,41.60423433233313,-1.235648547038057,-1.3839262312506087,0.14827768421255172,-7.547388926709808,25.060995006561278,29.11484016103701,21.007149852085547,1.5586112682953797,54.65378861776209,0.0,0.0,0.0,0.0,0.0
2022-02-04 05:00:00,24.270666122436523,24.586038055795374,23.585031263895463,23.9243556646601,354829000,23.541620445251464,24.868428325653078,27.989085845947265,22.40005679130554,24.19212500067006,24.980468946871348,26.381724685436442,43.634330385813236,-1.1479473676435,-1.336730458529187,0.18878309088568712,-2.9840029209664,24.868428325653078,28.66796067304216,21.068895978263996,1.5597517602054676,54.3338480203022,0.0,0.0,0.0,0.0,0.0
2022-02-07 05:00:00,24.678857803344727,25.13195412147848,24.153902167281217,24.323564396360993,376868000,23.676951217651368,24.74272871017456,27.830561561584474,22.4473167181015,24.280621873883632,24.95174407605929,26.314945592021083,45.86854283127131,-1.0335912967902061,-1.2761026261813908,0.2425113293911847,2.3933890617977793,24.74272871017456,28.381413008271075,21.104044412078046,1.5460645567625664,54.01947693760193,0.0,0.0,0.0,0.0,0.0
2022-02-08 05:00:00,25.05810546875,25.179862772847574,23.93234675869272,24.3105933248436,410359000,23.95479850769043,24.628356647491454,27.702992782592773,22.495411810874938,24.421982527495697,24.961873732506024,26.26565774404967,47.93350266455305,-0.9019638913680801,-1.2012748792187289,0.2993109878506488,7.418509717707278,24.628356647491454,28.060504747944012,21.196208547038896,1.5288845646748908,54.36641505483271,0.0,0.0,0.0,0.0,0.0
2022-02-09 05:00:00,26.651926040649414,26.671886749229056,25.302613739727306,25.571078226959134,524282000,24.347316932678222,24.572867107391357,27.56991931915283,22.551956052780152,24.827426802614553,25.12283109518635,26.280805520386917,55.59923330921161,-0.6614158341893308,-1.0933030702128492,0.4318872360235184,14.26065387520763,24.572867107391357,27.822760966919475,21.32297324786324,1.5371533548891019,59.11703549343314,0.0,0.0,0.0,0.0,0.0
2022-02-10 05:00:00,25.772676467895508,26.871488159313945,25.549122622898047,25.943338051848187,513200000,24.734545707702637,24.464333152770998,27.433231506347656,22.60462773323059,24.99929037812018,25.18472113068246,26.26087889087745,51.12720385035349,-0.535554321301003,-0.98175332043048,0.446198999129477,15.678193474773948,24.464333152770998,27.366686305887562,21.561979999654433,1.5204009466936668,60.07195365361421,0.0,0.0,0.0,0.0,0.0
2022-02-11 05:00:00,23.901403427124023,26.100026229482054,23.72575451723449,25.864495192370278,605472000,24.845225143432618,24.333294010162355,27.28380912780762,22.64770363807678,24.79967456884815,25.06250039701023,26.16835044131849,43.16896193748325,-0.5801170330164105,-0.9014260629476663,0.32130902993125576,5.168631945427071,24.333294010162355,27.07674788087386,21.58984013945085,1.512345636251354,62.787420286556106,0.0,0.0,0.0,0.0,0.0
2022-02-14 05:00:00,24.218774795532227,24.825566329350934,23.707791249016562,23.886436378110282,440424000,24.823369216918945,24.19980993270874,27.12694149017334,22.69393868923187,24.694056428245254,24.982145577821846,26.091896494424912,44.740015952658986,-0.5831024440541306,-0.8377613391689591,0.25465889511482853,10.586049899709217,24.19980993270874,26.66553118023659,21.734088685180886,1.494381499294329,62.76720044562274,0.0,0.0,0.0,0.0,0.0
2022-02-15 05:00:00,26.442344665527344,26.4922445340871,24.734744665885565,24.899415754979135,699869000,25.00869998931885,24.229351234436034,27.043148345947266,22.75215316772461,25.011927016841994,25.12121215760332,26.10563955995834,54.27694384320011,-0.40141760616038624,-0.7504925925672447,0.3490749864068584,16.002624061370895,24.229351234436034,26.790696590985874,21.668005877886195,1.5315216185190095,70.01735872477313,0.0,0.0,0.0,0.0,0.0
2022-02-16 05:00:00,26.45830726623535,26.529167199674603,25.50121370938408,26.20680922980838,732676000,25.135346603393554,24.301407623291016,26.972768363952635,22.8128688621521,25.27490524400442,25.24855454890161,26.11946966608685,54.33786827384718,-0.25322400597449857,-0.6510388752486954,0.39781486927419685,8.27002323800572,24.301407623291016,27.031591994856317,21.571223251725716,1.4395618086232254,68.84265526644998,0.0,0.0,0.0,0.0,0.0
2022-02-17 05:00:00,24.458295822143555,25.733755858622583,24.11697644225443,25.579063213609647,810595000,25.191135787963866,24.319222259521485,26.814683151245116,22.8630495929718,25.12643080366608,25.17329181301989,26.05432559377535,46.05716950588646,-0.29377723776809717,-0.5795865477525758,0.2858093099844786,-0.5317049207566038,24.319222259521485,27.04857773982231,21.58986677922066,1.4954500079908797,73.12844968213292,0.0,0.0,0.0,0.0,0.0
2022-02-18 05:00:00,23.595008850097656,24.936337349724518,23.05408632370065,24.618968621486545,761255000,25.123570060729982,24.33259525299072,26.651328353881837,22.908592200279237,24.84799044847182,25.02297914988444,25.957881799905635,43.01036291480732,-0.39106802127081153,-0.541882842456223,0.15081482118541145,-6.338688257981284,24.33259525299072,27.044054513869625,21.621135992111817,1.5109193674203156,73.33116272551159,0.0,0.0,0.0,0.0,0.0
2022-02-22 05:00:00,23.343515396118164,24.01617571252817,22.9542910697266,22.98922136037415,633422000,24.990035820007325,24.333493518829346,26.509610443115236,22.951434712409974,24.574449529862065,24.863030220954315,25.85535762720809,42.13587099782812,-0.48289853434656393,-0.5300859808342913,0.047187446487727325,-2.3300383578085615,24.333493518829346,27.04355961357811,21.62342742408058,1.4973034860737826,73.45897420802032,0.0,0.0,0.0,0.0,0.0
2022-02-23 05:00:00,22.34250831604004,24.106996233636202,22.25668069011676,23.754697128771827,566511000,24.71847610473633,24.33663730621338,26.353700942993164,22.991997833251954,24.168642036439877,24.622980515724382,25.717598830691696,38.75802762722224,-0.6291948169694521,-0.5499077480613235,-0.07928706890812864,-7.944395908499757,24.33663730621338,27.0367993378402,21.63647527458656,1.539362582692633,73.29981696032284,0.0,0.0,0.0,0.0,0.0
2022-02-24 05:00:00,23.700801849365234,23.752698549006187,20.8484821049316,20.973233676940158,735801000,24.42336368560791,24.385340309143068,26.26561626434326,23.039150438308717,24.083580184244482,24.53515397607113,25.63850875299262,45.17999070003405,-0.6282902002182027,-0.5655842384926993,-0.06270596172550336,-3.963132985218365,24.385340309143068,26.996923404089348,21.773757214196788,1.6425850056410507,76.06716795640298,0.0,0.0,0.0,0.0,0.0
2022-02-25 05:00:00,24.10898780822754,24.168868025869422,23.334531028911424,23.673855434811756,528866000,24.256994819641115,24.495770263671876,26.182182388305662,23.091075830459594,24.0881997522414,24.494566721990786,25.57852753947242,46.97932956819085,-0.5878596097463777,-0.570039312743435,-0.017820297002942742,-3.787667274791018,24.495770263671876,26.837799547463543,22.153740979880208,1.630680020288057,74.73864446492517,0.0,0.0,0.0,0.0,0.0
2022-02-28 05:00:00,24.336536407470703,24.615980608442836,23.659884397014633,23.944317823201498,477319000,24.300508117675783,24.5728666305542,26.06094383239746,23.1446040391922,24.133351871374,24.479516215846015,25.529822004884117,48.00390832162068,-0.5313319413772994,-0.5622978384702079,0.030965897092908423,-8.687513351370136,24.5728666305542,26.776536276105148,22.36919698500325,1.6291117529474097,73.61299329126977,0.0,0.0,0.0,0.0,0.0
2022-03-01 05:00:00,23.430339813232422,24.328552626962264,23.086026170341224,24.24272310643019,412056000,24.2216646194458,24.522516918182372,25.962938919067383,23.190719776153564,24.00553149716644,24.37959465369234,25.447489369917385,44.32998054868416,-0.5532780042595355,-0.5604938716280734,0.007215867368537854,-9.088449380028052,24.522516918182372,26.784470249033888,22.260563587330857,1.629325626017026,70.42220227810778,0.0,0.0,0.0,0.0,0.0
2022-03-02 05:00:00,24.175981521606445,24.364639111563292,23.372446139998853,23.712826005452477,389642000,23.99502830505371,24.50186414718628,25.891543502807618,23.240950260162354,24.036522410700986,24.360202926827018,25.397626317042445,47.86564065314037,-0.5046856607868975,-0.5493322294598383,0.04464656867294081,1.1487948618566168,24.50186414718628,26.76879749264576,22.234930801726797,1.5849264610945533,71.3588597693793,0.0,0.0,0.0,0.0,0.0
2022-03-03 05:00:00,23.6709041595459,24.281791456450637,23.426348571587415,24.217906685184186,365095000,23.716287994384764,24.42581729888916,25.811683311462403,23.289402227401734,23.970046365036424,24.294555425181198,25.329911722630815,45.74622195298414,-0.5011544044893839,-0.5396966644657474,0.03854225997636351,-2.262173213185814,24.42581729888916,26.69733202993008,22.15430256784824,1.5515748431265048,71.11922658799091,0.0,0.0,0.0,0.0,0.0
2022-03-04 05:00:00,22.894319534301758,23.636966955127175,22.441144110309114,23.341505344158694,431415000,23.559890365600587,24.375513076782227,25.68922523498535,23.33372188091278,23.774459668539208,24.161199626049825,25.234398303480656,42.62132701057514,-0.5546263600650576,-0.5426826035856095,-0.01194375647944812,-13.417967189010726,24.375513076782227,26.738729752668558,22.012296400895895,1.4698240100543063,69.71692924421437,0.0,0.0,0.0,0.0,0.0
2022-03-07 05:00:00,21.31319808959961,22.99114500980663,21.291238708054614,22.775536020572545,450821000,23.33170928955078,24.22763967514038,25.52865779876709,23.367409048080443,23.32695756327746,23.889961384483136,25.080625746073554,37.069254108502896,-0.716329160049991,-0.5774119148784858,-0.13891724517150528,-19.446101085996727,24.22763967514038,26.959795806930202,21.49548354335056,1.5114048115841379,73.38999771950535,0.0,0.0,0.0,0.0,0.0
2022-03-08 05:00:00,21.474899291992188,22.332337355011067,20.612469250055778,21.270271945662213,557467000,23.144847679138184,24.067441749572755,25.366533966064452,23.400013246536254,22.990219695771046,23.659955470912568,24.9392247086586,37.95935088741538,-0.8219568514706843,-0.6263209021969255,-0.19563594927375882,-12.197892084739282,24.067441749572755,27.05224292150807,21.082640577637438,1.4718618377555963,73.09082089853483,0.0,0.0,0.0,0.0,0.0
2022-03-09 05:00:00,22.9721736907959,23.177798676510015,22.206567458744647,22.34631240982393,492742000,23.20781421661377,23.963145160675047,25.208307495117186,23.43701036453247,22.98693860395738,23.59445244423479,24.862085453056142,45.62805609251795,-0.7759058673347994,-0.6562378952245004,-0.119667972110299,-2.639690297463826,23.963145160675047,26.94796897167574,20.978321349674356,1.520072258771832,77.59845029133926,0.0,0.0,0.0,0.0,0.0
2022-03-10 05:00:00,22.616825103759766,22.74658802016599,21.842234335180756,22.490055090570973,428066000,23.099416542053223,23.761390113830565,25.05540916442871,23.472052450180055,22.919645240285085,23.501345078475264,24.774036027593542,44.230699041117624,-0.7593307001846696,-0.6768564562165342,-0.08247424396813541,-3.1130285221704024,23.761390113830565,26.517722754152576,21.005057473508554,1.433544296745705,73.53879340772662,0.0,0.0,0.0,0.0,0.0
2022-03-11 05:00:00,22.059837341308594,23.10293830541665,22.005934624302842,22.980160740629042,367209000,22.89450149536133,23.57574815750122,24.897778358459473,23.504048981666564,22.763316531380266,23.364058627316535,24.66759686342551,42.05657142397051,-0.78212318902116,-0.6979098027774594,-0.08421338624370056,-1.2651711738583593,23.57574815750122,26.260922111883044,20.890574203119396,1.3774552006807006,73.20837639552114,0.0,0.0,0.0,0.0,0.0
2022-03-14 04:00:00,21.291234970092773,22.221540369503135,21.120546216146405,21.829254954549043,385354000,22.589971351623536,23.445239734649657,24.733059005737303,23.53325984954834,22.495665338418902,23.16664685043808,24.535190514667363,39.193599248962066,-0.8523804769641607,-0.7288039376147997,-0.12357653934936108,-10.166604887829966,23.445239734649657,26.31139638425024,20.579083085049074,1.3802487371489265,69.85239265717993,0.0,0.0,0.0,0.0,0.0
2022-03-15 04:00:00,22.93124771118164,22.996130111197097,21.28324922029345,21.47889215070773,491996000,22.540062141418456,23.380863380432128,24.604632949829103,23.566897802352905,22.574862133466674,23.14422788479461,24.472290796883613,47.41875798530865,-0.7668843958416005,-0.7364200292601598,-0.030464366581440694,-4.885066542046934,23.380863380432128,26.231662021085327,20.53006473977893,1.3704319762477983,75.48537046581936,0.0,0.0,0.0,0.0,0.0
2022-03-16 04:00:00,24.45148277282715,24.552299054127236,23.12988952261609,23.457292552284873,671422000,22.56761226654053,23.28132028579712,24.492439842224123,23.608037176132203,22.916065886077668,23.268728350321517,24.47147479594022,53.674303066412165,-0.569888550775655,-0.7031137335632589,0.13322518278760387,0.4723201503775254,23.28132028579712,25.801925179612837,20.7607153919814,1.2787773261671558,71.74512168807149,0.0,0.0,0.0,0.0,0.0
2022-03-17 04:00:00,24.720993041992188,24.79685323515595,23.862555326463934,24.076167120982394,471941000,22.672621154785155,23.19445457458496,24.402223892211914,23.647961797714235,23.244234459880303,23.407039273337773,24.481259825197164,54.703151873130935,-0.3875532256108194,-0.640001631972771,0.25244840636195165,5.508469954118467,23.19445457458496,25.34692591952902,21.0419832296409,1.2859173912910145,71.90854964138717,0.0,0.0,0.0,0.0,0.0
2022-03-18 04:00:00,26.404926300048828,26.52071662131349,24.579251558233064,24.753932770637824,730719000,23.023681831359863,23.291786098480223,24.379339599609374,23.69535099029541,23.818905703547305,23.69255232350073,24.556697726171738,60.592210894236004,-0.10595049470380857,-0.5331914045189786,0.42724090981517004,9.219666123794568,23.291786098480223,25.82691805690274,20.756654140057705,1.3563008806947445,70.59563340117057,0.0,0.0,0.0,0.0,0.0
2022-03-21 04:00:00,26.68541717529297,27.10265874201125,25.919810799916604,26.45883040449885,591727000,23.5609037399292,23.44630651473999,24.35060794830322,23.741107797622682,24.34008960750106,23.97758707129047,24.640176920254927,61.49031450318227,0.13826117904284985,-0.398900887806613,0.5371620668494628,12.735098733148265,23.44630651473999,26.401231160284183,20.4913818691958,1.3514678596208278,69.00335284822401,0.0,0.0,0.0,0.0,0.0
2022-03-22 04:00:00,26.47579574584961,27.188498830843827,26.024617540690265,26.67842593251297,547007000,24.06099338531494,23.602920532226562,24.336266860961913,23.78561325073242,24.728399814473523,24.21551170696277,24.71216197223903,60.382775406387346,0.31129754810195465,-0.2568612006248995,0.5681587487268541,15.643514567802953,23.602920532226562,26.85226648639503,20.353574578058094,1.3637313109486224,68.91499368323827,0.0,0.0,0.0,0.0,0.0
2022-03-23 04:00:00,25.587417602539062,26.563639075959117,25.528524804569468,26.078522194510693,502120000,24.322517776489256,23.765165996551513,24.301104278564452,23.826484775543214,24.884584866849075,24.346169411303368,24.746485722446877,55.79605062681438,0.37245203039868,-0.1309985544201836,0.5034505848188636,20.05433203863094,23.765165996551513,27.073044986904016,20.45728700619901,1.3765649814147956,68.09058155263686,0.0,0.0,0.0,0.0,0.0
2022-03-24 04:00:00,28.09884262084961,28.268533755984528,25.859918794556325,26.118448890609304,877379000,24.870719528198244,23.98506803512573,24.30784679412842,23.880386085510253,25.46899536757644,24.70356685983158,24.87795069885483,64.09854663429883,0.6164622156485393,0.01849359959356099,0.5979686160549783,30.845049556658168,23.98506803512573,27.818007636158544,20.15212843409292,1.4802332745725586,73.06588188901122,0.0,0.0,0.0,0.0,0.0
2022-03-25 04:00:00,27.64167594909668,28.306466021323548,27.221441486555513,27.835323644890032,579016000,25.42890338897705,24.16170244216919,24.301813201904295,23.93166856765747,25.86402820058012,24.983386773094924,24.986332081217256,61.82223694490226,0.7641439400702872,0.16762366768890624,0.596520272381381,20.326775868718407,24.16170244216919,28.329642851907217,19.993762032431164,1.4363131483594171,73.56397472215575,0.0,0.0,0.0,0.0,0.0
2022-03-28 04:00:00,28.16771697998047,28.198660780217054,27.15655743522871,27.705559052925192,425494000,26.11655158996582,24.353261470794678,24.334723815917968,23.983584594726562,26.282880705925635,25.286656316607832,25.111092273325617,63.431475195933956,0.9131041888464893,0.3167197719204229,0.5963844169260664,24.54319671640357,24.353261470794678,28.89080991191358,19.815713029675777,1.3879013797903497,73.6700012500894,0.0,0.0,0.0,0.0,0.0
2022-03-29 04:00:00,28.603925704956055,28.893397719357992,27.929153555811936,28.64285439143604,488984000,26.683819389343263,24.611940765380858,24.369033203125,24.036716375350952,26.704888887567527,25.602586734545756,25.248066133389557,64.75804254151817,1.054202467927361,0.4642163111218105,0.5899861568055504,29.665170519608488,24.611940765380858,29.503984904060612,19.719896626701104,1.3351402925780802,71.69462854086717,0.0,0.0,0.0,0.0,0.0
2022-03-30 04:00:00,27.639678955078125,28.444213951833504,27.453018519672682,28.252563440733994,463487000,27.00263900756836,24.785125637054442,24.404796409606934,24.086175565719603,26.874850718024,25.7965955174536,25.34185487149499,59.61024686213769,1.0758158806878981,0.5865362250350281,0.48927965565287,29.817171215774184,24.785125637054442,29.854221547265112,19.71602972684377,1.3366379946972395,72.93030983182078,0.0,0.0,0.0,0.0,0.0
2022-03-31 04:00:00,27.236413955688477,28.19666565950048,27.220444189167058,27.73151289162019,523440000,27.254181098937988,24.963401126861573,24.449181098937988,24.13350993156433,26.94058948850845,25.933721082999778,25.416151306169247,57.54981365965195,1.0483201684471197,0.6788930137174465,0.36942715472967325,18.7742346109129,24.963401126861573,30.11758012243921,19.809222131283935,1.3280106939272118,72.63636999129123,0.0,0.0,0.0,0.0,0.0
2022-04-01 04:00:00,26.6634521484375,27.44602766304198,26.219261218650903,27.325247285194962,517235000,27.280033683776857,25.151857757568358,24.500410079956055,24.173754138946535,26.89020088122282,26.00321927970813,25.465065064689572,54.659006132283764,0.9691249201763767,0.7369393950092326,0.2321855251671442,9.04636089418882,25.151857757568358,30.26294317362957,20.040772341507147,1.3369944290010938,71.87516764778604,0.0,0.0,0.0,0.0,0.0
2022-04-04 04:00:00,27.31028175354004,27.507921900338484,26.56463946806784,26.67943026049353,397120000,27.34252014160156,25.45171194076538,24.5800647354126,24.217324810028074,26.966579221644132,26.127701420073073,25.537426503468023,57.26859067157989,0.9476321452125909,0.7790779450499042,0.16855420016268663,10.474048138558057,25.45171194076538,30.31208679299927,20.591337088531493,1.282023110527308,65.88478423293452,0.0,0.0,0.0,0.0,0.0
2022-04-05 04:00:00,25.883878707885742,27.269356962615973,25.773080352887778,27.204474545611784,436615000,27.283328437805174,25.67216091156006,24.6312313079834,24.254818534851076,26.76972458277897,26.104480209388566,25.55101286442558,50.38216014006701,0.8062067122376284,0.7845036984874492,0.021703013750179245,-1.973296900139887,25.67216091156006,30.158636069814285,21.185685753305833,1.2760338289349271,69.86974650541566,0.0,0.0,0.0,0.0,0.0
2022-04-06 04:00:00,24.362642288208008,25.25401899900753,23.959377188284968,24.888684944472697,703833000,27.16085090637207,25.741684341430663,24.67289150238037,24.28241382598877,26.332073256493338,25.938590883561847,25.504410096730773,44.26837223564157,0.5648635764312431,0.7405756740762081,-0.17571209764496498,-8.704285459833583,25.741684341430663,30.093052420996347,21.390316261864978,1.3467626582855525,70.25648761622688,0.0,0.0,0.0,0.0,0.0
2022-04-07 04:00:00,24.16400718688965,24.67707303806538,23.435334266714467,24.396583559935085,557992000,26.767367362976074,25.81904344558716,24.701636810302734,24.308165388107298,25.937879425656302,25.76958291245021,25.451845276737004,43.52565607147062,0.35349434711672245,0.6631594086843109,-0.30966506156758844,-8.731705672424827,25.81904344558716,29.987674449119076,21.65041244205524,1.2967822088763017,70.03730083397677,0.0,0.0,0.0,0.0,0.0
2022-04-08 04:00:00,23.07698631286621,23.8795260910143,23.020090688541902,23.873536476701478,524781000,26.31089839935303,25.86990089416504,24.72516876220703,24.32774230003357,25.41771704151265,25.51314514106126,25.358713552663637,39.60921062755801,0.09714933309217955,0.5499573935658847,-0.45280806047370514,-9.811194426372039,25.86990089416504,29.866704045376324,21.873097742953753,1.2940013914658088,71.50676470924746,0.0,0.0,0.0,0.0,0.0
2022-04-11 04:00:00,21.877166748046875,22.27943419352608,21.620633863364553,22.173627848560624,575207000,25.68184337615967,25.899197483062743,24.706819915771483,24.34219059944153,24.77398062451887,25.1668614845837,25.222182305423765,35.782065745131874,-0.2005099945547144,0.39986391594176485,-0.6003739104964793,-22.142107263116205,25.899197483062743,29.760998175817786,22.0373967903077,1.3148921885621014,72.96126790181582,0.0,0.0,0.0,0.0,0.0
2022-04-12 04:00:00,21.46491813659668,22.683699749756602,21.243321479658512,22.496041696902733,662258000,24.96794261932373,25.825881004333496,24.64737159729004,24.34981858253479,24.172332899442107,24.814295451442078,25.074838612528584,34.546926070911496,-0.4643197844273175,0.2270271758679484,-0.6913469602952659,-22.34581515200005,25.825881004333496,29.970268411499127,21.681493597167865,1.3438396170412759,67.69153047002509,0.0,0.0,0.0,0.0,0.0
2022-04-13 04:00:00,22.162649154663086,22.459110293944573,21.416009317470518,21.68851390489682,516943000,24.420239639282226,25.711439323425292,24.598843841552736,24.360726919174194,23.806935854936828,24.561757708891697,24.960635104376998,38.421242569660336,-0.6100575182489543,0.05961023704456789,-0.6696677552935222,-21.3189724590933,25.711439323425292,30.132777708010643,21.29010093883994,1.2268385329718894,64.10790853028921,0.0,0.0,0.0,0.0,0.0
2022-04-14 04:00:00,21.219369888305664,22.735610602818266,21.124543205448024,22.46410361058264,569097000,23.818535232543944,25.536358165740968,24.51939441680908,24.367039842605593,23.33646931554934,24.243435059312077,24.81391882139381,35.37284257953753,-0.7925346298898788,-0.11081873634232146,-0.6817158935475574,-25.81658158680963,25.536358165740968,30.37999192596896,20.692724405512976,1.2644130231577613,65.23869994682191,0.0,0.0,0.0,0.0,0.0
2022-04-18 04:00:00,21.7434139251709,22.047858038582817,21.040692857198728,21.161473248993577,525701000,23.326531410217285,25.30328254699707,24.47625461578369,24.37492787361145,23.046822880935075,24.00533780844149,24.693506864679186,38.301620753375246,-0.8846652115122922,-0.2655880313763156,-0.6190771801359766,-21.332610409441564,25.30328254699707,30.41228952729287,20.194275566701272,1.2619174400431716,60.25385298595077,0.0,0.0,0.0,0.0,0.0
2022-04-19 04:00:00,22.157655715942383,22.33233689682969,21.275261584203733,21.680523827744366,512781000,22.81126880645752,25.07689447402954,24.43399440765381,24.383515253067017,22.885156123663673,23.829368085346335,24.59406172159147,40.59342108902793,-0.9137207071205928,-0.39521456652517106,-0.5185061405954218,-18.64694173032043,25.07689447402954,30.32733634777002,19.82645260028906,1.2685482364060217,60.69043495409257,0.0,0.0,0.0,0.0,0.0
2022-04-20 04:00:00,21.442960739135742,22.628801491972297,21.161473633865274,22.476079663374364,468974000,22.36717700958252,24.825252723693847,24.36927646636963,24.38747410774231,22.62293878102223,23.60209119523104,24.470489134044186,37.9726706455401,-0.9830849174179903,-0.5127886367037349,-0.47029628071425544,-19.579202948811268,24.825252723693847,30.27214449967252,19.378360947715173,1.2911497130362826,61.26765197532724,0.0,0.0,0.0,0.0,0.0
2022-04-21 04:00:00,20.146320343017578,22.351305380675164,19.963652360371036,21.66954608901935,656209000,21.945544815063478,24.553197860717773,24.27104076385498,24.38657976150513,22.172644519566838,23.2729701616869,24.30091388733726,33.71931012102277,-1.1296625506186189,-0.6361634194867116,-0.49349913113190724,-26.231737464934234,24.553197860717773,30.370725433625655,18.735670287809892,1.3919662523199043,63.3614818928872,0.0,0.0,0.0,0.0,0.0
2022-04-22 04:00:00,19.479536056518555,20.448772191837854,19.46456392428075,20.266104182229988,624713000,21.477097702026366,24.122232532501222,24.127592964172365,24.3846911239624,21.682988435376238,22.91169072309944,24.111840246912998,31.749824241448323,-1.2848196986233766,-0.7658946753140446,-0.518925023309332,-24.742592575262112,24.122232532501222,30.108410534640818,18.136054530361626,1.374640668260335,48.78899090559619,0.0,0.0,0.0,0.0,0.0
2022-04-25 04:00:00,19.865835189819336,19.90875632059273,19.061300069268512,19.167106444428228,641566000,21.15598258972168,23.733440494537355,24.00945613861084,24.383998193740844,21.35259693618407,22.621609243739428,23.945330244674032,34.14952006611405,-1.3609238615133847,-0.8849005125539127,-0.47602334895947207,-18.45779716827026,23.733440494537355,29.767036001079127,17.699844987995583,1.3677959410498757,50.57907442321364,0.0,0.0,0.0,0.0,0.0
2022-04-26 04:00:00,18.753856658935547,19.75203935812216,18.636071069969407,19.682166873800284,653143000,20.843651580810548,23.262747478485107,23.90650520324707,24.375439367294312,20.880098703957067,22.253251854710488,23.74174304523331,30.793191449428377,-1.4937453663949967,-1.0066694833221295,-0.4870758830728672,-22.389293655273434,23.262747478485107,29.308584914151343,17.21691004281887,1.3458361352782806,50.717541400932255,0.0,0.0,0.0,0.0,0.0
2022-04-27 04:00:00,18.381534576416016,19.13216683922804,18.25676174406092,18.564200662650713,499460000,20.535313224792482,22.751627922058105,23.789760398864747,24.366328449249266,20.425814317131422,21.884516875825298,23.5315387915542,29.73924888814082,-1.6104859666440277,-1.1274327799865091,-0.4830531866575185,-20.346901769544836,22.751627922058105,28.622087501431967,16.881168342684244,1.2709006763901625,48.99313832182475,0.0,0.0,0.0,0.0,0.0
2022-04-28 04:00:00,19.746049880981445,20.000587537213033,18.45639800746317,18.932530442416695,570327000,20.293653297424317,22.35694646835327,23.65583450317383,24.36607795715332,20.30222078328597,21.680853352506837,23.38308824604154,38.100880188243146,-1.5747460597325613,-1.2168954359357196,-0.35785062379684174,-9.741283647964561,22.35694646835327,27.895726343658676,16.818166593047867,1.297851689922027,59.29771086917022,0.0,0.0,0.0,0.0,0.0
2022-04-29 04:00:00,18.513290405273438,20.091416202004684,18.483344246987826,19.36673592565352,500435000,20.023045349121094,21.92079029083252,23.49693416595459,24.364029903411865,19.97696071455642,21.379180690865564,23.192115781697694,34.147066117239945,-1.62713867135718,-1.2989440830200119,-0.3281945883371682,-13.750938683017178,21.92079029083252,27.20991989102329,16.631660690641752,1.3310056511126778,61.53499462500223,0.0,0.0,0.0,0.0,0.0
2022-05-02 04:00:00,19.49750518798828,19.538429143635206,18.357580255112094,18.507307291350344,572049000,19.79845447540283,21.56249294281006,23.397718353271486,24.370919971466066,19.88978698245312,21.199973500115348,23.047229091748306,39.5413739355465,-1.5711312627968503,-1.3533815189753797,-0.2177497438214706,-12.025385359286123,21.56249294281006,26.454864363453346,16.670121522166774,1.311326825328496,66.54646784910518,0.0,0.0,0.0,0.0,0.0
2022-05-03 04:00:00,19.566377639770508,19.788973871458698,19.09823006494358,19.364745058425033,475751000,19.539326667785645,21.175297737121582,23.31714572906494,24.37506772041321,19.83098528378355,21.04439294198727,22.910725113239376,39.91229929464456,-1.5038520860014692,-1.3834756323805977,-0.12037645362087157,-7.790015713172272,21.175297737121582,25.32110509554164,17.029490378701524,1.2577815065011408,65.33297365849906,0.0,0.0,0.0,0.0,0.0
2022-05-04 04:00:00,20.297039031982422,20.362919050204543,18.716916228658665,19.88678679701612,648855000,19.42473449707031,20.895955753326415,23.256216201782227,24.383705577850343,19.91572232891062,20.973216379129664,22.80822761985675,43.848226263233464,-1.3757161858742037,-1.381923743079319,0.006207557205115233,-6.652013792158485,20.895955753326415,24.41078533874588,17.38112616790695,1.300845924006271,66.42354253209703,0.0,0.0,0.0,0.0,0.0
2022-05-05 04:00:00,18.809751510620117,19.888786204081587,18.46637685642343,19.83089295751336,626331000,19.291077613830566,20.618311214447022,23.185561065673827,24.380926151275634,19.714636725585073,20.76717210593828,22.651424635180806,38.34260293652499,-1.3782911525968515,-1.3811972249828255,0.002906072385973957,-15.109469378177298,20.618311214447022,23.84563636176183,17.390986067132214,1.3165312653054675,67.98109013246105,0.0,0.0,0.0,0.0,0.0
2022-05-06 04:00:00,18.64105987548828,19.47653863115754,17.957305306226015,18.701949838466604,633297000,19.207229995727538,20.342163848876954,23.084366226196288,24.376385374069216,19.51944093465838,20.5646852268478,22.494155428918354,37.7634287704791,-1.3780584375599076,-1.380569467498242,0.002511029938334408,-13.066763017169015,20.342163848876954,23.218076398203365,17.466251299550542,1.3531075612731414,67.9756255039462,0.0,0.0,0.0,0.0,0.0
2022-05-09 04:00:00,16.91919708251953,18.221823872571708,16.796419517005482,18.001226735376935,644455000,18.91256618499756,20.03427438735962,22.940570411682128,24.363414878845216,19.046669325178588,20.217495879768915,22.27552961141252,32.38600093367056,-1.499528317382488,-1.4043612374750913,-0.0951670799073967,-16.01842522878636,20.03427438735962,22.994650461363896,17.073898313355343,1.4093622074057728,72.9243991533086,0.0,0.0,0.0,0.0,0.0
2022-05-10 04:00:00,17.56302261352539,18.16492737651773,16.99405882150625,17.656851643260232,761474000,18.793482780456543,19.818567180633544,22.805100135803222,24.35498046875,18.776915377605278,19.964688902031437,22.090725415416944,36.05273555074405,-1.5262490832329583,-1.4287388066266646,-0.09751027660629363,-9.838599017104565,19.818567180633544,22.84158125580417,16.79555310546292,1.3935338099694283,73.7656011699962,0.0,0.0,0.0,0.0,0.0
2022-05-11 04:00:00,16.599775314331055,17.720735437950946,16.537889624665944,17.315473177135534,670167000,18.615306854248047,19.575310039520264,22.668488845825195,24.342158851623534,18.381071729737236,19.64422094129807,21.875394038903774,33.15569067044092,-1.6066312446386277,-1.4643172942290572,-0.1423139504095705,-16.44058678772309,19.575310039520264,22.815683177327266,16.334936901713263,1.307476152325205,75.43362742350762,0.0,0.0,0.0,0.0,0.0
2022-05-12 04:00:00,16.145605087280273,16.75749197618236,15.538711130202692,16.189525752393525,708728000,18.25526237487793,19.27445783615112,22.507881317138672,24.325594730377198,17.974623249290516,19.311019431391614,21.65069643295776,31.85590285131228,-1.687529637132723,-1.5089597628097904,-0.1785698743229327,-13.907814371677695,19.27445783615112,22.61900240400709,15.929913268295152,1.3242313364982454,73.75673046605469,0.0,0.0,0.0,0.0,0.0
2022-05-13 04:00:00,17.673824310302734,17.895421017236522,16.562847872141287,16.757493216581477,670437000,18.17131576538086,19.097180557250976,22.38793972015381,24.315878534317015,17.919932533110916,19.155096086526004,21.494740663441878,40.33219857366031,-1.6097712358299177,-1.529122057413816,-0.08064917841610164,-3.8501152511025483,19.097180557250976,22.383009695950403,15.811351418551547,1.3886855992576763,82.44655501247868,0.0,0.0,0.0,0.0,0.0
2022-05-16 04:00:00,17.232627868652344,17.755675825530098,17.074915945165092,17.477183493359433,521446000,17.944828033447266,18.87164125442505,22.27470588684082,24.30476947784424,17.7949680486639,18.97200387529994,21.327598985214838,38.830502999844676,-1.56569959783738,-1.536437565498529,-0.02926203233885105,-12.728733227550093,18.87164125442505,22.008546987959388,15.73473552089071,1.349471010723039,81.73042523171891,0.0,0.0,0.0,0.0,0.0
2022-05-17 04:00:00,18.143962860107422,18.33761050359506,17.601950508278644,18.041149425668817,585830000,17.802586555480957,18.6709566116333,22.211321182250977,24.296964960098265,17.85842165074454,18.893142826233987,21.202750509720428,43.509334677581904,-1.4406287186349864,-1.5172757961258205,0.0766470774908341,-1.994931949324441,18.6709566116333,21.411182564565664,15.930730658700938,1.3658694064212955,84.18734628970064,0.0,0.0,0.0,0.0,0.0
2022-05-18 04:00:00,16.907217025756836,18.08507282771539,16.8333521055283,17.672823297029897,545161000,17.463604354858397,18.444169425964354,22.119967536926268,24.28265247344971,17.685475355292226,18.704007035712355,21.03429821623166,39.134610992757246,-1.4248790796225066,-1.4987964528251578,0.07391737320265124,-13.285228736993638,18.444169425964354,20.96001829137585,15.928320560552857,1.3438378202628747,86.45926857615575,0.0,0.0,0.0,0.0,0.0
2022-05-19 04:00:00,17.09288215637207,17.65485877694169,16.70358958474404,16.906221705811088,621310000,17.291917419433595,18.29149751663208,22.00238170623779,24.266978549957276,17.577731137306742,18.550566571013277,20.879732880550897,40.10818778744771,-1.3814907870180946,-1.4753353196637453,0.09384453264565074,-12.641560583860068,18.29149751663208,20.742172568299843,15.84082246496432,1.2969233372043598,84.67325445479467,0.0,0.0,0.0,0.0,0.0
2022-05-20 04:00:00,16.66366195678711,17.378360361940025,15.726368287812404,17.30050299605302,739105000,17.094177627563475,18.150703811645506,21.88331844329834,24.247347688674928,17.411536740848625,18.370861369658407,20.714396765893493,38.572128750698916,-1.3659934137249117,-1.4534669384759786,0.08747352475106696,-17.901020289068438,18.150703811645506,20.63728018055456,15.664127442736454,1.3305764218903964,84.39167425795372,0.0,0.0,0.0,0.0,0.0
2022-05-23 04:00:00,16.867294311523438,16.88426361777237,16.1496009881176,16.244427672325003,639889000,17.088987350463867,18.000776767730713,21.779467582702637,24.230086898803712,17.31258357188041,18.227664506978883,20.56353000297702,39.751025690440215,-1.322040544086331,-1.4271816595980493,0.10514111551171834,-10.326862627610767,18.000776767730713,20.412391060586145,15.589162474875282,1.3337134806860855,84.12033683113587,0.0,0.0,0.0,0.0,0.0
2022-05-24 04:00:00,16.124637603759766,16.566833193060056,15.751317794776025,16.479991432038986,588550000,16.945148849487303,17.869315814971923,21.676135635375978,24.209467010498045,17.096593395858473,18.027376230481824,20.38945579124301,36.964749579308396,-1.3317818161388324,-1.408101690906206,0.07631987476737367,-13.499351906687663,17.869315814971923,20.392161985937538,15.346469644006309,1.2958544589147662,83.29727732686487,0.0,0.0,0.0,0.0,0.0
2022-05-25 04:00:00,16.944149017333984,17.079901523082487,15.97092065890551,15.990884766660846,781132000,16.9795862197876,17.797446537017823,21.556393661499023,24.19473557472229,17.068876236126748,17.92421173399155,20.25434572167795,41.81164319311476,-1.2588627362807259,-1.37825389998111,0.11939116370038416,0.14747706225510804,17.797446537017823,20.34066610834008,15.254226965695564,1.244305793816051,85.51111970166555,0.0,0.0,0.0,0.0,0.0
2022-05-26 04:00:00,17.818557739257812,18.059118973315748,15.992881259502376,16.00685575522456,996575000,17.14688148498535,17.70107192993164,21.423735160827636,24.185558490753174,17.20518196396876,17.914149448778815,20.15882462432814,46.535429520383644,-1.1176329866511843,-1.326129717315125,0.2084967306639407,1.454960978844455,17.70107192993164,20.0737438364418,15.32840002342148,1.2833775358790405,83.15649938903927,0.0,0.0,0.0,0.0,0.0
2022-05-27 04:00:00,18.77681541442871,18.846687898146087,18.06710707974636,18.152951232834447,738379000,17.257180595397948,17.714248180389404,21.304851608276365,24.180145025253296,17.49093350041602,17.996308112174045,20.10462818472424,51.209958415944364,-0.9178041319517085,-1.2444646002424418,0.32666046829073325,13.11487691172637,17.714248180389404,20.108738338492774,15.319758022286036,1.225055378765146,82.52048076130271,0.0,0.0,0.0,0.0,0.0
2022-05-31 04:00:00,18.638065338134766,19.165105599325045,18.31665005645975,18.945504221241023,664100000,17.39772434234619,17.67127618789673,21.149514389038085,24.172626037597656,17.699502925455793,18.05742784797983,20.04711591623054,50.52117791837466,-0.7618521392624444,-1.1479421080464425,0.38608996878399804,15.437391397725243,17.67127618789673,19.959507890830327,15.383044484963131,1.1966786108270813,80.31058523339007,0.0,0.0,0.0,0.0,0.0
2022-06-01 04:00:00,18.286705017089844,19.018372668475514,18.089064907013434,18.68997202318387,544514000,17.411998558044434,17.607292556762694,20.981540145874025,24.16453755378723,17.806266942116526,18.079263768847454,19.97808019469561,48.73362342628644,-0.659014197503641,-1.0501565259378822,0.39114232843424124,3.4677311261368526,17.607292556762694,19.738587472255215,15.47599764127017,1.1785687499825868,80.53466332252603,0.0,0.0,0.0,0.0,0.0
2022-06-02 04:00:00,19.55638885498047,19.58334020655113,18.164923472465688,18.258752482034556,648656000,17.6769157409668,17.570260047912598,20.84315200805664,24.165251846313478,18.124470926273606,18.219942348479172,19.961543279412666,54.938322668742074,-0.46964770680671464,-0.9340547621116487,0.4644070553049341,13.48465831235901,17.570260047912598,19.52303393054886,15.617486165276336,1.1928284562758564,83.37708579025096,0.0,0.0,0.0,0.0,0.0
2022-06-03 04:00:00,18.68598175048828,19.29687105430401,18.488341597340362,19.047325348696557,598779000,17.836225700378417,17.564071559906004,20.705123291015624,24.163699340820312,18.226563803403543,18.26432705343242,19.911521258670536,50.432156810579954,-0.38536572149873294,-0.8243169539890656,0.43895123249033263,2.9873236324385433,17.564071559906004,19.501026718376846,15.627116401435162,1.1441306939675602,80.62871977462179,0.0,0.0,0.0,0.0,0.0
2022-06-06 04:00:00,18.751859664916992,19.301858931419297,18.53026298173821,19.10421880079085,422406000,18.045045471191408,17.56961154937744,20.518183631896974,24.158694906234743,18.32207214186053,18.310758730716667,19.8660443334253,50.761341845847234,-0.3096859766278115,-0.7213907585168148,0.4117047818890033,10.910385998771922,17.56961154937744,19.520122981850598,15.619100116904285,1.1506189846329948,80.54796447056215,0.0,0.0,0.0,0.0,0.0
2022-06-07 04:00:00,18.8916072845459,18.965472213893936,18.154947548277914,18.438431844745782,388914000,18.24747676849365,17.66823205947876,20.343182258605957,24.14931082725525,18.425623985985144,18.366077640605166,19.82783111582219,51.497203382149344,-0.23571558604198728,-0.6242557240218494,0.3885401379798621,10.523240678303502,17.66823205947876,19.678807477184534,15.657656641772988,1.1295862725382309,72.50815043623436,0.0,0.0,0.0,0.0,0.0
2022-06-08 04:00:00,18.61804962158203,19.149194749604547,18.50523024581006,18.76880616680508,363252000,18.496817970275877,17.72098340988159,20.15218891143799,24.13286201477051,18.460610465184576,18.390074972126772,19.78038870428336,49.92433868933705,-0.19689762253121756,-0.538784103723723,0.3418864811925054,11.728440422418075,17.72098340988159,19.774831887263996,15.667134932499184,1.081968683196471,71.8720818185675,0.0,0.0,0.0,0.0,0.0
2022-06-09 04:00:00,18.01900863647461,18.90258723082813,18.012019911507146,18.451313643542257,395574000,18.604303932189943,17.79194507598877,19.94049057006836,24.114241113662718,18.380319223600946,18.35473532111228,19.711314976134,46.570004461312905,-0.21202758585720005,-0.47343280015041844,0.2614052142932184,6.82809171216241,17.79194507598877,19.779691471400437,15.804198680577105,1.077632835133852,69.83688690801934,0.0,0.0,0.0,0.0,0.0
2022-06-10 04:00:00,16.946733474731445,17.66857160304111,16.841900702079162,17.57172730437252,465248000,18.517121505737304,17.83200149536133,19.726631660461425,24.088163604736327,18.119667269261036,18.22063990717125,19.602900015294683,41.22999868841275,-0.30700289668348546,-0.4401468194570318,0.13314392277354636,5.098383549283558,17.83200149536133,19.709275649529527,15.95472734119313,1.0437125394386968,72.6877223528444,0.0,0.0,0.0,0.0,0.0
2022-06-13 04:00:00,15.621867179870605,16.285798979640894,15.580932670861289,15.974299858189175,604153000,18.201626682281493,17.72940363883972,19.49434072494507,24.056185126304626,17.665521798462777,17.973137742666424,19.446781080572173,35.77204654825425,-0.48360248399572825,-0.4488379523647711,-0.03476453163095716,-7.803766575179871,17.72940363883972,19.85141355768367,15.607393719995768,1.0887938375969388,69.74285173981647,0.0,0.0,0.0,0.0,0.0
2022-06-14 04:00:00,15.810563087463379,16.040193181616115,15.387243419466994,15.705731253766638,469680000,17.918876457214356,17.658300399780273,19.277282943725584,24.02231658935547,17.328256578281067,17.767178251694702,19.30418429652869,37.05020828618513,-0.6014001796147781,-0.4793503978147725,-0.12204978180000559,-11.269119988148224,17.658300399780273,19.93971032570944,15.376890473851107,1.055720497982775,69.59225476481903,0.0,0.0,0.0,0.0,0.0
2022-06-15 04:00:00,16.50045394897461,16.840905821966867,15.90041852007138,16.069146736449664,563936000,17.740251350402833,17.576124954223634,19.061086387634276,23.991638145446778,17.177747009316256,17.646537841911837,19.194234086820686,41.624217529116876,-0.6318042293425989,-0.5098411641203379,-0.12196306522226108,-12.123256341460708,17.576124954223634,19.901845340156477,15.250404568290792,1.0501034887203828,68.67177973635921,0.0,0.0,0.0,0.0,0.0
2022-06-16 04:00:00,15.57594108581543,15.916393918477562,15.376262521633423,15.834524897841815,545749000,17.34220657348633,17.509561157226564,18.854927635192873,23.957828950881957,16.88650956867974,17.449338150855034,19.05234024364401,37.67366483153195,-0.7221753316965511,-0.5523079976355806,-0.16986733406097054,-16.429410439151205,17.509561157226564,19.987137037358014,15.031985277095114,0.9828144682580839,67.28556036976732,0.0,0.0,0.0,0.0,0.0
2022-06-17 04:00:00,15.854491233825684,15.969306274754233,15.303377894797796,15.622863557257194,630334000,17.05905752182007,17.447641611099243,18.684764614105223,23.925133109092712,16.698869871433548,17.29744796828081,18.926934400121723,39.535691871604875,-0.7625284589793573,-0.594352089904336,-0.16817636907502131,-13.300448500651896,17.447641611099243,20.0287988426458,14.866484379552686,0.9569429126200956,67.52317589197705,0.0,0.0,0.0,0.0,0.0
2022-06-21 04:00:00,16.53938865661621,16.98067807199888,16.380643675300785,16.448535233491057,483089000,16.83781042098999,17.4414279460907,18.532272243499754,23.896086268424988,16.6698732869213,17.225251843360372,18.83330515527837,43.96825909392696,-0.7308186821381,-0.6216454083510888,-0.10917327378701114,-15.427184541771432,17.4414279460907,20.031115886837274,14.851740005344121,0.9767808622849457,68.88180259373921,0.0,0.0,0.0,0.0,0.0
2022-06-22 04:00:00,16.333721160888672,16.635236096967933,16.15400999438934,16.19993563125689,437135000,16.58202180862427,17.41474928855896,18.397406940460204,23.86378079891205,16.608754718551733,17.140344159315447,18.735282253537598,42.950032235862864,-0.7140529457291933,-0.6401269158267098,-0.07392602990248354,-12.588370367739133,17.41474928855896,20.040089251343385,14.789409325774532,0.9447750295075537,68.88252728879178,0.0,0.0,0.0,0.0,0.0
2022-06-23 04:00:00,16.198938369750977,16.558358811416724,15.827535215459164,16.492464841611433,463680000,16.34011068344116,17.41846432685852,18.283842372894288,23.831704525947572,16.53424265513341,17.050686465071212,18.63581778750675,42.25934487728574,-0.7035319453203286,-0.6528079217254336,-0.05072402359489503,-13.614229952575297,17.41846432685852,20.036317168276156,14.800611485440882,0.8956612339269905,67.04440069287575,0.0,0.0,0.0,0.0,0.0
2022-06-24 04:00:00,17.09848976135254,17.112467212054863,16.2838005267453,16.473495860765993,472153000,16.248058795928955,17.42618136405945,18.196513805389404,23.805737614631653,16.636833038082344,17.05523915995515,18.575530413932075,48.24172524163418,-0.6155124528457883,-0.6453488279495045,0.029836375103716284,-9.491609137250078,17.42618136405945,20.039052210192636,14.813310517926263,0.8846242042601177,67.52677987596927,0.0,0.0,0.0,0.0,0.0
2022-06-27 04:00:00,16.841899871826172,17.302159729097916,16.599290214543977,17.284188996018592,427968000,16.237575435638426,17.377348470687867,18.090098819732667,23.779296021461487,16.674117916944855,17.034921132514295,18.507544902476944,46.75371246483595,-0.5600056342271493,-0.6282801892050335,0.06827455497788415,-9.539934557360663,17.377348470687867,19.995842589595156,14.75885435178058,0.8797151731796072,65.04110059301216,0.0,0.0,0.0,0.0,0.0
2022-06-28 04:00:00,15.95632553100586,17.174364935586908,15.919384315821686,16.8728500479027,461149000,16.27102127075195,17.236323976516722,17.98483793258667,23.746924710273742,16.543610210410492,16.932197741894445,18.407497083987884,41.94494648769031,-0.580779662392203,-0.6187800838424674,0.03800042145026439,-11.447261872628257,17.236323976516722,19.841237136011852,14.631410817021594,0.9114620270474072,63.88734355977006,0.0,0.0,0.0,0.0,0.0
2022-06-29 04:00:00,15.517032623291016,15.79458591282437,15.14563047564201,15.788595985603974,482352000,16.241668224334717,17.080272340774535,17.86031030654907,23.713983502388,16.356959740025133,16.79742011155126,18.29414553650958,39.76030060593351,-0.6254803476111093,-0.6201201365961958,-0.005360211014913463,-8.436439114193872,17.080272340774535,19.705474542609913,14.455070138939158,0.9233713521595046,64.28849525759779,0.0,0.0,0.0,0.0,0.0
2022-06-30 04:00:00,15.134651184082031,15.541995824627715,14.838128310223647,15.336326385518298,686070000,16.10508794784546,16.922669649124146,17.719850215911865,23.678681330680845,16.13472182076275,16.639061166078,18.170243797198697,37.909430418528665,-0.6838776334874801,-0.6328716359744527,-0.05100599751302737,-3.118807695512682,16.922669649124146,19.620376319107894,14.224962979140399,0.9100356518082965,64.4467487024713,0.0,0.0,0.0,0.0,0.0
2022-07-01 04:00:00,14.499671936035156,15.03880451331611,14.368882791299097,14.875068383035895,577610000,15.997461032867431,16.66983380317688,17.580984439849853,23.63971034526825,15.83744002353955,16.435309810835825,18.026299802643265,34.99607759170753,-0.7724906307164385,-0.66079543492285,-0.11169519579358855,-8.291236334698693,16.66983380317688,19.27447026955657,14.065197336797187,0.8806542559788312,58.39692953851966,0.0,0.0,0.0,0.0,0.0
2022-07-05 04:00:00,14.939963340759277,14.946952066314836,14.032424007393097,14.152231139263709,651397000,15.906008243560791,16.48253288269043,17.47685729980469,23.603434734344482,15.674262444852229,16.292895861304725,17.905267000216444,38.523982792004055,-0.7979904950549646,-0.6882344469492729,-0.10975604810569162,-9.457258649010114,16.48253288269043,19.014459106130058,13.950606659250797,0.8484204884825157,59.28400023346605,0.0,0.0,0.0,0.0,0.0
2022-07-06 04:00:00,15.105695724487305,15.29439224990289,14.765242940869179,14.985888603236944,529066000,15.7626389503479,16.300224685668944,17.38938049316406,23.569694204330446,15.570886677513151,16.17982918160783,17.795479891364323,39.84736070975373,-0.7956542955349946,-0.7097184166664172,-0.08593587886857734,-3.0190494348772523,16.300224685668944,18.663616554466817,13.936832816871071,0.8395775989742722,59.58081987728313,0.0,0.0,0.0,0.0,0.0
2022-07-07 04:00:00,15.832527160644531,15.919387306256189,15.364280650557577,15.431173417202471,492903000,15.712519550323487,16.147270679473877,17.308714332580568,23.54351453781128,15.618457674446129,16.146752798658945,17.718501352904724,45.398634800076636,-0.7267757990605386,-0.7131298931452414,-0.01364590591529713,-0.13853533902300486,16.147270679473877,18.17690787739108,14.117633481556673,0.8241025166360861,62.82757428309122,0.0,0.0,0.0,0.0,0.0
2022-07-08 04:00:00,15.812559127807617,16.011239824701722,15.36428001522436,15.40521452102006,467972000,15.67388162612915,16.006996154785156,17.24988838195801,23.51657141685486,15.65374884778458,16.114924830006437,17.643758520547976,45.275016472636736,-0.6661217112904954,-0.7037282567742923,0.03760654548379694,-4.394536847151498,16.006996154785156,17.672814959841343,14.341177349728971,0.7900145439315274,62.82317505322881,0.0,0.0,0.0,0.0,0.0
2022-07-11 04:00:00,15.12765884399414,15.50205640910356,15.013841664281085,15.501057611888289,437321000,15.47679853439331,15.862428665161133,17.18481086730957,23.48273612976074,15.558096119822682,16.020899498005267,17.545087944996844,41.13737035305858,-0.6656454918171466,-0.6961117037828632,0.03046621196571664,-7.383879674537752,15.862428665161133,17.275753828486817,14.449103501835449,0.7994994784722484,63.526654848301334,0.0,0.0,0.0,0.0,0.0
2022-07-12 04:00:00,15.05777359008789,15.406212969174792,14.85310295738434,15.243474689136713,458483000,15.298385906219483,15.767980670928955,17.0910453414917,23.44585214614868,15.46712838714363,15.929173221060756,17.44754620558865,40.728359782574906,-0.6632615738312087,-0.6895416777925324,0.026280103961323742,-7.044688692649359,15.767980670928955,17.127656520814515,14.408304821043396,0.7585654194449095,60.534381709076804,0.0,0.0,0.0,0.0,0.0
2022-07-13 04:00:00,15.139641761779785,15.350303276177021,14.441765153311936,14.56656436693939,521918000,15.216717529296876,15.743869400024414,17.023572368621828,23.411378264427185,15.407585364350203,15.853979748748282,17.357040148968697,41.46261251135122,-0.647304501042516,-0.6810942424425291,0.03378974140001312,-11.456263254315646,15.743869400024414,17.13127485773531,14.356463942313516,0.7890877066082304,54.09781266051825,0.0,0.0,0.0,0.0,0.0
2022-07-14 04:00:00,15.347307205200195,15.448144798089075,14.704341629701336,15.083731337790685,456235000,15.199744987487794,15.720706605911255,16.940568408966065,23.38004325389862,15.396625699050201,15.805725220791322,17.278227092350324,43.378686985367196,-0.6108599271484092,-0.6670473793837052,0.056187452235295976,-8.874252180576093,15.720706605911255,17.118850433329776,14.322562778492733,0.7900148189246717,54.1534795928126,0.0,0.0,0.0,0.0,0.0
2022-07-15 04:00:00,15.73668098449707,15.75664836262336,15.420189805163654,15.633846749612045,385935000,15.259947967529296,15.682517957687377,16.863974475860594,23.35544999599457,15.458453932767814,15.799149579239488,17.217774303807058,46.8890366625425,-0.5442839631889047,-0.6424946961447451,0.09821073295584037,-1.376535882788188,15.682517957687377,17.03185784112348,14.333178074251277,0.7540014128617631,52.52343656099168,0.0,0.0,0.0,0.0,0.0
2022-07-18 04:00:00,16.075136184692383,16.8698570674019,15.976296187145689,16.275813524039364,670517000,15.41749439239502,15.707477712631226,16.779536418914795,23.333457083702086,15.57057797857228,15.82543401785405,17.17296496580256,49.80226000276806,-0.45892136618865464,-0.6057800301535271,0.14685866396487246,3.596715782911075,15.707477712631226,17.06694678315455,14.348008642107905,0.7847375963153981,49.008005374801535,0.0,0.0,0.0,0.0,0.0
2022-07-19 04:00:00,16.964706420898438,17.08251690860308,16.146023887163786,16.459518688005346,702366000,15.619968700408936,15.762988471984864,16.742635517120362,23.3149191236496,15.824055877177035,15.933936151477326,17.164797964041615,56.548450572388,-0.31584909765990155,-0.547793843654802,0.23194474599490045,12.091823026229886,15.762988471984864,17.233836697831883,14.292140246137846,0.7670518894686463,52.30721544175408,0.0,0.0,0.0,0.0,0.0
2022-07-20 04:00:00,17.77839469909668,17.904193653189743,16.774012086751018,16.919777466324557,760538000,15.887238597869873,15.824938774108887,16.72538221359253,23.300319876670837,16.17939020843515,16.109598870298218,17.1888605811026,61.62827046612013,-0.135246413826291,-0.4652843576890998,0.3300379438628088,22.612392732232188,15.824938774108887,17.520656731444063,14.129220816773712,0.7898723545454231,52.80690896106013,0.0,0.0,0.0,0.0,0.0
2022-07-21 04:00:00,18.021005630493164,18.11485450174296,17.516817646879083,17.856271659241287,557049000,16.106086444854736,15.909302997589112,16.747418384552002,23.291973032951354,16.514229376082064,16.291637609364404,17.221493720294387,63.016582462867746,0.027146263634250545,-0.36679823342442974,0.3939444970586803,20.62282362720511,15.909302997589112,17.860277695041994,13.95832830013623,0.7823130217211238,52.53182087935054,0.0,0.0,0.0,0.0,0.0
2022-07-22 04:00:00,17.291179656982422,17.93813754600972,17.109470902798687,17.86425701094861,536671000,16.253948497772218,15.963915061950683,16.741981525421142,23.276389651298523,16.65549306351849,16.38683209008993,17.22422650212529,56.40525181452569,0.09584789893000689,-0.27426900695354245,0.37011690588354934,14.467946212846773,15.963915061950683,18.007955471710545,13.91987465219082,0.792724902786234,54.843278311465404,0.0,0.0,0.0,0.0,0.0
2022-07-25 04:00:00,16.99665641784668,17.09649617987304,16.62225873846163,16.991663382388573,480748000,16.44084825515747,15.95882339477539,16.749919147491454,23.2580912733078,16.717522764305432,16.444910597495333,17.215302185094757,53.94559262258307,0.12508695139386106,-0.19439781528406175,0.3194847666779228,7.3527696835149925,15.95882339477539,17.991439398722605,13.926207390828175,0.7751815356147379,51.73141923451452,0.0,0.0,0.0,0.0,0.0
2022-07-26 04:00:00,16.50644302368164,16.891822649479725,16.451531068699488,16.861870154684528,397865000,16.585715198516844,15.942050552368164,16.75713590621948,23.23547077655792,16.67914462964656,16.450770828560696,17.18750378660797,50.03469089569372,0.10746420662281864,-0.1340254109026857,0.24148961752550432,4.388182142217412,15.942050552368164,17.949363171737694,13.934737932998635,0.7763226813371293,52.49843548496471,0.0,0.0,0.0,0.0,0.0
2022-07-27 04:00:00,17.761423110961914,17.907188485590435,16.885831113737122,17.004639434525583,569776000,16.84789333343506,16.032305431365966,16.758887882232667,23.220342631340028,16.875922535340262,16.57559485545605,17.210010426778712,58.357885574322786,0.19254492116789024,-0.0687113444885705,0.26125626565646076,17.410256895193065,16.032305431365966,18.198368444480653,13.866242418251279,0.818255101347123,55.34397447645304,0.0,0.0,0.0,0.0,0.0
2022-07-28 04:00:00,17.955110549926758,18.11086009552277,17.411985687188125,17.946126134465974,474646000,17.108673667907716,16.154209327697753,16.773337535858154,23.20686149120331,17.072138537992352,16.7069773025485,17.239230039451186,59.47975633169919,0.2724602063708481,-0.0004770343166867752,0.2729372406875349,19.24146981294832,16.154209327697753,18.467586894811816,13.840831760583688,0.821963286979786,53.92397783533313,0.0,0.0,0.0,0.0,0.0
2022-07-29 04:00:00,18.133827209472656,18.214696484956857,17.663583046050046,17.784388988721815,435460000,17.348388290405275,16.304168128967284,16.77313482284546,23.194393668174744,17.26517284189786,16.84286776987461,17.274312281412815,60.536225768278435,0.346223537062059,0.06886307995906238,0.2773604571029966,19.777122172413144,16.304168128967284,18.725576384124963,13.882759873809606,0.8042772852212344,52.53824551076608,0.0,0.0,0.0,0.0,0.0
2022-08-01 04:00:00,18.411380767822266,18.81573095811725,17.961104933200836,18.152795986600218,476469000,17.582012748718263,16.499753570556642,16.803218097686766,23.18197644710541,17.473574282975026,16.992249960155338,17.318903202448478,62.18519735336751,0.42221077759090164,0.13953261948543025,0.28267815810547137,19.964893656288176,16.499753570556642,18.939311360597245,14.06019578051604,0.8258141433016604,48.89144878965837,0.0,0.0,0.0,0.0,0.0
2022-08-02 04:00:00,18.496238708496094,18.907577522415323,18.06293587544904,18.092888368674423,489527000,17.735165977478026,16.677567338943483,16.831285228729246,23.165956988334656,17.6595132694334,17.13548698380684,17.365073222293482,62.69838076623743,0.4837027159781826,0.2083666387839807,0.2753360771942019,17.53583062856514,16.677567338943483,19.156531601545925,14.19860307634104,0.8212501093088889,48.49350459972061,0.0,0.0,0.0,0.0,0.0
2022-08-03 04:00:00,18.86264991760254,18.93753019924968,18.107863838709722,18.154789221455992,418146000,17.843591499328614,16.865415048599242,16.875264987945556,23.151190838813783,17.878265387282333,17.29997869178738,17.423801720148738,64.91261097101447,0.5555972631222552,0.27781276365163565,0.27778449947061956,17.340529503971336,16.865415048599242,19.41133328374611,14.319496813452375,0.8273831944626187,48.59026095820337,0.0,0.0,0.0,0.0,0.0
2022-08-04 04:00:00,19.184133529663086,19.243038768382238,18.729864509468054,18.818722242281332,409652000,17.959904289245607,17.03299536705017,16.92160177230835,23.136235880851746,18.115695958624286,17.479422009680306,17.492834340129694,66.77607411305058,0.6312387233781678,0.3484979555969421,0.2827407677812257,13.082614303484718,17.03299536705017,19.729426073234478,14.33656466086586,0.8347998445691199,46.709117103339025,0.0,0.0,0.0,0.0,0.0
2022-08-05 04:00:00,18.958498001098633,19.198112256942917,18.636016886602366,18.779784678395007,386068000,18.126636123657228,17.19029231071472,16.978278980255126,23.11981346607208,18.26893269361962,17.620286389815384,17.5503113464422,64.19897467721715,0.6653089566461432,0.41186015580678237,0.25344880083936083,6.63785072823202,17.19029231071472,19.953176285949816,14.427408335479628,0.794008365100243,47.192683741989555,0.0,0.0,0.0,0.0,0.0
2022-08-08 04:00:00,17.764419555664062,18.209704226677722,17.214305900483794,17.47388850828178,981859000,18.203412437438963,17.322130346298216,16.99468439102173,23.098353686332704,18.177203032173153,17.63401335799145,17.55870774680384,52.62434610747073,0.58916616989384,0.4473213586241939,0.14184481126964604,-1.4238166287176224,17.322130346298216,19.917137587368277,14.727123105228154,0.8466377491505389,50.51354061882083,0.0,0.0,0.0,0.0,0.0
2022-08-09 04:00:00,17.05855369567871,17.418973850532034,16.697135695647425,17.224287400886112,668263000,18.25862350463867,17.422169351577757,16.979484310150145,23.07042582988739,17.973812243719617,17.579207675866424,17.53909386244599,47.20618541773846,0.46648760830965585,0.4511546085612863,0.015332999748369547,-1.3453446550118597,17.422169351577757,19.794323706213792,15.050014996941723,0.8421450558346754,53.19407489385998,0.0,0.0,0.0,0.0,0.0
2022-08-10 04:00:00,18.067935943603516,18.088902125737977,17.289187955140466,17.66957657876332,597422000,18.289274787902833,17.568584060668947,16.965306720733643,23.047375235557556,17.990925643698507,17.62575322517472,17.559832767589423,54.43137520628568,0.44557634925838485,0.45003895670070604,-0.004462607442321187,6.302883928582448,17.568584060668947,19.69645125542481,15.440716865913082,0.8730244540629174,56.33959477165583,0.0,0.0,0.0,0.0,0.0
2022-08-11 04:00:00,17.913177490234375,18.67694989267418,17.84728352756443,18.101874963139256,509327000,18.285081481933595,17.696877574920656,16.950808963775636,23.021355481147765,17.976789615795937,17.65312696470421,17.573689423379424,53.22857238883797,0.41176968734821884,0.4423851028302086,-0.03061541548198976,8.522335578504126,17.696877574920656,19.55288509192216,15.840870057919151,0.8671767138782942,56.671349995933774,0.0,0.0,0.0,0.0,0.0
2022-08-12 04:00:00,18.678943634033203,18.68792995248519,17.92415762973826,18.13082581557374,478094000,18.339593124389648,17.84399070739746,16.958653736114503,22.991425919532777,18.10445398274817,17.75082379035459,17.617032725758005,58.15584301798295,0.44167721228177825,0.4422435247205226,-0.0005663124387443319,5.16580522483594,17.84399070739746,19.501627969250595,16.186353445544324,0.8747361098590102,57.68968774770382,0.0,0.0,0.0,0.0,0.0
2022-08-15 04:00:00,19.00142478942871,19.13321270171444,18.583099190213602,18.670957163642598,457666000,18.398597526550294,17.990305137634277,16.947554454803466,22.964435954093933,18.26753958396281,17.869928647409267,17.671322610607838,60.06387049888077,0.4858006677196016,0.4509549533203384,0.034845714399263206,5.827389570186869,17.990305137634277,19.500586757820376,16.480023517448178,0.875092407169985,57.58950321143119,0.0,0.0,0.0,0.0,0.0
2022-08-16 04:00:00,18.84867286682129,19.11125087643797,18.47127981939262,18.889607370873275,451240000,18.433840942382812,18.08450345993042,16.950808277130125,22.934237399101256,18.37320018084617,17.963142382591364,17.71749320889072,58.69852052825895,0.5026487980373062,0.461293722263732,0.041355075773574224,3.942056186436016,18.08450345993042,19.560058033325085,16.608948886535757,0.8207513782511676,55.171918785624605,0.0,0.0,0.0,0.0,0.0
2022-08-17 04:00:00,18.3055477142334,18.657981332845214,18.115854280880267,18.49324736132435,446799000,18.3781307220459,18.110861110687257,16.941882038116454,22.89819981098175,18.360899732371116,17.99575241417632,17.74055416988455,53.998395207207,0.4667944857089843,0.46239387495278245,0.00440061075620185,-0.5748240988738496,18.110861110687257,19.5822195695985,16.639502651776013,0.8231759623659087,54.12014521527359,0.0,0.0,0.0,0.0,0.0
2022-08-18 04:00:00,18.742847442626953,18.83469872730568,18.153794950823045,18.271605449183827,415447000,18.334002113342287,18.146953201293947,16.938906841278076,22.863051457405092,18.43034477059945,18.066904321647808,17.77985978842347,56.984925583779514,0.46826821380555117,0.46356874272333626,0.004699471082214912,1.3332912600094282,18.146953201293947,19.644216289011446,16.649690113576447,0.8324467007641818,54.53276433384771,0.0,0.0,0.0,0.0,0.0
2022-08-19 04:00:00,17.820327758789062,18.490249371942653,17.74145419450282,18.376432185051982,441588000,18.22018508911133,18.173410606384277,16.922952404022215,22.820426564216614,18.319432586633926,18.043420839470784,17.78144676765349,49.66031498662929,0.39049514036929267,0.44895402225252756,-0.05845888188323489,-5.525852217830673,18.173410606384277,19.6250064987957,16.721814713972854,0.8429300738504476,55.52415967376076,0.0,0.0,0.0,0.0,0.0
2022-08-22 04:00:00,17.006641387939453,17.529799937560014,16.93874981335424,17.4619083629748,409593000,18.144407272338867,18.173909854888915,16.902705059051513,22.772750344276428,18.080743277780385,17.944679939324942,17.751062242958824,44.25686333916892,0.26020227957089404,0.4112036737162009,-0.1510013941453069,-11.350484703188336,18.173909854888915,19.623807529645042,16.72401218013279,0.8455683808839147,57.718160509655036,0.0,0.0,0.0,0.0,0.0
2022-08-23 04:00:00,17.153400421142578,17.436944603324772,16.942738927006292,16.961709411115542,369986000,18.153891944885252,18.20625772476196,16.906838397979737,22.709826674461365,17.912135485664418,17.869319985212336,17.727624524456225,45.410589363563915,0.16686298353626228,0.3623355356802132,-0.19547255214395093,-9.521311128399779,18.20625772476196,19.522194989062697,16.890320460461226,0.8216069034395235,56.70191933440507,0.0,0.0,0.0,0.0,0.0
2022-08-24 04:00:00,17.194334030151367,17.378038460617496,16.867859670844496,16.984670392104412,522661000,18.06653175354004,18.177903270721437,16.93828773498535,22.647352147102357,17.78162613011659,17.80503560853986,17.706711171738387,45.747867336864076,0.09509769210771069,0.3088879669657127,-0.213790274858002,-3.209142430611689,18.177903270721437,19.557114633919806,16.798691907523068,0.8213929413580104,49.6248116550147,0.0,0.0,0.0,0.0,0.0
2022-08-25 04:00:00,17.884227752685547,17.91817353704041,16.80596255460198,16.816944566179142,770691000,18.063636779785156,18.174359130859376,16.979761028289794,22.583078179359436,17.80028097058367,17.812577717506116,17.713672606285336,51.21831889309589,0.09282184686461292,0.26567474294549276,-0.17285289608087984,4.840234827270251,18.174359130859376,19.556342558339487,16.792375703379264,0.8606869136507161,51.610531914873526,0.0,0.0,0.0,0.0,0.0
2022-08-26 04:00:00,16.2338809967041,17.895207590473877,16.210917226715885,17.828315779513094,769127000,17.819130516052248,18.079361820220946,16.974429569244386,22.5112859582901,17.51548097533284,17.662225648858307,17.655641562772345,40.65697627489898,-0.04167061466469946,0.20420567142345433,-0.2458762860881538,-10.150882494957669,18.079361820220946,19.711618520401707,16.447105120040185,0.8564082181609413,60.983322302267275,0.0,0.0,0.0,0.0,0.0
2022-08-29 04:00:00,15.775617599487305,16.31175468886111,15.741672771666877,15.994266622399852,496132000,17.496549797058105,17.9475736618042,16.978423099517823,22.44317979335785,17.19914217972456,17.482548691775357,17.5819151328396,38.29558901691686,-0.18312394681277055,0.12673974777620936,-0.3098636945889799,-11.932890699667276,17.9475736618042,19.86727115286467,16.027876170743728,0.8208937936736268,61.037192924863206,0.0,0.0,0.0,0.0,0.0
2022-08-30 04:00:00,15.44315242767334,16.013234313197124,15.157611610192205,15.934361699639338,530181000,17.15599775314331,17.794919347763063,16.970196323394774,22.368766098022462,16.87987131571525,17.288320476146595,17.49804208557818,36.63323659851021,-0.3183837626653627,0.03771504568789495,-0.3560988083532577,-17.32320237031083,17.794919347763063,19.995871690163963,15.593967005362163,0.8084133845983162,61.071231547381686,0.0,0.0,0.0,0.0,0.0
2022-08-31 04:00:00,15.069756507873535,15.51504026024617,14.934973110744467,15.359290683849366,573710000,16.832418632507324,17.60527467727661,16.940803680419922,22.292485423088074,16.5507595324713,17.0770286696444,17.402815200177997,34.80583301180475,-0.4505148169764652,-0.0599309268449771,-0.39058389013148814,-20.691439326921035,17.60527467727661,20.058074159607667,15.152475194945554,0.7905848691977413,60.38139162211444,0.0,0.0,0.0,0.0,0.0
2022-09-01 04:00:00,13.914612770080566,14.356901003294752,13.248684378970617,14.186175206862451,1178865000,16.349595165252687,17.341798639297487,16.89242151260376,22.212250185012817,16.07146012112753,16.77584620301927,17.266022948017316,29.84571202581307,-0.6410504446854404,-0.17615483041306976,-0.4648956142723706,-26.177228134857124,17.341798639297487,20.181993879553517,14.501603399041457,0.8653219882443199,63.78392538359837,0.0,0.0,0.0,0.0,0.0
2022-09-02 04:00:00,13.625080108642578,14.148237660215658,13.569169349058186,14.07735255557611,743157000,15.930070400238037,17.07512774467468,16.84094434738159,22.129679164886475,15.626663755221173,16.47577324165006,17.123240875884974,28.740168696787677,-0.806121699276579,-0.3021482041857716,-0.5039734950908074,-25.568574503518093,17.07512774467468,20.257145649684297,13.893109839665067,0.8673901882197937,63.80103032403959,0.0,0.0,0.0,0.0,0.0
2022-09-06 04:00:00,13.443370819091797,13.756866558635831,13.329553621636906,13.70894332767748,535751000,15.573743343353271,16.85907530784607,16.767841968536377,22.050899658203125,15.229701403197648,16.186973010930224,16.97893224620681,28.038215045055722,-0.9407597856665468,-0.42987052048192664,-0.5108892651846202,-28.27466125281759,16.85907530784607,20.409489436654113,13.308661179038026,0.8522003225021919,61.295479395639305,0.0,0.0,0.0,0.0,0.0
2022-09-07 04:00:00,13.696038246154785,13.81987638945072,13.328520192699564,13.545235991042178,512657000,15.228007125854493,16.690949535369874,16.70492473602295,21.96133894443512,14.950853556462581,15.949741128570658,16.8501913050283,30.57730114943935,-1.0153687505007642,-0.5469701664856942,-0.46839858401507006,-23.143735448974333,16.690949535369874,20.509892035114643,12.872007035625108,0.83495300898863,61.44548104183676,0.0,0.0,0.0,0.0,0.0
2022-09-08 04:00:00,13.971675872802734,13.989652898597146,13.351489912462663,13.441371231733896,624873000,14.905741310119629,16.486136531829835,16.665231742858886,21.866620202064514,14.772821250342608,15.761353961354665,16.737308346901806,33.34049597443202,-1.0402637270855646,-0.6456288786056683,-0.39463484847989627,-17.84576652088998,16.486136531829835,20.431418030232546,12.540855033427125,0.8319000953923336,57.001809690933115,0.0,0.0,0.0,0.0,0.0
2022-09-09 04:00:00,14.368158340454102,14.455044295388618,14.107500475650557,14.138459061636421,486612000,14.554134368896484,16.30888557434082,16.642254257202147,21.77901807308197,14.699246175817423,15.62866866412604,16.6444005035117,37.21180786565624,-1.0162852500435111,-0.7197601528932369,-0.2965250971502742,-16.2372591574059,16.30888557434082,20.302457953904014,12.315313194777627,0.7948983221396013,58.7898497176772,0.0,0.0,0.0,0.0,0.0
2022-09-12 04:00:00,14.486004829406738,14.527949644682035,14.179406706797371,14.35018325067947,484159000,14.379346752166748,16.099238634109497,16.629281330108643,21.693052949905397,14.66047502192457,15.519843537009917,16.55975753589974,38.35772207937439,-0.9765162361477486,-0.7711113695441393,-0.20540486660360935,-15.751288744277037,16.099238634109497,20.008273482800117,12.190203785418877,0.7568243930288757,55.861501600784436,0.0,0.0,0.0,0.0,0.0
2022-09-13 04:00:00,13.113802909851074,13.903767364016517,13.081845229225642,13.783924633033108,714956000,14.113165283203125,15.804857540130616,16.60156394958496,21.59559660434723,14.37926191063848,15.290696810613838,16.42462206036842,31.214199958764482,-1.0436931876623738,-0.8256277331677863,-0.21806545449458759,-26.67392133897496,15.804857540130616,19.68027442889108,11.92944065137015,0.8218211018762054,61.89249940759266,0.0,0.0,0.0,0.0,0.0
2022-09-14 04:00:00,13.110809326171875,13.272596892274732,12.89609071328493,13.236643782332266,588507000,13.879930973052979,15.517964363098145,16.564980869293212,21.503967928886414,14.148634168008186,15.083088478762221,16.294668619811695,31.20054847435094,-1.0846695673173308,-0.8774360999976952,-0.20723346731963554,-19.237985489522135,15.517964363098145,19.29285359615019,11.7430751300461,0.8122730582488341,62.11464135369557,0.0,0.0,0.0,0.0,0.0
2022-09-15 04:00:00,12.912068367004395,13.21567015624059,12.77325045930142,12.997956185221906,523625000,13.664162158966064,15.248290395736694,16.521108322143554,21.402000274658203,13.923804022371133,14.87632465859481,16.162017629505527,30.25453184849792,-1.1202666413701312,-0.9260022082721825,-0.19426443309794872,-18.15174090284727,15.248290395736694,18.954674318194066,11.541906473279322,0.7644308235703156,61.96591598786794,0.0,0.0,0.0,0.0,0.0
2022-09-16 04:00:00,13.180713653564453,13.194695255875637,12.600474300374623,12.725310579538897,670751000,13.590772247314453,14.970183706283569,16.468072052001954,21.304868507385255,13.7886966825881,14.714837896210966,16.04510374809607,33.20282824753683,-1.1139591222116074,-0.9635935910600675,-0.15036553115153994,-14.65010971500037,14.970183706283569,18.396649323536224,11.543718089030914,0.6865687229805314,61.708172119014534,0.0,0.0,0.0,0.0,0.0
2022-09-19 04:00:00,13.364474296569824,13.445368542937578,12.99296174366855,12.994958979609367,569685000,13.564711666107177,14.747391033172608,16.419110355377196,21.214828267097474,13.711565339675685,14.586231839102284,15.939981024506807,35.22005033385294,-1.0816636741728853,-0.987207607682631,-0.09445606649025429,-11.31592411869925,14.747391033172608,17.9667540482684,11.528028018076817,0.6781633574144452,61.366104037621604,0.0,0.0,0.0,0.0,0.0
2022-09-20 04:00:00,13.15874195098877,13.465340007846075,13.039898333195593,13.197691379981011,524818000,13.536248779296875,14.554996061325074,16.37973201751709,21.120311193466186,13.611051996278063,14.450280421186712,15.830912825545315,33.98271209318892,-1.060446018243912,-1.0018552897948874,-0.058590728449024576,-5.432208797912674,14.554996061325074,17.663886328591946,11.446105794058202,0.6474361411034141,60.1946686017834,0.0,0.0,0.0,0.0,0.0
2022-09-21 04:00:00,13.243634223937988,14.012626355851008,13.092831937590079,13.195697697748727,807679000,13.491008377075195,14.359507751464843,16.343449230194093,21.03336935520172,13.544248764943504,14.335361735734454,15.72945091959993,34.997508069526745,-1.024965610562937,-1.0064773539484972,-0.018488256614439758,-2.7995863632583995,14.359507751464843,17.265521293710723,11.453494209218961,0.671702374586216,60.100391632963245,0.0,0.0,0.0,0.0,0.0
2022-09-22 04:00:00,12.544548034667969,13.131778195732636,12.411722811191895,13.052881193995141,759162000,13.348295593261719,14.127018451690674,16.291547355651854,20.946205563545227,13.362484995802497,14.164808049918598,15.604552767249658,30.79891555700283,-1.0412546098365585,-1.0134328051261094,-0.02782180471044904,-6.6859926466311,14.127018451690674,16.81383453317672,11.440202370204629,0.6010480377178713,61.50583313016828,0.0,0.0,0.0,0.0,0.0
2022-09-23 04:00:00,12.49960708618164,12.594482927543599,12.24094648413454,12.403733103156807,663309000,13.161440467834472,13.85778741836548,16.234593353271485,20.84689081668854,13.205598103144158,14.00621748194365,15.4827901915215,30.545223942128302,-1.0457355298323314,-1.019893350067354,-0.02584217976497749,-8.735600313536263,13.85778741836548,15.978973638123094,11.736601198607865,0.5849386185929847,58.1869368321801,0.0,0.0,0.0,0.0,0.0
2022-09-26 04:00:00,12.21198558807373,12.64242184812588,12.198003983784714,12.474641644232314,547343000,12.934038543701172,13.65669264793396,16.164099445343016,20.749137001037596,13.024941282222262,13.835338253956039,15.35452334432747,28.90426966000227,-1.0602731732127584,-1.0279693146964348,-0.03230385851632356,-12.594697305814384,13.65669264793396,15.583039503480247,11.730345792387673,0.5861603991174303,51.07508123728979,0.0,0.0,0.0,0.0,0.0
2022-09-27 04:00:00,12.396743774414062,12.719320720938102,12.241947032432883,12.490620532839431,553854000,12.862332630157471,13.487748956680297,16.090531597137453,20.658973665237426,12.910723553529861,13.698329255904422,15.238531988644592,31.451782399380974,-1.044841634806028,-1.0313437787183535,-0.01349785608767462,-13.720718545322864,13.487748956680297,15.21390359905907,11.761594314301526,0.5873017516969458,51.74507122432532,0.0,0.0,0.0,0.0,0.0
2022-09-28 04:00:00,12.719319343566895,12.80620529041185,12.337819690787777,12.393746102104021,542414000,12.823183631896972,13.351557302474976,16.00562385559082,20.571880345344542,12.875922788082047,13.605090216634181,15.139739335896449,35.77856724575969,-0.9951118469503175,-1.0240973923647463,0.02898554541442877,-12.195809035307336,13.351557302474976,14.841810886485131,11.861303718464821,0.5751747955176307,53.26209160156326,0.0,0.0,0.0,0.0,0.0
2022-09-29 04:00:00,12.203996658325195,12.483629696855662,11.930355327743255,12.431697751600325,532763000,12.752376461029053,13.208269309997558,15.89413589477539,20.49237514972687,12.753754400853527,13.471652734890467,15.024612172070126,32.273854395381235,-0.9859178188552917,-1.0164614776628553,0.0305436588075636,-6.937775851751082,13.208269309997558,14.54622712019832,11.870311499796795,0.5970030521774704,54.18316622533855,0.0,0.0,0.0,0.0,0.0
2022-09-30 04:00:00,12.123101234436035,12.616454666511402,12.059184927057526,12.071169294217576,565638000,12.64661521911621,13.118693733215332,15.776177806854248,20.411587247848512,12.639090188777619,13.343219258656712,14.91082742941781,31.748107501945924,-0.97393218599872,-1.0079556193300283,0.034023433331308306,-7.533540204601796,13.118693733215332,14.496817226529435,11.74057023990123,0.6119121094324141,48.10445852658371,0.0,0.0,0.0,0.0,0.0
2022-10-03 04:00:00,12.495615005493164,12.661397986074181,12.089147450998603,12.330831119191432,547478000,12.559729290008544,13.062220478057862,15.680266513824463,20.322073001861572,12.613003791816809,13.262495044069706,14.816113216714882,36.84968470998712,-0.9237265923544111,-0.9911098139349049,0.06738322158049381,-3.225303256412726,13.062220478057862,14.44552933287892,11.678911623236804,0.5524900333534486,49.517100801927256,0.0,0.0,0.0,0.0,0.0
2022-10-04 04:00:00,13.14975643157959,13.202687472797923,12.862133487134708,12.862133487134708,584182000,12.558830738067627,13.047539758682252,15.603328514099122,20.246168856620788,12.710595180864587,13.251758033356362,14.750765891807617,44.670633904146484,-0.8216827047418125,-0.9572243920962865,0.13554168735447403,-0.23486757089583588,13.047539758682252,14.42000642647316,11.675073090891344,0.5761019110902312,53.19883089767914,0.0,0.0,0.0,0.0,0.0
2022-10-05 04:00:00,13.19170093536377,13.303554723315088,12.6044716440018,12.894091817678392,507131000,12.553637409210205,13.0223228931427,15.537033672332763,20.173398599624633,12.798068954409892,13.246038309738019,14.689626089594134,45.139802997570484,-0.7290238841766037,-0.91158429051235,0.18256040633574633,-1.2927808260321916,13.0223228931427,14.362780154707718,11.681865631577683,0.5944350098312396,52.732341385860714,0.0,0.0,0.0,0.0,0.0
2022-10-06 04:00:00,13.112804412841797,13.638115559922221,13.085839346698974,13.202686696750762,644157000,12.610463047027588,12.979379320144654,15.444061298370361,20.10064305305481,12.855293583215692,13.233349367176475,14.627789945407768,44.3775407415155,-0.6544137173346538,-0.8601501758768108,0.20573645854215694,-0.34910281178909264,12.979379320144654,14.244702640512944,11.714055999776363,0.5914389568113992,52.13402576774826,0.0,0.0,0.0,0.0,0.0
2022-10-07 04:00:00,12.060185432434082,12.653407390361005,12.00625625011576,12.488623513159082,672478000,12.566520881652831,12.863980674743653,15.326162796020508,20.01585786342621,12.710728464891762,13.121619468629579,14.527099572349977,35.71262171231531,-0.6724703575071374,-0.8226142122028761,0.15014385469573877,-8.935982159374445,12.863980674743653,14.01150230970239,11.716459039784915,0.6381633399154714,57.54495944698657,0.0,0.0,0.0,0.0,0.0
2022-10-10 04:00:00,11.654716491699219,12.108121431783047,11.3930595354897,12.02123547777354,698699000,12.510793972015382,12.722416257858276,15.196580581665039,19.92742359638214,12.518726287947663,12.981914423207641,14.414457098598968,33.036725007229165,-0.7112989186409848,-0.8003511534904979,0.08905223484951308,-7.0933726787894,12.722416257858276,13.715590420921641,11.72924209479491,0.6588504986042475,57.89001328946563,0.0,0.0,0.0,0.0,0.0
2022-10-11 04:00:00,11.570826530456543,11.830485290733634,11.26822291287926,11.545858700912863,667482000,12.428202247619629,12.645267438888549,15.059769496917724,19.837372274398803,12.346380877494731,12.84752510008849,14.302942174358089,32.494235896784616,-0.7403062620940872,-0.7883421752112159,0.048035913117128626,-7.430478008799712,12.645267438888549,13.744483661559526,11.546051216217572,0.6333124957180649,48.50991374763943,0.0,0.0,0.0,0.0,0.0
2022-10-12 04:00:00,11.484938621520996,11.719630502652882,11.330141889388276,11.563835628802222,492590000,12.30476417541504,12.563973903656006,14.919543495178223,19.740379481315614,12.189755012772233,12.717754959272538,14.192432231109576,31.916386752391404,-0.7614477317562578,-0.7829632865202243,0.021515554763966493,-5.95355244492567,12.563973903656006,13.754884513501803,11.373063293810208,0.601710867183673,48.46775340769503,0.0,0.0,0.0,0.0,0.0
2022-10-13 04:00:00,11.944336891174316,12.062182385586972,10.798838721715281,10.956631792924158,850103000,12.27879819869995,12.515587329864502,14.781177234649657,19.648792457580566,12.145133536118065,12.644096095644136,14.104271629543488,38.24253831123401,-0.732686938821157,-0.7729080169804109,0.04022107815925391,-3.6494009352155854,12.515587329864502,13.725435379863773,11.30573927986523,0.6666970972167181,50.99640359467036,0.0,0.0,0.0,0.0,0.0
2022-10-14 04:00:00,11.212296485900879,12.095138555665246,11.18932684468692,12.041209377307327,713432000,12.187717723846436,12.417166471481323,14.621740493774414,19.55514705181122,11.97552679971494,12.50773422804954,13.990860839596719,32.9833142889038,-0.760200230944287,-0.7703664597731861,0.01016622882889906,-11.848297986387369,12.417166471481323,13.716167637122108,11.118165305840538,0.6996538005479438,54.063817392288314,0.0,0.0,0.0,0.0,0.0
2022-10-17 04:00:00,11.872429847717285,11.932351684916148,11.501916408490736,11.502914550195962,580774000,12.125399208068847,12.342564249038697,14.480019130706786,19.4668731880188,11.956781899351729,12.447229048970277,13.907785114424977,40.87913136828477,-0.7204327673523334,-0.7603797212890157,0.03994695393668224,-2.7168707095779565,12.342564249038697,13.582530732161688,11.102597765915705,0.7148480909872935,58.59015862925205,0.0,0.0,0.0,0.0,0.0
2022-10-18 04:00:00,11.951327323913574,12.475639372211802,11.602784417601008,12.327833437876679,659362000,12.005556297302245,12.282193517684936,14.363757286071777,19.37986707210541,11.955790158362973,12.40000031325059,13.831061279502961,41.76228162021195,-0.6747720468660301,-0.7432581864044185,0.06848613953838845,-1.4169139331653202,12.282193517684936,13.471375719019509,11.093011316350363,0.7437387592006308,58.60624921343407,0.0,0.0,0.0,0.0,0.0
2022-10-19 04:00:00,12.035215377807617,12.33382449005694,11.81849959434434,11.863440730045152,523131000,11.889907741546631,12.221772575378418,14.263290519714355,19.289737458229066,11.970231107352907,12.36525889082745,13.760635950024712,42.741668254778716,-0.6246163436459984,-0.7195298178527345,0.09491347420673613,-3.6844895387954213,12.221772575378418,13.324959263536597,11.11858588722024,0.724193107764128,58.6202100064289,0.0,0.0,0.0,0.0,0.0
2022-10-20 04:00:00,12.178030014038086,12.752276757936729,12.089145874513667,12.097135770429727,652398000,11.796430301666259,12.203446674346925,14.145492401123047,19.204468655586243,12.008012726750213,12.347427569228463,13.698572972142884,44.4542753539869,-0.5668098092455836,-0.6889858161313044,0.12217600688572083,-7.3896913801982596,12.203446674346925,13.296184594387118,11.110708754306732,0.7356067963837878,55.93149247292198,0.0,0.0,0.0,0.0,0.0
2022-10-21 04:00:00,12.449673652648926,12.481632285200682,11.871432413251382,12.0821555690685,609494000,11.835379123687744,12.200950002670288,14.036222324371337,19.12897131919861,12.088314713277251,12.357165291458983,13.649596528241162,47.66096037724636,-0.49339084036182257,-0.649866820977408,0.15647598061558543,-5.624955313576341,12.200950002670288,13.291063839015813,11.110836166324763,0.7383174633033392,56.51772568157183,0.0,0.0,0.0,0.0,0.0
2022-10-24 04:00:00,12.582499504089355,12.693354192196825,12.048200327410264,12.49161907984014,517457000,11.928157424926757,12.219475698471069,13.914293441772461,19.051273818016053,12.178166493424905,12.378625692661876,13.607749586117562,49.205124022644604,-0.4196503741372837,-0.6038235316093832,0.1841731574720995,-4.044176150702716,12.219475698471069,13.322891261424925,11.116060135517213,0.7338947059806109,55.92801537828552,0.0,0.0,0.0,0.0,0.0
2022-10-25 04:00:00,13.243634223937988,13.282583663418823,12.647415881475542,12.67737728182248,505482000,12.095438194274902,12.261820220947266,13.799137630462646,18.981527738571167,12.371887898972739,12.461007457545316,13.593470552306599,56.14123471225449,-0.3043540725302769,-0.5439296397935619,0.239575567263285,9.812857340660752,12.261820220947266,13.455211107593161,11.06842933430137,0.7339662116960523,58.59779216684503,0.0,0.0,0.0,0.0,0.0
2022-10-26 04:00:00,12.879112243652344,13.370467582837385,12.691358709095725,12.852148126630082,532953000,12.234855556488037,12.269809865951538,13.679746417999267,18.909195566177367,12.464110507096304,12.50082696098408,13.565456500986825,51.93068677331767,-0.23963246630791168,-0.4830702050964319,0.2434377387885202,10.505581605740222,12.269809865951538,13.478143289361583,11.061476442541494,0.7430256874473674,59.00569407238086,0.0,0.0,0.0,0.0,0.0
2022-10-27 04:00:00,13.15874195098877,13.819875530409153,13.104812778282382,13.612147782251093,583113000,12.356296062469482,12.317547130584718,13.576810302734375,18.836180691719054,12.59040713325857,12.563485531460717,13.549506910790823,54.73522456892535,-0.16388715752784933,-0.41923359558271545,0.2553464380548661,13.72343986276643,12.317547130584718,13.588735786088249,11.046358475081187,0.7311839105924225,57.26745957177442,0.0,0.0,0.0,0.0,0.0
2022-10-28 04:00:00,13.815881729125977,13.83186152118797,13.043894336346346,13.086838241715473,521040000,12.616654586791991,12.402186155319214,13.478270988464356,18.765543322563172,12.813220696143551,12.682761359809788,13.559952982098084,60.55895103763158,-0.05025347566895988,-0.34543757159996435,0.2951840959310045,20.295651412861314,12.402186155319214,13.834118593627727,10.970253717010701,0.7363914312030136,59.30674104844712,0.0,0.0,0.0,0.0,0.0
2022-10-31 04:00:00,13.479325294494629,13.819879308054368,13.279587386831182,13.759957459542598,486341000,12.777344131469727,12.451371669769287,13.391450939178467,18.70032901763916,12.934330623116473,12.758624591684535,13.556791111995988,56.54631532509156,0.012500644684866558,-0.27384992834299815,0.2863505730278647,12.851181420163371,12.451371669769287,13.962220883109788,10.940522456428786,0.7348221128722144,59.634262418960446,0.0,0.0,0.0,0.0,0.0
2022-11-01 04:00:00,13.525266647338867,13.906766415641112,13.501297905966638,13.792915370335802,432817000,12.934738063812256,12.470147180557252,13.321823444366455,18.633513069152833,13.041773536611453,12.831638120794471,13.555554858480022,56.96549361432798,0.06518935807005555,-0.20604207106038744,0.27123142913044296,20.628870850378235,12.470147180557252,14.026196100239375,10.914098260875129,0.7375330062923486,56.890146768857775,0.0,0.0,0.0,0.0,0.0
2022-11-02 04:00:00,13.201687812805176,14.191390140892414,13.1936988689507,13.83186195195651,672628000,13.051385307312012,12.470646524429322,13.242789192199707,18.57026391506195,13.070848859555765,12.866880948605015,13.54167771943395,53.0815178172197,0.07991423380140539,-0.1488508100880289,0.22876504388943428,11.196174516402536,12.470646524429322,14.027676492756456,10.913616556102188,0.7185578354402075,57.62589599004734,0.0,0.0,0.0,0.0,0.0
2022-11-03 04:00:00,13.403420448303223,13.762949523055708,12.939030314123222,13.02591625320836,500065000,13.173924350738526,12.485177326202393,13.166970920562743,18.51219511985779,13.131316421146211,12.917979948576273,13.536255865664119,55.13528089654329,0.10663274572408454,-0.09775409892560621,0.20438684464969076,12.150057353747945,12.485177326202393,14.072568670925397,10.89778598147939,0.7127083710083618,57.794419768013114,0.0,0.0,0.0,0.0,0.0
2022-11-04 04:00:00,14.137459754943848,14.21036409974022,13.679060329272222,13.967682330980322,612576000,13.342702960968017,12.589041042327882,13.09203556060791,18.462372403144837,13.314251572745782,13.03412088251604,13.559832488773129,61.70408971915102,0.18490670692573197,-0.04122193775533858,0.22612864468107055,17.467442925971,12.589041042327882,14.324295870887852,10.853786213767911,0.7189146890384853,51.96457155856709,0.0,0.0,0.0,0.0,0.0
2022-11-07 05:00:00,14.282272338867188,14.393127044208452,13.935727569364591,14.209367978816218,410061000,13.5126802444458,12.72041883468628,13.053003387451172,18.417146019935608,13.490255348404219,13.152992449787577,13.588163463286621,62.85940933085584,0.2556772620613543,0.018157902208000003,0.23751935985335432,17.279004259338016,12.72041883468628,14.552968777503478,10.887868891869081,0.6892392976265614,49.52607766754575,0.0,0.0,0.0,0.0,0.0
2022-11-08 05:00:00,14.582878112792969,14.87149920944687,14.197382968646812,14.781616917016805,595292000,13.646604633331298,12.871021413803101,13.029148597717285,18.373432660102843,13.688914032838536,13.28917203674047,13.627171880914322,65.20596186915338,0.3321905249786532,0.08096442676213066,0.25122609821652253,17.134621514276873,12.871021413803101,14.798397923673203,10.943644903932999,0.7005815365613799,49.187615780245515,0.0,0.0,0.0,0.0,0.0
2022-11-09 05:00:00,13.757960319519043,14.192391105096668,13.740982382953218,14.143454531625968,454414000,13.734489440917969,12.984672498703002,12.9954447555542,18.330824298858644,13.701467903144081,13.33381853986224,13.632300839290979,54.94660023365555,0.322545758570314,0.12928069312376733,0.19326506544654665,9.342029499366621,12.984672498703002,14.834412721415887,11.134932275990117,0.7094982758264256,54.57210179084817,0.0,0.0,0.0,0.0,0.0
2022-11-10 05:00:00,15.729373931884766,15.75234357507586,14.527949302036653,14.78061823441489,700819000,13.991552639007569,13.173924350738526,13.008637104034424,18.295837459564208,14.070178090187841,13.561966672435814,13.714538999784853,67.93202865957426,0.4685773464610996,0.1971400237912338,0.2714373226698658,18.76931713693648,13.173924350738526,15.325402288087378,11.022446413389673,0.8083685175126768,71.79486202122727,0.0,0.0,0.0,0.0,0.0
2022-11-11 05:00:00,16.30561637878418,16.367535452388744,15.461723751407225,15.786297912123384,655487000,14.240526103973389,13.428590345382691,13.056457176208497,18.267863597869873,14.476621415387175,13.82326664446899,13.816149877392672,70.59947661179316,0.6236177048579812,0.28243556000458325,0.34118214485339793,26.605126737835818,13.428590345382691,15.797222548847268,11.059958141918115,0.8269869343837452,66.22961665710186,0.0,0.0,0.0,0.0,0.0
2022-11-14 05:00:00,16.273658752441406,16.518338717650273,15.901147120330615,16.196759933471668,527852000,14.519959449768066,13.648651790618896,13.109428749084472,18.23525884628296,14.803355476669761,14.056637321418744,13.912522774453407,70.25047479867683,0.7354319903340869,0.373034846070484,0.3623971442636029,23.671843501867418,13.648651790618896,16.217850965474973,11.079452615762818,0.8210660370973303,64.96449077368727,0.0,0.0,0.0,0.0,0.0
2022-11-15 05:00:00,16.64417266845703,16.975736669946382,16.360544231088024,16.70009908063956,545876000,14.831850051879883,13.883294057846069,13.173444786071776,18.1962930393219,15.138049511540173,14.303069259231915,14.019646299708452,71.97993297740618,0.8442114495734891,0.46727016677108507,0.3769412828024041,20.47130248204563,13.883294057846069,16.649436003942533,11.117152111749604,0.8227066830804243,64.8871477354109,0.0,0.0,0.0,0.0,0.0
2022-11-16 05:00:00,15.889162063598633,16.34056973096128,15.852210820718136,16.140832819616577,649547000,15.100597476959228,14.07599139213562,13.217307262420654,18.15279366493225,15.274615430096256,14.454125716790651,14.09296064339042,63.83608794436061,0.8595881121276392,0.5457337558423959,0.3138543562852433,17.878022204036093,14.07599139213562,16.837009030971604,11.314973753299636,0.8120780088648589,68.56458333145002,0.0,0.0,0.0,0.0,0.0
2022-11-17 05:00:00,15.65646743774414,16.244696708857624,15.514653221034854,15.69441777474664,710894000,15.32590217590332,14.249913263320924,13.251003093719483,18.10511679649353,15.344043067850416,14.568634452119555,14.154274635325859,61.52566051044114,0.8432769446916115,0.6052423936122391,0.23803455107937244,15.7571813256975,14.249913263320924,16.94497534450362,11.554851182138224,0.807940601934941,69.35823761302359,0.0,0.0,0.0,0.0,0.0
2022-11-18 05:00:00,15.388822555541992,15.981046442911959,15.100200485950017,15.945092380474131,492072000,15.451038455963134,14.396870708465576,13.27141637802124,18.062558889389038,15.352184792885247,14.646747604826455,14.202688279255902,58.88572470645852,0.7995369574399476,0.6441013063777808,0.15543565106216672,16.567084252782994,14.396870708465576,16.997489262748914,11.796252154182236,0.8322658902019949,70.10188213744135,0.0,0.0,0.0,0.0,0.0
2022-11-21 05:00:00,15.296940803527832,15.456731110524126,15.060250720781186,15.127163364237928,404739000,15.5525053024292,14.5325927734375,13.287635097503662,18.017690262794495,15.342140431183896,14.70867076660754,14.245600142952842,57.96619266893715,0.7488266059289401,0.6650463662880127,0.0837802396409274,14.127142862733333,14.5325927734375,17.015165879947595,12.050019666927405,0.8300544093874561,70.37769433038599,0.0,0.0,0.0,0.0,0.0
2022-11-22 05:00:00,16.017000198364258,16.03697446783892,15.102199228817492,15.307929823248795,472866000,15.695917510986328,14.671261072158813,13.345699043273926,17.97438097476959,15.46484220703487,14.83327356963199,14.315066811792505,62.86075285731257,0.7580032724992467,0.6836377475302596,0.07436552496898707,13.294753626181954,14.671261072158813,17.160502222980686,12.182019921336941,0.8255604070360071,69.97194426440157,0.0,0.0,0.0,0.0,0.0
2022-11-23 05:00:00,16.497364044189453,16.50535489230616,16.026982150723164,16.07691590341239,427241000,15.969857883453368,14.852173662185669,13.413430137634277,17.93157726764679,15.652573450153884,14.991758376732701,14.400647095415916,65.72785342119175,0.7948743776272895,0.7058850735496656,0.08898930407762395,15.509378709256282,14.852173662185669,17.31882681743049,12.385520506940848,0.8015915131081082,68.80193407357413,0.0,0.0,0.0,0.0,0.0
2022-11-25 05:00:00,16.24869155883789,16.465406408074,16.15082033660223,16.296629028257563,167934000,16.021789646148683,15.006671142578124,13.480162601470948,17.879561095237733,15.760958560823703,15.111466298837957,14.473119427314819,63.01578114261068,0.7948664768006743,0.7236813541998675,0.0711851226008069,11.423077345641186,15.006671142578124,17.41306422157489,12.60027806358136,0.7687058028331243,69.44245820063146,0.0,0.0,0.0,0.0,0.0
2022-11-28 05:00:00,15.806270599365234,16.335577129260535,15.704404907847126,16.005009369175784,303741000,15.971855068206787,15.106190586090088,13.532673740386963,17.82972906589508,15.769197113285799,15.177638136983413,14.525399865434443,58.398895813992695,0.7505091391945307,0.7290469111988002,0.0214622279957305,14.888182784915882,15.106190586090088,17.46947348613992,12.742907686040256,0.7811181418738063,69.17508737085998,0.0,0.0,0.0,0.0,0.0
2022-11-29 05:00:00,15.618520736694336,15.911137275433845,15.499677084795238,15.806274277215039,298384000,15.90634126663208,15.213150358200073,13.577754669189453,17.78831465244293,15.741801408450986,15.2196269560035,14.56826735058189,56.506859140101334,0.6922262316354075,0.7216827752861217,-0.02945654365071415,-0.7047527490316785,15.213150358200073,17.457030337218868,12.969270379181278,0.7623569954337027,68.54889492003785,0.0,0.0,0.0,0.0,0.0
2022-11-30 05:00:00,16.905162811279297,16.91215540251176,15.58056025532418,15.680454279692341,565298000,15.932440280914307,15.382145166397095,13.652683086395264,17.751746592521666,15.953321663510676,15.38015418031548,14.659910309824925,64.89953716386447,0.7413124811598468,0.7256087164608668,0.01570376469898005,3.676932037204117,15.382145166397095,17.599730732404474,13.164559600389715,0.797335525244262,73.372505435175,0.0,0.0,0.0,0.0,0.0
2022-12-01 05:00:00,17.116939544677734,17.246801683339985,16.617466556173586,16.98108321190143,470977000,16.055218029022218,15.577907752990722,13.730149192810059,17.705119566917418,16.164888550995595,15.545562310254743,14.75626439746621,66.06042786666825,0.7882162339511236,0.7381302199589181,0.05008601399220547,5.181875846510664,15.577907752990722,17.672897502246634,13.482918003734811,0.6998320875020893,72.12323780300008,0.0,0.0,0.0,0.0,0.0
2022-12-02 05:00:00,16.85820770263672,16.915148722341915,16.42766233403227,16.64143742283547,371389000,16.175392055511473,15.750647115707398,13.816422386169434,17.657119069099426,16.290946578566707,15.670576157148265,14.838693546688585,63.305706554576815,0.7953420900897221,0.749572593985079,0.04576949610464309,1.2859457687873777,15.750647115707398,17.651431436330206,13.84986279508459,0.6843653381923712,72.85560948870604,0.0,0.0,0.0,0.0,0.0
2022-12-05 05:00:00,16.592493057250977,16.977087481695534,16.45463802657284,16.661420572590046,352255000,16.29575910568237,15.873398780822754,13.898280105590821,17.617790055274963,16.345773211054755,15.758377766681857,14.907469998083188,60.51478225688608,0.7706646884001334,0.7537910128680899,0.01687367553204344,4.426482597616932,15.873398780822754,17.648467740896997,14.09832982074851,0.6775980423211594,71.7203071647626,0.0,0.0,0.0,0.0,0.0
2022-12-06 05:00:00,15.970149040222168,16.55553084429332,15.802325903042705,16.51257690097359,352694000,16.363079929351805,15.957792615890503,13.973443374633788,17.579665756225587,16.277477907267013,15.778546459399983,14.949143686010208,54.45894582005017,0.6929023616336263,0.7416132826211972,-0.048710920987570905,2.0035273201016723,15.957792615890503,17.567098610953714,14.34848662082729,0.683890130657109,73.586060587797,0.0,0.0,0.0,0.0,0.0
2022-12-07 05:00:00,16.103010177612305,16.16894059762961,15.650486623430005,15.7553764476407,372388000,16.37168092727661,16.03379921913147,14.047568702697754,17.543463230133057,16.24575650187525,15.809447765896394,14.994393352347545,55.48315616577952,0.6346797477863326,0.7202265756542243,-0.0855468278678917,4.6409504008031455,16.03379921913147,17.507571368697647,14.560027069565294,0.6643538539757312,73.39254441727297,0.0,0.0,0.0,0.0,0.0
2022-12-08 05:00:00,17.150903701782227,17.160893389958503,15.94217810718751,16.255848218840367,515456000,16.43703489303589,16.20344638824463,14.136200389862061,17.517505207061767,16.41032872004015,15.937205474075997,15.07896238565871,62.62307841173233,0.6654235679504534,0.7092659741134701,-0.04384240616301671,12.119827892821732,16.20344638824463,17.30940128837988,15.097491488109377,0.6992589821863184,72.3456056483907,0.0,0.0,0.0,0.0,0.0
2022-12-09 05:00:00,16.983076095581055,17.564463251970096,16.95710443596456,17.14190886566031,465338000,16.510473346710206,16.266131496429445,14.231781978607177,17.483916578292845,16.514464606502134,16.03681219993362,15.153633511538018,60.93736510564235,0.6685394747872024,0.7011206742482167,-0.03258119946101423,6.03156574422381,16.266131496429445,17.400697165824074,15.131565827034816,0.6797241864037181,53.44254312500908,0.0,0.0,0.0,0.0,0.0
2022-12-12 05:00:00,17.51651954650879,17.519516643906666,16.779298368138964,17.019045201245973,457328000,16.68149824142456,16.326676654815675,14.339650344848632,17.450954236984252,16.69665641377607,16.177736709131256,15.246295708987853,64.23301664301302,0.7059159223853033,0.702079723875634,0.0038361985096693196,6.17768692979952,16.326676654815675,17.591835964282367,15.061517345348982,0.7042768925483439,53.05495978677403,0.0,0.0,0.0,0.0,0.0
2022-12-13 05:00:00,18.052949905395508,18.770193437295646,17.692330392550996,18.511465684750743,656589000,16.92494115829468,16.415641212463377,14.45079704284668,17.419536304473876,16.943255230434147,16.356328442108804,15.356360579435213,67.2273550979758,0.7699470034359166,0.7156531797876906,0.05429382364822599,11.104022376351018,16.415641212463377,17.896885210233314,14.93439721469344,0.7270553676744459,53.81597858205195,0.0,0.0,0.0,0.0,0.0
2022-12-14 05:00:00,17.655372619628906,18.232764469083662,17.40164060757752,17.968042465025786,496888000,16.99996213912964,16.46620121002197,14.540909366607666,17.390661468505858,17.07273111937865,16.48004693520596,15.44651791434477,63.01654129816884,0.7796239130476259,0.7284473264396778,0.051176586607948105,11.698534506539016,16.46620121002197,18.046039911174823,14.88636250886912,0.7515388796433203,54.28255032974061,0.0,0.0,0.0,0.0,0.0
2022-12-15 05:00:00,16.93412971496582,17.30174181827522,16.682396458224076,17.127925453761733,478542000,16.981681156158448,16.518449592590333,14.615757942199707,17.354452209472655,17.04753086403086,16.52329291423071,15.504855632016184,56.14610498375687,0.7207858878637623,0.7269150387244947,-0.006129150860732402,8.423390412259568,16.518449592590333,18.087013405529813,14.94988577965085,0.7962840549160066,53.765209457623776,0.0,0.0,0.0,0.0,0.0
2022-12-16 05:00:00,16.553529739379883,17.023035477455014,16.39270016925894,16.846222027891535,478232000,16.951213359832764,16.56330270767212,14.684572448730469,17.318865337371825,16.95771247773068,16.526172611863963,15.545980106814762,52.8703328398754,0.6361123841787908,0.708754507815354,-0.0726421236365632,-2.0800336312928103,16.56330270767212,18.078478251455405,15.048127163888832,0.7962242754004826,54.190187257559764,0.0,0.0,0.0,0.0,0.0
2022-12-19 05:00:00,16.23686981201172,16.591495224428783,16.127985432715356,16.55453546819327,354039000,16.915651035308837,16.605705070495606,14.768106136322022,17.285578088760374,16.826650174872686,16.49861996425899,15.573073820744055,50.243784308624484,0.5372629795736898,0.6744562021670212,-0.13719322259333133,-5.1415133550533625,16.605705070495606,18.02704920901094,15.18436093198027,0.799942104048684,54.296613966024154,0.0,0.0,0.0,0.0,0.0
2022-12-20 05:00:00,16.06804847717285,16.292811749949653,15.835295166805327,16.04707069873626,403260000,16.925440979003906,16.644260454177857,14.856372776031494,17.259352340698243,16.688722593472715,16.45761315596507,15.592484591584402,48.8504327553832,0.44022698082672207,0.6276103578989615,-0.1873833770722394,-4.687089158002733,16.644260454177857,17.95354080002242,15.334980108333294,0.7375079209027372,54.418702234841945,0.0,0.0,0.0,0.0,0.0
2022-12-21 05:00:00,16.483606338500977,16.60947488301715,16.085026742432447,16.097015130166447,325025000,16.963500595092775,16.66759076118469,14.954628372192383,17.234395875930787,16.651428728932398,16.460088697158966,15.627430542443875,52.35312245115211,0.3923347088565343,0.5805552280904761,-0.18822051923394179,-0.656240857683632,16.66759076118469,17.946075852873125,15.389105669496256,0.7312287265225871,52.63238560698815,0.0,0.0,0.0,0.0,0.0
2022-12-22 05:00:00,15.322830200195312,16.120988676666293,14.866312166020125,16.077034434147475,565045000,16.78069324493408,16.608864068984985,15.03138620376587,17.196149158477784,16.40986536007111,16.351778364114807,15.61548543098315,43.410649460159604,0.2577436960366306,0.515992921679707,-0.2582492256430764,-4.053304940339187,16.608864068984985,18.02117214329452,15.196555994675448,0.797515652367972,57.39003428187861,0.0,0.0,0.0,0.0,0.0
2022-12-23 05:00:00,15.189970970153809,15.322830189395079,14.867311505326436,15.17998128298212,349326000,16.601382732391357,16.555928039550782,15.096298885345458,17.159014887809754,16.188066380086145,16.241130040880428,15.598798589381998,42.51551064295015,0.13875918962414602,0.44054617526859485,-0.30178698564444884,-5.66999087368073,16.555928039550782,18.098441769538944,15.013414309562622,0.7927348837784136,57.2573022509977,0.0,0.0,0.0,0.0,0.0
2022-12-27 05:00:00,14.106115341186523,15.08408346858157,14.041183324202558,15.058110852321793,464902000,16.26034231185913,16.470920276641845,15.154175262451172,17.119246277809143,15.80952982755894,16.037795307576246,15.540261991413548,35.994757634713565,-0.042505008760507224,0.3439359384627745,-0.3864409472232817,-17.752932519114463,16.470920276641845,18.340171490000593,14.601669063283097,0.8183506331886264,61.726899506122,0.0,0.0,0.0,0.0,0.0
2022-12-28 05:00:00,14.021204948425293,14.246966554872388,13.86936474434743,13.912319639203043,351066000,15.857167816162109,16.391054487228395,15.197150764465333,17.082896127700806,15.48437984953464,15.845739082895202,15.480691126982636,35.53494584307681,-0.19081020966664042,0.23698670883689152,-0.42779691850353196,-17.44013352166768,16.391054487228395,18.53060312609096,14.251505848365829,0.808289764354723,61.67480201271236,0.0,0.0,0.0,0.0,0.0
2022-12-29 05:00:00,14.587604522705078,14.667520106754143,14.212001468208248,14.386817165566422,354923000,15.550391006469727,16.275176572799683,15.249876308441163,17.041177911758425,15.321329790111083,15.725916743829476,15.44566812289332,40.95348107468008,-0.25964639579395055,0.13766008791072312,-0.3973064837046737,-16.7208732078712,16.275176572799683,18.544583886124247,14.005769259475121,0.7674040411802843,55.28546025098029,0.0,0.0,0.0,0.0,0.0
2022-12-30 05:00:00,14.59859561920166,14.613579197907772,14.217996715226494,14.318890082879692,310490000,15.316837596893311,16.14925937652588,15.301143913269042,16.991913475990295,15.189923577218458,15.618552827198256,15.412449593336785,41.057017327770794,-0.309742164739621,0.0481796373806543,-0.3579218021202753,-19.13456972016213,16.14925937652588,18.500015195281147,13.798503557770614,0.7522771602285515,54.89714019435088,0.0,0.0,0.0,0.0,0.0
2023-01-03 05:00:00,14.299908638000488,14.98019143326443,14.081139646053048,14.83534383569061,401277000,15.091475486755371,16.021344423294067,15.343581485748292,16.93980805397034,15.028102679178826,15.49296766632228,15.368820536264774,39.052951585286145,-0.3692880430152137,-0.035313898698519294,-0.33397414431669437,-19.005342191973206,16.021344423294067,18.485358994636353,13.557329851951781,0.7636224110459572,55.02998330495841,0.0,0.0,0.0,0.0,0.0
2023-01-04 05:00:00,14.733451843261719,14.837342302451898,14.225987933937839,14.5516444923479,431324000,14.94113368988037,15.928392362594604,15.389257049560547,16.881450681686403,14.97452979992117,15.420632826030797,15.343904116931322,43.37355717449106,-0.3771477427485852,-0.10368066750853248,-0.2734670752400527,-12.995517979050408,15.928392362594604,18.441459346469703,13.415325378719503,0.7177424451693287,56.53608954862593,0.0,0.0,0.0,0.0,0.0
2023-01-05 05:00:00,14.249963760375977,14.548648374304229,14.133086509590795,14.475725368544696,389168000,14.759325218200683,15.842383098602294,15.422606334686279,16.819273414611818,14.842790520003861,15.30914053406367,15.301004495105621,39.97049744749483,-0.41757649709753863,-0.16645983342633375,-0.2511166636712049,-13.915859730652237,15.842383098602294,18.464799782086352,13.219966415118236,0.7012596931810988,56.205327807596525,0.0,0.0,0.0,0.0,0.0
2023-01-06 05:00:00,14.843335151672363,14.99417598326044,14.019205095866276,14.45874080807322,405044000,14.595298099517823,15.779399347305297,15.454600353240966,16.76111111164093,14.842889543943587,15.26477811669307,15.283056677716083,45.610568351674026,-0.3971582706054413,-0.21259952086215528,-0.184558749743286,-8.582532695485712,15.779399347305297,18.435748653006698,13.123050041603898,0.7014021736089084,58.45842185351866,0.0,0.0,0.0,0.0,0.0
2023-01-09 05:00:00,15.611526489257812,16.03907482336761,15.125039380250245,15.267889243337127,504231000,14.624167728424073,15.702430486679077,15.509248638153077,16.711231656074524,14.982641715818898,15.297801771223046,15.29593784679615,51.91000915447916,-0.31535484376743206,-0.23315058544321066,-0.0822042583242214,-2.841178806272582,15.702430486679077,18.279478297971938,13.125382675386216,0.7417881995731351,56.54845870119062,0.0,0.0,0.0,0.0,0.0
2023-01-10 05:00:00,15.892228126525879,15.945171747578646,15.455688565080475,15.490651513449073,384101000,14.69439344406128,15.647888088226319,15.563918361663818,16.650198583602904,15.148021063220167,15.354413805061412,15.319321779334572,54.00627466702608,-0.22527789904085793,-0.23157604816274013,0.006298149121882202,-3.587674928840101,15.647888088226319,18.156066532181892,13.139709644270747,0.7436434417720453,57.03385742106188,0.0,0.0,0.0,0.0,0.0
2023-01-11 05:00:00,15.984130859375,16.01110282220087,15.546592882587277,15.823301290137104,353285000,14.882194995880127,15.571268653869629,15.607283344268799,16.591910858154296,15.300041026157409,15.414386857853183,15.345392723649883,54.70247500824919,-0.1448062525572471,-0.21422208904164156,0.06941583648439445,4.31578664345742,15.571268653869629,17.92815869559746,13.214378612141797,0.7441429672341358,55.711514174198754,0.0,0.0,0.0,0.0,0.0
2023-01-12 05:00:00,16.49359893798828,16.619465599384565,15.475672796334717,16.083032787049827,551409000,15.129434394836426,15.493301105499267,15.667568817138672,16.533540267944336,15.517051555581203,15.517168960723193,15.390420418329821,58.456617353344164,-0.03946712436809108,-0.17927109610693148,0.1398039717388404,8.58216233853193,15.493301105499267,17.59374182234292,13.392860388655613,0.7871691384631037,55.81607049598178,0.0,0.0,0.0,0.0,0.0
2023-01-13 05:00:00,16.881187438964844,16.904163911762296,16.147961873227626,16.260841726815173,447287000,15.358792686462403,15.454591846466064,15.734687232971192,16.47492657661438,15.765076261650956,15.647075482460494,15.44888187011943,61.09808805616866,0.07443204023827299,-0.1285304688378906,0.2029625090761636,19.672830050352452,15.454591846466064,17.410850376971972,13.498333315960155,0.7256625574669479,56.19478651910451,0.0,0.0,0.0,0.0,0.0
2023-01-17 05:00:00,17.68334197998047,17.709315551841687,16.881188834859515,16.881188834859515,511102000,15.667267322540283,15.492052459716797,15.824320316314697,16.425144891738892,16.113851846801776,15.841005625081443,15.536507756780649,65.92677480006012,0.22681058512213248,-0.05746225804588599,0.2842728431680185,26.11856145763325,15.492052459716797,17.591086284260825,13.393018635172767,0.7522775158960883,56.76766023503082,0.0,0.0,0.0,0.0,0.0
2023-01-18 05:00:00,17.35868263244629,17.854158152300805,17.263781558432793,17.648375934651437,439624000,15.973144721984863,15.532310104370117,15.903425559997558,16.37575623512268,16.34018471691896,15.985546292449524,15.607965595042046,62.543074717534566,0.3177119975768772,0.01757259307866664,0.3001394044982105,18.996114855102686,15.532310104370117,17.744876599889327,13.319743608850906,0.712391012175857,56.54314516440307,0.0,0.0,0.0,0.0,0.0
2023-01-19 05:00:00,16.747323989868164,17.178869643415503,16.713361345219184,17.018038182127146,452932000,16.174531936645508,15.557832813262939,15.955622844696045,16.326175594329833,16.41421003927336,16.058096549346537,15.652646316407777,56.647039396952366,0.3365410529687871,0.08136628505669075,0.25517476791209637,14.718733409125061,15.557832813262939,17.815927774117927,13.29973785240795,0.7315138319402961,57.655370812387666,0.0,0.0,0.0,0.0,0.0
2023-01-20 05:00:00,17.82019805908203,17.837180338916934,16.80726689515637,16.99306976542005,564967000,16.531555366516113,15.645440292358398,16.02638135910034,16.278725175857545,16.669844224693115,16.22591574074992,15.737648345532257,63.202926995919455,0.43304333205393775,0.15170169445614015,0.2813416375977976,24.61756581945389,15.645440292358398,18.113113013218047,13.177767571498746,0.7631953455631475,61.434815510390074,0.0,0.0,0.0,0.0,0.0
2023-01-23 05:00:00,19.172765731811523,19.224710954262285,17.799215385779757,18.044954413779777,655163000,16.964498424530028,15.779898262023925,16.118179111480714,16.24516961097717,17.124920862351008,16.506568120851025,15.872358831268699,69.47083486008317,0.6116127003064342,0.24368389562619897,0.36792880468023526,30.13084737898748,15.779898262023925,18.6927595662846,12.867036957763252,0.8367605659775226,65.98945683213547,0.0,0.0,0.0,0.0,0.0
2023-01-24 05:00:00,19.24468994140625,19.47444892004992,18.80015937186395,18.807151961874666,496204000,17.327814769744872,15.975991249084473,16.227913703918457,16.219579849243164,17.510333422179233,16.76734162757057,16.004607110097623,69.76575823095871,0.7502850744855323,0.3450041313980656,0.40528094308746665,35.05079918110958,15.975991249084473,19.263269298321145,12.6887131998478,0.8207061203328504,59.134150815579204,0.0,0.0,0.0,0.0,0.0
2023-01-25 05:00:00,19.302631378173828,19.349582719059857,18.560414551747876,18.893063715882672,449537000,17.668855094909667,16.181624269485475,16.29937885284424,16.195272970199586,17.836205777814612,17.00879779429469,16.13394139512022,70.01704380486765,0.8550033731487829,0.4470039797482091,0.40799939340057384,30.042414194218647,16.181624269485475,19.76322765960974,12.600020879361209,0.8334071059612734,58.7335404505009,0.0,0.0,0.0,0.0,0.0
2023-01-26 05:00:00,19.7811279296875,20.144744578930933,19.25768007940009,19.68023455547867,489535000,18.048554801940917,16.46537489891052,16.368889083862303,16.178793678283693,18.189827987246044,17.27282923576067,16.27696831804443,72.08074376246472,0.9654746611322089,0.5506981160250091,0.41477654510719986,26.70848006630717,16.46537489891052,20.248184893278754,12.68256490454229,0.8538856178084105,49.7057375939793,0.0,0.0,0.0,0.0,0.0
2023-01-27 05:00:00,20.343528747558594,20.60625195178664,19.38454179975137,19.441480911459067,542142000,18.43354778289795,16.781491088867188,16.45028648376465,16.17112548828125,18.581409943666507,17.565276808312852,16.436441276064592,74.3181754972276,1.085887562702876,0.6577360053605824,0.4281515573422935,28.00929225023523,16.781491088867188,20.75610437081611,12.806877806918267,0.8715098509970608,49.04284121383585,0.0,0.0,0.0,0.0,0.0
2023-01-30 05:00:00,19.141803741455078,20.11877165583903,19.129815353055005,19.928973289328365,488611000,18.659609413146974,17.009201049804688,16.50023910522461,16.15950991630554,18.68329972508261,17.715422230516875,16.54253392176618,62.746881377401266,1.071989265011208,0.7405866572907075,0.33140260772050045,19.755048991156386,17.009201049804688,20.976415823727244,13.041986275882131,0.8727936883405139,55.61799125323026,0.0,0.0,0.0,0.0,0.0
2023-01-31 05:00:00,19.516407012939453,19.66624851924581,18.930025867048208,19.14979328260832,498017000,18.84291591644287,17.255091619491576,16.572784004211425,16.146278705596924,18.834773777420217,17.886944590747596,16.659156395929838,64.59731797298168,1.0787667655135067,0.8082226789352674,0.27054408657823925,18.327158834867753,17.255091619491576,21.202778131890735,13.307405107092416,0.8904179361761874,55.41274599549401,0.0,0.0,0.0,0.0,0.0
2023-02-01 05:00:00,20.920923233032227,21.169659387182808,19.590326660737446,19.670242250628736,660477000,19.199139976501463,17.586142349243165,16.678073120117187,16.144786472320558,19.21407367844058,18.17589493763185,16.826284507188756,70.51160713086507,1.1838243146265448,0.883343006073523,0.3004813085530218,23.93040068225851,17.586142349243165,21.600286029366583,13.571998669119747,0.9753281100783132,57.20757477349024,0.0,0.0,0.0,0.0,0.0
2023-02-02 05:00:00,21.686113357543945,21.925860113730366,20.6781782034606,20.977861172359162,564276000,19.693018913269043,17.933775424957275,16.804018936157227,16.14449996948242,19.663535438277556,18.510201453813956,17.016866030732096,73.14391329440045,1.3136842925009233,0.9694112633590032,0.34427302914192015,22.635830840658187,17.933775424957275,22.10872210830008,13.758828741614472,0.9827487605940216,57.402674228064356,0.0,0.0,0.0,0.0,0.0
2023-02-03 05:00:00,21.077754974365234,21.72207541802909,20.767082033794136,20.97786002176547,429366000,20.018774604797365,18.275164985656737,16.919635219573976,16.139100465774536,19.92066626302077,18.754730360533124,17.17611657754124,67.95050119877428,1.3519256657671512,1.045914143840633,0.30601152192651826,21.424853605926142,18.275164985656737,22.295548745173537,14.254781226139936,0.996948142429756,56.84216670741108,0.0,0.0,0.0,0.0,0.0
2023-02-06 05:00:00,21.0667724609375,21.547264471015012,20.764090426847382,20.784069803716758,452197000,20.208175277709962,18.586336851119995,17.02063066482544,16.137219524383546,20.12904920809654,18.974924846285923,17.328691318066582,67.85683236676925,1.365604197417202,1.1098521545559468,0.2557520428612552,25.79187262205309,18.586336851119995,22.448586377387684,14.724087324852304,0.9937371375219551,56.719696981928266,0.0,0.0,0.0,0.0,0.0
2023-02-07 05:00:00,22.149625778198242,22.235535559887833,21.12770349826597,21.359459276744385,664150000,20.49866886138916,18.913241815567016,17.133675899505615,16.14723605155945,20.49642676629685,19.27727731599186,17.517747571405078,71.96093769373002,1.447140015928305,1.1773097268304185,0.26983028909788653,24.295059486781213,18.913241815567016,22.821823691608778,15.004659939525256,1.0350504593135494,56.692239594830475,0.0,0.0,0.0,0.0,0.0
2023-02-08 05:00:00,22.18159294128418,22.85388384635013,21.984800102114296,22.36340029679166,559651000,20.786565017700195,19.227710056304932,17.25233392715454,16.160746335983276,20.802820616294543,19.553878804114937,17.70064346826308,72.07429593642895,1.497079818188265,1.2412637451019877,0.2558160730862773,15.693235141763617,19.227710056304932,23.1249046808124,15.330515431797467,1.05103349195703,57.00549222957875,0.0,0.0,0.0,0.0,0.0
2023-02-09 05:00:00,22.313453674316406,22.995734263923605,22.0966833667124,22.582171117953777,523876000,21.039797592163087,19.544176197052003,17.382477588653565,16.172984428405762,21.077481172298516,19.81669545841984,17.881537986147524,72.56696974383418,1.5296645101359516,1.2989438981087806,0.23072061202717098,15.946028448644967,19.544176197052003,23.35942508941406,15.728927304689945,1.0374045311114897,57.00114302495714,0.0,0.0,0.0,0.0,0.0
2023-02-10 05:00:00,21.242584228515625,22.054726981350132,20.789064216864638,21.6671373847091,550737000,21.12970314025879,19.78162546157837,17.49495885848999,16.185428066253664,21.107499909792537,19.95249438890515,18.013343721142352,62.866740240711096,1.4523362701434976,1.3296223725157241,0.12271389762777352,10.050198920212349,19.78162546157837,23.38257605797498,16.180674865181757,1.0444683803235784,61.210610957400704,0.0,0.0,0.0,0.0,0.0
2023-02-13 05:00:00,21.765031814575195,22.024757958584203,20.93990234696834,21.515295357490146,474919000,21.3920259475708,20.025817680358887,17.59215623855591,16.20234555244446,21.227051165207566,20.12511700087373,18.160468744414228,65.3035359536415,1.4168773565570838,1.347073369323996,0.06980398723308778,10.029275842811035,20.025817680358887,23.456983752912382,16.594651607805393,1.0737945277114278,61.23572597086275,0.0,0.0,0.0,0.0,0.0
2023-02-14 05:00:00,22.9467830657959,23.02469994876541,21.343473718903144,21.555250107252977,675474000,21.735063552856445,20.288989734649657,17.70875310897827,16.21834921836853,21.53972969258726,20.393847102294885,18.348167345252726,70.0854953994793,1.467220161034831,1.3711027276661631,0.09611743336866785,12.796473760972859,20.288989734649657,23.770699348155972,16.807280121143343,1.1375129607507337,61.780177811651896,0.0,0.0,0.0,0.0,0.0
2023-02-15 05:00:00,22.740001678466797,22.830905348150583,22.082696315415404,22.525228183306545,420575000,21.9169713973999,20.558055686950684,17.826388988494873,16.239482774734498,21.757960962747177,20.617290395263637,18.52039614263367,68.31137234873422,1.473446690214388,1.3915715201758083,0.08187517003857958,18.797590789310846,20.558055686950684,23.91580442547283,17.200306948428537,1.1358716929542803,61.220823737999055,0.0,0.0,0.0,0.0,0.0
2023-02-16 05:00:00,21.97880744934082,22.526228206382104,21.903885748285937,22.109667968901128,412026000,21.94624080657959,20.819629859924316,17.93411527633667,16.25188928604126,21.798114869400564,20.74695868612813,18.656020115445717,62.08140391237923,1.400811563000694,1.3934195287407856,0.007392034259908531,12.617078721348584,20.819629859924316,23.709984139841616,17.929275580007015,1.1083292485361083,61.036459949986096,0.0,0.0,0.0,0.0,0.0
2023-02-17 05:00:00,21.365455627441406,21.717083871627388,20.952890859592024,21.608199514245356,465888000,21.975010871887207,20.996892738342286,18.042021408081055,16.260884675979614,21.719449552680715,20.805863156729394,18.762272488465157,57.52863349991063,1.2790116847985509,1.3705379599523386,-0.09152627515378775,2.124822071462429,20.996892738342286,23.524845703869243,18.46893977281533,1.094915191053623,59.8260695970062,0.0,0.0,0.0,0.0,0.0
2023-02-21 05:00:00,20.633228302001953,21.471342710023446,20.59626664817325,20.97786395244178,410015000,21.931656455993654,21.069915866851808,18.132625770568847,16.262565622329713,21.52195477983003,20.789421741993447,18.83564330468229,52.57197008922392,1.110597501445021,1.3185498682508752,-0.20795236680585427,-4.855111832087355,21.069915866851808,23.456424409779213,18.683407323924403,1.1048332917430943,56.358193081677456,0.0,0.0,0.0,0.0,0.0
2023-02-22 05:00:00,20.732120513916016,21.08175191942392,20.399471384893207,20.6851710833237,513184000,21.78990592956543,21.144287395477296,18.204250106811525,16.272177467346193,21.378348549663844,20.78396448217655,18.91001495994636,53.158962809892664,0.9738815228284814,1.2496161991663965,-0.27573467633791515,-1.6398068051819537,21.144287395477296,23.379191981082485,18.909382809872106,1.0354781603350482,56.358125644129,0.0,0.0,0.0,0.0,0.0
2023-02-23 05:00:00,23.639055252075195,23.862820062689913,23.0007288852004,23.415292346798566,1117995000,21.93565216064453,21.361108589172364,18.337369689941408,16.297167444229125,21.789386131920452,21.055877888833564,19.095467520422,66.34479937841034,1.0875617292603756,1.2172053051851925,-0.1296435759248169,12.21014180462281,21.361108589172364,23.68341389022415,19.03880328812058,1.1699794202282006,74.16400822756863,0.0,0.0,0.0,0.0,0.0
2023-02-24 05:00:00,23.261455535888672,23.4492590122832,22.922814050705714,23.200520912956318,589716000,22.03045234680176,21.53512496948242,18.452268409729005,16.328878736495973,22.057035114460128,21.265932902838813,19.25883959945991,63.83120448185268,1.1341116375182239,1.200586571651799,-0.06647493413357508,5.019632244914929,21.53512496948242,23.88040375214194,19.1898461868229,1.1529256928806668,74.58264392297374,0.0,0.0,0.0,0.0,0.0
2023-02-27 05:00:00,23.476224899291992,23.854825071141974,23.429275467548678,23.6450473658971,452994000,22.253816413879395,21.69175977706909,18.560733909606935,16.358444747924803,22.315069620793192,21.47643690250102,19.424227258276858,64.65152659244819,1.1747906130057721,1.1954273799225936,-0.02063676691682148,5.836514814038685,21.69175977706909,24.118967738680247,19.264551815457935,1.139368227958215,74.2348171346112,0.0,0.0,0.0,0.0,0.0
2023-02-28 05:00:00,23.191526412963867,23.79988559289662,23.1815367258424,23.347362102450354,455963000,22.396465873718263,21.894245910644532,18.671456985473633,16.39140350341797,22.474425401187858,21.63977876064034,19.57196448002929,62.6238999323627,1.1705626876207695,1.190454441462229,-0.01989175384145936,3.9351718091859222,21.894245910644532,24.090456489901356,19.698035331387707,1.1000529256799212,70.36282864151012,0.0,0.0,0.0,0.0,0.0
2023-03-01 05:00:00,22.674072265625,23.23148459935281,22.484272025585433,23.167550984389926,460026000,22.369194793701173,22.052129173278807,18.786255836486816,16.42404583930969,22.51072483108552,21.738282903972213,19.693615765738926,59.00191441567528,1.112632071219501,1.1748899674136835,-0.06225789619418243,6.738765969856786,22.052129173278807,23.964214733089303,20.14004361346831,1.0913478420750313,71.21495573562824,0.0,0.0,0.0,0.0,0.0
2023-03-02 05:00:00,23.2894229888916,23.355353400499368,22.40835276964801,22.464295399339527,389415000,22.424136924743653,22.170554161071777,18.920973701477052,16.452123832702636,22.652306314322985,21.88601053110739,19.834627813705698,61.82922248285356,1.1036530753683245,1.1606425890046117,-0.05698951363628724,7.003854564988887,22.170554161071777,24.08103041447587,20.260077907667686,1.0947728230493283,67.59725670896938,0.0,0.0,0.0,0.0,0.0
2023-03-03 05:00:00,23.86481475830078,23.874804445027564,23.105615715106577,23.29541595223961,412393000,22.61273765563965,22.27948923110962,19.07353260040283,16.48528476715088,22.87276239504622,22.074468076554382,19.992674360552563,64.30783191206206,1.129941204664366,1.1545023121365627,-0.024561107472196753,4.000698877365894,22.27948923110962,24.31783824233448,20.241140219884755,1.0408299139399868,67.01867381509234,0.0,0.0,0.0,0.0,0.0
2023-03-06 05:00:00,23.529172897338867,24.22243969976959,23.462242179784383,23.865817563448918,437429000,22.829109382629394,22.402060127258302,19.222755088806153,16.512210817337035,22.992109759099424,22.213011392819574,20.131360577681438,61.78740445843871,1.1108856452080111,1.1457789787508523,-0.03489333354284119,3.4704096773192417,22.402060127258302,24.43094046847168,20.373179786044926,1.0176400502520828,66.26659295348117,0.0,0.0,0.0,0.0,0.0
2023-03-07 05:00:00,23.267406463623047,24.10366619548079,23.220447141626465,23.579130835571632,515154000,23.092527198791505,22.512091827392577,19.358431091308592,16.544011764526367,23.042163705376446,22.313429970991333,20.254342769286993,59.81830806008297,1.062414757528888,1.1291061345064595,-0.06669137697757144,5.86291598055233,22.512091827392577,24.47363686635456,20.550546788430594,0.960639537680087,66.51790832049448,0.0,0.0,0.0,0.0,0.0
2023-03-08 05:00:00,24.159610748291016,24.17859494826269,23.403280373872484,23.466224373577802,513573000,23.435276222229003,22.612591075897218,19.53516670227051,16.579345407485963,23.245335894997275,22.48925671168654,20.407490533169504,64.02640641066526,1.0835046915141575,1.1199858459079992,-0.0364811543938417,13.077910293945937,22.612591075897218,24.69799473205553,20.527187419738905,0.9640039472700261,65.48359689254569,0.0,0.0,0.0,0.0,0.0
2023-03-09 05:00:00,23.41526985168457,24.4323690005714,23.362315331755266,24.15361456298328,501257000,23.412897682189943,22.674274921417236,19.699672679901123,16.613103446960448,23.27623297803133,22.5774484393054,20.52544266330735,58.52016250263112,1.028302890872883,1.101649254900976,-0.07334636402809291,13.483307163390856,22.674274921417236,24.778893943443716,20.569655899390757,0.9807137857439743,66.71317738926649,0.0,0.0,0.0,0.0,0.0
2023-03-10 05:00:00,22.944686889648438,23.60610198543216,22.705897972493613,23.388294401646913,474866000,23.381220817565918,22.70583658218384,19.876444110870363,16.643490409851076,23.21595187105262,22.612423529814258,20.620314985908962,55.28319419399593,0.9357956838163162,1.068478540684044,-0.13268285686772785,10.672166285389295,22.70583658218384,24.806601291271605,20.605071873096072,0.9717343159718137,67.22558986977603,0.0,0.0,0.0,0.0,0.0
2023-03-13 04:00:00,22.945682525634766,23.27738955062946,22.277275643092484,22.731873047033044,421890000,23.328166580200197,22.790991497039794,20.05493366241455,16.67759563446045,23.166811990067558,22.644162481797164,20.711505869819778,55.2888292473929,0.852733612966734,1.025329555140582,-0.1725959421738481,-2.9331659791249964,22.790991497039794,24.776950110039294,20.805032884040294,0.9806655906637266,64.57835280572353,0.0,0.0,0.0,0.0,0.0
2023-03-14 04:00:00,24.041715621948242,24.197577774691457,23.439248344671885,23.475217706481274,474910000,23.41318550109863,22.904825687408447,20.244015884399413,16.71308346748352,23.325885377682226,22.77726278085917,20.842102330687563,61.10024439863141,0.8653715695515629,0.9933379580227784,-0.12796638847121544,3.3543046558533574,22.904825687408447,24.90412573693869,20.905525637878206,1.0213523559870108,66.0367993802646,0.0,0.0,0.0,0.0,0.0
2023-03-15 04:00:00,24.20656967163086,24.26451702592668,23.339337433810194,23.73998179778675,524486000,23.566435241699217,22.967815017700197,20.436175365447998,16.745023527145385,23.486009794763795,22.91338724664695,20.97404222641083,61.902337578701925,0.8785620686220348,0.9703827801426297,-0.0918207115205949,3.110997511192237,22.967815017700197,25.05033005245941,20.885299982940982,0.8638152162257671,63.51183735614706,0.0,0.0,0.0,0.0,0.0
2023-03-16 04:00:00,25.518407821655273,25.565365225905747,23.872863426440126,24.005747106314715,583253000,23.789333724975585,23.10673532485962,20.660545349121094,16.778731489181517,23.85553670874406,23.16148444426679,21.152252641910614,67.62337564230374,0.9835324594213972,0.9730127159983832,0.010519743423013983,10.033325824516236,23.10673532485962,25.476180066908995,20.737290582810246,0.9335481160897771,65.79574223539971,0.0,0.0,0.0,0.0,0.0
2023-03-17 04:00:00,25.70224952697754,26.37565323674263,25.645298824126904,25.95902220904214,848547000,23.97307720184326,23.292907428741454,20.87992130279541,16.814052410125733,24.191302675695603,23.403462071191623,21.330683892305395,68.34087882163143,1.0692313066611732,0.9922564341309412,0.07697487253023194,13.355242172105996,23.292907428741454,25.865599914199098,20.72021494328381,0.9523963932207808,64.07518933032745,0.0,0.0,0.0,0.0,0.0
2023-03-20 04:00:00,25.87708854675293,26.000979405508424,25.107769229375986,25.592340809458843,432747000,24.207868766784667,23.51848907470703,21.11246379852295,16.852004327774047,24.497809197706026,23.639045545054604,21.50897427091118,69.04350298398737,1.13813657822244,1.021432462949241,0.1167041152731989,11.110904547079459,23.51848907470703,26.1695753065786,20.86740284283546,0.972029343869225,62.62105194498078,0.0,0.0,0.0,0.0,0.0
2023-03-21 04:00:00,26.175830841064453,26.36866095810992,25.358555335995277,26.15684854280883,547408000,24.49871120452881,23.795619201660156,21.33911371231079,16.885101537704468,24.802904041953013,23.880644144674587,21.691988254054447,70.2581100951472,1.2029832665619864,1.0577426236717902,0.14524064289019623,9.683779682219583,23.795619201660156,26.333124809984007,21.258113593336304,0.9908074187511726,60.36454168457236,0.0,0.0,0.0,0.0,0.0
2023-03-22 04:00:00,26.444589614868164,27.564598386349715,26.21379303359335,26.401626474238157,797295000,24.727209091186523,24.081242656707765,21.555774974823,16.923894577026367,25.10139232793758,24.124829427550164,21.878364778007928,71.34729172786155,1.2615193118429886,1.09849796130603,0.16302135053695865,12.3906468376499,24.081242656707765,26.4470225887289,21.71546272468663,1.0223621983535942,60.30167891909062,0.0,0.0,0.0,0.0,0.0
2023-03-23 04:00:00,27.16695213317871,27.474680300568725,26.666395768826245,27.091019134511235,564889000,25.102377319335936,24.25763750076294,21.781269454956053,16.965970039367676,25.47694865616324,24.41455539951479,22.085760360563647,74.09340998437574,1.3506289577620727,1.1489241605972387,0.20170479716483403,16.759692042395578,24.25763750076294,26.983309420405707,21.531965581120172,1.0409980523378495,37.8052252543937,0.0,0.0,0.0,0.0,0.0
2023-03-24 04:00:00,26.755319595336914,27.142976988345602,26.331694737153786,27.00709756854411,454920000,25.483440589904784,24.432330703735353,21.996693229675294,17.00528860092163,25.709379736013,24.63748532292642,22.268880330554754,69.97763167460397,1.3722156407738346,1.193582456632558,0.1786331841412767,10.744001110322166,24.432330703735353,27.331506566645462,21.533154840825244,1.046359472054972,37.73936639479529,0.0,0.0,0.0,0.0,0.0
2023-03-27 04:00:00,26.507535934448242,26.97612101034624,26.341682380127203,26.81326506197413,361026000,25.839625930786134,24.583896255493165,22.19697196960449,17.04473603248596,25.854499044819406,24.815585381166596,22.435102118942734,67.54534117762702,1.353724281116449,1.2256108215293362,0.12811345958711273,13.206194514735458,24.583896255493165,27.587672628137852,21.58011988284848,1.0285894417953085,38.18124036118841,0.0,0.0,0.0,0.0,0.0
2023-03-28 04:00:00,26.386642456054688,26.4895520016458,25.8271382618564,26.42361038825946,356104000,26.074118614196777,24.743652057647704,22.38708106994629,17.08657420158386,25.951252392316725,24.96520986448927,22.590064485103987,66.33388823477631,1.3141657670843507,1.2433218106403392,0.07084395644401154,15.001100616278617,24.743652057647704,27.775360143820667,21.711943971474742,1.0121043837918944,37.78771952752935,0.0,0.0,0.0,0.0,0.0
2023-03-29 04:00:00,26.960132598876953,27.054049321086534,26.57347575940691,26.801274739572264,393694000,26.349474906921387,24.957955074310302,22.57261688232422,17.13664119720459,26.134685157145853,25.155202505859524,22.76143970525195,69.15966591883881,1.3139448826736952,1.2574464250470105,0.056498457626684706,17.495448517416158,24.957955074310302,27.979616030385408,21.936294118235196,0.9833438978073025,36.50913848778184,0.0,0.0,0.0,0.0,0.0
2023-03-30 04:00:00,27.358783721923828,27.47468226741287,27.078032082373483,27.204920580045023,364516000,26.53351249694824,25.161423110961913,22.77261890411377,17.195325779914857,26.35724853256003,25.365067383579934,22.94172770590575,70.98293287924052,1.3305993234192428,1.272077004721457,0.0585223186977859,13.79713557940665,25.161423110961913,28.257143755584593,22.065702466339232,0.9557971589214002,35.95162835330411,0.0,0.0,0.0,0.0,0.0
2023-03-31 04:00:00,27.7524356842041,27.80938448318539,27.081029086871563,27.11599798197619,433933000,26.7385311126709,25.35580415725708,22.992721138000487,17.25503514289856,26.61091892376804,25.592435793163187,23.130382920740978,72.69929589697037,1.3598865851149569,1.2896389208001569,0.0702476643148,14.648362244935754,25.35580415725708,28.59367327725632,22.11793503725784,0.9363858366911751,35.511957146917275,0.0,0.0,0.0,0.0,0.0
2023-04-03 04:00:00,27.94026756286621,27.97523645598325,27.311824147854885,27.484671479925822,398716000,26.944849014282227,25.57635889053345,23.195122528076173,17.31223421096802,26.852618676331343,25.816038818849186,23.319005847883144,73.50461397843615,1.382318902004986,1.3081749170411228,0.07414398496386321,9.490638123416595,25.57635889053345,28.890380604068778,22.26233717699812,0.8943513409105803,34.567445002513004,0.0,0.0,0.0,0.0,0.0
2023-04-04 04:00:00,27.42871856689453,27.975235662091706,27.28284778669967,27.941265336695817,368592000,27.070137786865235,25.78442449569702,23.36024158477783,17.37149809837341,26.957364110979192,25.969627366282076,23.480171052550258,67.65166535496292,1.3433338297814288,1.315206699589184,0.028127130192244776,6.717190408196982,25.78442449569702,29.009398220577463,22.55945077081658,0.8777233611445483,35.20616893273438,0.0,0.0,0.0,0.0,0.0
2023-04-05 04:00:00,26.857223510742188,26.97411869458037,26.371653330557585,26.80526946048249,515015000,27.111401176452638,25.91930513381958,23.51249225616455,17.426511759757997,26.93915672911792,26.054160332421134,23.612604482283274,61.737181706498966,1.2518919729356455,1.3025437542584763,-0.05065178132283088,3.787655486120145,25.91930513381958,29.08321963234558,22.755390635293583,0.8323350352067858,34.81537559945833,0.0,0.0,0.0,0.0,0.0
2023-04-06 04:00:00,27.013084411621094,27.05604564313856,26.40362339232595,26.560484102488175,397654000,27.096014404296874,26.099195861816405,23.666701316833496,17.47888023853302,26.952598125936674,26.14548643520208,23.745956636374956,62.695068053775906,1.1784162655290302,1.2777182565125873,-0.09930199098355708,3.198574958863065,26.099195861816405,29.066673364605457,23.131718359027353,0.817704809187161,32.06339726918823,0.0,0.0,0.0,0.0,0.0
2023-04-10 04:00:00,27.554607391357422,27.59657006024275,26.645412420852104,26.7992755400983,395279000,27.175943183898926,26.329691886901855,23.822170906066894,17.534984669685365,27.062054356013174,26.2796884310264,23.895315489511525,65.89014480910632,1.1506189972489196,1.252298404659854,-0.1016794074109344,4.1975231707326754,26.329691886901855,28.962795338150165,23.696588435653545,0.8218439137056046,30.638183937746806,0.0,0.0,0.0,0.0,0.0
2023-04-11 04:00:00,27.144969940185547,27.765420962103274,27.102006799330113,27.699479353630412,314378000,27.239686584472658,26.539656257629396,23.958199729919432,17.589714827537538,27.07712991677179,26.362096193803463,24.02275291894972,61.592686810292484,1.083050412067042,1.2184488061412915,-0.13539839407424958,-0.08091519757315035,26.539656257629396,28.65547729702994,24.423835218228852,0.7970802380383558,31.679584669823985,0.0,0.0,0.0,0.0,0.0
2023-04-12 04:00:00,26.471567153930664,27.443706150535657,26.42460783917617,27.345793254176353,446259000,27.248179054260255,26.661148834228516,24.104794998168945,17.636580214500427,26.967027596255218,26.372521999529866,24.118784849733288,55.21704016849526,0.9640508662310836,1.16756921815925,-0.20351835192816647,-1.060545886567188,26.661148834228516,28.4223708065169,24.899926861940134,0.7706752927579436,30.227671577276894,0.0,0.0,0.0,0.0,0.0
2023-04-13 04:00:00,26.439592361450195,26.863217112653786,26.305712014928602,26.71035256577281,353615000,27.196125030517578,26.772799968719482,24.24325870513916,17.684568676948548,26.87113028083612,26.378909653046087,24.209796909016305,54.92630805398245,0.8572805734696445,1.105511489221329,-0.24823091575168443,-0.2563179511142377,26.772799968719482,28.111208085059115,25.43439185237985,0.7369191793311308,30.297298347199824,0.0,0.0,0.0,0.0,0.0
2023-04-14 04:00:00,26.734333038330078,26.859222480822282,26.196808771126577,26.48055798084649,395660000,27.133679962158205,26.833596229553223,24.35952690124512,17.73845871448517,26.846258054925926,26.41275949926361,24.30879832585214,57.16520254057106,0.7873711322997359,1.0418834178370104,-0.25451228553727456,1.317676482919139,26.833596229553223,28.035603646768102,25.631588812338343,0.7245732017361866,24.187460184872556,0.0,0.0,0.0,0.0,0.0
2023-04-17 04:00:00,26.978116989135742,26.98211316139373,26.409620037298097,26.541503250119483,321471000,27.056248092651366,26.897389602661132,24.465366973876954,17.795764136314393,26.870232406600437,26.466603069727622,24.41347748911817,58.980110873556285,0.7430730404810326,0.9821213423658149,-0.23904830188478232,0.06670735091094393,26.897389602661132,27.975638933939415,25.81914027138285,0.720148522727372,24.246943979667765,0.0,0.0,0.0,0.0,0.0
2023-04-18 04:00:00,27.642528533935547,28.08513749604695,27.332803260522113,27.508648184223265,604812000,27.0264741897583,26.985661602020265,24.59666244506836,17.85830352306366,27.010649884297727,26.57859597108076,24.540106941856106,63.51706593632196,0.7528999802027556,0.9362770699332031,-0.18337708973044753,1.0371250962605494,26.985661602020265,27.99933979882385,25.97198340521668,0.7506215823216126,25.458246533116828,0.0,0.0,0.0,0.0,0.0
2023-04-19 04:00:00,27.906293869018555,27.97523308017652,27.207912752047683,27.336798357649375,358660000,27.074231719970705,27.072184753417968,24.73345287322998,17.925336632728577,27.173494245156057,26.705043389931976,24.672114272333065,65.16431613277973,0.7730602020973087,0.9036336963660243,-0.13057349426871556,0.5543952486376735,27.072184753417968,28.090216327408573,26.054153179427363,0.7577582582571117,25.383371929212206,0.0,0.0,0.0,0.0,0.0
2023-04-20 04:00:00,27.080028533935547,28.005210147455717,26.976120423056454,27.646526498743864,427713000,27.096512222290038,27.103956699371338,24.832060928344728,17.98603695869446,27.1565004794796,26.74075626078946,24.766542282591985,56.55054889396721,0.7141325406451422,0.8657334652218479,-0.1516009245767057,-3.078850361740837,27.103956699371338,28.078240900074785,26.12967249866789,0.7945111193902079,27.771532419245347,0.0,0.0,0.0,0.0,0.0
2023-04-21 04:00:00,27.09501075744629,27.158955227215888,26.6983625730689,26.928158664013214,345103000,27.10470485687256,27.100359630584716,24.93032928466797,18.045983533859253,27.145320530018996,26.774494784280588,24.85785477180196,56.66241266155473,0.6610210454781154,0.8247909812731014,-0.163769935794986,-1.2166365287331171,27.100359630584716,28.074195661296677,26.126523599872755,0.7753852092354337,26.02019368556718,0.0,0.0,0.0,0.0,0.0
2023-04-24 04:00:00,27.018081665039062,27.341794498427166,26.647409518060194,26.989107985798988,339282000,27.051052284240722,27.113497734069824,25.024421844482422,18.101911306381226,27.122186190931735,26.797693534829016,24.942569551928905,55.86705955433326,0.6057396781269873,0.7809807206438786,-0.17524104251689132,0.5989381375648861,27.113497734069824,28.07474240551494,26.15225306262471,0.777597542966763,25.429892776579138,0.0,0.0,0.0,0.0,0.0
2023-04-25 04:00:00,26.217792510986328,27.222903354703707,26.201807819523317,27.05405218790828,378527000,26.958334541320802,27.09901056289673,25.123926010131836,18.15393747329712,26.957750976396206,26.742464865891616,24.992578295421353,48.2754742852768,0.4916843190171676,0.7231214403185364,-0.23143712130136884,-2.944098824540853,27.09901056289673,28.106337337222477,26.091683788570982,0.8010766615230739,27.426678022838885,0.0,0.0,0.0,0.0,0.0
2023-04-26 04:00:00,26.93215560913086,27.305825338536614,26.6813781784844,26.978116353168147,406337000,27.00439338684082,27.126286220550536,25.22726848602295,18.212959957122802,26.95309727325705,26.76053065096202,25.06864015086094,54.251473546239524,0.45370769712765124,0.6692386916803594,-0.2155309945527082,-2.25897532628897,27.126286220550536,28.080540117001995,26.172032324099078,0.8032886323240268,29.06295268290905,0.0,0.0,0.0,0.0,0.0
2023-04-27 04:00:00,27.20191764831543,27.470680716229086,26.601449417885966,27.338797504535222,377161000,27.080625915527342,27.13837547302246,25.31237117767334,18.27368067741394,26.99833734144948,26.802567507852824,25.15229809193759,56.304512159214475,0.44030295436138545,0.6234515442165647,-0.18314858985517923,0.20979101562965674,27.13837547302246,28.089888667455376,26.186862278589544,0.8187749928619203,28.250282824341866,0.0,0.0,0.0,0.0,0.0
2023-04-28 04:00:00,27.724458694458008,27.73344960649909,27.047056930698307,27.20092196442208,292216000,27.179638481140138,27.15665922164917,25.412060317993163,18.336604762077332,27.13035940563285,26.89036666848189,25.253167135173683,60.044898824523564,0.46646715155176466,0.5920546656836048,-0.1255875141318401,4.7329707880226835,27.15665922164917,28.139541159528235,26.173777283770107,0.7998632097483586,28.586552863332198,0.0,0.0,0.0,0.0,0.0
2023-05-01 04:00:00,28.884431838989258,29.032301664294753,27.755432049658587,27.815378452063833,570329000,27.370269966125488,27.21325902938843,25.550172805786133,18.404290385246277,27.449281666243103,27.080277637101638,25.395569672578215,66.83235127872668,0.574183771688574,0.5884804868845986,-0.0142967151960246,9.246887940313787,27.21325902938843,28.4405751558046,25.98594290297226,0.8458938388243288,31.795423746429407,0.0,0.0,0.0,0.0,0.0
2023-05-02 04:00:00,28.185049057006836,28.810496754933304,28.058162478439368,28.654634590232256,402730000,27.42452201843262,27.225498104095458,25.68656467437744,18.466532225608827,27.58305755547287,27.185493962806895,25.50496102098718,60.19290922842041,0.5962425111625436,0.5900328917401876,0.006209619422355983,5.426415600482004,27.225498104095458,28.487725600756235,25.96327060743468,0.832120342337929,33.079833206842565,0.0,0.0,0.0,0.0,0.0
2023-05-03 04:00:00,27.77741050720215,28.341911325325526,27.44770245263645,27.815377004737694,383387000,27.411633682250976,27.24293270111084,25.829448318481447,18.525043597221373,27.618394455787282,27.241866967035012,25.59407668711326,56.65974017611175,0.5742120379892057,0.5868687209899912,-0.012656683000785485,2.9627476164785227,27.24293270111084,28.52643253352155,25.959432868700127,0.8561706119782071,32.81472962615742,0.0,0.0,0.0,0.0,0.0
2023-05-04 04:00:00,27.537620544433594,27.834356814204146,27.21590486366876,27.626540615871196,321850000,27.45739288330078,27.27695255279541,25.965558319091798,18.577908167839052,27.603708290086608,27.270033974406306,25.67029409328269,54.628421005772815,0.5312794247922135,0.5757508617504357,-0.0444714369582222,-0.3795166182904097,27.27695255279541,28.55345587567946,26.00044922991136,0.8530304863238983,32.02222442749619,0.0,0.0,0.0,0.0,0.0
2023-05-05 04:00:00,28.654634475708008,28.72956699907564,27.70647440681242,27.801389698676097,361494000,27.613355255126955,27.359030055999757,26.065869903564455,18.632289366722105,27.794785778381407,27.401900688815992,25.78732704945623,61.5446940760349,0.5806948200837887,0.5767396534171063,0.003955166666682386,2.6816194590434606,27.359030055999757,28.768291545125763,25.94976856687375,0.8972771527914993,34.89772574250323,0.0,0.0,0.0,0.0,0.0
2023-05-08 04:00:00,29.125215530395508,29.194154745050692,28.32492531170623,28.49677215933893,344979000,27.8240686416626,27.43756046295166,26.18314510345459,18.68781041622162,28.036682096929425,27.566025911823566,25.918224636944046,64.03219208082999,0.6503322102721043,0.5914581647881059,0.05887404548399844,7.5523812461904205,27.43756046295166,29.052712753442865,25.822408172460452,0.8802920761081603,34.688525496292336,0.0,0.0,0.0,0.0,0.0
2023-05-09 04:00:00,28.545726776123047,28.94737161540953,28.42483542221699,28.873437666396427,314869000,28.05686206817627,27.507598304748534,26.28453514099121,18.74408315181732,28.129235674964626,27.659330756042564,26.021263936519695,58.973281300814,0.6512532026967968,0.603417172369844,0.047836030326952717,5.354181371853017,27.507598304748534,29.18943456656973,25.825762042927337,0.8755106318259946,35.07595695751702,0.0,0.0,0.0,0.0,0.0
2023-05-10 04:00:00,28.859453201293945,29.087252189450044,28.435828416964906,28.97934600141485,369350000,28.249591827392578,27.626992607116698,26.397893676757814,18.803397135734556,28.26200249793359,27.773628131780793,26.132565476314763,60.779866667308234,0.669579698454033,0.6166496775866819,0.0529300208673511,6.815330411254128,27.626992607116698,29.33793410736728,25.916051106866117,0.8485344924035572,33.617069794331144,0.0,0.0,0.0,0.0,0.0
2023-05-11 04:00:00,28.552719116210938,28.924391692794167,28.221013976145482,28.870438607270344,322149000,28.38467197418213,27.732648944854738,26.515466613769533,18.863628516197206,28.314860064893104,27.847827273155094,26.227473462193046,58.08669526434398,0.6518387102976213,0.6236874841288698,0.028151226168751542,8.905885589895401,27.732648944854738,29.39514920994219,26.070148679767286,0.8658762825822498,33.99489747503692,0.0,0.0,0.0,0.0,0.0
2023-05-12 04:00:00,28.31493377685547,28.75454513594309,28.02119319112188,28.503765785473174,274222000,28.443719482421876,27.811678981781007,26.615976829528808,18.916396069526673,28.31487346706808,27.892313606840844,26.30933465100334,56.014583935016724,0.6115420832715337,0.6212584039574025,-0.009716320685868807,5.134301865001123,27.811678981781007,29.423873623017602,26.199484340544412,0.8686596371861237,34.15954032402711,0.0,0.0,0.0,0.0,0.0
2023-05-15 04:00:00,28.927391052246094,28.943377647743457,28.127100823911366,28.482784946357548,293926000,28.448015403747558,27.909142684936523,26.717228355407716,18.971257472038268,28.426240300736808,27.990892411165152,26.41200352948345,59.97501950233194,0.6218585019201903,0.6213784235499601,0.00048007837023023026,6.343205013112452,27.909142684936523,29.544673776906027,26.27361159296702,0.8540297292326738,34.73599537170097,0.0,0.0,0.0,0.0,0.0
2023-05-16 04:00:00,29.187166213989258,29.843586721251313,28.806504520583626,28.815495433708772,449405000,28.5482271194458,27.98637456893921,26.830388221740723,19.026524167060852,28.564590466782708,28.104823249529353,26.520833438679755,61.55614970414669,0.6435772644543967,0.6258181917308474,0.017759072723549263,5.275874041947071,27.98637456893921,29.712278453130207,26.26047068474821,0.8503903987410596,33.92138091384022,0.0,0.0,0.0,0.0,0.0
2023-05-17 04:00:00,30.15130615234375,30.172287485743233,29.403968588740156,29.557831700336376,432535000,28.78561668395996,28.09862518310547,26.968066215515137,19.08522379398346,28.853084227793804,28.29972638313072,26.663204917646972,66.7984510650485,0.7301706231809391,0.6466886780208657,0.08348194516007335,4.3860108463148695,28.09862518310547,30.076265822467658,26.12098454374328,0.858668253984692,35.515354819525896,0.0,0.0,0.0,0.0,0.0
2023-05-18 04:00:00,31.649980545043945,31.799847490043984,30.293181883981152,30.383102432113493,748725000,29.196852684020996,28.32712278366089,27.117873611450197,19.150992503166197,29.361610830930193,28.618798208074836,26.858764746172344,72.96883012497815,0.9092457632170614,0.6992000950601048,0.21004566815695658,12.293508806846386,28.32712278366089,30.80259868991227,25.85164687740951,0.9273931584060815,36.66743049254862,0.0,0.0,0.0,0.0,0.0
2023-05-19 04:00:00,31.236347198486328,31.552067683944458,30.888655428377344,31.508105976511025,473908000,29.455023956298827,28.53418960571289,27.27429515838623,19.21286098957062,29.70247198866767,28.868088588114027,27.03043464626309,69.14909756677807,1.0061886314605175,0.7605978023401874,0.24559082912033015,12.452336730190684,28.53418960571289,31.256257815010535,25.812121396415243,0.8883561688939283,37.35068823271084,0.0,0.0,0.0,0.0,0.0
2023-05-22 04:00:00,31.14842987060547,31.49212551447805,30.652868222178014,30.873671544340333,372000000,29.657345390319826,28.740707015991212,27.438370018005372,19.27268247127533,29.965373421747266,29.085263948351308,27.19192465506083,68.33034475503165,1.0636611359062265,0.8212104690533952,0.24245066685283123,13.112277875808553,28.740707015991212,31.60164329652955,25.879770735452876,0.889283878304653,37.34979320499507,0.0,0.0,0.0,0.0,0.0
2023-05-23 04:00:00,30.660856246948242,31.260325929202107,30.603907456096916,30.972580557946717,356253000,29.868858337402344,28.962860202789308,27.59267349243164,19.331194262504578,30.09182484451108,29.235320357741493,27.327961188076024,63.81744091567751,1.0576731949277196,0.8685030142282602,0.18917018069945946,7.001386714393476,28.962860202789308,31.68560562868681,26.240114776891804,0.8722988497629469,35.81105886838192,0.0,0.0,0.0,0.0,0.0
2023-05-24 04:00:00,30.510990142822266,30.579929358273947,29.77963722467679,30.183279227752074,721419000,30.034012031555175,29.14180192947388,27.72205898284912,19.394927115440368,30.168036716931297,29.356812718225374,27.452785852968034,62.452111362636344,1.02897340158205,0.9005970916990181,0.12837630988303184,4.757989210347802,29.14180192947388,31.771427475809183,26.512176383138573,0.8910679263155232,35.34551597173674,0.0,0.0,0.0,0.0,0.0
2023-05-25 04:00:00,37.946407318115234,39.44508061098546,36.60259571255149,38.488926318360186,1543911000,30.973380851745606,29.679026412963868,27.99685573577881,19.49936638355255,31.582285917146557,30.174869346786316,27.86430042022871,82.47964809088803,1.587900307940501,1.0380577349473148,0.5498425729931862,32.9320063059503,29.679026412963868,34.286380764053504,25.07167206187423,1.444078212995605,91.36892413246778,0.0,0.0,0.0,0.0,0.0
2023-05-26 04:00:00,38.91154861450195,39.13534949472907,37.51678356815055,37.85648296620509,714397000,32.03304233551025,30.238380908966064,28.26471855163574,19.603584446907043,32.91487913484754,31.00693403894971,28.297525839611975,83.69534124517862,2.084701602287055,1.2473865084152629,0.8373150938717919,34.831205370021735,30.238380908966064,36.325351017668204,24.151410800263925,1.4976022482266091,91.40498940237812,0.0,0.0,0.0,0.0,0.0
2023-05-30 04:00:00,40.07551956176758,41.900903139211444,39.913664110250345,40.55909259441889,923401000,33.1478551864624,30.79793529510498,28.552183952331543,19.71439615726471,34.21681375792391,31.870608850646647,28.759407946363176,85.04323238165357,2.543028485647717,1.506514903861754,1.0365135817859632,40.35622806590955,30.79793529510498,38.26248055660284,23.33339003360712,1.6611004208359643,91.09836389004346,0.0,0.0,0.0,0.0,0.0
2023-05-31 04:00:00,37.800537109375,40.259358998541856,37.78854668617227,39.45307354763965,1002580000,34.009192276000974,31.27870969772339,28.790652923583984,19.81000412464142,34.868399821824106,32.43536392290649,29.11396203118717,72.43851193694,2.6916560364015645,1.7435431303697162,0.9481129060318483,33.500354997379624,31.27870969772339,39.25569894596574,23.30172044948104,1.791056745113425,93.78707591032025,0.0,0.0,0.0,0.0,0.0
2023-06-01 04:00:00,39.734825134277344,40.01457626339759,38.306089619716126,38.45495609590561,635873000,34.96754417419434,31.876580429077148,29.06183280944824,19.91367112636566,35.753204424088324,33.13055070494181,29.530466466602473,75.7319941717436,2.9317301589342293,1.981180536082619,0.9505496228516104,37.360555822375474,31.876580429077148,40.51372788694856,23.239432971205737,1.8989611334972756,93.82899625585341,0.0,0.0,0.0,0.0,0.0
2023-06-02 04:00:00,39.29222106933594,40.46418406925683,39.02345795167412,40.061540581838685,482731000,35.73176822662354,32.46431045532226,29.3187854385376,20.015888867378234,36.396661995951526,33.71737645393173,29.913280372592023,73.565750670438,3.051104943100576,2.1951654174862103,0.8559395256143656,34.6215688815428,32.46431045532226,41.4509452513048,23.477675659339724,1.9494878601230974,93.93298012352899,0.0,0.0,0.0,0.0,0.0
2023-06-05 04:00:00,39.136348724365234,39.529997366291504,38.672758501671474,38.87457946654427,396094000,36.52176837921142,32.98839616775513,29.558173370361327,20.120042872428893,36.89478685566311,34.23346905111587,30.27496932756352,72.7762438770479,3.0974275078132862,2.3756178355516253,0.7218096722616609,29.79984524260171,32.98839616775513,42.25766935174294,23.719122983767313,1.9524137201793788,93.9333838994782,0.0,0.0,0.0,0.0,0.0
2023-06-06 04:00:00,38.619815826416016,39.12536886577813,38.114262787053896,38.79566268178252,388729000,37.26890697479248,33.46312618255615,29.79546329498291,20.21942771434784,37.20842848670909,34.651216363049215,30.602218209871463,70.09176019697131,3.0572168927767223,2.511937646996645,0.5452792457800775,22.02161000210623,33.46312618255615,42.870834348603054,24.05541801650925,1.9513425585110682,94.5519556471913,0.0,0.0,0.0,0.0,0.0
2023-06-07 04:00:00,37.44572067260742,39.468141471393565,37.32681416120832,38.88459809447063,511998000,37.9473934173584,33.90812587738037,30.014226989746092,20.31755467891693,37.25157252050878,34.91735963062619,30.87059085546895,64.28700000749652,2.8972127588371066,2.588992669364737,0.30822008947236945,19.878679906663322,33.90812587738037,43.17741153469282,24.63884022006792,2.033928704113302,95.14829006073671,0.0,0.0,0.0,0.0,0.0
2023-06-08 04:00:00,38.47991943359375,38.833643027365426,37.47570715034152,37.694534053593046,417772000,38.744286346435544,34.38914918899536,30.256092529296875,20.424921069145203,37.47490832288786,35.25665104043262,31.168995897748356,66.88826532487447,2.8213369110846145,2.635461517708713,0.18587539337590142,23.537268470495043,34.38914918899536,43.5531853124178,25.22511306557292,2.015313062474571,95.23410097160962,0.0,0.0,0.0,0.0,0.0
2023-06-09 04:00:00,38.739723205566406,39.67998641487103,38.53688262179433,39.00651298550393,427717000,38.823617935180664,34.89849939346313,30.491684341430663,20.532852683067322,37.70487466519305,35.58837219901679,31.465887164721615,67.52813520734497,2.7504631214520288,2.6584618384573764,0.09200128299465238,26.34912376076346,34.89849939346313,43.826017189609736,25.97098159731653,2.0466517670896196,94.78793719828127,0.0,0.0,0.0,0.0,0.0
2023-06-12 04:00:00,39.45116424560547,39.49912709454757,38.58784058808382,39.16938679625348,388701000,38.87757949829101,35.455310916900636,30.733531951904297,20.644136834144593,38.02238186163167,35.95625715583476,31.77903528554059,69.27888794319603,2.7203440459144943,2.6708382799488,0.04950576596569434,29.30148795871308,35.455310916900636,44.036322586831076,26.874299246970196,2.051796710958456,94.31862333218324,0.0,0.0,0.0,0.0,0.0
2023-06-13 04:00:00,40.98996353149414,41.06890421553936,39.708967017457006,40.154617863223834,613208000,38.969023895263675,36.058439540863034,30.998282508850096,20.759665513038634,38.561942165243025,36.43565776304042,32.14024815793093,72.70659044229276,2.788498627248977,2.6943703494088354,0.09412827784014155,8.020670278121278,36.058439540863034,44.399886154535615,27.716992927190454,2.120462532160506,94.60316085186562,0.0,0.0,0.0,0.0,0.0
2023-06-14 04:00:00,42.963417053222656,42.966413063285984,40.52032331528582,40.79211402973289,740465000,39.485311889648436,36.74725208282471,31.298745498657226,20.893313193321227,39.36221032669387,37.05734912401015,32.564686153824724,76.35086478058213,2.9675448208853936,2.749005243704147,0.2185395771812466,10.413022824824324,36.74725208282471,44.97402209676633,28.520482068883087,2.2322390125697,95.06843837247214,0.0,0.0,0.0,0.0,0.0
2023-06-15 04:00:00,42.619686126708984,43.2551909701653,42.11408081517457,42.56872727104233,568622000,39.7737979888916,37.370671081542966,31.602564849853515,21.027533535957335,39.95447865396934,37.587095505219565,32.95899987825156,74.48534233619264,3.0465848722360747,2.808521169410533,0.23806370282554168,6.348430644848246,37.370671081542966,45.379675777161104,29.361666385924828,1.6755975616288101,95.4971043650831,0.0,0.0,0.0,0.0,0.0
2023-06-16 04:00:00,42.65864562988281,43.68684099042033,42.62766780743099,43.41605281707227,655709000,40.11044044494629,37.92110433578491,31.918593292236327,21.163611001968384,40.446145376862695,38.07010027899702,33.33937814302141,74.56121100007618,3.076899803066162,2.862196896141659,0.214702906924503,12.851956326575431,37.92110433578491,45.78657292062228,30.055635750947545,1.6362110571382975,94.98519699451606,0.0,0.0,0.0,0.0,0.0
2023-06-20 04:00:00,43.773780822753906,43.95564168389906,42.64066770306491,42.96441594228362,451153000,40.57418365478516,38.54797601699829,32.25380722045898,21.307131123542785,41.05117000338837,38.613307949831004,33.74857040497171,76.69711251532681,3.15454308559152,2.9206661340316318,0.2338769515598882,10.164775294285477,38.54797601699829,46.16471745678752,30.93123457720906,1.5166124468614872,94.38101776852949,0.0,0.0,0.0,0.0,0.0
2023-06-21 04:00:00,43.011375427246094,43.58093370313804,42.04713285457767,43.467020523272616,551603000,41.013339614868165,39.14112329483032,32.562942581176756,21.452614936828613,41.40757098954432,39.03217151910863,34.11181766074718,72.23175651002296,3.118606844217986,2.960254276068903,0.15835256814908316,9.465370642568804,39.14112329483032,46.155428084955545,32.1268185047051,1.4634578508476765,94.9592952074938,0.0,0.0,0.0,0.0,0.0
2023-06-22 04:00:00,42.99139404296875,43.392077979853475,42.201011539171446,42.21999389255843,417737000,41.5679069519043,39.757650184631345,32.87987106323242,21.599446506500243,41.69553881743967,39.40924033090484,34.46003634240293,72.11325702017636,3.0533180336357617,2.9788670275822744,0.07445100605348731,9.850293765916573,39.757650184631345,45.72263199578809,33.7926683734746,1.3903883713233505,94.40131495758565,0.0,0.0,0.0,0.0,0.0
2023-06-23 04:00:00,42.176029205322266,42.77555900672088,41.98218049927132,42.43083108618956,358140000,41.937517929077146,40.340902137756345,33.19396030426025,21.743109798431398,41.7829007061456,39.6727440332303,34.76262429781153,67.26392832988896,2.902326835633609,2.963558989192541,-0.06123215355893219,9.208260844355953,40.340902137756345,44.509808756441195,36.171995519071494,1.3595660446172586,94.99520299364545,0.0,0.0,0.0,0.0,0.0
2023-06-26 04:00:00,40.60026931762695,42.73060434940416,40.06868327693802,42.42783956776684,594322000,42.123572540283206,40.473595237731935,33.47717384338379,21.877630953788756,41.56787681732402,39.76107977460141,34.99155155349056,59.00576110359084,2.6252522953242234,2.8958976504188776,-0.27064535509465415,8.424323496402009,40.473595237731935,44.48766216332266,36.45952831214121,1.4884719166062668,46.24756309661704,0.0,0.0,0.0,0.0,0.0
2023-06-27 04:00:00,41.84328842163086,41.907237605323324,40.416406298926006,40.76713004512084,462175000,42.362784957885744,40.62018222808838,33.7793529510498,22.016989016532897,41.617951654470716,39.95938536003279,35.26024711694704,62.87754073609774,2.477411916822028,2.8122005036995077,-0.3347885868774796,8.740582198570879,40.62018222808838,44.608106050009454,36.63225840616731,1.5219537286838367,46.604423658146644,0.0,0.0,0.0,0.0,0.0
2023-06-28 04:00:00,41.08488082885742,41.81231277067348,40.4863497310759,40.628237095961644,582639000,42.37227668762207,40.67065029144287,34.06148822784424,22.150572628974913,41.521029686177386,40.06657540468275,35.48866412525726,59.203493863418046,2.272850195018478,2.704330441963302,-0.43148024694482423,6.053625140393493,40.67065029144287,44.655097550367294,36.68620303251844,1.4659259701388163,46.185954019562594,0.0,0.0,0.0,0.0,0.0
2023-06-29 04:00:00,40.79011535644531,41.567507592478876,40.568288623316235,41.5255405787365,380514000,42.15494651794434,40.820129203796384,34.324439964294434,22.282093181610108,41.38813617168064,40.13548397151728,35.696564173539144,57.79010631604862,2.0631655582561095,2.576097465221864,-0.5129319069657545,3.39394574645282,40.820129203796384,44.568532039112355,37.07172636848041,1.4381614425962905,40.921831194926575,0.0,0.0,0.0,0.0,0.0
2023-06-30 04:00:00,42.268959045410156,42.516766447959405,41.46858596097829,41.64744701058792,501148000,42.11987380981445,40.946835899353026,34.61169326782227,22.427868962287903,41.54828578508601,40.33867207379279,35.954305148906634,62.612579004696094,1.9933413016986776,2.4595462325172273,-0.46620493081854963,3.1202650691145806,40.946835899353026,44.71205398565521,37.18161781305084,1.4757745933274913,38.942104433108284,0.0,0.0,0.0,0.0,0.0
2023-07-03 04:00:00,42.37986373901367,42.864485450578925,42.169030043008505,42.48378258219759,198209000,42.09199562072754,41.10121803283691,34.91768997192383,22.574214234352112,41.69948177670922,40.53307128000431,36.20628783871476,62.95440448790642,1.9247666454616663,2.352590315106115,-0.42782366964444885,-1.3582562892660133,41.10121803283691,44.83384124104008,37.36859482463374,1.4603580862636822,38.56616621782704,0.0,0.0,0.0,0.0,0.0
2023-07-05 04:00:00,42.28395080566406,43.143275924330226,42.05212974638505,42.102089932908285,323618000,41.94301261901855,41.25859813690185,35.22146877288819,22.72107364654541,41.80574887288282,40.699821711019524,36.44462756290885,62.42286618649093,1.8414542261431066,2.250363097313514,-0.4089088711704072,-0.7877470520237462,41.25859813690185,44.90687203410789,37.610324239695814,1.422744243978774,38.52380368805546,0.0,0.0,0.0,0.0,0.0
2023-07-06 04:00:00,42.07011795043945,42.146058807449926,41.31370920237291,41.81132135922697,303582000,41.84888687133789,41.43111324310303,35.52250949859619,22.865520668029784,41.85381597789312,40.830326114773804,36.66523502908652,61.18259044366429,1.7381378382130066,2.1479180454934124,-0.40978020728040576,-1.3796211078747622,41.43111324310303,44.874557040301134,37.98766944590492,1.3173265193567016,38.14397830699502,0.0,0.0,0.0,0.0,0.0
2023-07-07 04:00:00,42.46979904174805,43.18024602401447,42.14705329030634,42.288940665727566,355881000,41.79672737121582,41.68231716156006,35.84754962921143,23.011047291755677,41.96581289859401,40.98646639353326,36.89286499036736,62.67536414214784,1.6692675035207358,2.052187937098877,-0.3829204335781413,-2.9789105635765423,41.68231716156006,44.593480636713736,38.77115368640638,1.3151135135412935,35.854209587538705,0.0,0.0,0.0,0.0,0.0
2023-07-10 04:00:00,42.14705276489258,42.7775603980854,41.61646549525351,42.6236813610569,353908000,41.79382972717285,41.865673828125,36.15184757232666,23.155988845825195,41.99876560155738,41.09699842890082,37.0989115697605,60.64716655370853,1.5705401308528977,1.9558583758496813,-0.3853182449967836,-2.0095210947520648,41.865673828125,44.35961935279161,39.37172830345838,1.3218235163356182,35.284967994071444,0.0,0.0,0.0,0.0,0.0
2023-07-11 04:00:00,42.37187576293945,42.724600671080424,42.03414233997435,42.44781661195004,298244000,41.970990371704104,42.047281455993655,36.45524673461914,23.301630053520203,42.06660381271776,41.21841531785688,37.30569447929693,61.579854949655285,1.4932263301071558,1.8633319667011763,-0.3701056365940205,-1.4410285914667087,42.047281455993655,44.06660530448489,40.02795760750242,1.2772152556407559,35.27812630839565,0.0,0.0,0.0,0.0,0.0
2023-07-12 04:00:00,43.86770248413086,43.90067764855856,42.74358137770357,42.99938189898188,481277000,42.1734317779541,42.26810836791992,36.778111610412594,23.458245825767516,42.394076298429226,41.470728381311545,37.563028126545326,67.15718313433332,1.5349612237477572,1.7976578181104925,-0.2626965943627353,4.010982803936214,42.26810836791992,44.043243320426406,40.49297341541344,1.263083392600961,36.633081741853495,0.0,0.0,0.0,0.0,0.0
2023-07-13 04:00:00,45.94108963012695,46.118948189485444,44.457248919012514,44.48322958682048,478204000,42.65905265808105,42.515664672851564,37.119244766235354,23.625453238487243,43.038987813283356,41.896477071674916,37.89157955805833,73.0065558918677,1.7155654714516473,1.7812393487787237,-0.06567387732707641,13.154642573223608,42.515664672851564,44.83715235923139,40.19417698647174,1.338810482934715,37.733679760558516,0.0,0.0,0.0,0.0,0.0
2023-07-14 04:00:00,45.43349075317383,48.050444811535804,45.02480978329466,46.546619140200846,772075000,43.123390197753906,42.63916835784912,37.46421360015869,23.791560764312745,43.47435198417253,42.233335517531955,38.187340781396195,69.73219049913425,1.7970217041527192,1.7843958198535228,0.012625884299196422,8.580115155784496,42.63916835784912,45.29909960972225,39.979237105976,1.482840588973552,34.68870944638675,0.0,0.0,0.0,0.0,0.0
2023-07-17 04:00:00,46.42470932006836,46.459681830207685,45.2266483214971,46.25284659122238,510488000,43.53896522521973,42.82941951751709,37.83715957641601,23.961700592041016,44.01078059069904,42.63251397491638,38.51037484173628,72.34096073381305,1.9194333766576435,1.811403331214347,0.10803004544329653,12.99706457335108,42.82941951751709,45.9821424342651,39.67669660076908,1.3807771915624407,35.044754421410595,0.0,0.0,0.0,0.0,0.0
2023-07-18 04:00:00,47.45690155029297,47.85858797189123,45.69827797708258,46.66452170058574,569164000,44.046669006347656,43.0693323135376,38.2355451965332,24.135388503074648,44.63734803789794,43.09197945828558,38.86121902638556,74.7787557626016,2.075806193975353,1.8642839037665484,0.21152229020880475,16.34412194128356,43.0693323135376,46.837527658529034,39.30113696854617,1.4285970978775357,35.5674459636035,0.0,0.0,0.0,0.0,0.0
2023-07-19 04:00:00,47.040225982666016,47.780648286916495,46.705488579051746,47.4269247186503,427502000,44.52229652404785,43.2326545715332,38.60325702667237,24.30956964969635,45.07423493694668,43.468002936798,39.18196439722009,72.0192529450804,2.1414255218753766,1.919712227388314,0.22171329448706256,11.287874234447127,43.2326545715332,47.39223254559242,39.073076597473985,1.4084700276853777,35.04627498452054,0.0,0.0,0.0,0.0,0.0
2023-07-20 04:00:00,45.484439849853516,47.05021703797439,45.02679746035021,46.47066830923723,537865000,44.86372871398926,43.35630779266357,38.930441513061524,24.476376342773438,45.14881764838428,43.66004454756519,39.429120297323365,62.713524784614364,2.0443246710670024,1.9446347161240518,0.09968995494295063,7.325592479387466,43.35630779266357,47.633559553681415,39.07905603164573,1.4816272140040592,36.70677407520676,0.0,0.0,0.0,0.0,0.0
2023-07-21 04:00:00,44.274383544921875,45.83017022227141,44.065547183409265,45.752228229130395,963769000,45.04418716430664,43.42045726776123,39.2450146484375,24.63527018547058,44.98982962957293,43.71855302350392,39.6191306207586,56.58897787527913,1.848422650569404,1.9253923030131221,-0.07696965244371823,4.707300763842492,43.42045726776123,47.71312152248404,39.12779301303842,1.4843394959574918,38.18191074073071,0.0,0.0,0.0,0.0,0.0
2023-07-24 04:00:00,44.577152252197266,45.07376568294936,44.005600454709025,44.6960587806985,382516000,45.28719711303711,43.54051342010498,39.55936862945557,24.79240716457367,44.914797379140985,43.800324378617574,39.81356284159933,57.70204714943215,1.6980260054542882,1.8799190435013555,-0.18189303804706736,5.9591805868270065,43.54051342010498,47.820925670493295,39.26010116971666,1.5109616260053425,37.41650798684712,0.0,0.0,0.0,0.0,0.0
2023-07-25 04:00:00,45.64331817626953,46.14692227530892,44.887908215993086,44.90589571026622,348081000,45.61434135437012,43.79266586303711,39.90118061065674,24.9546652507782,45.04725570589163,43.97584759744157,40.04218069786091,61.45040068587636,1.6458934255270705,1.8331139199064987,-0.18722049437942823,7.4724138237666216,43.79266586303711,47.93574629034471,39.649585435729506,1.5451490435172335,34.878252360567686,0.0,0.0,0.0,0.0,0.0
2023-07-26 04:00:00,45.41649627685547,46.017028562917005,44.59513975878737,45.985052064508444,364237000,45.76922073364258,43.97132625579834,40.243211860656736,25.116183710098266,45.11439035515778,44.11305223357623,40.25293817154697,60.22758358246999,1.568198136735944,1.780130763272388,-0.21193262653644385,7.757229266304133,43.97132625579834,48.06837680887874,39.87427570271794,1.5774095578628398,33.83222370163833,0.0,0.0,0.0,0.0,0.0
2023-07-27 04:00:00,45.86415100097656,47.357982253239214,45.71426663486367,46.4826670082,455976000,45.761526870727536,44.210289764404294,40.58194705963135,25.28520353794098,45.25071047257937,44.27982354475721,40.47298573348539,61.84146403577267,1.5251649040034252,1.7291375914185956,-0.20397268741517038,8.241965160040499,44.210289764404294,48.1530861940894,40.26749333471919,1.6367922652063203,32.812791211778766,0.0,0.0,0.0,0.0,0.0
2023-07-28 04:00:00,46.71348571777344,46.99026979268205,46.344774445154044,46.63154903236518,331194000,45.8895263671875,44.5064582824707,40.93247344970703,25.46049738407135,45.5166696080692,44.51160089456828,40.717711223065315,64.76298422837127,1.541821808427514,1.6916744348203794,-0.14985262639286545,6.487194615838465,44.5064582824707,48.252498681455855,40.76041788348555,1.6342939715544342,32.741155797098415,0.0,0.0,0.0,0.0,0.0
2023-07-31 04:00:00,46.69249725341797,47.093184983951005,46.4696718790696,46.71747924909827,251055000,45.91630516052246,44.72763519287109,41.26329727172852,25.636105737686158,45.73045645267807,44.71930530969683,40.95201655758895,64.6312961303326,1.5356271773191565,1.6604649833201348,-0.12483780600097827,1.6355894675999627,44.72763519287109,48.4396318954333,41.01563849030888,1.6295121696812436,30.93426084458028,0.0,0.0,0.0,0.0,0.0
2023-08-01 04:00:00,46.47067642211914,46.86337103094522,45.9910517758365,46.42371224639774,237858000,45.81768264770508,44.93217582702637,41.55971118927002,25.811034426689147,45.865041901667354,44.886102558498955,41.168434591492094,63.169346517172144,1.4955786999959528,1.6274877266552985,-0.13190902665934567,2.282865902996578,44.93217582702637,48.549074534223884,41.315277119828856,1.5826205532162152,31.124874925819245,0.0,0.0,0.0,0.0,0.0
2023-08-02 04:00:00,44.23441696166992,45.804188803544235,43.353106032516,45.795196962836506,530142000,45.53710174560547,45.02969913482666,41.81967258453369,25.972484827041626,45.56856463984964,44.82403726356286,41.288669194244164,50.71477966958916,1.2687669878693413,1.5557435788981073,-0.28697659102876605,-4.717945228903398,45.02969913482666,48.445539880073845,41.61385838957947,1.6445008878053977,36.32702509606281,0.0,0.0,0.0,0.0,0.0
2023-08-03 04:00:00,44.48023223876953,45.08276192345427,43.76579051634056,43.76579051634056,324176000,45.43668098449707,45.15020484924317,42.08630863189697,26.13882450580597,45.37068602147144,44.79129392786825,41.41382852932359,51.83884233701839,1.0962158168508012,1.4638380264886464,-0.3676222096378452,-6.272363374521783,45.15020484924317,48.28490733740019,42.01550236108614,1.522453486296295,36.22916715438367,0.0,0.0,0.0,0.0,0.0
2023-08-04 04:00:00,44.645103454589844,45.60635008188567,44.35832886320504,44.94986554244231,362666000,45.47375297546387,45.25897006988525,42.3659935760498,26.30268787384033,45.23876191840206,44.77737102565126,41.54054519305952,52.61938238902047,0.9616857847866029,1.3634075781482378,-0.4017217933616348,-5.091647580432024,45.25897006988525,48.14301559057044,42.37492454920006,1.5235240370084415,36.150366168233205,0.0,0.0,0.0,0.0,0.0
2023-08-07 04:00:00,45.381534576416016,45.504439625913925,44.528201356711655,45.07577376973804,322154000,45.554191207885744,45.42069416046142,42.66340446472168,26.469838910102844,45.26472058349551,44.834910411438386,41.69117222770095,56.046022053965984,0.9040720225482275,1.2715404670282358,-0.36746844448000826,-0.22624280694055754,45.42069416046142,47.90504782209192,42.93634049883092,1.4389474851794144,36.24730578126537,0.0,0.0,0.0,0.0,0.0
2023-08-08 04:00:00,44.62911605834961,45.2066637195198,44.0215892371064,44.81796761407976,353843000,45.45277099609375,45.533556175231936,42.79705863952637,26.632808413505554,45.149156124378074,44.81531094923945,41.8063857112558,51.914867037734325,0.7886082299225663,1.1749540196071018,-0.3863457896845355,0.8012138962201876,45.533556175231936,47.605606158594895,43.46150619186898,1.4592893159969051,36.964062982817495,0.0,0.0,0.0,0.0,0.0
2023-08-09 04:00:00,42.520755767822266,44.27738176029839,42.10108190849391,44.23940943500953,586449000,45.16319694519043,45.4662088394165,42.86924278259277,26.784522042274475,44.67126515045884,44.59678188434258,41.83440022327801,42.46852064312478,0.5209698708726762,1.0441571898602167,-0.5231873189875405,-4.613117663373478,45.4662088394165,47.83285391703777,43.09956376179524,1.495333214013442,38.91549595055649,0.0,0.0,0.0,0.0,0.0
2023-08-10 04:00:00,42.354896545410156,43.53997113311342,41.80232702153618,42.12707396720268,492705000,44.81227149963379,45.286899185180665,42.91483032226562,26.93404815673828,44.25010722226816,44.38326899492045,41.85481184375378,41.8237948619446,0.29211378412125555,0.8937485087124245,-0.601634724591169,-7.204606856495066,45.286899185180665,48.01748638903081,42.55631198133052,1.4934061477788059,34.431614479483684,0.0,0.0,0.0,0.0,0.0
2023-08-11 04:00:00,40.82308578491211,41.9851793236234,40.607254909066846,41.718385785784754,533085000,44.22323150634766,45.05637893676758,42.97528129577637,27.075251088142394,43.62701241547615,44.044203927300615,41.81435199830901,36.33712706055353,-0.012714079944473156,0.7124559909810451,-0.7251700709255182,-10.11396930300894,45.05637893676758,48.436128384215294,41.676629489319865,1.5419401769290186,36.23713557790641,0.0,0.0,0.0,0.0,0.0
2023-08-14 04:00:00,43.71881866455078,43.76578283263548,40.27951001276461,40.45437254104037,690286000,43.925863647460936,44.9210844039917,43.05496116638184,27.227627010345458,43.64370446076244,44.013214854657775,41.889036965612604,49.75579177972654,-0.020395805495518005,0.5658856316857325,-0.5862814371812505,-4.6775799608284485,44.9210844039917,48.286809547965795,41.5553592600176,1.6788332338403913,44.35763087645511,0.0,0.0,0.0,0.0,0.0
2023-08-15 04:00:00,43.905670166015625,45.23263558323619,43.67585031268444,44.52518853070004,676512000,43.669363021850586,44.743522834777835,43.14723014831543,27.382759799957274,43.691334588990294,44.00297250335852,41.96812062053037,50.48109051210172,-0.011276287727817191,0.45045324780302254,-0.46172953553083973,-6.01071726636212,44.743522834777835,47.91506197783316,41.57198369172251,1.688468695727685,43.47175845686263,0.0,0.0,0.0,0.0,0.0
2023-08-16 04:00:00,43.452030181884766,44.640100549597996,43.372090845714155,44.48522285041412,527451000,43.59112434387207,44.56411304473877,43.23354377746582,27.534226241111757,43.647824696789286,43.95050180607531,42.026313152348195,48.64510408358695,-0.04019066669828675,0.3523244649027607,-0.39251513160104745,-6.940016623968415,44.56411304473877,47.59128779195587,41.536938297521665,1.6403632476919776,43.50011541247755,0.0,0.0,0.0,0.0,0.0
2023-08-17 04:00:00,43.310142517089844,44.02758013920778,42.96740814260929,43.93565295261865,452395000,43.4741153717041,44.45539817810059,43.3273503112793,27.681697545051573,43.58642793684393,43.88951520712432,42.07665940194591,48.056382695635484,-0.07370504323488802,0.267118563275231,-0.340823606510119,-6.8011360031009715,44.45539817810059,47.49953145635146,41.41126489984971,1.6356527623271921,42.08566559810482,0.0,0.0,0.0,0.0,0.0
2023-08-18 04:00:00,43.26518249511719,43.543963920277655,41.62746264434339,42.601699627262846,583768000,43.33612327575683,44.40493812561035,43.44373954772949,27.830626831054687,43.52801967471179,43.830054948837926,42.12326815069773,47.85873196615271,-0.10270935659630709,0.19315297930092337,-0.29586233589723043,-2.1911320033732973,44.40493812561035,47.494818823749526,41.315057427471174,1.7280090602595395,41.07892533476758,0.0,0.0,0.0,0.0,0.0
2023-08-21 04:00:00,46.93031311035156,47.028236135596124,44.187458298338946,44.45924519865085,692573000,43.49100112915039,44.522596168518064,43.61274742126465,27.997652063369753,44.146618481191744,44.12531763088684,42.31177971774298,61.6910558962134,0.16811203508049033,0.18814479045683677,-0.02003275537634644,5.5082465811554515,44.522596168518064,47.81280383332635,41.23238850370978,1.9344900877859839,51.08945758780414,0.0,0.0,0.0,0.0,0.0
2023-08-22 04:00:00,45.63233184814453,48.14936547616456,45.29759440317979,48.09740413737571,755293000,43.59132270812988,44.522046852111814,43.75059959411621,28.159805283546447,44.41674818427407,44.26884279443519,42.44199744834696,56.02288800747539,0.27483556564745015,0.20548294549495946,0.06935262015249069,2.2112803357233313,44.522046852111814,47.8114702600227,41.232623444200925,1.9155044223132438,51.574339045820864,0.0,0.0,0.0,0.0,0.0
2023-08-23 04:00:00,47.07920455932617,47.16313859123231,45.17269372042857,45.83018078207806,779046000,44.04716758728027,44.60518226623535,43.903160400390625,28.32818420410156,44.90083116155627,44.536496295853375,42.62384870760104,60.39160880878841,0.4707388834719808,0.25853413309036377,0.212204750381617,3.740882715306859,44.60518226623535,48.0692000435674,41.14116448890331,1.9636096697196745,52.691516414833636,0.0,0.0,0.0,0.0,0.0
2023-08-24 04:00:00,47.12615966796875,50.22673658703904,47.12216498787686,50.17677640386691,1156044000,44.52429389953613,44.668282699584964,44.02588432312012,28.493127703666687,45.305436344540354,44.7831309027215,42.800409921733106,60.52864863140063,0.6226055498818113,0.3313484164486533,0.29125713343315796,5.595099858922636,44.668282699584964,48.2720214747771,41.06454392439283,2.099289013221977,52.61708064804678,0.0,0.0,0.0,0.0,0.0
2023-08-25 04:00:00,45.98206329345703,47.76766646596761,44.98883627533257,46.975286499863365,925341000,45.040191650390625,44.63171157836914,44.086257247924806,28.651626658439636,45.42845942616157,44.89731493993441,42.92518064219286,55.49080106616136,0.6432272381349335,0.3937241807859094,0.24950305734902417,8.140277525956208,44.63171157836914,48.16216100955458,41.101262147183704,2.2280455790386036,53.01251872313056,0.0,0.0,0.0,0.0,0.0
2023-08-28 04:00:00,46.79841995239258,46.943307161709576,44.85294200358458,46.445695012544455,685192000,45.348151779174806,44.63700771331787,44.169831924438476,28.812704367637636,45.67754315820357,45.078372560168525,43.077072379847756,58.1663437374026,0.7171760750787115,0.4584145596444698,0.2587615154342417,10.491168127912598,44.63700771331787,48.180766474054614,41.09324895258113,2.280218423239702,53.39673243926131,0.0,0.0,0.0,0.0,0.0
2023-08-29 04:00:00,48.74589920043945,49.04266812232758,46.35476662201277,46.629553366671765,701397000,45.832174682617186,44.75076885223389,44.29157699584961,28.987644062042236,46.23542607497373,45.4276608116229,43.29937931398861,63.762590206769325,0.9222947212454784,0.5511905919646716,0.3711041292808068,19.40767892283035,44.75076885223389,48.66870038538466,40.83283731908312,2.291637519701067,55.279021264924765,0.0,0.0,0.0,0.0,0.0
2023-08-30 04:00:00,49.225521087646484,49.88800143615993,48.387175707748206,49.005691704274305,735206000,46.40952377319336,45.00032405853271,44.40061180114746,29.155124797821045,46.7790797136415,45.78936179029181,43.53177703060264,65.00423491171743,1.1107501675493978,0.6631025070816169,0.44764766046778093,12.59572557380373,45.00032405853271,49.38749729761804,40.613150819447384,2.2747219209035308,51.90092264364549,0.0,0.0,0.0,0.0,0.0
2023-08-31 04:00:00,49.31645584106445,49.705151991202584,48.91976651789359,49.341437842045146,528570000,47.01015510559082,45.242135238647464,44.52671340942383,29.320178995132448,47.2404208277184,46.125275509413015,43.75862718003252,65.24736767301624,1.2529963788288327,0.7810812814310601,0.4719150973977726,12.323660371404488,45.242135238647464,50.02397958703377,40.460290890261156,2.2059893378296507,51.920464272509726,0.0,0.0,0.0,0.0,0.0
2023-09-01 04:00:00,48.47111129760742,49.761103338104185,48.10439736069892,49.72313481683707,463830000,47.530747985839845,45.43343563079834,44.6363077545166,29.481166257858277,47.46418273133458,46.348688441622,43.943430478760945,61.004327192540224,1.2827287872896207,0.8814107826027724,0.4013180046868483,11.550855264330373,45.43343563079834,50.41659866467324,40.45027259692345,2.0753059919392505,52.54866741926608,0.0,0.0,0.0,0.0,0.0
2023-09-05 04:00:00,48.51007843017578,48.81284315295678,47.82261611647607,48.185331532444785,382653000,47.688724517822266,45.58986282348633,44.76298873901367,29.64049578666687,47.65434558566934,46.554535107198554,44.122514712149766,61.12980884663928,1.2945139066328366,0.9640314074087852,0.3304824992240514,12.006277538879218,45.58986282348633,50.75910869169802,40.42061695527464,2.034837546648462,52.373596838298376,0.0,0.0,0.0,0.0,0.0
2023-09-06 04:00:00,47.028114318847656,48.515073458793,46.547451450862816,48.40715103407181,468670000,47.82830276489258,45.70981273651123,44.891545639038085,29.796190547943116,47.54048535533812,46.59963788926037,44.23645979476537,54.01154128061784,1.1707756077031206,1.0053802474676523,0.1653953602354683,8.697367274840783,45.70981273651123,50.89649633168489,40.52312914133758,2.0848098540803437,53.322300503878914,0.0,0.0,0.0,0.0,0.0
2023-09-07 04:00:00,46.20869827270508,46.31162695979219,45.12045832062201,45.49319884961643,433330000,47.74125213623047,45.89420986175537,44.97885383605957,29.94895170211792,47.29834224940484,46.56240554482653,44.31380248017477,50.50931493992328,0.9951209526362348,1.0033283885013689,-0.00820743586513406,-1.5376305628937215,45.89420986175537,50.86108473086934,40.927334992641406,2.1453444256251406,50.56432541780502,0.0,0.0,0.0,0.0,0.0
2023-09-08 04:00:00,45.5401611328125,46.57343915723393,45.239372728465916,45.90990538845147,473069000,47.58265228271485,46.05347309112549,45.06795944213867,30.09970839500427,46.978672955478956,46.46504893415853,44.361894976356645,47.786793621600744,0.7928287763657735,0.9612284660742498,-0.1683996897084763,-0.2019855475252852,46.05347309112549,50.73879360619537,41.36815257605561,2.103741936541837,50.9386996653554,0.0,0.0,0.0,0.0,0.0
2023-09-11 04:00:00,45.14643096923828,46.13073944810292,44.2810350025815,46.11575054004364,473966000,47.499089050292966,46.269640350341795,45.155085754394534,30.248955845832825,46.64553804888974,46.339466270832794,44.392661093724556,46.20712289436094,0.5938939952833877,0.8877615719160774,-0.2938675766326897,-4.105365857769183,46.269640350341795,50.29075025004749,42.2485304506361,1.9670741369020146,48.95070926783981,0.0,0.0,0.0,0.0,0.0
2023-09-12 04:00:00,44.838645935058594,45.64108624011381,44.49988211053749,44.70673820080512,349256000,47.30311164855957,46.32563171386719,45.2064794921875,30.393064074516296,46.31701221001135,46.19653100075906,44.4101506953455,44.956056433362725,0.40671273677677533,0.7915518048882171,-0.38483906811144175,-4.854021097893446,46.32563171386719,50.226580208764815,42.42468321896956,1.8448907838014104,42.52068862142882,0.0,0.0,0.0,0.0,0.0
2023-09-13 04:00:00,45.45322036743164,45.897909142211645,44.471904231366715,44.568836579722586,398355000,46.97384376525879,46.403009223937985,45.26794662475586,30.53784335613251,46.15995914772412,46.125739511870734,44.45105538836849,47.984476404675775,0.30445173127824887,0.6941317901662235,-0.38968005888797463,-1.150106994221467,46.403009223937985,50.16060610694918,42.64541234092679,1.8045736438043523,42.73076087447464,0.0,0.0,0.0,0.0,0.0
2023-09-14 04:00:00,45.54915237426758,45.95486692026357,45.099466041293624,45.917894023696675,370097000,46.6062068939209,46.50786533355713,45.33325065612793,30.684345660209654,46.04890337073202,46.07082645114662,44.494118015266494,48.46114338067067,0.2285158701791019,0.6010086061687991,-0.37249273598969723,-2.66946529262283,46.50786533355713,50.02829252745744,42.98743813965682,1.640849990322715,42.479365791016725,0.0,0.0,0.0,0.0,0.0
2023-09-15 04:00:00,43.869319915771484,45.567129987886304,43.777381347712456,45.30931088292171,506831000,46.0614933013916,46.53582420349121,45.36923469543457,30.82466090679169,45.6526154698301,45.86115916206328,44.46961612901179,41.32053593935796,0.03241406356693233,0.4872896976484258,-0.45487563408149345,-10.004081091243888,46.53582420349121,49.95679799447924,43.11485041250318,1.5702013081469153,44.72103773633397,0.0,0.0,0.0,0.0,0.0
2023-09-18 04:00:00,43.93528366088867,44.211091815039076,41.970657562850405,42.718136085882634,500271000,45.607910537719725,46.569329261779785,45.39854438781738,30.966244721412657,45.34037332274984,45.6777424476657,44.44866191457559,41.6839099972483,-0.11633427890981096,0.36656490233677846,-0.4828991812465894,-10.746940428194751,46.569329261779785,49.86630730790574,43.27235121565383,1.5809205291514634,44.71470143189268,0.0,0.0,0.0,0.0,0.0
2023-09-19 04:00:00,43.48958969116211,43.93527718281478,42.971950102234956,43.80237069955783,373064000,45.10586166381836,46.39729309082031,45.42539512634277,31.099166855812072,45.003867207915704,45.46934694704631,44.41105123914761,39.88664773896377,-0.26710319121125536,0.2398312836271717,-0.506934474838427,-11.815257302108218,46.39729309082031,49.963076764205425,42.8315094174352,1.4577371047470993,32.0964312315177,0.0,0.0,0.0,0.0,0.0
2023-09-20 04:00:00,42.2094841003418,43.872322851544475,42.19349643912847,43.5695331686225,367108000,44.62399864196777,46.22615070343018,45.42214729309082,31.224629578590392,44.49579755199318,45.15888381878874,44.32471527291993,35.1931666669372,-0.4842997571970642,0.09500507546232453,-0.5793048326593887,-12.91826622009944,46.22615070343018,50.246157166589654,42.2061442402707,1.4704514393188337,32.27873763756568,0.0,0.0,0.0,0.0,0.0
2023-09-21 04:00:00,40.98834228515625,42.070585843913626,40.95136938508374,41.553948747199726,450736000,44.10196304321289,45.92160758972168,45.36456008911133,31.34528025150299,43.858078412568275,44.761689387014215,44.193877116537045,31.397659620776935,-0.7463619436429525,-0.07326832835873087,-0.6730936152842216,-15.505512232568607,45.92160758972168,50.54680523128186,41.296409948161504,1.504217813743767,30.590346317118545,0.0,0.0,0.0,0.0,0.0
2023-09-22 04:00:00,41.5809211730957,42.08556931771517,41.20218442357063,41.54294571690647,479236000,43.70603904724121,45.644345664978026,45.277356719970705,31.470222392082214,43.44404982357326,44.45875908092674,44.09140825600994,35.057843602739425,-0.8959045209527545,-0.2377955668775356,-0.658108954075219,-11.582844059662534,45.644345664978026,50.61726775781167,40.671423572144384,1.464255031969028,31.40342297293956,0.0,0.0,0.0,0.0,0.0
2023-09-25 04:00:00,42.19249725341797,42.50627702068914,41.14822547100166,41.561937649909076,419091000,43.41064567565918,45.454867362976074,45.212536849975585,31.601334133148193,43.21649481081775,44.242924621164,44.016941157869084,38.69331567420196,-0.9540710748768575,-0.3810506684774,-0.5730204063994575,-8.6914394246406,45.454867362976074,50.65710262936989,40.25263209658226,1.4905282114837972,31.451885567025563,0.0,0.0,0.0,0.0,0.0
2023-09-26 04:00:00,41.8817138671875,42.79007909728291,41.625892229485075,41.97165113191076,402282000,43.11495246887207,45.20903205871582,45.12167694091797,31.73022765159607,42.97380736652134,44.01804740649957,43.93320675431295,37.54315924976651,-1.0135623935209495,-0.5075530134861099,-0.5060093800348395,-8.033452615495962,45.20903205871582,50.60501571715843,39.81304840027321,1.43313998718863,30.382193192565833,0.0,0.0,0.0,0.0,0.0
2023-09-27 04:00:00,42.438323974609375,42.84204482057062,41.59991333679484,42.30042372625329,444935000,42.813462829589845,44.893653297424315,45.0213053894043,31.856664752960206,42.87644674981007,43.86759755584336,43.87458390020693,40.92978710828022,-1.004219886527295,-0.606886388094347,-0.3973334984329481,-5.998496307436008,44.893653297424315,50.15487503162469,39.63243156322394,1.385602521870782,25.907998133578193,0.0,0.0,0.0,0.0,0.0
2023-09-28 04:00:00,43.058895111083984,43.415644125624596,42.085576605077414,42.43033296695205,424663000,42.56443710327149,44.58532199859619,44.941678771972654,31.987043848037718,42.9096191791326,43.79057827539008,43.84259610455505,44.54046584531986,-0.9359519070667446,-0.6726994918888265,-0.2632524151779181,-3.969234098978558,44.58532199859619,49.48821163853291,39.682432358659476,1.385316885569294,26.36649729262428,0.0,0.0,0.0,0.0,0.0
2023-09-29 04:00:00,43.468605041503906,44.113154796580034,43.276737862234015,43.79637496273023,397830000,42.52436561584473,44.29292945861816,44.901362075805665,32.11680427551269,43.01125297229101,43.75991415787711,43.82792978835697,46.85035062815477,-0.839116066520667,-0.7059828068151947,-0.1331332597054723,-4.366281002500239,44.29292945861816,48.677966547337434,39.90789236989889,1.3284994027103387,26.826386351296556,0.0,0.0,0.0,0.0,0.0
2023-10-02 04:00:00,44.75070571899414,45.14342881532186,43.83034792394179,43.9992285379224,433298000,42.60590782165527,44.1069091796875,44.91088851928711,32.25029305458069,43.32751710805521,43.85427525893588,43.86411707975451,53.39223284746014,-0.65140911670305,-0.6950680687927657,0.04365895208971571,-1.7529341681548183,44.1069091796875,48.0377828878783,40.1760354714967,1.3666150915847415,29.28781662874854,0.0,0.0,0.0,0.0,0.0
2023-10-03 04:00:00,43.48658752441406,45.098463094837925,43.2157769974795,44.77668570728605,470850000,42.60560760498047,43.85573463439941,44.889077224731444,32.379449129104614,43.35643900193864,43.81925737945761,43.849311999152924,47.22080143731301,-0.5977631388728142,-0.6756070828087755,0.07784394393596128,-0.8724374849946703,43.85573463439941,47.200204539208784,40.51126472959004,1.3992351763357054,30.47080817995651,0.0,0.0,0.0,0.0,0.0
2023-10-04 04:00:00,44.010231018066406,44.112160944881325,43.26175375973955,43.71144012859111,361821000,42.78568229675293,43.70484046936035,44.85641548156738,32.51482963562012,43.47531027759823,43.837445345039406,43.85562254891424,49.80882314657446,-0.507148568271468,-0.6419153799013141,0.13476681162984605,0.1705858046944897,43.70484046936035,46.7008209441138,40.7088599946069,1.3988784839194075,29.520923844828022,0.0,0.0,0.0,0.0,0.0
2023-10-05 04:00:00,44.65677261352539,44.868626271295504,43.85733240049327,44.01921794767318,393483000,43.15252532958984,43.62724418640137,44.84122100830078,32.655345849990844,43.69012161140317,43.91547651346664,43.88704019850684,52.881002776763104,-0.3787988079828395,-0.5892920655176193,0.21049325753477977,2.6838214171527985,43.62724418640137,46.42393273648819,40.83055563631455,1.3432745718214352,29.661396001550944,0.0,0.0,0.0,0.0,0.0
2023-10-06 04:00:00,45.730018615722656,45.75700017274814,43.99523182082683,44.162114923887266,434436000,43.567435073852536,43.63673706054688,44.838538360595706,32.8028115940094,44.0610119758249,44.08829004701484,43.959313861927065,57.528357044321965,-0.1883080177468628,-0.5090952559634679,0.32078723821660515,8.340624365395533,43.63673706054688,46.461908663455525,40.81156545763823,1.3090841503737667,30.570213719677565,0.0,0.0,0.0,0.0,0.0
2023-10-09 04:00:00,45.241363525390625,45.573132266606365,44.33699712951298,44.810664938003,409675000,43.872321701049806,43.64148368835449,44.80909591674805,32.948678169250485,44.27562134847321,44.19810656876491,44.009590319317795,54.87455465671426,-0.07589816915260172,-0.4224558386012947,0.346557669448693,10.376172841160702,43.64148368835449,46.47763282210546,40.80533455460352,1.3397761451991923,30.658588751299177,0.0,0.0,0.0,0.0,0.0
2023-10-10 04:00:00,45.7660026550293,46.226679104421834,45.056499625489394,45.278344642774314,368582000,44.26075057983398,43.68785152435303,44.790566024780276,33.09509015083313,44.54659976784704,44.347430005552,44.07846923444374,57.159541254163564,0.054888715946866284,-0.3269869276916625,0.3818756436385288,10.064908048842081,43.68785152435303,46.63457701967425,40.741126029031804,1.3034442213789375,30.78940867720439,0.0,0.0,0.0,0.0,0.0
2023-10-11 04:00:00,46.773292541503906,46.8262569088581,46.017820302651025,46.16371818891468,378137000,44.69424743652344,43.75385513305664,44.79661834716797,33.25234246253967,44.951452999421015,44.57846453278551,44.18414857981865,61.21977434136938,0.23708516996354234,-0.21417250816062156,0.4512576781241639,10.856895387283227,43.75385513305664,46.91817754422489,40.58953272188839,1.2893113312768476,31.37214061059374,0.0,0.0,0.0,0.0,0.0
2023-10-12 04:00:00,46.91219711303711,47.57573461020595,46.297628975923374,46.744315234099965,481325000,45.07957763671875,43.82200736999512,44.85017395019531,33.41095359325409,45.30795192916939,44.80072477852376,44.291130875238984,61.75802420025845,0.3882105607830937,-0.09369589437187852,0.4819064551549722,12.011168553899076,43.82200736999512,47.2005958282551,40.44341891173514,1.302231231399966,31.375407393701327,0.0,0.0,0.0,0.0,0.0
2023-10-13 04:00:00,45.42923355102539,47.0830797443062,45.24836026520754,46.92718670300792,474115000,45.2756404876709,43.900003051757814,44.86915397644043,33.56756918430328,45.33000313314321,44.86058275685725,44.335762352720806,53.25906482310516,0.38389050521590207,0.001821385545677609,0.38206911967022444,7.0476618685635595,43.900003051757814,47.35436279444134,40.445643309074285,1.3362789406436215,30.562291354089467,0.0,0.0,0.0,0.0,0.0
2023-10-16 04:00:00,46.06278991699219,46.192696327999904,44.880614130194836,45.0315095868921,375099000,45.4068489074707,44.00637836456299,44.897507705688476,33.72777710914612,45.46323709384302,44.9750786768701,44.40348892386871,56.042281186229246,0.42667113468949225,0.08679133537444055,0.3398797993150517,6.976246831598232,44.00637836456299,47.59378158932648,40.4189751397995,1.346842892786995,30.85720758647033,0.0,0.0,0.0,0.0,0.0
2023-10-17 04:00:00,43.907291412353516,44.72272299988562,42.450310227068606,43.969248354956285,812333000,45.44891929626465,44.027263450622556,44.86802284240723,33.87437554359436,45.180337879026744,44.873384651678045,44.38403019792694,46.005271942510525,0.28337777410999365,0.1261086231215512,0.15726915098844246,1.0092027807903081,44.027263450622556,47.60685378195217,40.44767311929294,1.5161534789404096,35.28186619879389,0.0,0.0,0.0,0.0,0.0
2023-10-18 04:00:00,42.16651153564453,43.18879926057118,41.79577241593963,42.5612359572998,627294000,45.26454734802246,44.02511482238769,44.818770751953124,34.012215123176574,44.63236945295725,44.6155872120558,44.297068681759,39.80504663453751,0.029015888629501774,0.10669007622314132,-0.07767418759363955,-5.7746445376229305,44.02511482238769,47.609347884488734,40.44088176028665,1.571971441502317,36.60084451911981,0.0,0.0,0.0,0.0,0.0
2023-10-19 04:00:00,42.07158660888672,43.26675013363428,41.85273785103801,42.781089631153165,501233000,45.006028747558595,44.07927703857422,44.809787368774415,34.15107351303101,44.166772572217155,44.37330144032541,44.20979487497969,39.492485172641224,-0.17817351311087037,0.04971735835633898,-0.22789087146720935,-3.2538789453942285,44.07927703857422,47.49926674866163,40.659287328486805,1.5976680555809044,34.97308058623378,0.0,0.0,0.0,0.0,0.0
2023-10-20 04:00:00,41.35807418823242,42.44031742392992,41.049288238076365,41.86072097681651,477266000,44.56883430480957,44.06813468933105,44.78985092163086,34.28419662475586,43.65610013876539,44.08613694012608,44.097962691185685,37.132253932357074,-0.39538929432021064,-0.03930397217897094,-0.35608532214123967,-6.026227921287807,44.06813468933105,47.52366406653591,40.6126053121262,1.5773970135834472,35.21107053307641,0.0,0.0,0.0,0.0,0.0
2023-10-23 04:00:00,42.94497299194336,43.21778487682209,40.91639251850647,41.200194491752654,478530000,44.339195251464844,44.10575847625732,44.832288665771486,34.427671670913696,43.52680429388865,43.977454659346776,44.05274740886246,45.00451527619919,-0.4344765198227236,-0.11833848170772149,-0.31613803811500213,-3.8332363075059606,44.10575847625732,47.490971242176464,40.72054571033818,1.6073046036518182,37.45507032004291,0.0,0.0,0.0,0.0,0.0
2023-10-24 04:00:00,43.632484436035156,43.66646107168209,42.6611674055464,43.04689542430625,401463000,44.12584342956543,44.19329700469971,44.83056198120117,34.57161741733551,43.54601886518802,43.944600352364716,44.03626650796727,48.040185477434136,-0.4053048973136981,-0.17573176482891684,-0.22957313248478128,-4.586777445496903,44.19329700469971,47.423345562257246,40.96324844714217,1.6183679237228124,37.66854797263599,0.0,0.0,0.0,0.0,0.0
2023-10-25 04:00:00,41.74980545043945,43.61950024898592,41.525962950621626,43.36767362465919,398379000,43.623494720458986,44.15887107849121,44.78744468688965,34.70230881214142,43.219434607961006,43.735572266467074,43.94660136845638,41.314839247300085,-0.5280159965086995,-0.24618861116487337,-0.2818273853438261,-7.717623437657039,44.15887107849121,47.481038498821476,40.83670365816094,1.6965984676236192,40.69434430227669,0.0,0.0,0.0,0.0,0.0
2023-10-26 04:00:00,40.297821044921875,42.22647269652664,39.852133556535904,41.8237544285133,541001000,42.96205711364746,44.02081737518311,44.72436050415039,34.8243367767334,42.68823214195388,43.408167388224676,43.80351194400404,37.0113985000029,-0.733967710602947,-0.3437444310524881,-0.3902232795504589,-11.948130255825419,44.02081737518311,47.741071087081735,40.30056366328448,1.7403535239142924,42.01575119966454,0.0,0.0,0.0,0.0,0.0
2023-10-27 04:00:00,40.4716911315918,41.17719892944413,39.98702952910335,41.101251838785196,416784000,42.4663028717041,43.8709716796875,44.66759147644043,34.946774578094484,42.28522468552441,43.128502982831066,43.67285230430161,37.84627933917739,-0.8730916083429747,-0.44961386651058544,-0.4234777418323893,-13.472648743554739,43.8709716796875,47.91243182401948,39.82951153535552,1.7258640892093713,41.85098034627445,0.0,0.0,0.0,0.0,0.0
2023-10-30 04:00:00,41.13223648071289,41.73681325645553,40.45271135167305,41.05829069172662,388028000,41.97324752807617,43.69004821777344,44.624932556152345,35.06996776580811,42.07559046646777,42.93838236358172,43.5732203112197,41.0433887061557,-0.9194489749234407,-0.5435808881931565,-0.37586808673028416,-12.320805649748479,43.69004821777344,47.886681529954984,39.49341490559189,1.7340014053415165,40.7308971495427,0.0,0.0,0.0,0.0,0.0
2023-10-31 04:00:00,40.75149917602539,40.850432824810134,39.20258317497881,40.42173178283688,517969000,41.65766830444336,43.553293800354005,44.50135627746582,35.18931932449341,41.83484659547825,42.73010777429064,43.46256458042777,39.773426365657315,-0.9756630046704089,-0.629997311488607,-0.34566569318180185,-10.296749492253799,43.553293800354005,47.95126849688188,39.15531910382613,1.7961013376204649,39.77118715599621,0.0,0.0,0.0,0.0,0.0
2023-11-01 04:00:00,42.295433044433594,42.35139367956083,40.84044890706074,40.855437818322336,437593000,41.67056045532227,43.46755390167236,44.4346183013916,35.31237977981567,41.9185895861974,42.68871018097092,43.416794716271134,46.942780964324875,-0.8854238532353733,-0.6810826198379603,-0.20434123339741306,-8.178742276244211,43.46755390167236,47.894784407114486,39.040323396230235,1.8190862568528121,42.0550942895973,0.0,0.0,0.0,0.0,0.0
2023-11-02 04:00:00,43.4755973815918,43.853331578454224,42.864025551225126,43.29772036984495,409172000,41.81096153259277,43.408495140075686,44.36254615783692,35.4429643535614,42.20168191263274,42.76365181912529,43.419100703146455,51.677952425444964,-0.7104891993948996,-0.6869639357493482,-0.02352526364555141,-0.9831944009196181,43.408495140075686,47.80030143580002,39.01668884435135,1.7993133322043815,42.987119894310496,0.0,0.0,0.0,0.0,0.0
2023-11-03 04:00:00,44.97355651855469,45.27734115862164,43.692450744970955,43.989244118396975,424610000,42.172509765625,43.37067203521728,44.319494094848636,35.58409551620483,42.70565911370946,42.974118933356664,43.480059754731094,56.931936307559,-0.4458400756380101,-0.6387391637270807,0.19289908808907064,6.657048166143142,43.37067203521728,47.6907391932292,39.050604877205366,1.8342891592918653,43.940331625748094,0.0,0.0,0.0,0.0,0.0
2023-11-06 05:00:00,45.71903610229492,45.90290947432144,44.86763015180242,45.253362063663495,400733000,42.44991607666016,43.3945556640625,44.31423355102539,35.723589706420896,43.25354583890682,43.23553961611269,43.56786274875321,59.303428514918025,-0.17394464065104387,-0.5457802591118733,0.37183561846082946,8.669626670646547,43.3945556640625,47.76317762604332,39.02593370208168,1.650203418762968,44.16450276089361,0.0,0.0,0.0,0.0,0.0
2023-11-07 05:00:00,45.92289352416992,46.18570644456995,45.12644949582393,45.68705835405159,343165000,42.67895698547363,43.402400207519534,44.29672302246094,35.85734034538269,43.738881781681926,43.49147808354672,43.66021689680877,59.95283053857199,0.05732325392594362,-0.42515955650431,0.4824828104302536,11.03731115516091,43.402400207519534,47.789476335816005,39.01532407922306,1.5750418439295493,44.007521423361005,0.0,0.0,0.0,0.0,0.0
2023-11-08 05:00:00,46.54145812988281,46.834252666745705,45.93587876150922,46.067786497149605,346719000,43.15812225341797,43.390808486938475,44.2526342010498,35.99382418632507,44.24844111771845,43.78195237367396,43.773206749086185,61.93753543832612,0.28720697743855084,-0.28268624971573786,0.5698932271542887,8.374635929132301,43.390808486938475,47.74145653767137,39.04016043620558,1.5391380482138,43.557002123205905,0.0,0.0,0.0,0.0,0.0
2023-11-09 05:00:00,46.917198181152344,48.19630266302722,46.717337152851385,47.433835260699404,540496000,43.82005996704102,43.39105854034424,44.20646774291992,36.13189702033996,44.733669674706434,44.08054721248143,43.89650053073584,63.13276624004271,0.4940158591814594,-0.1273458279362984,0.6213616871177579,7.528138238226045,43.39105854034424,47.742559258131756,39.03955782255672,1.5579820015917178,43.63901236745147,0.0,0.0,0.0,0.0,0.0
2023-11-10 05:00:00,48.30122375488281,48.43812905946533,47.24996072733801,47.466808147596865,421245000,44.60301322937012,43.53465805053711,44.186163101196286,36.274497499465944,45.382315871102136,44.48251640699584,44.06923477482004,67.21645046707323,0.7608223979479192,0.050287817240545124,0.7105345807073741,15.692093013991283,43.53465805053711,48.335689771535314,38.73362632953891,1.5022347530201015,43.08749278600193,0.0,0.0,0.0,0.0,0.0
2023-11-13 05:00:00,48.58602523803711,49.08168084897678,48.065389383307924,48.28623562834099,384136000,45.34839210510254,43.66081981658935,44.18846138000488,36.41570998191833,45.96480848327213,44.87332677185692,44.24636381259326,68.0019005659111,0.9839077258604689,0.2370117989645299,0.746895926895939,20.56737555084178,43.66081981658935,48.85785491137673,38.46378472180198,1.5030203101296133,42.92115483271151,0.0,0.0,0.0,0.0,0.0
2023-11-14 05:00:00,49.62130355834961,49.79918059248535,49.005736641538505,49.64528886328257,416954000,46.23537254333496,43.94652042388916,44.210685882568356,36.568107481002805,46.62962576964985,45.325515037237174,44.45714576340723,70.74569728478465,1.2300633590264525,0.43562211097691445,0.794441248049538,22.60743786813424,43.94652042388916,49.788792816792565,38.10424803098576,1.4392084436320924,39.07304850323031,0.0,0.0,0.0,0.0,0.0
2023-11-15 05:00:00,48.85383987426758,49.92508940872805,48.1663208904743,49.90010916476034,475497000,46.89121322631836,44.280886840820315,44.247200393676756,36.714794645309446,47.03402833412579,45.661545974097216,44.62956514030372,66.21300296585699,1.3476803462921012,0.6180337580399519,0.7296465882521493,18.772632013762202,44.280886840820315,50.450507342952925,38.111266338687706,1.3952391135080215,36.12288798225781,0.0,0.0,0.0,0.0,0.0
2023-11-16 05:00:00,49.44542694091797,49.490397480832705,48.296232754650504,48.64498792594149,339756000,47.488196182250974,44.64957885742187,44.31193496704102,36.85741716384888,47.472464444451646,46.02191558998491,44.818422465818,67.91926687508422,1.4716643576285549,0.7887598779576726,0.6829044796708823,21.33400719158651,44.64957885742187,51.136453415614014,38.16270429922973,1.3955244939252662,35.960970414515685,0.0,0.0,0.0,0.0,0.0
2023-11-17 05:00:00,49.263553619384766,49.68225956451404,48.972756588136555,49.48939362933796,325205000,47.917195892333986,45.044852828979494,44.38640281677246,36.995304365158084,47.79811702171221,46.33064302135632,44.99274133458533,66.80234365128607,1.5375233111444473,0.9385125645950276,0.5990107465494197,16.474877010080014,45.044852828979494,51.64959995988289,38.440105698076096,1.3544817133249099,35.01776151272764,0.0,0.0,0.0,0.0,0.0
2023-11-20 05:00:00,50.37377166748047,50.51267446523686,49.14662922458695,49.27753819263548,414120000,48.38266944885254,45.41629276275635,44.490949630737305,37.14178444862366,48.26641786639734,46.71570289241576,45.20376213195377,70.0411126917965,1.6601649758708774,1.0828430468501975,0.5773219290206799,15.866772859593791,45.41629276275635,52.35112141877111,38.48146410674159,1.3142239943903264,33.68301389129184,0.0,0.0,0.0,0.0,0.0
2023-11-21 05:00:00,49.90910720825195,50.481704933940904,49.187611506653525,50.090979262287824,565747000,48.78129081726074,45.730123901367186,44.59235885620117,37.28599612236023,48.56508865582545,47.019836636781115,45.38828546827919,67.09090845119209,1.7002652409360763,1.2063274856673734,0.493937755268703,10.974339304611158,45.730123901367186,52.889510675214076,38.570737127520296,1.2923810603726078,34.097892109851955,0.0,0.0,0.0,0.0,0.0
2023-11-22 05:00:00,48.68195343017578,50.29982144046333,47.65666949538865,49.817161099137216,899420000,48.99534034729004,46.076731300354005,44.65693351745605,37.418657760620114,48.586336796616415,47.178133474247275,45.517448917765336,59.91349569852556,1.6144139763863663,1.287944783811172,0.32646919257519436,6.4807082136452365,46.076731300354005,53.094566008536155,39.058896592171855,1.3698991611621831,30.973388395467587,0.0,0.0,0.0,0.0,0.0
2023-11-24 05:00:00,47.742618560791016,48.8868189750065,47.711638178100976,48.43613388773008,294645000,49.07788238525391,46.44897117614746,44.70080284118652,37.54646288871765,48.4329334810118,47.23189395868001,45.60471047239379,55.05802829467042,1.4538210134248644,1.3211200297339105,0.13270098369095384,3.9625661559486547,46.44897117614746,52.94667352439533,39.95126882789959,1.3251446625818748,28.53615286813237,0.0,0.0,0.0,0.0,0.0
2023-11-27 05:00:00,48.20829391479492,48.49609089003982,47.61870599505968,47.76660139816942,395662000,49.06858940124512,46.83580131530762,44.787582321166994,37.67593708992004,48.39208992351782,47.32488443069095,45.7068117838605,56.921876964959466,1.348580446598639,1.3266121131068564,0.02196833349178262,3.5814000074094965,46.83580131530762,52.728173435563455,40.943429195051785,1.3138664891862406,28.491454749550478,0.0,0.0,0.0,0.0,0.0
2023-11-28 05:00:00,47.78758239746094,48.289234319970646,47.439826002688484,48.202293315261734,401491000,48.9887451171875,47.16856861114502,44.864628295898434,37.80866208076477,48.28217946423475,47.368950903716666,45.78841063145268,54.71415658592655,1.21719754019135,1.3047291985237552,-0.08753165833240528,1.8551496040917659,47.16856861114502,52.421753863607826,41.91538335868221,1.298877301224536,29.012978595088928,0.0,0.0,0.0,0.0,0.0
2023-11-29 05:00:00,48.106361389160156,48.727928411184934,47.826558260033494,48.345196613263326,382005000,48.83725090026856,47.53631172180176,44.9569637298584,37.940368728637694,48.250212541493916,47.4391804737589,45.8793106611667,56.10342283910964,1.1258206807748508,1.2689474949739743,-0.14312681419912354,-0.40343152941949567,47.53631172180176,51.842409305704265,43.23021413789925,1.300947792020837,28.32211778522437,0.0,0.0,0.0,0.0,0.0
2023-11-30 05:00:00,46.73731994628906,48.07638377452515,46.3895635380406,47.990441518765145,526247000,48.6255989074707,47.75840606689453,45.04752044677734,38.05932141304016,47.97514116054758,47.37233661399987,45.912958084112674,49.13231446467674,0.9321879757519795,1.2015955911295753,-0.2694076153775957,-3.805014472146462,47.75840606689453,51.320245434824166,44.196566698964894,1.3053730290190622,28.96973960360984,0.0,0.0,0.0,0.0,0.0
2023-12-01 05:00:00,46.732322692871094,47.16702011217605,46.15472745047927,46.4924925258304,369317000,48.354288482666014,47.9212423324585,45.16240005493164,38.17928301811218,47.74917416642458,47.311382907225706,45.94509002955418,49.1083279534399,0.7694595743844559,1.1151683877805514,-0.3457088133960955,-5.822057580735196,47.9212423324585,50.91041251696827,44.93207214794872,1.26904172783219,27.733498118648363,0.0,0.0,0.0,0.0,0.0
2023-12-04 05:00:00,45.47819519042969,46.04480030339198,44.97854459860675,46.04480030339198,437543000,47.975752639770505,47.94647426605225,45.24034553527832,38.29677995681763,47.33626889806187,47.13679360086418,45.92678042801988,43.38400059567486,0.533152683381708,0.9987652469007827,-0.46561256351907476,-6.909681393572342,47.94647426605225,50.83779711146941,45.055151420635084,1.3217193441604387,27.26686894367648,0.0,0.0,0.0,0.0,0.0
2023-12-05 05:00:00,46.53755569458008,46.571531508809755,45.243344800588865,45.43822537417424,371718000,47.59213104248047,47.98740024566651,45.32724670410156,38.42264045715332,47.19104831561063,47.07972332407522,45.95073239925754,48.81182431995342,0.4264435334014465,0.8843009042009156,-0.4578573707994691,-5.8809710548409,47.98740024566651,50.766982724141975,45.20781776719104,1.3299358694299137,27.883006110751918,0.0,0.0,0.0,0.0,0.0
2023-12-06 05:00:00,45.47520065307617,47.358052404807324,45.3842566412969,47.18615659482553,380590000,47.14874038696289,47.96501560211182,45.39911643981934,38.54685031890869,46.879076013331634,46.92691164112293,45.93208409548572,44.23214425310207,0.2532334720331022,0.7580874177673529,-0.5048539457342507,-7.689970958201265,47.96501560211182,50.82076921927221,45.10926198495143,1.3452949583768192,29.094516305129154,0.0,0.0,0.0,0.0,0.0
2023-12-07 05:00:00,46.56753158569336,46.600512368918565,45.57613709541874,45.67207911260122,350823000,46.93729820251465,47.96631927490235,45.481700592041015,38.676027374267576,46.82243157194286,46.89268496917726,45.95700360490563,49.48066543007836,0.20177924225775712,0.6468257826654338,-0.44504654040767666,-7.555995820428674,47.96631927490235,50.8193591361655,45.11327941363919,1.34037688620969,29.98562986467005,0.0,0.0,0.0,0.0,0.0
2023-12-08 05:00:00,47.47697830200195,47.71183534651791,46.52156105756746,46.566535548739374,359224000,46.91073417663574,47.99430828094482,45.570062255859376,38.795216989517215,46.941440068317235,46.9483319532558,46.01661045577215,53.411956419499674,0.2317150767289533,0.5638036414781377,-0.33208856474918436,-4.873116435646985,47.99430828094482,50.81481047462058,45.173806087269064,1.374717694250616,30.6530428145595,0.0,0.0,0.0,0.0,0.0
2023-12-11 05:00:00,46.598514556884766,47.50196163403656,45.802004370558734,47.461988967358906,509728000,46.749756240844725,47.90917282104492,45.632660446166994,38.911902284622194,46.879089975329514,46.91501601074428,46.03943022444324,49.41211920599996,0.18245157048788485,0.48753322728008713,-0.3050816567922023,-4.2796944791446805,47.90917282104492,50.79275382016651,45.02559182192333,1.3985685530240386,29.39607071909589,0.0,0.0,0.0,0.0,0.0
2023-12-12 05:00:00,47.627891540527344,47.6368849146668,46.017875514105,46.017875514105,372387000,46.73378715515137,47.861266136169434,45.69020416259766,39.03266061782837,47.01523571445639,46.982908918342666,46.101722825073985,53.779984275374574,0.2238911290170691,0.4348048076274836,-0.2109136786104145,-0.24030315831459204,47.861266136169434,50.72929410355556,44.99323816878331,1.4217768368293544,30.487720986863113,0.0,0.0,0.0,0.0,0.0
2023-12-13 05:00:00,48.058624267578125,48.56431567041087,47.5789179572985,47.59990503689136,447792000,46.729013442993164,47.78313217163086,45.781644897460936,39.15699610710144,47.20494272411488,47.08535799922223,46.17846405811336,55.510971068665356,0.28816699920761835,0.40547724594351053,-0.11731024673589219,-0.3104645177473553,47.78313217163086,50.53193655016521,45.03432779309651,1.3033658202606178,29.60513648128079,0.0,0.0,0.0,0.0,0.0
2023-12-14 05:00:00,48.32046127319336,48.6402654789673,47.39303060139569,48.36043775200682,391232000,46.88732757568359,47.75646324157715,45.86784950256347,39.28522805213928,47.407764278492785,47.20298688245758,46.262463948900816,56.575616908147175,0.35612891505603983,0.3956075797660164,-0.039478664709976574,1.1150990466526123,47.75646324157715,50.471672998781415,45.04125348437289,1.3085125403081956,29.21856755331739,0.0,0.0,0.0,0.0,0.0
2023-12-15 05:00:00,48.860130310058594,49.373816223552424,48.09060027989247,48.164556381448534,479948000,47.10010833740235,47.72719841003418,45.95191665649414,39.413081588745115,47.67183082968656,47.360810066038624,46.36433321796583,58.76585049811188,0.4483675026067999,0.4061595643341731,0.04220793827262681,1.5668799284168866,47.72719841003418,50.37760386599693,45.07679295407142,1.3375004723567538,29.167063056257398,0.0,0.0,0.0,0.0,0.0
2023-12-18 05:00:00,50.046409606933594,50.402191134156865,49.11997773498407,49.36982501987744,412587000,47.55692977905274,47.76634120941162,46.03824447631836,39.54398956298828,48.10357242554966,47.61658145088577,46.508728370474365,63.16403064454638,0.6101565677878114,0.44695896502490073,0.16319760276291062,7.080187020666506,47.76634120941162,50.53286261273231,44.99981980609093,1.3869756514150475,30.41619437938163,0.0,0.0,0.0,0.0,0.0
2023-12-19 05:00:00,49.573692321777344,49.66963433728467,48.86512588284418,49.39380199579273,464444000,47.860543441772464,47.72633724212646,46.12489105224609,39.67421216011047,48.3708669521365,47.80297296239925,46.628923035231345,60.399334900433075,0.6922513902073248,0.4960174500613856,0.19623394014593926,6.080095028830423,47.72633724212646,50.35374786690247,45.09892661735046,1.40418548786972,29.512818040384907,0.0,0.0,0.0,0.0,0.0
2023-12-20 05:00:00,48.081607818603516,49.9684548790202,48.0686152726536,49.624663268494515,397894000,48.12118415832519,47.634962272644046,46.17120315551758,39.798283166885376,48.31827438240323,47.82950961537109,46.68589106595182,52.576787937741976,0.629655106776184,0.5227449814043453,0.10691012537183864,5.724529342628104,47.634962272644046,50.0622352091616,45.20768933612649,1.4172598989587943,31.200376918076433,0.0,0.0,0.0,0.0,0.0
2023-12-21 05:00:00,48.9600715637207,49.06500695718709,48.389417453965386,48.781180068606574,300425000,48.36043815612793,47.64886817932129,46.214938735961915,39.92228547096252,48.43496477900641,47.93718218188057,46.775074614883934,56.17550765135408,0.6435137577522951,0.5468987366739353,0.09661502107835984,5.2055073219557935,47.64886817932129,50.10441882950582,45.19331752913676,1.4151960758792796,30.73214137403888,0.0,0.0,0.0,0.0,0.0
2023-12-22 05:00:00,48.800167083740234,49.352826795671184,48.437386098484225,49.16494193668389,252507000,48.49275703430176,47.70174560546875,46.25269813537598,40.049209957122805,48.501365198048916,48.01937122015293,46.85449000581948,55.35210423540606,0.6342822721339658,0.5643754437659414,0.06990682836802442,7.311603649711751,47.70174560546875,50.21076060693736,45.19273060400014,1.3553148332308953,29.88016996199303,0.0,0.0,0.0,0.0,0.0
2023-12-26 05:00:00,49.24889373779297,49.56969677808233,48.930088377699356,48.93808291084912,244200000,48.75779495239258,47.75377559661865,46.32909133911133,40.180730991363525,48.63727947800238,48.13646860278531,46.94838819138707,57.24596766967156,0.6556171971479259,0.5826237944423384,0.07299340270558752,5.758007909793061,47.75377559661865,50.34870693422222,45.15884425901508,1.3154107608109815,29.859769598871278,0.0,0.0,0.0,0.0,0.0
2023-12-27 05:00:00,49.38680648803711,49.649646285457685,49.05500860498553,49.48075082384643,233648000,48.93368644714356,47.83373680114746,46.39557167053223,40.31293661117554,48.7735571161905,48.255548401380715,47.044012438314525,57.83790681711263,0.6758627601025822,0.6012715875743871,0.07459117252819503,4.022640560413726,47.83373680114746,50.52964782500391,45.137825777291006,1.2168994691653907,29.629057389783508,0.0,0.0,0.0,0.0,0.0
2023-12-28 05:00:00,49.49174880981445,49.85352719386826,49.38181539341571,49.6126770927999,246587000,49.07699890136719,47.90300617218018,46.50726081848145,40.44018677711487,48.904137424122126,48.3732817736125,47.140002099941974,58.31089844068889,0.6923939959484073,0.6194960692491912,0.07289792669921613,6.208855111460254,47.90300617218018,50.69779123764711,45.108221106713245,1.1702137609232592,29.574102815931486,0.0,0.0,0.0,0.0,0.0
2023-12-29 05:00:00,49.49174880981445,49.96646094313931,48.72121986722186,49.7825714182401,389293000,49.1941276550293,48.040727615356445,46.653765563964846,40.56661267280579,49.01097585788436,48.47980244372697,47.232227461113446,58.31089844068889,0.6974552890361849,0.63508791320659,0.06236737582959495,3.913373464582448,48.040727615356445,50.86495911002203,45.21649612069086,1.1741399599923308,27.383676809993517,0.0,0.0,0.0,0.0,0.0
2024-01-02 05:00:00,48.13856887817383,49.26487918925224,47.565920930034586,49.213911661432995,411254000,49.12197151184082,48.11103992462158,46.775105209350585,40.67971347808838,48.8523564070279,48.44730400891238,47.26777026178248,49.93369211960528,0.5855265037286443,0.6251756313110008,-0.0396491275823565,0.1663481046618953,48.11103992462158,50.86731963880085,45.35476021044231,1.1902735754424765,29.42504946429668,0.0,0.0,0.0,0.0,0.0
2024-01-03 05:00:00,47.539939880371094,48.15456203597886,47.2910914479061,47.45599156277329,320896000,48.87132453918457,48.214127159118654,46.89874252319336,40.78890192985535,48.61373522036302,48.360888377622736,47.2784435801585,46.73495746153396,0.4434064640905717,0.588821797866915,-0.1454153337763433,-1.6153020320095246,48.214127159118654,50.69639539841482,45.731858919822486,1.1363065174075453,27.984920710000242,0.0,0.0,0.0,0.0,0.0
2024-01-04 05:00:00,47.96867752075195,48.47036973426666,47.478975200634494,47.73781584044559,306535000,48.71082305908203,48.28568325042725,46.99921661376953,40.89935987472534,48.496452002251914,48.32353496268266,47.30551157782884,49.24280261300686,0.36120708281943337,0.5432988548574187,-0.18209177203798532,-1.8244994101522471,48.28568325042725,50.643863294504065,45.92750320635043,1.1367348617303878,27.010923389498004,0.0,0.0,0.0,0.0,0.0
2024-01-05 05:00:00,49.06699752807617,49.51672330089089,48.276480532799866,48.432387246479834,415039000,48.8093620300293,48.46527309417725,47.107906875610354,41.0138157081604,48.60018755240178,48.394340921291565,47.374589458230695,55.07780897797906,0.3803048093842136,0.5107000457627777,-0.1303952363785641,-1.9570076785722756,48.46527309417725,50.43778960880213,46.49275657955237,1.1582213547709108,26.383434876674222,0.0,0.0,0.0,0.0,0.0
2024-01-08 05:00:00,52.2210807800293,52.24307051371221,49.44877695414858,49.48175774230581,642510000,49.13546295166016,48.74795055389404,47.317332382202146,41.1426981639862,49.25853177560678,48.75879233640944,47.56464794143849,66.85998169474485,0.6425412385080449,0.5370682843118312,0.10547295419621372,5.340309212935046,48.74795055389404,51.14917564769257,46.34672546009551,1.293425429197774,33.3882848267711,0.0,0.0,0.0,0.0,0.0
2024-01-09 05:00:00,53.10753631591797,54.291813775257275,51.658421354299875,52.368989354850214,773100000,49.56619987487793,49.02947845458984,47.57352668762207,41.272401084899904,49.95835078293608,49.17295842969597,47.7820161129867,69.2972857588117,0.9113891247186032,0.6119324523931856,0.2994566723254176,10.452912715139796,49.02947845458984,52.04499613351683,46.01396077566285,1.3713776861162832,33.26258703655984,0.0,0.0,0.0,0.0,0.0
2024-01-10 05:00:00,54.316795349121094,54.566642620850935,53.45632128428564,53.58324641272958,533796000,50.072990036010744,49.41539249420166,47.85042877197266,41.41020846366882,50.750795249515164,49.66284766011741,48.03828196538414,72.29109048870208,1.2081038402135178,0.7311667299572521,0.47693711025626573,10.941004811295475,49.41539249420166,53.03582978077316,45.79495520763016,1.3912221561765372,32.47594652567196,0.0,0.0,0.0,0.0,0.0
2024-01-11 05:00:00,54.78850555419922,55.312187494704844,53.527279337957886,54.965399369459846,596759000,50.61315994262695,49.773423194885254,48.123554153442385,41.551613311767575,51.48492439582135,50.151005554791865,48.302996615925906,73.38145480623996,1.4644343733828507,0.8778202586423718,0.5866141147404789,12.271143375765693,49.773423194885254,54.01289694169512,45.53394944807539,1.3830127669179915,32.04417934370512,0.0,0.0,0.0,0.0,0.0
2024-01-12 05:00:00,54.67657470703125,54.93641799826661,54.29680960809761,54.58662953889082,352994000,51.131642532348636,50.10432071685791,48.4020556640625,41.693062973022464,52.06522445240496,50.58201214071942,48.55294085479278,72.65090067463302,1.6396454714094304,1.0301853011957836,0.6094601702136468,11.020919572601784,50.10432071685791,54.7898617422048,45.41877969151103,1.3584562848883794,32.2016887588565,0.0,0.0,0.0,0.0,0.0
2024-01-16 05:00:00,56.347557067871094,56.800279452629056,54.86646395445467,54.984391900558016,449580000,51.817223358154294,50.5056755065918,48.68309814453125,41.84000009536743,52.84383038248971,51.131111657591006,48.858612078835066,76.42433498308748,1.8915314434185149,1.2024545296403297,0.6890769137781851,14.094352469459782,50.5056755065918,55.873357199660674,45.137993813522925,1.4447608597748685,33.291327444042174,0.0,0.0,0.0,0.0,0.0
2024-01-17 05:00:00,56.01876449584961,56.436508451453484,54.70656674452563,56.31258364108571,474394000,52.60524291992188,50.863607215881345,48.93396148681641,41.98329999923706,53.42109113037333,51.596602404091826,49.13940236969838,74.2534091883618,2.041093621516019,1.3701823480154678,0.6709112735005514,13.188088606682701,50.863607215881345,56.70323700119716,45.02397743056553,1.5133617178167083,33.61679062610564,0.0,0.0,0.0,0.0,0.0
2024-01-18 05:00:00,57.07211685180664,57.56481575240513,56.07272766296372,57.225023275703855,491650000,53.55846061706543,51.214892578125,49.17593269348144,42.129898405075075,54.08491398881574,52.118079970540855,49.450489212134,76.55148817924824,2.219039748175696,1.5399538280475136,0.6790859201281825,15.316427938567735,51.214892578125,57.66128386551455,44.76850129073546,1.5813198303940916,33.299703357451136,0.0,0.0,0.0,0.0,0.0
2024-01-19 05:00:00,59.454654693603516,59.463648066531206,57.19003646845247,57.953569636409725,543501000,54.707058334350585,51.70894069671631,49.45064506530762,42.28747034072876,55.061230480595334,52.816801372737295,49.84280942709359,80.73914911130109,2.523228025694273,1.7366086675768655,0.7866193581174075,23.50731664679886,51.70894069671631,59.07471194031248,44.34316945312014,1.7184497885563783,34.90727926283022,0.0,0.0,0.0,0.0,0.0
2024-01-22 05:00:00,59.617557525634766,60.29414590763177,59.03391464914335,60.01231668308295,452955000,55.76211433410644,52.285738182067874,49.72453834533692,42.44841453552246,55.88965357969341,53.46449243491801,50.22613288193835,80.98914415838675,2.7457925371236342,1.9384454414862193,0.8073470956374149,25.405201764359898,52.285738182067874,60.238811776829536,44.33266458730621,1.7195205158828766,31.79178892583424,0.0,0.0,0.0,0.0,0.0
2024-01-23 05:00:00,59.83642578125,59.8734019281728,58.549210583878605,59.53360947543731,294654000,56.52364883422852,52.829555892944335,49.99043769836426,42.613310546875,56.60724852543097,54.07134322980677,50.6030071132839,81.33958606472531,2.9063349349920315,2.132023340187382,0.7743115948046495,24.74062007518112,52.829555892944335,61.29598649395665,44.36312529193202,1.6765464776338999,31.771171374425993,0.0,0.0,0.0,0.0,0.0
2024-01-24 05:00:00,61.32451248168945,62.810603561548206,59.901382639629475,60.26716017281773,560271000,57.345346450805664,53.455773162841794,50.278583984375,42.78486768722534,57.46493288111432,54.7621212537956,51.02345830420177,83.55870477568594,3.1177031608784915,2.329159304325604,0.7885438565528875,24.98117996031757,53.455773162841794,62.500311796618405,44.41123452906518,1.827311277078574,31.751301484908005,0.0,0.0,0.0,0.0,0.0
2024-01-25 05:00:00,61.5793571472168,62.680685096135214,60.81282362309359,62.3119072339738,482777000,58.07160263061523,54.07229633331299,50.54414665222168,42.95499143600464,58.213010020405676,55.41138181507381,51.4374151215749,83.91156686976333,3.2681051554939486,2.516948474559273,0.7511566809346757,17.920495377350278,54.07229633331299,63.57864038208444,44.565952284541545,1.8899160584649637,31.85371176167488,0.0,0.0,0.0,0.0,0.0
2024-01-26 05:00:00,60.99371337890625,61.74525668401416,60.535996808090815,60.92275760795634,390309000,58.69212341308594,54.652641677856444,50.792300415039065,43.12423515319824,58.71859244922396,55.9430324402007,51.81217191598005,79.67944706321097,3.3019800910625534,2.673954797859929,0.6280252932026245,14.84945002169975,54.652641677856444,64.36943588631017,44.93584746940272,1.8657170653067072,32.58695958196369,0.0,0.0,0.0,0.0,0.0
2024-01-29 05:00:00,62.42684555053711,62.45082915252115,60.86979854333243,61.194596978340044,348733000,59.46715049743652,55.29939651489258,51.048411254882815,43.304011545181275,59.392820285826346,56.56053845070893,52.228433627139154,82.0634773843855,3.4052148139194856,2.8202068010718406,0.5850080128476449,14.931017467596686,55.29939651489258,65.28795860833193,45.31083442145322,1.7517854669890416,32.714554767445,0.0,0.0,0.0,0.0,0.0
2024-01-30 05:00:00,62.73564529418945,63.45420777642383,62.22195939324812,62.86157157548254,410735000,60.10595932006836,55.96159133911133,51.32604736328125,43.48549180984497,60.00060665098327,57.148643864373746,52.64048114349407,82.53883967004187,3.471924450250661,2.9505503309076047,0.5213741193430566,14.505122305496299,55.96159133911133,66.08413527395196,45.8390474042707,1.6517037500046352,32.5229637779077,0.0,0.0,0.0,0.0,0.0
2024-01-31 05:00:00,61.489418029785156,62.230965375095856,60.662923519798866,61.402469372359604,453795000,60.653024673461914,56.629133796691896,51.566927185058596,43.65926723480224,60.27129962894725,57.562050927746256,52.987498276289806,74.01366327590578,3.3852096034892654,3.037482185423937,0.3477274180653285,12.460259917997018,56.629133796691896,66.33163410906434,46.92663348431945,1.6955334263944652,31.408871712098847,0.0,0.0,0.0,0.0,0.0
2024-02-01 05:00:00,62.988494873046875,63.15239614325578,61.612337231861346,62.06205926012063,369146000,61.24466247558594,57.40156154632568,51.84142601013183,43.8393191242218,60.76533512787445,58.07885511301298,53.37969422126067,77.08031832000479,3.398277211289802,3.10964119059711,0.2886360206926919,11.785671199865355,57.40156154632568,66.4981551038114,48.304967988839955,1.6868241375890125,30.229358591085337,0.0,0.0,0.0,0.0,0.0
2024-02-02 05:00:00,66.11958312988281,66.55930912654547,63.65108714697043,63.93491403332179,476578000,61.91115531921387,58.30910682678223,52.15634223937988,44.03170439720154,61.73883476460324,58.844638733667246,53.879297707873306,81.88805832112362,3.6195619819205547,3.2116253488617987,0.40793663305875594,18.031134254632786,58.30910682678223,67.05830106015142,49.55991259341304,1.8961959849696979,32.63473853108658,0.0,0.0,0.0,0.0,0.0
2024-02-05 05:00:00,69.2896499633789,69.45455008972388,67.16395031831868,68.1833239064927,680078000,62.87836456298828,59.32023944854736,52.54395309448242,44.23862117767334,63.11171025528972,59.8394017079255,54.4836252473049,85.2594162735723,4.004567495691681,3.3702137782277757,0.6343537174639056,21.40718407781561,59.32023944854736,68.24463367469166,50.39584522240306,1.9827147145585025,34.45912992660855,0.0,0.0,0.0,0.0,0.0
2024-02-06 05:00:00,68.18132019042969,69.71138308978904,66.25949848302591,69.58745829595591,683111000,63.71285400390625,60.118251419067384,52.9339404296875,44.44412763595581,64.03345751622426,60.63387013483066,55.02078975487842,79.67536759539047,4.172160124357539,3.5306030474537287,0.6415570769038106,14.677850778544732,60.118251419067384,69.22229441283528,51.01420842529948,2.1057106359753077,31.715637802051553,0.0,0.0,0.0,0.0,0.0
2024-02-07 05:00:00,70.0561752319336,70.17710350841662,67.5587013332111,68.2772638618389,495575000,64.58602027893066,60.96568336486816,53.38021156311035,44.65893345832825,65.12849710089868,61.531232525030944,55.61041271476294,81.84187964785369,4.405479992015053,3.7055784363659936,0.6999015556490593,17.509301184991276,60.96568336486816,70.46855251444403,51.4628142152923,2.182307130164593,32.08156478918757,0.0,0.0,0.0,0.0,0.0
2024-02-08 05:00:00,69.59844970703125,70.75074512715133,69.412566337875,70.03118381151026,414422000,65.3879295349121,61.729766082763675,53.808014678955075,44.87183529853821,65.94121575655915,62.29953892331669,56.158963185047966,79.61071283122438,4.5015618408483675,3.8647751172624685,0.636786723585899,16.314517116161408,61.729766082763675,71.43691998001114,52.0226121855162,2.1070676712040046,32.71563166497212,0.0,0.0,0.0,0.0,0.0
2024-02-09 05:00:00,72.08895111083984,72.14091368127717,70.1691190330097,70.48992214211897,436637000,66.49745330810546,62.5947883605957,54.294042053222654,45.10119109153747,67.05898582097382,63.23186389355699,56.78366859390255,82.41913854847598,4.724212269259787,4.036662547661932,0.687549721597855,17.553239632136464,62.5947883605957,72.76961095701239,52.41996576417901,2.19865572232954,33.677677772548954,0.0,0.0,0.0,0.0,0.0
2024-02-12 05:00:00,72.2038803100586,74.5654362238501,71.20648867597566,72.55566272594181,613710000,67.47515678405762,63.47115364074707,54.775992431640624,45.32754971504212,67.99442118262559,64.08634164750953,57.388382778849845,82.53866570794415,4.853984452491197,4.200126928627785,0.6538575238634117,17.253384340213106,63.47115364074707,73.79261354534201,53.14969373615213,2.3439954511567005,33.471615958851416,0.0,0.0,0.0,0.0,0.0
2024-02-13 05:00:00,72.08394622802734,73.40513741451034,69.57748237910234,70.35700477469595,602580000,68.40998687744141,64.25797309875489,55.28292495727539,45.55195985794067,68.73797119088044,64.84801827422551,57.96467938469995,81.9128086091914,4.890774362125946,4.338256415327417,0.5525179467985284,18.18258347417896,64.25797309875489,74.6915465391715,53.82439965833828,2.4049581122359713,33.33758013687949,0.0,0.0,0.0,0.0,0.0
2024-02-14 05:00:00,73.85487365722656,74.19066701109121,71.89407378756496,73.15730185072407,504917000,69.64653244018555,65.14977855682373,55.8253759765625,45.78261193275452,69.66831709385247,65.70581402498752,58.587824258132365,83.85902184158817,5.005133609187574,4.471631854099448,0.5335017550881256,18.30627193462466,65.14977855682373,75.66685251876895,54.632704594878525,2.4355818086991587,32.85134116405595,0.0,0.0,0.0,0.0,0.0
2024-02-15 05:00:00,72.61361694335938,73.9298138493264,72.35577892403286,73.82388341395547,420122000,70.60904464721679,65.92685356140137,56.36808441162109,46.00125785827637,70.20382615739916,66.36370001721342,59.137855343827546,77.55960422664796,4.938675120631785,4.565040507405916,0.3736346132258692,15.745389407965193,65.92685356140137,76.2252986766369,55.62840844616586,2.461637169368458,34.564725607576776,0.0,0.0,0.0,0.0,0.0
2024-02-16 05:00:00,72.56863403320312,74.35654245789623,72.45670295069786,74.05472502125532,495327000,71.25394973754882,66.58255252838134,56.88870597839355,46.22317578315735,70.63379122572715,66.95464611397433,59.66455254733247,77.33288651448238,4.826736925988641,4.617379791122461,0.20935713486617935,18.018085645323968,66.58255252838134,76.81563029717165,56.34947475959103,2.484409233512004,33.02066476904301,0.0,0.0,0.0,0.0,0.0
2024-02-20 05:00:00,69.40957641601562,71.91204456852859,67.69262359545532,71.90304738257117,704833000,71.2659423828125,67.0721534729004,57.367393493652344,46.431336612701415,70.4112067148705,67.18844899988304,60.04671034610436,63.33167748619987,4.432025915982749,4.580309016094519,-0.1482831001117706,10.194054574427325,67.0721534729004,76.82798476479441,57.316322181006385,2.744677951695725,38.10422364199546,0.0,0.0,0.0,0.0,0.0
2024-02-21 05:00:00,67.43077850341797,68.84591377259603,66.20752727493073,67.96444884340175,673755000,71.19088821411133,67.45187110900879,57.784658432006836,46.630802402496336,69.86931067642459,67.2115280002197,60.33628164639117,56.43869943166309,3.914419155389325,4.447131043953481,-0.5327118885641555,1.9830666066957603,67.45187110900879,76.59375053056598,58.3099916874516,2.8253441921738904,40.231211287376226,0.0,0.0,0.0,0.0,0.0
2024-02-22 05:00:00,78.49002838134766,78.52700071768926,74.17466516688725,74.97917375100998,865100000,72.03427352905274,68.3101469039917,58.40491943359375,46.879979372024536,71.43671389550151,68.28567089366045,61.048193283056136,73.68025610498964,4.34649739127903,4.427004313418591,-0.0805069221395609,13.278142439500495,68.3101469039917,78.2206936770317,58.399600130951676,3.499147342231081,68.87249069887359,0.0,0.0,0.0,0.0,0.0
2024-02-23 05:00:00,78.76885223388672,82.34366290568272,77.5226123761237,80.74064650613892,829388000,72.95131378173828,69.1696216583252,59.04832618713379,47.128197555541995,72.76982995702609,69.28406911653914,61.743121085049495,73.9600923803902,4.657729850468911,4.473149420828655,0.18458042964025623,15.528493748560713,69.1696216583252,79.59072374903624,58.74851956761415,3.588449933378254,68.88339211535668,0.0,0.0,0.0,0.0,0.0
2024-02-26 05:00:00,79.04369354248047,80.59674521460998,78.45704646976243,79.6513162598183,503973000,73.64678802490235,70.0721206665039,59.67664222717285,47.380687389373776,73.91053242710869,70.21355715710499,62.421574906909534,74.25071161283881,4.870418065614118,4.552603149785748,0.31781491582836985,12.829016543926475,70.0721206665039,80.63729415912461,59.506947173883205,3.5030736323072884,68.46768975407406,0.0,0.0,0.0,0.0,0.0
2024-02-27 05:00:00,78.65291595458984,79.4314469973946,77.1148623296948,79.3325008302499,391705000,74.29169158935547,70.88342418670655,60.28852806091309,47.62965470314026,74.77278397755981,71.01730561400831,63.05809808524994,73.0031589462011,4.9503776509176305,4.632158050012125,0.31821960090550583,13.00958036518427,70.88342418670655,81.46865998253321,60.29818839087989,3.4219807795170505,68.68139659729408,0.0,0.0,0.0,0.0,0.0
2024-02-28 05:00:00,77.61556243896484,78.88478331880187,77.07788905731108,77.57258943700786,393110000,74.84485321044922,71.6274200439453,60.874430084228514,47.874968919754025,75.28965278872435,71.64571102590892,63.62897904029758,69.65730664702065,4.8738576421350075,4.680497968436701,0.1933596736983061,7.666377777681355,71.6274200439453,81.88811734155257,61.36672274633805,3.3640159285374267,69.24358524051334,0.0,0.0,0.0,0.0,0.0
2024-02-29 05:00:00,79.06367492675781,79.9411369643908,78.30213934805526,79.04568817875618,507289000,75.36573333740235,72.50613288879394,61.4785009765625,48.12871262550354,75.97583863200316,72.35218377837073,64.23426123192347,71.61318558395205,4.873882475965331,4.719174869942427,0.154707606022904,9.500589978325014,72.50613288879394,82.09960813284277,62.91265764474511,3.4345441954052567,68.26936624267638,0.0,0.0,0.0,0.0,0.0
2024-03-01 05:00:00,82.2287368774414,82.24972776986829,79.38647244624788,79.95112973995113,479135000,76.32724533081054,73.46814498901367,62.12214752197266,48.39521935462952,77.11272922208283,73.29280788304413,64.93992694351242,75.35274919991448,5.070842686844571,4.789508433322856,0.2813342535217149,14.073578348946736,73.46814498901367,82.90044552636917,64.03584445165816,3.4805148288955823,68.82494566830565,0.0,0.0,0.0,0.0,0.0
2024-03-04 05:00:00,85.18492126464844,87.6414196546175,83.6678509917937,84.07859536447201,615616000,77.58887405395508,74.42141189575196,62.83437210083008,48.67520812988281,78.58040050254931,74.4253901098636,65.73384828943932,78.2365543302121,5.403189838087329,4.912244714275751,0.49094512381157784,15.340961329115,74.42141189575196,84.55428204315263,64.28854174835129,3.6272102024171287,68.05382789421316,0.0,0.0,0.0,0.0,0.0
2024-03-05 05:00:00,85.91551971435547,86.04844794548417,83.36995895717057,85.22191083370436,520639000,79.23946838378906,75.25270538330078,63.59105033874512,48.95402919769287,79.91405854105952,75.51968816743425,66.52528638453407,78.89381710168703,5.660282327634931,5.061852236947587,0.5984300906873443,18.318744239626493,75.25270538330078,86.2996395093564,64.20577125724516,3.5451269133389576,66.83993297456911,0.0,0.0,0.0,0.0,0.0
2024-03-06 05:00:00,88.64997100830078,89.67339555623481,86.98091470216241,87.97235961581464,582520000,81.36138763427735,76.27613792419433,64.38484832763672,49.23902915000915,81.50240626237611,76.77019129513583,67.39292107566217,81.18420988837926,6.015336292152071,5.252549047988484,0.7627872441635866,22.160175934605284,76.27613792419433,88.31291519787008,64.23936065051858,3.6495042432213216,66.37562868822768,0.0,0.0,0.0,0.0,0.0
2024-03-07 05:00:00,92.61672973632812,92.71467403344542,89.55145830366479,90.10714445366249,608119000,82.7740577697754,77.40416564941407,65.26117958068848,49.545931062698365,83.5231923485492,78.27938543239225,68.38209004274711,83.91168667450609,6.541398227930927,5.510318883976973,1.0310793439539534,33.43508852613839,77.40416564941407,91.10070464978887,63.70762664903927,3.8274091074964005,67.11949035292764,0.0,0.0,0.0,0.0,0.0
2024-03-08 05:00:00,87.4786376953125,97.34507194141518,86.45721088913098,95.08434657912662,1142269000,83.64503631591796,78.29817504882813,66.02577445983887,49.827582101821896,84.24236422977889,79.15550469552751,69.13097426441634,69.79821931393587,6.46913287829851,5.702081682841281,0.7670511954572286,29.73102140720254,78.29817504882813,92.18234124673218,64.41400885092408,4.469410646431103,71.30544936295775,0.0,0.0,0.0,0.0,0.0
2024-03-11 04:00:00,85.72562408447266,88.74691405918401,84.11852931570184,86.3802534333582,678364000,84.31322937011718,78.98000869750976,66.75255081176758,50.102905941009524,84.5120478397232,79.78123035161752,69.78174484559503,65.73583022986105,6.198950873268245,5.801455520926674,0.3974953523415712,9.218490364114151,78.98000869750976,92.91952037118776,65.04049702383176,4.451723096840701,71.63018490505861,0.0,0.0,0.0,0.0,0.0
2024-03-12 04:00:00,91.86117553710938,91.90814610744329,86.10142460009949,87.99935589547788,668075000,85.63405532836914,79.9628734588623,67.59993934631348,50.40965686798096,85.84825287561159,80.93170132166438,70.64760487271325,71.90025491984376,6.4060722003264345,5.922378856806626,0.48369334351980875,16.621193443758564,79.9628734588623,94.64304635704165,65.28270056068295,4.6646140169753965,74.82696433863045,0.0,0.0,0.0,0.0,0.0
2024-03-13 04:00:00,90.83673095703125,91.45238079004136,88.38511175577527,91.00363657004534,635713000,86.95617218017578,80.9005126953125,68.42683898925782,50.674108486175534,86.75524889041517,81.87503747741361,71.43933530739238,69.64718104808989,6.413620997755245,6.02062728499635,0.39299371275889516,14.919643662922777,80.9005126953125,95.85476185979779,65.94626353082721,4.120316986051312,75.15060211280212,0.0,0.0,0.0,0.0,0.0
2024-03-14 04:00:00,87.89440155029297,90.5948811522506,86.55115777095088,89.52648380331242,602318000,87.8392448425293,81.60248908996581,69.2219556427002,50.919022750854495,86.9623675558475,82.44831024625927,72.08463202280025,63.493153897718464,6.111729863604907,6.038847800718062,0.07288206288684496,11.749704996364896,81.60248908996581,96.48206522312641,66.72291295680522,4.082068604374265,76.65583006215859,0.0,0.0,0.0,0.0,0.0
2024-03-15 04:00:00,87.78746795654297,89.4955039098344,86.20836469105882,86.8809817189237,642086000,88.39511795043946,82.361181640625,70.02690620422364,51.15758249282837,87.1123858105194,82.95680145676249,72.70042951039801,63.27433189595549,5.797025812406147,5.99048340305568,-0.19345759064953238,13.105497400185806,82.361181640625,96.85328719699379,67.86907608425622,4.1640286382262675,76.13645924218156,0.0,0.0,0.0,0.0,0.0
2024-03-18 04:00:00,88.40511322021484,92.3528823706334,87.03588315502401,90.33702166642148,668976000,88.71713714599609,83.15300559997559,70.83563491821289,51.410605373382566,87.34742715773675,83.47568829137701,73.3162994598026,64.04511402772036,5.533670684353538,5.899120859315252,-0.3654501749617136,11.81508233978581,83.15300559997559,97.11306707671815,69.19294412323302,4.378343963076952,76.03570391369057,0.0,0.0,0.0,0.0,0.0
2024-03-19 04:00:00,89.34757995605469,90.49292967987033,84.9620544077868,86.65109602123033,672171000,89.06034317016602,84.14990577697753,71.64124656677247,51.65866914749145,87.71109130288545,84.03491606896536,73.94497712632229,65.2438010581604,5.3394590765234256,5.787188502756887,-0.4477294262334617,8.657366449911086,84.14990577697753,96.75993069054613,71.53988086340894,4.64434260669072,73.26851969291653,0.0,0.0,0.0,0.0,0.0
2024-03-20 04:00:00,90.32102966308594,90.35901024319512,88.17323967680368,89.74634940187569,479063000,89.22744903564453,85.29441833496094,72.40324554443359,51.9138131904602,88.18562555019463,84.6335935541197,74.58717526501891,66.48659359064229,5.204104556117457,5.670571713429001,-0.466467157311544,6.029363321803016,85.29441833496094,95.42686577500002,75.16197089492185,4.634356609616826,71.57617726348408,0.0,0.0,0.0,0.0,0.0
2024-03-21 04:00:00,91.38341522216797,92.59573598079588,90.35399750860053,92.24793272927035,480372000,89.10411758422852,85.93908767700195,73.16876312255859,52.17504852294922,88.76704185418978,85.27643371298144,75.24585134176985,67.83822923496984,5.12350023793563,5.561157418330327,-0.43765718039469714,6.364269838548009,85.93908767700195,95.88769267928845,75.99048267471545,4.569260429231074,45.291852885625715,0.0,0.0,0.0,0.0,0.0
2024-03-22 04:00:00,94.23580932617188,94.72453187599703,90.78275659770236,91.0895826139038,586719000,89.77983474731445,86.71243553161621,73.96714340209961,52.453128490447995,89.76136321273198,86.12970758090434,75.99055557645228,71.19707257122357,5.22950264950363,5.494826464564989,-0.26532381506135927,6.301004111268194,86.71243553161621,96.71866514714856,76.70620591608386,4.464195607882401,45.989096150690244,0.0,0.0,0.0,0.0,0.0
2024-03-25 04:00:00,94.94841003417969,96.71141493346599,93.45725487677139,93.88801151365493,552136000,90.70211334228516,87.50767135620117,74.77034149169921,52.74064193725586,90.70446263481338,86.96958400502581,76.73400084930434,71.98425144395887,5.309803140692821,5.457821799790556,-0.14801865909773415,2.51755844164403,87.50767135620117,97.47567986543737,77.53966284696497,4.505314969909615,45.9423635426338,0.0,0.0,0.0,0.0,0.0
2024-03-26 04:00:00,92.50879669189453,96.32064875325118,92.44983185631351,95.79694219210086,513648000,90.76687545776367,88.20046539306641,75.52698593139648,53.010786323547364,91.0325233724645,87.49712807044187,77.3526202941118,65.3949352629412,5.117593023685046,5.389776044569453,-0.27218302088440716,5.750156985871269,88.20046539306641,97.47942812594948,78.92150266018334,4.513382188128068,47.38173706722571,0.0,0.0,0.0,0.0,0.0
2024-03-27 04:00:00,90.19910430908203,93.1874159899472,89.07274096879794,93.05948982143728,586067000,90.70311279296875,88.82964248657227,76.2040168762207,53.26808322906494,90.88099263366769,87.75445914078855,77.85640398097338,59.81263003271655,4.724431938241665,5.256707223303896,-0.532275285062231,5.218369970921732,88.82964248657227,96.68368027226435,80.97560470088018,4.5169516164141115,48.27505157567375,0.0,0.0,0.0,0.0,0.0
2024-03-28 04:00:00,90.30503845214844,91.24850624285476,89.14269241707345,89.9492364441801,435212000,90.9441764831543,89.3917106628418,76.88974235534668,53.522352600097655,90.77627369157328,87.99737145615616,78.34458572494103,59.981362347334155,4.3710106554951125,5.079567909742139,-0.7085572542470269,-1.6940095484977769,89.3917106628418,95.77412611866579,83.00929520701781,3.889662528806762,48.16081987320315,0.0,0.0,0.0,0.0,0.0
2024-04-01 04:00:00,90.3120346069336,92.1729839586744,89.15369169415271,90.24807533872301,452441000,91.19663314819336,89.7958755493164,77.55454071044922,53.768962955474855,90.69186658527516,88.21781556575401,78.81389744580348,59.99330908823529,4.044859649673768,4.872626257728466,-0.8277666080546977,-0.577625751796218,89.7958755493164,95.22026775089462,84.37148334773819,3.774727351738155,46.60061185127111,0.0,0.0,0.0,0.0,0.0
2024-04-02 04:00:00,89.40154266357422,90.04317879660557,87.57057538202243,88.39810360146309,433064000,91.2962760925293,90.0067066192627,78.15347846984864,54.00115358352661,90.45726223587498,88.33055147983212,79.22909921904939,57.58401151964026,3.6706011322560244,4.632221232633977,-0.961620100377953,1.7147179873781448,90.0067066192627,94.98602701892757,85.02738621959783,3.528937151876765,45.40892446371865,0.0,0.0,0.0,0.0,0.0
2024-04-03 04:00:00,88.91382598876953,90.32303448482294,88.35014869042175,88.43410095294554,370067000,91.25290069580078,90.1566219329834,78.73940383911133,54.232624282836916,90.17663746367398,88.38610143306427,79.60889242570508,56.28018643339877,3.296642261277583,4.365105438362699,-1.0684631770851158,1.2830510532370498,90.1566219329834,94.78552054150398,85.52772332446281,3.421567295667271,45.445499510139236,0.0,0.0,0.0,0.0,0.0
2024-04-04 04:00:00,85.85653686523438,90.58287298050408,85.83154944356146,90.35499714995936,434965000,90.80645141601562,90.01695022583007,79.25980606079102,54.44861373901367,89.39116462759405,88.14519052184238,79.85389809000036,48.81822512329942,2.7221996572229585,4.036524282134751,-1.3143246249117926,-2.882838177733038,90.01695022583007,94.99283749234955,85.0410629593106,3.454835177871718,45.77783635275351,0.0,0.0,0.0,0.0,0.0
2024-04-05 04:00:00,87.9583740234375,88.43110686367916,85.87754736667624,86.81701209960936,399678000,90.46394729614258,89.78403244018554,79.79248329162597,54.66953670501709,89.13065724502013,88.12739847437524,80.17172067562534,53.393250603669635,2.408783491085572,3.7109761239249153,-1.3021926328393434,-1.5548333075170784,89.78403244018554,94.68303933210784,84.88502554826324,3.403937376419518,43.59267291212085,0.0,0.0,0.0,0.0,0.0
2024-04-08 04:00:00,87.08384704589844,88.77988827828314,86.68307229452097,88.64995673788222,283220000,89.74875106811524,89.76429290771485,80.3025730895996,54.88989906311035,88.7585099360889,88.02801262404412,80.44278445485173,51.3370389352126,2.0660161548370866,3.38198413010735,-1.3159679752702633,-3.584085156317185,89.76429290771485,94.70541229409567,84.82317352133403,3.1739242884304315,38.96554278049661,0.0,0.0,0.0,0.0,0.0
2024-04-09 04:00:00,85.30584716796875,87.58556628736338,82.97516956737525,87.39267436773328,501700000,88.78449478149415,89.74330406188965,80.78881576538086,55.10147132873535,88.13075306915795,87.76875877108458,80.6334927965426,47.34496601379337,1.6320871557780805,3.0320047352414963,-1.3999175794634158,-6.6506247763050474,89.74330406188965,94.75965040836796,84.72695771541133,3.108175820423617,38.99160381969719,0.0,0.0,0.0,0.0,0.0
2024-04-10 04:00:00,86.98990631103516,87.35070274664696,83.66178279831279,83.87866326448999,431929000,88.2326057434082,89.49974060058594,81.28007698059082,55.325540714263916,87.9233263858629,87.69458234631796,80.88276391475799,51.214582894413596,1.4078559097425227,2.707174970141702,-1.299319060399179,-7.689118464571121,89.49974060058594,94.55599419739455,84.44348700377732,3.2155436334195264,29.585653269056976,0.0,0.0,0.0,0.0,0.0
2024-04-11 04:00:00,90.56488037109375,90.6878120841834,86.8769671038577,87.37068410490238,431637000,88.26918334960938,89.48614807128907,81.8366616821289,55.57536376953125,88.40360892863214,87.96794406296327,81.26245475618292,58.23192667016707,1.5013153324858024,2.466003042610522,-0.9646877101247195,-4.61674888658793,89.48614807128907,94.52871135947214,84.44358478310599,3.3252678236063673,33.16815592461844,0.0,0.0,0.0,0.0,0.0
2024-04-12 04:00:00,88.13626098632812,90.1241452492344,87.48063273280795,89.64840815742117,426805000,88.05230560302735,89.49824104309081,82.36959854125976,55.80682863235474,88.35500021184959,87.98397424614086,81.53201578481607,52.68744312197403,1.3636935010072335,2.2455411342898643,-0.8818476332826308,-4.726616129414552,89.49824104309081,94.52586944294877,84.47061264323285,3.2640158493200198,32.49700878680633,0.0,0.0,0.0,0.0,0.0
2024-04-15 04:00:00,85.95248413085938,90.56188189803133,85.88052615088108,89.04773715751944,443077000,87.61635055541993,89.40649185180663,82.82887832641602,56.03116664886475,87.918179106215,87.79049899706644,81.7053674846609,48.239715693963205,1.0661250405691618,2.009657915545724,-0.9435328749765621,-4.708051383382827,89.40649185180663,94.628777377845,84.18420632576827,3.36595839863828,33.700201269139804,0.0,0.0,0.0,0.0,0.0
2024-04-16 04:00:00,87.3656997680664,88.06829858635284,86.01546379198004,86.38425134878223,370453000,87.41276626586914,89.35452117919922,83.25380065917969,56.26404457092285,87.8177283174607,87.75004192763787,81.92734129969642,51.11569242504741,0.9335729353243067,1.7944409195014406,-0.8608679841771338,-3.254899986161408,89.35452117919922,94.63908296848106,84.06995938991739,3.2406010813922657,34.15416041969507,0.0,0.0,0.0,0.0,0.0
2024-04-17 04:00:00,83.98760223388672,88.72492641813315,83.90264346955806,88.29016660250515,495400000,86.92014389038086,89.08652229309082,83.54775970458985,56.472637786865235,87.12134175681089,87.39171433775681,82.00813584613526,44.71933807491973,0.5496046970318105,1.5454736750075146,-0.9958689779757042,-7.002867780105715,89.08652229309082,94.89067001008681,83.28237457609484,3.2911445047798256,36.45174718348906,0.0,0.0,0.0,0.0,0.0
2024-04-18 04:00:00,84.62322998046875,86.14137784678024,82.3555128561398,84.92206489691038,447260000,86.7968132019043,88.80163230895997,83.87659790039062,56.68385461807251,86.66713961565777,87.12804916087224,82.1106885572856,46.08641153397388,0.2932169266208007,1.295022325330172,-1.0018053987093714,-5.3447765449492035,88.80163230895997,94.90240611119275,82.70085850672719,3.411148159412621,36.30433687833186,0.0,0.0,0.0,0.0,0.0
2024-04-19 04:00:00,76.15702056884766,84.27643922651326,75.56336143765269,83.10310538210794,875198000,85.6166778564453,88.04031257629394,83.9986148071289,56.853219966888425,84.75620887987411,86.08318929496514,81.87721138126842,34.0190639975351,-0.5863653186638373,0.9187447965313702,-1.5051101151952075,-14.347381049076835,88.04031257629394,96.2278614418627,79.85276371072518,3.8426178935765054,49.5498372118652,0.0,0.0,0.0,0.0,0.0
2024-04-22 04:00:00,79.47314453125,80.02783178093904,76.35690706369323,78.0599406532052,596341000,84.85560760498046,87.30217933654785,84.19610870361328,57.04023509979248,83.79565172557881,85.45366122223035,81.78293424989515,40.58179887698876,-1.004280376303015,0.5341397619644932,-1.5384201382675082,-7.434952034000785,87.30217933654785,95.79410947193949,78.81024920115621,3.9232858926608065,51.03468472889874,0.0,0.0,0.0,0.0,0.0
2024-04-23 04:00:00,82.37651062011719,82.72231614993429,80.21873169463018,80.7234441336971,438559000,84.56267395019532,86.67358436584473,84.40185989379883,57.23976865768432,83.53762607004033,85.16059926012434,81.80621175460973,45.676405042167104,-1.0886543616514075,0.20958093724131308,-1.2982352988927206,-6.346028408657212,86.67358436584473,94.62648391578735,78.72068481590212,4.014449165823884,53.19506477550894,0.0,0.0,0.0,0.0,0.0
2024-04-24 04:00:00,79.63206481933594,84.03457921776213,79.13834013698539,83.90264988256477,512208000,83.82688980102539,86.0297477722168,84.55042358398437,57.42719371795654,82.82752402445772,84.63407217052544,81.72095109048135,42.00968242286273,-1.3612831677655635,-0.10459188376006223,-1.2566912840055013,-8.5570200207565,86.0297477722168,94.07794059836246,77.98155494607113,4.02480027609775,53.62630708207745,0.0,0.0,0.0,0.0,0.0
2024-04-25 04:00:00,82.58539581298828,83.27600032547527,78.17887846781115,78.82351130528671,424641000,83.02894134521485,85.64906234741211,84.76045257568359,57.62826131820679,82.78350071328146,84.4389601364743,81.75485088352083,46.94541074543817,-1.3237746811218756,-0.34842844323242494,-0.9753462378894506,-3.1890561377625692,85.64906234741211,93.58638637648376,77.71173831834047,4.204982551756274,55.351163159297556,0.0,0.0,0.0,0.0,0.0
2024-04-26 04:00:00,87.68553161621094,88.28119623524096,83.33998364388893,83.77074038243197,551011000,82.98386840820312,85.51808700561523,85.03706573486328,57.84735046386719,83.67477905926863,84.74815742025874,81.98742659852829,54.195714087679015,-0.8724534986668004,-0.45323345431930007,-0.4192200443475004,0.7996620926209008,85.51808700561523,93.21472042301178,77.82145358821867,4.46205286879131,60.052086485124455,0.0,0.0,0.0,0.0,0.0
2024-04-29 04:00:00,87.70751190185547,87.94237235498613,85.21791179771557,87.54560070216142,388971000,83.15937118530273,85.38786087036132,85.3389436340332,58.05618257522583,84.40800321246624,85.03000070422033,82.21174366924701,54.224747644466454,-0.5071583785304483,-0.46401843916152974,-0.04313993936891858,-3.1550513372623934,85.38786087036132,92.82678777605929,77.94893396466335,4.327343142882912,60.05244554149138,0.0,0.0,0.0,0.0,0.0
2024-04-30 04:00:00,86.35327911376953,88.76891600613489,86.25133925368692,87.19080401105087,363709000,83.05812911987304,85.23544769287109,85.61463653564454,58.26078151702881,84.76168973997592,85.15602721941549,82.37415682393417,52.0362562389457,-0.32320888142157855,-0.43585652761353955,0.11264764619196099,-2.0229833358090477,85.23544769287109,92.44963772259487,78.02125766314731,4.243675771748182,60.192609372112656,0.0,0.0,0.0,0.0,0.0
2024-05-01 04:00:00,82.99414825439453,85.9514784070707,81.20915281271795,85.02900264492887,559863000,82.95878372192382,84.93946380615235,85.8863279724121,58.44362871170044,84.4403185607793,84.95013398465159,82.39847021336399,46.972116123820676,-0.4433704678371697,-0.4373593156582656,-0.006011152178904133,-3.4418270819967067,84.93946380615235,92.00237481388284,77.87655279842186,4.338910151800031,61.670682815043286,0.0,0.0,0.0,0.0,0.0
2024-05-02 04:00:00,85.76859283447266,86.18835408667036,83.15306466582874,84.4013606664833,377898000,83.07332000732421,84.93506660461426,86.2530842590332,58.63518716812134,84.68182297417809,85.02808244653932,82.53063188478002,51.19668868987207,-0.31113829162849527,-0.4121151108523115,0.10097681922381624,-1.8280708994876216,84.93506660461426,91.99568275160738,77.87445045762115,4.346764308513604,61.748997267188166,0.0,0.0,0.0,0.0,0.0
2024-05-03 04:00:00,88.7389144897461,89.23063371341577,86.9909005732954,87.73947860212795,398341000,84.33150939941406,84.97409362792969,86.45806198120117,58.84368061065674,85.41947597700863,85.38149502208282,82.77409394771986,55.30228211052334,0.03295688777765804,-0.3231007111263176,0.35605759890397565,5.65715906810631,84.97409362792969,92.11326408830108,77.8349231675583,4.259670389355952,62.369939556304786,0.0,0.0,0.0,0.0,0.0
2024-05-06 04:00:00,92.08802795410156,92.16798466023728,89.00476895897276,89.3395790876885,376203000,85.59299774169922,85.22430267333985,86.72444549560547,59.07669855117798,86.6319399728437,86.02021244417985,83.13934626169562,59.444971940008706,0.5693372974287314,-0.1446131094153078,0.7139504068440392,8.821216083758209,85.22430267333985,92.99742433008272,77.45118101659698,4.353474368998646,63.52727794057397,0.0,0.0,0.0,0.0,0.0
2024-05-07 04:00:00,90.5029296875,91.72923505394095,88.96080064953647,91.04662159823116,437342000,86.4056396484375,85.48415679931641,86.95363021850586,59.307841281890866,87.33575628459938,86.44713789592463,83.42811423917814,56.76347647316101,0.856643599421588,0.055638232352071354,0.8010053670695166,18.837277261501217,85.48415679931641,93.60830555400251,77.3600080446303,4.232398965855075,63.376799374689064,0.0,0.0,0.0,0.0,0.0
2024-05-08 04:00:00,90.36101531982422,91.14257199813075,89.36957035953105,89.43253836914545,325721000,87.47853469848633,85.65271224975587,87.18779220581055,59.536760597229005,87.88580338191298,86.8198881267722,83.69999271292897,56.517665641975476,1.060658004992618,0.2566421868801807,0.8040158181124373,13.700062898974563,85.65271224975587,94.04389515782042,77.26152934169131,4.088623012137878,63.113713430755034,0.0,0.0,0.0,0.0,0.0
2024-05-09 04:00:00,88.69694519042969,91.0206307579062,88.18123739175036,90.47793776117966,378013000,88.08968963623047,85.55931549072265,87.40941986083985,59.752028732299806,88.0332837107342,86.99865546616815,83.89595163361528,53.58728699224053,1.075664745417157,0.420446698587576,0.6552180468295811,7.672617500708978,85.55931549072265,93.75970398969233,77.35892699175298,3.6443033566621486,61.829847050387244,0.0,0.0,0.0,0.0,0.0
2024-05-10 04:00:00,89.82730102539062,91.3494445724532,89.17666725781999,90.25406212026445,335325000,88.30386657714844,85.64386749267578,87.6246923828125,59.97408275604248,88.35946867703535,87.2680502813322,84.12855357054765,55.28333134881054,1.1653347112689545,0.5694243011238517,0.5959104101451028,12.802928354532783,85.64386749267578,93.98971217450512,77.29802281084645,3.5572810830858717,61.17152380146968,0.0,0.0,0.0,0.0,0.0
2024-05-13 04:00:00,90.3480224609375,90.94668368485891,88.47907428372562,90.4269726636133,289680000,88.56791763305664,85.86364440917968,87.78707809448242,60.196502113342284,88.7210239104721,87.56138096510412,84.37245431134727,56.079567366305156,1.263847822264637,0.7083090053520088,0.5555388169126282,9.399514976627854,85.86364440917968,94.47110907995165,77.25617973840772,3.5014552104036576,60.37591720220522,0.0,0.0,0.0,0.0,0.0
2024-05-14 04:00:00,91.30448150634766,91.5993133075769,88.88384272491611,89.5484686052902,296507000,89.06303787231445,86.06058349609376,87.90946929931641,60.41945709228516,89.19074347335855,87.91786673093684,84.64429851507278,57.57391267703242,1.4029263621684436,0.8472324767152959,0.5556938854531477,4.12719159413486,86.06058349609376,94.9870782547907,77.13408873739681,3.3456860319668045,60.24118652681979,0.0,0.0,0.0,0.0,0.0
2024-05-15 04:00:00,94.57662963867188,94.80850105677926,91.54734077306348,92.41984953324487,417735000,90.22128601074219,86.59003486633301,88.08269149780273,60.658877754211424,90.16999550341552,88.55203462691159,85.03380169639038,62.29976043159499,1.7569293272110542,1.0291718468144477,0.7277574803966065,7.831846540696463,86.59003486633301,96.22670148521013,76.9533682474559,3.231893010021625,59.21845964998934,0.0,0.0,0.0,0.0,0.0
2024-05-16 04:00:00,94.3057861328125,95.7649618311796,94.04992617640089,94.85647788998737,323952000,91.07500534057617,87.0741626739502,88.19580780029297,60.89805330276489,90.92195743603315,89.10001096080693,85.39740892919124,61.68725164878646,1.9926543412105104,1.2218683456936603,0.7707859955168501,9.20927045348865,87.0741626739502,97.25243967839262,76.89588566950778,2.947552669487771,59.312247692639765,0.0,0.0,0.0,0.0,0.0
2024-05-17 04:00:00,92.42683410644531,94.68656039026546,91.75421718471637,94.31577507944353,359691000,91.4437973022461,87.88765335083008,88.1920098876953,61.13901538848877,91.19557137610809,89.41685126039152,85.67307266163259,57.4662026618158,2.004742958722545,1.3784432682994372,0.626299690423108,11.365483049645398,87.88765335083008,96.92930016513925,78.8460065365209,2.9624014300790944,45.50446057961442,0.0,0.0,0.0,0.0,0.0
2024-05-20 04:00:00,94.72655487060547,95.1463162138061,93.38731412084368,93.6971368800976,318764000,91.70764999389648,88.65032386779785,88.33696823120117,61.39024700164795,91.83756837510761,89.92253731850714,86.02811117963154,60.98504775352302,2.1748215324473534,1.5377189211290205,0.6371026113183329,10.444338352875926,88.65032386779785,97.26673819429942,80.03390954129628,2.976823241144296,44.14812668684697,0.0,0.0,0.0,0.0,0.0
2024-05-21 04:00:00,95.33219909667969,95.3461911389766,93.12744211033531,93.54620449229954,328946000,92.19057693481446,89.29810829162598,88.52909973144531,61.6436824798584,92.4729557790298,90.43774320214261,86.39297737245695,61.8794890899507,2.3316031847966627,1.6964957738625492,0.6351074109341135,7.42998113606117,89.29810829162598,97.87649681629364,80.71971976695832,2.7678677216864176,42.95167216384994,0.0,0.0,0.0,0.0,0.0
2024-05-22 04:00:00,94.89643096923828,95.9658270244308,93.19639418632428,95.40514650125125,548648000,92.64411849975586,90.06132659912109,88.5898048400879,61.891256961822506,92.91358763179497,90.8623801323422,86.72644614095819,60.79944139165261,2.3931047064163806,1.8358175603733158,0.5572871460430648,3.049693947769705,90.06132659912109,97.68131883115568,82.4413343670865,2.737526793531466,40.4524904477625,0.0,0.0,0.0,0.0,0.0
2024-05-23 04:00:00,103.74046325683594,106.26003756449907,101.46274160839002,101.9704583406549,835065000,94.14847030639649,91.11907997131348,88.84787948608398,62.18681369781494,94.8821104727115,92.08886423943684,87.39366249844359,71.62430195699756,3.119524659899241,2.092558980278501,1.0269656796207403,14.626635419476663,91.11907997131348,100.11800075258358,82.12015919004338,3.3019243446970146,49.492045582313594,0.0,0.0,0.0,0.0,0.0
2024-05-24 04:00:00,106.40894317626953,106.41493649766242,102.94189825157174,104.39007837740144,429494000,95.80663452148437,92.05525054931641,89.21817031860351,62.50625463485718,96.97789823699478,93.45268128103996,88.13935977992696,73.96075346368374,3.8659771565155694,2.447242615525915,1.4187345409896546,17.759791431786365,92.05525054931641,103.19191439662782,80.918586702005,3.30506492152555,46.2243476502116,0.0,0.0,0.0,0.0,0.0
2024-05-28 04:00:00,113.83675384521484,114.87417036274923,109.82102250000426,110.18181893492428,652728000,98.1555076599121,93.36171264648438,89.73915603637695,62.8636639213562,100.0431447112166,95.3940215252471,89.14710072366374,79.11558143057663,4.999279796612143,2.9576500517431605,2.0416297448689824,28.34348871971941,93.36171264648438,107.94731678267541,78.77610851029334,3.686350627376593,50.6382274593236,0.0,0.0,0.0,0.0,0.0
2024-05-29 04:00:00,114.76022338867188,115.42684694644582,110.83844096973402,112.98623077828327,557442000,100.50108184814454,94.7820598602295,90.2662582397461,63.233349609375,102.71897719802664,97.23842170271612,90.15153690660524,79.65483546609505,5.903890207030685,3.5468980828006655,2.356992124230019,27.756508409657886,94.7820598602295,111.82037380778291,77.74374591267608,3.8874509372417427,49.52506935922717,0.0,0.0,0.0,0.0,0.0
2024-05-30 04:00:00,110.43766784667969,115.75366768594493,109.60114200461162,114.58532839037406,484553000,102.08718566894531,96.15423583984375,90.6880599975586,63.56694385528564,104.12237549778173,98.49549276404598,90.94707145327483,70.4810969187166,6.200530511478547,4.077624568536242,2.122905942942305,22.235844060038023,96.15423583984375,113.61053036646649,78.69794131322101,4.124103245468705,49.34934134188123,0.0,0.0,0.0,0.0,0.0
2024-05-31 04:00:00,109.57115936279297,112.65341931534381,106.879677688503,112.45652422078095,613263000,103.61372299194336,97.34436416625977,91.07306259155274,63.89527130126953,105.11306347323831,99.55031815440283,91.67742784188339,68.77124684228957,6.293156506146403,4.520730956058275,1.772425550088128,20.006332170207198,97.34436416625977,115.06295200276548,79.62577632975405,4.347049120098513,49.46118196659534,0.0,0.0,0.0,0.0,0.0
2024-06-03 04:00:00,114.93512725830078,114.93512725830078,111.93981625134096,113.5569073631165,438392000,105.8645523071289,98.6541748046875,91.54409683227539,64.25268678665161,106.89889325234057,101.01553806905977,92.58949448566446,73.11868938409057,6.721904721483412,4.960965709143302,1.7609390123401099,21.525928442796214,98.6541748046875,117.52952096240223,79.77882864697277,4.553931869696693,50.550132649447576,0.0,0.0,0.0,0.0,0.0
2024-06-04 04:00:00,116.37132263183594,116.53423270815343,113.98067349692546,115.65073625073813,403324000,108.02902908325196,99.86833953857422,91.98680709838867,64.61799268722534,108.62115313952154,102.47799374170512,93.52211519727902,74.15609680075757,7.0957839545054355,5.387929358215729,1.7078545962897067,23.397860729296237,99.86833953857422,120.04452619183708,79.69215288531136,4.542366771737205,49.73112622092149,0.0,0.0,0.0,0.0,0.0
2024-06-05 04:00:00,122.3709487915039,122.37993877462908,117.40175277551737,118.30424338003813,528402000,110.73290405273437,101.46174049377441,92.53525787353516,65.01352151870728,111.12111598533652,104.372560889305,94.6534420048957,77.97928498904662,7.786448301325194,5.867633146837623,1.9188151544875716,32.39764184779155,101.46174049377441,123.47370327863769,79.44977770891114,4.721266528334458,50.31992178789753,0.0,0.0,0.0,0.0,0.0
2024-06-06 04:00:00,120.92975616455078,125.51616477932996,118.25326519915947,123.97803133753258,664696000,113.33623657226562,102.99017753601075,93.10367706298828,65.38351873397828,112.90450510883001,105.94943662980461,95.6838856974312,75.10506936040315,8.123865704788003,6.318879658427699,1.8049860463603036,27.66193843926694,102.99017753601075,125.98013433974712,80.00022073227437,5.117542523005298,50.91057366627911,0.0,0.0,0.0,0.0,0.0
2024-06-07 04:00:00,120.81981658935547,121.62336396697008,117.95543577009146,119.70244332667052,412386000,115.04417190551757,104.59632110595703,93.71609130859375,65.75945615768433,114.34365265074372,107.36566329261898,96.66960847750666,74.87833726792805,8.28687429461037,6.712478585664234,1.5743957089461365,26.735581193115987,104.59632110595703,127.86844870991646,81.3241935019976,5.1700843081002645,49.74559149867454,0.0,0.0,0.0,0.0,0.0
2024-06-10 04:00:00,121.7213134765625,123.03057221935303,116.94401053331076,120.30211616184846,313434100,116.57540893554688,106.19102172851562,94.34441680908203,66.13266670227051,115.68504552816532,108.73286807204217,97.6520282813912,75.53065758210151,8.392064544936602,7.048395777518708,1.3436687674178938,28.26753570534155,106.19102172851562,129.5727133665314,82.80933009049986,5.410589992291799,49.82709239232826,0.0,0.0,0.0,0.0,0.0
2024-06-11 04:00:00,120.85173797607422,122.81079255068147,118.68277788836801,121.71131653242202,222551200,117.27690734863282,107.71620750427246,94.95521087646485,66.50129459381104,116.62444415505783,109.88704615814046,98.5618208184376,73.5468286467461,8.309474649342008,7.300611551883369,1.0088630974586383,16.4943110740454,107.71620750427246,130.72308878792325,84.70932622062168,5.5469661089826685,50.37904258893615,0.0,0.0,0.0,0.0,0.0
2024-06-12 04:00:00,125.13966369628906,126.8188544177255,122.51093382538542,123.00069556163665,299595000,118.31485137939453,109.40796661376953,95.66997329711914,66.8970825958252,118.17266588982714,111.3396763998689,99.60408916658864,76.78483286887369,8.492129350994816,7.538915111705658,0.9532142392891574,17.602581099777993,109.40796661376953,132.30933353759193,86.50659968994714,5.775372080664439,50.85498122157757,0.0,0.0,0.0,0.0,0.0
2024-06-13 04:00:00,129.5475311279297,129.7374419918796,127.09871503024357,129.32763594350715,260704500,120.22583770751953,111.15651168823243,96.48264739990235,67.31082815170288,120.24082320584577,113.07375780254137,100.77834179252358,79.55526269770968,8.890083235999029,7.809148736564333,1.0809344994346963,13.80114659987315,111.15651168823243,134.6230845008431,87.68993887562175,5.292098630687991,50.824239520409364,0.0,0.0,0.0,0.0,0.0
2024-06-14 04:00:00,131.81643676757812,132.77596549255935,128.2581551805241,129.8973640661816,309320400,122.45036544799805,113.0320442199707,97.40184539794922,67.72618083953857,122.34548021706983,114.85877484683057,101.99552198762375,80.82381983966438,9.281554299652356,8.103629849181939,1.1779244504704174,14.862478370349619,113.0320442199707,136.82175139253783,89.24233704740357,5.366725206826888,50.31579282485842,0.0,0.0,0.0,0.0,0.0
2024-06-17 04:00:00,130.9168701171875,133.66554475885698,129.5175509456389,132.9259111616535,288504400,124.04853973388671,114.95654602050782,98.26101531982422,68.13463758468627,123.90391474436395,116.38811725353123,103.1296925025086,78.73782369176246,9.41072939678945,8.365049758703442,1.045679638086007,18.543675061066157,114.95654602050782,137.94158218199965,91.971509859016,5.0583513944510585,49.231960413674244,0.0,0.0,0.0,0.0,0.0
2024-06-18 04:00:00,135.51466369628906,136.26430225949593,130.6270208742377,131.07680096187468,294335100,125.96287384033204,116.99595146179199,99.22963165283203,68.5656286239624,126.01496000835033,118.20969310522246,104.39969137285294,81.38262677075235,9.771465733941554,8.646332953751065,1.125132780190489,23.677311150461122,116.99595146179199,139.65907538942537,94.33282753415862,5.13327106649009,49.554770384376404,0.0,0.0,0.0,0.0,0.0
2024-06-20 04:00:00,130.7169647216797,140.69215023640655,129.45757751387328,139.73262148324963,517768400,126.7974754333496,118.76518974304199,100.13785400390626,68.97685789108276,126.86986995622838,119.40086183059934,105.43174130810105,71.40187100987968,9.560015758135279,8.829069514627909,0.7309462435073701,13.731082776731451,118.76518974304199,139.77158270819643,97.75879677788755,5.496274426575801,53.01121457750565,0.0,0.0,0.0,0.0,0.0
2024-06-21 04:00:00,126.50900268554688,130.5670512631637,124.24010000634735,127.05874067811743,649445800,127.35540008544922,120.34581832885742,100.92823593139649,69.36685251235961,126.80425772519537,120.07782762630863,106.2583005778048,63.98939608437391,8.949725890924498,8.853200789887227,0.09652510103727074,8.711493368330547,120.34581832885742,138.3300620154051,102.36157464230973,5.546497504325195,55.318561701917254,0.0,0.0,0.0,0.0,0.0
2024-06-24 04:00:00,118.05307006835938,124.40000776140424,117.98310411428992,123.18059459700767,476060900,127.0787254333496,121.06144866943359,101.4779997253418,69.72197729110718,125.21313269667974,119.8849935731706,106.72084055782655,52.25069374876009,7.695040049534413,8.621568641816665,-0.9265285922822528,-3.52851617625467,121.06144866943359,137.3197789486436,104.80311839022357,5.772349695450134,54.493196945505275,0.0,0.0,0.0,0.0,0.0
2024-06-25 04:00:00,126.02923583984375,126.43904192857353,119.2625015362155,121.14159285282038,414192600,127.50951766967773,122.0424633026123,102.2358592224121,70.12107997894287,125.36151508634592,120.47015950332994,107.47803252967036,59.75108032596713,7.260606645036276,8.349376242460588,-1.088769597424312,4.216894035868268,122.0424633026123,136.8842137271517,107.20071287807293,6.188950598949148,58.287517319591316,0.0,0.0,0.0,0.0,0.0
2024-06-26 04:00:00,126.33908081054688,128.05824542053676,122.54090923743924,126.0692066714184,362975900,128.058251953125,122.6675796508789,103.04359115600586,70.52507457733154,125.5392543089279,121.02910438973154,108.21768148186159,60.01384152068315,6.862213614730166,8.051943716914504,-1.1897301021843383,4.568177950435381,122.6675796508789,137.1016784212677,108.2334808804901,6.153859173256604,53.712834180161764,0.0,0.0,0.0,0.0,0.0
2024-06-27 04:00:00,123.93025207519531,126.34909177016176,122.86076797014964,124.04019968068097,252571700,127.93731079101562,123.12608108520507,103.77488220214843,70.91899368286133,125.24670844824924,121.30540416929952,108.83386072081586,56.90360826066129,6.279723180590722,7.697499609649748,-1.4177764290590265,1.8147508727451855,123.12608108520507,137.07707668843557,109.17508548197456,5.884246617531007,54.417215637772756,0.0,0.0,0.0,0.0,0.0
2024-06-28 04:00:00,123.48046112060547,127.6484495693471,122.69084094404647,124.5199608102888,315516700,127.3306037902832,123.77822074890136,104.56473937988281,71.31220275878906,124.92557257049582,121.51255245037628,109.40823720708212,56.31670269109024,5.7159114744960675,7.3011819826190125,-1.585270508122945,2.1751637076594443,123.77822074890136,136.38663776966496,111.16980372813778,5.976366648132578,52.223862457492665,0.0,0.0,0.0,0.0,0.0
2024-07-01 04:00:00,124.2400894165039,124.77982242138177,118.77272478188227,123.41048765323478,284885500,126.57296905517578,124.51166725158691,105.35707656860352,71.70613710403443,124.80093926977001,121.77231787572175,109.98987847019671,57.12105736915579,5.2696371930463215,6.8948730247044745,-1.625235831658153,-0.718856238872756,124.51166725158691,135.20088176555245,113.82245273762138,5.970690644808094,51.96345037198642,0.0,0.0,0.0,0.0,0.0
2024-07-02 04:00:00,122.61088562011719,123.35053451744282,120.97167651778796,121.07162680437523,218374000,125.74237060546875,124.89545516967773,106.2861538696289,72.09144577026368,124.40274769710585,121.85218147042609,110.48481992705634,54.79082627788314,4.72997428002725,6.461893275769031,-1.7319189957417809,-5.354517718259322,124.89545516967773,134.6469861927103,115.14392414664516,5.909290518836843,49.917166943833614,0.0,0.0,0.0,0.0,0.0
2024-07-03 04:00:00,128.21817016601562,128.21817016601562,121.30150730962696,121.60136576540062,215749000,125.01272125244141,125.48779754638672,107.26105438232422,72.51319002151489,125.09646087327125,122.45846610810129,111.18024542662336,60.728806181509974,4.70056336573893,6.10962729376301,-1.4090639280240804,-2.7297556282051882,125.48779754638672,134.4679031223906,116.50769197038285,5.977115262746657,52.042325828496935,0.0,0.0,0.0,0.0,0.0
2024-07-05 04:00:00,125.76936340332031,128.78791231292527,125.61943416430904,127.31861187118912,214176700,124.51796112060546,125.65771827697753,108.12891143798828,72.92236042022705,125.21880678782563,122.7737896600269,111.75236770021932,57.19565825850335,4.428606544520392,5.773423143914487,-1.344816599394095,-3.931889533609767,125.65771827697753,134.5173010023198,116.79813555163524,5.875022395105636,49.71671794268066,0.0,0.0,0.0,0.0,0.0
2024-07-08 04:00:00,128.13821411132812,130.70698288369695,126.97877711018438,127.42855719345991,237677300,124.68088226318359,126.01814117431641,109.09903442382813,73.34560354232788,125.74960811937154,123.28468722681751,112.39494991241968,59.64172089937759,4.354034657942179,5.489545446720025,-1.1355107887778457,-5.4432851646909475,126.01814117431641,134.65148070464622,117.38480164398659,5.905008764272878,49.79245176551903,0.0,0.0,0.0,0.0,0.0
2024-07-09 04:00:00,131.3166961669922,133.7555228326683,128.58800070420872,130.28719371816868,285366600,126.00724487304687,126.54298515319825,110.0736604309082,73.79113960266113,126.76180594621165,124.0496404592151,113.13697917730488,62.720094401670494,4.499544886198066,5.291545334615634,-0.7920004484175678,0.4588015385680322,126.54298515319825,135.12180855239922,117.96416175399727,6.009959829138743,50.33330001692203,0.0,0.0,0.0,0.0,0.0
2024-07-10 04:00:00,134.84500122070312,135.03491211498738,132.35619546389498,133.965420342518,248978600,126.88882141113281,127.19916954040528,111.01684982299804,74.26042289733887,128.231477814301,125.07777005554729,113.98827415939893,65.8353697848662,4.84373199368946,5.201982666430399,-0.35825067274093936,6.589253221667057,127.19916954040528,136.22131067818145,118.1770284026291,5.872883726477097,50.944696379503526,0.0,0.0,0.0,0.0,0.0
2024-07-11 04:00:00,127.33860778808594,136.0843835595481,126.98877797734232,135.6845824191085,374782700,126.98877410888672,127.52351303100586,111.80947174072266,74.68921133041381,128.06913780953462,125.29308793483669,114.51181665464156,55.25618063606131,4.459394416686862,5.053465016481692,-0.5940705997948292,7.865562254628111,127.52351303100586,136.03692013467017,119.01010592734154,5.720100359310846,55.28418791063554,0.0,0.0,0.0,0.0,0.0
2024-07-12 04:00:00,129.17771911621094,131.85642018701742,127.15868837162228,128.19818043978003,252680500,127.51352081298828,127.72541580200195,112.66596054077148,75.12413743972779,128.27069804711212,125.66305280925329,115.08695008450702,57.076106073654586,4.254165658410628,4.893605144867479,-0.6394394864568511,2.4982165887034613,127.72541580200195,136.1921848120281,119.25864679197578,5.593019437886761,54.14737984074942,0.0,0.0,0.0,0.0,0.0
2024-07-15 04:00:00,128.3780975341797,131.3266726567918,127.11870268784229,130.49707086610906,208326200,128.0032844543457,127.66694412231445,113.57363952636719,75.55661935806275,128.29022522657894,125.92162849734152,115.60817155312165,56.0094051436791,3.9811058992753487,4.711105295749053,-0.7299993964737039,1.613923981836174,127.66694412231445,136.09680150282045,119.23708674180844,5.284595966293372,52.76973181380292,0.0,0.0,0.0,0.0,0.0
2024-07-16 04:00:00,126.29910278320312,128.97780386568002,124.51996185494663,128.3781021800115,214769500,128.2091857910156,127.39107742309571,114.3842497253418,75.97592325210572,127.92820296414696,125.95757842932834,116.02742375822288,53.22423741850719,3.5559557272336093,4.480075382045964,-0.9241196548123547,1.911438626438433,127.39107742309571,135.60758846925748,119.17456637693395,5.004015262759031,52.648505695125934,0.0,0.0,0.0,0.0,0.0
2024-07-17 04:00:00,117.9331283569336,121.79126850169425,116.66374383425097,121.29150949460832,390086200,127.74141006469726,126.74189033508301,114.96813400268555,76.35029441833495,126.11091667192633,125.19334508910026,116.10215727189781,43.78809890580883,2.5149659718035338,4.087053499997478,-1.5720875281939444,-4.49247817292624,126.74189033508301,135.7946039651979,117.68917670496815,5.298159746034362,57.435292003855544,0.0,0.0,0.0,0.0,0.0
2024-07-18 04:00:00,121.0316390991211,122.34101295266511,116.50382347473696,121.79127496540796,320979500,127.02275695800782,126.0177391052246,115.54700622558593,76.73810958862305,125.18741165868902,124.79699213767368,116.2954702847301,47.500550230054245,1.9178897728028659,3.6532207545585558,-1.73533098175569,-2.5824597619426792,126.0177391052246,134.40855778410435,117.62692042634487,5.465935865885506,56.70542493251898,0.0,0.0,0.0,0.0,0.0
2024-07-19 04:00:00,117.8731689453125,121.54139851435873,117.31344125378135,120.29200089882109,217223800,126.23313751220704,125.37554931640625,116.09441101074219,77.10372190475464,123.85754934716601,124.13758040506785,116.35734082043922,44.2895370377204,1.1762810032215754,3.15783280429116,-1.9815518010695845,-3.864026143227983,125.37554931640625,134.20648630170317,116.54461233110932,5.413817911262418,56.13750288791546,0.0,0.0,0.0,0.0,0.0
2024-07-22 04:00:00,123.48046112060547,124.01020446831424,119.80223438238662,120.29199609290939,258068900,125.76736221313476,125.22412223815918,116.75679992675781,77.5036912727356,123.78898785142772,124.07499761607143,116.63667887142613,50.66562334253058,1.0291489384365633,2.732096031120241,-1.7029470926836776,-3.6950371692840545,125.22412223815918,134.0770601116465,116.37118436467189,5.423099188655436,58.03791382245825,0.0,0.0,0.0,0.0,0.0
2024-07-23 04:00:00,122.53091430664062,124.62990831594026,122.04115259647224,122.72082517670732,173911000,124.8887840270996,125.44801445007325,117.43347930908203,77.89629468917846,123.56024720692098,123.92794206279231,116.86782535908159,49.62974829889736,0.8263990114831756,2.350956627192828,-1.5245576157096523,-2.574910939395114,125.44801445007325,133.74647014661497,117.14955875353152,5.374552247280583,52.625625514925204,0.0,0.0,0.0,0.0,0.0
2024-07-24 04:00:00,114.19493865966797,119.89218856658098,113.38533146913761,119.1125656978158,327776900,122.82377777099609,124.85629959106446,117.92083206176758,78.24398551940918,121.85746383469316,123.00098935773285,116.76300627283008,41.590540042835144,-0.00684641322722257,1.879396019108818,-1.8862424323360405,-10.881434198502294,124.85629959106446,134.55054215753768,115.16205702459123,5.5337608173601796,52.36171306887797,0.0,0.0,0.0,0.0,0.0
2024-07-25 04:00:00,112.22589111328125,116.57379332567128,106.24877714220031,112.98552700492492,460067000,121.31250610351563,124.15064010620117,118.35838943481446,78.57646488189697,120.10626879443645,121.97478952492793,116.58508018814189,39.94460101389866,-0.816671021322037,1.340182611022647,-2.156853632344684,-14.537987636723383,124.15064010620117,135.33113611207963,112.9701441003227,6.044942105564089,52.4866084838622,0.0,0.0,0.0,0.0,0.0
2024-07-26 04:00:00,113.0055160522461,116.14400233469152,111.52623350707361,116.13401264402222,293399100,119.69528579711914,123.60440330505371,118.79241012573242,78.91528564453125,118.81522284131093,121.12057300372014,116.44470512398911,40.94119450401733,-1.3796498955379093,0.7962161097105357,-2.175866005248445,-16.195991672477327,123.60440330505371,135.84724704409473,111.3615595660127,6.022095630367036,52.39903724867945,0.0,0.0,0.0,0.0,0.0
2024-07-29 04:00:00,111.53620910644531,116.22395093081532,111.24635559929368,113.63520299096253,248152100,118.0110969543457,123.0071907043457,119.1316017150879,79.24413667678833,117.49176579860809,120.20777644207492,116.25221508408544,39.607207184096865,-1.9222173750525258,0.25252941275792345,-2.174746787810449,-12.409746703009839,123.0071907043457,136.38790738824005,109.62647402045134,5.976401816808569,52.49392107092218,0.0,0.0,0.0,0.0,0.0
2024-07-30 04:00:00,103.68000030517578,111.93601308136988,102.49057150448816,111.46623842477169,486833300,115.74918670654297,121.9791862487793,119.31908599853516,79.5286702156067,114.98053570889311,118.633702524275,115.75918705353996,33.35010112557791,-2.9521063602429933,-0.38839774184225995,-2.5637086184007334,-19.738480432602223,121.9791862487793,137.88245560089095,106.07591689666766,6.385489361729036,57.248060782716756,0.0,0.0,0.0,0.0,0.0
2024-07-31 04:00:00,116.96359252929688,118.28295597890576,110.82655264429766,112.84558326649312,473174200,115.6522331237793,121.69682159423829,119.8098211669922,79.87892719268798,115.34109149442106,118.47464442951518,115.80641864082455,48.23970756459827,-2.6656974235222606,-0.8438576781782601,-1.8218397453440005,-8.891318086283206,121.69682159423829,137.75267100682305,105.64097218165352,6.778871511123623,74.92138928883595,0.0,0.0,0.0,0.0,0.0
2024-08-01 04:00:00,109.15736389160156,120.10209097077005,106.75851907796755,117.47335365334001,523462300,114.46480560302734,120.74378128051758,120.09843734741212,80.19756784439087,114.2167773848175,117.5872843782853,115.54567139575698,42.26429654003768,-3.0336437328190584,-1.2818148891064198,-1.7518288437126386,-13.572336235060956,120.74378128051758,137.42057399373462,104.06698856730053,7.3964315166527195,76.18065928346344,0.0,0.0,0.0,0.0,0.0
2024-08-02 04:00:00,107.21829986572266,108.66760564065457,101.32114936142939,103.70999693537759,482027500,113.39931869506836,119.8162281036377,120.33615936279297,80.50334539413453,112.94432692680024,116.59976204375553,115.21910780634387,40.90874861121064,-3.4420324873773325,-1.7138584087606024,-1.7281740786167301,-9.085511968088976,119.8162281036377,137.35729748295896,102.27515872431644,7.655591842454338,76.1538679008168,0.0,0.0,0.0,0.0,0.0
2024-08-05 04:00:00,100.4015884399414,103.36016867781126,90.6462974352404,92.0156323292122,552842400,111.09143142700195,118.42939682006836,120.44626251220703,80.78581687927246,110.66382902009863,115.05707884339229,114.63802861550455,36.47924993418525,-4.266552993006641,-2.22439732560981,-2.0421556673968313,-17.045171669768365,118.42939682006836,137.51772369161063,99.3410699485261,8.520889015293543,78.05905650234182,0.0,0.0,0.0,0.0,0.0
2024-08-06 04:00:00,104.19976806640625,107.65809998114993,100.50155392872522,103.78996196090817,409012100,109.25831680297851,117.07355041503907,120.45544860839844,81.09598316192627,109.48854521033638,114.02304924558409,114.22868506455951,40.35451346315827,-4.560934467465387,-2.6917047539809253,-1.8692297134844615,-11.600096104356073,117.07355041503907,136.15985588651426,97.98724494356388,8.350971343311855,78.9827250281702,0.0,0.0,0.0,0.0,0.0
2024-08-07 04:00:00,98.86233520507812,108.74756823143176,98.64244001125142,107.75803985921162,411440400,107.72505645751953,115.27441711425782,120.30451644897461,81.37993690490723,107.55650702756215,112.57917171791686,113.62608310928573,36.94363059957408,-5.165376882632003,-3.186439179711141,-1.9789377029208621,-19.93685939630757,115.27441711425782,134.08902399083374,96.45981023768189,8.655824110615582,78.96750731208724,0.0,0.0,0.0,0.0,0.0
2024-08-08 04:00:00,104.91940307617188,105.44914638290969,97.47298958555044,101.95083346973259,391910000,106.9944076538086,114.15345687866211,120.12616943359374,81.69774354934692,107.0770335818548,111.84966994251258,113.2846446766146,42.847350645829756,-5.096893282203695,-3.568530000209652,-1.528363281994043,-14.373116637646998,114.15345687866211,132.60966612472802,95.6972476325962,8.923552648957145,81.69411321293431,0.0,0.0,0.0,0.0,0.0
2024-08-09 04:00:00,104.69952392578125,106.54863093775165,103.3801603016259,105.58909444979487,290844200,106.1638084411621,112.92954711914062,119.92495544433594,82.00651630401612,106.64475909893233,111.16870365520484,112.94797327462113,42.69109332841652,-5.00269400289983,-3.8553628007476877,-1.147331202152142,-8.315092459732954,112.92954711914062,130.41150578481762,95.44758845346362,8.711512299894574,81.29074524343883,0.0,0.0,0.0,0.0,0.0
2024-08-12 04:00:00,108.96745300292969,111.01646802839923,106.20878871222484,106.26875735419573,325559900,105.90693283081055,111.95901489257812,119.89555114746094,82.33319114685058,107.06706708147729,110.95906073594054,112.79187444043716,46.750388751927304,-4.531418812072715,-3.9905740030126937,-0.5408448090600215,-2.9034637889954307,111.95901489257812,127.91877678269523,95.99925300246102,8.97781147011957,83.20925471532,0.0,0.0,0.0,0.0,0.0
2024-08-13 04:00:00,116.08403015136719,116.17399074467681,111.52623010948827,112.38581627538197,312646700,107.14733581542968,111.44826126098633,120.02580856323242,82.70486227035522,108.70651491236636,111.44715306121927,112.92097858596384,52.75914929254365,-3.542841852294927,-3.9010275728691406,0.3581857205742134,2.7242157787216392,111.44826126098633,126.07377424545481,96.82274827651784,8.83930824899415,86.94457452878123,0.0,0.0,0.0,0.0,0.0
2024-08-14 04:00:00,118.0230941772461,118.54284021234767,114.01502462748074,118.47287425328174,339246400,107.2532859802246,111.45275955200195,120.08756790161132,83.09348863601684,110.40043841507176,112.07343316750755,113.12106155032785,54.27321523933283,-2.5732583079283273,-3.635473719880978,1.0622154119526508,5.8159454429816515,111.45275955200195,126.08672339759262,96.81879570641128,8.425222491951006,83.84789837430873,0.0,0.0,0.0,0.0,0.0
2024-08-15 04:00:00,122.80079650878906,123.180610648127,117.41339446628129,118.70277375276062,318086700,108.61762924194336,111.54121742248535,120.21615737915039,83.50513416290283,112.65504897756581,113.09508681905817,113.50065899967927,57.85716909825166,-1.4031609483393481,-3.1890111655726523,1.7858502172333042,18.44212591370793,111.54121742248535,126.43800462968747,96.64443021528322,8.507325874395848,84.55682098625013,0.0,0.0,0.0,0.0,0.0
2024-08-16 04:00:00,124.51995849609375,124.93975424016854,121.12159565561768,121.88123149659879,302589900,110.34779510498046,111.87355690002441,120.25913757324219,83.92207277297973,114.8123052536618,114.18316983591869,113.93278839169552,59.09940413604639,-0.333286437442311,-2.6178662199465843,2.2845797825042733,6.460442778298003,111.87355690002441,127.63652414280656,96.11058965724226,8.424508963897935,83.9822090807495,0.0,0.0,0.0,0.0,0.0
2024-08-19 04:00:00,129.93736267089844,129.93736267089844,123.36053125322975,124.22011749326396,318333600,113.30137252807617,112.19640197753907,120.43928970336914,84.3680020904541,117.56231569315938,115.68356915353581,114.56041875558583,62.81872361872891,0.9408900672328571,-1.9061149625106963,2.8470050297435536,19.036735625030676,112.19640197753907,129.17771785161216,95.21508610346598,8.21960823823986,83.7148952001884,0.0,0.0,0.0,0.0,0.0
2024-08-20 04:00:00,127.18868255615234,129.81742012912812,125.82933728380516,128.33812230971984,300087400,115.60026397705079,112.42929039001464,120.56666702270508,84.7924683380127,119.31256421370354,116.7792942394993,115.05564478698061,59.845138516127946,1.7091861792096381,-1.1830547341666295,2.8922409133762677,18.625908744533405,112.42929039001464,130.12029770110902,94.73828307892025,7.469970360622954,84.09674230500175,0.0,0.0,0.0,0.0,0.0
2024-08-21 04:00:00,128.4380645751953,129.28766098618868,126.59895509298427,127.25863301570179,257883600,118.5578369140625,113.14144668579101,120.70100204467774,85.21728067398071,120.97174609761112,117.88965331908939,115.58044556298903,60.75450063310383,2.391315474394773,-0.4681806924543491,2.859496166849122,27.924335233027577,113.14144668579101,132.22373811165923,94.05915525992278,6.7089085035088045,79.78263226804982,0.0,0.0,0.0,0.0,0.0
2024-08-22 04:00:00,123.68035888671875,130.68698241163722,123.04066795762931,129.9573385201996,376189100,120.43393249511719,113.71417007446288,120.75757446289063,85.61081468582154,121.46422115017613,118.44114908743505,115.89808922274314,55.59158761837348,2.5189637222608354,0.12924819048868785,2.3897155317721475,18.695426277626236,113.71417007446288,133.3600131090714,94.06832703985438,6.695344212354215,80.8850509364889,0.0,0.0,0.0,0.0,0.0
2024-08-23 04:00:00,129.30764770507812,129.53754784197983,125.15965381933411,125.79934477343178,323230300,122.89474487304688,114.52927665710449,120.8409341430664,86.02875774383546,122.89029870561285,119.47605371768678,116.42395426126608,59.92901923412864,3.039167426500697,0.7112320376910898,2.3279353888096073,30.79566392685833,114.52927665710449,135.36786603677646,93.69068727743252,5.930000392695559,82.08814335113219,0.0,0.0,0.0,0.0,0.0
2024-08-26 04:00:00,126.39905548095703,131.19673768949764,124.31006635411407,129.50756494551362,331964700,124.63790512084961,115.27241897583008,120.77796463012696,86.43113855361939,123.52825448294814,120.13538721895063,116.81513470125397,56.83885858446884,3.180075593693175,1.2050007488915069,1.9750748448016682,20.47252631545269,115.27241897583008,136.71296257010738,93.83187538155279,5.903583235136634,82.47863986944137,0.0,0.0,0.0,0.0,0.0
2024-08-27 04:00:00,128.23817443847656,129.1377346219971,123.82029866993177,124.98974063480068,303134600,125.85331954956055,116.50032768249511,120.70639938354492,86.83962213516236,124.38460356577147,120.90708123985786,117.26309704389016,58.302926191013526,3.4009438968661243,1.6441893784864305,1.7567545183796938,22.482098896057302,116.50032768249511,137.95839827280702,95.0422570921832,5.561605215985563,77.16819549016253,0.0,0.0,0.0,0.0,0.0
2024-08-28 04:00:00,125.54946899414062,128.26815944285755,122.580899020736,128.05825393148814,448101100,126.60595703125,116.9296215057373,120.59905136108398,87.2327834892273,124.5963972800204,121.3492134069324,117.58805280664508,55.34708529144616,3.3207480431444623,1.979501111418037,1.3412469317264253,15.217402567687,116.9296215057373,138.76690613236522,95.09233687910937,5.398112617754299,64.45832596805266,0.0,0.0,0.0,0.0,0.0
2024-08-29 04:00:00,117.5333251953125,124.37003270157089,116.65375204642187,121.30151255769351,453023300,126.07920989990234,117.34841957092286,120.23942459106445,87.57894399642944,123.31220235552806,120.98579548201623,117.5859066258085,47.59898321722954,2.5806087886908387,2.0997226468725976,0.4808861418182411,1.2484878773208585,117.34841957092286,138.87718555453782,95.8196535873079,5.807201640010942,64.04219068179167,0.0,0.0,0.0,0.0,0.0
2024-08-30 04:00:00,119.3124771118164,121.69132742002542,117.16351169383461,119.47239604079388,333751600,125.5584617614746,117.95312843322753,120.01133483886719,87.93257625579834,122.58497958394412,120.82643182771149,117.65361527231863,49.295579908206705,2.1132456078720168,2.1024272390724814,0.01081836879953535,1.0924835885372852,117.95312843322753,138.95684551434002,96.94941135211504,5.6794067559804295,63.58991312251745,0.0,0.0,0.0,0.0,0.0
2024-09-03 04:00:00,107.94795989990234,116.15400297350318,107.2383029304614,115.95410239434622,477155100,123.359521484375,118.33044700622558,119.6401139831543,88.2242095375061,119.9237032777547,119.59991069172968,117.27300133614544,40.31628814338804,0.8164241289824048,1.8452266170544662,-1.0288024880720614,-12.095065366960933,118.33044700622558,138.24971077641317,98.41118323603799,6.0270950730952775,68.96131811451713,0.0,0.0,0.0,0.0,0.0
2024-09-04 04:00:00,106.1588134765625,113.21540862229497,104.06982436712501,105.3592035946603,372470300,121.25653457641602,118.4283992767334,119.40222885131836,88.51073440551758,117.42099604117429,118.3198061950471,116.83715083184808,39.108515976692225,-0.35163200510332615,1.4058548926229077,-1.757486897726234,-14.745543799797566,118.4283992767334,138.0724516026943,98.7843469507725,6.3569356924026375,68.17753651548847,0.0,0.0,0.0,0.0,0.0
2024-09-05 04:00:00,107.15833282470703,109.5971593888533,104.70951657024186,104.93940145906154,306850700,119.1285614013672,118.84319915771485,119.02481079101562,88.79929893493653,115.55505727454387,117.25680873120518,116.45758934137197,40.18655211160895,-1.1830347603885514,0.8880769620206159,-2.0711117224091673,-17.53077742841793,118.84319915771485,137.04507365187735,100.64132466355235,6.29410902360019,65.25550942145148,0.0,0.0,0.0,0.0,0.0
2024-09-06 04:00:00,102.78044128417969,108.09787692095124,100.90134249947533,107.98792932713482,413638100,117.03856964111328,118.73625106811524,118.55363800048828,89.0668833732605,113.23239982175039,115.8781070695837,115.9212305940311,37.08925185363381,-2.1701703210627556,0.2764275054039416,-2.4465978264666974,-19.190576379464186,118.73625106811524,137.3040525820374,100.16844955419307,6.53542158338055,63.592890984250374,0.0,0.0,0.0,0.0,0.0
2024-09-09 04:00:00,106.41868591308594,106.49864918568733,103.64002700878578,104.8294482794324,273912000,114.74967346191406,118.82220916748047,118.2034066772461,89.34710794448853,111.99354274744775,114.97720981658392,115.54858178301366,41.14872804000531,-2.628605501381216,-0.30457909595308985,-2.324026405428126,-17.14396642065399,118.82220916748047,137.13050684694855,100.5139114880124,6.331234189369047,64.82957912695869,0.0,0.0,0.0,0.0,0.0
2024-09-10 04:00:00,108.04788970947266,109.34726610485653,104.89940661736314,107.7580285866342,268283700,112.91455688476563,118.77623100280762,117.89475524902343,89.63780185699463,111.27615128599771,114.3172745682876,115.25443699581598,42.924800921101486,-2.827857769994395,-0.8092348307613509,-2.0186229392330444,-12.639411235509247,118.77623100280762,137.1930301961528,100.35943180946245,6.35550805368334,63.405146818607605,0.0,0.0,0.0,0.0,0.0
2024-09-11 04:00:00,116.8536605834961,117.13352442144715,107.36822866067497,109.33728046789619,441422400,111.77610549926757,118.81471252441406,117.74702667236328,89.97866039276123,112.29024388554286,114.55883514116461,115.31715164631323,51.45277698608293,-2.2492861412650456,-1.09724509286209,-1.1520410484029555,-9.63128426091765,118.81471252441406,137.21103111809273,100.41839393073538,6.860978758509609,65.8195700189978,0.0,0.0,0.0,0.0,0.0
2024-09-12 04:00:00,119.0927734375,120.7421209186122,115.33426173002456,116.79368208487448,366052700,111.13043594360352,118.86819648742676,117.67666442871094,90.33541116714477,113.52706744044416,114.99063878843464,115.46521524596761,53.36105033363226,-1.5917377014423977,-1.1961436145781517,-0.395594086864246,-5.780329620072022,118.86819648742676,137.26104407972073,100.4753488951328,6.701089096693876,65.90229628688152,0.0,0.0,0.0,0.0,0.0
2024-09-13 04:00:00,119.05278015136719,119.91243980632909,117.55337484057826,119.03279143615939,238358300,111.28238143920899,118.68079566955566,117.49335662841797,90.68963359832763,114.5317424787938,115.37750939442822,115.6059040657872,53.320735199263424,-1.0616153090057026,-1.1692379534636619,0.10762264445795933,-7.162761266159601,118.68079566955566,136.9810766509972,100.3805146881141,6.451223097443143,64.25410549684075,0.0,0.0,0.0,0.0,0.0
2024-09-16 04:00:00,116.73370361328125,118.13315013570288,114.31466480568342,116.74370178435876,248772300,111.02450408935547,118.29148292541504,117.3126434326172,91.03436420440674,114.9320990487006,115.50667074860469,115.65013149902227,50.91841288257003,-0.8191766306874655,-1.0992256889084226,0.28004905822095716,-7.021746449019872,118.29148292541504,136.39900044368937,100.18396540714072,6.297754812464587,64.33296742718048,0.0,0.0,0.0,0.0,0.0
2024-09-17 04:00:00,115.54417419433594,118.75290839853001,114.78448096424103,118.12315326201993,231925900,111.78412551879883,117.57182350158692,117.06076263427734,91.37155326843262,115.0433854388161,115.51024250534101,115.6459763106032,49.68195698673292,-0.7147876867279308,-1.0223380884723243,0.3075504017443935,-1.6924144685526943,117.57182350158692,134.85584960539254,100.2877973977813,6.201397061194847,62.029457913446386,0.0,0.0,0.0,0.0,0.0
2024-09-18 04:00:00,113.32505798339844,117.65333558843457,113.17511592459984,115.84405559100924,310318900,112.50074996948243,116.87864227294922,116.70092987060546,91.70449195861816,114.73096226510378,115.30212969372744,115.55495990561478,47.370928946585025,-0.8018792638517453,-0.9782463235482085,0.17636705969646316,-5.018267387749164,116.87864227294922,133.64291780580584,100.1143667400926,6.1150370070315025,61.96649151813619,0.0,0.0,0.0,0.0,0.0
2024-09-19 04:00:00,117.82327270507812,119.6125639674696,117.2035157611041,117.30347459042382,293506400,113.56724395751954,116.34790267944337,116.36049530029297,92.0599467086792,115.29320052691729,115.54223855195131,115.643913348731,52.222422574458946,-0.5021432366341401,-0.8830257061653949,0.3808824695312548,9.148216246358821,116.34790267944337,132.21964406595617,100.47616129293056,5.928736223913817,63.79570439940571,0.0,0.0,0.0,0.0,0.0
2024-09-20 04:00:00,115.95401000976562,118.57297401582413,115.34425124357021,117.01358731596827,382462400,114.88460083007813,115.9615852355957,116.13280334472657,92.41232578277588,115.41334770561699,115.58145488126696,115.65607400210492,50.15340113717015,-0.4106998606722243,-0.7885605370667609,0.3778606763945366,9.2269272916899,115.9615852355957,131.45343873889712,100.46973173229429,5.835943870061182,62.75453865569203,0.0,0.0,0.0,0.0,0.0
2024-09-23 04:00:00,116.21391296386719,116.94361929782039,114.81446644323901,116.50379891378353,206228500,115.86412353515625,115.30689849853516,115.8735272216797,92.76070756912232,115.55890502529884,115.64168898437175,115.67795003982108,50.44736926870594,-0.3136428505666231,-0.6935769997667334,0.37993414920011026,8.450654186617058,115.30689849853516,129.47403790422575,101.13975909284457,5.125585203863066,60.195372316028674,0.0,0.0,0.0,0.0,0.0
2024-09-24 04:00:00,120.82208251953125,121.75171411597229,115.33425359874879,116.4738010232417,354966800,117.14154281616212,115.02804985046387,115.72240692138672,93.13744197845459,116.51584638788654,116.13505979724408,115.8796807252999,55.46260603407986,0.13357651336468734,-0.5281462971404493,0.6617228105051366,17.55357440572558,115.02804985046387,128.47727923052736,101.57882047040039,4.930719222581176,61.77116692038912,0.0,0.0,0.0,0.0,0.0
2024-09-25 04:00:00,123.46104431152344,124.89047778241,121.56179592255684,121.97162943795686,284692900,117.80228118896484,114.78919334411621,115.66564575195312,93.52190954208373,117.7786096467296,116.83277260812783,116.17698910123023,58.07924132083606,0.6929552860240733,-0.2839259805075448,0.9768812665316181,16.014441685886172,114.78919334411621,127.3937486375962,102.18463805063622,4.872201540028841,62.07632198526337,0.0,0.0,0.0,0.0,0.0
2024-09-26 04:00:00,123.9908218383789,127.61937987933592,121.75171208350119,126.7497296956914,302582900,118.29208602905274,114.71126098632813,115.78679962158203,93.90447875976562,118.90810277248403,117.51449158243746,116.48341391445176,58.60502981610065,1.165579536990407,0.005975122992045556,1.1596044139983614,14.75543129234158,114.71126098632813,127.0522097942558,102.37031217840045,4.777282495340186,61.65351520453372,0.0,0.0,0.0,0.0,0.0
2024-09-27 04:00:00,121.35187530517578,123.98082995705606,119.21272426875333,123.92085618310571,271009200,118.5219955444336,114.90218849182129,115.79320434570313,94.27824556350708,119.35242505115525,117.87995669888873,116.67433396898996,54.910500711722335,1.312071981258498,0.26719449464533607,1.0448774866131618,3.8494427125503217,114.90218849182129,127.54151707920626,102.26285990443633,4.8529889002057525,57.50983252452683,0.0,0.0,0.0,0.0,0.0
2024-09-30 04:00:00,121.3918685913086,121.451842369324,118.10317169758383,118.26310431441512,226553700,118.98781204223633,115.0061580657959,115.86357833862304,94.64706544876098,119.72323296754675,118.2144244981668,116.85933532672794,54.95684478349553,1.4150832241656275,0.4967722405493944,0.9183109836162331,1.930507693663852,115.0061580657959,127.8310851717772,102.1812309598146,4.774475413366237,57.30889608677242,0.0,0.0,0.0,0.0,0.0
2024-10-01 04:00:00,116.95360565185547,122.39145095337135,115.74408637181682,121.72171083436712,302094500,119.12875518798828,115.45644035339356,115.73304122924804,94.99154035568237,119.21966436469378,118.09434651280382,116.86303220222315,48.94463050427465,1.125614268604707,0.622540646160457,0.50307362244425,-1.763230137794991,115.45644035339356,127.86351300131399,103.04936770547313,4.551766043422119,47.034678157324606,0.0,0.0,0.0,0.0,0.0
2024-10-02 04:00:00,118.80288696289062,119.33267565347262,115.09435850244638,116.39384623986545,221845900,119.6765380859375,116.08864402770996,115.65848068237305,95.34395248413085,119.14388665527503,118.16182655566924,116.93910493793561,51.333631004950234,1.0335158550870744,0.7047356879457806,0.3287801671412939,1.7725672068661824,116.08864402770996,127.76815920496071,104.40912885045921,4.468227326453447,46.519076678805895,0.0,0.0,0.0,0.0,0.0
2024-10-03 04:00:00,122.80130767822266,124.31071133495183,120.29230036497337,120.872072316084,277118000,120.17434158325196,116.87079277038575,115.83060806274415,95.71365837097169,119.80887229581096,118.60368190067432,117.16899524147628,56.11508786567033,1.2685433562027413,0.8174972215971728,0.4510461346055685,6.280830283732697,116.87079277038575,128.11943589017955,105.62214965059196,4.693138712618475,47.53676910270052,0.0,0.0,0.0,0.0,0.0
2024-10-04 04:00:00,124.8704833984375,124.99043857930913,121.78171184810518,124.890479741768,243678100,121.06598892211915,117.97529487609863,116.08349990844727,96.0877787399292,120.72916522356122,119.20052013855653,117.47101438488653,58.39327004123616,1.603287827849499,0.9746553428476381,0.628632485001861,10.187883968901579,117.97529487609863,127.62260608353694,108.32798366866032,4.583896668727059,44.078194194913,0.0,0.0,0.0,0.0,0.0
2024-10-07 04:00:00,127.66937255859375,130.58821322989388,124.9004663256647,124.94045138468705,346250200,122.2115348815918,119.03782920837402,116.37677703857422,96.47825714111327,121.99102110265804,120.0070775118934,117.87094999954172,61.318434378057304,2.0705541380370533,1.1938351018855213,0.876719036151532,8.356668107633759,119.03782920837402,127.98122737953358,110.09443103721446,4.708846839953302,43.3259494262643,0.0,0.0,0.0,0.0,0.0
2024-10-08 04:00:00,132.83731079101562,133.42707320550807,129.36868536610157,130.20834865989482,285722500,123.41305770874024,120.27730026245118,116.80279907226563,96.90203565597534,123.9630737732685,121.22900449085742,118.45786610901129,66.06280805868889,2.8253070988839113,1.5201295012851994,1.3051775975987119,14.560342311428553,120.27730026245118,129.66763026516963,110.88697025973272,4.8002383387447,44.67442358502527,0.0,0.0,0.0,0.0,0.0
2024-10-09 04:00:00,132.597412109375,134.46668122269037,131.32792651292905,134.0568400839603,246191600,124.32669448852539,121.06448783874512,117.38114730834961,97.32022235870362,125.5329534707424,122.31170997833529,119.01235810902556,65.66020938664894,3.365303317548893,1.8891642645379383,1.4761390530109546,14.097708895321093,121.06448783874512,131.79091830474093,110.3380573727493,4.575327533436854,36.14996607606451,0.0,0.0,0.0,0.0,0.0
2024-10-10 04:00:00,134.75656127929688,134.94648840712318,130.94807393580103,131.8577168886846,242311300,125.40326843261718,121.84767723083496,117.7370066833496,97.7500043296814,127.20997307229774,123.4969339117602,119.62977784119306,67.57547245631889,3.9222660629064023,2.295784624211631,1.6264814386947712,11.533056266856745,121.84767723083496,134.1408929894514,109.55446147221852,4.630305511941728,36.031397856818366,0.0,0.0,0.0,0.0,0.0
2024-10-11 04:00:00,134.74656677246094,135.72617401836632,133.60701929174726,133.9568713960576,170209500,126.7427375793457,122.63236656188965,118.2487907409668,98.17749269485473,128.58026283596377,124.56832751754122,120.22259309339964,67.55668956018408,4.313137414844533,2.6992551823382116,1.6138822325063216,9.140958205781313,122.63236656188965,136.11990572188813,109.14482740189118,4.62959135994442,36.02499017080391,0.0,0.0,0.0,0.0,0.0
2024-10-14 04:00:00,138.01527404785156,139.54466630986312,136.24597143489578,136.4159022137037,232347700,128.405078125,123.69644508361816,118.86473022460937,98.62063503265381,130.29571941994334,125.8489890918565,120.92034528769187,70.4496071901023,4.830974667934413,3.125599079457452,1.705375588476961,11.310879306658217,123.69644508361816,138.5166623627033,108.87622780453302,4.513922718528611,35.18461535875891,0.0,0.0,0.0,0.0,0.0
2024-10-15 04:00:00,131.54783630371094,138.5150744275185,128.68896947491228,137.8153397242487,377831000,129.86450119018554,124.49662818908692,119.48765518188476,99.03091547012329,130.5233770351738,126.39173644536645,121.33710964126125,59.20138941758192,4.665712813495787,3.4336218262651195,1.2320909872306678,8.401980581589164,124.49662818908692,139.1911560236948,109.80210035447905,4.925187696366287,39.88186184625095,0.0,0.0,0.0,0.0,0.0
2024-10-16 04:00:00,135.66619873046875,136.56583584893667,131.527840530584,133.92688301499192,264879700,131.55083236694335,125.61368522644042,120.11698379516602,99.46178771972656,131.45843552522743,127.27501856775714,121.89903470358311,63.227663664812574,4.811593972255352,3.7092162554631662,1.1023777167921858,11.758884927636881,125.61368522644042,140.12801535812008,111.09935509476077,4.865925376546139,39.54115301798941,0.0,0.0,0.0,0.0,0.0
2024-10-17 04:00:00,136.87571716308594,140.83415423256426,136.81574338597488,139.28476556198524,306435900,132.9582733154297,126.56630744934083,120.87725143432617,99.90547346115112,132.44339582301987,128.1893708149313,122.48635558434793,64.34068524519225,4.967541148560599,3.960881234082653,1.0066599144779462,17.034200356792862,126.56630744934083,141.42462431344322,111.70799058523843,4.893772371722563,37.88130045593973,0.0,0.0,0.0,0.0,0.0
2024-10-18 04:00:00,137.94529724121094,138.8449343829922,137.22558142668973,138.61502982502418,176090200,134.26575469970703,127.66587181091309,121.53776931762695,100.35750024795533,133.44374153541824,129.11850666505316,123.09258859049943,65.33976321780855,5.118434456472841,4.192391878560691,0.92604257791215,16.112748408462195,127.66587181091309,142.4722375912083,112.85950603061788,4.795239982305856,36.83794401035837,0.0,0.0,0.0,0.0,0.0
2024-10-21 04:00:00,143.6530303955078,143.6530303955078,137.94528751258602,138.07524085271365,264554500,135.86412048339844,129.0378276824951,122.31683944702148,100.8359220123291,135.29997587361635,130.50274702033454,123.89888042598996,70.14656047497306,5.63364371621725,4.480642246092002,1.1530014701252478,16.98004940788018,129.0378276824951,144.4489094171137,113.62674594787651,4.728124146689232,38.47179506987275,0.0,0.0,0.0,0.0,0.0
2024-10-22 04:00:00,143.5330810546875,144.3627538949317,141.72380093133486,142.85335791004843,226311600,136.93369750976564,130.17337760925292,123.00815200805664,101.30825242996215,136.79690408835654,131.74373121408246,124.66884907809575,69.92708369298711,5.963528018273877,4.777219400528377,1.1863086177454996,14.94556371396536,130.17337760925292,146.36275860009025,113.9839966184156,4.6138838475871315,37.12410888619598,0.0,0.0,0.0,0.0,0.0
2024-10-23 04:00:00,139.50466918945312,142.37352650102258,137.40551088320953,141.97369118156848,285930000,137.62442321777343,130.9755588531494,123.47656478881837,101.74467037200928,137.28922501582863,132.48286816411775,125.25064594520781,62.81839165737785,5.832669154359138,4.98830935129453,0.8443598030646084,9.270270851709217,130.9755588531494,147.3533612853217,114.5977564209771,4.658151404688328,38.99801570876598,0.0,0.0,0.0,0.0,0.0
2024-10-24 04:00:00,140.35433959960938,141.293969386979,138.40511570705533,140.76418072009866,172354900,138.1842010498047,131.79373474121093,123.92318969726563,102.18090438842773,137.84651857651605,133.23253211035504,125.84294765714513,63.657579991513884,5.731455215015501,5.136938524038724,0.5945166909767767,5.658823386164302,131.79373474121093,148.33644311017673,115.25102637224514,4.63530332959688,38.99024715512635,0.0,0.0,0.0,0.0,0.0
2024-10-25 04:00:00,141.48388671875,144.0728716327459,140.74418981710016,140.8741279131319,205122100,138.8579330444336,132.80033531188965,124.29685150146484,102.61673984527587,138.5078582387404,134.01837540639264,126.45631781642376,64.7951352128651,5.67694713853794,5.244940246938568,0.43200689159937244,6.701846188404392,132.80033531188965,149.11624568406558,116.48442493971373,4.492503486859746,37.58233985407621,0.0,0.0,0.0,0.0,0.0
2024-10-28 04:00:00,140.46429443359375,143.08325084097928,139.9944795471596,142.94330695476953,173586700,139.10283508300782,133.75395660400392,124.61573822021484,103.04511878967286,138.8635739105319,134.63227245660227,127.00565023278338,62.881802490865184,5.488211829222109,5.293594563395277,0.1946172658268326,4.235588308362215,133.75395660400392,149.4811553620071,118.02675784600075,4.301865675924414,37.879604671366316,0.0,0.0,0.0,0.0,0.0
2024-10-29 04:00:00,141.19400024414062,142.20359433012132,138.8449258203989,140.23437413304583,157593600,140.06745147705078,134.96597633361816,124.84087097167969,103.47770591735839,139.28728778936983,135.2571989125583,127.5620561155817,63.70777880724849,5.336008710465904,5.302077392809403,0.03393131765650104,4.78485918128595,134.96597633361816,148.87250891009234,121.05944375714398,4.317573804493064,34.13889550265461,0.0,0.0,0.0,0.0,0.0
2024-10-30 04:00:00,139.28475952148438,140.27437255912164,136.75576367804047,139.48467718743143,179418100,140.42930755615234,135.99006996154785,125.08279251098632,103.89239192962647,139.28682810429973,135.6407761134084,128.0217699746367,59.94889039461395,5.003647933445393,5.242391500936601,-0.23874356749120818,0.919815203346741,135.99006996154785,147.73330007819854,124.24683984489717,4.348989668405778,35.017012925824666,0.0,0.0,0.0,0.0,0.0
2024-10-31 04:00:00,132.70736694335938,137.55545044959692,132.05763071180766,137.54545990469654,270039600,140.0124725341797,136.4853729248047,125.16817855834961,104.27583494186402,138.0905624386742,135.36140381149897,128.20551887537093,49.18280089705794,4.161537398966999,5.026220680542681,-0.8646832815756822,0.8814517001795252,136.4853729248047,146.61056394315875,126.36018190645063,4.713844960052754,38.78926124276988,0.0,0.0,0.0,0.0,0.0
2024-11-01 04:00:00,135.34632873535156,137.25557537634637,134.5166711244238,134.64660922766117,207127800,139.75257568359376,137.0091651916504,125.40149795532227,104.66720600128174,137.5916108562519,135.35996808996111,128.48555063458585,52.842079720948945,3.6648547311560264,4.75394749066535,-1.0890927595093238,-0.2357772224109267,137.0091651916504,145.56698326921048,128.4513471140903,4.695995595451669,38.93555234348424,0.0,0.0,0.0,0.0,0.0
2024-11-04 05:00:00,135.99606323242188,138.90491316378314,135.5162578090522,137.15560698724303,187528200,138.98687896728515,137.4254997253418,125.53526626586914,105.04991304397583,137.3015112882828,135.42054857971928,128.78008054038335,53.725593131237765,3.285781834703954,4.460314359473071,-1.1745325247691172,-0.6426661711046666,137.4254997253418,144.7982825171673,130.0527169335163,4.248315558010623,38.347668291069645,0.0,0.0,0.0,0.0,0.0
2024-11-05 05:00:00,139.8545379638672,140.31434706066804,137.27555894461494,137.39550649112996,160537400,138.61902465820313,137.77636108398437,125.80437591552734,105.451097946167,137.76569795657085,135.84283328297147,129.21437298836312,58.67685897574857,3.2591411470040725,4.220079716979272,-0.9609385699751991,1.3840564055748628,137.77636108398437,144.89323242735176,130.65948974061698,4.196907594431587,37.01444529970074,0.0,0.0,0.0,0.0,0.0
2024-11-06 05:00:00,145.55227661132812,146.4319326348536,141.90372967757455,142.90333324876622,242043900,139.22378540039062,138.42410430908203,126.15065795898437,105.87967720031739,139.18143953016306,136.7675421713864,129.8550750912245,64.68578063781067,3.655648065589304,4.107193386701279,-0.45154532111197465,1.3221066138258797,138.42410430908203,145.90515051025343,130.94305810791062,4.297581820780938,39.31597465265739,0.0,0.0,0.0,0.0,0.0
2024-11-07 05:00:00,148.8209991455078,148.8709671267726,146.1120664908763,146.33198051831096,207323300,140.07045135498046,139.12732620239257,126.61608856201173,106.31715963363648,140.934086732953,137.91549045463606,130.59883681884347,67.59683837830221,4.185394622015565,4.122833633764136,0.06256098825142864,3.684111043924121,139.12732620239257,147.71854421534704,130.5361081894381,4.3939727704622396,39.611676376572596,0.0,0.0,0.0,0.0,0.0
2024-11-08 05:00:00,147.57147216796875,149.7106230852884,146.20200497714438,148.7110195677981,175665800,140.67920989990233,139.76857147216796,127.21685150146484,106.74712020874023,142.14088408477403,138.83510776066774,131.26443036194644,65.37820044030678,4.453064049816334,4.188879716974576,0.2641843328417579,5.78246092075998,139.76857147216796,148.8816796250475,130.65546331928843,4.2368924294066845,39.86999733609727,0.0,0.0,0.0,0.0,0.0
2024-11-11 05:00:00,145.20240783691406,148.7909962143961,143.51309063046196,148.62105018654825,182325600,141.15302124023438,140.1279281616211,127.7346501159668,107.16816368103028,142.6975247669813,139.44151729173882,131.81101771390595,61.27201893706517,4.423044207014101,4.235712614982481,0.18733159203161964,3.4541634060869297,140.1279281616211,149.51270079049632,130.74315553274587,4.425389045145063,39.83612981081309,0.0,0.0,0.0,0.0,0.0
2024-11-12 05:00:00,148.23118591308594,149.59064718789998,145.952091313065,146.72179022487757,198634700,141.85673980712892,140.96209564208985,128.54031463623048,107.59718538284302,143.70364497536394,140.27862858900997,132.45494587857968,64.35440041726234,4.59073125127091,4.306716342240167,0.2840149090307431,4.768952388018999,140.96209564208985,150.09825168441998,131.82593959975972,4.30115112939563,35.663941613274844,0.0,0.0,0.0,0.0,0.0
2024-11-13 05:00:00,146.21200561523438,149.2707898303925,145.8421419549503,149.01089841600094,191903300,142.5494644165039,141.48938598632813,129.3413784790039,108.01456718444824,144.15971054624947,140.84371211531706,132.99443841727202,60.87584548676303,4.508719752198829,4.347117024231899,0.16160272796692965,4.091937531041334,141.48938598632813,150.5556186261457,132.42315334651056,4.339707857646952,35.03383782188315,0.0,0.0,0.0,0.0,0.0
2024-11-14 05:00:00,146.70181274414062,148.94093020600926,145.49230097997514,147.5814687564354,194463300,143.94890899658202,141.98069076538087,130.13224807739257,108.44062915802002,144.62191094586603,141.4016264609193,133.53198250852176,61.42061228805603,4.432157240391859,4.364125067463891,0.06803217292796848,3.9008828211371416,141.98069076538087,151.05917397747433,132.9022075532874,4.320429085711067,34.985549074710434,0.0,0.0,0.0,0.0,0.0
2024-11-15 05:00:00,141.92369079589844,145.18240774117885,140.0244503789864,144.81254410002094,250132900,144.6066452026367,142.17961044311522,130.91511306762695,108.83530513763428,144.13132546405373,141.45134687377444,133.86106910802673,53.582594924663326,3.9405027268327046,4.279400599337654,-0.3388978725049494,1.894630312376,142.17961044311522,151.05793461098025,133.3012862752502,4.576757019377823,37.22156013930639,0.0,0.0,0.0,0.0,0.0
2024-11-18 05:00:00,140.0944366455078,141.4938908192372,137.0956258838966,139.4447004149215,221205300,145.0164825439453,142.00168075561524,131.5886280822754,109.2051794052124,143.39734567886356,141.32211732822523,134.1055148938103,50.904360614930724,3.3644738996331682,4.096415259396757,-0.7319413597635887,5.566435287124105,142.00168075561524,150.8982897379576,133.10507177327287,4.6817139052549255,34.42558015602621,0.0,0.0,0.0,0.0,0.0
2024-11-19 05:00:00,146.95172119140625,147.07168399645053,140.9341184421503,141.26398946372595,227834900,145.72620086669923,142.17261276245117,132.36670471191405,109.59348976135254,144.04359577205312,141.8582700770996,134.60928768979446,59.147715236294694,3.421847529851817,3.9615017134877695,-0.5396541836359523,8.574589768701601,142.17261276245117,151.32091375510663,133.0243117697957,4.863071818457966,38.72921676834417,0.0,0.0,0.0,0.0,0.0
2024-11-20 05:00:00,145.83216857910156,147.5015047606034,142.67341754276418,147.3515703217148,309871700,145.75419006347656,142.4889877319336,132.94627487182618,109.9817440032959,144.3687908278801,142.23673660109978,135.04940066584572,57.45165744931394,3.338493925994811,3.836900155989178,-0.4984062299943668,7.23263976389481,142.4889877319336,151.68631876285005,133.29165670101716,4.691711704755288,37.31601161979937,0.0,0.0,0.0,0.0,0.0
2024-11-21 05:00:00,146.6118621826172,152.8293979645091,140.64422730754492,149.290807835149,400946600,145.5332763671875,142.80186386108397,133.49665664672852,110.36452243804932,144.77662198328684,142.65341522791098,135.50283052924854,58.347451952050854,3.2973406614187013,3.7289882570750827,-0.43164759565638144,4.83168034239676,142.80186386108397,152.118406110807,133.48532161136094,5.2372090064679435,37.30740211802151,0.0,0.0,0.0,0.0,0.0
2024-11-22 05:00:00,141.89373779296875,147.1016796207282,141.0440838257902,145.8721561256333,236406200,144.9655029296875,142.8223564147949,133.95347579956055,110.725998878479,144.2524612214108,142.58106499601175,135.7534543435121,51.3079703306177,2.851146948272657,3.5534199953145977,-0.7022730470419409,-2.5135565746792543,142.8223564147949,152.12848951296846,133.51622331662136,5.415709818361258,39.191420964214004,0.0,0.0,0.0,0.0,0.0
2024-11-25 05:00:00,135.96607971191406,141.99368792347047,135.7661620516237,141.93371415065735,344941900,144.0418701171875,142.59744567871093,134.3381233215332,111.04538452148438,142.7458464015023,141.95106639752626,135.76179259325335,44.1079446298214,1.9962116628658464,3.241978328824848,-1.2457666659590014,-8.637839758772902,142.59744567871093,152.3502419312254,132.84464942619644,5.552084250047017,41.911773060079426,0.0,0.0,0.0,0.0,0.0
2024-11-26 05:00:00,136.86572265625,139.2447840977321,135.61621816013385,137.64541224160723,190287700,142.90532379150392,142.38103179931642,134.76455429077149,111.36869373321534,141.67673299327458,141.46674794597612,135.80508396827284,45.36115065284679,1.3754081081737581,2.8686642846946304,-1.4932561765208723,-7.254619984771349,142.38103179931642,152.45185683638095,132.31020676225188,5.341453626233575,41.943997053960125,0.0,0.0,0.0,0.0,0.0
2024-11-27 05:00:00,135.28634643554688,137.16560606875765,131.74775643225163,134.95647541996794,226370900,141.81275787353516,142.18111114501954,135.20378005981445,111.68470573425293,140.51484452823317,140.8781382783162,135.78474131993065,43.51644979399668,0.7473592644338396,2.4444032806424723,-1.6970440162086327,-6.829130142596906,142.18111114501954,152.6611723987192,131.70104989131988,5.491393563452257,41.87274265698037,0.0,0.0,0.0,0.0,0.0
2024-11-29 05:00:00,138.19520568847656,139.29477581313424,135.99608069190262,136.7257870913165,141863200,140.96209716796875,142.45550308227538,135.61121871948242,112.00640739440918,140.09309201191377,140.62262088880766,135.87926933438342,47.73240691655639,0.4788270421997254,2.0512880329539227,-1.5724609907541973,-6.770491757715469,142.45550308227538,152.14902010021933,132.76198606433144,5.527094368412496,38.83374295848276,0.0,0.0,0.0,0.0,0.0
2024-12-02 05:00:00,138.57504272460938,140.39431322408433,137.76536630294407,138.77496038075373,171682800,140.62723236083986,142.61693878173827,136.0636393737793,112.33621452331543,139.8170830505857,140.4276134445983,135.9849859379217,48.27532122223766,0.29328222091348266,1.6996868705458348,-1.4064046496323521,-5.223211909644498,142.61693878173827,151.91126841508026,133.32260914839628,5.337883035355789,38.27760142464409,0.0,0.0,0.0,0.0,0.0
2024-12-03 05:00:00,140.20440673828125,140.48429454860658,137.8953246767264,138.2051993772479,164414000,140.6382293701172,142.82735595703124,136.54344924926758,112.67439338684082,139.8875055392576,140.4063556630443,136.15045342028873,50.64367769481544,0.2745478552309919,1.4146590674828663,-1.1401112122518744,-4.42898822061003,142.82735595703124,151.67014053752453,133.98457137653796,5.209363786848237,38.437596410413924,0.0,0.0,0.0,0.0,0.0
2024-12-04 05:00:00,145.0824737548828,145.73221002899123,140.23438993110327,141.94371889092554,231224300,140.45130462646483,143.08875274658203,137.0286570739746,113.05275787353516,140.83204521482583,140.8517002432194,136.50072872752773,56.99268623794426,0.6458747340948889,1.2609022008052708,-0.6150274667103819,2.2256911029230775,143.08875274658203,151.8703942395911,134.30711125357297,5.359303459367366,39.08829007918372,0.0,0.0,0.0,0.0,0.0
2024-12-05 05:00:00,145.01248168945312,146.49199262942497,143.90284467102651,145.06246836220566,172621200,140.3693359375,143.06176300048827,137.4596858215332,113.44066638946533,141.59212457384896,141.2479651428607,136.8345229613287,56.87962712051433,0.9238565429813832,1.1934930692404935,-0.2696365262591103,3.510521303847236,143.06176300048827,151.81479608702267,134.30872991395387,5.2979119402505335,36.328196898902014,0.0,0.0,0.0,0.0,0.0
2024-12-06 05:00:00,142.3933563232422,145.65228325014007,141.26372149336697,144.5526526293818,188505600,139.9474853515625,142.740380859375,137.82773651123046,113.76018302917481,141.73780307373863,141.35705001718273,137.05251642650177,52.66911748199862,0.9221872011522123,1.1392318956228373,-0.21704469447062502,-3.1019472458078567,142.740380859375,151.06455340767505,134.41620831107494,5.134426182509023,35.859414773758445,0.0,0.0,0.0,0.0,0.0
2024-12-09 05:00:00,138.76454162597656,139.90416770148084,137.08509909525122,138.92449289189105,189308600,139.6345657348633,142.3000343322754,138.17598983764648,114.06016147613525,141.19721008323643,141.11014445611548,137.11965466961843,47.430368249641546,0.6208919608927772,1.0355639086768254,-0.41467194778404814,-4.846411475593881,142.3000343322754,150.47864615651648,134.12142250803433,5.1687256336511025,36.7675068100561,0.0,0.0,0.0,0.0,0.0
2024-12-10 05:00:00,135.0257568359375,141.77354545828368,133.74616214517607,138.96445323342698,210020900,139.54053344726563,141.79120178222655,138.44866760253908,114.34007179260254,140.0751276746366,140.5306789684795,137.03754102908192,42.71610751656479,0.0795081060892926,0.8443527481593188,-0.7648446420700262,-7.9025702110298806,141.79120178222655,150.4610425974797,133.1213609669734,5.243735345234309,37.48366018923633,0.0,0.0,0.0,0.0,0.0
2024-12-11 05:00:00,139.26437377929688,140.1240927409604,135.16572567436427,137.31501545162718,184905200,139.7803985595703,141.3428611755371,138.8948829650879,114.64312908172607,139.92771787548392,140.41007847427161,137.12486780360015,48.91518815919959,-0.007435820068110388,0.673995034513833,-0.6814308545819434,-1.8530514838563716,141.3428611755371,149.52410341845535,133.16161893261886,5.2630388228902865,38.55737326046395,0.0,0.0,0.0,0.0,0.0
2024-12-12 05:00:00,137.29501342773438,138.39465924672223,135.75552453494274,137.03510407678786,159211400,139.98126525878905,140.89701156616212,139.26472549438478,114.94152633666992,139.44904433952945,140.11340561269662,137.1315401810172,46.402591902794526,-0.23256951310730756,0.49268212498960495,-0.7252516380969125,0.9774009213445511,140.89701156616212,148.9315594473061,132.86246368501813,4.643301579132427,38.57707745036329,0.0,0.0,0.0,0.0,0.0
2024-12-13 05:00:00,134.20602416992188,139.55427778956917,132.4965775973186,138.89449032268433,231514900,139.58234710693358,140.27222213745117,139.49281982421874,115.21723808288574,138.49576794505535,139.5507978562419,137.01681406293503,42.69782707313155,-0.6527210423155623,0.2636014915285715,-0.9163225338441338,-1.943290427076605,140.27222213745117,148.34945026250261,132.19499401239972,4.714737607511897,39.1125010389823,0.0,0.0,0.0,0.0,0.0
2024-12-16 05:00:00,131.95675659179688,134.35596424649526,130.37727237183418,134.13603509853905,237951100,138.92051849365234,139.77387542724608,139.63454528808595,115.46587818145753,137.30685678991745,138.82755583105666,136.81838043661588,40.18211678586999,-1.1538899270748573,-0.019896792192114265,-1.133993134882743,-2.461142555384388,139.77387542724608,148.6157649254099,130.93198592908226,4.554106607712918,37.97510392557095,0.0,0.0,0.0,0.0,0.0
2024-12-17 05:00:00,130.3472900390625,131.54689392732612,126.81844751374322,129.04771280436398,259410300,137.93480682373047,139.28651809692383,139.68810363769532,115.69169002532959,136.04148101703473,138.01991146991435,136.56461218573145,38.43697941471131,-1.661784363191856,-0.34827430639206264,-1.3135100567997935,-5.678862454248268,139.28651809692383,149.07757423319268,129.49546196065498,4.661945403459733,37.95286792769869,0.0,0.0,0.0,0.0,0.0
2024-12-18 05:00:00,128.86778259277344,136.6552244722092,128.23798405143236,133.8161583001621,277444500,136.31333770751954,138.3823211669922,139.60871307373046,115.90645133972168,134.73717221262356,137.14828014828188,136.26277573110565,36.852510341161185,-2.1587930269397475,-0.7103780505015996,-1.4484149764381478,-7.0050565678895005,138.3823211669922,148.52655443174095,128.23808790224345,4.876187602336221,32.594192751943716,0.0,0.0,0.0,0.0,0.0
2024-12-19 05:00:00,130.63717651367188,133.98608501684748,129.50755712091288,131.7168244915274,209719200,134.8758071899414,137.6225715637207,139.56950836181642,116.11638736724854,133.9917184491778,136.5281750402238,136.04216399708864,40.03609554867912,-2.38243741622108,-1.0447899236454958,-1.3376474925755844,-6.82377283794543,137.6225715637207,147.6933069213846,127.5518362060568,4.955464248513841,33.35551854631054,0.0,0.0,0.0,0.0,0.0
2024-12-20 05:00:00,134.65586853027344,135.2356803497186,128.1779956829599,129.76747112979962,306528600,134.10205841064453,137.0247718811035,139.56749450683594,116.32658306121826,134.112473009377,136.34986013451424,135.98779946897824,46.618654813986204,-2.2099276752599337,-1.2778174739683834,-0.9321102012915503,-7.186674554657202,137.0247718811035,146.2310662657128,127.81847749649421,5.271802658915157,35.5752748577955,0.0,0.0,0.0,0.0,0.0
2024-12-23 05:00:00,139.62425231933594,139.74420813475027,135.07573952144836,136.23536324975828,176053500,134.18802947998046,136.9112976074219,139.66504821777343,116.58731113433838,135.1146147020968,136.66170700925915,136.13040546310992,53.42580492363776,-1.653247801872169,-1.3529035395491404,-0.3003442623230286,-3.715700405470046,136.9112976074219,145.91870109669864,127.90389411814513,5.450329068386346,36.749990102829436,0.0,0.0,0.0,0.0,0.0
2024-12-24 05:00:00,140.17408752441406,141.8535301026856,138.60459428405517,139.95415834100334,105157000,134.70286254882814,137.12169799804687,139.70822448730468,116.85955345153809,136.03451885160902,136.9962194392739,136.2889812302199,54.123029419727814,-1.1544006732929404,-1.3132029662979003,0.15880229300495996,-1.558547994184678,137.12169799804687,146.23213450470118,128.01126149139256,5.287552820380664,33.37642748956383,0.0,0.0,0.0,0.0,0.0
2024-12-26 05:00:00,139.88417053222656,140.8038826879709,137.68489400548984,139.65425012018665,116205600,134.76484222412108,137.2726203918457,139.874951171875,117.09966842651367,136.73445552081222,137.27126240050748,136.42996904598488,53.6668255171524,-0.7735377465943429,-1.2052699223571888,0.43173217576284584,0.8068551901881493,137.2726203918457,146.46484173864863,128.08039904504275,5.325398586386565,33.35027546061062,0.0,0.0,0.0,0.0,0.0
2024-12-27 05:00:00,136.96511840820312,138.97446981750295,134.66588395063462,138.50462254046806,170582600,134.73185272216796,137.3565589904785,139.9009295654297,117.33031036376953,136.77639422761055,137.24210582981183,136.45095529548362,49.17261827260275,-0.6991844806233019,-1.1040528340104114,0.4048683533871096,1.436290095838566,137.3565589904785,146.50295652801503,128.21016145294197,5.3846646453021965,33.984902088803025,0.0,0.0,0.0,0.0,0.0
2024-12-30 05:00:00,137.4449462890625,140.22403398735426,133.97608228188028,134.78581438230358,167734700,135.05574493408204,137.3190460205078,139.91231414794922,117.57806308746338,136.89794914787456,137.26142396878808,136.48993533444752,49.91509417518385,-0.5946857150147764,-1.0021794102112844,0.407493695196508,-1.3064558011927518,137.3190460205078,146.45711137105658,128.18098066995904,5.451785679408126,33.12270592367281,0.0,0.0,0.0,0.0,0.0
2024-12-31 05:00:00,134.2460174560547,138.02479365615312,133.7861766339878,137.98479821279548,155659200,135.2846710205078,137.10259475708008,139.83832855224608,117.81035583496094,136.41577974936183,136.9742423961468,136.4019385549027,45.176979202327836,-0.7612216236239249,-0.9539878528938126,0.19276622926988773,-2.2207623536775634,137.10259475708008,146.32013051653811,127.88505899762205,5.181159515769393,34.10287087304756,0.0,0.0,0.0,0.0,0.0
2025-01-02 05:00:00,138.2646942138672,138.8345148325783,134.58590691715995,135.95545329338754,198247200,136.07641143798827,137.00560913085937,139.73056182861328,118.0596537399292,136.75194601563553,137.097142569263,136.47498779643072,51.41617460706882,-0.5624453818982147,-0.8756793586946932,0.31323397679647846,3.024208539854012,137.00560913085937,146.12603385968225,127.8851844020365,5.144742478019443,35.60795803780977,0.0,0.0,0.0,0.0,0.0
2025-01-03 05:00:00,144.4226837158203,144.85253555834646,139.68423069189672,139.96413776465596,229322500,137.63190155029298,136.97261962890624,139.74835388183592,118.33502925872803,138.14662559748731,137.79481315464943,136.78666214621072,59.09779585617068,0.09093625359139423,-0.6823562362374757,0.7732924898288699,9.446979030097191,136.97261962890624,145.97403105579255,127.97120820201994,5.364670485171238,37.02727124868131,0.0,0.0,0.0,0.0,0.0
2025-01-06 05:00:00,149.3810577392578,152.11017470884985,147.77159962141576,148.54133648113356,265377400,139.50628967285155,137.1910484313965,139.94588165283204,118.63032939910889,140.18924962326378,138.89826501985024,137.28056001260472,64.0294567099604,0.997348439920529,-0.3464153010058747,1.3437637409264038,14.602350148201214,137.1910484313965,147.17257260582193,127.20952425697106,5.409655542369736,38.97464915786797,0.0,0.0,0.0,0.0,0.0
2025-01-07 05:00:00,140.09410095214844,153.07985197865167,139.96413864833562,152.97987862898157,351782200,140.05011291503905,137.0760856628418,139.9406768798828,118.87388282775879,140.17194986487917,139.01215415625958,137.39089495141036,51.50370526700456,0.9552947859084782,-0.08607328362300415,1.0413680695314822,8.71150114753705,137.0760856628418,146.85625674934064,127.29591457634292,6.062299932059377,44.67864862048326,0.0,0.0,0.0,0.0,0.0
2025-01-08 05:00:00,140.06410217285156,143.90284057175748,137.51493447299714,142.5332942493383,227349900,140.09409790039064,137.14106369018555,139.91228118896484,119.10302429199218,140.15234119360142,139.1123396816493,137.49572660715316,51.46867996860082,0.9090671511014534,0.11295480332188738,0.7961123477795661,7.2161125268909165,137.14106369018555,146.9855247246379,127.2966026557332,6.151556862109855,43.689125159628524,0.0,0.0,0.0,0.0,0.0
2025-01-10 05:00:00,135.86549377441406,139.87417502688794,134.17604480086774,137.40498271998055,207602500,139.66323852539062,137.18305053710938,139.82030517578124,119.30760971069336,139.37291439011278,138.8031162619126,137.43179590783006,46.683550234235156,0.5275574549972077,0.19587533365695148,0.33168212134025626,0.8983085975704519,137.18305053710938,146.9966395007073,127.36946157351146,5.970900930053211,43.95726329977302,0.0,0.0,0.0,0.0,0.0
2025-01-13 05:00:00,133.1863555908203,133.4462801889749,129.4675728747113,129.94742663109315,204808900,138.99345703125,136.87914962768554,139.66015228271485,119.51099750518799,138.24808551751414,138.26818667418954,137.26530805226105,43.8801007780007,0.008921371267092582,0.1584845411789797,-0.14956316991188712,-4.610872840193592,136.87914962768554,146.79724110841846,126.9610581469526,6.062302249740976,42.952906591807036,0.0,0.0,0.0,0.0,0.0
2025-01-14 05:00:00,131.71682739257812,136.33532416409136,130.00739616366573,136.00543044799826,195590500,138.4686279296875,136.60024032592773,139.50879364013673,119.71858612060547,137.06058404025305,137.64424769498845,137.04772057541075,42.3768714556212,-0.5147464294783219,0.023838347047519373,-0.5385847765258414,-6.033397670851926,136.60024032592773,146.7793870033539,126.42109364850157,6.0101767735743294,42.84929284409859,0.0,0.0,0.0,0.0,0.0
2025-01-15 05:00:00,136.1953887939453,136.4053114797544,131.24699764678536,133.60622538989423,185217300,138.3436721801758,136.6997085571289,139.57855407714842,119.94803787231446,136.90327581365162,137.50626113298435,137.01429579966702,48.200919693400955,-0.5618972563979412,-0.09330877364157275,-0.46858848275636844,-2.6370258509210154,136.6997085571289,146.8190504726317,126.58036664162611,6.015174932752345,43.896890196499896,0.0,0.0,0.0,0.0,0.0
2025-01-16 05:00:00,133.5262451171875,138.70454064615834,133.44626949753135,138.59457607585483,209235600,138.27169494628907,136.77818298339844,139.54215240478516,120.16410892486573,136.28927023247633,137.12721198862275,136.87750949839332,45.26458996111591,-0.8053585422284755,-0.2357187273589533,-0.5696398148695222,-2.5107657562610908,136.77818298339844,146.76614674997032,126.79021921682656,6.158698884894956,44.06129516518106,0.0,0.0,0.0,0.0,0.0
2025-01-17 05:00:00,137.66490173339844,138.45463626831489,135.41563868932835,136.6452315490251,201188800,138.2117156982422,137.14406356811523,139.5755291748047,120.40542572021485,136.53938505082579,137.17842053574424,136.90838762525627,50.318381873911335,-0.6567774430278632,-0.31993047049273526,-0.33684697253512796,0.16003167106146687,137.14406356811523,146.66533902442404,127.62278811180641,6.287941918369692,45.008137779251584,0.0,0.0,0.0,0.0,0.0
2025-01-21 05:00:00,140.7838592529297,141.783531605571,137.04507916268696,139.11440825447346,197749000,137.84783325195312,137.73986740112304,139.59411560058595,120.66477588653565,137.3111076330265,137.52179565166665,137.06036690477288,53.78173939412623,-0.2840773786427917,-0.31275985212274654,0.02868247347995484,4.870045250329413,137.73986740112304,146.5449066483732,128.93482815387287,6.253668051319129,45.17663971393628,0.0,0.0,0.0,0.0,0.0
2025-01-22 05:00:00,147.0218505859375,147.7416007949869,143.62295473278476,144.61263605764083,237651400,137.6119125366211,138.55910110473633,139.62350708007813,120.97060245513916,139.0766972608285,138.42656278826388,137.4510133236421,59.81540430600696,0.5087789875813655,-0.14845208418192413,0.6572310717632897,6.333617140558512,138.55910110473633,147.62663159277247,129.4915706167002,6.304367325360788,47.233822283813815,0.0,0.0,0.0,0.0,0.0
2025-01-23 05:00:00,147.17178344726562,147.18177468068177,143.67292977388993,145.0024960002277,155915500,138.3196807861328,139.18489685058594,139.59052276611328,121.2666695022583,140.54853111290797,139.25944094626405,137.83221999515675,59.950735800326235,1.1361251553264253,0.10846336371974577,1.0276617916066795,1.9035096570111598,139.18489685058594,148.82752353751988,129.542270163652,6.252240745691253,46.36671130332383,0.0,0.0,0.0,0.0,0.0
2025-01-24 05:00:00,142.5732879638672,148.92121448023644,141.8335400716498,148.32140487495408,234657600,138.5705993652344,139.3323486328125,139.49055908203124,121.54411670684814,140.91666872217328,139.57504542413102,138.01814422922382,53.94962900999847,1.247856841860397,0.33634205934787603,0.9115147825125209,-4.557317961473717,139.3323486328125,149.092735869619,129.57196139600603,6.430753390838613,46.431199586185315,0.0,0.0,0.0,0.0,0.0
2025-01-27 05:00:00,118.38121032714844,128.3579371600633,116.66177248371496,124.75912547322825,818830900,136.82217102050782,138.24270477294922,138.95413513183593,121.70949352264404,136.81931265035058,137.5565849387041,137.24806838992674,34.425858234108404,-0.6086770253724296,0.14733824240381488,-0.7560152677762445,-15.498790082828984,138.24270477294922,151.75297145327042,124.73243809262804,7.811015829100968,76.41683023626253,0.0,0.0,0.0,0.0,0.0
2025-01-28 05:00:00,128.94773864746094,128.9577298793433,116.21190774010589,121.77008342453179,579666400,136.39830932617187,137.69588317871094,138.56846618652344,121.91928268432618,135.38811737709793,136.73669481572855,136.92256526277123,43.964420936582954,-1.2133759211524762,-0.12480459030744334,-1.0885713308450329,-7.936625697048372,137.69588317871094,151.79871164260965,123.59305471481224,8.172325196687245,83.75822513288328,0.0,0.0,0.0,0.0,0.0
2025-01-29 05:00:00,123.65948486328125,126.84844257022412,120.0106863497111,126.458570906435,467120600,135.5925750732422,137.03060150146484,138.1174157714844,122.0847557067871,133.25563873822216,135.49124624882882,136.40244446279124,40.76820191496442,-2.0951702191921697,-0.5188777160843886,-1.5762925031077812,-8.983891768280184,137.03060150146484,152.47054203215347,121.5906609707762,7.873849408646801,84.63949455130434,0.0,0.0,0.0,0.0,0.0
2025-01-30 05:00:00,124.60918426513672,124.95906813052294,118.06132604433881,123.05968876955973,392925500,134.43395462036133,136.38881340026856,137.6755632019043,122.26712032318115,131.68355610675206,134.4548593932391,135.93996367072637,41.589469877173826,-2.6863986175744685,-0.9523818963824047,-1.7340167211920638,-6.439977494417426,136.38881340026856,152.79319639787272,119.9844304026644,7.910266264891357,84.69939820718638,0.0,0.0,0.0,0.0,0.0
2025-01-31 05:00:00,120.03067016601562,127.80812056780856,119.15096116009843,123.73945402173636,388161100,133.08439712524415,135.6780460357666,137.23770278930664,122.43751125335693,129.5648495720727,133.0811270858845,135.31606980779654,38.796623967500075,-3.484235112902752,-1.4587525396864742,-2.025482573216278,-8.872182437049025,135.6780460357666,153.63200137164188,117.72409069989135,8.108059267443236,85.25043831611163,0.0,0.0,0.0,0.0,0.0
2025-02-03 05:00:00,116.62178802490234,118.53115837860842,112.97298217131676,114.71241004430098,371235700,130.98008575439454,134.59590072631835,136.76824981689452,122.5837916946411,127.21156565440535,131.5135709848386,134.58296071827127,36.8143969348894,-4.3415479212071375,-2.035311615990607,-2.3062363052165304,-14.371705930996349,134.59590072631835,154.40640237583693,114.78539907679976,8.155185488514386,84.67132259048832,0.0,0.0,0.0,0.0,0.0
2025-02-04 05:00:00,118.61112976074219,121.16028976109213,116.66176403787988,116.92168099297385,256550000,128.76281280517577,133.30532302856446,136.20143798828124,122.75690933227538,125.64785003737568,130.2847670587342,133.95661440621132,38.78017126975975,-4.805061488145483,-2.5892615904215823,-2.215799897723901,-11.170175079330102,133.30532302856446,153.77250501208886,112.83814104504008,8.027369326783255,82.99601631985432,0.0,0.0,0.0,0.0,0.0
2025-02-05 05:00:00,124.78910827636719,124.95905075493906,120.72044188886218,121.72011429490169,262230800,126.53953857421875,132.07572555541992,135.78057678222658,122.95773872375489,125.49171517173777,129.76137098422305,133.59710436190372,44.54970924688469,-4.620624412698078,-2.9955341548768817,-1.625090257821196,-9.352996511751765,132.07572555541992,151.39933955457442,112.75211155626542,8.112341266870956,84.43582891634829,0.0,0.0,0.0,0.0,0.0
2025-02-06 05:00:00,128.6378631591797,128.72784528628156,125.16900563533248,127.37828117148048,251483600,124.68614654541015,131.50291366577147,135.4210968017578,123.22014293670654,126.06374207854537,129.65437023898082,133.40262431473806,47.84721079959245,-4.11644256051126,-3.219715836003757,-0.8967267245075026,-8.627406691507677,131.50291366577147,150.5022048441213,112.50362248742162,8.018088828391484,82.89460640586218,0.0,0.0,0.0,0.0,0.0
2025-02-07 05:00:00,129.79745483398438,130.32727996151158,124.95904429961287,129.17766285547097,228186300,123.40856323242187,130.9895812988281,135.17917114257813,123.47176448822022,126.74259894317063,129.66799734326688,133.2612451194144,48.834463281860614,-3.5820142229387386,-3.2921755133907538,-0.28983870954798485,-11.715534584354238,130.9895812988281,149.56498381694502,112.41417878071121,8.049506293446578,82.9987161907242,0.0,0.0,0.0,0.0,0.0
2025-02-10 05:00:00,133.5262451171875,134.95576927734325,129.91742726932324,130.04737430419848,216989100,124.92306671142578,130.87261886596679,135.1303744506836,123.72751316070557,127.97598915662823,130.0354495122117,133.27163727618984,51.982214321635716,-2.8250285316171357,-3.19874611703603,0.3737175854188943,-9.271844106562433,130.87261886596679,149.3479397335833,112.39729799835028,8.079496436337639,83.02990211776418,0.0,0.0,0.0,0.0,0.0
2025-02-11 05:00:00,132.7565155029297,134.43595803743202,130.9770996135579,132.5365863252507,178902400,125.30394439697265,130.85112686157225,135.04819030761718,123.99313541412353,128.84517576504666,130.29459865418482,133.2514364223365,51.280867033228986,-2.261157448880141,-3.0112283834048528,0.7500709345247119,-6.885421947640991,130.85112686157225,149.31611213982168,112.38614158332282,7.829576213610274,82.726159038474,0.0,0.0,0.0,0.0,0.0
2025-02-12 05:00:00,131.0970458984375,132.19669170682792,129.03772306980744,129.97741762356085,160278600,126.04770050048828,130.82013778686525,134.964404296875,124.23569366455078,129.25460669839043,130.37102220125652,133.1669505194385,49.72327449647912,-1.925989276166689,-2.79418056195722,0.8681912857905312,10.741430617366255,130.82013778686525,149.2810855791881,112.35918999454239,7.844572465491018,82.75657423532716,0.0,0.0,0.0,0.0,0.0
2025-02-13 05:00:00,135.24566650390625,136.455276767875,131.12702127315083,131.51689288233604,197430000,127.11134872436523,130.77265167236328,134.9054135131836,124.47349433898925,130.3438902993933,130.83527403960412,133.24846879333919,53.52383689010246,-1.3105004398305482,-2.497444537531886,1.1869440977013377,4.884093294310232,130.77265167236328,149.1801913234008,112.36511202132576,7.721040784123221,82.63661251059078,0.0,0.0,0.0,0.0,0.0
2025-02-14 05:00:00,138.80453491210938,139.20439781688884,135.4556258828613,136.4353006772254,195479600,128.9887351989746,131.03656616210938,134.9100033569336,124.72897945404053,131.88218931988715,131.594251265557,133.46635373917331,56.55763865099424,-0.5294470290571951,-2.103845035836948,1.5743980067797527,12.247382451554433,131.03656616210938,149.75899321676928,112.31413910744946,6.152984772182533,82.72446850180195,0.0,0.0,0.0,0.0,0.0
2025-02-18 05:00:00,139.35433959960938,143.3930250185803,137.8848198127303,141.22373753647113,219176600,131.26199035644532,131.12103805541992,134.89300201416015,124.99398475646973,133.24076209801845,132.3333072973715,133.69725514546494,57.02436298677708,0.1323820516519163,-1.6565996183391751,1.7889816699910914,11.833120826069043,131.12103805541992,149.9841006402586,112.25797547058124,5.63601213408343,82.07869123879064,0.0,0.0,0.0,0.0,0.0
2025-02-19 05:00:00,139.18438720703125,141.3136943495984,137.17505112782226,139.46429426521587,167536000,133.3193161010742,131.041064453125,134.7750402832031,125.2749359512329,134.32142120874803,132.9857910982915,133.91243679493815,56.821145752068986,0.6358430260000887,-1.1981110894713223,1.833954115471411,15.957352412115933,131.041064453125,149.7445200211676,112.33760888508237,5.293268628656736,81.71701256390426,0.0,0.0,0.0,0.0,0.0
2025-02-20 05:00:00,140.06410217285156,140.61392504988532,136.74518244514988,139.98412654948388,143903600,134.84681549072266,130.69317703247071,134.6760726928711,125.5464134979248,135.3655450204032,133.6599159625353,134.15367857446418,57.66220712834427,1.0932231253867712,-0.7398442464997036,1.8330673718864747,20.101144515931768,130.69317703247071,148.37605968328785,113.01029438165358,5.076911522838974,80.12951254325411,0.0,0.0,0.0,0.0,0.0
2025-02-21 05:00:00,134.38595581054688,141.41366694156105,133.98609294492073,139.99411868487,228217600,135.42162475585937,130.05388565063475,134.5159246826172,125.77464870452881,135.18743789133842,133.7290626147269,134.1627874856831,50.78598717866167,0.986153429333342,-0.3946447113330945,1.3807981406664365,13.299617060915825,130.05388565063475,146.07472001890918,114.03305128236033,4.989083993476845,81.33045796986853,0.0,0.0,0.0,0.0,0.0
2025-02-24 05:00:00,130.23733520507812,138.544611438826,130.03740375103862,136.51527743543022,251381100,135.46561279296876,129.4370880126953,134.3453805541992,125.96539524078369,134.28741922110927,133.3965171471413,134.00884818056136,46.429519393034475,0.5600846057289459,-0.20369884792068638,0.7637834536496323,4.365947480484356,129.4370880126953,144.33928367394702,114.5348923514436,5.092621114411737,81.31342772492457,0.0,0.0,0.0,0.0,0.0
2025-02-25 05:00:00,126.5885238647461,130.1573543264651,124.39924631174091,129.93742515974864,271428700,134.7718406677246,129.8474536895752,134.1766358947754,126.14582321166992,132.88762006540688,132.74813683453223,133.71785507013723,42.94059886145014,-0.07118599952298155,-0.17719627824114542,0.10601027871816388,-1.5931073823091224,129.8474536895752,143.8952833049067,115.79962407424367,5.185448768493697,53.70378949115736,0.0,0.0,0.0,0.0,0.0
2025-02-26 05:00:00,131.23699951171875,133.68619399137987,128.44792005609298,129.9474287481865,322553800,134.61988906860353,129.9619167327881,134.01608840942382,126.35020313262939,132.58750723746357,132.60421899426427,133.62056661686594,48.27339184930482,-0.1941414249672846,-0.18058530758637326,-0.013556117380911337,1.1090700349830396,129.9619167327881,144.0161838873885,115.90764957818767,5.2390022779534755,45.19064045224422,0.0,0.0,0.0,0.0,0.0
2025-02-27 05:00:00,120.11064910888672,134.96577503505506,119.97069557287365,134.9557838016939,443175800,133.52124938964843,129.78447494506835,133.67240112304688,126.50727165222168,130.3189875777223,131.4143551956569,133.0907659302785,38.901613874254906,-1.1758336972653183,-0.37963498552216224,-0.796198711743156,-10.047160388975785,129.78447494506835,144.2571616306372,115.31178825949952,6.028741024543978,52.672862192660844,0.0,0.0,0.0,0.0,0.0
2025-02-28 05:00:00,124.87908172607422,125.04902421361967,116.36187573271177,117.98134023479652,389091100,132.48459091186524,129.79796981811523,133.48586227416993,126.6825305557251,129.32991378651354,130.79194819855377,132.7687390987411,43.926003252049775,-1.5511782180961973,-0.6139436320369693,-0.9372345860592279,-5.933745509222577,129.79796981811523,144.25082778569742,115.34511185053306,6.265806225901778,54.55907634324062,0.0,0.0,0.0,0.0,0.0
2025-03-03 05:00:00,114.02263641357422,123.65947815441595,112.2432206852501,123.46954557652553,411381400,130.00640106201172,129.49756813049316,133.12717987060546,126.80090362548827,126.54677244597912,129.19487088569858,132.03359781696986,36.555417818386786,-2.693615537486835,-1.0298780131269425,-1.6637375243598924,-13.024251895112137,129.49756813049316,145.01570976740004,113.9794264935863,6.799916697149295,61.5821013337107,0.0,0.0,0.0,0.0,0.0
2025-03-04 05:00:00,115.9520034790039,119.27091565466138,110.07393231302608,110.61375634258967,398163300,127.66616744995117,129.46407890319824,132.8392741394043,126.92414123535156,124.62045081561998,127.93364541839432,131.40294705861825,38.52947228739926,-3.4040814145536444,-1.504718693412283,-1.8993627211413615,-14.265642311241889,129.46407890319824,145.1016490279633,113.82650877843318,7.209782762703666,61.08809377088643,0.0,0.0,0.0,0.0,0.0
2025-03-05 05:00:00,117.26158142089844,118.2412561507128,114.47249437052442,117.54148848655969,284337900,125.4738868713379,129.39660148620607,132.6071501159668,127.03756599426269,123.28247456203422,126.91725837101376,130.84838370027632,39.896463709042074,-3.8174535175795796,-1.9672656582457424,-1.8501878593338372,-15.520352778712798,129.39660148620607,145.24162709023582,113.55157588217631,7.2133520017798185,60.914071486748476,0.0,0.0,0.0,0.0,0.0
2025-03-06 05:00:00,110.53378295898438,115.31221606989396,110.18389912538346,113.49281250827367,321181900,122.52085494995117,128.6838352203369,132.20508224487304,127.11870597839355,120.96453063420697,125.3569273793919,130.0517326908139,35.525606184253334,-4.634507281669087,-2.5007139829304115,-2.133793298738676,-20.6814920320614,128.6838352203369,146.55456510841844,110.81310533225538,7.3361699607853526,60.92685341178059,0.0,0.0,0.0,0.0,0.0
2025-03-07 05:00:00,112.65309143066406,113.44283358559466,107.52476685365718,111.21356065439609,341755500,120.34756851196289,127.88459663391113,131.76502670288085,127.21983726501465,119.45335986992643,124.14703824141783,129.36943303355315,37.83595419565433,-5.052772577369666,-3.0111257018182624,-2.0416468755514035,-19.06197692770163,127.88459663391113,147.14011490593268,108.62907836188958,7.476122490710701,60.143863437483326,0.0,0.0,0.0,0.0,0.0
2025-03-10 04:00:00,106.94496154785156,111.81336147496829,105.42545516002185,109.86400325750407,366487400,118.01833114624023,126.74197196960449,131.11144088745118,127.28092929840088,117.17910562954917,122.50874522298295,128.49004199489818,34.273621420244595,-5.778241246107356,-3.564548810676081,-2.213692435431275,-23.645702297172498,126.74197196960449,148.11523929716918,105.3687046420398,7.598938995338718,61.88564915548653,0.0,0.0,0.0,0.0,0.0
2025-03-11 04:00:00,108.72437286376953,112.20322856084239,104.73567447790636,106.95494843650206,354865700,116.23191604614257,125.50187835693359,130.48244659423827,127.34789016723633,115.6418814903165,121.19594785543882,127.71491771524609,36.28744760881054,-6.138832135203458,-4.079405475581557,-2.0594266596219013,-19.095435078762424,125.50187835693359,148.06281112156083,102.94094559230635,7.836718342564424,61.05407486330267,0.0,0.0,0.0,0.0,0.0
2025-03-12 04:00:00,115.71273803710938,116.7325020716217,112.85341103244578,114.09312447156262,323857500,114.67948989868164,124.64968948364258,129.99901794433595,127.45197170257569,115.65476449882429,120.67373739655031,127.244244002378,43.59666665402091,-5.79391173949719,-4.422306728364683,-1.371605011132507,-11.15240660068605,124.64968948364258,147.34400829422904,101.95537067305612,8.132388814215618,66.44622217474165,0.0,0.0,0.0,0.0,0.0
2025-03-13 04:00:00,115.55277252197266,117.73225924433854,113.76319330991835,117.0024278677365,299033100,114.22370223999023,123.87247581481934,129.57077102661134,127.51103324890137,115.63622050303309,120.18602645611433,126.78575492471505,43.47372239246233,-5.470408259857905,-4.6319270346633274,-0.8384812251945775,-8.717813436678213,123.87247581481934,146.70138996720883,101.04356166242985,7.885352524057038,66.41909584455983,0.0,0.0,0.0,0.0,0.0
2025-03-14 04:00:00,121.6413345336914,121.85128414551467,118.12216714928688,118.5820578648422,277593500,113.89992752075196,123.1922592163086,129.2546987915039,127.58719520568847,116.72805941769823,120.32462722540738,126.58401294859648,49.3306923463227,-4.668913028324127,-4.639324233395488,-0.029588794928638862,-7.311707074780005,123.1922592163086,145.3964855048225,100.9880329277947,7.727588519468084,68.3691482897221,0.0,0.0,0.0,0.0,0.0
2025-03-17 04:00:00,119.50183868408203,122.86104771124882,118.00219206936818,122.711081524258,255501500,114.44784774780274,122.22712440490723,128.95981521606444,127.61552062988281,117.23238292067711,120.24626641194783,126.30628062449787,47.469386976246305,-4.158425971355399,-4.54314458098747,0.3847186096320714,-0.5068746437734806,122.22712440490723,143.21899128264008,101.23525752717438,7.657643287221185,67.5250921353145,0.0,0.0,0.0,0.0,0.0
2025-03-18 04:00:00,115.4028091430664,118.99195980676369,114.51301940530757,117.97220343827061,299686900,114.39292831420899,121.02954788208008,128.50257751464844,127.61873355865478,116.8997331429297,119.78498476729246,125.878693507579,44.0408385916541,-4.038070366217539,-4.4421297380334845,0.4040593718159453,-7.588358636232028,121.02954788208008,140.5914536347681,101.46764212939206,7.507011083802662,68.09605132619816,0.0,0.0,0.0,0.0,0.0
2025-03-19 04:00:00,117.49231719970703,120.42162740294437,115.6527542355049,117.24237608211885,273426200,114.41600189208984,119.94494438171387,127.96397018432617,127.65400680541993,117.0074756987074,119.56663547514147,125.54981600530951,46.17500529759,-3.73107236489642,-4.299918263406072,0.5688458985096521,3.0429754084512206,119.94494438171387,137.5790038847346,102.31088487869314,6.794420997923845,68.71273166744534,0.0,0.0,0.0,0.0,0.0
2025-03-20 04:00:00,118.50206756591797,120.17167220516042,116.44255543913019,116.52253841801043,248829700,115.2128303527832,118.8668426513672,127.34639038085938,127.69866134643554,117.27921967456385,119.46524805521541,125.27343371356866,47.22252075232947,-3.3674776353328753,-4.113430137791433,0.7459525024585574,2.1992410742396773,118.8668426513672,133.74257757776877,103.9911077249656,6.440275875432582,68.77823035225603,0.0,0.0,0.0,0.0,0.0
2025-03-21 04:00:00,117.6722640991211,117.9621966837067,115.39280254041711,116.91244866461768,266498500,115.71474761962891,118.03115806579589,126.89795364379883,127.71234703063965,117.35068229721061,119.29448767844453,124.97534863064915,46.42295328048084,-3.1104293045608244,-3.912829971145311,0.8024006665844867,0.35022781822169335,118.03115806579589,130.99046559880293,105.07185053278886,5.75980473148092,67.65722082797107,0.0,0.0,0.0,0.0,0.0
2025-03-24 04:00:00,121.38140106201172,122.19120779583362,119.31188140429414,119.8517551027078,228452500,117.15839157104492,117.58836135864257,126.52429962158203,127.73739742279052,118.08354025444717,119.49324133402236,124.83440951031042,50.46069185945648,-2.577706104727497,-3.6458051978617485,1.0680990931342516,9.813848592382435,117.58836135864257,129.34057803682794,105.83614468045721,5.425659042557865,68.20606477485302,0.0,0.0,0.0,0.0,0.0
2025-03-25 04:00:00,120.66156768798828,121.26142480153007,118.89198043130345,120.5216012824151,167447200,118.3521110534668,117.2920135498047,126.22022109985352,127.72885051727295,118.552272515091,119.60451051059054,124.67076865453308,49.67821908350159,-2.188377415552509,-3.354319641399901,1.1659422258473922,7.108971583130752,117.2920135498047,128.36810982747193,106.21591727213746,5.334277531880714,67.56289140665601,0.0,0.0,0.0,0.0,0.0
2025-03-26 04:00:00,113.73320007324219,118.81199741904777,112.68344440410922,118.70203035263671,293463300,118.15415725708007,116.41682357788086,125.83115798950195,127.69286773681641,117.67607752566394,119.04533808798593,124.24184439644324,42.79907990175012,-2.4110993358589496,-3.165675580291711,0.7545762444327613,6.347413124603629,116.41682357788086,125.42691075213735,107.40673640362438,5.3985947453352905,68.7498971974261,0.0,0.0,0.0,0.0,0.0
2025-03-27 04:00:00,111.40375518798828,114.42304053099558,110.6339399022949,111.32377219977147,236902100,117.73925552368163,115.98147888183594,125.42489654541015,127.64578742980957,116.53565528245018,118.31756828798615,123.73838991768031,40.75563943666378,-2.7439443145710385,-3.081329327147577,0.3373850125765383,2.4643805741477953,115.98147888183594,125.08103288198014,106.88192488169175,5.2465257379612344,62.51076703686681,0.0,0.0,0.0,0.0,0.0
2025-03-28 04:00:00,109.6441650390625,112.84341584506377,109.04430789656145,111.46373602695421,229872500,116.53953857421875,115.21973304748535,124.8938720703125,127.58540168762207,115.28265705637969,117.49152988332676,123.18567521655804,39.23190014851732,-3.1138164400908863,-3.087826749736239,-0.025989690354647266,-5.244515946118799,115.21973304748535,123.71366921645854,106.72579687851216,5.001630857808386,60.555180089187374,0.0,0.0,0.0,0.0,0.0
2025-03-31 04:00:00,108.35446166992188,110.9338556226425,103.6255803841977,105.10522740758995,299212700,115.42480087280273,114.93632431030274,124.39043640136718,127.5229153060913,114.0229851679328,116.62133291062153,122.6040589990429,38.10731008002437,-3.4709995258274517,-3.164461304954482,-0.3065382208729699,-6.229457498029312,114.93632431030274,123.96015849122541,105.91249012938006,4.990253797487583,52.54259309892484,0.0,0.0,0.0,0.0,0.0
2025-04-01 04:00:00,110.12405395507812,110.17403760023085,106.4449205320371,108.49443304563391,222614000,114.89692535400391,114.64492683410644,123.83961944580078,127.44783725738526,113.31408858377739,116.00254443866503,122.11464703653449,40.622356048030426,-3.5701242166817906,-3.245593887299944,-0.32453032938184645,-9.468229383346083,114.64492683410644,123.90398911251194,105.38586455570095,4.684610073226267,52.51481504291987,0.0,0.0,0.0,0.0,0.0
2025-04-02 04:00:00,110.39398193359375,111.95361956622256,106.76483994973236,107.26472214391917,220601200,114.18709182739258,114.30154685974121,123.23182189941406,127.35206951141357,112.7831601019258,115.46839562865824,121.65501311092898,41.016086965791146,-3.5855681190173243,-3.3135887336434204,-0.27197938537390387,-7.621520179757257,114.30154685974121,123.66085484127622,104.9422388782062,4.771732479088411,52.31010928720558,0.0,0.0,0.0,0.0,0.0
2025-04-03 04:00:00,101.7760238647461,105.60511590388697,101.57606639857329,103.48562015563714,338769400,112.5144874572754,113.8636589050293,122.32690536499024,127.20186744689941,110.78186260425676,114.16436022257136,120.87544490519632,33.40096690550014,-4.244279305894636,-3.4997268480936636,-0.7445524578009728,-11.808018695131594,113.8636589050293,124.67244511919182,103.05487269086677,4.951689901336871,55.60121793727735,0.0,0.0,0.0,0.0,0.0
2025-04-04 04:00:00,94.28778076171875,100.10640942744341,92.08830207120735,98.88670323249266,532273800,110.17603912353516,112.94539337158203,121.2692253112793,127.01872200012207,107.7829386328862,112.27135265487111,119.83279140937367,28.45703559137023,-5.3093484399472,-3.8616511664643713,-1.447697273482829,-19.749833002737084,112.94539337158203,126.86113328182209,99.02965346134197,5.296608912169593,60.13989808525662,0.0,0.0,0.0,0.0,0.0
2025-04-07 04:00:00,97.61698913574219,101.72602116602216,86.59958951154498,87.43938789235719,611041300,107.7995979309082,112.47899475097657,120.3700993347168,126.82923362731934,105.93458417886,110.87569898638264,118.9615834770744,33.19170341024119,-5.817721042887413,-4.2528651417489804,-1.5648559011384329,-17.624231255339275,112.47899475097657,127.79621157123883,97.16177793071431,6.020724081862645,59.82398539240715,0.0,0.0,0.0,0.0,0.0
2025-04-08 04:00:00,96.27731323242188,105.82505852328022,94.43774279946976,103.78553826456235,476243400,105.36117248535156,111.85664176940918,119.92802139282226,126.65703536987304,104.17871673405307,109.48537653362447,118.07200425179391,32.26633292268508,-6.256588583998436,-4.653609830198872,-1.6029787537995643,-18.18181287705759,111.85664176940918,128.74688938626818,94.96639415255018,6.475616757857823,59.412913737119275,0.0,0.0,0.0,0.0,0.0
2025-04-09 04:00:00,114.30307006835938,115.07288532975399,97.50702445286697,98.86670469924479,612918300,105.41815948486328,111.78615837097168,119.63512802124023,126.59600570678711,106.01950824938149,109.9442044893135,117.92420291126707,51.75610987583508,-5.091178407540568,-4.741123545667211,-0.35005486187335677,-5.831479066579681,111.78615837097168,128.62032401525704,94.95199272668631,7.551792138665101,87.78771194671803,0.0,0.0,0.0,0.0,0.0
2025-04-10 04:00:00,107.5446548461914,110.83388059600858,99.12664053501021,109.34423379452805,437812400,105.0322494506836,111.38575248718261,119.31283142089843,126.54346363067627,106.29680763061965,109.7156759518733,117.51716181067587,46.368886399396054,-4.659221467553763,-4.724743130044522,0.06552166249075864,-10.870829124079616,111.38575248718261,128.22364743008552,94.54785754427971,8.413732460654265,90.33073802495338,0.0,0.0,0.0,0.0,0.0
2025-04-11 04:00:00,110.90386199951172,111.52371865557488,107.45467796999777,108.47443427245335,313417300,105.15821914672851,110.84887886047363,119.03872497558594,126.46783676147462,107.13445387950911,109.82883652783886,117.25781672004199,49.19929851275255,-3.999726183623409,-4.579739740760299,0.5800135571368905,-2.4876975869037588,110.84887886047363,126.97982619143335,94.71793152951392,8.38159653128745,88.91377315392674,0.0,0.0,0.0,0.0,0.0
2025-04-14 04:00:00,110.68391418457031,114.2630725146749,109.04430120283689,114.08311462021162,264705000,105.39116439819335,110.40798263549804,118.85178985595704,126.38956092834472,107.77981029861114,109.91027249514661,117.00001662061173,49.016889556970774,-3.4549923688171873,-4.354790266371677,0.8997978975544898,-0.6461550620113998,110.40798263549804,126.01669244113498,94.79927282986111,8.576550151368146,88.75123164427026,0.0,0.0,0.0,0.0,0.0
2025-04-15 04:00:00,112.1735610961914,113.5932323217664,110.47396469045397,110.94385517244878,228966900,105.59611511230469,110.2465202331543,118.7628253173828,126.3307774734497,108.57867407998936,110.12582379048422,116.8107438549482,50.35926446771644,-2.870001251801881,-4.057832463457718,1.187831211655837,2.3069135108354955,110.2465202331543,125.70375309538304,94.78928737092556,8.229489033327672,88.09247194462849,0.0,0.0,0.0,0.0,0.0
2025-04-16 04:00:00,104.46538543701172,106.76484672728219,100.4263361362673,104.52537649088836,397016900,105.00325546264648,109.59517364501953,118.4799104309082,126.23570209503174,107.83080341762977,109.58673442348683,116.32661215228403,43.915776645192416,-2.993865514681133,-3.845039073702401,0.8511735590212681,-3.5892165149206123,109.59517364501953,124.86353532695715,94.32681196308191,8.797926485557918,91.06242215203004,0.0,0.0,0.0,0.0,0.0
2025-04-17 04:00:00,101.4660873413086,104.44538862475022,100.02643178468185,104.42538906519317,292517500,104.97226181030274,108.74337463378906,118.01345001220703,126.12183208465576,106.67358231284409,108.81333946327938,115.74384647342225,41.68100805029086,-3.2960522865123494,-3.7352417162643907,0.43918942975204134,-7.862012251475314,108.74337463378906,123.8191249692681,93.66762429831002,8.843629750117028,91.32030813024868,0.0,0.0,0.0,0.0,0.0
2025-04-21 04:00:00,96.88717651367188,99.41657935183265,95.01761424618036,98.74673137333838,288501100,105.23220138549804,107.7041202545166,117.37843627929688,125.99321353912353,104.89423580390368,107.67751442045962,115.00436922009871,38.46303242264427,-3.8605156947213572,-3.7602965119557843,-0.10021918276557296,-12.235092152076499,107.7041202545166,123.05143308172315,92.35680742731005,8.782215311308702,92.35947677224631,0.0,0.0,0.0,0.0,0.0
2025-04-22 04:00:00,98.86669921875,99.78648062043173,97.2570779520085,98.75672452641882,241004800,105.35717239379883,106.57838516235351,116.75982116699218,125.84645618438721,103.79832006114847,106.83838916315393,114.37151941612426,40.59817703432144,-4.100853981719666,-3.8284080059085612,-0.2724459758111051,-2.858556009087565,106.57838516235351,120.97503289092985,92.18173743377717,8.722942956920567,91.81005400560682,0.0,0.0,0.0,0.0,0.0
2025-04-23 04:00:00,102.68579864501953,104.77531016741209,101.99595878138034,104.4953697335839,247526000,105.99802093505859,105.67959671020508,116.14301223754883,125.7310383605957,103.59604344003412,106.44290435190304,113.9132558564731,44.59251494562592,-3.9377623266259434,-3.850278870052038,-0.08748345657390555,8.906793452402905,105.67959671020508,118.53638888406522,92.82280453634493,8.774359480647131,93.33800535728278,0.0,0.0,0.0,0.0,0.0
2025-04-24 04:00:00,106.40492248535156,106.51489717654988,103.08570507328525,103.45562063709751,220815000,105.20820617675781,105.31318283081055,115.61598037719726,125.62237190246582,104.10674872100091,106.4392870312791,113.61881141054677,48.242433992675366,-3.4684269363508236,-3.773908483311795,0.3054815469609715,9.002463021461594,105.31318283081055,117.6090241174057,93.0173415442154,8.418015408969266,92.47299868339024,0.0,0.0,0.0,0.0,0.0
2025-04-25 04:00:00,110.98385620117188,111.8936379045766,105.70510100806126,106.82483233532861,251064700,105.55212631225587,105.29218788146973,115.21371658325195,125.52070770263671,105.3571318992138,106.87210314269745,113.51547983370854,52.39992071234291,-2.695916725199737,-3.5583101316893835,0.8623934064896464,15.27519046283221,105.29218788146973,117.54560231918768,93.03877344375178,8.16807363061045,93.512656684829,0.0,0.0,0.0,0.0,0.0
2025-04-28 04:00:00,108.70438385009766,110.343996814893,105.9950156815573,109.66415673478784,207708500,105.33217849731446,105.24519882202148,114.68289093017579,125.3900046157837,105.96572316301086,107.04660606721175,113.32680940297871,50.23654741188863,-2.241789234780157,-3.2950059523075383,1.0532167175273814,-4.898106599335783,105.24519882202148,117.43538903063818,93.05500861340478,7.443959978120263,93.64333636486673,0.0,0.0,0.0,0.0,0.0
2025-04-29 04:00:00,108.99431610107422,110.17403844763395,107.41469407982767,107.64463563001284,170444300,105.16321868896485,105.27719154357911,114.08668655395508,125.29828315734864,106.51637642447693,107.23210226091295,113.15690770486482,50.51638697846976,-1.8373153891053704,-3.0034678396671053,1.1661524505617349,1.347962162281413,105.27719154357911,117.50504065952246,93.04934242763575,6.827676309834251,93.51944077389031,0.0,0.0,0.0,0.0,0.0
2025-04-30 04:00:00,108.89433288574219,108.89433288574219,104.05547701680861,104.44538450923935,235044600,104.83529586791992,105.2157054901123,113.47748641967773,125.19686622619629,106.94873214470697,107.39040993946813,112.98974790803648,50.41110837467236,-1.5074577278868873,-2.704265817311062,1.1968080894241746,-1.8119559387195894,105.2157054901123,117.35296801047173,93.07844296975287,5.837909666043786,93.36600271492095,0.0,0.0,0.0,0.0,0.0
2025-05-01 04:00:00,111.58370208740234,114.91291927434723,111.27377757314032,113.05335693358144,236121500,105.54712753295898,105.27519149780274,112.92547271728516,125.1128942489624,107.79145395246975,107.78977109641424,112.9346088562469,53.23431795617006,-1.0173066583908366,-2.366873985527017,1.3495673271361803,0.8129346612476995,105.27519149780274,117.5304029272258,93.01998006837968,5.183778012847777,93.74474550117307,0.0,0.0,0.0,0.0,0.0
2025-05-02 04:00:00,114.47303009033203,115.37281962529518,113.34329900218786,114.15310576985596,190194800,106.84782180786132,105.91004180908203,112.41365127563476,125.05376388549804,109.00628597753561,108.42627195297784,112.99493910072083,56.12441696782692,-0.39120422298624646,-1.971740033018863,1.5805358100326166,2.0499206512386348,105.91004180908203,118.70559075886356,93.1144928593005,5.163783502298901,89.09859122573258,0.0,0.0,0.0,0.0,0.0
2025-05-05 04:00:00,113.7931900024414,114.64298826396649,112.63346720059009,112.88340831442672,133163200,108.53842315673828,106.88531227111817,112.00179595947266,125.03306419372558,109.8766321638821,108.9374070053077,113.02624305765104,55.25908304456737,0.049557783188319604,-1.5674804697774265,1.617038252965746,8.92908643988488,106.88531227111817,118.900590882363,94.87003365987333,4.9345513416945,84.04522458345586,0.0,0.0,0.0,0.0,0.0
2025-05-06 04:00:00,113.51325988769531,114.7129742117387,110.7938992837595,111.4537475013017,158525600,110.00307922363281,107.68012580871581,111.667314453125,124.99547229766846,110.53783720457541,109.37320251791606,113.04534175686847,54.883847499200286,0.37198877279618614,-1.1795866212627042,1.5515753940588903,11.8731024937059,107.68012580871581,119.20708437208839,96.15316724534324,4.9916804343135555,83.64685034151567,0.0,0.0,0.0,0.0,0.0
2025-05-07 04:00:00,117.03242492675781,117.65228163619798,112.25355204144066,113.02337494499027,206758800,111.43774185180663,108.71788139343262,111.47619247436523,124.99126857757568,111.7186713358813,110.10265227113909,113.20169795960923,58.682335493862645,0.9010975709293234,-0.7634497828242988,1.6645473537536222,20.792481665768435,108.71788139343262,119.64384088398972,97.79192190287552,4.538216479658785,83.55522471131303,0.0,0.0,0.0,0.0,0.0
2025-05-08 04:00:00,117.34235382080078,118.65204278244111,115.82270761670769,118.22214377270919,198428100,112.53148498535157,108.86984558105469,111.19829956054687,124.96057804107666,112.7411590604121,110.79214765682116,113.36407662083244,59.009651638243305,1.3300962553626334,-0.3447405751869123,1.6748368305495458,18.68743949989875,108.86984558105469,120.19995577774705,97.53973538436233,4.423243730616181,51.460203937710205,0.0,0.0,0.0,0.0,0.0
2025-05-09 04:00:00,116.62252044677734,118.20215005190205,115.18285724943865,117.32235248570746,132972200,113.09535140991211,109.32373886108398,111.12853698730468,124.93103607177734,113.44686113066032,111.3474212558646,113.4918587316538,57.86311466547399,1.593625938339997,0.042932727518469604,1.5506932108215274,13.572199842294141,109.32373886108398,121.14692385343021,97.50055386873775,4.178302281140121,46.31693723505818,0.0,0.0,0.0,0.0,0.0
2025-05-12 04:00:00,122.97102355957031,122.97102355957031,120.25166311897564,121.94126742822685,225023300,114.52201538085937,109.92709693908691,111.09037582397461,124.97491649627686,115.17852702682578,112.45443099907467,113.86359068568976,64.42761965252893,2.288367380572538,0.4920196581292833,1.7963477224432547,15.568923586687777,109.92709693908691,123.22895563056719,96.62523824760663,4.424673638713915,48.76279201810769,0.0,0.0,0.0,0.0,0.0
2025-05-13 04:00:00,129.89938354492188,131.18908818741485,124.44067836400953,124.95056035306071,330430100,116.61252212524414,110.88787040710449,111.40791076660156,125.06328395843506,117.85504639375233,114.11585505106012,114.49244530762044,69.9328512050359,3.3592919010326483,1.0654741067099562,2.293817794322692,17.043494424507365,110.88787040710449,126.91626697703562,94.85947383717335,4.589634615798376,51.8522382469229,0.0,0.0,0.0,0.0,0.0
2025-05-14 04:00:00,135.30810546875,135.40808800730593,131.6489642323906,133.16861033831793,281180800,119.25389938354492,112.04459762573242,111.79503280639648,125.17479690551758,121.02832986193371,116.13416461464963,115.30874570609612,73.39449983490721,4.591517796729477,1.7706828447138605,2.820834952015616,24.47345790151263,112.04459762573242,131.44755253697096,92.64164271449387,4.709606468002213,53.154784799772926,0.0,0.0,0.0,0.0,0.0
2025-05-15 04:00:00,134.79823303222656,136.2678878895653,132.6287461607251,134.258351724734,226632600,121.57535247802734,113.56124000549316,112.14576583862305,125.29110702514649,123.53194862016878,117.91169494013315,116.07303932672869,72.5465714122155,5.463938371963252,2.5093339501637386,2.9546044217995133,23.674552815417883,113.56124000549316,135.09473419118197,92.02774581980435,4.527506813168275,44.73878341477365,0.0,0.0,0.0,0.0,0.0
2025-05-16 04:00:00,135.36810302734375,136.31789147723805,133.42857277146337,136.18791721457987,226542500,123.66485977172852,115.25634078979492,112.64245223999023,125.44954753875733,125.68397669420058,119.57420999605796,116.82970849145869,72.92309624022727,6.1306513764211275,3.2335974354152164,2.897053941005911,24.311430576813642,115.25634078979492,138.07975093108917,92.43293064850067,4.377540969322569,42.09576235185066,0.0,0.0,0.0,0.0,0.0
2025-05-19 04:00:00,135.53805541992188,135.83797251007488,132.35879696756518,132.35879696756518,193154600,125.83934631347657,117.18888473510742,113.1001515197754,125.54241985321045,127.47562737160445,121.09457622690215,117.56336915532,73.0418434449038,6.596697352809798,3.9062174188941325,2.6904799339156655,21.467609412848066,117.18888473510742,140.00873052956166,94.36903894065317,4.428957481801384,36.12749365267311,0.0,0.0,0.0,0.0,0.0
2025-05-20 04:00:00,134.3483428955078,134.54829272140586,132.58874781513978,134.2583525069389,161514200,127.92285461425782,118.96296691894531,113.64821914672852,125.66837474822998,128.72521201231416,122.3568397191503,118.2216034196411,70.70424808887726,6.791751208684573,4.483324176852221,2.308427031832352,17.36244143226744,118.96296691894531,141.2969751634198,96.62895867447084,4.286848090409705,37.24796492460723,0.0,0.0,0.0,0.0,0.0
2025-05-21 04:00:00,131.76895141601562,137.36762292180558,130.55922977564506,133.02864907239967,270608700,129.3965072631836,120.41712455749511,114.10911071777343,125.79112800598145,129.27861917662352,123.25323130932794,118.75287196851853,65.78831161695588,6.661408884197542,4.918941118321285,1.7424677658762562,15.796869226698496,120.41712455749511,142.06547776298922,98.768771352001,4.343262858806524,38.1728002210917,0.0,0.0,0.0,0.0,0.0
2025-05-22 04:00:00,132.7987060546875,134.21836966107523,131.51900885300861,132.19884131725317,187344000,130.94214248657227,121.73681373596192,114.450830078125,125.95311359405518,129.91863497263515,124.16232414221933,119.30368899150555,66.78130088374324,6.565521007023989,5.248257096061826,1.317263910962163,16.98959767878423,121.73681373596192,143.00316148528782,100.470465986636,4.265423092390365,37.181880177573795,0.0,0.0,0.0,0.0,0.0
2025-05-23 04:00:00,131.25906372070312,132.64873565144939,129.12957588399638,129.96937433382988,198821300,132.40579681396486,122.75057411193848,114.76495590209962,126.08841007232667,130.16234929046567,124.83820410207494,119.77252721617997,63.79963477084977,6.292753954025727,5.457156467654606,0.8355974863711211,12.156151427989936,122.75057411193848,143.79046751449212,101.71068070938483,4.383966600055702,36.056225160203866,0.0,0.0,0.0,0.0,0.0
2025-05-27 04:00:00,135.4680633544922,135.6280293045703,133.27857708527512,134.1183754403962,192953600,133.65550079345704,124.0887580871582,115.04149047851563,126.27143871307374,131.12702457483414,125.8505716499242,120.38803843729025,68.0052247221064,6.343095932246456,5.634344360572976,0.7087515716734796,15.446860356467763,124.0887580871582,144.7684742518008,103.4090419225156,4.416101646904844,35.23095627385129,0.0,0.0,0.0,0.0,0.0
2025-05-28 04:00:00,134.7782440185547,137.2176717346689,134.75824445795843,135.9979578766118,304021100,134.1433868408203,125.37795448303223,115.34701858520508,126.42073291778564,131.7908826555106,126.70082616122235,120.95236022479082,66.63881051272288,6.255223336450058,5.758520155748394,0.4967031807016644,15.567939624545346,125.37795448303223,145.29633013944266,105.4595788266218,4.206151481330068,35.58882415319901,0.0,0.0,0.0,0.0,0.0
2025-05-29 04:00:00,139.15721130371094,143.45620133736625,137.87751407348716,142.21648797143945,369241900,134.5282974243164,126.89109840393067,115.82210662841797,126.59302135467529,133.13021513700156,127.88714855574507,121.66627595337593,70.66787841292943,6.464412016776436,5.899698527954002,0.5647134888224334,13.162603087791336,126.89109840393067,146.1231389328994,107.65905787496195,4.623910206549936,36.08883179615972,0.0,0.0,0.0,0.0,0.0
2025-05-30 04:00:00,135.09817504882812,139.58710766728817,132.88868890141003,138.6873257641086,333170900,134.55829162597655,128.06682205200195,116.17422378540039,126.72367496490479,133.48802603006092,128.57391298365775,122.19301709437406,63.06485427647546,6.230840005055441,5.96592682337429,0.26491318168115097,4.00216795648487,128.06682205200195,146.2024646084579,109.93117949554602,4.886704918222416,38.66292283675983,0.0,0.0,0.0,0.0,0.0
2025-06-02 04:00:00,137.34764099121094,138.08745689917103,135.36809645457458,135.45808684638126,197663100,134.7562454223633,129.2105525970459,116.55113525390625,126.82999301910401,134.18977420481545,129.40950612723424,122.7873160707206,65.2933807740329,6.156279843070308,6.003997427313494,0.15228241575681434,1.5073269375809772,129.2105525970459,146.60663383171783,111.81447136237398,4.646760542333126,38.29272222418186,0.0,0.0,0.0,0.0,0.0
2025-06-03 04:00:00,141.1867218017578,141.9665367692297,137.91748812723765,138.74729436292043,225578800,135.32111206054688,130.58022918701172,117.02142440795899,126.94581115722656,135.4619464951686,130.5311457152841,123.50886139350638,68.75795560255321,6.333958187164683,6.069989579283732,0.2639686078809511,4.739297115270014,130.58022918701172,147.15970655329096,114.00075182073249,4.389677053059856,38.37915915352488,0.0,0.0,0.0,0.0,0.0
2025-06-04 04:00:00,141.88656616210938,142.3564566649135,139.5071219355859,142.15650682982962,167120800,136.07493438720704,131.99889450073243,117.43152770996093,127.04124000549317,136.6300591618851,131.61261432926747,124.22955569815747,69.35844769706736,6.456811047469898,6.147353872920966,0.30945717454893273,4.815361218032965,131.99889450073243,147.23026911847577,116.7675198829891,4.199722072127252,38.12060607722603,0.0,0.0,0.0,0.0,0.0
2025-06-05 04:00:00,139.95701599121094,143.96606551828813,138.79728569106723,142.13649493837005,231397900,136.89374084472655,133.14512405395507,117.8174366760254,127.11842529296875,137.23496040358071,132.40731924945257,124.84631884690467,65.61387042383342,6.325557166013795,6.182994531539532,0.14256263447426232,3.260309849951959,133.14512405395507,147.02456597295372,119.2656821349564,4.308981936297302,38.37899365491458,0.0,0.0,0.0,0.0,0.0
2025-06-06 04:00:00,141.6865997314453,143.23623746842864,141.47664251332282,142.47640682683559,153986200,137.78253021240235,134.3623363494873,118.37650466918946,127.17717147827149,138.04434937228336,133.2910602477376,125.50672201884743,67.31717839101829,6.288609298954185,6.204117485022463,0.08449181393172189,5.462111908328482,134.3623363494873,146.57649514964066,122.14817754933391,4.336832134257518,38.31193095752617,0.0,0.0,0.0,0.0,0.0
2025-06-09 04:00:00,142.59640502929688,144.96584183837217,141.9065651342004,143.15627066728982,185114500,138.91626434326173,135.6610305786133,119.00035766601563,127.2542100906372,138.87199585537672,134.17728356026703,126.17690566631605,68.20925497395115,6.260573537423227,6.215408695502616,0.04516484192061032,8.216999146557114,135.6610305786133,145.15339473340939,126.1686664238172,4.32255117457303,37.87858933697253,0.0,0.0,0.0,0.0,0.0
2025-06-10 04:00:00,143.92608642578125,144.25599524562207,141.4966510569608,142.65638139553192,155881900,139.76206665039064,136.70878372192382,119.68599609375,127.33165019989013,139.79092141363208,135.1057409760303,126.87295197060881,69.51873649936664,6.273334080246173,6.226993772451328,0.04634030779484455,8.379133126878058,136.70878372192382,144.83046074542204,128.5871066984256,4.30898235913583,34.115871099068045,0.0,0.0,0.0,0.0,0.0
2025-06-11 04:00:00,142.80625915527344,144.96590375929992,141.84641202362192,144.5859620448177,167694000,140.5648681640625,137.3541275024414,120.37503204345703,127.4272797012329,140.33916463938505,135.83912365976772,127.49778754647802,67.0151655986705,6.122509719508599,6.206096961862782,-0.08358724235418258,8.797255676865689,137.3541275024414,145.24549097532199,129.46276402956082,4.045489401244221,29.35410117117599,0.0,0.0,0.0,0.0,0.0
2025-06-12 04:00:00,144.9759063720703,144.9759063720703,141.82643588786814,141.94641106631286,162365000,141.14673767089843,137.83751754760743,121.07206909179688,127.50562099456788,141.18220859078235,136.7092934418918,128.18320397101104,69.3204759988075,6.107647565632391,6.186407082616705,-0.07875951698431383,7.018512542471389,137.83751754760743,146.3603249822767,129.31471011293817,4.077640092396761,26.308376232003866,0.0,0.0,0.0,0.0,0.0
2025-06-13 04:00:00,141.94639587402344,143.556128789635,140.8265869783813,142.4563055840922,180820600,141.83155975341796,138.19492568969727,121.70311737060547,127.5833576965332,141.32115173318982,137.2080651020948,128.72293698681545,62.72805485431161,5.784730253598752,6.106071716813115,-0.3213414632143623,5.3184784441040245,138.19492568969727,146.78037838395528,129.60947299543926,4.111939322610896,27.613647764993953,0.0,0.0,0.0,0.0,0.0
2025-06-16 04:00:00,144.66595458984375,146.1556971839991,143.1761967394354,143.32618096280035,183133700,142.56339111328126,138.65981826782226,122.56091598510743,127.66549659729004,141.9292977071269,137.9183402914042,129.3481533634048,65.86623759788135,5.682754362485696,6.021408245947631,-0.3386538834619355,3.958647370498092,138.65981826782226,147.60036195567716,129.71927457996736,4.100534731618645,28.222973206617596,0.0,0.0,0.0,0.0,0.0
2025-06-17 04:00:00,144.09603881835938,145.1958620737219,143.75609899624828,144.46598768948277,139108000,142.8543228149414,139.08771743774415,123.55708114624024,127.75822944641114,142.32325063644188,138.5066925320666,129.9265018126187,64.63800384806218,5.492634621438441,5.915653521045794,-0.42301889960735295,6.660240796205552,139.08771743774415,148.21636999775666,129.95906487773163,4.027701574530299,28.337213141061323,0.0,0.0,0.0,0.0,0.0
2025-06-18 04:00:00,145.455810546875,145.62578045463974,143.0962022725339,143.9860537050978,161494100,143.21124725341798,139.6430908203125,124.51385757446289,127.89784187316894,142.89280698379335,139.1685132953817,130.5354943120013,66.2548530242621,5.3895581004261714,5.810434436921869,-0.4208763364956978,5.903391930978197,139.6430908203125,148.9081986571084,130.3779829835166,3.588531636194176,28.050781697505773,0.0,0.0,0.0,0.0,0.0
2025-06-20 04:00:00,143.8260955810547,146.17569581398777,142.6262828381709,145.42582047781178,242956200,143.59815521240233,140.24594802856444,125.46483322143554,128.02040996551514,143.06249581965903,139.6120925606839,131.0566943617681,62.56270917048109,5.117374924577007,5.671822534452897,-0.5544476098758899,1.8694206832019722,140.24594802856444,148.90288660898636,131.58900944814252,3.3636026511898,27.302539147588433,0.0,0.0,0.0,0.0,0.0
2025-06-23 04:00:00,144.1460418701172,144.7559411184857,142.00639807778802,142.47632119978937,154308900,143.84409942626954,140.81331481933594,126.0616926574707,128.2014003753662,143.2595041924696,140.0438972568204,131.57000210719357,62.998651040898054,4.871331115565397,5.511724250675397,-0.6403931351100001,1.5924521743843512,140.81331481933594,148.8826003023424,132.74402933632948,3.346478450500856,27.285369408383513,0.0,0.0,0.0,0.0,0.0
2025-06-24 04:00:00,147.87539672851562,147.93539956519925,145.47580197371775,145.53578955415,187566100,144.37199859619142,141.64413146972657,126.8683074951172,128.40998329162596,144.0987573808416,140.7897543493628,132.20942934724542,67.71746747192427,4.920546397886483,5.393488680117614,-0.47294228223113155,5.6577233239968105,141.64413146972657,148.9577476058279,134.33051533362524,3.287225730291092,27.639042969875216,0.0,0.0,0.0,0.0,0.0
2025-06-25 04:00:00,154.28436279296875,154.4243389252029,149.23519867353343,149.24520677628502,269146500,145.40782623291017,142.5849464416504,127.73591751098633,128.64561344146728,145.950685637592,142.07495515351573,133.0751130117836,73.88193385607214,5.414287329087159,5.397648409911524,0.016638919175635536,8.891287592052755,142.5849464416504,151.2664650330126,133.9034278502882,3.5514834065310685,29.283481882245155,0.0,0.0,0.0,0.0,0.0
2025-06-26 04:00:00,154.99423217773438,156.69394650127538,153.97439748110884,155.95406403411533,198145700,146.62662353515626,143.5957458496094,128.6221238708496,128.90668239593506,147.5949668267088,143.3053624891556,133.93468631240913,74.46358551080405,5.796047869079416,5.477328301745103,0.3187195673343135,8.694347621099086,143.5957458496094,153.11705817503807,134.0744335241807,3.376538348884328,28.966868327990735,0.0,0.0,0.0,0.0,0.0
2025-06-27 04:00:00,157.72378540039062,158.68363258213975,155.23419369167684,156.01406285223712,263234500,147.9014114379883,144.52407455444336,129.5331283569336,129.16320789337158,149.43657020374187,144.67854562355893,134.86759215899664,76.61969098113933,6.246838317101975,5.631230304816477,0.6156080122854979,9.586656121386628,144.52407455444336,155.69997083397138,133.34817827491534,3.405836843683448,27.695410487636185,0.0,0.0,0.0,0.0,0.0
2025-06-30 04:00:00,157.96376037597656,158.6336472456001,155.93409881773164,158.37368067249696,194580300,149.5031478881836,145.66735382080077,130.6030958557129,129.4127872467041,150.98696841687544,145.94380417140823,135.77332424593703,76.80511304699246,6.547975978794852,5.814579439612153,0.7333965391826993,10.614031422966107,145.66735382080077,157.44524522099425,133.8894624206073,3.3644301523221327,24.411911723710578,0.0,0.0,0.0,0.0,0.0
2025-07-01 04:00:00,153.2745361328125,157.17388214393176,151.46483925954294,156.26402965591922,213143600,150.36400604248047,146.46369857788085,131.63926483154296,129.5948916244507,151.40288981977307,146.6419691201134,136.45964628071647,65.82034151563172,6.335220064953745,5.918707564680472,0.41651250027327347,5.724144079116389,146.46369857788085,158.02481534631806,134.90258180944363,3.6315427900201565,27.56174369454204,0.0,0.0,0.0,0.0,0.0
2025-07-02 04:00:00,157.22386169433594,157.57380961936815,152.94457434216997,152.9545671877056,171224100,151.67678833007812,147.26555557250975,132.84599853515624,129.78554706573487,152.46124834242084,147.6497684128965,137.2739292381133,69.74502239582304,6.411380632351296,6.017242178214637,0.3941384541366588,10.762841653176714,147.26555557250975,159.4911317232566,135.03997942176292,3.739381614414455,27.3371590831644,0.0,0.0,0.0,0.0,0.0
2025-07-03 04:00:00,159.3135223388672,160.95324924613055,157.74379112425564,158.34368228178877,143716100,153.06255950927735,148.13690338134765,134.0549349975586,129.98685077667236,153.70711634177474,148.7606021201318,138.13822700677034,71.60302460670047,6.564683001444735,6.126730342860657,0.43795265858407717,10.12509666877197,148.13690338134765,161.20347317308276,135.07033358961255,3.78080426209963,27.473551015215218,0.0,0.0,0.0,0.0,0.0
2025-07-07 04:00:00,158.21371459960938,159.28352889047815,157.31385497697042,158.17371270193448,140139000,154.5013214111328,149.04973831176758,135.16549331665038,130.194250831604,154.52649784319922,149.6608985467487,138.92550103001892,69.19452374289249,6.522246542173207,6.205833582723168,0.3164129594500391,9.797407268804982,149.04973831176758,162.26024954527227,135.8392270782629,3.627257688400184,26.93921506835556,0.0,0.0,0.0,0.0,0.0
2025-07-08 04:00:00,159.97340393066406,160.19336858156893,158.36367094336165,159.30351713245472,138133000,156.0840576171875,149.9640785217285,136.23686294555665,130.41639698028564,155.51684440455648,150.64304191664542,139.75090898690695,70.88215874936283,6.555045085766267,6.275675883331788,0.27936920243447894,9.98075864360921,149.9640785217285,163.55470171257934,136.37345533087768,3.4679971649704617,26.905820891096937,0.0,0.0,0.0,0.0,0.0
2025-07-09 04:00:00,162.85293579101562,164.39267314506114,161.13322041798892,161.1932080055649,183656400,157.5818115234375,150.97690505981444,137.27424453735352,130.66403636932372,156.8506792020945,151.8058889522997,140.6568708223622,73.44578460031916,6.735746827176143,6.367690072100659,0.3680567550754841,13.229059812193933,150.97690505981444,165.25734889038955,136.69646122923933,3.680819031893565,27.229075941148256,0.0,0.0,0.0,0.0,0.0
2025-07-10 04:00:00,164.07273864746094,164.4726660794993,161.5831469026993,164.29270331195812,167704100,158.5606491088867,151.98423767089844,138.3816116333008,130.89528369903564,158.16378091943386,152.9741603518389,141.57514014883668,74.47115114122508,6.89786782877016,6.47372562343456,0.4241422053355999,13.823963890245917,151.98423767089844,166.9941645275507,136.97431081424617,3.7065291029431484,27.214321054494363,0.0,0.0,0.0,0.0,0.0
2025-07-11 04:00:00,164.89259338378906,167.862101078866,163.44283738179527,163.6927958392512,193633300,159.55048522949218,153.08855438232422,139.49957717895506,131.13997661590577,159.38720136749842,154.10924921202462,142.48955007961914,75.16527499703867,7.01167904455491,6.58131630765863,0.4303627368962797,11.50779442135008,153.08855438232422,168.49986324947764,137.6772455151708,3.768661297318425,26.68469784438175,0.0,0.0,0.0,0.0,0.0
2025-07-14 04:00:00,164.04273986816406,165.4625020418882,161.99307751467913,165.3425116109199,136975800,160.18238067626953,154.0418960571289,140.60254531860352,131.37912075042723,160.233662913074,155.05529594118076,143.33477320858168,72.95101345670962,6.953147619270283,6.655682569980962,0.29746504928932094,6.3249294345467,154.0418960571289,169.69717604545258,138.3866160688052,3.8200814034978094,26.868291872068788,0.0,0.0,0.0,0.0,0.0
2025-07-15 04:00:00,170.671630859375,172.37134531045626,169.17188012202328,171.1615549258278,230627400,161.4531677246094,155.4781578063965,141.78430389404298,131.62836849212647,162.13147526694692,156.5425659333897,144.40680684194612,78.31663296842426,7.356851936431383,6.795916443271047,0.5609354931603363,10.114827152834383,155.4781578063965,171.7207723765307,139.2355432362623,4.144313385441391,27.434692673631577,0.0,0.0,0.0,0.0,0.0
2025-07-16 04:00:00,171.34152221679688,171.72146396229547,168.87193138356372,171.03157616389174,158831500,163.2598663330078,156.81193618774415,142.92167373657227,131.86777088165283,163.80602925782873,157.95199034133324,145.4630701899795,78.77484648461262,7.642744350908259,6.96528202479849,0.6774623261097696,8.633914524582863,156.81193618774415,173.68496234106962,139.93891003441868,3.8800698413017107,27.248087771845892,0.0,0.0,0.0,0.0,0.0
2025-07-17 04:00:00,172.97125244140625,174.13106334471073,170.80161486292053,171.99141956059896,160841100,164.83460540771483,158.25569686889648,144.10523498535156,132.11267303466798,165.4724334730246,159.3823962556259,146.5418224351335,79.88833375469677,7.909644302095074,7.154154480257807,0.7554898218372674,9.50059180011269,158.25569686889648,175.48517505233576,141.0262186854572,3.923634088560543,26.839988185712592,0.0,0.0,0.0,0.0,0.0
2025-07-18 04:00:00,172.38134765625,174.22103817113316,171.23152964225835,173.61113894806013,146456400,166.14138793945312,159.60197372436522,145.28259674072265,132.36782039642333,166.7285996881565,160.62039162711392,147.55513714968708,78.28738624678559,7.98155762227637,7.31963510866152,0.6619225136148499,12.465744151319068,159.60197372436522,176.8280772678271,142.37587018090335,3.873641811736931,27.21662455669664,0.0,0.0,0.0,0.0,0.0
2025-07-21 04:00:00,171.35153198242188,173.35119970444802,170.97159023323564,172.72129949000853,123126100,167.45516967773438,160.9782455444336,146.36897888183594,132.6176187133789,167.56913283256836,161.6424049942861,148.48832910391198,75.44497880174895,7.8647915074431864,7.428666388417853,0.43612511902533324,8.985703655817856,160.9782455444336,177.27031569327687,144.68617539559034,3.85078902911864,26.769829013414427,0.0,0.0,0.0,0.0,0.0
2025-07-22 04:00:00,167.00225830078125,171.36153479867312,164.55266825003173,171.31154005146294,193114300,168.1580551147461,162.1210563659668,147.36217697143556,132.86786197662354,167.46606473587977,162.1528672139523,149.2143655430049,64.75219140538698,7.336730223412303,7.4102791554167435,-0.07354893200444046,4.826166573330637,162.1210563659668,176.54067150733187,147.70144122460175,3.872927988562052,29.355413897689786,0.0,0.0,0.0,0.0,0.0
2025-07-23 04:00:00,170.75161743164062,171.23153339032083,167.94208685699226,169.5018251648929,154082200,168.9479232788086,163.26486740112304,148.44475891113282,133.12760562896727,168.06343795329082,162.9717958061131,150.05896365628473,68.85076688587583,7.1384917096286244,7.355921666259119,-0.2174299566304949,7.924662450256514,163.26486740112304,176.50775523245966,150.02197956978642,3.8443594037292956,29.09614317099058,0.0,0.0,0.0,0.0,0.0
2025-07-24 04:00:00,173.7111358642578,173.80111724784433,171.27153886755505,172.41134882841166,128984600,169.9117630004883,164.2362060546875,149.45956115722657,133.38215476989745,169.09029211892116,163.99459009736498,150.98649982130328,71.65272021833584,7.137913242347281,7.312319981476752,-0.1744067391294708,8.587509921054126,164.2362060546875,177.5552225920111,150.9171895173639,3.7957959940442305,26.14766035287816,0.0,0.0,0.0,0.0,0.0
2025-07-25 04:00:00,173.47117614746094,174.69097468726906,172.9312725713388,173.58115848322245,122316800,170.76962127685547,165.16005325317383,150.33099700927735,133.62515823364257,169.88681648774656,164.89712210213602,151.86825183409377,71.09431382681893,7.036974200916887,7.25725082536478,-0.22027662444789264,6.520140582587586,165.16005325317383,178.34243923460448,151.97766727174317,3.7786556193323366,26.278322123951032,0.0,0.0,0.0,0.0,0.0
2025-07-28 04:00:00,176.7206268310547,176.97058528484683,173.94109004538618,173.99108478739527,140023500,172.03740997314452,166.10989532470703,151.15924743652343,133.87041450500487,171.12932745925713,166.02317017155684,152.84285477515107,74.0442192225336,7.136912907308897,7.233183241753604,-0.09627033444470712,7.708707910806534,166.10989532470703,179.76533540842783,152.45445524098622,3.8872095590056466,26.348213103734146,0.0,0.0,0.0,0.0,0.0
2025-07-29 04:00:00,175.48081970214844,179.35018677118867,174.99091091823115,177.93042464674528,154077500,172.51832885742186,166.98574829101562,151.97289916992187,134.08363204956055,171.92050786705553,166.92389869827986,153.73061810562157,71.06429566522573,7.034978129585824,7.193542219320048,-0.15856408973422464,6.421286791041725,166.98574829101562,180.68822443407973,153.28327214795152,3.882924318902821,26.70533947944852,0.0,0.0,0.0,0.0,0.0
2025-07-30 04:00:00,179.24021911621094,179.86011122312902,176.01074478620916,176.48066791766442,174312200,173.30819854736328,168.28403244018554,152.85034149169923,134.31684608459472,173.25136445781106,168.09688159522568,154.73099461584079,74.42533053725234,7.174839118764055,7.18980159920885,-0.014962480444794757,9.264341268781905,168.28403244018554,181.42547897485508,155.142585905516,3.9893366292014343,23.802426648618184,0.0,0.0,0.0,0.0,0.0
2025-07-31 04:00:00,177.84043884277344,183.26954448460754,175.9007587673991,182.86960179799485,221685400,173.7951171875,169.31486129760742,153.69638916015626,134.53226547241212,174.0857416187133,169.0248394283255,155.63724733062247,71.11314301386992,7.0909888848401295,7.170039056335106,-0.07905017149497695,4.2003512518757,169.31486129760742,182.0308607065593,156.59886188865553,4.2000167734969835,23.45256025029282,0.0,0.0,0.0,0.0,0.0
2025-08-01 04:00:00,173.69113159179688,176.51065501732398,170.86160006411595,174.06106522140865,204529000,173.92609558105468,170.03374176025392,154.48324493408202,134.72698829650878,174.01399434109211,169.46924820579898,156.345242791845,62.26702603743869,6.613486397957558,7.058728524659597,-0.44524212670203855,1.3713017980703235,170.03374176025392,181.9708420246345,158.09664149587334,4.450689220029013,25.513391791038792,0.0,0.0,0.0,0.0,0.0
2025-08-04 04:00:00,179.9700927734375,180.17005649193501,174.49100755408614,175.1309006070304,148174600,174.78795166015624,171.1215606689453,155.44726776123048,134.93676239013672,175.09692132879127,170.46932864081217,157.2717074970055,68.62700490167212,6.664893188844758,6.97996145749663,-0.31506826865187243,4.046244814237032,171.1215606689453,182.47427194024968,159.76884939764093,4.318569181303723,27.47376510061359,0.0,0.0,0.0,0.0,0.0
2025-08-05 04:00:00,178.23037719726562,180.23004490386853,175.87076869322405,179.59015184800575,156407600,175.9107635498047,172.0344093322754,156.35590118408203,135.1701750946045,175.66664057760477,171.20847612237918,158.093616112702,65.34080301206112,6.4904352361546955,6.8820562132282435,-0.3916209770735479,3.3930756549596763,172.0344093322754,182.5153421239769,161.5534765405739,4.426408012154632,28.00621268277607,0.0,0.0,0.0,0.0,0.0
2025-08-06 04:00:00,179.3901824951172,179.87009845787975,176.22071111043454,176.30069964693718,137192300,176.77462005615234,172.86127166748048,157.3185235595703,135.38879501342774,176.34364819897064,171.98768625311612,158.92877557867908,66.49274232741331,6.37230666181128,6.780106302944851,-0.4077996411335718,4.69132106360155,172.86127166748048,182.8919738927959,162.83056944216506,4.449260788272848,27.623909124833883,0.0,0.0,0.0,0.0,0.0
2025-08-07 04:00:00,180.73997497558594,183.84945895635624,178.7703010091291,181.53984513179375,151878400,177.47750396728514,173.69463348388672,158.2239617919922,135.60811630249023,177.1429803401734,172.821237560018,159.78411673149895,67.83270365396257,6.31481265856749,6.687047574069379,-0.37223491550188914,8.226066410468658,173.69463348388672,183.41565794488506,163.97360902288838,4.598521461012301,27.624321425648514,0.0,0.0,0.0,0.0,0.0
2025-08-08 04:00:00,182.66964721679688,183.2695536485861,180.37002623661053,181.51984435483087,123396700,178.39735107421876,174.5834861755371,159.18178985595702,135.83173805236817,178.14782886319585,173.7591813368541,160.68158851523614,69.69831585778707,6.35173779027005,6.619985617309514,-0.26824782703946415,6.97974634994456,174.5834861755371,184.16571515638805,165.00125719468616,4.635658456781101,27.6979271972357,0.0,0.0,0.0,0.0,0.0
2025-08-11 04:00:00,182.0297393798828,183.80944232526838,180.2200426409657,182.01974653412333,138323200,178.92826232910156,175.48283615112305,160.03924041748047,136.02362159729003,178.85363077532074,174.54685353142827,161.51877090208504,68.28400663741662,6.257236481505174,6.547435790148647,-0.2901993086434729,4.788756618415846,175.48283615112305,184.24043170724693,166.72524059499918,4.4056965378997655,27.621569775663467,0.0,0.0,0.0,0.0,0.0
2025-08-12 04:00:00,183.1295623779297,184.44933506001817,179.4301803710301,182.9295986692803,145485700,179.6931365966797,176.1057327270508,160.9998681640625,136.22160400390624,179.631072884886,175.36425437395224,162.3662529207456,69.43210136932586,6.199624624265709,6.47787355697206,-0.27824893270635087,5.567718190979765,176.1057327270508,185.18860559026672,167.02285986383487,4.4621165092889425,24.33581317339212,0.0,0.0,0.0,0.0,0.0
2025-08-13 04:00:00,181.55982971191406,183.93943921657484,179.3202115957667,182.58965738273272,179871700,179.92509765625,176.61664810180665,161.88411193847656,136.43187980651857,179.98175594434565,175.95430916804384,163.11894220667378,65.77251950405247,5.95861529695415,6.374021904968478,-0.4154066080143277,2.7383350589208044,176.61664810180665,185.7206903979279,167.51260580568538,4.574239923903546,24.717692658513506,0.0,0.0,0.0,0.0,0.0
2025-08-14 04:00:00,181.98974609375,182.98957985829236,179.43017409752198,179.72011917648817,129554000,180.34002838134765,177.06757278442382,162.7001724243164,136.64005683898927,180.34684506241916,176.52911268477777,163.85897373165716,66.29646913629438,5.736181201492371,6.246453764273257,-0.5102725627808855,3.7091953426303004,177.06757278442382,186.3037903428668,167.83135522598084,4.7027901842492685,24.59845604765187,0.0,0.0,0.0,0.0,0.0
2025-08-15 04:00:00,180.42001342773438,181.86976944489334,178.01041021115256,181.84978375259033,156602200,181.0129165649414,177.46950607299806,163.4708413696289,136.8347374725342,180.3601484015674,176.89967466029745,164.50842626875823,62.53249401919044,5.37131904848269,6.0714268211151445,-0.7001077726324549,0.6582196324802059,177.46950607299806,186.54531301329638,168.39369913269974,4.737070666050093,24.837581376845147,0.0,0.0,0.0,0.0,0.0
2025-08-18 04:00:00,181.979736328125,182.90958965389834,180.55997422620712,180.56998232776263,132008000,181.21388092041016,178.00091629028321,164.3112957763672,137.04231468200683,180.65461893366876,177.3834900572334,165.19357568285105,64.67836487128002,5.148669113836945,5.886875279659504,-0.7382061658225592,2.3275344529547937,178.00091629028321,186.80908742232754,169.1927451582389,4.603520692707696,24.725907975835725,0.0,0.0,0.0,0.0,0.0
2025-08-19 04:00:00,175.61080932617188,182.46966985536903,175.46084035755914,182.39967416584764,185229200,180.9519241333008,178.43134384155275,164.98977996826173,137.214398727417,179.73756264139658,177.21466332094184,165.60209464925578,51.66597825946983,4.407491437091608,5.5909985111459255,-1.1835070740543179,1.1052249569578176,178.43134384155275,185.6797222442472,171.1829654388583,4.79134483390979,26.37694498658041,0.0,0.0,0.0,0.0,0.0
2025-08-20 04:00:00,175.370849609375,175.9707560164781,168.77195541250927,175.1408920976954,215142700,180.54999084472655,178.66230545043945,165.64526885986328,137.39482917785645,178.94361481739264,177.03906201507834,165.98518307906437,51.247639078559935,3.757426767793447,5.22428416247543,-1.4668573946819832,-2.5555597006067243,178.66230545043945,185.13299665071972,172.19161425015918,4.779203040106962,25.33974881498997,0.0,0.0,0.0,0.0,0.0
2025-08-21 04:00:00,174.95091247558594,176.87059152353538,173.78110877087863,174.8209444570093,140040900,179.97108459472656,178.72429428100585,166.26576538085936,137.6060469055176,178.21766893706416,176.8401906303648,166.33678031030053,50.47735469273511,3.1717979049038263,4.81378691096111,-1.6419890060572842,-1.8400144651267714,178.72429428100585,185.0165663521962,172.4320222098155,4.501391895392623,24.658892447059337,0.0,0.0,0.0,0.0,0.0
2025-08-22 04:00:00,177.96043395996094,178.56032512128596,171.17155351749952,172.58132291943235,172789400,179.50016326904296,178.94875717163086,166.96884887695313,137.81911743164062,178.1708989412272,176.94688047127872,166.79260986518915,55.6250513503207,2.9169018155825768,4.434409891885404,-1.5175080763028275,-0.7970048947328334,178.94875717163086,184.75339828778095,173.14411605548077,4.566380945653216,25.346538029948096,0.0,0.0,0.0,0.0,0.0
2025-08-25 04:00:00,179.78012084960938,181.87977802218637,176.54066896263805,178.3203719824875,163012800,179.27520141601562,179.1017318725586,167.6649331665039,138.03803771972656,178.4634847427512,177.2167128882626,167.30192402144093,58.43816772625193,2.829116063686513,4.113351126245626,-1.2842350625591132,-0.5310690820368946,179.1017318725586,184.8197441032236,173.38371964189358,4.636369006289205,24.74780260571897,0.0,0.0,0.0,0.0,0.0
2025-08-26 04:00:00,181.7397918701172,182.35968393651802,178.7802771456414,180.03006938032237,168688200,179.13622436523437,179.41468048095703,168.4608010864258,138.24746398925782,179.05917694772683,177.64748231510592,167.86811491746747,61.28462392497372,2.8844244470143394,3.867565790399369,-0.9831413433850296,-0.5090365919282247,179.41468048095703,184.9813864398862,173.84797452202787,4.6313703951057335,24.7977205921718,0.0,0.0,0.0,0.0,0.0
2025-08-27 04:00:00,181.56983947753906,182.45969102424806,179.07025476697962,181.94976597929116,235518900,179.13722534179686,179.53116149902343,169.1988787841797,138.42755180358887,179.51566104405632,178.02104014009956,168.40543744923497,60.89511174049138,2.8813288362875937,3.670318399577014,-0.7889895632894204,-0.2526509700615298,179.53116149902343,185.17939250926403,173.88293048878282,4.510675988680112,23.705374387531087,0.0,0.0,0.0,0.0,0.0
2025-08-28 04:00:00,180.1400604248047,184.43934897141472,176.3806906932069,180.7899615720414,281787800,178.95225677490234,179.646142578125,169.9197592163086,138.58414710998534,179.6291882041924,178.22285159578576,168.8656187423946,57.57949947171271,2.732011395342937,3.482656998730199,-0.7506456033872619,-1.6324518632089946,179.646142578125,185.24284726964504,174.04943788660495,4.879185336268129,23.708499933731396,0.0,0.0,0.0,0.0,0.0
2025-08-29 04:00:00,174.1510467529297,178.12038822306508,173.12121914292007,178.08040158317536,243257900,178.3253601074219,179.66913833618165,170.49366394042968,138.71704498291015,178.63316248578096,177.8350606583709,169.07289042908226,46.225812475065645,2.1061346869279305,3.2073525363697453,-1.1012178494418148,-4.080628942393316,179.66913833618165,185.165703528763,174.1725731436003,5.124145450381123,25.254923299077454,0.0,0.0,0.0,0.0,0.0
2025-09-02 04:00:00,170.75161743164062,172.351357635579,167.19221149694363,169.9717482776903,231164900,177.20254821777343,179.2082145690918,171.0321743774414,138.84479103088378,177.20015429411907,177.16044701772992,169.13872286055513,41.25343037477285,1.320594360552093,2.8300009012062146,-1.5094065406541217,-6.175143876688627,179.2082145690918,185.9935032761428,172.4229258620408,5.262694062309551,22.320469824355012,0.0,0.0,0.0,0.0,0.0
2025-09-03 04:00:00,170.59165954589844,172.38137081666613,168.851958278929,171.03158891427162,164424900,176.70063323974608,178.82627868652344,171.56108673095704,138.95659339904785,175.9986097944426,176.53484821088884,169.19570076978428,41.0297831643426,0.677332856288956,2.3994672922227633,-1.7221344359338073,-5.447485395389684,178.82627868652344,186.62725072655954,171.02530664648734,5.184850127804479,22.16485268285393,0.0,0.0,0.0,0.0,0.0
2025-09-04 04:00:00,171.63148498535156,171.83144870716828,169.381858788342,170.54166973363456,141670100,176.32669677734376,178.43834381103517,172.03620849609376,139.08369079589843,175.20458710188058,176.06786123702815,169.29122171941438,43.18602783312616,0.2485831902125426,1.9692904718207191,-1.7207072816081765,-5.686485512933515,178.43834381103517,186.86760652711678,170.00908109495356,5.105577567665615,22.144123297382137,0.0,0.0,0.0,0.0,0.0
2025-09-05 04:00:00,166.9922637939453,169.0019244592772,164.04275681292185,168.00209055003162,224441400,175.53083190917968,177.75095825195314,172.2903665161133,139.18514305114746,173.7114374095287,175.2035186234012,169.20106650665087,36.732652447669835,-0.4602449701613409,1.4833833834243073,-1.9436283535856482,-4.907753438012374,177.75095825195314,187.52487085323094,167.97704565067534,5.363391302653635,23.504388014842036,0.0,0.0,0.0,0.0,0.0
2025-09-08 04:00:00,168.2820281982422,170.93159698121408,167.32219627229085,167.5221599855096,163769100,174.5629913330078,177.03157730102538,172.55612243652342,139.31693473815918,172.7242720983857,174.54432905910033,169.16502578867406,39.44200276339541,-0.907462522588304,1.0052142022217851,-1.912676724810089,-4.042189124887408,177.03157730102538,187.38208150416,166.68107309789076,5.466945371303979,23.284801693354016,0.0,0.0,0.0,0.0,0.0
2025-09-09 04:00:00,170.7316131591797,170.95157781434446,166.71229229208453,169.0618925540675,157548400,173.65814056396485,176.46667098999023,172.81627899169922,139.47012062072753,172.36197047307553,174.1812132591079,169.2264605875174,44.319070786175715,-1.0520967046988687,0.5937520208376544,-1.6458487255365233,-2.411704664298364,176.46667098999023,186.90150126069844,166.03184071928203,5.269120801621838,24.199362330798063,0.0,0.0,0.0,0.0,0.0
2025-09-10 04:00:00,177.300537109375,179.26020289704138,175.44084555219968,176.61064931709572,226852000,173.21421508789064,176.1752197265625,173.20301452636718,139.6218647003174,173.25989167967543,174.4782917210381,169.54309103935498,54.825734252273605,-0.6294076524371803,0.34912008618268753,-0.9785277386198679,-0.37081099202893597,176.1752197265625,186.1415771087107,166.20886234441429,5.364105739757043,28.225696014063317,0.0,0.0,0.0,0.0,0.0
2025-09-11 04:00:00,177.1505584716797,180.26021784214308,176.4606317396978,179.66027757334626,151159300,172.77228698730468,175.9547561645508,173.68053497314452,139.77845664978028,173.967285641858,174.7327933163373,169.84142309552456,54.572540854997015,-0.3030323871202256,0.21868959152210493,-0.5217219786423306,-1.4626546948032004,175.9547561645508,185.60980125759278,166.2997110715088,5.414827407599081,28.100661218252583,0.0,0.0,0.0,0.0,0.0
2025-09-12 04:00:00,177.80047607421875,178.5803891806412,176.43061617633268,177.75047851465564,124911000,172.5383285522461,175.74529266357422,174.0920672607422,139.9343997192383,174.6642293568327,175.0249535789927,170.15354282017924,55.53092494256995,0.007973368953088311,0.17654634700830163,-0.16857297805521332,-2.1675582190133214,175.74529266357422,185.02347969361273,166.4671056335357,5.0406132219220865,28.12560760944351,0.0,0.0,0.0,0.0,0.0
2025-09-15 04:00:00,177.73049926757812,178.83038469078608,174.49084923140515,175.650725630949,147061600,172.89627380371093,175.6108169555664,174.46040679931642,140.11358352661134,175.2217329769682,175.2826245969532,170.45067836713605,55.39541365833331,0.24596578735312846,0.190430235077267,0.05553555227586146,-2.114525309384263,175.6108169555664,184.67931582626804,166.54231808486477,4.969215107624415,27.981562876847487,0.0,0.0,0.0,0.0,0.0
2025-09-16 04:00:00,174.86080932617188,177.4805168617991,174.36086420825131,176.98057174387853,140737800,173.30719299316405,175.25487060546874,174.79334869384766,140.30805717468263,175.15611049500524,175.24245171402166,170.6236246792551,50.006149091550824,0.20070291997768663,0.19248477205735093,0.008218147920335706,-2.93063690896036,175.25487060546874,183.8154210339676,166.69432017696988,4.954231412513715,28.27711447489963,0.0,0.0,0.0,0.0,0.0
2025-09-17 04:00:00,170.27130126953125,173.18098551277336,168.39151800406466,172.62104942275718,211843800,173.27515716552733,174.9878952026367,174.999306640625,140.47508506774903,174.26796336310088,174.76900881454637,170.60980807495218,42.829601452724994,-0.20316125607385516,0.11335556643110972,-0.3165168225049649,-2.227804860055005,174.9878952026367,183.83011588017067,166.14567452510275,5.174221060002198,27.060605388164,0.0,0.0,0.0,0.0,0.0
2025-09-18 04:00:00,176.2206573486328,177.08056354559588,172.94101865721873,173.96089569350613,191763300,173.73407440185548,175.0303855895996,175.26666107177735,140.67975662231444,174.6229986331976,174.90726105588794,170.82984137980242,52.37173392688323,-0.04267132209960778,0.08215018872496622,-0.124821510824574,3.202921295420058,175.0303855895996,183.8885077108332,166.172263468366,5.084978488420542,29.978903830326026,0.0,0.0,0.0,0.0,0.0
2025-09-19 04:00:00,176.6505889892578,178.06043774665943,175.16074718989944,175.7506939671915,237182100,174.6999069213867,175.1153694152832,175.51821807861327,140.87203353881836,174.99165142520854,175.07329228763746,171.05810599193794,52.98246248718904,0.11785147866623902,0.08929044671322078,0.028561031953018234,3.5517149311330654,175.1153694152832,184.00284556833583,166.22789326223057,4.790753436625926,29.968012474040023,0.0,0.0,0.0,0.0,0.0
2025-09-22 04:00:00,183.58984375,184.52974299714734,174.69082690233378,175.28075846993005,269637000,176.2306884765625,175.39683990478517,175.8921630859375,141.0971075439453,176.55495912062517,175.88439242691007,171.54954668833253,61.55196668735913,0.79583295330076,0.23059894803072864,0.5652340052700313,6.967462156299042,175.39683990478517,184.99209272249402,165.8015870870763,4.996473496542175,32.502977924652065,0.0,0.0,0.0,0.0,0.0
2025-09-23 04:00:00,178.410400390625,182.3999677661597,176.19065819152993,181.95002022927713,192559600,176.99856719970703,175.32835388183594,176.1795162963867,141.28813751220704,176.89231207880695,176.12496461393053,171.81859977469693,53.686636615944245,0.9047707300779848,0.3654333044401799,0.539337425637805,6.837524288411778,175.32835388183594,184.8107669910284,165.84594077264347,5.272885855165957,34.00371770844137,0.0,0.0,0.0,0.0,0.0
2025-09-24 04:00:00,176.9505615234375,179.76025041106172,175.38072666046574,179.75025700209653,143564100,176.96356964111328,175.08889236450196,176.30509490966796,141.4474779510498,176.90290288692157,176.2035928910264,172.01985317660834,51.68206581060258,0.8633556799701978,0.4650177795461835,0.3983379004240143,5.151193753728389,175.08889236450196,184.12076500896785,166.05701972003607,5.410738271720935,33.85442870616343,0.0,0.0,0.0,0.0,0.0
2025-09-25 04:00:00,177.67050170898438,180.2402117285651,173.11100459099512,174.4608472798892,191586700,177.01556396484375,174.89392547607423,176.43167449951173,141.61076805114746,177.0424663091148,176.34329849273666,172.24144723670153,52.62159826571776,0.8785003058841312,0.547714284813773,0.33078602107035815,4.064208391995505,174.89392547607423,183.49480335093355,166.2930476012149,5.377915340659525,33.904596038156924,0.0,0.0,0.0,0.0,0.0
2025-09-26 04:00:00,178.17044067382812,179.750269051669,174.91078879333958,178.15043859744398,148573700,177.05256042480468,174.7954444885254,176.53565826416016,141.7896534729004,177.24755255724446,176.51731203379302,172.47395678325555,53.3006756706379,0.9202355250249639,0.6222185328560113,0.2980169921689526,0.4906378619239593,174.7954444885254,183.1859325350458,166.404956442005,5.442211560021,33.823872597681174,0.0,0.0,0.0,0.0,0.0
2025-09-29 04:00:00,181.83004760742188,183.97980553666213,180.30021674934378,180.41019002973698,193063500,177.46251525878907,175.17939453125,176.7246322631836,142.00498100280763,178.08073347545854,177.0232868503291,172.84086230577188,58.04156967383157,1.23438150025072,0.744651126334953,0.4897303739157669,2.6415322515002337,175.17939453125,184.1298242859648,166.22896477653524,5.554360084347719,32.233537136054,0.0,0.0,0.0,0.0,0.0
2025-09-30 04:00:00,186.55950927734375,187.32942897828707,181.4600633204032,182.06000352373024,236981000,178.63238525390625,175.96978912353515,177.02879180908204,142.26264976501466,179.6223290758013,177.93149851004478,173.3788484615198,63.2359626100917,1.8437192322846272,0.9644647475248879,0.8792544847597393,4.92632719356092,175.96978912353515,186.00059163256566,165.93898661450464,5.364415507206445,32.18711630655131,0.0,0.0,0.0,0.0,0.0
2025-10-01 04:00:00,187.21945190429688,188.11934700723293,183.87980694521147,185.21967144700423,173844900,180.32720031738282,176.8011787414551,177.43313568115235,142.50242515563966,181.0036241355278,178.81606549997355,173.92161722398166,63.90741118259414,2.3527545397913627,1.242122705978183,1.1106318338131798,5.338955708683901,176.8011787414551,187.67594147206344,165.92641601084674,5.395840790033314,32.12358418964453,0.0,0.0,0.0,0.0,0.0
2025-10-02 04:00:00,188.8692626953125,191.0290292282152,188.03935198339767,189.57919146332628,136805800,181.5920608520508,177.66306762695314,177.7954885864258,142.76029640197754,182.43374023730684,179.7735128519106,174.50779939932795,65.59892003344649,2.8563681966392664,1.5649718041104,1.2913963925288665,8.011202409003104,177.66306762695314,189.50228056211907,165.8238546917872,5.514398241434015,32.15196326163777,0.0,0.0,0.0,0.0,0.0
2025-10-03 04:00:00,187.5994110107422,190.33911589327732,185.35966652947783,189.16924608680657,137596900,182.68694305419922,178.69342498779298,178.07325408935546,143.02726333618165,183.37295310520415,180.51883648608504,175.0211959331089,63.14587908844049,3.1170873866069257,1.8753949206097051,1.2416924659972206,10.176764734875299,178.69342498779298,190.20474859788519,167.18210137770077,5.560106377463912,30.219580160715203,0.0,0.0,0.0,0.0,0.0
2025-10-06 04:00:00,185.51962280273438,187.20943969833962,183.3098739831843,185.4796339074747,157678100,182.87992095947266,179.55530471801757,178.31422302246094,143.29507766723634,183.76325668657327,180.99510184957546,175.43289894760406,59.23869067713212,3.119923164015688,2.124300569290902,0.9956225947247863,5.276887280986919,179.55530471801757,190.3429026027142,168.76770683332094,5.625813660908989,30.809625998784064,0.0,0.0,0.0,0.0,0.0
2025-10-07 04:00:00,185.01968383789062,189.03924688644503,183.97980469837793,186.20955566811082,140088000,183.5408493041992,180.26970825195312,178.48020416259766,143.56843963623047,183.9916979868128,181.37839537227214,175.80885129624275,58.30477847748509,3.046709076026275,2.308782270637977,0.7379268053882981,4.737654652904522,180.26970825195312,190.47355408867767,170.06586241522857,5.525110151334695,30.71317887179189,0.0,0.0,0.0,0.0,0.0
2025-10-08 04:00:00,189.0892333984375,189.57918508139647,186.51950830089396,186.5495190429729,130168900,184.7547164916992,180.85914306640626,178.75237243652344,143.8695468902588,184.91852260710817,182.11276089857358,176.32965059436805,63.367470862422564,3.2792637119069923,2.50287855889178,0.7763851530152124,2.9954759675737685,180.85914306640626,191.68389161444304,170.03439451836948,5.364412934723354,28.76973376005225,0.0,0.0,0.0,0.0,0.0
2025-10-09 04:00:00,192.54885864257812,195.27855455286462,191.039014711271,192.20888438710807,182997200,186.2425521850586,181.62905807495116,179.0185452270508,144.17910530090333,186.30585643173907,183.10667496943117,176.96569796880766,67.03228155470609,3.700075611780221,2.742317969469468,0.957757642310753,7.924682765689295,181.62905807495116,193.4845260872627,169.7735900626396,5.599386548842434,29.196140735002192,0.0,0.0,0.0,0.0,0.0
2025-10-10 04:00:00,183.139892578125,195.59851591827854,182.03001384654092,193.4887469873255,268774400,186.73949737548827,181.8960289001465,179.12453430175782,144.42152542114258,185.73022664017287,183.10983855121154,177.20782324760444,51.84205155016422,3.237032649425032,2.8412609054605813,0.3957717439644508,3.497774181331259,181.8960289001465,193.62832073742433,170.16373706286865,5.865785547194152,34.777167382193,0.0,0.0,0.0,0.0,0.0
2025-10-13 04:00:00,188.29933166503906,190.08912842775598,185.93959015922437,187.9493639887039,153482800,187.38642578125,182.42447052001953,179.41669830322266,144.6649008178711,186.197336644694,183.60407599062367,177.64278436201363,57.52598443059756,3.2489396271692215,2.9227966498023097,0.3261429773669118,5.982326753072487,182.42447052001953,194.31774441839383,170.53119662164522,5.8336462822770745,36.00462576626632,0.0,0.0,0.0,0.0,0.0
2025-10-14 04:00:00,180.01022338867188,184.77970370013514,179.6802578066599,184.74970821605342,205641400,186.73149719238282,182.68194122314452,179.41750091552734,144.8640814971924,185.07240696178087,183.2618043142473,177.7356251081571,47.77083731236639,2.560004096208246,2.850238139083497,-0.29023404287525123,1.0325970502659265,182.68194122314452,194.09920538432993,171.2646770619591,6.136471289975873,39.202311498720185,0.0,0.0,0.0,0.0,0.0
2025-10-15 04:00:00,179.8102569580078,184.84969686580231,177.2705272995106,184.77971248532194,214450500,185.9905776977539,183.15888900756835,179.44909851074217,145.0637119293213,184.1156524156403,182.93308551841497,177.81698321991595,47.56130188443693,1.9751142174114023,2.6752133547490784,-0.7000991373376761,-1.1108123635180878,183.15888900756835,193.09398498177123,173.22379303336547,6.1686114634559965,37.81269451795822,0.0,0.0,0.0,0.0,0.0
2025-10-16 04:00:00,181.7900390625,183.2598789113643,179.75026972003684,182.20999112544493,179723300,185.28265533447265,183.4373580932617,179.49709564208985,145.28783653259276,183.69281362416024,182.82422395118496,177.97278933138983,49.90413561158895,1.6522900732148287,2.4706286984422285,-0.8183386252273999,-2.5565409307296894,183.4373580932617,192.85221665288665,174.02249953363676,6.073620672955856,36.044513798208115,0.0,0.0,0.0,0.0,0.0
2025-10-17 04:00:00,183.19989013671875,184.07979842608083,179.7302697995737,180.1602152773484,173135200,184.84270324707032,183.76482315063475,179.5462939453125,145.51661125183105,183.60319117189815,182.86000168314055,178.17777367669686,51.56372567282872,1.4930024097709804,2.275103440707979,-0.7821010309369987,-2.146978706909608,183.76482315063475,192.6250168867559,174.9046294145136,5.969346656075365,36.10628062566958,0.0,0.0,0.0,0.0,0.0
2025-10-20 04:00:00,182.6199493408203,185.1796658652692,181.7100455780644,183.10990104163824,128544700,184.5527359008789,183.7163284301758,179.54529998779296,145.75848091125488,183.42441992988398,182.83713955530052,178.3519766439174,50.81794495036242,1.3049270269467854,2.0810681579557406,-0.7761411310089552,-3.308803807093641,183.7163284301758,192.59115967173344,174.84149718861815,5.797936272455431,33.34195477873547,0.0,0.0,0.0,0.0,0.0
2025-10-21 04:00:00,181.14010620117188,182.76991679751694,179.7802549646251,182.76991679751694,124240200,184.16477813720704,183.85281372070312,179.52750732421876,145.97285797119142,183.00909016102722,182.67551733109778,178.46131505792738,48.87538787645179,1.0246533907798039,1.8697852045205534,-0.8451318137407495,-3.4431370411927564,183.85281372070312,192.46411565003228,175.24151179137397,5.708659256089029,31.818701580340953,0.0,0.0,0.0,0.0,0.0
2025-10-22 04:00:00,180.2602081298828,183.4198648953589,176.74059027394597,181.12011433169937,162249600,183.28187561035156,184.0182960510254,179.47012023925782,146.15204559326173,182.50929342809184,182.44548788336303,178.5318598842786,47.707648131023845,0.7231975232438401,1.6404676682652108,-0.9172701450213707,-2.834964082718072,184.0182960510254,192.18693976843502,175.84965233361578,5.913637634481502,31.713805816851558,0.0,0.0,0.0,0.0,0.0
2025-10-23 04:00:00,182.13999938964844,183.0098989665471,179.7702492811968,180.4001849787377,111363700,182.2409896850586,184.24177093505858,179.4817236328125,146.31584030151367,182.44214905746574,182.4163937411045,178.67335555115585,50.43233292448288,0.6287274423551423,1.4381196230831972,-0.8093921807280549,-1.556420586452456,184.24177093505858,191.90833127993577,176.5752105901814,5.789366228877987,31.872199545977768,0.0,0.0,0.0,0.0,0.0
2025-10-24 04:00:00,186.23953247070312,187.44940625639555,183.47984116964938,183.81980015643103,131296700,182.55095367431642,184.64522552490234,179.56671936035156,146.54656745910646,183.13258240532707,182.78050219154247,178.97006837153026,55.83674683107524,0.8745757165879695,1.3254108417841517,-0.4508351251961822,-1.5070667306211205,184.64522552490234,191.79860071087847,177.4918503389262,5.86221407453436,32.73984253221028,0.0,0.0,0.0,0.0,0.0
2025-10-27 04:00:00,191.46897888183594,191.97891738858848,188.4093020699799,189.9691435897376,153452700,182.8679183959961,185.12717208862304,179.78769866943358,146.80359184265137,184.64829085560143,183.6079761620466,179.4602217248756,61.58984965097238,1.474389027298514,1.3552064788870242,0.1191825484114899,-0.5608341531365468,185.12717208862304,192.76439564010073,177.48994853714535,5.910781412378522,33.39600358554894,0.0,0.0,0.0,0.0,0.0
2025-10-28 04:00:00,201.0079345703125,203.12769700573313,191.8889404255143,193.0288146936141,297986200,184.96768951416016,185.84959335327147,180.16826263427734,147.12930404663086,187.62277153100345,185.26511505807193,180.3052300717555,69.41624356729605,2.688468410812902,1.6218588652721997,1.0666095455407025,9.75649911150036,185.84959335327147,196.2799468264941,175.41923988004885,6.417868332406475,36.514663308629274,0.0,0.0,0.0,0.0,0.0
2025-10-29 04:00:00,207.01727294921875,212.1667169482571,204.7575264516481,207.95717223581016,308829600,187.68839111328126,186.83948440551757,180.79639190673828,147.49845863342284,191.1490445161335,187.33674914294306,181.35276116498935,73.1306045017616,4.088409810905716,2.115169054398903,1.9732407565068133,9.940524546033203,186.83948440551757,200.93210853535595,172.74686027567918,6.772829848372008,37.65239792237947,0.0,0.0,0.0,0.0,0.0
2025-10-30 04:00:00,202.8677215576172,206.13736677538768,201.38788833732997,205.12746791137428,178864400,189.79615936279296,187.5394073486328,181.3463293457031,147.85421310424806,193.27971306913054,188.81588937291204,182.19648510195515,67.07300940306243,4.8076200867377565,2.653659260866674,2.1539608258710827,12.697888896894582,187.5394073486328,203.34311313910146,171.73570155816415,6.2057500298113775,38.67550722727081,0.0,0.0,0.0,0.0,0.0
2025-10-31 04:00:00,202.4677734375,207.94716749796044,202.04782138155986,206.42733011185774,179802200,191.7229476928711,188.2828254699707,181.8966665649414,148.18557502746583,194.95026949974314,190.11606880763472,182.99143758570202,66.50124377879705,5.284411534440238,3.1798097155813867,2.1046018188588516,12.600792003085527,188.2828254699707,205.43935197378661,171.1262989661548,6.130757906009206,38.539511038986895,0.0,0.0,0.0,0.0,0.0
2025-11-03 05:00:00,206.85728454589844,211.31678618801203,205.53742218982754,208.05714970598171,180267300,194.1466812133789,189.3497085571289,182.47460357666014,148.5522302246094,197.11518132631682,191.71047030651698,183.92735315276855,69.56747827506837,5.94790530371543,3.7334288332081957,2.2144764705072344,13.789119366864888,189.3497085571289,208.3386574679891,170.36075964626872,6.147182112590126,38.581856465382536,0.0,0.0,0.0,0.0,0.0
2025-11-04 05:00:00,198.66818237304688,203.9476013046771,197.90825607143535,202.9777066091775,188919300,195.8994888305664,190.03213348388672,182.8523648071289,148.85724662780763,197.397545152995,192.37310955094839,184.50542488689712,58.76128379899383,5.746692496011661,4.136081565768889,1.610610930242772,8.443396022117922,190.03213348388672,209.34412388574526,170.7201430820282,6.24502917745951,41.74458659022242,0.0,0.0,0.0,0.0,0.0
2025-11-05 05:00:00,195.18858337402344,202.89772869539195,194.6286320152979,198.7481902403631,171350300,197.39232635498047,190.33710098266602,183.12134063720703,149.1292702484131,196.9959157386365,192.64124991505076,184.92437227854913,54.86174097265669,5.245982911751696,4.358061834965451,0.8879210767862453,6.882399255158322,190.33710098266602,209.7785999203245,170.89560204500754,6.584992569514266,41.828304415386945,0.0,0.0,0.0,0.0,0.0
2025-11-06 05:00:00,188.05935668945312,197.59830279082226,186.35954634625867,196.39843756369172,223029800,197.98426208496093,190.11262588500978,183.2511309814453,149.33445777893067,195.37108682060318,192.2048791316605,185.04731284368262,47.854555464557436,4.2251925570894,4.331487979390241,-0.10629542230084077,3.819833516381421,190.11262588500978,209.55027194245451,170.67497982756504,7.0770802708040135,43.47573241572205,0.0,0.0,0.0,0.0,0.0
2025-11-07 05:00:00,188.1293487548828,188.29934352754728,178.8903723972709,184.87970536775757,264942300,198.1732437133789,190.36209869384766,183.41091674804687,149.53924560546875,194.05440717229038,191.81673338149122,185.16817699706303,47.92487814136246,3.38286110430181,4.141762604372555,-0.7589015000707446,4.365434116957223,190.36209869384766,209.5494001138676,171.17479727382772,7.501319616737699,39.599267133324076,0.0,0.0,0.0,0.0,0.0
2025-11-10 05:00:00,199.0281524658203,199.91805415635875,193.76872011438098,195.08858253564551,198897100,198.92916107177734,190.8985397338867,183.90845886230468,149.82151992797853,194.95872449838674,192.50353519904638,185.71170544681823,57.529514919736336,3.553783924736109,4.024166868445265,-0.470382943709156,9.272072654421937,190.8985397338867,210.43966853467447,171.35741093309895,8.12982272877942,43.46427886596875,0.0,0.0,0.0,0.0,0.0
2025-11-11 05:00:00,193.1387939453125,195.3985402959953,191.2789975702345,195.13857433756354,176483300,198.14224700927736,191.55496826171876,184.35620239257813,150.19530784606934,194.62782803419142,192.5640360320241,186.0029638193082,51.9533216728998,3.1773924755801772,3.854811989872248,-0.6774195142920707,3.704509661875721,191.55496826171876,210.42661217079961,172.6833243526379,8.206242748363197,41.65211991161118,0.0,0.0,0.0,0.0,0.0
2025-11-12 05:00:00,193.7787322998047,195.86849924763862,191.1090271797132,195.69851973704638,154935300,196.81839294433593,192.2533920288086,184.81994384765625,150.51946281433106,194.47344699157566,192.67972139086032,186.30789591658257,52.49217072288286,2.8973385026616256,3.663317292430124,-0.7659787897684982,1.2063329691616609,192.2533920288086,210.311257793702,174.1955262639152,8.314801489975707,41.6118111706595,0.0,0.0,0.0,0.0,0.0
2025-11-13 05:00:00,186.8394775390625,191.4189763426968,183.82981362374773,191.02901978717685,207423100,195.21556854248047,192.50586395263673,185.12410369873047,150.83536277770997,193.08545254566417,192.1235076906891,186.32874225471903,46.413514491291274,2.091346109886615,3.3489230559214223,-1.2575769460348072,-7.048705346650818,192.50586395263673,210.08255200828899,174.92917589698448,8.646195190640697,43.83581773206793,0.0,0.0,0.0,0.0,0.0
2025-11-14 05:00:00,190.14910888671875,190.98901295495202,180.56016596493993,182.8399142970662,186591900,193.98370208740235,192.85332489013672,185.58724060058594,151.16306240081786,192.55157188040135,191.93546970935859,186.47856055401314,49.421857803495946,1.7000537602618238,3.0191491967895026,-1.3190954365276788,-8.148191608454702,192.85332489013672,209.92286308876493,175.7837866915085,8.981156767221178,44.15868104064345,0.0,0.0,0.0,0.0,0.0
2025-11-17 05:00:00,186.5795135498047,188.9792438771453,184.29976516169708,185.9495778546046,173628900,191.95592498779297,193.05130310058593,185.95319030761718,151.4958066177368,191.46574309302014,191.42537864654392,186.48251949502458,46.39646962790261,1.0893578040753482,2.633190918246672,-1.5438331141713237,-8.028979614278576,193.05130310058593,209.70794845790746,176.3946577432644,8.566201453015783,44.75501951227634,0.0,0.0,0.0,0.0,0.0
2025-11-18 05:00:00,181.340087890625,184.7797126313021,179.6302689297591,183.3598703733926,213598900,190.22311553955078,193.0613021850586,186.1653598022461,151.81939811706542,189.62471487440283,190.46487476502782,186.28085551053832,42.303077227698935,0.18051809574308209,2.1426563537459544,-1.9621382580028723,-10.435085637664177,193.0613021850586,209.68805402559124,176.43455034452595,8.265520184594426,45.86850374093917,0.0,0.0,0.0,0.0,0.0
2025-11-19 05:00:00,186.49952697753906,187.8393762025218,182.8099296469334,184.76970592228736,247246400,189.35420989990234,193.3732681274414,186.34933959960938,152.1588401031494,189.05649889315484,190.0872225947908,186.2894308621854,47.23948429348617,-0.12201380665217698,1.6897223216663282,-1.8117361283185052,-9.841450647024374,193.3732681274414,209.20378226293664,177.54275399194617,8.327656163166427,46.87032603758414,0.0,0.0,0.0,0.0,0.0
2025-11-20 05:00:00,180.6201629638672,195.97847686300787,179.83025642841662,195.92847930218133,343504800,188.61029052734375,193.29727630615236,186.41873168945312,152.4379953765869,187.52261963328434,189.18559786803615,186.0671066308788,42.7508370086892,-0.8266588502843888,1.1864460872761848,-2.0131049375605734,-9.084504218843769,193.29727630615236,209.36761160650062,177.2269410058041,9.059718614465762,48.229431400937415,0.0,0.0,0.0,0.0,0.0
2025-11-21 05:00:00,178.86036682128906,184.5397359279593,172.91100782704066,181.22010834266524,346926200,187.6833923339844,192.92831802368164,186.43992950439454,152.68910789489746,185.94766457655788,188.20224253025074,185.7844893834439,41.48035223986728,-1.5096931625063235,0.6472182373196832,-2.1569113998260065,-8.365354300177474,192.92831802368164,209.98922728127323,175.86740876609005,9.258269710923376,47.58915358338673,0.0,0.0,0.0,0.0,0.0
2025-11-24 05:00:00,182.52996826171875,183.4798609481747,176.4606271183833,179.47030653663683,256618300,186.03357391357423,192.4813674926758,186.53591888427735,152.95277046203614,185.32626524658713,187.66202593324772,185.65686110416058,45.14144256307642,-1.7348977860931711,0.17079503263711227,-1.9056928187302833,-2.94023574528397,192.4813674926758,210.1604075880917,174.8023273972599,9.12042723630397,47.03620482839755,0.0,0.0,0.0,0.0,0.0
2025-11-25 05:00:00,177.80047607421875,178.14043506786686,169.53138015579162,174.89079203873564,320600300,184.49974212646484,191.32099456787108,186.5947122192383,153.1741416168213,183.95793994252014,186.7228307085783,185.34876757357463,41.53481483659964,-2.2688506681216722,-0.31713410751464466,-1.9517165606070277,-5.490303745282055,191.32099456787108,209.67713278701476,172.9648563487274,9.458248052434906,43.52674263281045,0.0,0.0,0.0,0.0,0.0
2025-11-26 05:00:00,180.24020385742188,182.8899220695924,178.22043661727494,181.6100638206842,183852000,183.14588928222656,189.98214111328124,186.7940902709961,153.41156005859375,183.28198792704774,186.10543767513485,185.14843174156866,44.019515518418814,-2.4667118132945234,-0.7470496486706204,-1.719662164623903,-9.439844753432535,189.98214111328124,207.3999921820652,172.56429004449728,9.01901159177848,42.12552007607282,0.0,0.0,0.0,0.0,0.0
2025-11-28 05:00:00,176.98056030273438,179.2703020816569,176.48061521713345,178.99033405428943,121332800,182.15999755859374,188.68778305053712,186.80928833007812,153.64097763061523,182.1362738135362,185.23640173490622,184.8281230576928,41.4828744722661,-2.8536490987663115,-1.1683695386897588,-1.6852795600765527,-8.366125371557075,188.68778305053712,205.92029796979736,171.45526813127688,8.615484271065055,42.048054351704245,0.0,0.0,0.0,0.0,0.0
2025-12-01 05:00:00,179.90025329589844,180.2802164760195,173.66093259662904,174.7408159055669,188131000,181.1351119995117,187.55940704345704,186.87428161621094,153.8642505645752,181.72972462851115,184.7281971216674,184.63487326311264,44.56432269123556,-2.8913748916469046,-1.5129706092811879,-1.3784042823657168,-7.162023839868126,187.55940704345704,203.92642043824,171.19239364867408,8.246239876630378,42.81424013147652,0.0,0.0,0.0,0.0,0.0
2025-12-02 05:00:00,181.44007873535156,185.63961443898967,179.98023235974816,181.7400335835938,182632200,180.6211685180664,186.28854675292968,186.83128631591796,154.0774282836914,181.67706173884577,184.4150429896373,184.50958720320045,46.1741589332399,-2.7651469177747856,-1.7634058709799074,-1.0017410467948782,-2.8898597206696297,186.28854675292968,200.0929109807734,172.48418252508594,8.102683180023622,41.952199586683406,0.0,0.0,0.0,0.0,0.0
2025-12-03 05:00:00,179.57028198242188,182.4299686383783,179.09033894604931,181.06012391136443,165138000,180.4441879272461,185.33365173339843,186.85448394775392,154.27850799560548,181.29401087404142,183.9536371794263,184.31588895924835,44.484838800926305,-2.7838962869944623,-1.9675039541828183,-0.816392332811644,-5.56343753922045,185.33365173339843,198.13830100592818,172.52900246086867,8.00126586748102,40.10870800897151,0.0,0.0,0.0,0.0,0.0
2025-12-04 05:00:00,183.37008666992188,184.51002440204854,179.95027347354184,181.61017209543593,167364900,180.13124389648436,184.74272689819335,186.9828744506836,154.49943649291993,181.67147920056513,183.89806094042586,184.27879867339243,48.60035784793692,-2.46374232727203,-2.066751628800661,-0.3969906984713689,-1.7201389471015571,184.74272689819335,196.69489050866218,172.79056328772452,7.643467563450285,40.81802805001285,0.0,0.0,0.0,0.0,0.0
2025-12-05 05:00:00,182.40013122558594,184.6500094505641,180.9002124089338,183.88004685245298,143971100,180.30924072265626,184.459765625,187.07746704101564,154.7111166381836,181.80396138693254,183.75540096758397,184.20512544014514,47.629700260903704,-2.2622079802881387,-2.105842899098157,-0.15636508118998194,0.5845609469431245,184.459765625,196.34911424851677,172.5704170014832,7.1663925671373,38.854325922699736,0.0,0.0,0.0,0.0,0.0
2025-12-08 05:00:00,185.5399627685547,187.98982714518382,182.39012406320575,182.6301165694494,204378100,180.97720031738282,184.3302963256836,187.22485748291015,154.96688667297363,182.48323436540932,183.9253592343431,184.25747200204356,51.03863986394939,-1.8280596596475505,-2.0502862512080355,0.22222659156048508,-0.5145129451722075,184.3302963256836,196.10725545707976,172.55333719428745,7.1485610926341865,39.403262767179676,0.0,0.0,0.0,0.0,0.0
2025-12-09 05:00:00,184.95999145507812,185.70995086836587,183.31008684903045,185.54995586495326,144719700,181.22020263671874,183.62688827514648,187.28745635986328,155.24049995422362,182.93355383625817,184.02389563631786,184.28502178451552,50.38621451451689,-1.5133478931591924,-1.942898579598267,0.42955068643907457,2.4027375570905285,183.62688827514648,193.17767797460772,174.07609857568525,6.823605335440602,32.82605493312557,0.0,0.0,0.0,0.0,0.0
2025-12-10 05:00:00,183.77005004882812,185.46995496958337,182.03013874897007,184.9599880707457,162785400,181.8171600341797,183.15845108032227,187.23166717529296,155.52640758514406,183.0856440567254,183.99971986608074,184.26482681448857,49.00216771885025,-1.344456816287618,-1.8232102269361372,0.4787534106485192,2.7449810792598006,183.15845108032227,191.59944130847921,174.71746085216532,6.605071614634637,31.377876412217205,0.0,0.0,0.0,0.0,0.0
2025-12-11 05:00:00,180.92019653320312,181.31019006496976,176.61043233199788,180.27023782951787,182136600,181.88515930175782,182.5155242919922,187.1056820678711,155.77482357025147,182.6919263251759,183.7064319296162,184.13366484267345,45.7602005945495,-1.4241520443008824,-1.7433985904090863,0.3192465461082039,-0.8819218804703155,182.5155242919922,189.35798174966038,175.673066834324,5.963028563365993,31.641681982464593,0.0,0.0,0.0,0.0,0.0
2025-12-12 05:00:00,175.01052856445312,182.81010931847595,174.61054106596097,181.10019518559332,204274900,181.6881561279297,181.92407684326173,186.8285073852539,156.0493229675293,181.29530855049902,182.87825065674352,183.77589479254715,39.869590043472066,-1.9417881772110093,-1.783076507769471,-0.15871166944153825,-1.569145129060856,181.92407684326173,189.2225770753616,174.62557661116185,5.7180885741943035,31.229204140126033,0.0,0.0,0.0,0.0,0.0
2025-12-15 05:00:00,176.28045654296875,178.4103461991077,175.02053019793698,177.93037643785232,164775600,181.32617645263673,181.23064422607422,186.60212829589844,156.30632984161377,180.38351727640259,182.24988931257448,183.48195603766172,41.60906630023501,-2.2239101157950074,-1.8712432293745782,-0.3526668864204292,-2.1969278938374193,181.23064422607422,187.84173258088353,174.6195558712649,5.4595588459702435,30.51818383780298,0.0,0.0,0.0,0.0,0.0
2025-12-16 05:00:00,177.71038818359375,178.48035080582065,174.8905333961456,176.25046044282257,148588100,180.95320739746094,180.78718795776368,186.44594360351562,156.62476860046388,179.8974938049828,181.81755587171918,183.25562004338454,43.58793599813121,-2.305533496734995,-1.9581012828466617,-0.34743221388833323,0.4123774269959135,180.78718795776368,187.06923512980617,174.50514078572118,4.787503796237952,30.236561470997962,0.0,0.0,0.0,0.0,0.0
2025-12-17 05:00:00,170.93075561523438,176.12047730871902,170.30078481189744,176.0904801521757,222775500,180.0892547607422,180.26672134399413,186.1641650390625,156.89966236114503,178.26717777048304,180.78071775205396,182.77229202659436,37.158088055316554,-2.8840349431327468,-2.1432880149038787,-0.7407469282288681,-4.985817149412853,180.26672134399413,187.92907503566178,172.6043676523265,4.953229323118143,31.55928660448272,0.0,0.0,0.0,0.0,0.0
2025-12-18 05:00:00,174.1305694580078,176.14045512074784,171.8107030234881,174.52054772862792,176096000,179.1653030395508,179.64827346801758,185.8649917602539,157.18400730133055,177.5150671682148,180.14737029547814,182.43340094547332,41.54124666632535,-3.0491545168911216,-2.3244613153013276,-0.724693201589794,-4.028607862326494,179.64827346801758,187.1881372508629,172.10840968517226,5.056808670634218,30.45229979539199,0.0,0.0,0.0,0.0,0.0
2025-12-19 05:00:00,180.98020935058594,181.4401759084778,176.3304518785618,176.6604358481607,324925900,179.02331085205077,179.66627578735353,185.63361877441406,157.53623943328859,178.145093019555,180.2266883007265,182.3764130397915,49.63892464285402,-2.597363484765225,-2.379041749194107,-0.21832173557111778,0.7851674300439537,179.66627578735353,187.21762066842845,172.1149309062786,5.106117425711328,32.07073125875816,0.0,0.0,0.0,0.0,0.0
2025-12-22 05:00:00,183.6800537109375,184.15002947616998,182.34012994783166,183.91003698180788,129064400,178.83731994628906,179.90726013183593,185.6444219970703,157.89137424468993,179.15144950889726,180.55558024455613,182.42753620336583,52.4356400920621,-1.9984243683448994,-2.302918273024266,0.30449390467936643,0.16903904374194756,179.90726013183593,187.65537093802953,172.15914932564232,4.922578781603671,32.24130826990406,0.0,0.0,0.0,0.0,0.0
2025-12-23 05:00:00,189.19976806640625,189.31975669034466,182.89009670029142,182.96010023623109,174873600,179.26129760742188,180.24075012207032,185.66243072509766,158.3026482772827,180.97841651935343,181.37883622758946,182.69311392348507,57.61767806093531,-1.0660769140939692,-2.0555500012382066,0.9894730871442374,3.7278683930390244,180.24075012207032,188.97550338724804,171.5059968568926,5.143295231441117,33.15088298271988,0.0,0.0,0.0,0.0,0.0
2025-12-24 05:00:00,188.59979248046875,188.899779295176,186.57989753660073,187.92983057380172,65528500,179.74427185058593,180.7807159423828,185.8342221069336,158.70202537536622,182.3641212395562,182.0665463469113,182.92474837670014,56.89211911199937,-0.371317537543689,-1.7187035084993032,1.3473859709556142,1.6491486072630845,180.7807159423828,190.18947987871317,171.37195200605245,4.977590096453893,31.555584734423032,0.0,0.0,0.0,0.0,0.0
2025-12-26 05:00:00,190.51968383789062,192.67957056140054,187.98982202804387,189.9097162518428,139740300,180.7042205810547,181.29468994140626,186.04841064453126,159.07606010437013,183.84695080288972,182.8716070603379,183.22258898302135,58.68500406814207,0.33039487473351414,-1.3088838318527398,1.639278706586254,3.0058891866692194,181.29468994140626,191.6541752087234,170.93520467408914,5.044729488720061,31.422827944475877,0.0,0.0,0.0,0.0,0.0
2025-12-29 05:00:00,188.20980834960938,188.749772392931,185.8999358866866,187.6998414610299,120006100,182.0241485595703,181.85615234375,186.17680603027344,159.4393452835083,184.64019762956602,183.38000718312566,183.41816621308365,55.684287238501085,0.6921408012447046,-0.908678905233251,1.6008197064779557,2.4159313770669266,181.85615234375,192.44579265117622,171.2665120363238,4.974732693664772,30.961088386519787,0.0,0.0,0.0,0.0,0.0
2025-12-30 05:00:00,187.52984619140625,188.9797799436452,186.91987858592935,188.22982052336855,97687300,183.14908752441406,182.23763198852538,186.26340515136718,159.76878784179686,185.16558827717333,183.77522994581904,183.57940856517473,54.79605199557143,0.913430334452471,-0.5442570572961067,1.4576873917485778,3.6533509165131317,182.23763198852538,193.0773446973534,171.39791927969736,4.950449646406233,30.642130339062522,0.0,0.0,0.0,0.0,0.0
2025-12-31 05:00:00,186.4899139404297,190.54969193131708,186.47991997410415,189.55975523635485,120100500,184.02704010009765,182.4901237487793,186.3408044433594,160.1037282180786,185.40637476140174,184.0337712786391,183.69354603087103,53.39328051569772,0.9934383038740293,-0.23671798506207953,1.2301562889361088,6.559254160385519,182.4901237487793,193.48574760532074,171.49449989223785,4.995446484734779,30.666329037381217,0.0,0.0,0.0,0.0,0.0
2026-01-02 05:00:00,188.83978271484375,192.91954841717475,188.24980305842183,189.82971935613102,148240500,185.81794281005858,182.9535987854004,186.4947979736328,160.4709130859375,186.03063075293664,184.49148665351575,183.8953592341641,56.12643292853734,1.2322552954951789,0.05707667104937214,1.1751786244458067,7.124627663313121,182.9535987854004,194.20937433049562,171.69782324030518,4.943304824728695,30.569495815196124,0.0,0.0,0.0,0.0,0.0
2026-01-05 05:00:00,188.1098175048828,193.61952916959007,186.13992286460274,191.74961996436147,183529700,187.2158676147461,183.19058532714843,186.65179016113282,160.8240005874634,186.40866470783592,184.8360895917412,184.0606321075256,55.046520784048326,1.3470889867627989,0.31507913419205746,1.0320098525707415,5.851897251243043,183.19058532714843,194.68043596731385,171.700734686983,4.891878971333862,29.846819473611625,0.0,0.0,0.0,0.0,0.0
2026-01-06 05:00:00,187.22987365722656,192.15959956375178,186.80989821500853,190.50969495089785,176862600,187.84083404541016,183.43207244873048,186.75358764648436,161.16763961791992,186.55797542590693,185.06406902654933,184.18491608986685,53.70507299238076,1.3515120107433347,0.5223657095023129,0.8291463012410218,9.535509267086816,183.43207244873048,195.05422809317238,171.80991680428858,5.031156379483055,29.82929594993835,0.0,0.0,0.0,0.0,0.0
2026-01-07 05:00:00,189.09976196289062,191.35963411085106,186.54989697142676,188.55979791265688,153543200,188.38280487060547,183.61006240844728,186.81079223632813,161.52477710723878,187.02011843263122,185.4484207347723,184.37765514371094,56.15049590044336,1.4887403757298614,0.7156406427478226,0.7730997329820388,8.596533366585412,183.61006240844728,195.4746472857469,171.74547753114766,5.118293503036573,29.431216300409595,0.0,0.0,0.0,0.0,0.0
2026-01-08 05:00:00,185.0299835205078,189.53974931649188,183.70006889406122,189.09977067708235,172457000,187.96582641601563,183.61356201171876,186.68201232910155,161.84302001953125,186.65827572133605,185.40856957150902,184.40323664868336,49.96434441442252,1.2546350836547902,0.8234395309292162,0.43119555272557397,2.23768896303842,183.61356201171876,195.4798645934406,171.74725942999692,5.006156149517598,30.48813786533721,0.0,0.0,0.0,0.0,0.0
2026-01-09 05:00:00,184.84999084472656,186.32990643372668,183.66005283935564,185.06998015284367,131327500,187.5908462524414,183.66755905151368,186.35885345458985,162.16396213531493,186.3294966528616,185.35537159752974,184.42075642107721,49.70353516858361,1.0425630307285019,0.8672642308890735,0.17529879983942842,0.6369429397218296,183.66755905151368,195.54668142483695,171.7884366781904,4.824738584435996,30.392157626343348,0.0,0.0,0.0,0.0,0.0
2026-01-12 05:00:00,184.92999267578125,187.10986736077922,183.010098425574,183.2100845491025,137968500,187.03187713623046,183.86804885864257,185.9171078491211,162.51994609832764,186.0750413843015,185.31485931926795,184.4407264702813,49.82889149707614,0.870910565178292,0.8679934977469173,0.0029170674313747647,-2.2567550871026243,183.86804885864257,195.68713395374698,172.04896376353815,4.595464476202797,29.80185345617365,0.0,0.0,0.0,0.0,0.0
2026-01-13 05:00:00,185.79994201660156,188.0998205983224,183.3900687774691,184.9899882929175,160128900,186.7908905029297,184.40751953125,185.57575225830078,162.8919270324707,186.02502331744694,185.36105767139495,184.49402904072522,51.251701736807334,0.7958977767337103,0.8535743535442759,-0.057676576810565594,-1.4845458879055418,184.40751953125,195.48606344645162,173.32897561604835,4.705459597293457,26.97736524167506,0.0,0.0,0.0,0.0,0.0
2026-01-14 05:00:00,183.1300811767578,184.45001701406107,180.79021156477043,184.3100252062831,159586100,186.35091400146484,184.75000076293946,185.18899841308593,163.25935661315918,185.498670200958,185.14858371952474,184.4405408891971,46.85961094297921,0.5150766615062707,0.7858748151366749,-0.27079815363040416,-3.8786557442644476,184.75000076293946,195.1749099069368,174.32509161894214,4.604036058849021,27.62337590171829,0.0,0.0,0.0,0.0,0.0
2026-01-15 05:00:00,187.03988647460938,189.6897370464893,186.31992419508657,186.48991316970114,206188600,186.40591125488282,185.21647567749022,184.79265045166017,163.65278373718263,185.7788913416219,185.32870779143755,184.54247601019367,53.1864371298037,0.6010835988460883,0.7489165718785576,-0.14783297303246934,-0.6216051571695025,185.21647567749022,195.1378446940702,175.29510666091025,4.885449297415162,28.397418101389505,0.0,0.0,0.0,0.0,0.0
2026-01-16 05:00:00,186.21990966796875,190.4296883714215,186.06992389502736,189.06976141755646,187967200,186.1439239501953,185.98093338012694,184.5436849975586,164.03326301574708,185.85907649186674,185.413584160631,184.6082577222633,51.79369975679022,0.5962067406897518,0.7183746056407966,-0.12216786495104481,-0.6985216220464885,185.98093338012694,193.27616030591003,178.68570645434386,4.861879007632124,24.167415720382824,0.0,0.0,0.0,0.0,0.0
2026-01-20 05:00:00,178.06036376953125,182.37012791600927,177.60038196777572,181.89014292514364,223345300,185.13897857666015,186.17742309570312,184.20112060546876,164.37159492492677,184.44112872416937,184.71327745671672,184.3514775672542,40.44426192899368,-0.06531248470054152,0.561637187572529,-0.6269496722730705,-4.520110494335405,186.17742309570312,192.2355403856968,180.11930580570944,5.147577561131338,28.97082236900238,0.0,0.0,0.0,0.0,0.0
2026-01-21 05:00:00,183.31008911132812,185.3699752173061,178.3903418724365,179.04031586008543,200381000,184.74700012207032,186.29391708374024,184.10613525390625,164.77926525115967,184.23548515819823,184.57964047144162,184.31063880427672,48.29460366634437,-0.16407096753022188,0.41649555655197884,-0.5805665240822007,-2.928246116373534,186.29391708374024,192.01125701917607,180.5765771483044,5.522556853278409,27.42369911659614,0.0,0.0,0.0,0.0,0.0
2026-01-22 05:00:00,184.82998657226562,186.15991637882954,183.92003219020145,184.7399951080077,139636600,184.3200225830078,186.35141372680664,184.04014801025392,165.2319762802124,184.3435763243923,184.60348295723438,184.33100538341355,50.335736827823176,-0.11833071112505422,0.30953030301657225,-0.4278610141416265,-1.7435724387601659,186.35141372680664,191.98052189649567,180.7223055571176,5.435417946870443,27.06925842772535,0.0,0.0,0.0,0.0,0.0
2026-01-23 05:00:00,187.6598358154297,189.58973923983262,186.80989099781206,187.48984685190618,142748100,184.5830078125,186.2744171142578,183.8127816772461,165.68219051361083,184.94653259549,184.89456418182442,184.46154775329654,53.97849217375373,0.14459712979945039,0.27654366837314787,-0.13194653857369748,0.22964399313236683,186.2744171142578,191.78025813868925,180.76857608982635,5.316140674786295,25.384742848597273,0.0,0.0,0.0,0.0,0.0
2026-01-26 05:00:00,186.4599151611328,189.1097657209082,185.97994539629804,187.1498802806874,124799600,184.74400024414064,186.16742324829102,183.6792041015625,166.1331035232544,185.22169306197048,185.04364522747284,184.53991510262344,52.22915735873336,0.25322672927163126,0.2718802805528445,-0.018653551281213265,-1.396007469473104,186.16742324829102,191.56510190664437,180.76974458993766,5.005441676187926,25.45899710994135,0.0,0.0,0.0,0.0,0.0
2026-01-27 05:00:00,188.50979614257812,189.9897117301412,185.6899415183402,187.22986667366473,143711600,185.10198059082032,186.0669288635254,183.57382537841798,166.5041371536255,185.8195299857173,185.37375483843525,184.69559671203342,54.91712826401606,0.49897288430935305,0.3172988013041462,0.18167408300520682,1.8806749889185514,186.0669288635254,191.19134917740584,180.94250854964494,4.9304465949777665,25.50565736809911,0.0,0.0,0.0,0.0,0.0
2026-01-28 05:00:00,191.5096435546875,192.33960048487265,189.82972650403363,191.25965707901594,148552700,185.6729507446289,186.2319206237793,183.66722869873047,166.92396209716796,186.85409608916643,185.95812519236404,184.96281423527475,58.58935011036189,0.9251268120506495,0.4388644034534469,0.4862624085972026,3.6027335892891754,186.2319206237793,191.8368106311832,180.6270306163754,4.860451395182783,25.737926402032425,0.0,0.0,0.0,0.0,0.0
2026-01-29 05:00:00,192.49957275390625,193.46952146246272,186.04992498376654,191.32963792417547,171764400,186.60989990234376,186.48040695190429,183.71423797607423,167.33194065093994,187.8805463918464,186.5811201982252,185.25837339286812,59.75435013656707,1.327434049824916,0.6165783327277408,0.7108557170971752,4.09321385276642,186.48040695190429,192.73103564140584,180.22977826240273,4.9733025420588906,25.718156417881676,0.0,0.0,0.0,0.0,0.0
2026-01-30 05:00:00,191.11965942382812,194.47947816452233,189.45974561417185,191.19965692455457,179489500,187.01787719726562,186.7118942260742,183.8050408935547,167.73411937713624,188.46947603402486,187.013362029235,185.48822774702344,57.333035732536366,1.5174260183333104,0.7967478698488547,0.7206781484844557,2.863142662741658,186.7118942260742,193.29792491742094,180.12586353472747,5.141151038914566,25.782947370824232,0.0,0.0,0.0,0.0,0.0
2026-02-02 05:00:00,185.59996032714844,190.2897090701948,184.87000408758857,187.1898706566695,165794100,186.95588226318358,186.54990310668944,183.89023834228516,168.101251373291,187.94774590550188,186.878752343322,185.4926094168323,48.812598824306335,1.2086696438587978,0.8791322246508434,0.32953741920795443,1.3487020453000875,186.54990310668944,193.07465301340642,180.02515319997246,5.294714353274161,27.528348006243036,0.0,0.0,0.0,0.0,0.0
2026-02-03 05:00:00,180.33023071289062,186.25991753048794,176.22045266395375,186.22992037566058,204019600,187.18286895751953,186.16092376708986,183.76685241699218,168.4805755996704,186.5627431432089,186.25508361661426,185.2901631931483,42.34275688471986,0.5326151972629418,0.8098288191732631,-0.2772136219103213,-3.587286053357175,186.16092376708986,193.20131265607205,179.12053487810766,5.675408142251369,29.22449200731193,0.0,0.0,0.0,0.0,0.0
2026-02-04 05:00:00,174.18057250976562,179.57028010697434,171.90069716024271,179.45029148582987,207014100,186.2699172973633,185.5084587097168,183.63806060791015,168.8441480255127,184.31143939167376,185.10513017786676,184.85449297027054,36.29665247172898,-0.4936978035644586,0.5491234946257189,-1.0428212981901774,-6.4651181389086325,185.5084587097168,194.3260912714813,176.6908261479523,5.91967979230971,31.376329971805383,0.0,0.0,0.0,0.0,0.0
2026-02-05 05:00:00,171.87069702148438,176.81043194569037,171.020736948564,174.92051964769362,206312900,184.97398834228517,184.6470054626465,183.49826721191405,169.21906562805177,182.0494862334575,183.84470797249702,184.3453245016907,34.31467515792296,-1.4764265718982301,0.14401348132092906,-1.6204400532191592,-3.4761620256253845,184.6470054626465,195.18580205672401,174.10820886856897,5.864682587123629,31.14329145769674,0.0,0.0,0.0,0.0,0.0
2026-02-06 05:00:00,185.39996337890625,186.98987361565233,174.59055120100808,176.6804343618602,231346200,184.7480010986328,184.6655044555664,183.5556671142578,169.65173194885253,182.65866389626635,183.99282753501217,184.3866828890325,51.14266496667741,-1.150287674452045,-0.11484674983366575,-1.035440924618379,1.1400759651089887,184.6655044555664,195.208429636588,174.12257927454482,6.633212024107473,42.25505277810738,0.0,0.0,0.0,0.0,0.0
2026-02-09 05:00:00,190.0297088623047,193.64952333361757,183.9400420976916,184.25002288009932,196387400,185.10498046875,184.92449035644532,183.80025177001954,170.08845149993897,183.99885389009148,184.56776861380195,184.60797802523928,55.357494390283634,-0.5123326287806265,-0.1943439256230579,-0.31798870315756855,2.813246046526152,184.92449035644532,195.73751582305488,174.11146488983576,6.711065848088397,43.13513623979077,0.0,0.0,0.0,0.0,0.0
2026-02-10 05:00:00,188.52978515625,192.46957427391544,188.10980972728564,191.36964298604585,136764800,185.1069793701172,185.10447998046874,183.96604339599608,170.49907581329344,184.82265957484756,184.94510352260653,184.76177438331814,53.73999333405194,-0.12632378460617133,-0.1807398974196806,0.054416112813509276,0.4635778013127645,185.10447998046874,196.0370716585198,174.17188830241767,6.500362498006609,43.26933885845551,0.0,0.0,0.0,0.0,0.0
2026-02-11 05:00:00,190.0397186279297,193.24953637655122,188.75978911487715,192.43958265041238,144192700,184.9599868774414,185.31646881103515,184.2272265625,170.89435512542724,185.77121576631703,185.43030496120875,184.9687525889892,55.16036989288341,0.2979949176543073,-0.08499293440488304,0.38298785205919034,1.9198783093424154,185.31646881103515,196.4680704573714,174.1648671646989,6.633928494635167,43.31957394472603,0.0,0.0,0.0,0.0,0.0
2026-02-12 05:00:00,186.9298858642578,193.5995230748733,186.49990120030046,193.01955263160718,189932500,184.40301818847655,185.50645904541017,184.3678192138672,171.28548263549806,185.9818830568517,185.57312219007056,185.0456597762546,51.64334020065506,0.37896456457224303,0.007798565390542189,0.37116599918170085,-0.8381051333403167,185.50645904541017,196.6306615785345,174.38225651228584,6.801062009421299,43.42201188658489,0.0,0.0,0.0,0.0,0.0
2026-02-13 05:00:00,182.80010986328125,187.4898586352177,181.58017462912434,187.4698554447334,161888000,183.57106323242186,185.29447021484376,184.39501983642577,171.65451160430908,185.4033788398389,185.3090257779954,184.9575989953537,47.327762113867685,0.10864281704178325,0.027967415720790402,0.08067540132099285,-4.547830349294735,185.29447021484376,196.45715787856614,174.13178255112138,6.999623700955813,43.50988508007562,0.0,0.0,0.0,0.0,0.0
2026-02-17 05:00:00,184.95999145507812,187.13986615921206,179.17029624003743,181.74016448672575,162276900,183.50706634521484,185.23147430419922,184.5028140258789,172.03483989715576,185.32276295170055,185.27578441390804,184.95769281730367,49.69542709980038,0.06791242596278835,0.035956417769189994,0.031956008193598354,-3.916674302683687,185.23147430419922,196.38638965770872,174.07655895068973,7.261752251482499,43.71214172270798,0.0,0.0,0.0,0.0,0.0
2026-02-18 05:00:00,187.96981811523438,190.3596881055438,186.7498829478333,188.73978069812654,164749100,184.27102508544922,185.72694702148436,184.59480865478517,172.41677047729493,185.8040457087067,185.5323590521296,185.07581537800684,52.87443273006357,0.2753273525548252,0.08383060472631704,0.19149674782850817,-1.648099059034347,185.72694702148436,196.4110866177995,175.04280742516923,7.3738874163518675,40.82942637839888,0.0,0.0,0.0,0.0,0.0
2026-02-19 05:00:00,187.88983154296875,188.41980165789556,185.64996245587088,187.04988063530703,126554500,185.64195098876954,185.9559341430664,184.7046026611328,172.7838544845581,186.18327949675432,185.7568802417333,185.1861689531034,52.778976324197245,0.42831359580026174,0.15272720294110598,0.27558639285915576,1.2337670825920855,185.9559341430664,196.61825985063425,175.29360843549856,7.041761896589618,39.62075605824362,0.0,0.0,0.0,0.0,0.0
2026-02-20 05:00:00,189.8097381591797,190.31970507557438,185.92994318264132,186.5599139825128,178422300,187.43585510253905,186.2049217224121,184.78999816894532,173.16393722534178,186.8426356171953,186.14286671006155,185.36748539255737,54.88437357595999,0.696448489712509,0.2614714602953866,0.43497702941712235,5.256748914929132,186.2049217224121,196.98842570587829,175.42141773894593,6.996763992488373,39.67027671359469,0.0,0.0,0.0,0.0,0.0
2026-02-23 05:00:00,191.53964233398438,193.93950641757905,189.56974766836524,191.3896412925324,171584800,188.04982299804686,186.39891204833984,184.92159118652344,173.55406913757324,187.6966368384297,186.65684534091136,185.6095307628094,56.75530602383998,1.0365870047027101,0.41649456917685135,0.6200924355258588,9.966134324909003,186.39891204833984,197.42938300570634,175.36844109097333,6.8624856648436765,39.4470104359239,0.0,0.0,0.0,0.0,0.0
2026-02-24 05:00:00,192.83956909179688,193.75951747058733,187.38985183856119,191.47964208446245,175123600,188.3308090209961,186.71789474487304,185.1029815673828,173.93310485839845,188.631715429951,187.24567617432902,185.89306167767165,58.15944492872071,1.3949621979284643,0.612188094927174,0.7827741030012904,12.200376465390917,186.71789474487304,198.11855924885901,175.31723024088706,6.600357148093102,39.38295433976523,0.0,0.0,0.0,0.0,0.0
2026-02-25 05:00:00,195.54940795898438,197.61930319203404,193.77949953248776,194.43946745531196,250637100,189.03277130126952,187.06987533569335,185.39556579589845,174.32414012908936,189.88947770795704,188.03650777286762,186.27174192399767,61.00212176687893,1.8760129603974462,0.8649530680212285,1.0110598923762177,5.474350908762293,187.06987533569335,199.1196744271372,175.0200762442495,6.33965718720662,39.490721260073194,0.0,0.0,0.0,0.0,0.0
2026-02-26 05:00:00,184.87998962402344,194.27947461393586,184.31002841741252,194.25948668244985,360807900,188.5167984008789,186.73839263916017,185.59295501708985,174.6654274749756,188.9786616926964,187.7358869967872,186.21716340243003,47.35898094710155,1.3804038278005066,0.9680432199770843,0.4123606078234223,-2.709954811335702,186.73839263916017,198.63775412768706,174.83903115063328,6.728920368952727,43.9034719051315,0.0,0.0,0.0,0.0,0.0
2026-02-27 05:00:00,177.180419921875,182.5801217841234,176.3704661683341,181.2401979138715,311636500,187.54185180664064,185.9724349975586,185.61095428466797,174.9364744567871,186.8335268252743,186.73060441822415,185.86278130515336,40.34630758526489,0.36216428809819945,0.8468674336013075,-0.484703145503108,-6.019932195312727,185.9724349975586,198.27566642750824,173.66920356760895,6.256802287632825,46.06603520514337,0.0,0.0,0.0,0.0,0.0
2026-03-02 05:00:00,182.47012329101562,183.45008125730604,174.63055110847353,175.00052620838028,209095300,187.50885314941405,185.53995819091796,185.7061489868164,175.19932815551758,186.04018072813636,186.32484431087096,185.72973589283424,46.2363638380064,-0.017758322256781867,0.6739422824296897,-0.6917006046864715,-3.983164883407475,185.53995819091796,197.68848364980246,173.39143273203345,6.1932343528404346,47.551403839708286,0.0,0.0,0.0,0.0,0.0
2026-03-03 05:00:00,180.04025268554688,180.8901975001603,176.91041730394699,178.4803396065267,178099400,187.01687927246093,185.2619728088379,185.88833892822265,175.42298889160156,184.9492847203928,185.72631177512582,185.50661890431317,44.08313070645017,-0.5090519447972781,0.4373434369842961,-0.9463953817815742,-3.6856777325130152,185.2619728088379,197.6566603750663,172.86728524260948,6.278944455728923,46.692882671025004,0.0,0.0,0.0,0.0,0.0
2026-03-04 05:00:00,183.03009033203125,184.69000418349444,180.0502558302461,180.4302401537762,177731200,186.5229064941406,185.39696578979493,186.06632934570314,175.6641481781006,184.60034028614524,185.46952878054537,185.4095001367727,47.333205880641856,-0.6496618716288651,0.21994237526166388,-0.869604246890529,0.12580980882450632,185.39696578979493,197.6231592977573,173.17077228183257,6.273944475560804,45.93175998107894,0.0,0.0,0.0,0.0,0.0
2026-03-05 05:00:00,183.330078125,184.05004039552568,177.87038204113773,181.1601973472636,198779700,186.06693115234376,185.85444107055665,186.1133267211914,175.90395805358887,184.36938352957335,185.26577157525531,185.3279541755267,47.66191296467218,-0.7284921399737243,0.030255472214586243,-0.7587476121883105,-0.8812248082710306,185.85444107055665,196.94552767959462,174.76335446151867,6.208232795547597,44.00657693572324,0.0,0.0,0.0,0.0,0.0
2026-03-06 05:00:00,177.8103790283203,182.7500987288974,176.81043317462274,179.83025866705609,189021900,184.86699523925782,186.15142517089845,185.99593322753907,176.11531967163086,183.17683725661826,184.55573418983295,185.03314730700882,42.4162438666547,-1.2222697181559852,-0.22024956585952804,-1.0020201522964571,-5.404824662162433,186.15142517089845,195.90314087091093,176.39970947088597,6.251801434425019,45.21804361590068,0.0,0.0,0.0,0.0,0.0
2026-03-09 04:00:00,182.64010620117188,182.90010189125664,175.55049367782217,176.82042919903367,177213600,183.97704162597657,186.01343231201173,185.86473999023437,176.3567784881592,183.07924979199163,184.37329342900807,184.93930255776033,47.827103290894755,-1.2099261121379072,-0.4181848751152039,-0.7917412370227033,-2.794044413519159,186.01343231201173,195.88726408777288,176.13960053625058,6.207518455443578,36.49014498684478,0.0,0.0,0.0,0.0,0.0
2026-03-10 04:00:00,184.760009765625,186.42991760168223,182.00014929336922,182.39012758732315,179118500,183.16908569335936,185.74994735717775,185.7879443359375,176.62173377990723,183.3848425144704,184.4101235563049,184.93227146787268,50.04589059165294,-1.0173577477270328,-0.5380194496375698,-0.47933829808946304,-2.660415868294308,185.74994735717775,195.45227193505755,176.04762277929794,6.138237859575532,35.54929024626034,0.0,0.0,0.0,0.0,0.0
2026-03-11 04:00:00,186.02999877929688,187.6199951171875,184.4499969482422,185.91000366210938,145280400,182.21714477539064,185.62495803833008,185.69815063476562,176.88789024353028,183.86578001716612,184.56439738706604,184.97531959773247,51.3798886963003,-0.7535816121523737,-0.5811318821405306,-0.17244973001184316,-2.8765029983090495,185.62495803833008,195.24051801088308,176.00939806577708,6.166820642927005,35.56496675662377,0.0,0.0,0.0,0.0,0.0
2026-03-12 04:00:00,183.13999938964844,184.94000244140625,181.75,184.0500030517578,155762700,182.04314575195312,185.27997207641602,185.5967544555664,177.147294921875,183.73381990307197,184.42874043493103,184.90334625623896,48.223945334242146,-0.768872834883183,-0.6186800726890611,-0.15019276219412192,-5.029864849745225,185.27997207641602,194.72214869519684,175.8377954576352,6.158980420524421,35.80555202619905,0.0,0.0,0.0,0.0,0.0
2026-03-13 04:00:00,180.25,186.08999633789062,179.94000244140625,184.9199981689453,160988400,182.35010375976563,184.94597778320312,185.4511575317383,177.37120460510255,183.10039810251342,184.03076515541377,184.72086208932762,45.23191688953236,-1.0026323158564026,-0.6954705213225294,-0.30716179453387316,-7.823806841794867,184.94597778320312,194.61232942175266,175.27962614465358,6.2861400739008895,35.77421286717616,0.0,0.0,0.0,0.0,0.0
2026-03-16 04:00:00,183.22000122070312,188.8800048828125,181.41000366210938,182.97000122070312,217307400,182.4250915527344,184.96697235107422,185.38575927734374,177.61341339111328,183.12214412400243,183.9535495425842,184.66200480036196,48.75101828624972,-0.9374280247581339,-0.7438620220096503,-0.19356600274848357,-0.8978734836020408,184.96697235107422,194.61550768608885,175.3184370160596,6.4475928775284865,35.458389195464136,0.0,0.0,0.0,0.0,0.0
2026-03-17 04:00:00,181.92999267578125,185.39999389648438,181.67999267578125,185.05999755859375,182497800,182.61406555175782,184.8154724121094,185.2475634765625,177.82727729797364,182.90538931523494,183.76082984098392,184.55486706998624,47.32853254665679,-0.9785657658030686,-0.790802770768334,-0.1877629950347346,2.680642000961786,184.8154724121094,194.55915337884747,175.0717914453713,6.371897671847484,35.281375190393724,0.0,0.0,0.0,0.0,0.0
2026-03-18 04:00:00,180.39999389648438,183.3800048828125,180.3300018310547,182.47999572753906,156683100,182.35105590820314,184.43698120117188,185.09336700439454,178.05378639221192,182.4498628754621,183.44075022722205,184.39193086710384,45.62802304576841,-1.1216956277530699,-0.8569813421652812,-0.26471428558778864,-1.1345032036996328,184.43698120117188,194.25257787697262,174.62138452537113,5.7869422082893385,34.801546910759726,0.0,0.0,0.0,0.0,0.0
2026-03-19 04:00:00,178.55999755859375,179.97999572753906,175.7899932861328,178.00999450683594,170968500,181.8740478515625,183.97048950195312,184.91996948242186,178.25984817504883,181.74261463603148,182.97591663973364,184.16322760010343,43.599195838107086,-1.367831886972965,-0.959151451126818,-0.4086804358461471,-0.8221800985463434,183.97048950195312,193.98003943797272,173.96093956593353,5.508404862193784,34.92227136685739,0.0,0.0,0.0,0.0,0.0
2026-03-20 04:00:00,172.6999969482422,178.25999450683594,171.72000122070312,178.0,241323500,181.36300964355468,183.11500244140626,184.5919741821289,178.41741455078125,180.09850232916068,181.99725762149637,183.71368914316767,37.83000168437573,-2.012550293888694,-1.1698312196791933,-0.8427190742095005,-5.64393175190453,183.11500244140626,193.91653929536207,172.31346558745045,5.367009589983648,36.19264733063387,0.0,0.0,0.0,0.0,0.0
2026-03-23 04:00:00,175.63999938964844,178.3699951171875,174.75999450683594,177.25999450683594,182836300,180.66299896240236,182.32002029418945,184.40417449951173,178.58618171691896,179.28786543106753,181.39180445655848,183.39707385871594,41.97822741848759,-2.260206397498081,-1.3879062552429708,-0.87230014225511,-4.194662880200283,182.32002029418945,192.84776682620537,171.79227376217352,5.374887602974839,36.69163619793281,0.0,0.0,0.0,0.0,0.0
2026-03-24 04:00:00,175.1999969482422,176.22000122070312,173.97999572753906,174.8300018310547,147667800,179.70699768066407,181.43804168701172,184.21117462158202,178.7623966217041,178.54461661600837,180.8021085033855,183.0756198622268,41.53159299377235,-2.4635815292985512,-1.603041310054087,-0.8605402192444642,-1.4680707022520667,181.43804168701172,191.18143322581452,171.69465014820892,5.202762888347446,36.47469858824818,0.0,0.0,0.0,0.0,0.0
2026-03-25 04:00:00,178.67999267578125,181.22000122070312,176.85000610351562,177.10000610351562,162602100,178.9719970703125,180.59457092285157,184.08617462158202,178.94736358642578,178.56923044505797,180.60000223408989,182.90324232550347,46.389880178618874,-2.3172395200587914,-1.745880952055028,-0.5713585680037634,-2.1682606344023303,180.59457092285157,187.779090705495,173.41005114020814,5.19135902535266,36.922917723650215,0.0,0.0,0.0,0.0,0.0
2026-03-26 04:00:00,171.24000549316406,176.50999450683594,171.13999938964844,176.07000732421875,186152200,177.78199768066406,179.9125717163086,183.79497589111327,179.09058158874512,177.23664409016817,179.7085739730493,182.44586048894115,38.94019091209151,-2.769680062771357,-1.9506407741982938,-0.8190392885730633,-7.3176031380446265,179.9125717163086,187.92601980769794,171.89912362491927,5.264241049335199,34.81162798684275,0.0,0.0,0.0,0.0,0.0
2026-03-27 04:00:00,167.52000427246094,170.97000122070312,167.00999450683594,170.0,196212700,176.50899810791014,179.4295509338379,183.48277435302734,179.2085511779785,175.4699823051305,178.5477578110885,181.8605327941772,35.84098506077996,-3.3893452000207844,-2.2383816593627923,-1.1509635406579921,-9.95000517566842,179.4295509338379,189.1245611196051,169.7345407480707,5.041412675970461,32.56942909549789,0.0,0.0,0.0,0.0,0.0
2026-03-30 04:00:00,165.1699981689453,169.4499969482422,164.27000427246094,168.77999877929688,185627000,174.70399780273436,178.56454467773438,183.04537658691407,179.32036987304687,173.59725791673318,177.27368546421772,181.20600202456026,34.00003381521695,-4.023677686749977,-2.5954408648402296,-1.4282368219097474,-9.812166255646959,178.56454467773438,190.04077049432587,167.08831886114288,5.095000130789621,30.424234687651108,0.0,0.0,0.0,0.0,0.0
2026-03-31 04:00:00,174.39999389648438,174.6199951171875,166.9600067138672,166.97000122070312,226181300,173.95099792480468,178.28253173828125,182.80897827148436,179.46749031066895,173.7432099130516,177.00000055300504,180.93909974502787,45.77988885935648,-3.738511996529013,-2.8240550911779865,-0.9144569053510265,-3.245495757845007,178.28253173828125,189.8826043183043,166.6824591582582,5.543571472167969,37.04740047749255,0.0,0.0,0.0,0.0,0.0
2026-04-01 04:00:00,175.75,177.3699951171875,174.75,176.0,168132000,173.48599853515626,177.91852722167968,182.76277099609376,179.63650833129884,174.10808083795132,176.88095288129028,180.73560563737973,47.26252466434285,-3.3647946640636803,-2.9322030057551256,-0.4325916583085547,-4.077066461594936,177.91852722167968,189.34695361780854,166.49010082555083,5.4500002179827005,36.609089247087866,0.0,0.0,0.0,0.0,0.0
2026-04-02 04:00:00,177.38999938964844,177.49000549316406,171.3699951171875,172.17999267578125,143143200,173.3689987182617,177.62152328491212,182.64436920166017,179.80012855529785,174.70479330189625,176.92943350113393,180.60440539237067,49.083990691547605,-2.902824783737856,-2.926327361351672,0.023502577613816023,-2.495461698953383,177.62152328491212,188.76293629845028,166.48011027137395,5.447858537946429,36.805564028781454,0.0,0.0,0.0,0.0,0.0
2026-04-06 04:00:00,177.63999938964844,177.7899932861328,175.75999450683594,177.16000366210938,107564300,173.86299896240234,177.6130043029785,182.50056945800782,179.9678483581543,175.238467136033,176.9971064428972,180.48815417657764,49.37105659372393,-2.4878589255482098,-2.8386336741909797,0.3507747486427699,-1.5299304879243247,177.6130043029785,188.75406984892106,166.47193875703596,4.976429530552456,35.20977559579715,0.0,0.0,0.0,0.0,0.0
2026-04-07 04:00:00,178.10000610351562,178.22999572753906,173.66000366210938,175.72999572753906,132534900,174.10899963378907,177.3859992980957,182.30937286376954,180.1310693359375,175.75874694830253,177.10214450581324,180.39450131096737,49.93044037375599,-2.0976958637458836,-2.6904461121019603,0.5927502483560767,-0.2576117055149374,177.3859992980957,188.27801147442554,166.49398712176585,5.037143162318638,33.76332973236412,0.0,0.0,0.0,0.0,0.0
2026-04-08 04:00:00,182.0800018310547,185.25999450683594,180.3000030517578,184.5,147732700,174.7970001220703,177.2519989013672,182.22177459716798,180.3223388671875,176.90806601789382,177.57622615583622,180.46059937057865,54.60384314915497,-1.4506146505785864,-2.4424798197972852,0.9918651692186988,5.431386826036633,177.2519989013672,187.82325258603868,166.6807452166957,5.330713544573102,34.504175182119305,0.0,0.0,0.0,0.0,0.0
2026-04-09 04:00:00,183.91000366210938,184.0800018310547,180.6199951171875,181.83999633789062,116428500,175.32000122070312,177.1459991455078,182.1297787475586,180.52115867614745,178.18114558956938,178.17944306119557,180.59587012710927,56.60928400674955,-0.7811279169807221,-2.1102094392339725,1.3290815222532504,4.70849709701624,177.1459991455078,187.3839080375081,166.9080902535075,5.248571123395648,34.612562380932296,0.0,0.0,0.0,0.0,0.0
2026-04-10 04:00:00,188.6300048828125,190.0,184.3000030517578,184.30999755859375,160459500,177.05900115966796,177.420499420166,182.07218597412108,180.72493171691895,180.08093818834084,179.17473466325433,180.91093423517606,61.35166877794477,0.12882478269739295,-1.6624025948476995,1.7912273775450924,7.665529776543223,177.420499420166,188.587344506508,166.25365433382402,5.194999694824219,35.29774979661038,0.0,0.0,0.0,0.0,0.0
2026-04-13 04:00:00,189.30999755859375,189.66000366210938,185.74000549316406,186.02999877929688,133648200,179.23800048828124,177.8734992980957,182.00839447021485,180.90005989074706,181.75894898293228,180.13999779614377,181.24030926746696,61.99609762377274,0.8945270282887918,-1.1510166702204012,2.045543698509193,5.949185873373564,177.8734992980957,190.19863368003018,165.54836491616123,5.069999694824219,34.68909223350401,0.0,0.0,0.0,0.0,0.0
2026-04-14 04:00:00,196.50999450683594,196.50999450683594,190.77000427246094,190.83999633789062,161307000,182.37200012207032,178.53799896240236,182.116201171875,181.1076387023926,184.44095726000566,181.69904510192399,181.83912045332457,68.06751046515632,2.0586008857681577,-0.5090931590226895,2.567694044790847,14.757059216913348,178.53799896240236,193.2740637663931,163.8019341584116,5.424284798758371,36.61644848819417,0.0,0.0,0.0,0.0,0.0
2026-04-15 04:00:00,198.8699951171875,200.39999389648438,195.74000549316406,196.5399932861328,185338400,184.81900024414062,179.38499908447267,182.38160186767578,181.31336975097656,187.06441868858417,183.33437367480622,182.50699789112312,69.77215282083064,3.135426881077535,0.21981084899735548,2.91561603208018,18.714177438616673,179.38499908447267,196.66904338587565,162.10095478306968,5.327140808105469,36.49544807238931,0.0,0.0,0.0,0.0,0.0
2026-04-16 04:00:00,198.35000610351562,199.85000610351562,195.80999755859375,197.42999267578125,134012900,187.0790008544922,180.28249969482422,182.74199737548827,181.51530097961427,189.11634367311714,184.76443390611186,183.1282923308248,68.89941704319261,3.9018820058722667,0.9562250803723378,2.9456569254999287,20.08839880268807,180.28249969482422,199.53996588910528,161.02503350054317,5.077141898018973,36.27642587086947,0.0,0.0,0.0,0.0,0.0
2026-04-17 04:00:00,201.67999267578125,201.6999969482422,199.27000427246094,199.89999389648438,160324400,189.50800018310548,181.4384994506836,183.2919857788086,181.7573282623291,191.40064349178334,186.37543950322322,183.85580999141132,71.36924370619747,4.723555097947781,1.7096910838874264,3.0138640140603545,15.642201682351553,181.4384994506836,202.9091477315995,159.9678511697677,5.014283316476004,36.0406928978198,0.0,0.0,0.0,0.0,0.0
2026-04-20 04:00:00,202.05999755859375,202.1699981689453,197.83999633789062,199.97999572753906,119381400,191.95,182.90649948120117,183.8957717895508,181.9815089416504,193.33870786756705,187.86920693706804,184.5696996999283,71.64596601898941,5.343800159622191,2.4365128990343794,2.9072872605878115,14.97012663362376,182.90649948120117,205.8273278856789,159.98567107672343,4.953569684709821,33.016828814499114,0.0,0.0,0.0,0.0,0.0
2026-04-21 04:00:00,199.8800048828125,202.75,199.0,202.1300048828125,107945300,194.12799987792968,184.11849975585938,184.1853726196289,182.1843413543701,194.52803459761168,189.01309245571036,185.1701038247473,67.60890072144132,5.594946588112521,3.0681996368500077,2.526746951262513,12.678282637435112,184.11849975585938,207.9662614240715,160.27073808764726,4.546427045549665,33.49080735611047,0.0,0.0,0.0,0.0,0.0
2026-04-22 04:00:00,202.5,202.5,199.0,200.99000549316406,107501000,196.1699996948242,185.48349990844727,184.43477844238282,182.40577278137206,195.97748285259135,190.2975598408808,185.84970759632583,69.81060304122275,5.936956117353645,3.641950932950736,2.2950051844029096,13.994596203427045,185.48349990844727,210.28789298003997,160.67910683685457,4.584284101213727,33.38032403281473,0.0,0.0,0.0,0.0,0.0
2026-04-23 04:00:00,199.63999938964844,203.8300018310547,197.22000122070312,202.4600067138672,113561800,197.7429992675781,186.53150024414063,184.65698272705077,182.604105758667,196.64339495023808,191.1873159883825,186.39050335292671,64.64503138192686,5.909106484823866,4.095382043325362,1.813724441498504,12.09432484444346,186.53150024414063,211.89051305973456,161.1724874285467,4.619283403669085,33.88375902373931,0.0,0.0,0.0,0.0,0.0
2026-04-24 04:00:00,208.27000427246094,210.9499969482422,199.80999755859375,199.9600067138672,214134400,199.70699920654297,188.38300018310548,185.0215884399414,182.8311911010742,198.75732391791496,192.81423868210425,187.24852299683005,71.4982950390089,6.508380165261968,4.577981667712683,1.9303984975492856,14.383788542416088,188.38300018310548,214.4388086166739,162.32719174953706,5.282140459333148,31.435644745435148,0.0,0.0,0.0,0.0,0.0
2026-04-27 04:00:00,216.61000061035156,216.8300018310547,207.3800048828125,209.64999389648438,187172400,202.43699951171874,190.8375,185.6151907348633,183.09387741088867,202.0032651347216,195.0805017228897,188.39995349147796,76.28291819286736,7.5690258601918,5.176190506208506,2.392835353983294,17.780434069437902,190.8375,217.84941567509225,163.82558432490777,5.630712236676898,30.802861886282557,0.0,0.0,0.0,0.0,0.0
2026-04-28 04:00:00,213.1699981689453,214.72999572753906,208.1999969482422,209.49000549316406,180275400,204.10299987792968,193.2375,186.22258850097657,183.33526443481446,204.03358023185316,196.80331090822833,189.37132779255512,70.98935953679157,8.03934322288572,5.748821049543949,2.2905221733417704,13.009591608386174,193.2375,219.1544802874717,167.32051971252832,5.719999040876116,31.025575127733667,0.0,0.0,0.0,0.0,0.0
2026-04-29 04:00:00,209.25,212.72000122070312,207.5800018310547,212.6999969482422,123711800,205.14100036621093,194.9800003051758,186.708388671875,183.56130073547362,204.982020189698,197.98870986934944,190.1508835653961,65.41837468239027,8.003502633480593,6.199757366331278,1.8037452671493153,10.532989645850366,194.9800003051758,220.24220108058006,169.71779952977153,5.87214115687779,28.514852509385552,0.0,0.0,0.0,0.0,0.0
2026-04-30 04:00:00,199.57000732421875,210.3000030517578,198.6999969482422,209.92999267578125,225239200,205.26300048828125,196.1710006713867,186.9403924560547,183.70579261779784,203.99801785051994,198.13930962695605,190.52026096770288,54.12313368325532,7.112021244471464,6.382210141959316,0.7298111025121479,1.5571792290067776,196.1710006713867,219.80975056411248,172.53225077866094,6.265713282993862,34.68270441602183,0.0,0.0,0.0,0.0,0.0
2026-05-01 04:00:00,198.4499969482422,203.0,197.1199951171875,201.27999877929688,128647000,204.94000091552735,197.2240005493164,187.15159576416016,183.84133499145508,202.9892867773785,198.16889889564996,190.8312310061554,52.98323584282211,6.24317293255487,6.354402700078428,-0.1112297675235574,-0.21119232627215823,197.2240005493164,219.15473600322068,175.29326509541212,6.405713762555804,34.93145521588383,0.0,0.0,0.0,0.0,0.0
2026-05-04 04:00:00,198.47999572753906,201.72999572753906,194.74000549316406,199.5,125368100,204.58200073242188,198.26600036621093,187.32500091552734,183.96887870788575,202.1694156774077,198.19852716535368,191.13118256385673,53.0117813785371,5.493697115782851,6.182261583219312,-0.6885644674364615,0.06553547770278279,198.26600036621093,218.16509131850307,178.3669094139188,6.390713282993862,34.95553723584775,0.0,0.0,0.0,0.0,0.0
2026-05-05 04:00:00,196.5,200.24000549316406,196.02999877929688,199.3000030517578,113406600,204.24400024414064,199.18600006103514,187.42420806884766,184.0894719696045,201.1386128269699,198.03676267341524,191.34172442409766,50.81870184448631,4.685946350977929,5.882998536771036,-1.1970521857931073,-2.568421689755096,199.18600006103514,216.72032184718964,181.65167827488065,6.35857173374721,35.39006146400085,0.2067,0.1856,0.1781,8.0,0.0286
2026-05-06 04:00:00,207.8300018310547,208.27000427246094,198.61000061035156,199.88999938964844,188362800,204.7770004272461,200.47350006103517,187.72401672363281,184.27186431884766,202.35522900953077,198.96945211699995,191.98832353809598,60.809738556735475,4.903509899537056,5.687100809324241,-0.7835909097871845,2.855589598227004,200.47350006103517,216.4296871701028,184.51731295196754,6.910714285714286,39.62990923067728,0.1374,0.1513,0.1503,25.0,-0.0129
2026-05-07 04:00:00,211.5,214.1999969482422,206.5,208.33999633789062,168307900,205.96300048828124,201.85299987792968,188.04302856445312,184.49435302734375,204.01791464416152,200.16283762966663,192.75348732091575,63.40316896518626,5.310848603201151,5.611850368099622,-0.3010017648984711,5.813485507967742,201.85299987792968,216.49629150949457,187.20970824636478,7.221429007393973,39.80104000593785,0.2045,0.1651,0.1624,31.0,0.0422
2026-05-08 04:00:00,215.1999969482422,217.8000030517578,212.88999938964844,213.02999877929688,136421400,206.65599975585937,203.18149948120117,188.6494287109375,184.71659492492677,206.05102051763072,201.59494804095954,193.63374260041877,65.85633412148414,5.864622573701439,5.662404809219986,0.20221776448145334,6.271603431230699,203.18149948120117,217.59289819939232,188.77010076301002,7.362143380301339,39.404969288705246,0.0,0.1593,0.1624,31.0,-0.1624
2026-05-11 04:00:00,219.44000244140625,222.3000030517578,213.88999938964844,214.0399932861328,160685800,206.93899993896486,204.6879997253418,189.49462036132812,184.9452392578125,208.48538086740808,203.29447703147827,194.6457527902614,68.46504117046842,6.569891819859151,5.843902211347819,0.7259896085113322,9.91785369279281,204.6879997253418,219.2918885731503,190.0841108775333,7.695000784737723,39.63998810000965,-0.304,-0.311,-0.0103,39.0,-0.2938
2026-05-12 04:00:00,220.77999877929688,223.75,214.9199981689453,218.5500030517578,159176600,207.7,205.90149993896483,190.26081787109376,185.1817833709717,210.72076594229694,204.9597648169848,195.6706251819883,69.26428691545831,7.154476927764762,6.106017154631208,1.0484597731335539,6.006623253567622,205.90149993896483,221.63393685566507,190.1690630222646,8.07571520124163,37.985823327187525,0.0291,-0.2373,-0.0371,33.0,0.0662
2026-05-13 04:00:00,225.8300018310547,227.83999633789062,221.57000732421875,224.92999267578125,150405400,209.35800018310547,207.2495002746582,191.1766128540039,185.4273302459717,213.46789974025288,206.94740643737242,196.85334583489288,72.13098763385119,7.933801948882177,6.471574113481402,1.4622278354007747,4.256498404839815,207.2495002746582,224.94298104469894,189.55601950461747,8.107857840401786,38.40308314780086,0.0,-0.2373,-0.1379,16.0,0.1379
2026-05-14 04:00:00,235.74000549316406,236.5399932861328,229.3000030517578,229.85000610351562,180782900,212.975,209.11900024414064,192.23081115722655,185.72862617492675,217.51737351350943,209.6895587284002,198.3783128803153,76.71973227241446,9.244512135636626,7.026161717912448,2.218350417724178,10.587797306416057,209.11900024414064,230.39235289478984,187.84564759349144,8.065000261579241,40.40922059411884,0.7806,0.5568,-0.007,12.0,0.7876
2026-05-15 04:00:00,225.32000732421875,231.5,224.24000549316406,229.75999450683594,180977600,215.66200103759766,210.3010009765625,193.07060974121094,185.9590251159668,218.93603420636566,211.1781728803829,199.43484991733112,64.66353687169145,9.334846335307503,7.487898641391459,1.8469476939160439,7.679812341323178,210.3010009765625,232.44326855369548,188.15873339942954,8.211429050990514,44.443495404936954,-0.1936,0.0089,-0.0698,19.0,-0.1238
2026-05-18 04:00:00,222.32000732421875,230.0,218.3699951171875,229.8699951171875,146280900,218.04600219726564,211.31400146484376,193.96080230712892,186.18142295837401,219.5513020459753,212.23929997027204,200.33230707054238,61.659260996816165,9.059924738635829,7.8023038608403334,1.2576208777954951,11.399508525868152,211.31400146484376,233.72099774249781,188.9070051871897,8.441429138183594,44.95145219826085,0.5233,-0.0574,-0.0236,17.0,0.5469
2026-05-19 04:00:00,220.61000061035156,224.47999572753906,217.91000366210938,219.6199951171875,140948200,220.45700225830078,212.3505012512207,194.7202001953125,186.4160173034668,219.7437926940437,213.0365095550415,201.12751073877018,59.94953154485021,8.604872527731175,7.962817594218502,0.6420549335126724,11.166542707425142,212.3505012512207,234.44618659579,190.25481590665137,8.511428833007812,44.818879778070624,-0.0243,-0.0007,-0.021,33.0,-0.0034
2026-05-20 04:00:00,223.47000122070312,226.1300048828125,220.5,223.17999267578125,184201600,222.02100219726563,213.39900131225585,195.49440002441406,186.63351684570313,220.42128515343632,214.03017542796167,202.00368683610088,61.85465706630496,8.378437111720189,8.04594149771884,0.3324956140013491,12.590692276852323,213.39900131225585,235.5167035990798,191.2812990254319,8.085000174386161,44.81559628548431,-0.1774,-0.0411,-0.0394,42.0,-0.138
2026-05-21 04:00:00,219.50999450683594,227.39999389648438,217.92999267578125,222.2899932861328,203381800,222.8220016479492,214.39250106811522,196.16399993896485,186.83991493225096,220.25559594496352,214.552062959283,202.69020870554147,57.75788539982214,7.789651710471816,7.994683540269436,-0.2050318297976199,11.709920868618795,214.39250106811522,235.67733061629116,193.1076715199393,8.341428484235491,45.04016294532013,-0.1376,-0.0829,-0.0806,50.0,-0.057
2026-05-22 04:00:00,215.3300018310547,221.00999450683594,214.8000030517578,220.89999389648438,168346300,222.83500213623046,214.74550094604493,196.80779998779298,187.01961402893068,219.36003337879825,214.62615237564222,203.1858868673263,53.71380695046115,6.906134938087007,7.77697381983295,-0.8708388817459429,3.608718632498853,214.74550094604493,235.83608559837958,193.65491629371027,8.285714285714286,43.45099316333789,0.4512,0.0128,-0.0159,47.0,0.4671
