Date,Close_TSLA,High_TSLA,Low_TSLA,Open_TSLA,Volume_TSLA,SMA_10,SMA_20,SMA_50,SMA_200,EMA_10,EMA_20,EMA_50,RSI_14,MACD,MACD_Signal,MACD_Histogram,ROC_12,BB_Middle,BB_Upper,BB_Lower,ATR_14,Volatility_20,Sentiment_1d,Sentiment_3d,Sentiment_7d,News_Volume_7d,Sentiment_Momentum
2020-10-15 04:00:00,149.6266632080078,152.19000244140625,147.5,150.10333251953125,107017200,144.63666381835938,142.4633316040039,134.27006591796874,75.65274651527405,146.26418708514302,143.08546730705223,131.84218813329815,56.88473132575931,4.327551087057657,3.8332254948235818,0.494325592234075,7.113365733363453,142.4633316040039,156.16406657443258,128.76259663357524,5.959761483328683,65.80935119410977,0.0,0.0,0.0,0.0,0.0
2020-10-16 04:00:00,146.55667114257812,151.98333740234375,146.28334045410156,151.47999572753906,98327700,145.45599822998048,142.4219985961914,135.21509262084962,76.24210987091064,146.31736600467667,143.41605814853088,132.41922668268168,54.2670509002664,4.089144660517377,3.884409327962341,0.20473533255503584,2.4847986516239207,142.4219985961914,156.0651038315335,128.7788933608493,5.873094831194196,64.53164804883198,0.0,0.0,0.0,0.0,0.0
2020-10-19 04:00:00,143.61000061035156,149.0,142.9566650390625,148.74667358398438,108863400,145.6276657104492,142.11266555786133,136.15034591674805,76.81248987197876,145.825117751163,143.4345288591805,132.85808056219815,51.80297204779411,3.620697022788079,3.831666866927489,-0.21096984413941033,-3.8669261777460218,142.11266555786133,155.32549808641465,128.899833029308,5.902380807059152,64.64271417898414,0.0,0.0,0.0,0.0,0.0
2020-10-20 04:00:00,140.64666748046875,143.9166717529297,139.68333435058594,143.9166717529297,94968900,145.89299926757812,142.0744987487793,137.07185256958007,77.36520987510681,144.88358133830948,143.16901825168415,133.1635153433068,49.37491801050732,2.976026891439261,3.6605388718298437,-0.6845119803905826,1.6502497469336186,142.0744987487793,155.30028109593385,128.84871640162473,5.850953238351004,61.83261380302568,0.0,0.0,0.0,0.0,0.0
2020-10-21 04:00:00,140.8800048828125,144.31666564941406,140.4166717529297,140.89999389648438,97111500,145.80433349609376,142.77916564941407,138.05693267822267,77.9132565689087,144.1556583464009,142.95101697845828,133.46612277622862,49.575335332838414,2.4556424287011964,3.4195595832041144,-0.9639171545029179,-0.7141427668270972,142.77916564941407,153.91142476687176,131.64690653195638,5.656428745814732,48.155181140504205,0.0,0.0,0.0,0.0,0.0
2020-10-22 04:00:00,141.92999267578125,148.41000366210938,141.50332641601562,147.30667114257812,119979600,145.8,143.4124984741211,138.8225192260742,78.45885986328125,143.7509918608337,142.85377656867954,133.79803924287776,50.52450583127315,2.1037089849272945,3.156389463548751,-1.0526804786214563,2.8527905748318982,143.4124984741211,152.573921096661,134.2510758515812,5.404761178152902,47.885914331356915,0.0,0.0,0.0,0.0,0.0
2020-10-23 04:00:00,140.2100067138672,140.9633331298828,135.7933349609375,140.6133270263672,101151000,145.35433349609374,143.6339988708496,139.46538604736327,78.99946323394775,143.10717637956705,142.60198896345932,134.04948894762245,48.900672759536754,1.6667969054083756,2.858470951920676,-1.1916740465123006,-1.0980408618399662,143.6339988708496,152.2142093896106,135.05378835208862,5.401427132742746,45.10516940288818,0.0,0.0,0.0,0.0,0.0
2020-10-26 04:00:00,140.0933380126953,141.9199981689453,136.6666717529297,137.2100067138672,84717600,144.62033386230468,143.61866607666016,140.06630615234374,79.54054658889771,142.55920576740854,142.36306982529132,134.28650263644883,48.78613468915628,1.2961851301316472,2.5460137875628703,-1.2498286574312232,-1.324185081323126,143.61866607666016,152.22426827695801,135.0130638763623,5.235474722726004,43.49030323483029,0.0,0.0,0.0,0.0,0.0
2020-10-27 04:00:00,141.55999755859375,143.5,140.03334045410156,141.25332641601562,68059500,143.88800048828125,143.71216583251953,140.44998611450194,80.07339324951172,142.37753154762402,142.2865867522725,134.57173773143492,50.36020680392467,1.1080469209109367,2.2584204142324835,-1.1503734933215468,-2.1474705657441917,143.71216583251953,152.1775345764738,135.24679708856527,5.100949968610491,43.58799838730933,0.0,0.0,0.0,0.0,0.0
2020-10-28 04:00:00,135.33999633789062,139.53334045410156,135.3333282470703,138.82666015625,76354200,142.0453338623047,143.3289993286133,140.64066604614257,80.57078657150268,141.09797969130884,141.62500671280756,134.6018655199234,44.16117917948094,0.4518354411416112,1.8971034196143093,-1.445267978472698,-8.202580553416928,143.3289993286133,152.58615769898182,134.07184095824476,5.219521658761161,45.49135758725316,0.0,0.0,0.0,0.0,0.0
2020-10-29 04:00:00,136.94332885742188,139.35333251953125,135.48666381835938,136.65333557128906,67965900,140.7770004272461,142.70683212280272,140.8748258972168,81.08266988754272,140.3425886306021,141.17913263134227,134.69368761159,46.0061856370115,0.06046168571637622,1.5297750728347228,-1.4693133871183466,-8.019703977096748,142.70683212280272,151.92227336288,133.49139088272545,5.299760001046317,42.381567083401514,0.0,0.0,0.0,0.0,0.0
2020-10-30 04:00:00,129.34666442871094,135.8633270263672,126.37000274658203,135.63333129882812,127533900,139.05599975585938,142.25599899291993,140.79265243530273,81.55823987960815,138.3433296848037,140.05223089775834,134.4840004279477,39.36878950095384,-0.8528609168155583,1.0532478749046665,-1.9061087917202248,-15.881204518850979,142.25599899291993,153.1037853885594,131.40821259728045,5.70404543195452,38.72120726041175,0.0,0.0,0.0,0.0,0.0
2020-11-02 05:00:00,133.50332641601562,135.66000366210938,130.76666259765625,131.3333282470703,87063300,138.0453323364258,141.8364990234375,140.7294123840332,82.0555898475647,137.4633290904786,139.42852570902093,134.44554262355823,44.11939594444924,-1.2271222740363328,0.5971738451164667,-1.8242961191527995,-10.775710990478926,141.8364990234375,153.37053900507513,130.3024590417999,5.8623793465750555,39.43463253257978,0.0,0.0,0.0,0.0,0.0
2020-11-03 05:00:00,141.3000030517578,142.58999633789062,135.56333923339844,136.57666015625,103055100,138.11066589355468,142.0018325805664,140.8698124694824,82.5796898651123,138.16090617434753,139.60676164642445,134.71434499329155,51.75517033061394,-0.8844055741468253,0.30085796126380826,-1.1852635354106336,-3.5867818570376464,142.0018325805664,153.39788972580035,130.60577543533245,6.053093501499721,43.828204201070605,0.0,0.0,0.0,0.0,0.0
2020-11-04 05:00:00,140.32666015625,145.13333129882812,139.03334045410156,143.5399932861328,96429300,138.05533142089843,141.9298324584961,140.97855911254882,83.09146982192993,138.55467962560252,139.675323409265,134.9344357839958,50.82152756858539,-0.6834622302949924,0.10399392295204812,-0.7874561532470405,-2.2862895621106882,141.9298324584961,153.3503152582416,130.50934965875058,6.0411883762904575,42.828922105886356,0.0,0.0,0.0,0.0,0.0
2020-11-05 05:00:00,146.02999877929688,146.6666717529297,141.3333282470703,142.76666259765625,85243500,138.46533203125,142.132666015625,141.02826583862304,83.63088647842407,139.91382856263786,140.28053058736327,135.3695559014586,55.84760563999698,-0.06327205956640114,0.07054072644835827,-0.1338127860147594,3.8275569519453434,142.132666015625,153.69955999930778,130.56577203194223,6.0869037083217075,45.217789119776356,0.0,0.0,0.0,0.0,0.0
2020-11-06 05:00:00,143.31666564941406,145.52333068847656,141.42666625976562,145.36666870117188,65118000,138.7759979248047,142.0651657104492,140.90959915161133,84.15919647216796,140.53252621477898,140.56968630755858,135.68120726412351,53.068836876955274,0.2069047425758015,0.09781352967384692,0.10909121290195457,1.7296001434897956,142.0651657104492,153.5854587190903,130.54487270180812,5.984046391078404,45.29057624109107,0.0,0.0,0.0,0.0,0.0
2020-11-09 05:00:00,140.4199981689453,150.8333282470703,140.3333282470703,146.5,104499000,138.80866394042968,141.7144989013672,140.76679916381835,84.67528980255128,140.51206657008194,140.5554302943573,135.86704220156753,50.19733740300815,0.18515064618171095,0.11528095297541974,0.06986969320629122,-1.06390092634282,141.7144989013672,152.9707155672982,130.45828223543617,6.431665148053851,45.2303896870615,0.0,0.0,0.0,0.0,0.0
2020-11-10 05:00:00,136.7866668701172,140.02999877929688,132.00999450683594,140.02999877929688,90852600,138.33133087158203,141.10966567993165,140.180399017334,85.17025648117065,139.83472117008836,140.1965004444297,135.90310591405967,46.77829417143007,-0.12384153461681535,0.06745645545697272,-0.19129799007378806,-2.441580258059728,141.10966567993165,152.03921395214556,130.18011740771774,6.753808702741351,45.75903499429008,0.0,0.0,0.0,0.0,0.0
2020-11-11 05:00:00,139.0433349609375,139.56666564941406,136.86000061035156,138.81666564941406,52073100,138.70166473388673,140.3734992980957,139.79426559448243,85.67180982589721,139.69083276842454,140.08667516028757,136.02625215119212,49.09735240239585,-0.1844990190560054,0.0170653605543771,-0.2015643796103825,-0.7495024864513256,140.3734992980957,149.55749801032587,131.18950058586555,6.414522988455636,44.37291651371791,0.0,0.0,0.0,0.0,0.0
2020-11-12 05:00:00,137.25332641601562,141.0,136.5066680908203,138.35000610351562,59565300,138.7326644897461,139.75483245849608,139.5568653869629,86.14447311401368,139.24764979525926,139.81683242273786,136.07437271059698,47.33545146466816,-0.37271284071519517,-0.060890279699537364,-0.3118225610156578,-3.0422938802294963,139.75483245849608,147.92541083068812,131.58425408630404,6.297142573765346,43.712852084498145,0.0,0.0,0.0,0.0,0.0
2020-11-13 05:00:00,136.1666717529297,137.50999450683594,133.8866729736328,136.9499969482422,59313300,139.41466522216797,139.23533248901367,139.5668653869629,86.60844980239868,138.68747196938114,139.46919807323232,136.07799228088453,46.250376329653314,-0.6026110747887401,-0.16923443871737792,-0.4333766360713622,0.6108138299155685,139.23533248901367,146.88990732124347,131.58075765678387,6.180713653564453,43.30626865699646,0.0,0.0,0.0,0.0,0.0
2020-11-16 05:00:00,136.02999877929688,137.48333740234375,134.69667053222656,136.30999755859375,80515800,139.6673324584961,138.85633239746093,139.4986653137207,87.02859979629517,138.20429502572944,139.1416552833337,136.07611018278305,46.107217552046315,-0.7867660985288865,-0.29274077067967963,-0.49402532784920683,-0.6669401757247395,138.85633239746093,146.34777413877075,131.36489065615112,6.132142748151507,42.85252496459279,0.0,0.0,0.0,0.0,0.0
2020-11-17 05:00:00,147.20333862304688,154.0,144.336669921875,153.38999938964844,183564900,140.257666015625,139.18416595458984,140.24133209228515,87.4689298248291,139.84048477069624,139.90943464902068,136.51247208240125,57.648551912475575,-0.030760547273700922,-0.2403447259984839,0.20958417872478297,13.80528386503357,139.18416595458984,147.53055866260905,130.83777324657063,6.97095217023577,51.66287657355758,0.0,0.0,0.0,0.0,0.0
2020-11-18 05:00:00,162.2133331298828,165.3333282470703,147.8333282470703,149.4499969482422,234132000,142.4463333129883,140.25083236694337,141.0437321472168,88.03509649276734,143.90827538145743,142.03361545672183,137.52034898622406,67.66617536986757,1.7592805210330766,0.1595803234078282,1.5997001976252485,21.50508716494648,140.25083236694337,153.51421222345067,126.98745251043609,7.979284558977399,62.506872207045184,0.0,0.0,0.0,0.0,0.0
2020-11-19 05:00:00,166.42333984375,169.5366668701172,162.52333068847656,164.0,187425900,144.48566741943358,141.4754997253418,141.89659896850586,88.6175598526001,148.00192346551063,144.35644635072453,138.6537996080878,69.82227986083296,3.4775265600316914,0.823169570732601,2.6543569892990906,17.780138888453934,141.4754997253418,159.1735000898891,123.77749936079447,7.747142246791294,62.83765861009763,0.0,0.0,0.0,0.0,0.0
2020-11-20 05:00:00,163.20333862304688,167.5,163.02000427246094,165.99667358398438,98735700,146.47433471679688,142.6251663208008,142.6758657836914,89.1842198753357,150.7658171305172,146.1513884718981,139.6165266282823,66.18695633400927,4.527234595088117,1.5639825756037045,2.963252019484413,16.30244633580269,142.6251663208008,162.79212275051236,122.4582098910892,7.616189139229911,63.20692300866002,0.0,0.0,0.0,0.0,0.0
2020-11-23 05:00:00,173.9499969482422,175.3333282470703,167.26333618164062,167.8333282470703,150780900,149.82733459472655,144.31799926757813,143.3573989868164,89.7968765258789,154.98112255192174,148.79887499345466,140.96293722906503,71.51706299044281,6.155346288437499,2.4822553181704636,3.673090970267036,19.119357941748905,144.31799926757813,168.81021206577273,119.82578646938352,7.8335691179547995,66.27847175405621,0.0,0.0,0.0,0.0,0.0
2020-11-24 05:00:00,185.1266632080078,186.663330078125,175.39999389648438,180.13333129882812,160945500,154.6613342285156,146.49633255004883,144.06153228759766,90.46438318252564,160.46212994393738,152.2586643472216,142.69484805176867,75.79119984940844,8.252371888981003,3.6362786323325715,4.616093256648432,29.17315817329349,146.49633255004883,176.97397950373053,116.01868559636712,8.305950709751674,68.84688821610186,0.0,0.0,0.0,0.0,0.0
2020-11-25 05:00:00,191.3333282470703,191.3333282470703,181.7899932861328,183.35333251953125,146790600,159.8903335571289,149.2959991455078,144.94313232421874,91.16528648376465,166.07507508996153,155.98006090911198,144.60223943197659,77.78482752010422,10.296415118859358,4.968305929637929,5.328109189221428,36.25789114230653,149.2959991455078,185.2531161856987,113.33888210531691,8.534759521484375,65.55648663875256,0.0,0.0,0.0,0.0,0.0
2020-11-27 05:00:00,195.25332641601562,199.5933380126953,192.81666564941406,193.72000122070312,112683300,165.6903335571289,152.2114990234375,146.02533233642578,91.87355312347412,171.38021169469863,159.72037190976948,146.58855656860558,78.96314890601134,12.093241832453572,6.393293110201058,5.699948722252514,42.74295213393435,152.2114990234375,193.0728240363141,111.35017401056092,8.795950753348214,65.51625141340052,0.0,0.0,0.0,0.0,0.0
2020-11-30 05:00:00,189.1999969482422,202.60000610351562,184.836669921875,200.73666381835938,189009300,170.99366607666016,155.20416564941405,146.86166564941405,92.55287643432617,174.62017264988836,162.52795524676688,148.2595934462384,72.56256184742196,12.880310646729725,7.6906966175067915,5.189614029222934,36.07268338420937,155.20416564941405,197.7471586047567,112.66117269407141,9.314760480608259,62.34151409664296,0.0,0.0,0.0,0.0,0.0
2020-12-01 05:00:00,194.9199981689453,199.28334045410156,190.68333435058594,199.19667053222656,120310500,176.882666015625,158.27499923706054,147.7641323852539,93.24134309768677,178.3110500169896,165.61291171554578,150.08941323928573,74.65331611272548,13.806472229404108,8.913851739886255,4.892620489517853,42.014771706254805,158.27499923706054,203.03135776542442,113.51864070869667,9.43428475516183,62.2956433868329,0.0,0.0,0.0,0.0,0.0
2020-12-02 05:00:00,189.60667419433594,190.51333618164062,180.40333557128906,185.47999572753906,143327100,181.1229995727539,160.69033279418946,148.72806579589843,93.88356981277465,180.3647998674162,167.89803195162102,151.63910974732693,69.3657096376839,13.950903782192682,9.921262148347541,4.0296416338451415,39.24602235881296,160.69033279418946,206.7834236629288,114.5972419254501,10.272617885044642,62.677481431598956,0.0,0.0,0.0,0.0,0.0
2020-12-03 05:00:00,197.7933349609375,199.6566619873047,194.14332580566406,196.67333984375,127656000,184.68099975585938,163.56366653442382,150.14819915771486,94.57273315429687,183.5336244298746,170.74520366679403,153.44907936354696,72.58741084411457,14.55814470342608,10.84863865936325,3.709506044062831,45.40420255523865,163.56366653442382,211.44192122612463,115.685411842723,10.669521876743861,62.82173995490179,0.0,0.0,0.0,0.0,0.0
2020-12-04 05:00:00,199.67999267578125,199.67999267578125,195.1666717529297,197.00332641601562,88203900,188.0066650390625,166.24616622924805,151.55653228759766,95.27079978942871,186.46932774731218,173.50089785812617,155.2620563561836,73.28469309022574,15.01850108673409,11.682611144837418,3.3358899418966725,35.649092298860666,166.24616622924805,215.96452662115558,116.52780583734052,10.73309326171875,62.30504006113673,0.0,0.0,0.0,0.0,0.0
2020-12-07 05:00:00,213.9199981689453,216.26333618164062,201.01666259765625,201.63999938964844,168929100,193.07833099365234,169.7763328552246,153.11933227539063,96.06246978759765,191.46035873306363,177.35033598296607,157.56236779982132,77.86190065255335,16.343983009444486,12.614885517758832,3.7290974916856534,31.875718254097784,169.7763328552246,222.57064811362065,116.98201759682857,11.718570164271764,63.75064692127883,0.0,0.0,0.0,0.0,0.0
2020-12-08 05:00:00,216.6266632080078,217.0933380126953,206.1666717529297,208.50332641601562,192795000,197.34599761962892,173.58666610717773,154.6438656616211,96.87896644592286,196.03605045578072,181.09093857582718,159.87861467857374,78.61200144620373,17.412126080103576,13.574333630227782,3.837792449875794,30.16603525166137,173.58666610717773,228.420721920095,118.75261029426046,11.215474809919085,61.97745195692092,0.0,0.0,0.0,0.0,0.0
2020-12-09 05:00:00,201.4933319091797,218.10667419433594,196.0,217.89666748046875,213873600,198.9826644897461,176.82199935913087,155.87993225097657,97.62683311462402,197.0282834473078,183.0340236551941,161.5105643738916,65.2914980946884,16.843344210427375,14.228135746267702,2.6152084641596733,23.461525731757106,176.82199935913087,230.1282039798437,123.51579473841804,11.499523707798549,68.19619799751126,0.0,0.0,0.0,0.0,0.0
2020-12-10 05:00:00,209.02333068847656,209.25,188.77999877929688,191.4566650390625,201249600,200.7516647338867,180.3209991455078,157.2003323364258,98.44561643600464,199.2092011275203,185.50919575360194,163.37381011171848,68.18063633332497,16.80645411019276,14.743799419052714,2.0626546911400467,20.162882641883705,180.3209991455078,232.35784369996975,128.28415459104588,12.438571384974889,68.43918693048063,0.0,0.0,0.0,0.0,0.0
2020-12-11 05:00:00,203.3300018310547,208.0,198.93333435058594,205.00332641601562,139425000,201.55933227539063,183.62483291625978,158.27919891357422,99.23960311889648,199.958437619072,187.206415380026,164.94071959090815,63.85282222348591,16.13185638365968,15.021410811974107,1.110445571685574,9.832910239727944,183.62483291625978,232.4391773927578,134.81048843976174,12.839285714285714,69.57541812195373,0.0,0.0,0.0,0.0,0.0
2020-12-14 05:00:00,213.27667236328125,214.25,203.39999389648438,206.3333282470703,156121800,203.96699981689454,187.48033294677734,159.7774658203125,100.05811313629151,202.37993484529184,189.6892969974789,166.83624715060904,67.70922322269672,16.212953177309544,15.259719285041195,0.953233892268349,11.468647055506874,187.48033294677734,232.54904770795164,142.41161818560303,12.752857753208705,69.39514302210743,0.0,0.0,0.0,0.0,0.0
2020-12-15 05:00:00,211.0833282470703,215.63333129882812,207.93333435058594,214.42666625976562,135214500,205.58333282470704,191.232999420166,161.16126586914064,100.86502643585204,203.96237000925154,191.72682378315426,168.57142680145066,66.03619390953929,15.91675993027414,15.391127414087784,0.5256325161863558,8.107417231564384,191.232999420166,230.37232511845565,152.09367372187637,12.394762311662946,69.90754209815742,0.0,0.0,0.0,0.0,0.0
2020-12-16 05:00:00,207.58999633789062,210.8333282470703,201.6666717529297,209.41000366210938,126287400,207.3816650390625,194.2523323059082,162.55319915771486,101.65314308166504,204.62193843264043,193.23760212170058,170.10156678327183,63.35128884639022,15.22464176471044,15.357830284212316,-0.13318851950187494,9.719872984289335,194.2523323059082,228.04138463857444,160.46327997324195,12.385713849748884,67.59583366542125,0.0,0.0,0.0,0.0,0.0
2020-12-17 05:00:00,218.63333129882812,219.60667419433594,206.5,209.39666748046875,168810300,209.46566467285157,197.07333221435547,164.0905325317383,102.50479640960694,207.16946440831092,195.65624299571272,172.00477323486228,67.80732803586602,15.38983354909044,15.364230937187942,0.025602611902497685,12.165674816664772,197.07333221435547,228.9674006526143,165.17926377609666,12.73190416608538,61.52237518420631,0.0,0.0,0.0,0.0,0.0
2020-12-18 05:00:00,231.6666717529297,231.6666717529297,209.51333618164062,222.96665954589844,666378600,212.6643325805664,200.33549880981445,165.8843994140625,103.4286364364624,211.6235021073325,199.0858076392572,174.34445552968847,72.11636193364822,16.383571267674455,15.568099003285246,0.815472264389209,22.182762150811563,200.33549880981445,232.3759094699002,168.2950881497287,13.045475551060267,63.394695457981975,0.0,0.0,0.0,0.0,0.0
2020-12-21 05:00:00,216.6199951171875,222.8333282470703,215.35667419433594,222.0800018310547,174135900,212.93433227539063,203.00633163452147,167.32346588134766,104.30906974792481,212.53195538185156,200.75573025620295,176.00231982723744,61.82736261276721,15.775128651546623,15.609504932937522,0.1656237186091012,9.518349119280533,203.00633163452147,230.61263578799293,175.40002748105002,13.490236554827009,68.74431550325323,0.0,0.0,0.0,0.0,0.0
2020-12-22 05:00:00,213.44667053222656,216.6266632080078,204.7433319091797,216.0,155148000,212.6163330078125,204.9811653137207,168.64373260498047,105.16119310379028,212.6982672273743,201.96439123487187,177.47072573723702,59.886794077054226,14.865512348355026,15.460706416021024,-0.5951940676659984,6.894370172978803,204.9811653137207,229.28946524996405,180.67286537747736,13.302141462053571,66.78075054898439,0.0,0.0,0.0,0.0,0.0
2020-12-23 05:00:00,215.32666015625,217.1666717529297,207.52333068847656,210.73333740234375,99519000,213.99966583251953,206.4911651611328,169.9725991821289,106.02641639709472,213.17615685080622,203.2369882750031,178.95527218504145,60.67429384328363,14.133413136678541,15.195247760152528,-1.0618346234739864,0.6575645097910643,206.4911651611328,229.31299167778408,183.66933864448154,13.273095267159599,63.76234056432879,0.0,0.0,0.0,0.0,0.0
2020-12-24 05:00:00,220.58999633789062,222.02999877929688,213.6666717529297,214.3300018310547,68596800,215.15633239746094,207.95399856567383,171.3090658569336,106.94251638412476,214.52412766663974,204.88965570956384,180.58800646554533,62.87192992541818,13.818633869807257,14.919924982083474,-1.1012911122762166,1.8295684710229576,207.95399856567383,230.4329443905548,185.47505274079285,13.548095703125,63.36699714613039,0.0,0.0,0.0,0.0,0.0
2020-12-28 05:00:00,221.22999572753906,227.13333129882812,220.26666259765625,224.836669921875,96835800,216.9463317871094,209.25283203125,172.7411325073242,107.8664596939087,215.74337640498507,206.4458785684186,182.18180996601566,63.14165308188399,13.465588710380814,14.629057727742943,-1.1634690173621287,9.795194526464734,209.25283203125,231.6435958028211,186.8620682596789,12.854047502790179,63.21087763222014,0.0,0.0,0.0,0.0,0.0
2020-12-29 05:00:00,221.99667358398438,223.3000030517578,218.3333282470703,220.3333282470703,68732400,217.81833190917968,210.8926658630371,174.24993255615234,108.82808639526367,216.8803395284395,207.92690666513917,183.74317716672033,63.483883404695234,13.096691862223167,14.32258455463899,-1.2258926924158224,6.206648249636304,210.8926658630371,231.85831766502457,189.92701406104965,12.428333827427455,61.62528973124939,0.0,0.0,0.0,0.0,0.0
2020-12-30 05:00:00,231.5933380126953,232.1999969482422,222.7866668701172,224.0,128538000,219.86933288574218,212.7263328552246,176.0095993041992,109.84265308380127,219.55543016194054,210.18085250776357,185.61965406264093,67.54592146751011,13.42396594573222,14.142860832857636,-0.7188948871254155,13.900229148241694,212.7263328552246,234.21830521190918,191.23436049854,11.578094482421875,62.3942686092261,0.0,0.0,0.0,0.0,0.0
2020-12-31 05:00:00,235.22332763671875,239.57333374023438,230.3733367919922,233.3300018310547,148949700,222.632666015625,215.00716552734374,177.9011325073242,110.89836305618286,222.40413879371837,212.56585013909265,187.5648961635852,68.95278449917552,13.81696941768297,14.077682549822704,-0.2607131321397347,10.290227726384927,215.00716552734374,235.84033929569392,194.17399175899357,10.773094177246094,60.892454111326835,0.0,0.0,0.0,0.0,0.0
2021-01-04 05:00:00,243.2566680908203,248.163330078125,239.06333923339844,239.82000732421875,145914600,225.09499969482422,217.28033218383788,179.94866577148437,111.97209973335266,226.1955077568278,215.48878518211433,189.7488872195552,71.86002957882081,14.608256055376899,14.183797250933544,0.42445880444335415,15.242008978601817,217.28033218383788,240.03750832605175,194.52315604162402,10.976666041782924,60.35238965136116,0.0,0.0,0.0,0.0,0.0
2021-01-05 05:00:00,245.0366668701172,246.94667053222656,239.73333740234375,241.22000122070312,96735600,226.43199920654297,219.54816589355468,182.0107992553711,113.05477306365967,229.62117305015312,218.30286915240032,191.91703544114588,72.47505582533792,15.203728325931422,14.38778346593312,0.8159448599983019,18.038764484236157,219.54816589355468,243.90409603955982,195.19223574754955,10.71190425327846,60.36509907960791,0.0,0.0,0.0,0.0,0.0
2021-01-06 05:00:00,251.9933319091797,258.0,249.6999969482422,252.8300018310547,134100000,229.96933288574218,221.45183258056642,184.24646575927736,114.16997638702392,233.68883829724882,221.51148465304598,194.27296863597076,74.79375417219134,16.051952206821767,14.72061721411085,1.3313349927109162,15.258423961328704,221.45183258056642,249.61035908884026,193.29330607229258,11.087856837681361,56.471962457782624,0.0,0.0,0.0,0.0,0.0
2021-01-07 05:00:00,272.0133361816406,272.3299865722656,258.3999938964844,259.2099914550781,154496700,235.82599945068358,224.22116622924804,186.88486572265626,115.36170972824097,240.6569288216837,226.32118479862643,197.32161050050684,80.01209878925249,18.130624224048177,15.402618616098316,2.7280056079498607,17.415825989739385,224.22116622924804,260.1921680928243,188.2501643656718,11.867856706891741,61.797637809465215,0.0,0.0,0.0,0.0,0.0
2021-01-08 05:00:00,293.3399963378906,294.8299865722656,279.46331787109375,285.3333435058594,225166500,243.62733306884766,228.8134994506836,189.9204656982422,116.64865970611572,250.23566837008497,232.7039287547468,201.0870373960905,83.84819162166484,21.25386864631622,16.572868622141897,4.681000024174324,35.41686037763918,228.8134994506836,274.66257535471004,182.96442354665714,12.561426435198102,57.98759787320663,0.0,0.0,0.0,0.0,0.0
2021-01-11 05:00:00,270.39666748046875,284.80999755859375,267.8733215332031,283.1333312988281,177904800,248.60800018310547,231.8821662902832,192.62159912109374,117.8245897102356,253.9013045719729,236.29371339529177,203.8050621052818,68.59580698523843,21.628408627884966,17.58397662329051,4.044432004594455,26.681136232407887,231.8821662902832,280.2977556158194,183.46657696474696,12.798093523297991,67.0859412706856,0.0,0.0,0.0,0.0,0.0
2021-01-12 05:00:00,283.14666748046875,289.3333435058594,275.7799987792969,277.0,138812100,254.79966735839844,235.8729995727539,195.54566589355468,119.0688697052002,259.2186432826085,240.75589949864195,206.91649761019107,71.6789382629587,22.69246805928057,18.605674910488524,4.086793148792047,31.496335509502504,235.8729995727539,287.4351584991407,184.31084064636713,12.985713413783483,66.2414341392713,0.0,0.0,0.0,0.0,0.0
2021-01-13 05:00:00,284.8033447265625,286.8233337402344,277.3333435058594,284.2533264160156,99937500,261.08033447265626,239.44933319091797,198.6547994995117,120.3255097579956,263.8704071815092,244.95089428225342,209.9708837716174,72.06273447203556,23.39968582078285,19.564477092547392,3.8352087282354574,29.109818874248727,239.44933319091797,294.23388448627077,184.66478189556517,12.814760480608259,65.29138398242299,0.0,0.0,0.0,0.0,0.0
2021-01-14 05:00:00,281.6666564941406,287.6666564941406,279.5833435058594,281.1300048828125,93798900,266.0876663208008,242.97849960327147,201.61806610107422,121.55917636871338,267.1060888747149,248.4476335405284,212.78248270191241,70.12505258103121,23.436890580390184,20.33895979011595,3.0979307902742335,27.318474860449626,242.97849960327147,299.1454881793497,186.81151102719323,12.703329903738839,65.32990198321444,0.0,0.0,0.0,0.0,0.0
2021-01-15 05:00:00,275.38665771484375,286.6333312988281,273.0333251953125,284.0,116332800,270.10399932861327,246.36833267211915,204.29979919433595,122.77558965682984,268.6116468456474,251.01325489046317,215.23754838869402,66.28230185703985,22.697983972840746,20.810764626660912,1.8872193461798332,24.049902761566024,246.36833267211915,301.72001892271885,191.01664642151945,13.077378409249443,65.73245298410318,0.0,0.0,0.0,0.0,0.0
2021-01-19 05:00:00,281.51666259765625,283.3333435058594,277.6666564941406,279.26666259765625,76101000,273.92999877929685,249.51249923706055,207.12359924316405,124.03168296813965,270.95801334601265,253.91834133876728,217.8367293380651,68.11879649699799,22.34940529406947,21.118492760142622,1.2309125339268476,21.556459703613882,249.51249923706055,305.3723853975415,193.65261307657963,13.154522487095424,64.25151364894961,0.0,0.0,0.0,0.0,0.0
2021-01-20 05:00:00,283.48333740234375,286.5,279.09332275390625,286.2466735839844,76997700,277.77466583251953,252.10333251953125,209.872666015625,125.28909631729125,273.2353449926183,256.7340552495841,220.41110612489956,68.70767539288596,21.978494002596165,21.290493008633334,0.6880009939628309,20.516676747366745,252.10333251953125,309.2694775134298,194.93718752563268,13.328808375767299,61.915109401887435,0.0,0.0,0.0,0.0,0.0
2021-01-21 05:00:00,281.663330078125,285.239990234375,280.47332763671875,285.0,61563300,280.7416656494141,255.35549926757812,212.6395993041992,126.52533296585084,274.76770591725585,259.10827189992136,222.8131541230653,67.46573766244921,21.292241050335065,21.29084261697368,0.0013984333613841216,15.788534098052143,255.35549926757812,311.41194278708576,199.29905574807051,12.940475463867188,55.56975063660131,0.0,0.0,0.0,0.0,0.0
2021-01-22 05:00:00,282.21331787109375,282.6666564941406,276.2066650390625,278.10333251953125,60199500,281.76166381835935,258.7938316345215,215.47546569824217,127.75458288192749,276.12145354522636,261.30875246860444,225.14257230926248,67.6560000280159,20.555805529337817,21.143835199446507,-0.5880296701086891,15.171872632711825,258.7938316345215,312.40960502086295,205.17805824818004,12.74476078578404,54.7490971669475,0.0,0.0,0.0,0.0,0.0
2021-01-25 05:00:00,293.6000061035156,300.1333312988281,279.6066589355469,285.0,123520200,281.78766479492185,262.70749893188474,218.61173248291016,129.03963624954224,279.299372192188,264.3841099576436,227.82717755609593,71.38684146608134,20.652911740495142,21.045650507656234,-0.3927387671610916,16.51102189058371,262.70749893188474,314.3547476804958,211.06025018327367,13.286665780203682,55.44493273896441,0.0,0.0,0.0,0.0,0.0
2021-01-26 05:00:00,294.36334228515625,298.6333312988281,290.5333251953125,297.1266784667969,69394800,284.1843322753906,266.396166229248,221.71813262939452,130.32045295715332,282.03827584545496,267.23927494121625,230.4364389180199,71.62315050953944,20.554524202581263,20.947425246641238,-0.3929010440599754,8.216511152449923,266.396166229248,315.8700615377168,216.92227092077923,13.349999564034599,55.556309269010164,0.0,0.0,0.0,0.0,0.0
2021-01-27 05:00:00,288.0533447265625,297.1666564941406,286.2200012207031,290.1166687011719,82002000,284.675,269.7373336791992,224.73413299560548,131.54373634338378,283.13192473292906,269.22156730172543,232.6959254203157,66.7179658195638,19.739838728571954,20.70590794302738,-0.9660692144554268,-1.8022266575740242,269.7373336791992,315.23388630700805,224.24078105139034,13.205951145717076,56.920529078167704,0.0,0.0,0.0,0.0,0.0
2021-01-28 05:00:00,278.4766540527344,282.6666564941406,267.0,273.3333435058594,79134000,284.0423309326172,272.5613327026367,227.58033264160156,132.69948961257936,282.2855118819846,270.10300413515483,234.49124811178308,60.00158074677966,18.112644429044792,20.18725524023086,-2.0746108111860693,2.988197542356641,272.5613327026367,312.2174946699596,232.90517073531385,13.257143293108259,59.256250963183,0.0,0.0,0.0,0.0,0.0
2021-01-29 05:00:00,264.510009765625,280.8033447265625,260.0333251953125,276.6666564941406,104972400,282.3266662597656,274.2071662902832,230.14993286132812,133.7787629890442,279.05360240628283,269.5703380047234,235.66845445114944,51.810000608031984,15.517216935810552,19.253247579346798,-3.736030643536246,-6.581980243906383,274.2071662902832,309.15728100300686,239.2570515775596,13.110955374581474,61.95078856379283,0.0,0.0,0.0,0.0,0.0
2021-02-01 05:00:00,279.9366760253906,280.6666564941406,265.1866760253906,271.42999267578125,76174200,282.7816680908203,276.4428337097168,232.804599609375,134.93004302978517,279.21416124612057,270.557608292406,237.4044631403354,58.542452975433775,14.537545217550644,18.31010710698757,-3.7725618894369255,-1.7087821443404483,276.4428337097168,306.2326178717086,246.653049547725,12.445953369140625,64.50437302662458,0.0,0.0,0.0,0.0,0.0
2021-02-02 05:00:00,290.92999267578125,293.5,280.73333740234375,281.55999755859375,73038600,283.72300109863284,278.82649993896484,235.37893280029297,136.13339632034302,281.3443124151498,272.49783537653695,239.50350351427446,62.556931490183366,14.481285852363385,17.544342856062734,-3.063057003699349,3.2887585264581354,278.82649993896484,304.8233308574069,252.82966902052274,12.062142508370536,64.78858839967462,0.0,0.0,0.0,0.0,0.0
2021-02-03 05:00:00,284.89666748046875,292.6933288574219,284.35333251953125,292.3399963378906,55030500,283.8643341064453,280.8194999694824,237.74839935302734,137.30909299850464,281.99019515429865,273.6786765292924,241.2836275913801,59.17049143482355,13.790888204771647,16.793651925804518,-3.0027637210328706,3.4533298906123333,280.8194999694824,301.4713530393304,260.16764689963446,11.98000008719308,65.68891809192165,0.0,0.0,0.0,0.0,0.0
2021-02-04 05:00:00,283.3299865722656,285.5,277.8066711425781,285.0,47438100,284.0309997558594,282.3863327026367,240.15093231201172,138.49683626174928,282.23379359392897,274.5978489143375,242.93250441415995,58.28810986756887,12.967839853385613,16.028489511320736,-3.060649657935123,0.6441266949803959,282.3863327026367,297.960438735655,266.81222666961844,11.952144077845983,65.42016656522902,0.0,0.0,0.0,0.0,0.0
2021-02-05 05:00:00,284.07666015625,288.25665283203125,279.65667724609375,281.6666564941406,55699800,284.217333984375,282.9894989013672,242.35346557617189,139.673182888031,282.56886024162367,275.50059284213864,244.54600071777134,58.60494594238288,12.234783455399452,15.269748300136479,-3.0349648447370274,0.20929722337230672,282.9894989013672,297.7871349840349,268.1918628186995,11.594999040876116,59.502401268905224,0.0,0.0,0.0,0.0,0.0
2021-02-08 05:00:00,287.8066711425781,292.5899963378906,284.9166564941406,289.8900146484375,60485100,283.63800048828125,282.71283264160155,244.4070657348633,140.8770062446594,283.52118949634263,276.67260029932334,246.24249759717554,60.23009541326533,11.81857452192196,14.579513544493576,-2.760939022571616,2.1810936704998563,282.71283264160155,296.8895305467722,268.5361347364309,11.635474068777901,52.62128317348941,0.0,0.0,0.0,0.0,0.0
2021-02-09 05:00:00,283.1533203125,286.6000061035156,280.5833435058594,285.0400085449219,45473100,282.5169982910156,283.3506652832031,246.24346557617187,142.05105617523193,283.4543041901894,277.2898117291497,247.68998084091376,57.2124000711359,10.986592818115128,13.860929399217888,-2.87433658110276,0.3330822402348943,283.3506652832031,296.28791157066644,270.4134189957398,11.622377668108259,44.42721269783696,0.0,0.0,0.0,0.0,0.0
2021-02-10 05:00:00,268.2733459472656,281.6066589355469,266.67333984375,281.21331787109375,108648300,280.53899841308595,282.606999206543,247.70386596679688,143.12617290496826,280.6941299642032,276.4311007023036,248.49717162939817,48.79367312650772,9.02254546185901,12.893252611746114,-3.870707149887103,-8.626246467897037,282.606999206543,297.1978527274062,268.01614568567976,12.459043230329241,45.277285350806444,0.0,0.0,0.0,0.0,0.0
2021-02-11 05:00:00,270.5533447265625,276.6266784667969,267.24334716796875,270.8133239746094,64868400,279.7466674804688,281.89449920654295,249.33093292236327,144.22256629943848,278.8503508300867,275.87131441889966,249.36211959399287,50.00755860982653,7.56282113423066,11.827166316243025,-4.264345182012365,-8.088642211273879,281.89449920654295,297.3969968552178,266.39200155786807,12.667853219168526,45.35026840887816,0.0,0.0,0.0,0.0,0.0
2021-02-12 05:00:00,272.0400085449219,272.4433288574219,261.77667236328125,267.086669921875,71304900,280.4996673583984,281.41316680908204,250.8733331298828,145.3159296798706,277.6121067782385,275.5064281451875,250.2514485724607,50.82612028821035,6.451570741864089,10.752047201367239,-4.30047645950315,-5.559156480839144,281.41316680908204,297.5310272179611,265.295306400203,11.963566371372767,45.30215245614112,0.0,0.0,0.0,0.0,0.0
2021-02-16 05:00:00,265.40667724609375,273.6666564941406,264.14666748046875,272.6666564941406,59406900,279.0466674804687,280.9141677856445,252.38933319091797,146.38233640670776,275.39293777239396,274.5445471071786,250.84577126554436,47.11892047408452,4.978256162845753,9.597288993662941,-4.619032830817188,-4.693383311107146,280.9141677856445,298.3792587448894,263.4490768263996,12.064993722098214,45.43604447733107,0.0,0.0,0.0,0.0,0.0
2021-02-17 05:00:00,266.04998779296875,266.61334228515625,254.00332641601562,259.6966552734375,77989500,276.5586669921875,280.14083404541014,253.75446624755858,147.47881301879883,273.6942195943166,273.7355414582062,251.44201505093355,47.51871529051411,3.8185358250424883,8.44153835993885,-4.6230025348963615,0.5822002837277518,280.14083404541014,298.82102116213485,261.46064692868543,12.183805193219866,44.600795465744504,0.0,0.0,0.0,0.0,0.0
2021-02-18 05:00:00,262.4599914550781,264.89666748046875,258.75665283203125,260.29998779296875,53871300,274.31499938964845,279.08966674804685,255.01006622314452,148.53738298416138,271.65163265990964,272.6616795531464,251.87409255697844,45.45351427184202,2.5800254727433867,7.2692357824997575,-4.689210309756371,-6.243084978521118,279.08966674804685,299.28268491703597,258.89664857905774,11.20094735281808,44.618766085111474,0.0,0.0,0.0,0.0,0.0
2021-02-19 05:00:00,260.4333190917969,265.5966796875,259.1233215332031,265.0,56874900,272.02533264160155,278.02816619873045,255.94033264160157,149.58347957611085,269.6119392838891,271.49707379492264,252.20974849952034,44.283440568993036,1.4186087350080356,6.099110373001413,-4.680501637993378,-10.482478380278426,278.02816619873045,299.82024740067476,256.23608499678613,10.179757254464286,44.63256865722442,0.0,0.0,0.0,0.0,0.0
2021-02-22 05:00:00,238.1666717529297,256.1666564941406,236.73333740234375,254.2133331298828,111809100,267.43433380126953,275.8258338928223,256.3711328125,150.51345293045043,263.8946179146237,268.3227497909233,251.6590396074972,33.94458945157356,-1.2837564026145856,4.622537017878214,-5.9062934204927995,-16.40243676446046,275.8258338928223,303.84901305054103,247.80265473510352,10.71856689453125,53.182305664993414,0.0,0.0,0.0,0.0,0.0
2021-02-23 05:00:00,232.94667053222656,237.8699951171875,206.3333282470703,220.7100067138672,199820700,261.9483337402344,272.7931671142578,257.0001995849609,151.41817295074463,258.2677183905515,264.9535993853331,250.92522121238852,32.05516554162536,-3.802774697245468,2.937474674853478,-6.740249372098946,-17.782556886963462,272.7931671142578,305.4603188272383,240.1260154012773,12.023568289620536,50.197843906585106,0.0,0.0,0.0,0.0,0.0
2021-02-24 05:00:00,247.33999633789062,248.3333282470703,231.38999938964844,237.28334045410156,110301000,258.36700134277345,270.4419998168945,257.7665328979492,152.38173294067383,256.2808598355222,263.2761133808148,250.78462415848665,41.69252992080167,-4.584842531080028,1.4330112336667766,-6.017853764746805,-12.931954282394475,270.4419998168945,303.34044002115616,237.54355961263283,12.638092041015625,56.34798404154521,0.0,0.0,0.0,0.0,0.0
2021-02-25 05:00:00,227.4066619873047,245.73666381835938,223.52667236328125,242.0500030517578,117071700,254.28033294677735,267.40966567993166,258.24806610107424,153.24833625793457,251.03100568130083,259.85997515286147,249.86784132824422,34.41266086174325,-6.7354483601300785,-0.2006806850925944,-6.534767675037484,-20.986313109243927,267.40966567993166,304.3988243295012,230.4205070303621,13.789520263671875,61.853555791255566,0.0,0.0,0.0,0.0,0.0
2021-02-26 05:00:00,225.1666717529297,235.56666564941406,219.836669921875,233.3333282470703,123267600,249.74166564941407,264.7441665649414,258.48586608886717,154.10436628341674,246.32839951250605,256.55585101953466,248.89916801156525,33.70054108106552,-8.522327380388617,-1.865010024151799,-6.657317356236819,-20.478887019786242,264.7441665649414,305.8315815090439,223.65675162083892,14.298807416643415,61.29349655871024,0.0,0.0,0.0,0.0,0.0
2021-03-01 05:00:00,239.47666931152344,239.6666717529297,228.35000610351562,230.0366668701172,81408600,246.4853317260742,263.4924995422363,259.05373291015627,155.0380962944031,245.08263038505464,254.92926228543837,248.52965825862245,41.9631424758018,-8.683645014032294,-3.2287370221278984,-5.4549079919043955,-10.734080396269686,263.4924995422363,306.1067857520765,220.87821333239611,14.726426260811943,64.57807127146363,0.0,0.0,0.0,0.0,0.0
2021-03-02 05:00:00,228.81333923339844,240.3699951171875,228.3333282470703,239.42666625976562,71196600,242.82599792480468,260.9363327026367,259.4781997680664,155.91438632965088,242.12457744838986,252.44203151857744,247.7564692772411,38.14795362393153,-9.561710573529098,-4.495331732408139,-5.066378841120959,-15.427643496830179,260.9363327026367,305.4865906376379,216.3860747676355,15.070236206054688,61.63106931233033,0.0,0.0,0.0,0.0,0.0
2021-03-03 05:00:00,217.73333740234375,233.56666564941406,217.23666381835938,229.3300018310547,90624000,237.99433288574218,257.27649993896483,259.4601998901367,156.73666301727295,237.68980653092692,249.13644160274566,246.57909155665692,34.625275685637774,-11.024563102979329,-5.8011780065223775,-5.223385096456951,-19.962751594168726,257.27649993896483,303.4488035237091,211.10419635422056,15.059523446219307,60.31038532398283,0.0,0.0,0.0,0.0,0.0
2021-03-04 05:00:00,207.14666748046875,222.81666564941406,200.0,218.60000610351562,197758500,232.46300048828124,253.38899993896484,258.9697998046875,157.5011863517761,232.1365085217527,245.13741549586214,245.03272198504172,31.620736336086807,-12.889557265370797,-7.218853858292062,-5.670703407078736,-21.951222316688145,253.38899993896484,302.75191167029055,204.02608820763913,16.019047328404017,61.54208181351889,0.0,0.0,0.0,0.0,0.0
2021-03-05 05:00:00,199.31666564941406,209.27999877929688,179.8300018310547,208.68666076660156,268189500,226.35133514404296,249.18833389282227,258.62373321533204,158.2284330177307,226.16926436314566,240.77353455810518,243.23993546207595,29.5765550040945,-14.828461017124908,-8.740775290058632,-6.087685727066276,-25.083001392762448,249.18833389282227,302.001318260496,196.37534952514852,17.360714503696986,61.94143548926554,0.0,0.0,0.0,0.0,0.0
2021-03-08 05:00:00,187.6666717529297,206.7100067138672,186.26333618164062,200.18333435058594,155361000,221.30133514404298,244.36783447265626,258.1081332397461,158.89491304397583,219.16879297947003,235.71573810046942,241.0605917872075,26.800437524541692,-17.107904084832768,-10.41420104901346,-6.693703035819308,-28.497036553073972,244.36783447265626,301.2180144370818,187.5176545082307,18.141191755022323,63.19472653054442,0.0,0.0,0.0,0.0,0.0
2021-03-09 05:00:00,224.52667236328125,226.02999877929688,198.40333557128906,202.72666931152344,202569900,220.45933532714844,241.2038345336914,258.29213348388674,159.74167974472047,220.1429528674357,234.65011279216577,240.41220279019078,44.53819079187526,-15.758431749193107,-11.48304718904939,-4.275384560143717,-13.787270712415777,241.2038345336914,294.8267878667949,187.58088120058792,19.980713980538503,99.12128005686922,0.0,0.0,0.0,0.0,0.0
2021-03-10 05:00:00,222.68666076660156,239.28334045410156,218.35333251953125,233.43333435058594,181817100,217.99400177001954,238.18050155639648,258.3340667724609,160.58281970977782,220.60544521273857,233.5107364087787,239.71708349514805,43.96545854406719,-14.668351137823748,-12.120107978804263,-2.548243159019485,-6.499654579036496,238.18050155639648,288.5654739634066,187.79552914938637,20.954762050083705,99.10218465497621,0.0,0.0,0.0,0.0,0.0
2021-03-11 05:00:00,233.1999969482422,234.1666717529297,225.72666931152344,233.13333129882812,108761700,218.57333526611328,236.4268341064453,258.573466796875,161.47586303710938,222.89536371010286,233.4811421744419,239.46151147370074,48.07418354348182,-12.808467987499483,-12.257779980543308,-0.5506880069561753,0.10874867429391255,236.4268341064453,284.8031767659693,188.05049144692134,21.31238010951451,99.77135140263559,0.0,0.0,0.0,0.0,0.0
2021-03-12 05:00:00,231.2433319091797,231.6266632080078,222.04666137695312,223.3333282470703,100751400,219.18100128173828,234.46133346557616,258.7583999633789,162.35866970062256,224.413176109935,233.26801738727409,239.13922992215092,47.37789755886396,-11.361416371558136,-12.078507258746274,0.7170908871881387,-6.507910029529285,234.46133346557616,280.1174188403808,188.8052480907715,20.41619110107422,99.64372154023965,0.0,0.0,0.0,0.0,0.0
2021-03-15 04:00:00,235.97999572753906,237.72666931152344,228.01333618164062,231.3633270263672,88006800,218.83133392333986,232.65833282470703,258.8461331176758,163.26996633529663,226.51623422222664,233.5263010387279,239.01533838510733,49.29254285304347,-9.720358118611784,-11.606877430719377,1.886519312107593,3.770045110073772,232.65833282470703,274.7769733134547,190.5396923359594,18.836190359933035,100.01537762857342,0.0,0.0,0.0,0.0,0.0
2021-03-16 04:00:00,225.6266632080078,235.97332763671875,223.6666717529297,234.4499969482422,96587100,218.51266632080078,230.66933212280273,258.6541998291016,164.11976631164552,226.35449403782323,232.7739545786593,238.4902922997309,45.40383799855971,-9.149762273917162,-11.115454399358935,1.9656921254417732,0.20428931666354178,230.66933212280273,269.93702944947216,191.4016347961333,18.505475725446427,100.74523968240388,0.0,0.0,0.0,0.0,0.0
2021-03-17 04:00:00,233.93666076660156,234.57666015625,217.00332641601562,218.9566650390625,121117500,220.13299865722655,229.06366577148438,258.46779968261717,164.99008295059204,227.73306980669201,232.88468850132048,238.311718514118,48.889154646051274,-7.935537664152719,-10.479471052317692,2.543933388164973,-2.313381324723185,229.06366577148438,264.6980477657577,193.4292837772111,18.059762137276785,101.87321441682701,0.0,0.0,0.0,0.0,0.0
2021-03-18 04:00:00,217.72000122070312,229.7433319091797,217.3333282470703,228.09666442871094,99674400,221.19033203125,226.82666625976563,257.9214663696289,165.78482961654663,225.91251188196674,231.44043256983312,237.50420018888607,43.10602075763697,-8.187425267979876,-10.02106189545013,1.8336366274702538,-4.848204239255338,226.82666625976563,259.0916038057111,194.56172871382017,18.1221433367048,104.41858318739654,0.0,0.0,0.0,0.0,0.0
2021-03-19 04:00:00,218.2899932861328,219.07666015625,208.2066650390625,215.53334045410156,128682000,223.08766479492186,224.71949996948243,257.24739959716794,166.58195959091188,224.52659940999692,230.18800978090928,236.75070187897418,43.35963221992921,-8.245999661565378,-9.66604944867318,1.4200497871078017,0.25565946420067487,224.71949996948243,253.00205587607695,196.4369440628879,17.862857273646764,104.47812337000168,0.0,0.0,0.0,0.0,0.0
2021-03-22 04:00:00,223.3333282470703,233.2066650390625,222.9166717529297,228.19667053222656,118536600,226.65433044433593,223.97783279418945,256.27379943847654,167.4104995727539,224.30964101673754,229.5351829681627,236.22453036399756,45.667423637571865,-7.795602455535487,-9.291960050045642,1.4963575945101546,7.814106286854816,223.97783279418945,251.5445279552487,196.4111376331302,18.06857190813337,100.67487676546119,0.0,0.0,0.0,0.0,0.0
2021-03-23 04:00:00,220.72000122070312,225.93333435058594,219.1699981689453,225.2566680908203,91475700,226.27366333007814,223.3664993286133,254.82139953613282,168.2188795852661,223.65697923564036,228.695641849357,235.61650961328013,44.652171978681906,-7.5623589092617465,-8.946039821888863,1.383680912627117,10.73835722745644,223.3664993286133,250.63642332076967,196.0965753364569,17.385238647460938,100.46379948657808,0.0,0.0,0.0,0.0,0.0
2021-03-24 04:00:00,210.08999633789062,222.67333984375,210.0366668701172,222.6366729736328,101385600,225.01399688720704,221.50399932861328,253.61526611328125,168.9526895713806,221.19025507241312,226.92367561016974,234.61546987699035,40.68961795490594,-8.141415108282871,-8.785114879167665,0.643699770884794,11.948485245415386,221.50399932861328,246.90391823384752,196.10408042337903,16.658096313476562,98.93536444426566,0.0,0.0,0.0,0.0,0.0
2021-03-25 04:00:00,213.4633331298828,215.1666717529297,203.1666717529297,204.3333282470703,117674700,223.0403305053711,220.80683288574218,252.22159942626953,169.70644956588745,219.78536017377124,225.6417382310948,233.78597431828024,42.43543510810246,-8.233213866464922,-8.674734676627118,0.4415208101621957,-4.9274053353884355,220.80683288574218,246.28987367488392,195.32379209660044,15.411667960030693,95.19828973307372,0.0,0.0,0.0,0.0,0.0
2021-03-26 04:00:00,206.23666381835938,214.60667419433594,199.9633331298828,213.9566650390625,101558400,220.53966369628907,219.86033248901367,250.65026580810547,170.39594953536988,217.3219608364236,223.79363590607238,232.7056092006363,39.73691682747904,-8.78779661221094,-8.697347063743884,-0.09044954846705622,-7.387059867714063,219.86033248901367,246.0577404324049,193.66292454562245,14.997144426618304,95.85484893267494,0.0,0.0,0.0,0.0,0.0
2021-03-29 04:00:00,203.76333618164062,205.4933319091797,198.67333984375,205.2133331298828,85911000,217.31799774169923,218.07466583251954,249.09219940185548,171.09048620224,214.8567563537358,221.88598831326937,231.57061810185215,38.826883312342595,-9.319455422636707,-8.821768735522449,-0.4976866871142587,-12.62292502222241,218.07466583251954,243.49941705791238,192.6499146071267,12.797144208635602,92.62033456260225,0.0,0.0,0.0,0.0,0.0
2021-03-30 04:00:00,211.8733367919922,212.55332946777344,197.00332641601562,200.5833282470703,118297200,215.94266510009766,217.22766571044923,247.82193298339843,171.83809288024904,214.31431643341875,220.9324024541001,230.7981756975439,43.40381370040972,-8.982840989835267,-8.853983186385014,-0.12885780345025388,-8.37645563972198,217.22766571044923,242.2719404925634,192.18339092833506,12.412858145577568,92.86855651754213,0.0,0.0,0.0,0.0,0.0
2021-03-31 04:00:00,222.64332580566406,224.0,213.70333862304688,215.5399932861328,100011900,214.8133316040039,217.47316513061523,246.6444662475586,172.62100952148438,215.828681773827,221.09534753520143,230.47837766256822,48.8743692823736,-7.757598752335127,-8.634706299575036,0.877107547239909,-5.651610375174954,217.47316513061523,242.63429991830577,192.3120303429247,12.459047589983259,93.01532181298016,0.0,0.0,0.0,0.0,0.0
2021-04-01 04:00:00,220.5833282470703,230.80667114257812,219.80667114257812,229.4566650390625,105895200,215.09966430664062,218.1449981689453,245.38646606445312,173.39654949188233,216.69316295078033,221.04658379347467,230.0903365090193,47.92025689635637,-6.873575736149235,-8.282480186889877,1.4089044507406427,-2.235256635554639,218.1449981689453,242.85873699165055,193.43125934624007,12.448095049176898,91.16852524291495,0.0,0.0,0.0,0.0,0.0
2021-04-05 04:00:00,230.35000610351562,236.05332946777344,228.23333740234375,235.90333557128906,125528400,216.3056655883789,219.6966651916504,244.36019958496092,174.2177028656006,219.17622534218674,221.93262401347857,230.1005196303721,52.64075649767233,-5.323525558439258,-7.690689261199754,2.3671637027604966,-1.533173403147936,219.6966651916504,243.30511556797964,196.08821481532115,12.859285627092634,90.75790305261245,0.0,0.0,0.0,0.0,0.0
2021-04-06 04:00:00,230.5399932861328,232.18333435058594,227.1233367919922,230.10000610351562,84815400,217.02633209228514,221.84033126831054,243.3267330932617,175.03574951171876,221.24236496835874,222.75237346801705,230.11775389138234,52.730512220938,-4.033276150412831,-6.95920663904237,2.9259304886295388,5.888293217688356,221.84033126831054,240.46236752465984,203.21829501196123,12.341190883091517,87.3128567333571,0.0,0.0,0.0,0.0,0.0
2021-04-07 04:00:00,223.6566619873047,230.4600067138672,222.6133270263672,229.0,78928200,217.31999816894532,221.7968307495117,241.9278662109375,175.82039947509764,221.68132806271254,222.83849618413967,229.86437773828126,49.09976618287796,-3.5255313770745715,-6.272471586648811,2.7469402095742392,2.4585042220131914,221.7968307495117,240.3964962585599,203.19716524046353,11.652143205915179,54.65344640266038,0.0,0.0,0.0,0.0,0.0
2021-04-08 04:00:00,227.93333435058594,229.85000610351562,223.88333129882812,225.7933349609375,71772900,219.10433197021484,222.05916442871094,240.5992660522461,176.6286261367798,222.81805647868953,223.32371886665837,229.78865054660693,51.341502694828385,-2.7463895983048303,-5.567255188980015,2.8208655906751847,2.0597042723631054,222.05916442871094,240.8586011267786,203.25972773064328,10.908572605678014,54.944905958769276,0.0,0.0,0.0,0.0,0.0
2021-04-09 04:00:00,225.67333984375,226.99000549316406,223.14332580566406,225.92333984375,64311300,220.32533264160156,221.68283157348634,239.35166595458983,177.42306617736816,223.33719890870051,223.54749229304807,229.62726581316159,50.08614220177171,-2.2849374576680646,-4.910791642717625,2.62585418504956,2.2441729773705177,221.68283157348634,239.83337735113577,203.5322857958369,10.474287850516182,52.355038840100306,0.0,0.0,0.0,0.0,0.0
2021-04-12 04:00:00,233.9933319091797,234.93333435058594,227.3633270263672,228.56666564941406,87407100,223.1009994506836,221.82033157348633,238.46199951171874,178.27274951934814,225.27467763606035,224.54233416125106,229.7984840914368,54.49715802340759,-1.2336586361928141,-4.175365041412663,2.9417064052198487,11.377664804584509,221.82033157348633,240.31424584404635,203.3264173029263,10.070239475795201,53.96138530269234,0.0,0.0,0.0,0.0,0.0
2021-04-13 04:00:00,254.10667419433594,254.3333282470703,236.8866729736328,237.56666564941406,133958400,228.1353332519531,222.72666549682617,238.25393280029297,179.21462287902833,230.51685882847408,227.35798559297342,230.75174644841323,63.00798055216893,1.2085347952454697,-3.0985850740810363,4.307119869326506,19.039963664262416,222.72666549682617,245.43813311371088,200.01519787994147,11.040000915527344,61.545426042591785,0.0,0.0,0.0,0.0,0.0
2021-04-14 04:00:00,244.07666015625,260.2633361816406,242.67666625976562,256.8999938964844,147052200,231.3556655883789,223.64916534423827,237.53673248291017,180.11509284973144,232.98227725170608,228.95024031328546,231.2742920840147,57.25673908076264,2.3080466510806446,-2.0172587290487005,4.325305380129345,18.3478512682002,223.64916534423827,248.2747544404732,199.02357624800334,11.393572126116071,61.10556446409231,0.0,0.0,0.0,0.0,0.0
2021-04-15 04:00:00,246.28334045410156,247.89666748046875,240.43666076660156,247.6999969482422,83546700,233.71966705322265,224.2664993286133,236.64379943847655,181.0100595474243,235.40065237941434,230.60101175526796,231.86288221617497,58.16156296097314,3.319216514585463,-0.9499636803218678,4.269180194907331,20.86734790922218,224.2664993286133,250.5417411391983,197.99125751802828,11.069286891392299,59.94902194363595,0.0,0.0,0.0,0.0,0.0
2021-04-16 04:00:00,246.5933380126953,249.80332946777344,241.53334045410156,242.88333129882812,83938500,236.32066802978517,225.71016616821288,235.8777328491211,181.8830895614624,237.43568613091995,232.1240904464515,232.44054714937187,58.295126141901264,4.098346936369268,0.05969844301635929,4.038648493352908,16.387149863406215,225.71016616821288,253.59448429354657,197.8258480428792,10.614047459193639,53.506032442082294,0.0,0.0,0.0,0.0,0.0
2021-04-19 04:00:00,238.2100067138672,241.8000030517578,230.60000610351562,239.86666870117188,119058600,237.1066680908203,226.7061668395996,234.97533325195312,182.70092960357667,237.5764716914558,232.70370151953873,232.6668004656266,53.33631730637486,3.993316172488562,0.8464219889107999,3.1468941835777624,6.991757265515619,226.7061668395996,254.89589579617316,198.51643788302604,11.216190883091517,55.42756665797791,0.0,0.0,0.0,0.0,0.0
2021-04-20 04:00:00,239.663330078125,245.75,236.89666748046875,239.13999938964844,106827000,238.01900177001954,227.52266693115234,234.08706665039062,183.49635959625243,237.955900489032,233.36652328702314,232.94117417592068,54.06579436760821,3.981453863206724,1.4734283637699848,2.508025499436739,8.649793247150406,227.52266693115234,256.2420624664735,198.8032713958312,10.737857273646764,55.01590232797483,0.0,0.0,0.0,0.0,0.0
2021-04-21 04:00:00,248.0399932861328,248.27999877929688,232.6666717529297,234.92333984375,93646500,240.45733489990235,228.88866653442383,233.2917330932617,184.2793662261963,239.78937190668665,234.76399662027168,233.53328472926233,58.12874964505925,4.595011183203525,2.097744927656693,2.497266255546832,7.679612204858199,228.88866653442383,258.8190517334098,198.95828133543787,10.986904689243861,55.72685611350128,0.0,0.0,0.0,0.0,0.0
2021-04-22 04:00:00,239.89666748046875,251.2566680908203,239.34666442871094,247.1666717529297,106770900,241.65366821289064,230.37900009155274,232.4266000366211,185.0155628967285,239.80888019282884,235.2528224164809,233.78282915087829,53.202116948942944,4.373743649607263,2.5529446720468068,1.8207989775604565,4.058590468822909,230.37900009155274,259.3201272754301,201.43787290767537,11.051904950823102,53.973190668797436,0.0,0.0,0.0,0.0,0.0
2021-04-23 04:00:00,243.13333129882812,245.7866668701172,238.48666381835938,239.93333435058594,85110000,243.39966735839843,231.8625,231.92379974365235,185.77593620300294,240.41332584846506,236.00334707194256,234.1495155096214,54.840402975015095,4.4087380672046095,2.9241033510783674,1.484634716126242,8.708289365701516,231.8625,260.1879200095881,203.5370799904119,10.468333653041295,53.92500304380514,0.0,0.0,0.0,0.0,0.0
2021-04-26 04:00:00,246.06666564941406,249.76666259765625,244.20333862304688,247.0,93115500,244.60700073242188,233.85400009155273,231.4340661621094,186.54150951385498,241.44120581227395,236.96175836503508,234.61685473078975,56.332411772533135,4.619911498506212,3.2632649805639367,1.3566465179422758,7.955541628210083,233.85400009155273,260.11911855857784,207.5888816245276,10.580714634486608,51.72163646814442,0.0,0.0,0.0,0.0,0.0
2021-04-27 04:00:00,234.913330078125,241.3333282470703,234.4499969482422,239.32000732421875,88311000,242.6876663208008,235.41149978637696,230.69153259277343,187.201192817688,240.25431931515595,236.76666995675794,234.62848121499897,49.619627234721456,3.8429874290413295,3.3792094702594153,0.4637779587819142,4.0944093089474,235.41149978637696,257.5306800695907,213.29231950316324,10.844286237444196,54.80847749154272,0.0,0.0,0.0,0.0,0.0
2021-04-28 04:00:00,231.46665954589844,236.1666717529297,231.1999969482422,232.1366729736328,66813000,241.42666625976562,236.39116592407225,230.01273223876953,187.859506111145,238.65656299347273,236.26190706048558,234.5044882083676,47.726903172059316,2.9155434298351963,3.286476262174572,-0.37093283233937546,-1.0798052844779082,236.39116592407225,255.67463514924822,217.1076966988963,10.756667000906807,53.981076419419885,0.0,0.0,0.0,0.0,0.0
2021-04-29 04:00:00,225.6666717529297,234.0833282470703,222.8333282470703,233.1699981689453,86536200,239.36499938964843,236.54233322143554,229.20506591796874,188.48223945617676,236.29476458610125,235.25283703119456,234.15790717089945,44.64101716242228,1.6930108608774788,2.9677831819151534,-1.2747723210376747,-11.192150907321652,236.54233322143554,255.4150510226576,217.6696154202135,11.218094961983818,52.11955771325808,0.0,0.0,0.0,0.0,0.0
2021-04-30 04:00:00,236.47999572753906,238.49000549316406,222.04666137695312,222.52999877929688,122276100,238.35366516113282,237.337166595459,228.68546600341796,189.14930278778075,236.32844297545358,235.36970928798928,234.24896946723828,51.00183889339146,1.5784939702284078,2.689925339577804,-1.1114313693493965,-3.1124092012107196,237.337166595459,254.65482634414684,220.01950684677115,11.73119136265346,54.4983771460169,0.0,0.0,0.0,0.0,0.0
2021-05-03 04:00:00,228.3000030517578,235.3333282470703,226.8333282470703,234.60000610351562,81129300,237.36266479492187,237.2346664428711,228.0427996826172,189.79058948516845,234.8687266256907,234.69640393215772,234.0156766666312,46.63639438641893,0.8182491960652101,2.3155901108752857,-1.4973409148100756,-7.301889510344372,237.2346664428711,254.74959931149314,219.71973357424903,10.967382158551898,53.9626638487714,0.0,0.0,0.0,0.0,0.0
2021-05-04 04:00:00,224.53334045410156,227.81666564941406,219.23333740234375,226.31333923339844,89217900,235.84966583251952,236.93433380126953,227.77013305664062,190.41297618865966,232.98956550358358,233.7284931247238,233.64382034457122,44.73749150317258,-0.0871834603835282,1.8350353966235229,-1.922218857007051,-8.945901676166956,236.93433380126953,255.12555312846902,218.74311447407004,10.358810424804688,54.28097086389199,0.0,0.0,0.0,0.0,0.0
2021-05-05 04:00:00,223.64666748046875,228.43333435058594,222.44667053222656,227.02000427246094,65705700,233.41033325195312,236.93383407592773,227.58413299560547,190.98354286193847,231.29085677210813,232.76831925384238,233.25177513421428,44.28042332445296,-0.8663062237556005,1.2947670725476983,-2.161073296303299,-6.113655523670591,236.93383407592773,255.1265896633812,218.74107848847427,10.25357164655413,53.208189013924766,0.0,0.0,0.0,0.0,0.0
2021-05-06 04:00:00,221.17999267578125,227.0066680908203,216.6666717529297,226.9199981689453,83353800,231.53866577148438,236.5961669921875,227.0609329223633,191.56665615081786,229.45251784550322,231.66466910355084,232.77837190055024,42.965318111137584,-1.6636293849052777,0.7030877810571032,-2.366717165962381,-7.712209204603216,236.5961669921875,255.71921361537107,217.47312036900394,10.401429312569755,52.88578700836357,0.0,0.0,0.0,0.0,0.0
2021-05-07 04:00:00,224.1233367919922,230.0,220.07333374023438,221.93333435058594,70407600,229.63766632080078,236.5186668395996,226.99526641845702,192.15649616241456,228.48357583577393,230.9464469786405,232.43895875903814,45.06201330901005,-2.0345573522062352,0.15555875440443556,-2.1901161066106707,-9.642258160582584,236.5186668395996,255.83964015898212,217.1976935202171,9.968096051897321,53.00794643858905,0.0,0.0,0.0,0.0,0.0
2021-05-10 04:00:00,209.67999267578125,221.68333435058594,209.20333862304688,221.63333129882812,94177200,225.9989990234375,235.3029998779297,226.68553283691406,192.7005394744873,225.06474253395706,228.92107037836817,231.54645028518496,37.73181992850382,-3.4541601922428242,-0.5663850349250165,-2.8877751573178077,-12.595704276362074,235.3029998779297,258.04898963976535,212.55701011609406,10.401429312569755,55.83073733753123,0.0,0.0,0.0,0.0,0.0
2021-05-11 04:00:00,205.73333740234375,209.03334045410156,198.53334045410156,199.74667358398438,139511700,223.08099975585938,232.88433303833008,226.01066619873046,193.25687282562257,221.54994160093645,226.71271485684204,230.53417134860297,36.008158849586316,-4.84185388995607,-1.4214788059312273,-3.420375084024843,-15.38250378781555,232.88433303833008,257.4279270108572,208.34073906580292,10.082381112234932,44.4456315799962,0.0,0.0,0.0,0.0,0.0
2021-05-12 04:00:00,196.6300048828125,206.80332946777344,195.58999633789062,200.8300018310547,101470800,219.5973342895508,230.5120002746582,225.36699951171875,193.72682285308838,217.019044015823,223.8476948593154,229.20459619308176,32.33854403064031,-6.600092242828424,-2.457201493310667,-4.142890749517758,-20.090758996603363,230.5120002746582,259.30487912025177,201.71912142906464,10.032618931361608,44.893973665899736,0.0,0.0,0.0,0.0,0.0
2021-05-13 04:00:00,190.56333923339844,202.15333557128906,186.5500030517578,200.51333618164062,132554700,216.08700103759764,227.72600021362305,224.82359954833984,194.18747619628905,212.208915873564,220.67775622827568,227.6892527828981,30.13451122686655,-8.38636522360386,-3.643034239369306,-4.743330984234555,-18.87929936967694,227.72600021362305,260.5887653026633,194.8632351245828,10.625713893345424,44.83998546046437,0.0,0.0,0.0,0.0,0.0
2021-05-14 04:00:00,196.5800018310547,197.6233367919922,190.15333557128906,194.47000122070312,100112700,212.0970016479492,225.225333404541,224.61226623535157,194.67067287445067,209.3672951385623,218.3827319999689,226.46928215733564,34.87512704192781,-9.210334044357296,-4.756494200366904,-4.453839843990392,-15.072001204530249,225.225333404541,259.61886524437705,190.831801564705,10.68547603062221,47.28567579075359,0.0,0.0,0.0,0.0,0.0
2021-05-17 04:00:00,192.27667236328125,196.57666015625,187.06666564941406,191.85000610351562,97171200,208.49466857910156,222.9286666870117,224.4714663696289,195.13622623443604,206.25990917942028,215.89644060599866,225.12839549874528,33.14293269393478,-10.094218131614866,-5.824038986616497,-4.2701791449983695,-14.796158923372326,222.9286666870117,259.72215972505734,186.13517364896612,10.535237993512835,46.69109146839644,0.0,0.0,0.0,0.0,0.0
2021-05-18 04:00:00,192.6233367919922,198.75,187.7933349609375,189.3333282470703,110491800,205.3036682128906,220.57666702270507,224.57059967041016,195.62242290496826,203.78053238170608,213.67995452847424,223.85368731416673,33.429779606981654,-10.644031942057836,-6.788037577704765,-3.855994364353071,-18.545610507400557,220.57666702270507,258.8501740891438,182.30315995626634,10.963094438825335,46.51617595681677,0.0,0.0,0.0,0.0,0.0
2021-05-19 04:00:00,187.82000732421875,188.73666381835938,182.32666015625,184.18333435058594,118735200,201.72100219726562,217.56566772460937,223.8364663696289,196.06652294158937,200.8786187348902,211.21710241378327,222.44060182436485,31.4183536028239,-11.33666982012403,-7.697764026188619,-3.638905793935411,-17.73105352011838,217.56566772460937,256.21533173818483,178.91600371103388,10.89499991280692,43.52383633539398,0.0,0.0,0.0,0.0,0.0
2021-05-20 04:00:00,195.5933380126953,196.28334045410156,190.35667419433594,191.6666717529297,92463300,199.16233673095704,215.3505012512207,223.2945999145508,196.54882297515869,199.91765860358203,209.72912485177488,221.38776794939744,37.92743482196666,-11.130047250068088,-8.384220670964513,-2.745826579103575,-12.888955547927672,215.3505012512207,253.6883456364318,177.0126568660096,10.324999128069196,46.97667190251777,0.0,0.0,0.0,0.0,0.0
2021-05-21 04:00:00,193.6266632080078,198.89332580566406,193.3333282470703,198.70333862304688,78091800,196.1126693725586,212.8751678466797,222.5031332397461,197.02194961547852,198.77384125893218,208.19555707617803,220.2990971752253,36.97136982223489,-10.99821106421507,-8.907018749614625,-2.0911923146004447,-13.422960695393593,212.8751678466797,250.03484595728463,175.71548973607474,10.033094133649554,46.168906260117744,0.0,0.0,0.0,0.0,0.0
2021-05-24 04:00:00,202.14666748046875,204.82666015625,191.21665954589844,193.86666870117188,103674300,195.35933685302734,210.6791679382324,221.92119995117187,197.53615627288818,199.38708239012064,207.61947235277717,219.58723718719565,43.60384162396048,-10.089926406108674,-9.143600280913436,-0.9463261251952382,-8.605355739934705,210.6791679382324,244.63261857710057,176.72571729936425,10.357618059430804,49.54571590830912,0.0,0.0,0.0,0.0,0.0
2021-05-25 04:00:00,201.56333923339844,204.663330078125,198.57000732421875,202.43666076660156,84017700,194.9423370361328,209.01166839599608,221.23286682128906,198.05973628997802,199.7827654525348,207.04269776997918,218.88041765959576,43.268132171751965,-9.309855763129377,-9.176851377356625,-0.1330043857727521,-10.065885097691352,209.01166839599608,241.182814254374,176.84052253761817,10.365236554827009,47.71123913621672,0.0,0.0,0.0,0.0,0.0
2021-05-26 04:00:00,206.3766632080078,208.72332763671875,200.5,202.52000427246094,85917900,195.91700286865233,207.75716857910157,220.84786682128907,198.61876293182374,200.9816559535299,206.97926590693427,218.3900743477688,46.900939955332504,-8.208625218511486,-8.983206145587598,0.7745809270761121,-1.5754147191721968,207.75716857910157,238.14902587407846,177.3653112841247,10.214045933314733,48.85886770597318,0.0,0.0,0.0,0.0,0.0
2021-05-27 04:00:00,210.28334045410156,210.3766632080078,205.40333557128906,206.74667358398438,79111800,197.88900299072264,206.98800201416014,220.37480041503906,199.21204963684082,202.6728713172702,207.29393967333115,218.07216321468383,49.71541455395746,-6.94064839932463,-8.574694596335005,1.6340461970103757,2.211602217320552,206.98800201416014,236.22823240438157,177.74777162393872,9.860236031668526,48.99075324818098,0.0,0.0,0.0,0.0,0.0
2021-05-28 04:00:00,208.4066619873047,211.8633270263672,207.4600067138672,209.5,68211000,199.07166900634766,205.58433532714844,220.1885336303711,199.73582962036133,203.7153787118219,207.39991322704293,217.69312395086504,48.388569218172094,-6.017830103588523,-8.06332169778571,2.0454915941971876,5.989247221710059,205.58433532714844,231.35268350700795,179.81598714728892,9.109044756208148,45.14874099923227,0.0,0.0,0.0,0.0,0.0
2021-06-01 04:00:00,207.96665954589844,211.26666259765625,206.85000610351562,209.26666259765625,54254700,200.6406677246094,204.56766815185546,219.9820669555664,200.23532958984376,204.48833886347217,207.45388906693393,217.3116939741997,48.06467355523699,-5.2613449657469005,-7.5029263513779485,2.241581385631048,9.13256473281292,204.56766815185546,228.06700101232863,181.06833529138228,8.628330775669642,43.86623403731448,0.0,0.0,0.0,0.0,0.0
2021-06-02 04:00:00,201.7066650390625,207.7866668701172,199.7133331298828,206.7100067138672,69908400,201.54900054931642,203.42633438110352,219.54953369140625,200.6936262512207,203.98257998630677,206.90653439761286,216.6997320551747,43.59381642206207,-5.108071613672763,-7.023955403836911,1.9158837901641483,2.607927134121102,203.42633438110352,224.97941683751085,181.87325192469618,8.41690172467913,44.6275295039764,0.0,0.0,0.0,0.0,0.0
2021-06-03 04:00:00,190.94667053222656,201.51666259765625,190.4066619873047,200.60000610351562,90335700,201.86166687011718,201.7913345336914,218.95406707763672,201.0364796066284,201.61241463101948,205.38654736281416,215.68980807388263,37.190315974617064,-5.7881211518958935,-6.776788553448709,0.9886674015528154,-0.6917125279460978,201.7913345336914,221.79111677003863,181.7915522973442,8.109521048409599,47.808911561440226,0.0,0.0,0.0,0.0,0.0
2021-06-04 04:00:00,199.68333435058594,200.20333862304688,192.39999389648438,193.23666381835938,72110700,202.27066650390626,200.71650161743165,218.74593383789062,201.40586627960204,201.26167276184972,204.8433842187924,215.06210322198865,44.339520986376506,-5.558020158989109,-6.533034874556789,0.9750147155676805,3.6651828777203743,200.71650161743165,218.51878952122206,182.91421371364123,8.237140110560826,51.36023948866879,0.0,0.0,0.0,0.0,0.0
2021-06-07 04:00:00,201.7100067138672,203.3333282470703,194.2933349609375,197.27667236328125,67631100,203.0790008544922,199.5958351135254,218.5108673095703,201.78823963165283,201.3431880258529,204.54496731356144,214.53849159421918,45.8784685542401,-5.152730472786288,-6.25697399420269,1.104243521416402,7.395377940578629,199.5958351135254,213.6136145053729,185.57805572167788,8.203329903738839,51.22626693660733,0.0,0.0,0.0,0.0,0.0
2021-06-08 04:00:00,201.19667053222656,207.69667053222656,198.5,207.6699981689453,78160200,202.98400115966797,199.17166900634766,218.41006744384765,202.1269462966919,201.3165484815572,204.22608190581528,214.01528292512145,45.53504846152303,-4.817425137997162,-5.969064222961585,1.1516390849644225,2.8647869996306197,199.17166900634766,212.3955729063288,185.94776510636652,8.077616010393415,46.1179817133589,0.0,0.0,0.0,0.0,0.0
2021-06-09 04:00:00,199.5933380126953,203.92999267578125,199.2100067138672,200.72332763671875,49753800,202.78700103759766,198.86466903686522,218.32666748046876,202.4415863418579,201.00323748721866,203.7848682017086,213.4497164579675,44.41671923651243,-4.627723265996792,-5.700796031568627,1.073072765571835,3.081535727482776,198.86466903686522,211.72732486623056,186.00201320749989,7.679280962262835,45.74173207867963,0.0,0.0,0.0,0.0,0.0
2021-06-10 04:00:00,203.3733367919922,205.52999877929688,200.1666717529297,201.2933349609375,71758800,202.4866683959961,199.20183563232422,218.15666748046874,202.78705303192137,201.43416463354112,203.74567473411656,213.05456431420376,47.67922142016192,-4.124820491967142,-5.385600923648331,1.260780431681189,0.6068214365403612,199.20183563232422,212.17093519089195,186.23273607375648,7.498804364885602,43.272163937007626,0.0,0.0,0.0,0.0,0.0
2021-06-11 04:00:00,203.29666137695312,204.18666076660156,200.5066680908203,203.41000366210938,48615900,201.78800048828126,199.83850173950196,217.76973419189454,203.12908969879152,201.77280040507054,203.70291155724385,212.67190145391945,47.61816540558102,-3.689918403064212,-5.046464419531508,1.3565460164672958,0.8599391884193786,199.83850173950196,212.26068422563492,187.416319253369,7.364518301827567,41.516174812017134,0.0,0.0,0.0,0.0,0.0
2021-06-14 04:00:00,205.89666748046875,208.49667358398438,203.05999755859375,204.07666015625,61272000,201.53700103759766,200.30433502197266,217.4760009765625,203.44084972381592,202.5225944187793,203.9118406927891,212.4062060039802,49.95826618507356,-3.099724901756531,-4.657116515976512,1.5573916142199815,-0.2325823666677218,200.30433502197266,212.90942147830174,187.6992485656436,6.780709402901786,40.35454800298089,0.0,0.0,0.0,0.0,0.0
2021-06-15 04:00:00,199.7866668701172,205.59666442871094,199.41000366210938,205.56333923339844,53292300,200.71900177001953,200.67983474731446,216.86473419189454,203.6935330581665,202.0251530462953,203.5189669953918,211.91132211637773,44.88375085435117,-3.0894055417087145,-4.343574321122953,1.2541687794142389,-4.991681015394311,200.67983474731446,212.71245342711308,188.64721606751584,6.808805193219866,41.07000038024295,0.0,0.0,0.0,0.0,0.0
2021-06-16 04:00:00,201.6233367919922,202.8333282470703,197.8333282470703,199.17999267578125,66432300,200.7106689453125,201.12983474731445,216.28640106201172,203.9638497543335,201.9520955455129,203.3384307855442,211.50787171149986,46.638401207157294,-2.899598692727267,-4.054779195443817,1.1551805027165498,-3.254850459495251,201.12983474731445,212.55148197111055,189.70818752351835,6.5785675048828125,41.14339027174476,0.0,0.0,0.0,0.0,0.0
2021-06-17 04:00:00,205.53334045410156,207.1566619873047,200.44667053222656,200.6300048828125,68104200,202.1693359375,202.0155014038086,215.92393463134766,204.16098308563232,202.6032309834381,203.5474698015973,211.2735763680725,50.26814776194932,-2.4059366392233414,-3.725010684199722,1.3190740449763805,-1.1700524964482817,202.0155014038086,211.70768890494514,192.32331390267206,6.702614920479911,40.20598777812332,0.0,0.0,0.0,0.0,0.0
2021-06-18 04:00:00,207.77000427246094,209.4499969482422,203.93333435058594,204.4566650390625,73682700,202.9780029296875,202.62433471679688,215.52066802978516,204.40808307647706,203.54264430871496,203.94961594167955,211.13618138393088,52.268298010793174,-1.813322969181968,-3.342673141196171,1.5293501720142033,3.006018285129164,202.62433471679688,212.14621454811422,193.10245488547955,6.782139369419643,37.91948467789382,0.0,0.0,0.0,0.0,0.0
2021-06-21 04:00:00,206.94332885742188,210.4633331298828,202.9600067138672,208.16000366210938,74438100,203.50133514404297,203.29016799926757,215.14606781005858,204.6971830368042,204.16095059029803,204.23473145746453,210.97175579465602,51.44475164698505,-1.39430547768049,-2.952999608493035,1.5586941308125453,8.377552895061102,203.29016799926757,211.98975501106835,194.59058098746678,7.002615792410714,37.69642215401489,0.0,0.0,0.0,0.0,0.0
2021-06-22 04:00:00,207.90333557128906,209.52333068847656,205.1666717529297,206.0833282470703,57476700,204.17200164794923,203.5780014038086,214.62426788330077,205.058366355896,204.84138422320547,204.58412232544782,210.8514255898181,52.38303781117751,-0.9735441669628244,-2.5571085201869934,1.583564353224169,4.116518410230063,203.5780014038086,212.49646395211292,194.65953885550428,6.724282400948661,34.55991948510438,0.0,0.0,0.0,0.0,0.0
2021-06-23 04:00:00,218.85667419433594,219.06666564941406,210.01333618164062,210.6666717529297,93297600,206.09833526611328,204.44266815185546,213.9192678833008,205.45544971466063,207.389618763411,205.94341297962762,211.16535690764232,61.519818005076104,0.24097725343756338,-1.9974913654620823,2.2384686188996454,8.500652872810566,204.44266815185546,215.6087458634992,193.27659044021172,6.7145200456891745,38.947321928913105,0.0,0.0,0.0,0.0,0.0
2021-06-24 04:00:00,226.60667419433594,232.5399932861328,222.5366668701172,224.99667358398438,137947200,208.42166900634766,205.45416870117188,213.5698681640625,206.0381330871582,210.88362884176098,207.91134261912364,211.77089876202245,66.428275297527,1.8080128135411258,-1.2363905296614408,3.044403343202567,12.629435464758032,205.45416870117188,220.38753856935818,190.52079883298558,7.030709402901786,39.914944614895816,0.0,0.0,0.0,0.0,0.0
2021-06-25 04:00:00,223.9566650390625,231.27000427246094,222.89999389648438,229.86000061035156,97490100,210.4876693725586,206.13783493041993,213.1233346557617,206.54744976043702,213.26054451399762,209.43946856387973,212.24877194935735,63.44800125702597,2.8037463503692095,-0.42836315365531075,3.2321095040245202,12.206483076513063,206.13783493041993,223.11428781669335,189.1613820441465,6.982853480747768,39.97631375792334,0.0,0.0,0.0,0.0,0.0
2021-06-28 04:00:00,229.57333374023438,231.56666564941406,223.44000244140625,223.8800048828125,64884600,212.85533599853517,207.1961685180664,212.7829345703125,207.0764164352417,216.2265061914952,211.35697953305637,212.92816652939175,66.84338969100028,3.9999812815916016,0.45730573339407177,3.54267554819753,12.882709878059995,207.1961685180664,227.14675697236248,187.24558006377032,6.906424386160714,40.39956773617871,0.0,0.0,0.0,0.0,0.0
2021-06-29 04:00:00,226.9199981689453,229.1699981689453,225.29666137695312,228.21665954589844,52143900,215.56866912841798,208.14383544921876,212.55713439941405,207.5898164367676,218.17077746012248,212.83917178409342,213.47686580937423,63.82704394341414,4.679956452428343,1.301835877200926,3.378120575227417,11.620130223481517,208.14383544921876,229.96173129484447,186.32593960359304,6.874759129115513,40.762465526425004,0.0,0.0,0.0,0.0,0.0
2021-06-30 04:00:00,226.56666564941406,230.93666076660156,226.04666137695312,226.58999633789062,56774700,218.06300201416016,209.38683547973633,212.29520111083986,208.0232830810547,219.6973025854482,214.14655215221921,213.99019129329736,63.41664894495988,5.131181625144876,2.0677050267897163,3.0634765983551597,10.03901540606822,209.38683547973633,232.45725526944574,186.31641569002693,6.79999760219029,38.74095521961647,0.0,0.0,0.0,0.0,0.0
2021-07-01 04:00:00,225.97332763671875,229.3300018310547,224.26666259765625,227.97332763671875,55903500,220.10700073242188,211.13816833496094,211.85386779785156,208.40354972839356,220.83839804931557,215.27291172217156,214.46011820872565,62.6877235629783,5.378898809307316,2.7299437832932365,2.6489550260140793,13.107311502236385,211.13816833496094,233.62507204372912,188.65126462619276,6.898808070591518,32.01652240054546,0.0,0.0,0.0,0.0,0.0
2021-07-02 04:00:00,226.3000030517578,233.3333282470703,224.4199981689453,226.32666015625,81163500,221.96000061035156,212.46900177001953,211.58193450927735,208.79878311157228,221.8314171406687,216.32311089641786,214.92442741825633,62.94029296025121,5.537740809388595,3.2915031885123085,2.246237620876286,12.238993090975224,212.46900177001953,235.2500402388759,189.68796330116317,7.1471405029296875,28.918646452395315,0.0,0.0,0.0,0.0,0.0
2021-07-06 04:00:00,219.86000061035156,228.0,217.13333129882812,227.23666381835938,69853500,223.25166778564454,213.37650146484376,211.1164678955078,209.1923664855957,221.4729777715201,216.65995753584014,215.11797930814242,55.03174855497329,5.085349123990937,3.6502723756080346,1.4350767483829028,6.970479886424719,213.37650146484376,235.79610949693569,190.95689343275183,7.459997994559152,31.40094151448477,0.0,0.0,0.0,0.0,0.0
2021-07-07 04:00:00,214.88333129882812,221.89999389648438,212.77333068847656,221.42333984375,56376000,223.94966735839844,214.06083450317382,210.4928012084961,209.5298664855957,220.27486023103066,216.4907550370771,215.10877742542422,49.8218954459119,4.275959235948278,3.7754097476760835,0.5005494882721946,3.423654464115544,214.06083450317382,235.7383291920732,192.38333981427445,7.754759652273996,32.77847937457999,0.0,0.0,0.0,0.0,0.0
2021-07-08 04:00:00,217.60333251953125,218.14332580566406,206.82000732421875,209.4566650390625,68319900,223.82433319091797,214.96133422851562,210.14660125732422,209.8688998413086,219.78912791984894,216.59671479731082,215.2066031153892,52.47034570312886,3.8100731334530167,3.7823424248314703,0.027730708621546363,5.151170477910805,214.96133422851562,235.57871717707866,194.3439512799526,8.084283011300224,32.63897678510647,0.0,0.0,0.0,0.0,0.0
2021-07-09 04:00:00,218.98333740234375,219.6366729736328,214.89666748046875,217.72666931152344,54421500,223.06199951171874,215.7418342590332,209.89693481445312,210.25676651000975,219.64262055302981,216.82401218826635,215.3547103423286,53.80261246425017,3.511728877039161,3.728219715273009,-0.21649083823384796,5.329400704711351,215.7418342590332,235.6829290783423,195.80073943972408,8.028807503836495,32.20472835222509,0.0,0.0,0.0,0.0,0.0
2021-07-12 04:00:00,228.56666564941406,229.0800018310547,220.72000122070312,220.73333740234375,77781000,223.52299957275392,217.00533447265624,209.9549346923828,210.76566650390626,221.26517420691786,217.9423601369471,215.87282623672408,61.80856389038171,4.002445700104687,3.7830649122393445,0.21938078786534243,4.4366896695396285,217.00533447265624,236.8281804823839,197.18248846292857,8.214045933314733,35.10806026773059,0.0,0.0,0.0,0.0,0.0
2021-07-13 04:00:00,222.84666442871094,231.0933380126953,222.10000610351562,228.77333068847656,62898300,222.85033264160157,217.85283432006835,209.68226806640624,211.2335831451416,221.5527178836075,218.4094367361627,216.14631008739022,55.61357170450579,3.8850021370361105,3.803452357198698,0.08154977983741274,-1.6592670004063725,217.85283432006835,237.11743696806911,198.5882316720676,8.54523686000279,36.68383979711985,0.0,0.0,0.0,0.0,0.0
2021-07-14 04:00:00,217.7933349609375,226.20333862304688,217.6133270263672,223.5833282470703,64923600,221.9376663208008,218.75316772460937,209.47213470458985,211.6436498260498,220.8691937158493,218.35076037661744,216.21089929811757,50.772038782939454,3.3455998194017127,3.7118818496393007,-0.366282030237588,-2.752019046653509,218.75316772460937,236.04477491415207,201.46156053506667,8.361428397042411,35.90207559690395,0.0,0.0,0.0,0.0,0.0
2021-07-15 04:00:00,216.86666870117188,222.04666137695312,212.6266632080078,219.4633331298828,60628800,220.96766662597656,219.51533432006835,209.31880126953126,212.02598320007326,220.14146189499883,218.2094183122893,216.23661574529618,49.91390680767333,2.8109425775199384,3.5316939952154285,-0.7207514176954901,-5.5349046128503225,219.51533432006835,234.86225781487636,204.16841082526034,8.056905473981585,35.98935990655754,0.0,0.0,0.0,0.0,0.0
2021-07-16 04:00:00,214.74000549316406,218.89999389648438,214.06666564941406,218.22666931152344,49113000,219.8443344116211,219.97566757202148,209.14066802978516,212.40123321533204,219.15937891284705,217.87899804380118,216.17792514717337,47.9124867655449,2.1903696953210954,3.263429135236562,-1.0730594399154665,-5.367527222837831,219.97566757202148,234.05684401411594,205.89449112992702,7.804285321916852,35.813414179439434,0.0,0.0,0.0,0.0,0.0
2021-07-19 04:00:00,215.4066619873047,215.73333740234375,207.09666442871094,209.9633331298828,63891300,218.75500030517577,220.35750045776368,209.02520141601562,212.7632498931885,218.4770667445666,217.643537466992,216.14767953306088,48.608149937439975,1.732384967258355,2.9572203016409206,-1.2248353343825658,-4.9257041542811075,220.35750045776368,233.4225960693693,207.29240484615806,7.840714590890067,35.67616665518021,0.0,0.0,0.0,0.0,0.0
2021-07-20 04:00:00,220.1666717529297,220.79666137695312,213.5,217.3300018310547,46461300,218.7856674194336,221.01866760253907,208.94606811523437,213.11714988708496,218.78426765517807,217.88383597041465,216.30528707109494,53.394385210525904,1.7335386235296255,2.712483966018662,-0.9789453424890366,-2.569620027512276,221.01866760253907,232.4633906970389,209.57394450803923,8.05642809186663,36.28790747179658,0.0,0.0,0.0,0.0,0.0
2021-07-21 04:00:00,218.42999267578125,221.6199951171875,216.76333618164062,219.8699951171875,41859900,219.1403335571289,221.54500045776368,209.12106811523438,213.51748321533202,218.71985402256044,217.93585089473527,216.38860885951402,51.509505735919106,1.5761485574906544,2.485216884313061,-0.9090683268224065,-3.477689027771058,221.54500045776368,231.292462097306,211.79753881822137,8.054046630859375,36.5005725141407,0.0,0.0,0.0,0.0,0.0
2021-07-22 04:00:00,216.4199981689453,220.72332763671875,214.86666870117188,218.81333923339844,45317100,219.02200012207032,221.42316665649415,209.3348013305664,213.89011657714843,218.30169841281221,217.79148396846955,216.38983981282504,49.338629529467134,1.2745340031257513,2.2430803080755988,-0.9685463049498475,-1.5646331446631856,221.42316665649415,231.37096166027877,211.47537165270953,8.110712323869977,31.537976206585803,0.0,0.0,0.0,0.0,0.0
2021-07-23 04:00:00,214.4600067138672,216.26666259765625,212.43333435058594,215.45333862304688,43814700,218.56966705322264,220.8158332824707,209.6914013671875,214.27244995117186,217.60320901300403,217.4742004204122,216.31416008345414,47.247548111242835,0.8673491051056885,1.9679340674816168,-1.1005849623759283,-0.19700205800152748,220.8158332824707,230.91318301578366,210.71848354915772,7.7588075910295755,28.66508046417127,0.0,0.0,0.0,0.0,0.0
2021-07-26 04:00:00,219.2066650390625,222.73333740234375,215.70333862304688,216.99000549316406,76009800,217.6336669921875,220.5783332824707,210.2642678833008,214.6596499633789,217.89474647228735,217.63919705075983,216.42759165034073,52.498191054183145,0.9170960843921137,1.7577664708637164,-0.8406703864716027,0.73681432217374,220.5783332824707,230.5876943072141,210.56897225772732,7.573569161551339,29.73611193114448,0.0,0.0,0.0,0.0,0.0
2021-07-27 04:00:00,214.92666625976562,222.1666717529297,209.0800018310547,221.13333129882812,98439900,216.84166717529297,219.84599990844725,210.631201171875,215.02441665649414,217.3550955245561,217.38086078495087,216.3687318311025,47.87133748936271,0.6041959964886416,1.5270523759887014,-0.9228563795000597,-1.852502199801942,219.84599990844725,229.20655294061976,210.48544687627475,7.8564267839704245,28.765741204832825,0.0,0.0,0.0,0.0,0.0
2021-07-28 04:00:00,215.66000366210938,218.32333374023438,213.13333129882812,215.6666717529297,48019800,216.62833404541016,219.28300018310546,211.09886779785157,215.37938331604005,217.04689700411123,217.21696963039454,216.34093856957335,48.70551213938638,0.4106607802670226,1.3037740568443656,-0.8931132765773431,-5.646782285874319,219.28300018310546,228.19587102362138,210.37012934258954,7.418332781110491,28.675098442854374,0.0,0.0,0.0,0.0,0.0
2021-07-29 04:00:00,225.78334045410156,227.89666748046875,216.26666259765625,216.59666442871094,91183800,217.52000122070314,219.24383392333985,211.76206787109376,215.7711333465576,218.63534126774582,218.03281447074758,216.71122883955485,58.56312822614315,1.061910360306257,1.255401317536744,-0.19349095723048704,1.3178012033157716,219.24383392333985,228.0278921814539,210.4597756652258,7.9538083757672995,33.60514053524689,0.0,0.0,0.0,0.0,0.0
2021-07-30 04:00:00,229.06666564941406,232.50999450683594,223.0,223.9199981689453,88969200,218.95266723632812,219.39850082397462,212.58700103759764,216.17205001831056,220.53194570077642,219.0836574401444,217.1957557732748,61.1695715274842,1.8219647720963508,1.3687140084486653,0.45325076364768546,5.176159633396726,219.39850082397462,228.7707103372846,210.02629131066462,7.911903381347656,33.9752766516736,0.0,0.0,0.0,0.0,0.0
2021-08-02 04:00:00,236.55667114257812,242.31333923339844,232.8000030517578,233.3333282470703,100847400,221.06766815185546,219.9113342285156,213.40626770019531,216.58600006103515,223.44553214474035,220.74775398323334,217.95500735638473,66.36691009796291,2.9941791822458583,1.693807043208104,1.3003721390377543,9.079312445444444,219.9113342285156,231.68770746775942,208.1349609892718,8.215713500976562,35.80425366211175,0.0,0.0,0.0,0.0,0.0
2021-08-03 04:00:00,236.5800018310547,240.88333129882812,233.6699981689453,239.6666717529297,64860900,222.70900115966796,220.7473342895508,214.26533447265626,217.0207667541504,225.83361754225206,222.2555871115973,218.68539929656785,66.38200432038298,3.880320223099062,2.131109679186296,1.749210543912766,10.170436704485365,220.7473342895508,234.68409381735285,206.81057476174874,8.117379324776786,33.91911239047518,0.0,0.0,0.0,0.0,0.0
2021-08-04 04:00:00,236.97332763671875,241.63333129882812,236.30999755859375,237.0,51007800,224.5633346557617,221.85183410644532,214.96186767578126,217.47285003662108,227.85901937760963,223.65727668541837,219.40257295696594,66.6537114598832,4.561746513414818,2.6172370460320002,1.9445094673828174,10.01206993806214,221.85183410644532,237.2559070214533,206.44776119143734,7.824760437011719,32.4646580796601,0.0,0.0,0.0,0.0,0.0
2021-08-05 04:00:00,238.2100067138672,240.31666564941406,237.1366729736328,238.6666717529297,38758800,226.7423355102539,222.8821678161621,215.69480102539063,217.94585006713868,229.741017075111,225.04325097384208,220.14011937880522,67.54197249756919,5.142294256843115,3.1222484881942236,2.0200457686488917,8.195307135852815,222.8821678161621,239.77448460291657,205.98985102940765,7.71833256312779,32.342142889151646,0.0,0.0,0.0,0.0,0.0
2021-08-06 04:00:00,233.03334045410156,238.77667236328125,232.5433349609375,237.3000030517578,46869000,228.59966888427735,223.58466796875,216.2279345703125,218.40778343200682,230.33962132583653,225.8042118767239,220.64573589156194,60.301021398327926,5.1255842771905975,3.5229156459934985,1.602668631197099,6.685596423562701,223.58466796875,240.95608756080972,206.2132483766903,7.546665736607143,33.66460258832981,0.0,0.0,0.0,0.0,0.0
2021-08-09 04:00:00,237.9199981689453,239.67666625976562,235.0433349609375,236.72332763671875,44145900,230.47100219726562,224.05233459472657,216.78066772460937,218.8929833984375,231.7178716609472,226.9580962855069,221.3231579416554,64.20243341242227,5.4439000450037724,3.9071125257955535,1.536787519208219,9.93438692445432,224.05233459472657,242.46112361778535,205.6435455716678,7.499998910086496,30.891319647388503,0.0,0.0,0.0,0.0,0.0
2021-08-10 04:00:00,236.663330078125,238.8633270263672,233.9600067138672,237.99667358398438,40296900,232.64466857910156,224.74316787719727,217.34580108642578,219.3666500854492,232.61704591861587,227.88240426575626,221.92473331955617,62.50135143676285,5.531006966444352,4.231891413925313,1.299115552519039,10.353130033182145,224.74316787719727,243.97983922840487,205.50649652598966,7.503331865583148,29.340723711465095,0.0,0.0,0.0,0.0,0.0
2021-08-11 04:00:00,235.94000244140625,238.39332580566406,234.73666381835938,237.57000732421875,29401800,234.67266845703125,225.6505012512207,217.90526794433595,219.84530006408693,233.22121983185048,228.64979456819913,222.47435171649147,61.49143020490108,5.478520361607423,4.481217203461735,0.9973031581456882,7.633589699182686,225.6505012512207,245.21598693050737,206.08501557193404,7.346189226422991,27.836141906159128,0.0,0.0,0.0,0.0,0.0
2021-08-12 04:00:00,240.75,240.93333435058594,233.13333129882812,235.44667053222656,52377300,236.1693344116211,226.84466781616212,218.68613464355468,220.34858337402343,234.5900889533322,229.8021950855135,223.19104380604082,65.48532287875082,5.758668606234352,4.736707484016258,1.0219611222180935,12.014951048011735,226.84466781616212,247.05752232102907,206.63181331129516,7.618570600237165,28.220474713057094,0.0,0.0,0.0,0.0,0.0
2021-08-13 04:00:00,239.05667114257812,243.3000030517578,238.1133270263672,241.23666381835938,50194500,237.1683349609375,228.0605010986328,219.64833465576172,220.83606674194337,235.40219480592236,230.68357375761488,223.81322527021877,63.007817673568354,5.777451753925675,4.944856337998141,0.8325954159275337,10.848867236933767,228.0605010986328,248.13249115674319,207.98851104052244,7.398095267159598,28.03907806841513,0.0,0.0,0.0,0.0,0.0
2021-08-16 04:00:00,228.72332763671875,236.5,225.46665954589844,235.02333068847656,68032200,236.38500061035157,228.72633438110353,220.22913452148438,221.3029833984375,234.1878553206126,230.49688365086286,224.00577830419917,50.46152963340711,4.902015686789895,4.936288207756492,-0.0342725209665975,1.3021275957314726,228.72633438110353,247.89404705690285,209.5586217053042,7.434048243931362,32.96036656813776,0.0,0.0,0.0,0.0,0.0
2021-08-17 04:00:00,221.90333557128906,224.86000061035156,216.27999877929688,224.22000122070312,71163900,234.917333984375,228.81316757202148,220.6330010986328,221.72778343200685,231.95430627528106,229.67845050042723,223.92332956957526,44.205171739932844,3.61622435048929,4.672275436303051,-1.0560510858137615,-3.1271813634762835,228.81316757202148,247.8327720407306,209.79356310331238,7.952142987932477,34.14449328512958,0.0,0.0,0.0,0.0,0.0
2021-08-18 04:00:00,229.663330078125,231.92333984375,223.11666870117188,223.25,61048200,234.18633422851562,229.37483444213868,221.20233428955078,222.2293667602539,231.5377651485254,229.67701046020795,224.14842762873405,51.56375000371389,3.186658342816287,4.375152017605699,-1.1884936747894121,-2.9140336779165943,229.37483444213868,247.75613783842635,210.993531045851,7.793810163225446,36.06451893046431,0.0,0.0,0.0,0.0,0.0
2021-08-19 04:00:00,224.49000549316406,228.85000610351562,222.52999877929688,226.07000732421875,42940500,232.8143341064453,229.7783348083496,221.70026763916016,222.68430015563965,230.25635430209607,229.18300998715617,224.16182283910388,47.10362250942656,2.4011017221318127,3.980341958510922,-1.5792402363791092,-5.110320502290078,229.7783348083496,247.29627156609735,212.26039805060185,7.624048505510602,36.949654813510094,0.0,0.0,0.0,0.0,0.0
2021-08-20 04:00:00,226.75332641601562,230.7100067138672,224.56666564941406,227.61666870117188,44525700,232.18633270263672,230.39300079345702,222.16786743164062,223.11156677246095,229.61944014099052,228.95161155180944,224.26345043035533,49.17491754769993,1.938823967895587,3.572038360387855,-1.6332143924922682,-4.312722162711258,230.39300079345702,246.44957333772032,214.33642824919372,7.1221433367047995,36.80823792720013,0.0,0.0,0.0,0.0,0.0
2021-08-23 04:00:00,235.43333435058594,237.3766632080078,226.9166717529297,228.47999572753906,60794700,231.9376663208008,231.2043342590332,222.81060089111327,223.58710014343262,230.6765118154624,229.56891848502624,224.7014850938938,56.25029803872276,2.246967967557765,3.307024281821837,-1.060056314264072,-1.1656405209779952,231.2043342590332,246.5029055290189,215.9057629890475,7.365715026855469,38.3333685179485,0.0,0.0,0.0,0.0,0.0
2021-08-24 04:00:00,236.163330078125,238.4066619873047,234.2133331298828,236.89332580566406,39249300,231.88766632080078,232.26616744995118,223.4159341430664,224.03776679992677,231.6741151359465,230.196957684369,225.1509692109225,56.79503921308409,2.521018133962201,3.14982305224991,-0.6288049182877091,1.343150992010056,232.26616744995118,245.63383632771382,218.89849857218854,7.285000392368862,37.3314788642396,0.0,0.0,0.0,0.0,0.0
2021-08-25 04:00:00,237.06666564941406,238.99000549316406,234.6666717529297,235.67666625976562,37936800,232.00033264160157,233.3365005493164,224.16153411865236,224.50651679992677,232.65457886566784,230.8512155858019,225.6182514241967,57.50024362646815,2.779061208667258,3.07567068353338,-0.29660947486612166,-0.35866363739852636,233.3365005493164,244.3213423699309,222.35165872870192,7.355000087193081,37.32945936548814,0.0,0.0,0.0,0.0,0.0
2021-08-26 04:00:00,233.72000122070312,238.46665954589844,232.5399932861328,236.10333251953125,39642900,231.29733276367188,233.73333358764648,224.80346740722655,224.97301681518556,232.84829202112877,231.1244332653163,225.93596710249108,53.98464417213752,2.6825911138105596,2.997054769588816,-0.3144636557782565,-1.2436776142929484,233.73333358764648,244.1267968957316,223.33987027956138,7.333095005580357,34.40948033473899,0.0,0.0,0.0,0.0,0.0
2021-08-27 04:00:00,237.30667114257812,238.3333282470703,234.03334045410156,235.0,41501400,231.12233276367186,234.14533386230468,225.4389340209961,225.47561683654786,233.65890640684682,231.71321782505552,226.38187706484743,57.01771876768831,2.8625544108808754,2.970154697847228,-0.1076002869663526,0.5792441667501036,234.14533386230468,244.41240380673145,223.87826391787792,7.1880950927734375,34.44966050915451,0.0,0.0,0.0,0.0,0.0
2021-08-30 04:00:00,243.6366729736328,243.6666717529297,237.57666015625,238.24000549316406,55812600,232.6136672973633,234.49933395385742,226.15626739501954,225.99858352661133,235.4730457826261,232.84878498206288,227.05853572793706,61.80299219844471,3.475887004386152,3.071301159155013,0.4045858452311393,1.1990334262233837,234.49933395385742,245.57301155587166,223.42565635184317,7.292143685477121,33.79775958884311,0.0,0.0,0.0,0.0,0.0
2021-08-31 04:00:00,245.24000549316406,246.79666137695312,242.14666748046875,244.3333282470703,62566200,234.94733428955078,234.93233413696288,226.92220092773437,226.53851692199706,237.24885663908753,234.0289012212154,227.7715345422597,62.92878524833938,4.044708160349927,3.265982559393996,0.7787256009559309,2.586555866034823,234.93233413696288,246.98273843144378,222.88192984248198,7.363095964704241,33.8355503433177,0.0,0.0,0.0,0.0,0.0
2021-09-01 04:00:00,244.69667053222656,247.3300018310547,243.7566680908203,244.69332885742188,39612900,236.45066833496094,235.3185012817383,227.6580676269531,227.08116691589356,238.60300461965824,235.0448792508355,228.43526536539565,62.25911516659551,4.400929261040488,3.492971899723295,0.9079573613171936,6.98369644257637,235.3185012817383,248.11613483672645,222.52086772675014,7.061191013881138,33.86889968557805,0.0,0.0,0.0,0.0,0.0
2021-09-02 04:00:00,244.1300048828125,246.99000549316406,243.51333618164062,244.8333282470703,38331900,238.41466827392577,235.61450119018554,228.16353424072267,227.62166694641112,239.60791375841353,235.91012931102378,229.05074534647082,61.52375800991443,4.5846627295935605,3.711310065697348,0.8733526638962124,10.016374586844744,235.61450119018554,248.95602118579995,222.27298119457112,6.939047677176339,33.8742590728377,0.0,0.0,0.0,0.0,0.0
2021-09-03 04:00:00,244.52333068847656,244.6666717529297,241.39999389648438,244.0833282470703,45738300,240.19166870117186,236.1890007019043,228.52186737060546,228.1082669067383,240.50162592751587,236.73043420411452,229.65751339909852,61.86048719368763,4.707743001651465,3.910596652888172,0.7971463487632935,6.470341001019442,236.1890007019043,250.0422587152334,222.33574268857518,6.201666695731027,32.7507888698739,0.0,0.0,0.0,0.0,0.0
2021-09-07 04:00:00,250.97332763671875,253.39999389648438,246.4199981689453,246.6666717529297,60119400,241.74566802978515,236.84166717529297,229.0622006225586,228.55206687927247,242.40557169282545,238.08690024531492,230.49342768292675,66.96601686473876,5.265053592420969,4.181488040794731,1.0835655516262381,11.797105214272507,236.84166717529297,252.1878211505145,221.49551320007143,5.946904863630023,33.20594567266576,0.0,0.0,0.0,0.0,0.0
2021-09-08 04:00:00,251.2899932861328,254.81666564941406,246.92333984375,253.86000061035156,56379000,243.25833435058593,237.57300033569337,229.49653381347656,228.97640014648437,244.02092107342676,239.34433767777375,231.30897927520934,67.19817812837204,5.66695341086978,4.478581114809741,1.188372296060039,10.820863031178085,237.57300033569337,254.22214419326573,220.923856478121,5.794999258858817,33.07353656243113,0.0,0.0,0.0,0.0,0.0
2021-09-09 04:00:00,251.6199951171875,254.03334045410156,250.5433349609375,251.1366729736328,42233100,244.7136672973633,238.35699996948242,229.9905337524414,229.41848342895508,245.40257089956506,240.51344791009888,232.10548970038496,67.4548716348606,5.9435764527486015,4.771580182397513,1.1719962703510882,6.875262932180148,238.35699996948242,256.12171798852296,220.59228195044184,5.534761701311384,33.000029502272476,0.0,0.0,0.0,0.0,0.0
2021-09-10 04:00:00,245.42333984375,254.20333862304688,244.83999633789062,253.1999969482422,45552600,245.88400115966797,238.5906669616699,230.36766723632812,229.77585014343262,245.40634707123505,240.9810566656847,232.6277583334581,58.238632117860384,5.598250763430798,4.9369142986041705,0.6613364648266273,3.9210193058175857,238.5906669616699,256.6090460856525,220.57228783768733,5.759286063058036,33.79071723070394,0.0,0.0,0.0,0.0,0.0
2021-09-13 04:00:00,247.6666717529297,248.25999450683594,236.28334045410156,246.73666381835938,68857500,246.9200012207031,239.0211669921875,230.80153411865234,230.08855018615722,245.8173151951795,241.617781912089,233.21751964402563,60.350649050693775,5.4428539709547294,5.038102233074283,0.4047517378804466,4.471318679274572,239.0211669921875,257.4921657812582,220.55016820311675,5.855951581682477,33.75717747405919,0.0,0.0,0.0,0.0,0.0
2021-09-14 04:00:00,248.163330078125,251.49000549316406,245.46665954589844,247.52333068847656,55574700,247.37266693115234,239.9931671142578,231.23880065917967,230.3727001953125,246.24386335571504,242.24116745171148,233.8036298571276,60.823040767994385,5.2986969888770545,5.090221184234838,0.20847580464221682,6.179757308739253,239.9931671142578,258.2269270003104,221.75940722820522,5.986667088099888,29.238178189701408,0.0,0.0,0.0,0.0,0.0
2021-09-15 04:00:00,251.94332885742188,252.2866668701172,246.1199951171875,248.3333282470703,46073100,248.04299926757812,241.49516677856445,231.8804672241211,230.65615020751954,247.28012981057083,243.1651828236839,234.51499060223716,64.30842402020062,5.426907837291395,5.15755851484615,0.2693493224452457,6.167823957232876,241.49516677856445,258.35169322738386,224.63864032974507,6.118334089006696,26.523673465831433,0.0,0.0,0.0,0.0,0.0
2021-09-16 04:00:00,252.3300018310547,252.97000122070312,249.20333862304688,250.94332885742188,41770200,248.80633239746095,242.62850036621094,232.62940063476563,230.9718002319336,248.19828835974968,244.03802272914777,235.21361849356336,64.65483106782598,5.496358535942392,5.225318519065398,0.2710400168769933,3.5681528364831516,242.62850036621094,259.18074104206954,226.07625969035232,5.964048113141741,24.328106108641933,0.0,0.0,0.0,0.0,0.0
2021-09-17 04:00:00,253.163330078125,253.67999267578125,250.0,252.38333129882812,84612600,249.70966491699218,244.062166595459,233.3406005859375,231.26301689147948,249.10102321763608,244.90709961952655,235.91752875178148,65.4334658486557,5.5546112393703595,5.291177063126391,0.2634341762439689,3.230845052799425,244.062166595459,258.8750973106474,229.2492358802706,5.8973813738141745,22.102079499444493,0.0,0.0,0.0,0.0,0.0
2021-09-20 04:00:00,243.38999938964844,247.3333282470703,239.5399932861328,244.85333251953125,74273100,249.59633178710936,244.8940002441406,233.8287338256836,231.53193351745605,248.06265524891103,244.76261388334768,236.21056681601155,51.19040121950127,4.757311493523815,5.184403949205876,-0.427092455682061,-0.5339962900745898,244.8940002441406,257.28479282560454,232.5032076626767,6.416191101074219,27.129316377170028,0.0,0.0,0.0,0.0,0.0
2021-09-21 04:00:00,246.4600067138672,248.24667358398438,243.47999572753906,244.92999267578125,48992100,249.1449996948242,245.4453338623047,234.18660064697266,231.7752668762207,247.77126460617578,244.92427034339715,236.6125056355353,54.538001137425034,4.323332943655544,5.01218974809581,-0.6888568044402668,0.954410266846617,245.4453338623047,257.01793827034294,233.87272945426645,6.4309539794921875,24.15523641009459,0.0,0.0,0.0,0.0,0.0
2021-09-22 04:00:00,250.64666748046875,251.22332763671875,246.3733367919922,247.8433380126953,45378900,249.0806671142578,246.16950073242188,234.7426007080078,232.03010025024415,248.29406512877446,245.46926054692779,237.1628649235719,58.69816730998224,4.268031144443171,4.863358027365283,-0.5953268829221123,2.504193270536348,246.16950073242188,257.0907932602359,235.24820820460786,6.5221437726702005,24.70518963551016,0.0,0.0,0.0,0.0,0.0
2021-09-23 04:00:00,251.2133331298828,252.73333740234375,249.30667114257812,251.6666717529297,35842500,249.04000091552734,246.8768341064453,235.41100067138672,232.21656692504882,248.82484112897595,246.0163150786378,237.71386367676058,59.24181900058186,4.221269089806185,4.734940239853463,-0.5136711500472781,0.09562988044349297,246.8768341064453,257.12765408325953,236.62601412963107,6.518572126116071,24.70530939708839,0.0,0.0,0.0,0.0,0.0
2021-09-24 04:00:00,258.1300048828125,258.26666259765625,248.18666076660156,248.6300048828125,64119000,250.3106674194336,248.0973342895508,236.23626739501952,232.42408363342284,250.51668908421894,247.16999982189253,238.5144966652332,65.25375394767886,4.6882838125914645,4.725608954401064,-0.03732514180959967,2.721959401260854,248.0973342895508,257.53260864682073,238.66205993228084,7.005238124302456,25.290626553908613,0.0,0.0,0.0,0.0,0.0
2021-09-27 04:00:00,263.78668212890625,266.3333435058594,256.4366760253906,257.7066650390625,84212100,251.92266845703125,249.42133483886718,237.21720092773438,232.73555038452147,252.92941509234387,248.75254099398907,239.50556276184784,69.24870779653997,5.4519957111846225,4.870886305757776,0.5811094054268464,4.835341883721256,249.42133483886718,259.8593583038785,238.9833113738559,7.078095572335379,25.746874701705057,0.0,0.0,0.0,0.0,0.0
2021-09-28 04:00:00,259.1866760253906,265.21331787109375,255.39332580566406,262.3999938964844,76144200,253.0250030517578,250.19883499145507,238.0928012084961,232.98636711120605,254.06709889835236,249.74626813983684,240.27737112512403,62.91391679805321,5.621262430187329,5.020961530643687,0.6003008995436421,5.607998078097665,250.19883499145507,261.12762874841445,239.2700412344957,7.215714590890067,25.680474361680872,0.0,0.0,0.0,0.0,0.0
2021-09-29 04:00:00,260.4366760253906,264.5,256.8933410644531,259.9333190917969,62828700,253.87433776855468,250.95866851806642,238.8982012939453,233.27190048217773,255.22520383054115,250.7644022241753,241.0679321016051,63.880845563564925,5.789533934475088,5.174676011409968,0.6148579230651201,5.156125441537074,250.95866851806642,262.5300441897741,239.3872928463587,7.509761265345982,25.65756121595029,0.0,0.0,0.0,0.0,0.0
2021-09-30 04:00:00,258.49334716796875,263.0433349609375,258.3333435058594,260.3333435058594,53868000,254.49067230224608,251.64850234985352,239.69946838378905,233.49798385620116,255.81941171007344,251.5004922188223,241.75128171205074,61.20895039560386,5.700369603801079,5.27981472988819,0.4205548739128888,4.1625880369157375,251.64850234985352,263.29279926174246,240.0042054379646,7.177379063197544,25.86938492540012,0.0,0.0,0.0,0.0,0.0
2021-10-01 04:00:00,258.40667724609375,260.260009765625,254.52999877929688,259.4666748046875,51094200,255.01500701904297,252.3623359680176,240.53920196533204,233.7346006011963,256.28982362571344,252.1582241261815,242.40443447809164,61.0862350411799,5.558636193080076,5.335579022526567,0.22305717055350893,2.5653977098673453,252.3623359680176,263.81479877183517,240.90987316419998,6.731190272739956,25.826212955676482,0.0,0.0,0.0,0.0,0.0
2021-10-04 04:00:00,260.510009765625,268.989990234375,258.7066650390625,265.5,91449900,256.7270080566406,253.161669921875,241.4602020263672,233.99920066833496,257.05713019660647,252.95363228231898,243.1144570383871,63.023690604741624,5.552032426203425,5.378869703261939,0.17316272294148582,3.2417896703568205,253.161669921875,264.54180667472724,241.78153316902277,7.056902204241071,25.88448483140532,0.0,0.0,0.0,0.0,0.0
2021-10-05 04:00:00,260.1966552734375,265.7699890136719,258.0666809082031,261.6000061035156,55297800,258.10067291259764,253.62283630371093,242.28000183105468,234.20701728820802,257.6279529378485,253.64344399575884,243.7843471652518,62.52424336659101,5.458590570428072,5.394813876695165,0.06377669373290651,2.7781769157255276,253.62283630371093,265.37115643217965,241.8745161752422,7.166661943708148,24.43364481587712,0.0,0.0,0.0,0.0,0.0
2021-10-06 04:00:00,260.9166564941406,262.2200012207031,257.739990234375,258.73333740234375,43898400,259.12767181396487,254.10416946411132,243.19980163574218,234.35326721191407,258.22589903899245,254.33613090036664,244.45620243305137,63.24499276426863,5.380610973732217,5.391973296102576,-0.011362322370358946,7.201058855517473,254.10416946411132,266.23272122340023,241.97561770482244,7.217615400041852,24.43411271010747,0.0,0.0,0.0,0.0,0.0
2021-10-07 04:00:00,264.53668212890625,268.3333435058594,261.1266784667969,261.82000732421875,57587400,260.4600067138672,254.75000381469727,244.17733520507812,234.59285064697266,259.37331414624947,255.30761196975138,245.24367222504569,66.71149341923443,5.546975317855129,5.422973700453087,0.1240016174020413,7.334526869515812,254.75000381469727,267.67128414144645,241.82872348794808,7.484522138323102,24.79183391317755,0.0,0.0,0.0,0.0,0.0
2021-10-08 04:00:00,261.8299865722656,265.4599914550781,260.3033447265625,265.4033203125,50215800,260.8300048828125,255.57033615112306,244.8982681274414,234.83476722717285,259.8199818600706,255.92879050332417,245.89411592493667,62.00281905409131,5.398185624910553,5.418016085344581,-0.019830460434027586,4.461786467864504,255.57033615112306,268.0749723209885,243.0656999812576,6.879758562360491,23.166586472573243,0.0,0.0,0.0,0.0,0.0
2021-10-11 04:00:00,263.9800109863281,267.0799865722656,261.8333435058594,262.54998779296875,42600900,260.8493377685547,256.386003112793,245.59653503417968,235.07803398132324,260.5763507921174,256.6955734064674,246.6033667116579,64.16641856963801,5.391606637828886,5.412734195841442,-0.021127558012556058,5.0820064752871374,256.386003112793,268.84804328821565,243.92396293737036,6.907853262765067,23.13807451448713,0.0,0.0,0.0,0.0,0.0
2021-10-12 04:00:00,268.5733337402344,270.7733459472656,265.5233459472656,266.9766540527344,66060000,261.7880035400391,257.40650329589846,246.23686828613282,235.31795066833496,262.03034769177503,257.82678867634996,247.4649340461119,68.31709389503919,5.691428259226626,5.468473008518479,0.22295525070814737,4.045763243278522,257.40650329589846,270.36617254808584,244.44683404371108,7.046663556780134,23.663507220354724,0.0,0.0,0.0,0.0,0.0
2021-10-13 04:00:00,270.3599853515625,271.8033447265625,268.59332275390625,270.15667724609375,42360300,262.78033447265625,258.3273361206055,246.91246795654297,235.5636006164551,263.5448272662818,259.0204264549416,248.36277919534524,69.78322965590769,6.003996572516257,5.575577721318035,0.42841885119822276,2.491901095842297,258.3273361206055,272.235036671769,244.4196355694419,7.032616751534598,23.32004144806471,0.0,0.0,0.0,0.0,0.0
2021-10-14 04:00:00,272.7733459472656,273.4166564941406,271.1166687011719,271.8299865722656,36741600,264.2083343505859,259.349503326416,247.62846832275392,235.8174839782715,265.2227397537334,260.33022831135344,249.32005632287152,71.68900348350341,6.37298345725776,5.73505886850598,0.6379245887517806,5.242040266199499,259.349503326416,274.36239115722833,244.33661549560372,6.530950273786273,23.379195568614872,0.0,0.0,0.0,0.0,0.0
2021-10-15 04:00:00,281.010009765625,281.07000732421875,274.1166687011719,274.5799865722656,56773800,266.4686676025391,260.741837310791,248.48446838378905,236.06456733703612,268.0931524831682,262.29973130699835,250.56279959513637,77.01679987754518,7.246504956941351,6.037348086193054,1.2091568707482967,7.899553186675079,260.741837310791,278.2901119365011,243.19356268508096,6.416664123535156,25.153431929046167,0.0,0.0,0.0,0.0,0.0
2021-10-18 04:00:00,290.03668212890625,291.7533264160156,283.8233337402344,283.92999267578125,72621600,269.4213348388672,263.0741714477539,249.62453521728514,236.33863410949706,272.08288514602964,264.94134567098956,252.11079498861756,81.19372167838131,8.568383073058499,6.543555083566144,2.024827989492355,12.202764715813231,263.0741714477539,283.1321412734413,243.01620162206652,6.482615879603794,20.935982576197237,0.0,0.0,0.0,0.0,0.0
2021-10-19 04:00:00,288.0899963378906,292.6499938964844,287.5033264160156,292.510009765625,52143300,272.2106689453125,265.1556709289551,250.62793518066405,236.56280075073244,274.9932689990952,267.1459790678373,253.5217440611381,77.9054583002626,9.351106000384789,7.105065266929873,2.246040733454916,11.487055755733412,265.1556709289551,286.5499074995504,243.7614343583598,6.306902204241071,21.59333657925473,0.0,0.0,0.0,0.0,0.0
2021-10-20 04:00:00,288.6000061035156,289.8299865722656,285.7933349609375,288.45001220703125,42096300,274.97900390625,267.05333786010743,251.6666687011719,236.7806174468994,277.4672211998989,269.1892197379019,254.89736218044703,78.15506839937066,9.89846968827851,7.6637461511996,2.23472353707891,10.782693671986943,267.05333786010743,289.72370492077437,244.3829707994405,6.258806501116071,21.42086914713264,0.0,0.0,0.0,0.0,0.0
2021-10-21 04:00:00,298.0,300.0,285.1666564941406,285.3333435058594,94444500,278.32533569335936,269.3926712036133,252.90786865234375,237.0106507873535,281.2004537090082,271.93310357238744,256.58766170278244,82.15631611265827,10.964369872093982,8.323870895378477,2.640498976715506,14.528758906157124,269.3926712036133,294.6849910929098,244.1003513143168,6.909044538225446,23.13475569720611,0.0,0.0,0.0,0.0,0.0
2021-10-22 04:00:00,303.2266540527344,303.3333435058594,296.9866638183594,298.5,68642400,282.4650024414062,271.6475036621094,254.15740173339844,237.166717376709,285.20521740786745,274.9134417133729,258.41664179493745,83.91996674927563,12.091467833739046,9.07739028305059,3.014077550688455,16.215905158030374,271.6475036621094,300.50208359605097,242.79292372816778,6.606427873883929,22.31167833550691,0.0,0.0,0.0,0.0,0.0
2021-10-25 04:00:00,341.6199951171875,348.3399963378906,314.73333740234375,316.84332275390625,188556300,290.2290008544922,275.53916931152344,256.20866821289064,237.40811737060548,295.4624497186529,281.2664467994505,261.67951839581,90.9758481109975,15.899443953175364,10.441801017075544,5.45764293609982,29.138988350477323,275.53916931152344,317.8070942783289,233.27124434471796,9.278573172433036,47.54611176727631,0.0,0.0,0.0,0.0,0.0
2021-10-26 04:00:00,339.4766540527344,364.9800109863281,333.8133239746094,341.5633239746094,187245000,297.3193328857422,279.5536682128906,258.4237347412109,237.7535173034668,303.4650323248495,286.810276061668,264.7303864607875,88.63753818036844,18.53073200795484,12.059587215251405,6.471144792703434,29.65537618397964,279.5536682128906,329.7837010083903,229.3236354173909,11.184764317103795,46.74373571193978,0.0,0.0,0.0,0.0,0.0
2021-10-27 04:00:00,345.9533386230469,356.9599914550781,343.59332275390625,346.5533447265625,115579500,304.8786682128906,283.8295013427734,260.9047348022461,238.0675506591797,311.1901789245218,292.44294868656124,267.91560027107215,89.51455695730198,20.89776464328611,13.827222700858346,7.070541942427763,31.0528540893819,283.8295013427734,341.25188609538225,226.4071165901646,11.903810773577009,46.64755541053501,0.0,0.0,0.0,0.0,0.0
2021-10-28 04:00:00,359.0133361816406,360.3333435058594,351.3999938964844,356.10333251953125,81639600,313.50266723632814,288.85550079345705,263.4917349243164,238.4386006164551,319.8852984258161,298.78298559085454,271.4880605028592,91.01977289278177,23.555949394806362,15.772968039647951,7.782981355158411,33.67423011879516,288.85550079345705,354.0156980224197,223.6953035644944,12.5626220703125,46.56157831188852,0.0,0.0,0.0,0.0,0.0
2021-10-29 04:00:00,371.3333435058594,371.7366638183594,357.7366638183594,360.6199951171875,89755200,322.5350006103516,294.5018341064453,266.4286016845703,238.88693405151366,329.23948844036937,305.6925434875217,275.4035617970945,92.16272874110379,26.352921514940135,17.88895873470639,8.463962780233746,37.34774508993859,294.5018341064453,367.63564912968434,221.36801908320626,13.1876220703125,46.4806909187507,0.0,0.0,0.0,0.0,0.0
2021-11-01 04:00:00,402.86334228515625,403.25,372.88665771484375,381.6666564941406,168146100,333.8176666259766,301.6195007324219,269.95080200195315,239.52431747436523,342.625643684876,314.9469052777726,280.4019845613322,94.1979834518968,30.759176822054997,20.46300235217611,10.296174469878885,47.69160853532972,301.6195007324219,387.4334789129887,215.80552255185512,14.982145036969866,51.850804019582434,0.0,0.0,0.0,0.0,0.0
2021-11-02 04:00:00,390.6666564941406,402.86334228515625,382.0,386.4533386230469,128213400,344.07533264160156,308.143000793457,273.0554684448242,240.07006744384765,351.3603732865605,322.158310155522,284.726089343011,85.00224039794868,32.88788422951927,22.947978727644745,9.939905501874527,39.02232764589924,308.143000793457,400.30031172997377,215.98568985694027,16.241668701171875,54.57013234106319,0.0,0.0,0.0,0.0,0.0
2021-11-03 04:00:00,404.6199951171875,405.1300048828125,384.2066650390625,392.4433288574219,103885500,355.6773315429688,315.3281677246094,276.42460174560546,240.67575073242188,361.043940892129,330.0118039613949,289.4278111380767,86.61240001729816,35.29397107162731,25.41717719644126,9.876793875186053,39.50649005747311,315.3281677246094,414.1491730207665,216.50716242845226,17.517859322684153,54.3581176692832,0.0,0.0,0.0,0.0,0.0
2021-11-04 04:00:00,409.9700012207031,414.4966735839844,405.6666564941406,411.4700012207031,76192200,366.87433166503905,322.5998336791992,279.88266845703123,241.31728408813476,369.93958822459706,337.6268703670433,294.15495584719935,87.18068751774028,37.203652462486616,27.77447224965033,9.429180212836286,42.30622598219749,322.5998336791992,426.93362675160677,218.26604060679162,17.63071768624442,54.37266067242471,0.0,0.0,0.0,0.0,0.0
2021-11-05 04:00:00,407.36334228515625,413.2900085449219,402.6666564941406,409.3333435058594,64886400,377.2880004882812,329.8765014648437,283.3555352783203,241.94303421020507,376.7439071446987,344.2684391211493,298.59450041339375,85.28121347112132,38.06792973439843,29.833163746599954,8.234765987798479,41.151536268174006,329.8765014648437,436.6366329773539,223.11636995233357,17.622148786272323,54.07830815287009,0.0,0.0,0.0,0.0,0.0
2021-11-08 05:00:00,387.64666748046875,399.0,377.6666564941406,383.2633361816406,100337100,381.8906677246094,336.0598342895508,286.3623352050781,242.41326751708985,378.72622720574776,348.399698964894,302.0867422591614,72.42694445709051,36.73840733071444,31.214212463422854,5.524194867291584,30.08277432230495,336.0598342895508,441.06065585061344,231.05901272848814,19.375721522739955,59.56845301538579,0.0,0.0,0.0,0.0,0.0
2021-11-09 05:00:00,341.1666564941406,391.5,337.17333984375,391.20001220703125,177317400,382.05966796875,339.6895004272461,288.3129348754883,242.64728408813477,371.8972143490919,347.7108377772032,303.6192879154351,52.38238507717521,31.570280271018817,31.285426024942048,0.2848542460767689,12.512093489910715,339.6895004272461,439.77128999177114,239.60771086272112,22.967864990234375,77.5877788113141,0.0,0.0,0.0,0.0,0.0
2021-11-10 05:00:00,355.98333740234375,359.3666687011719,329.10333251953125,336.8033447265625,128408100,383.0626678466797,343.97066802978514,290.5278015136719,242.98693405151369,369.00378217695584,348.49869488435945,305.6727800521766,56.51395972222272,28.343360051444222,30.697012830242485,-2.3536527787982635,4.20447938951265,343.97066802978514,438.750269880884,249.1910661786863,24.07000732421875,78.27304690435906,0.0,0.0,0.0,0.0,0.0
2021-11-11 05:00:00,354.5033264160156,368.3233337402344,351.55999755859375,367.5899963378906,67189800,382.6116668701172,348.05716705322266,292.7239346313477,243.3670674133301,366.3673356749667,349.07056455404097,307.58770343899386,55.99136178666906,25.374081395586757,29.63242654331134,-4.258345147724583,4.426422902396987,348.05716705322266,436.7648005455449,259.3495335609004,24.814054216657365,78.54528276374576,0.0,0.0,0.0,0.0,0.0
2021-11-12 05:00:00,344.47332763671875,351.5,339.73333740234375,349.1666564941406,76719300,379.9256652832031,351.23033294677737,294.7308010864258,243.76688400268554,362.3866069407398,348.632732466677,309.0341985055713,52.45146805652041,21.95844629084752,28.097630492818578,-6.139184201971059,-0.4278065337420367,351.23033294677737,434.19399412055037,268.26667177300436,22.646671840122767,79.7162249274915,0.0,0.0,0.0,0.0,0.0
2021-11-15 05:00:00,337.7966613769531,343.99334716796875,326.20001220703125,339.2099914550781,104326800,373.4189971923828,353.6183319091797,296.5962677001953,244.05618392944336,357.91570774732406,347.6007256962271,310.16213822601765,50.17731302942847,18.499528643439817,26.178010122942826,-7.678481479503009,-5.909717736489062,353.6183319091797,431.7758691198559,275.4607946985035,21.725716727120535,80.03913547916738,0.0,0.0,0.0,0.0,0.0
2021-11-16 05:00:00,351.57666015625,352.3999938964844,334.05999755859375,334.4366760253906,79627200,369.50999755859374,356.7926651000977,298.60833435058595,244.3594172668457,356.76315363985606,347.9793861209912,311.78623712524245,54.556637020958746,16.67798875229863,24.27800584881399,-7.600017096515359,-5.320471133316806,356.7926651000977,428.647095128924,284.9382350712714,21.78690665108817,80.5879116220351,0.0,0.0,0.0,0.0,0.0
2021-11-17 05:00:00,363.0033264160156,373.21331787109375,351.8333435058594,354.5033264160156,94336200,365.34833068847655,360.51283111572263,300.8426010131836,244.74995056152343,357.8977305082487,349.41023757766015,313.794750430763,57.8640453520383,15.97232274147359,22.616869227345912,-6.644546485872322,-9.894177922231195,360.51283111572263,424.8083194806908,296.2173427507545,22.30523899623326,80.84715451165721,0.0,0.0,0.0,0.0,0.0
2021-11-18 05:00:00,365.4599914550781,370.6666564941406,358.3399963378906,368.8500061035156,62696700,360.89732971191404,363.8858306884766,303.1194009399414,245.1606005859375,359.2726870440358,350.9387855659857,315.8208383140695,58.562316199075504,15.433403018256968,21.180175985528127,-5.746772967271159,-6.452218181420499,363.8858306884766,421.0562122056496,306.71544917130353,22.185714721679688,80.52716204322392,0.0,0.0,0.0,0.0,0.0
2021-11-19 05:00:00,379.0199890136719,379.5733337402344,364.23333740234375,366.2900085449219,64926900,358.0629943847656,367.6754974365234,305.79133392333983,245.63531723022462,362.8631055839696,353.61318589433677,318.2992363807206,62.278197704586646,15.917002436157304,20.12754127565396,-4.210538839496657,-6.326925612289935,367.6754974365234,417.49078792417174,317.8602069488751,21.00166756766183,81.02037114621844,0.0,0.0,0.0,0.0,0.0
2021-11-22 05:00:00,385.6233215332031,400.6499938964844,377.4766540527344,387.4433288574219,99217500,357.86065979003905,369.8756637573242,308.5504669189453,246.12440048217775,367.00132666564843,356.66177024089546,320.9393965827787,63.97249199395811,16.641262096342018,19.430285439791575,-2.789023343449557,-5.938649075543756,369.8756637573242,418.7231074595724,321.028220055076,21.16666739327567,68.99305770120648,0.0,0.0,0.0,0.0,0.0
2021-11-23 05:00:00,369.6766662597656,393.5,354.23333740234375,389.1700134277344,108515100,360.71166076660154,371.38566436767576,310.9807336425781,246.55701721191406,367.48775204639696,357.90128414745453,322.8506620603076,57.281342644911064,15.7469601319807,18.6936203782294,-2.946660246248701,-9.251366559882989,371.38566436767576,418.09683369416894,324.6744950411826,22.476904732840403,70.98303277937154,0.0,0.0,0.0,0.0,0.0
2021-11-24 05:00:00,372.0,377.5899963378906,354.0,360.1300048828125,67680600,362.3133270263672,372.68799743652346,313.3818670654297,247.07565048217774,368.3081607652338,359.24401899055414,324.7780870775504,57.971077835508055,15.052180827135373,17.965332468010594,-2.9131516408752205,-4.036321937749432,372.68799743652346,417.839989060892,327.53600581215494,23.456427437918528,70.79736082335897,0.0,0.0,0.0,0.0,0.0
2021-11-26 05:00:00,360.6400146484375,369.59332275390625,360.3333435058594,366.489990234375,35042700,362.9269958496094,372.76933135986326,315.54806732177735,247.5260838317871,366.91395238036176,359.3769709579716,326.18443717836954,53.428632554720046,13.43009358501348,17.058284691411174,-3.6281911063976935,5.707872614049347,372.76933135986326,417.82336062300226,327.71530209672426,23.530949183872767,70.7066041309376,0.0,0.0,0.0,0.0,0.0
2021-11-29 05:00:00,378.9966735839844,380.8900146484375,366.7300109863281,366.9966735839844,58393500,366.37933044433595,373.15249786376955,318.06473419189456,248.06086715698243,369.1108107810204,361.2455140652109,328.25550527270735,59.01697364061653,13.47052687353704,16.340733127836348,-2.8702062542993083,6.464722857415706,373.15249786376955,418.2853841690678,328.0196115584713,22.856185913085938,71.97083832434224,0.0,0.0,0.0,0.0,0.0
2021-11-30 05:00:00,381.586669921875,389.3333435058594,372.6666564941406,381.4566650390625,81276000,370.7583312988281,372.08866424560546,320.82866760253904,248.64176712036132,371.3791488066303,363.18276700394085,330.34692349424336,59.75082996175345,13.555304492656035,15.783647400800286,-2.228342908144251,7.63979954142282,372.08866424560546,415.2320211591481,328.94530733206284,20.166187831333705,65.04734784039444,0.0,0.0,0.0,0.0,0.0
2021-12-01 05:00:00,365.0,390.9466552734375,363.586669921875,386.8999938964844,68450400,372.1006652832031,370.8053314208984,323.19946746826173,249.13651718139647,370.21930356906114,363.35583681308935,331.7058676709397,53.18296391416558,12.144096143580839,15.055737149356398,-2.911641005775559,5.958856816028635,370.8053314208984,413.1412746405792,328.46938820121767,19.958805629185267,65.97303499776977,0.0,0.0,0.0,0.0,0.0
2021-12-02 05:00:00,361.5333251953125,371.0,352.2166748046875,366.35333251953125,73114800,371.9536651611328,368.6509979248047,325.4172006225586,249.63188385009767,368.6400347738341,363.18226427806303,332.87557188758177,51.89892757833982,10.623510459531644,14.169291811391448,-3.5457813518598034,7.026908946228816,368.6509979248047,408.02315742263283,329.27883842697656,20.10309055873326,64.4293563053292,0.0,0.0,0.0,0.0,0.0
2021-12-03 05:00:00,338.3233337402344,363.52667236328125,333.4033203125,361.5966796875,92322000,369.23999938964846,365.06866455078125,327.15940063476563,250.02133392333985,363.12790731317955,360.8147470839841,333.08920960729364,44.20387368868649,7.459593463252929,12.827352141763745,-5.367758678510816,-3.769683234980814,365.06866455078125,401.5425569157801,328.5947721857824,21.199759347098215,67.35110584458917,0.0,0.0,0.0,0.0,0.0
2021-12-06 05:00:00,336.336669921875,340.5466613769531,316.8333435058594,333.836669921875,81663000,364.97166748046874,361.5173309326172,328.72353393554687,250.51218391418456,358.2567732420332,358.4835016399737,333.2165609921792,43.60786554084758,4.7372511990257635,11.20933195321615,-6.472080754190387,-7.346119044534493,361.5173309326172,394.2959705002734,328.73869136496097,21.588330950055802,67.35354513728376,0.0,0.0,0.0,0.0,0.0
2021-12-07 05:00:00,350.5833435058594,352.5566711425781,342.2699890136719,348.0666809082031,56084700,361.46766967773436,359.6641647338867,330.45946716308595,251.10036727905273,356.8616041990925,357.7311056272009,333.89761128683335,48.926068776637926,3.6868629736496814,9.704838157302857,-6.017975183653176,-4.070663902220161,359.6641647338867,390.3466185229834,328.98171094479,21.436902727399552,67.95160422345894,0.0,0.0,0.0,0.0,0.0
2021-12-08 05:00:00,356.32000732421875,357.4599914550781,344.3333435058594,350.9033203125,41906400,360.1320037841797,360.4218322753906,332.4021337890625,251.64526733398438,356.7631320400245,357.5967153126312,334.77692093535825,50.93270710915226,3.2795193070999176,8.419774387262269,-5.140255080162351,-5.989125203798762,360.4218322753906,389.90601531648093,330.9376492343003,20.829044886997767,52.646642541082144,0.0,0.0,0.0,0.0,0.0
2021-12-09 05:00:00,334.6000061035156,354.163330078125,334.1199951171875,353.5466613769531,59438400,356.3920043945312,359.35266571044923,333.885400390625,252.18123405456544,352.7334727788411,355.40655253081064,334.7699830988154,43.90004277744348,1.1903522993812317,6.973889969686061,-5.783537670304829,-13.231387361849245,359.35266571044923,390.98695793912225,327.7183734817762,21.534284319196427,54.92565976432161,0.0,0.0,0.0,0.0,0.0
2021-12-10 05:00:00,339.010009765625,340.32666015625,327.510009765625,336.25,59664300,354.22900390625,358.5779998779297,335.4957336425781,252.7504507446289,350.23829768552906,353.84497702936443,334.9362586543765,45.54415485624832,-0.10822956324301458,5.557466063100246,-5.66569562634326,-8.295534799210635,358.5779998779297,391.4470079301444,325.708991825715,21.35404532296317,55.20116082596914,0.0,0.0,0.0,0.0,0.0
2021-12-13 05:00:00,322.13665771484375,335.0,317.1400146484375,333.6966552734375,78595500,348.5430023193359,357.46116638183594,336.7703332519531,253.1637506866455,345.1289085999499,350.8251370946482,334.4343135194929,40.6369206902931,-2.4704260059511967,3.9518876492899575,-6.422313655241155,-13.404124270203289,357.46116638183594,393.69389025798154,321.22844250569034,21.260949271065847,57.07091467977102,0.0,0.0,0.0,0.0,0.0
2021-12-14 05:00:00,319.5033264160156,322.13665771484375,310.0,315.0,70806300,342.33466796875,356.54649963378904,337.95019958496096,253.61720062255858,340.46971183923455,347.842107506207,333.84878461347415,39.91411844462183,-4.503063026145298,2.260897514202907,-6.763960540348205,-11.406579015510276,356.54649963378904,395.67710787186354,317.41589139571454,19.323091779436385,56.7749858304698,0.0,0.0,0.0,0.0,0.0
2021-12-15 05:00:00,325.3299865722656,326.25,309.4166564941406,317.7366638183594,75169200,338.36766662597654,355.23416595458986,339.2528662109375,254.15518386840822,337.7170345179675,345.6980959886888,333.5147141020542,42.357225235543474,-5.57946315171165,0.6928253810199956,-6.272288532731645,-14.160200010258507,355.23416595458986,396.7540999615206,313.71423194765913,18.84047372000558,55.049589850644544,0.0,0.0,0.0,0.0,0.0
2021-12-16 05:00:00,308.97332763671875,331.6600036621094,307.2833251953125,331.5,82771500,333.1116668701172,352.532666015625,340.21399963378906,254.66431716918945,332.4909059941041,342.2004990027869,332.5523067896881,37.72054101316227,-7.664017659173794,-0.9785432270187623,-6.685474432155032,-19.029318372159832,352.532666015625,398.6955165134617,306.3698155177883,19.74833243233817,55.74809681749077,0.0,0.0,0.0,0.0,0.0
2021-12-17 05:00:00,310.8566589355469,320.2200012207031,303.0133361816406,304.92333984375,100437300,330.36499938964846,349.80249938964846,341.14039916992186,255.22201713562012,328.5574065289119,339.2153713773355,331.7014970699179,38.554579984290456,-9.059639147915163,-2.5947624111980425,-6.464876736717121,-14.833792072452912,349.80249938964846,399.09857431809206,300.50642446120486,19.530951363699778,55.72589427575706,0.0,0.0,0.0,0.0,0.0
2021-12-20 05:00:00,299.9800109863281,307.2300109863281,297.7966613769531,303.5666809082031,56480100,326.7293334960938,345.8505004882812,341.9033996582031,255.7835838317871,323.3615164302603,335.47867038771574,330.4575172235026,35.590256077357424,-10.91748386412695,-4.259306701783824,-6.658177162343126,-17.02562666269595,345.8505004882812,397.8813456119735,293.819655364589,19.273330688476562,53.924970289992466,0.0,0.0,0.0,0.0,0.0
2021-12-21 05:00:00,312.84332275390625,313.1666564941406,295.3733215332031,305.6233215332031,71517900,322.95533142089846,342.2115005493164,342.8806658935547,256.22516708374025,321.4491175800141,333.3229229940196,329.7667644992047,41.335005883726524,-11.222511305749663,-5.6519476225769925,-5.57056368317267,-7.531260319718813,342.2115005493164,392.6871165224267,291.73588457620605,18.589998517717635,56.40910524424414,0.0,0.0,0.0,0.0,0.0
2021-12-22 05:00:00,336.2900085449219,338.5533447265625,319.01666259765625,321.88665771484375,93634200,320.95233154296875,340.5421676635742,344.23499938964846,256.7931838226318,324.14746139181545,333.60550257029604,330.02257799119366,50.07568218424945,-9.4632101635126,-6.414200130764114,-3.049010032748485,-0.013873413494869258,340.5421676635742,389.374830118869,291.70950520827944,19.084762573242188,62.552030257897584,0.0,0.0,0.0,0.0,0.0
2021-12-23 05:00:00,355.6666564941406,357.6600036621094,332.5199890136719,335.6000061035156,92713200,323.0589965820312,339.7255004882812,345.9411328125,257.4055171203613,329.87822413769277,335.70656484875747,331.02822812856414,55.920661071693765,-6.431281965941707,-6.417616497799633,-0.013665468142074033,1.4499584998670434,339.7255004882812,386.85980674139455,292.5911942351679,18.728809901646205,66.21638379789825,0.0,0.0,0.0,0.0,0.0
2021-12-27 05:00:00,364.64666748046875,372.3333435058594,356.90667724609375,357.8900146484375,71145900,325.62266235351564,339.9258331298828,347.7785992431641,258.07253379821776,336.1997592909247,338.4627650993967,332.3465982992271,58.354129174106596,-3.266194530577195,-5.787332104355146,2.521137573777951,2.3368488956819977,339.9258331298828,387.4667261571042,292.3849401026614,18.225479125976562,65.92266517253105,0.0,0.0,0.0,0.0,0.0
2021-12-28 05:00:00,362.8233337402344,373.0,359.47332763671875,369.8299865722656,60324000,329.6913299560547,339.11716613769534,349.41486572265626,258.7067504882813,341.0404091907992,340.78281925566694,333.54176439495285,57.65810403364734,-0.8946547068707105,-4.808796624858259,3.914141917987549,8.43494534425897,339.11716613769534,384.3541666804467,293.88016559494395,18.033098493303573,63.2860292230609,0.0,0.0,0.0,0.0,0.0
2021-12-29 05:00:00,362.0633239746094,368.0,354.71331787109375,366.21331787109375,56154000,333.94732971191405,338.14099884033203,350.8553985595703,259.38893379211424,344.8627573333101,342.8095339908043,334.66025692748843,57.35103763068635,0.9129572501357757,-3.6644458498594528,4.577403099995228,6.800186880889547,338.14099884033203,380.25398944006207,296.028008240602,18.044529506138392,63.21085653853946,0.0,0.0,0.0,0.0,0.0
2021-12-30 05:00:00,356.7799987792969,365.1833190917969,351.04998779296875,353.77667236328125,47040900,337.0923309326172,337.72999877929686,352.22919860839846,260.0031504821777,347.02952850530767,344.14005444685125,335.52769778442206,55.15212950776011,1.8973115342026858,-2.552094373047025,4.4494059072497105,10.754237443886172,337.72999877929686,378.8889252815317,296.571072277062,17.468338012695312,61.498284592342934,0.0,0.0,0.0,0.0,0.0
2021-12-31 05:00:00,352.260009765625,360.6666564941406,351.5299987792969,357.8133239746094,40733700,341.42099914550784,337.2663330078125,353.5023986816406,260.67585052490233,347.9805250980926,344.9133835248297,336.18386688172416,53.27036113719278,2.2863385700966887,-1.5844077844182824,3.870746354514971,10.252376310773649,337.2663330078125,377.49461580073597,297.038050214889,17.205481392996653,61.5705931337567,0.0,0.0,0.0,0.0,0.0
2022-01-03 05:00:00,399.9266662597656,400.3566589355469,378.67999267578125,382.5833435058594,103931400,350.3279998779297,340.34649963378905,355.54093200683593,261.5840338897705,357.42527803657856,350.15274378529983,338.68358450439246,66.32085464846331,6.367545015755923,0.005982775616558689,6.361562240139364,22.929543161226484,340.34649963378905,389.38450118584467,291.30849808173343,19.078813825334823,73.75473811115435,0.0,0.0,0.0,0.0,0.0
2022-01-04 05:00:00,383.1966552734375,402.6666564941406,374.3500061035156,396.51666259765625,100248300,358.6496643066406,342.6894989013672,357.14033203125,262.38335052490237,362.1109829887347,353.2997829746463,340.4291951227864,59.988453805847556,8.157919046741938,1.6363700298416346,6.521549016900304,24.022567968710963,342.6894989013672,395.2706858005621,290.1083120021723,20.234527587890625,75.817597739706,0.0,0.0,0.0,0.0,0.0
2022-01-05 05:00:00,362.7066650390625,390.11334228515625,360.336669921875,382.2166748046875,80119800,363.63599853515626,343.29566497802733,357.5620654296875,263.09328384399413,362.219288816067,354.19567650459066,341.30282139401294,53.278761381500914,7.833136869453199,2.875723397763948,4.957413471689251,16.679715429311813,343.29566497802733,396.5354130615839,290.0559168944708,21.159051077706472,77.59961971737293,0.0,0.0,0.0,0.0,0.0
2022-01-06 05:00:00,354.8999938964844,362.6666564941406,340.1666564941406,359.0,90336600,365.4969970703125,343.22466430664065,357.8705322265625,263.8173338317871,360.8885079215974,354.26275435143765,341.8360438450902,50.9409431425788,6.866656988472073,3.673910115905573,3.1927468725665,18.3078808249858,343.22466430664065,396.39502074940987,290.05430786387143,21.027860369001115,77.88632784282552,0.0,0.0,0.0,0.0,0.0
2022-01-07 05:00:00,342.32000732421875,360.30999755859375,336.6666564941406,360.1233215332031,84164700,364.16233215332034,343.6106643676758,357.79786560058596,264.4616172027588,357.5124169038922,353.1253498726549,341.855022805056,47.33639539723383,5.027659212839183,3.944659935292295,1.0829992775468877,9.42218753810511,343.6106643676758,396.6292630395929,290.59206569575866,21.487622942243302,75.69442068368295,0.0,0.0,0.0,0.0,0.0
2022-01-10 05:00:00,352.7066650390625,353.0333251953125,326.6666564941406,333.3333435058594,91815000,362.9683319091797,344.29549713134764,357.6717321777344,265.1939672088623,356.63864383755947,353.0854751265985,342.28057740246805,50.45367375838013,4.358119015874024,4.027351751408641,0.33076726446538274,4.881696178002182,344.29549713134764,397.4176153547059,291.1733789079894,22.438099452427455,76.26804804193735,0.0,0.0,0.0,0.0,0.0
2022-01-11 05:00:00,354.79998779296875,358.6166687011719,346.2733459472656,351.22332763671875,66063300,362.16599731445314,345.9286636352539,357.34106506347655,265.9491504669189,356.30434273854297,353.2487620472052,342.7715346726838,51.08213365135677,3.9508740212314706,4.012056205373208,-0.06118218414173704,-0.2436744309165073,345.9286636352539,398.18369182893656,293.6736354415712,22.048812866210938,73.67079416613528,0.0,0.0,0.0,0.0,0.0
2022-01-12 05:00:00,368.739990234375,371.61334228515625,357.5299987792969,359.6166687011719,83739000,362.8336639404297,348.3904968261719,356.6585980224609,266.73348373413086,358.565369555967,354.72411711265,343.78990547902464,55.16094741312131,4.69880621139589,4.149406206577744,0.5494000048181462,1.122544950757165,348.3904968261719,400.03938958568074,296.74160406666306,21.413336617606028,74.39726531690427,0.0,0.0,0.0,0.0,0.0
2022-01-13 05:00:00,343.85333251953125,371.8666687011719,342.17999267578125,369.69000244140625,97209900,361.54099731445314,349.31666412353513,355.72233154296873,267.3395337677002,355.89045373116045,353.68880429425775,343.7923928139465,47.53992452588186,3.245984876450109,3.9687219405522174,-0.7227370641021085,-5.228440250837019,349.31666412353513,399.8772720377608,298.75605620930946,21.73809814453125,78.9476800529789,0.0,0.0,0.0,0.0,0.0
2022-01-14 05:00:00,349.8699951171875,350.6666564941406,337.7933349609375,339.9599914550781,72924300,361.3019958496094,351.3614974975586,354.62733154296876,267.9859671020508,354.79582489225623,353.3251081821559,344.03073015917164,49.36145537601182,2.550704950861757,3.6851185426141257,-1.1344135917523688,-3.3677337774971505,351.3614974975586,398.2249634629305,304.49803153218676,21.46714346749442,76.40186781138026,0.0,0.0,0.0,0.0,0.0
2022-01-18 05:00:00,343.5033264160156,356.92999267578125,338.6866760253906,342.2033386230469,66743400,355.6596618652344,352.993830871582,353.297998046875,268.5517337036133,352.74264335112156,352.3897003949044,344.01004765944003,47.48264146285568,1.4690197002262835,3.2418987741365575,-1.772879073910274,-3.721249063486365,352.993830871582,396.03529132860524,309.9523704145588,21.804046630859375,76.93753428468389,0.0,0.0,0.0,0.0,0.0
2022-01-19 05:00:00,331.8833312988281,351.5566711425781,331.6666564941406,347.2366638183594,75442500,350.52832946777346,354.58899688720703,351.78839782714846,269.05845039367676,348.95004115979543,350.4367128619447,343.53449015510233,44.17760427915875,-0.32214664167372575,2.529089690974501,-2.851236332648227,-5.784556265797647,354.58899688720703,391.2495787955761,317.92841497883796,22.275713239397323,76.85635517632738,0.0,0.0,0.0,0.0,0.0
2022-01-20 05:00:00,332.0899963378906,347.2200012207031,331.3333435058594,336.57666015625,70488600,347.46666259765624,355.55133056640625,350.67726440429686,269.6006170654297,345.88457846490365,348.6894065263205,343.085686475996,44.25192622944731,-1.7053248079474201,1.682206791190117,-3.387531599137537,-16.96227724855257,355.55133056640625,388.4113967402452,322.6912643925673,22.400950840541295,75.63155470033087,0.0,0.0,0.0,0.0,0.0
2022-01-21 05:00:00,314.6333312988281,334.8500061035156,313.5,332.11334228515625,103416000,343.43999633789065,354.46849670410154,350.14659790039065,270.0341170501709,340.2025335256172,345.44597079036885,341.96990784159726,39.47145499149746,-4.162131980560616,0.5133390368399705,-4.675471017400587,-17.892464099323803,354.46849670410154,391.20026213973455,317.73673126846853,23.273332868303573,73.28183069102283,0.0,0.0,0.0,0.0,0.0
2022-01-24 05:00:00,310.0,311.1700134277344,283.8233337402344,301.586669921875,151565700,340.20799560546874,352.1851638793945,349.22693115234375,270.45575035095214,334.71116379368675,342.070164048429,340.71618596545625,38.289146060983796,-6.409159675471074,-0.8711607056222385,-5.537998969848835,-14.53148511439296,352.1851638793945,393.9376847577413,310.4326430010477,22.03857203892299,69.84989322932573,0.0,0.0,0.0,0.0,0.0
2022-01-25 05:00:00,306.1333312988281,317.086669921875,301.07000732421875,304.73333740234375,86595900,335.5506622314453,349.2594970703125,348.25953125,270.8164503479004,329.51519424916694,338.647608548467,339.3599955863728,37.2854200785401,-8.405064806614405,-2.3779415258206718,-6.027123280793733,-13.740958984597862,349.2594970703125,395.3140149583738,303.2049791822512,21.160001482282365,68.89141004939387,0.0,0.0,0.0,0.0,0.0
2022-01-26 05:00:00,312.4700012207031,329.2300109863281,302.0,317.4766540527344,104867400,331.3176635742187,346.74183044433596,347.61946472167966,271.10826698303225,326.4160682439917,336.15450308868,338.30548600340535,40.058582462260034,-9.367534590162677,-3.775860138689073,-5.5916744514736045,-8.719912790619933,346.74183044433596,395.1209361341671,298.3627247545048,20.978097098214285,69.6321699224648,0.0,0.0,0.0,0.0,0.0
2022-01-27 05:00:00,276.3666687011719,311.7966613769531,276.3333435058594,311.1199951171875,147109500,322.08033142089846,342.4569976806641,346.39086486816404,271.26971702575685,317.3161774180244,330.460423623203,335.8765127758668,31.509504985465597,-12.89489174874393,-5.599666460700044,-7.295225288043886,-21.644046995663068,342.4569976806641,399.52256340628185,285.3914319550463,21.949286324637278,79.59836981336143,0.0,0.0,0.0,0.0,0.0
2022-01-28 05:00:00,282.1166687011719,285.8333435058594,264.0033264160156,277.1866760253906,134789100,315.9066650390625,338.7238311767578,345.0016650390625,271.4488836669922,310.916266742233,325.8562564877714,333.768283596467,33.92800628156567,-15.052850870153861,-7.490303342590808,-7.562547527563053,-20.485716345122505,338.7238311767578,401.3427295482675,276.1049328052481,21.81976318359375,80.44641231676836,0.0,0.0,0.0,0.0,0.0
2022-01-31 05:00:00,312.239990234375,312.663330078125,287.3500061035156,290.9033203125,104436000,312.14366455078124,336.7228302001953,343.9863983154297,271.7771169281006,311.15694374080425,324.5594692255432,332.92403679795353,44.90425154333561,-14.169017115103713,-8.82604609709339,-5.342971018010324,-15.32244982815344,336.7228302001953,400.07387581961336,273.3717845807772,22.118334089006698,90.55045388758099,0.0,0.0,0.0,0.0,0.0
2022-02-01 05:00:00,310.4166564941406,314.5666809082031,301.6666564941406,311.7366638183594,73138200,308.8349975585937,332.24732971191406,342.8855316162109,272.13815017700193,311.0223460595927,323.2125346796953,332.04139443309816,44.423197137203545,-13.46053561546654,-9.75294400076802,-3.7075916146985204,-9.724109922212653,332.24732971191406,389.1130514191364,275.3816080046917,22.158098493303573,73.9936723124194,0.0,0.0,0.0,0.0,0.0
2022-02-02 05:00:00,301.88665771484375,310.5,296.4700012207031,309.3933410644531,66792900,305.8353302001953,328.18182983398435,341.3428649902344,272.4492668151855,309.36131181509285,321.18149877828085,330.85885573826465,42.14833718915418,-13.432516843267763,-10.488858569267968,-2.9436582739997945,-13.714619164833476,328.18182983398435,381.2071361933288,275.1565234746399,21.95928737095424,73.38744061988382,0.0,0.0,0.0,0.0,0.0
2022-02-03 05:00:00,297.0466613769531,312.3333435058594,293.50665283203125,294.0,78855600,302.33099670410155,324.8988296508789,339.5713317871094,272.69430015563967,307.12228446270376,318.8829428352973,329.5328873319387,40.86947239586226,-13.643584272707074,-11.11980370995579,-2.523780562751284,-13.524371226262598,324.8988296508789,377.0471352876835,272.7505240140743,21.18357413155692,71.68582921041113,0.0,0.0,0.0,0.0,0.0
2022-02-04 05:00:00,307.7733459472656,312.1666564941406,293.72332763671875,299.0733337402344,73625400,301.64499816894534,322.542497253418,338.33326538085936,273.0336835479736,307.2406592780786,317.8248859888181,328.67957198352013,44.86244945399089,-12.797778113266133,-11.455398590617857,-1.342379522648276,-7.264596645215016,322.542497253418,373.2211208948352,271.86387361200076,21.581431797572545,73.24824788448944,0.0,0.0,0.0,0.0,0.0
2022-02-07 05:00:00,302.4466552734375,315.92333984375,300.9033203125,307.92999267578125,60994500,300.88966369628906,320.54882965087893,336.94219848632815,273.33025016784666,306.3690221863257,316.3602925873533,327.6508301517522,43.29880634285588,-12.414187037960914,-11.64715628008647,-0.7670307578744442,-8.926297507104675,320.54882965087893,371.088511814065,270.00914748769287,21.3511962890625,72.56340077195401,0.0,0.0,0.0,0.0,0.0
2022-02-08 05:00:00,307.3333435058594,308.7633361816406,298.26666259765625,301.84332275390625,50729100,301.00966491699216,318.28016357421876,335.8760650634766,273.6365835571289,306.54435333533183,315.5005831510205,326.85406596956034,45.186300459806006,-11.582359219246996,-11.634196867918575,0.05183764867157947,-2.320157169246473,318.28016357421876,366.77393589134107,269.78639125709645,20.680243355887278,71.81349560388715,0.0,0.0,0.0,0.0,0.0
2022-02-09 05:00:00,310.6666564941406,315.42333984375,306.6666564941406,311.6666564941406,52259400,300.82933044433594,316.07349700927733,334.5094647216797,274.01535018920896,307.2938630005698,315.0402091836986,326.21926559797527,46.49468815273912,-10.532744260001436,-11.413906346335148,0.8811620863337115,0.21505048198084964,316.07349700927733,361.489002503956,270.6579915145987,20.17095947265625,71.94169337226667,0.0,0.0,0.0,0.0,0.0
2022-02-10 05:00:00,301.51666259765625,314.60333251953125,298.8999938964844,302.7900085449219,66126900,303.3443298339844,312.7123306274414,332.90806457519534,274.3656002044678,306.24346292731275,313.7522523659803,325.25053606855096,43.430130058499664,-10.320279126864762,-11.19518090244107,0.8749017755763084,-1.5080581658928782,312.7123306274414,351.1266694864555,274.2979917684273,19.767626081194198,70.3693799953707,0.0,0.0,0.0,0.0,0.0
2022-02-11 05:00:00,286.6666564941406,305.32000732421875,283.5666809082031,303.2099914550781,79645800,303.79932861328126,309.8529968261719,331.3413977050781,274.6706001281738,302.6840435758269,311.1726718067575,323.73744275190745,38.943780219793986,-11.220823693184968,-11.20030946058985,-0.020514232595118642,-8.257863035094093,309.8529968261719,346.9999061368797,272.70608751546405,19.120720999581472,68.63751975738546,0.0,0.0,0.0,0.0,0.0
2022-02-14 05:00:00,291.9200134277344,299.6266784667969,284.3833312988281,287.19000244140625,67756500,301.7673309326172,306.9554977416992,329.9491314697266,274.9478002166748,300.7269471852646,309.33908529446956,322.48970042546927,41.255648471624,-11.37943470977956,-11.236134510427792,-0.14330019935176708,5.627793250053581,306.9554977416992,339.74449737752167,274.16649810587677,19.065484183175222,68.67918189175656,0.0,0.0,0.0,0.0,0.0
2022-02-15 05:00:00,307.4766540527344,307.6666564941406,297.7933349609375,300.0,57286200,301.47333068847655,305.15416412353517,329.3321978759766,275.3436834716797,301.9541666157136,309.1617108904948,321.90095350889146,47.584910735782586,-10.13303685571799,-11.015514979485832,0.882478123767843,8.989183612693473,305.15416412353517,333.0880885216387,277.2202397254316,18.245243617466517,71.90003379651023,0.0,0.0,0.0,0.0,0.0
2022-02-16 05:00:00,307.7966613769531,308.80999755859375,300.4033203125,304.6833190917969,51294300,302.0643310546875,303.94983062744143,328.76139770507814,275.7600000762939,303.0164383904844,309.0317061749194,321.34784401352135,47.70971710575339,-9.015510467205388,-10.615514077029744,1.6000036098243555,-1.4230492558261365,303.94983062744143,328.9549697151459,278.94469153973694,16.264530726841517,71.07702232348103,0.0,0.0,0.0,0.0,0.0
2022-02-17 05:00:00,292.1166687011719,306.1666564941406,291.3666687011719,304.4200134277344,55178400,301.5713317871094,301.95116424560547,327.59206420898437,276.10235008239744,301.0346620833366,307.42075022503866,320.2015234130371,42.38427354525627,-9.28804037094352,-10.3500193358125,1.0619789648689792,-5.895298274148564,301.95116424560547,323.65846162458547,280.24386686662547,15.878814697265625,73.07641693261728,0.0,0.0,0.0,0.0,0.0
2022-02-18 05:00:00,285.6600036621094,295.6233215332031,279.2033386230469,295.3333435058594,68501700,299.35999755859376,300.5024978637695,326.1788641357422,276.4247501373291,298.23926964311346,305.34829817142634,318.84695401103994,40.38524607213682,-9.91077593543912,-10.262170655737822,0.35139472029870333,-5.3750815539724055,300.5024978637695,322.51122328130697,278.4937724462321,14.869766235351562,71.24448450678769,0.0,0.0,0.0,0.0,0.0
2022-02-22 05:00:00,273.84332275390625,285.57666015625,267.0333251953125,278.0433349609375,83288100,296.4996643066406,298.69466400146484,324.96373046875,276.6733500671387,293.80364293598484,302.3478243221387,317.08210572644646,36.950415785515986,-11.228372066277359,-10.45541093784573,-0.7729611284316285,-7.811344694294265,298.69466400146484,323.2151936563152,274.1741343466145,15.278812953404017,72.40180766568398,0.0,0.0,0.0,0.0,0.0
2022-02-23 05:00:00,254.67999267578125,278.4333190917969,253.52000427246094,276.80999755859375,95256900,291.2343292236328,296.1219970703125,323.2771301269531,276.89835006713867,286.69025197958416,297.8080308320094,314.6349640381851,32.17164717185514,-13.661416766855382,-11.096612103647661,-2.5648046632077204,-17.250796396313493,296.1219970703125,327.26023890658547,264.9837552340395,16.056192670549667,75.95948694021058,0.0,0.0,0.0,0.0,0.0
2022-02-24 05:00:00,266.92333984375,267.49334716796875,233.3333282470703,233.4633331298828,135322200,286.85999755859376,293.8446640014648,322.17286376953126,277.2043000793457,283.096267954887,294.8666316902704,312.76391995212884,37.71407983375694,-14.435285441751205,-11.764346771268372,-2.6709386704828333,-11.745316012032402,293.8446640014648,326.57042215877567,261.11890584415397,17.15143040248326,77.93016027869106,0.0,0.0,0.0,0.0,0.0
2022-02-25 05:00:00,269.9566650390625,273.1666564941406,260.79998779296875,269.74334716796875,76067700,283.70399780273436,293.5241638183594,321.1819305419922,277.570933380127,280.7072492429189,292.4942539139649,311.085204073185,39.04305192661,-14.635113471268596,-12.338500111268417,-2.2966133600001797,-12.161608643054468,293.5241638183594,327.08552691242164,259.96280072429715,16.717383248465403,66.61937837138463,0.0,0.0,0.0,0.0,0.0
2022-02-28 05:00:00,290.1433410644531,292.28668212890625,271.57000732421875,271.6700134277344,99006900,284.0516662597656,293.9254974365234,320.47819763183594,278.06883338928225,282.4229023013797,292.2703574521066,310.2639545434308,47.12808080790968,-13.014558843124064,-12.473711857639547,-0.5408469854845173,-6.606217629304734,293.9254974365234,327.10225478785327,260.74874008519356,17.239525931222097,71.4704629619696,0.0,0.0,0.0,0.0,0.0
2022-03-01 05:00:00,288.1233215332031,296.6266784667969,284.59332275390625,289.8933410644531,74766900,283.6719970703125,292.7196640014648,320.06119750976563,278.526549987793,283.4593421617112,291.8754016503063,309.3956944253827,46.46395557860212,-11.757720634470957,-12.330513613005829,0.5727929785348724,-4.441990352727265,292.7196640014648,324.82959277571825,260.6097352272114,17.349288940429688,59.89516519853283,0.0,0.0,0.0,0.0,0.0
2022-03-02 05:00:00,293.2966613769531,295.49334716796875,281.42333984375,290.7099914550781,74643300,282.2539978027344,291.8636642456055,319.7099975585937,279.03164993286134,285.24794565539156,292.0107597195107,308.7643597960326,48.46684547594204,-10.22633913719892,-11.909678717844447,1.6833395806455265,2.3127924830518287,291.8636642456055,322.88138556070675,260.84594293050424,17.728812081473215,60.357038625820266,0.0,0.0,0.0,0.0,0.0
2022-03-03 05:00:00,279.7633361816406,295.4800109863281,277.5333251953125,292.92333984375,61623600,279.45066528320314,290.7574981689453,319.3056640625,279.4673499298096,284.2507439328914,290.84433843018974,307.62706475233097,43.845638815324975,-9.989580838538302,-11.525659141983219,1.536078303444917,-4.164386368495143,290.7574981689453,321.8480480697861,259.6669482681045,17.889051164899552,61.74357444480821,0.0,0.0,0.0,0.0,0.0
2022-03-04 05:00:00,279.42999267578125,285.2166748046875,275.0533447265625,283.0333251953125,66999600,278.18199768066404,289.87666473388674,318.6373974609375,279.92539985656737,283.3742437043259,289.75725788215084,306.5212972199173,43.73502428669971,-9.71683657266442,-11.16389462811946,1.4470580554550398,-9.121558013358289,289.87666473388674,321.21420686849973,258.53912259927375,17.061194283621653,61.55509399601602,0.0,0.0,0.0,0.0,0.0
2022-03-07 05:00:00,268.1933288574219,288.71331787109375,268.19000244140625,285.4333190917969,72494100,276.4353302001953,287.89766387939454,317.2754638671875,280.288399810791,280.61407736852516,287.7035503559862,305.0182396370744,40.065680782989595,-10.288786907445285,-10.988873083984625,0.7000861765393402,-12.866719327741427,287.89766387939454,319.4746185576345,256.32070920115456,17.43833487374442,61.193043107856646,0.0,0.0,0.0,0.0,0.0
2022-03-08 05:00:00,274.79998779296875,283.3299865722656,260.72332763671875,265.1766662597656,80399100,276.53099670410154,286.5153305053711,315.65813049316404,280.6942664337158,279.55697017296944,286.47463963569885,303.8332101529918,43.0890025977714,-10.092618087615165,-10.809622084710734,0.7170039970955688,-5.9280016389334005,286.5153305053711,317.83004328828343,255.20061772245873,17.928336007254465,61.9850457365041,0.0,0.0,0.0,0.0,0.0
2022-03-09 05:00:00,286.3233337402344,286.85333251953125,277.336669921875,279.82666015625,59184000,279.69533081054686,285.46483001708987,314.0916638183594,281.1151497650146,280.7872180942903,286.4602295504165,303.14654833288364,48.01473132421373,-8.904667704916676,-10.428631208751924,1.5239635038352475,0.23220964419983225,285.46483001708987,315.2092838872579,255.72037614692184,18.188812255859375,63.75011981207188,0.0,0.0,0.0,0.0,0.0
2022-03-10 05:00:00,279.4333190917969,284.8166809082031,270.1199951171875,283.8166809082031,58648500,280.9463287353516,283.90316314697264,312.42386352539063,281.50449966430665,280.5410546392915,285.7909999829289,302.21661777440966,45.480060557048716,-8.422090451624626,-10.027323057326464,1.605232605701838,2.0413119011538416,283.90316314697264,311.2602580379924,256.5460682559529,18.172622680664062,63.96532339727449,0.0,0.0,0.0,0.0,0.0
2022-03-11 05:00:00,265.1166687011719,281.26666259765625,264.5899963378906,280.0666809082031,67037100,280.4623291015625,282.0831634521484,310.48493041992185,281.7981996917725,277.7366208323606,283.822016051333,300.7617178107533,40.67518100701647,-9.090093598278997,-9.839877165516972,0.7497835672379747,4.097956779304979,282.0831634521484,309.34948961712956,254.81683728716732,18.19095720563616,65.53960056610558,0.0,0.0,0.0,0.0,0.0
2022-03-14 04:00:00,255.4566650390625,266.8999938964844,252.01333618164062,260.2033386230469,71152200,276.99366149902346,280.52266387939454,308.4584637451172,282.0240663146973,273.68571977903366,281.1205540501644,298.9850490746085,37.77523941333654,-10.280465659463914,-9.927994864306362,-0.35247079515755253,-4.295868173760975,280.52266387939454,310.1542913920679,250.89103636672118,17.923812866210938,64.55820734567969,0.0,0.0,0.0,0.0,0.0
2022-03-15 04:00:00,267.2966613769531,268.5233459472656,252.19000244140625,258.42333984375,66841200,274.91099548339844,279.29149627685547,306.75919677734373,282.3185163116455,272.5240727968372,279.8039928431919,297.7423672041122,43.127317376599706,-10.151435906549523,-9.972683072754995,-0.1787528337945279,-0.9853446892020501,279.29149627685547,308.97534089996867,249.6076516537423,17.310957772391184,66.6319181272324,0.0,0.0,0.0,0.0,0.0
2022-03-16 04:00:00,280.07666015625,280.6666564941406,267.4200134277344,269.6666564941406,84028800,273.5889953613281,277.92149658203124,304.36219665527346,282.67906631469725,273.89727049854855,279.82996115872123,297.0495943787059,48.296729314023274,-8.915171258407213,-9.761180709885439,0.8460094514782259,-3.4695543489887903,277.92149658203124,304.4943195817697,251.3486735822928,15.825956072126116,66.0376552426227,0.0,0.0,0.0,0.0,0.0
2022-03-17 04:00:00,290.5333251953125,291.6666564941406,275.239990234375,276.9966735839844,66582900,274.66599426269534,277.0583297729492,302.5089300537109,283.12319961547854,276.922007716142,280.8493291622061,296.7940544107297,52.13064101801774,-7.010840533716248,-9.211112674651602,2.200272140935354,0.8364486599991006,277.0583297729492,300.4797661573894,253.63689338850904,16.115955897739955,67.6305243890711,0.0,0.0,0.0,0.0,0.0
2022-03-18 04:00:00,301.7966613769531,302.6166687011719,289.1300048828125,291.4966735839844,100414200,276.9026611328125,277.5423294067383,301.29072998046877,283.67744956970216,281.4446720181076,282.8443131826582,296.9902350760718,55.92207714661336,-4.540448156192554,-8.276979770959793,3.736531614767239,2.898089586187136,277.5423294067383,302.61579559726925,252.46886321620732,15.484287806919642,66.51109957270303,0.0,0.0,0.0,0.0,0.0
2022-03-21 04:00:00,307.0533447265625,314.2833251953125,302.36334228515625,304.99334716796875,81981600,280.7886627197266,278.61199645996095,300.3337969970703,284.21429962158203,286.1007943287358,285.1499352344586,297.38486682707145,57.60957547602677,-2.133875990287038,-7.048359014825243,4.914483024538205,9.75467654818194,278.61199645996095,306.7782080025061,250.4457849174158,15.516666957310267,66.05273798722524,0.0,0.0,0.0,0.0,0.0
2022-03-22 04:00:00,331.32666015625,332.6199951171875,307.25,310.0,105868500,286.4413299560547,281.4861633300781,300.11393005371093,284.86238288879395,294.32367902464745,289.5477185603435,298.71591754586274,64.3892037423451,1.7122655527797406,-5.296234101304246,7.008499654083987,18.572332548669436,281.4861633300781,318.07555584207216,244.89677081808406,16.337855747767858,68.75192577405504,0.0,0.0,0.0,0.0,0.0
2022-03-23 04:00:00,333.03668212890625,346.8999938964844,325.4666748046875,326.64666748046875,120676200,291.1126647949219,285.40399780273435,299.7205303955078,285.52158294677736,301.3624068617854,293.68952461449237,300.0618298824527,64.81611653034122,4.842523323054991,-3.2684826164323986,8.11100593948739,24.177839750054588,285.40399780273435,326.4203462123061,244.38764939316263,16.586900983537948,61.9263530962892,0.0,0.0,0.0,0.0,0.0
2022-03-24 04:00:00,337.97332763671875,341.4966735839844,329.6000061035156,336.57666015625,68920800,296.96666564941404,288.9564971923828,299.3839971923828,286.2134828948975,308.01893791177326,297.9070296642282,301.54855528458074,66.08034015795772,7.633625510383297,-1.0880609910692596,8.721686501452556,22.988843759099463,288.9564971923828,335.20687678090485,242.70611760386078,16.710710797991073,60.626573962608035,0.0,0.0,0.0,0.0,0.0
2022-03-25 04:00:00,336.8800048828125,340.6000061035156,332.44000244140625,336.0,62031600,304.14299926757815,292.3026641845703,298.7467974853516,286.8810162353516,313.2664046337804,301.61874158980766,302.93410232764865,65.51884311030994,9.646176970110844,1.0587866011667613,8.587390368944082,17.657195619427046,292.3026641845703,342.2972869566867,242.30804141245386,15.82761710030692,60.88559266674051,0.0,0.0,0.0,0.0,0.0
2022-03-28 04:00:00,363.9466552734375,365.9599914550781,351.20001220703125,355.0333251953125,102506100,314.99199829101565,295.99282989501955,299.1486639404297,287.684266204834,322.48099565917255,307.55473336920096,305.3267514627776,71.88747170974935,13.272197353250874,3.501468751583584,9.77072860166729,30.244545087293993,295.99282989501955,355.3371388537389,236.64852093630023,16.28999764578683,61.67602138481008,0.0,0.0,0.0,0.0,0.0
2022-03-29 04:00:00,366.5233459472656,371.5899963378906,357.7033386230469,369.3299865722656,73614900,324.9146667480469,299.91283111572267,299.48173095703123,288.48739959716795,330.4886957115531,313.170791709969,307.7266179131497,72.40990370442056,16.167394375523486,6.034653876371564,10.132740499151922,38.24983081708642,299.91283111572267,366.92986684282386,232.89579538862148,16.420948573521205,61.300513124759206,0.0,0.0,0.0,0.0,0.0
2022-03-30 04:00:00,364.663330078125,371.3166809082031,361.3333435058594,363.72332763671875,59865000,333.3733337402344,303.4811645507813,299.9049310302734,289.311782913208,336.70226559638434,318.07484298312676,309.95943015491343,71.37871620298397,18.103089986027555,8.448341098302762,9.654748887724793,42.74958534449021,303.4811645507813,376.3585496252208,230.60377947634177,15.976662772042411,61.588415393791784,0.0,0.0,0.0,0.0,0.0
2022-03-31 04:00:00,359.20001220703125,367.71331787109375,358.8800048828125,364.8566589355469,48992700,340.24000244140626,307.45299835205077,300.4512646484375,290.0996662902832,340.7927649801383,321.9915257663558,311.89043337264354,68.30193114990543,18.977537372220922,10.554180353086394,8.423357019134528,34.382528519678026,307.45299835205077,383.4783864790137,231.42761022508785,15.41642325265067,58.63219469742146,0.0,0.0,0.0,0.0,0.0
2022-04-01 04:00:00,361.5299987792969,364.9166564941406,355.5466613769531,360.3833312988281,54263100,346.2133361816406,311.55799865722656,301.0400646972656,290.8796495819092,344.56317112543985,325.75709462473117,313.8370829964339,68.91729066949526,19.63224536577576,12.369793355624267,7.262452010151492,29.082515686100162,311.55799865722656,390.03876514750044,233.07723216695268,15.022375924246651,58.4450376327399,0.0,0.0,0.0,0.0,0.0
2022-04-04 04:00:00,381.8166809082031,383.3033447265625,357.510009765625,363.1266784667969,82035900,353.6896697998047,317.2391662597656,302.3837316894531,291.74988296508786,351.3365365404877,331.0961028422047,316.5029495812091,73.70391648730647,21.539774757154248,14.203789635930264,7.335985121223985,31.419237587125302,317.2391662597656,398.8887647124013,235.5895678071299,15.698089599609375,56.656722296201735,0.0,0.0,0.0,0.0,0.0
2022-04-05 04:00:00,363.7533264160156,384.2900085449219,362.4333190917969,378.76666259765625,80075100,356.9323364257813,321.686833190918,303.45879821777345,292.53393295288083,353.59413469967456,334.2063146111391,318.35590553551526,64.22066107285642,21.347858967465413,15.632603502237295,5.715255465228118,20.52927449773103,321.686833190918,403.29368121240446,240.0799851694315,16.30428205217634,61.18362667939877,0.0,0.0,0.0,0.0,0.0
2022-04-06 04:00:00,348.586669921875,359.6666564941406,342.5666809082031,357.8233337402344,89348400,358.4873352050781,324.8,304.30786499023435,293.2373496246338,352.68368655825645,335.5758722597806,319.5414257075294,57.52767622134493,19.744341417977523,16.454951085385343,3.2893903325921805,13.5264200532643,324.8,405.47172827693305,244.128271723067,16.644280569893972,63.427942655590876,0.0,0.0,0.0,0.0,0.0
2022-04-07 04:00:00,352.4200134277344,358.86334228515625,340.5133361816406,350.7966613769531,79447200,359.9320037841797,328.4493347167969,305.106865234375,293.9051663208008,352.6357459890706,337.1800761805381,320.83078208871393,58.69926557255882,18.568811293712542,16.877723127050782,1.6910881666617605,6.366331420941784,328.4493347167969,407.05699914524934,249.84167028834446,16.991662161690847,62.09085942797585,0.0,0.0,0.0,0.0,0.0
2022-04-08 04:00:00,341.8299865722656,349.4800109863281,340.8133239746094,347.7366638183594,55013700,360.427001953125,332.2850006103516,306.4161315917969,294.48128288269044,350.6710624587424,337.62292478927407,321.65428030375523,54.247302564164265,16.59141305638815,16.820461112918256,-0.2290480565301074,2.640341114122613,332.2850006103516,405.15807254150985,259.4119286791933,16.928806849888392,59.6178284131399,0.0,0.0,0.0,0.0,0.0
2022-04-11 04:00:00,325.30999755859375,336.15667724609375,324.8800048828125,326.79998779296875,59357100,356.56333618164064,335.7776672363281,307.2799981689453,294.9880495452881,346.05995974962445,336.4502650530188,321.7976417647293,48.11658821835431,13.535259609457853,16.163420812226178,-2.628161202768325,-3.7468430324586355,335.7776672363281,399.23405097717415,272.3212834954821,16.313330514090403,61.069259740614356,0.0,0.0,0.0,0.0,0.0
2022-04-12 04:00:00,328.98333740234375,340.39666748046875,325.5333251953125,332.5466613769531,65976000,352.80933532714846,338.8620010375977,307.6148651123047,295.4850995635986,342.95511932284614,335.73912908628785,322.0794337505181,49.48368921039875,11.2796193794901,15.186660525678963,-3.9070411461888632,-2.3440594176005525,338.8620010375977,393.7170972023102,284.0069048728852,15.859998430524554,59.773124422246774,0.0,0.0,0.0,0.0,0.0
2022-04-13 04:00:00,340.7900085449219,342.0799865722656,324.3666687011719,327.02667236328125,55121100,350.4220031738281,341.8976684570313,308.22233215332034,296.0544496154785,342.561462817769,336.22016522520533,322.8131817816712,53.70597881636375,10.32567992431376,14.214464405405923,-3.888784481092163,-6.362648589562603,341.8976684570313,389.26372972273015,294.5316071913324,16.27547345842634,58.945949277577284,0.0,0.0,0.0,0.0,0.0
2022-04-14 04:00:00,328.3333435058594,337.57000732421875,327.39666748046875,333.0966796875,58422300,347.33533630371096,343.7876693725586,308.75126586914064,296.56328300476076,339.9745320337854,335.4690393471724,323.0296587120315,49.04800794710129,8.466925819001801,13.0649566881251,-4.598030869123299,-10.419527941038965,343.7876693725586,385.1616656367585,302.41367310835864,16.649283272879465,60.30448670917659,0.0,0.0,0.0,0.0,0.0
2022-04-18 04:00:00,334.7633361816406,338.3066711425781,324.4700012207031,329.6766662597656,51715200,344.65867004394534,345.43600311279295,309.5055993652344,297.10723304748535,339.02704187885,335.40182952188366,323.48980292652595,51.39158361119469,7.427081695597451,11.937381689619572,-4.510299994022121,-8.199342086323469,345.43600311279295,382.12800624929315,308.74399997629274,15.560474940708705,59.33274685952406,0.0,0.0,0.0,0.0,0.0
2022-04-19 04:00:00,342.7166748046875,344.9800109863281,331.77667236328125,335.0199890136719,49847700,340.74866943359376,347.2191696166992,310.2044659423828,297.68931640625,339.6978842290023,336.0984814535792,324.24379790214016,54.197840624208595,7.162204261770455,10.98234620404975,-3.820141942279294,-4.588902238912862,347.2191696166992,379.22414397790754,315.2141952554909,15.511666434151786,59.53900793420368,0.0,0.0,0.0,0.0,0.0
2022-04-20 04:00:00,325.73333740234375,344.6666564941406,325.0833435058594,343.3333435058594,70711200,336.94667053222656,346.9395034790039,310.6701995849609,298.21868309020994,337.15887571506437,335.11132487727104,324.3022112158736,47.84573837858246,5.518262499334185,9.889529463106635,-4.371266963772451,-9.901435979813645,346.9395034790039,379.61982812264074,314.2591788353671,16.197378976004465,56.057744459657755,0.0,0.0,0.0,0.0,0.0
2022-04-21 04:00:00,336.260009765625,364.0733337402344,332.1400146484375,358.24334716796875,105416400,335.71400451660156,347.10066986083984,311.24873291015626,298.82556648254393,336.99544554243903,335.22072343806667,324.7711444923345,51.62986409242938,5.007122304190489,8.913048031323406,-3.9059257271329173,-11.931556011176713,347.10066986083984,379.523081998102,314.6782577235777,18.304999215262278,57.22286825052141,0.0,0.0,0.0,0.0,0.0
2022-04-22 04:00:00,335.01666259765625,344.95001220703125,331.3333435058594,338.3033447265625,69696600,333.9736694335937,346.95283660888674,311.73573303222656,299.41263313293456,336.63566682520576,335.20128907231333,325.1729295160726,51.157721764473855,4.450410727026963,8.020520570464118,-3.570109843437155,-7.900041520305978,346.95283660888674,379.57681424189576,314.3288589758777,18.608333042689733,57.01081653024103,0.0,0.0,0.0,0.0,0.0
2022-04-25 04:00:00,332.67333984375,336.2066650390625,325.1000061035156,326.3233337402344,68341200,333.05800476074216,346.7425033569336,312.35886657714843,299.9810831451416,335.91524373766833,334.96053200292636,325.4670632544129,50.22549711403831,3.7765920269201843,7.171734861755331,-3.3951428348351467,-4.565100002731459,346.7425033569336,379.69253216034497,313.7924745535222,17.55928475516183,57.05619324315477,0.0,0.0,0.0,0.0,0.0
2022-04-26 04:00:00,292.1400146484375,333.3333435058594,291.6666564941406,331.80999755859375,136133700,329.7410064697266,343.1521713256836,312.46833374023436,300.2989498901367,327.95611117599003,330.88238749297506,324.16012017182567,37.49714029505629,-0.027794343751565975,5.731829020653952,-5.759623364405518,-17.104590114788586,343.1521713256836,383.11198044828404,303.1923622030831,18.97428458077567,64.00059778302679,0.0,0.0,0.0,0.0,0.0
2022-04-27 04:00:00,293.836669921875,306.0,292.4533386230469,299.52667236328125,76956300,326.22633972167966,339.51783752441406,312.5066668701172,300.65389991760253,321.7525764025146,327.35422391477505,322.9709652600629,38.203101504130075,-2.872776471681675,4.010907922186827,-6.883684393868502,-14.04011307833125,339.51783752441406,383.5426495984448,295.4930254503833,18.450951712472097,63.956808712228664,0.0,0.0,0.0,0.0,0.0
2022-04-28 04:00:00,292.5033264160156,300.0,273.8999938964844,299.99334716796875,124948500,321.3976715087891,335.9098373413086,312.2072003173828,301.0274498748779,316.43453095042383,324.0350908196551,321.77615589362966,37.84137446418704,-5.1753764644398075,2.1736510448615,-7.349027509301307,-10.084741135774378,335.9098373413086,382.97997431246745,288.8397003701498,19.004523141043528,63.96279146388066,0.0,0.0,0.0,0.0,0.0
2022-04-29 04:00:00,290.2533264160156,311.4666748046875,290.0,300.75,88133100,317.5896697998047,332.46250305175784,311.85633361816406,301.3943831634522,311.67431194416775,320.8177799240704,320.5399665023507,37.20124911442326,-7.0999163281171604,0.31893757026576774,-7.418853898382928,-11.772636052676933,332.46250305175784,382.36449540585454,282.56051069766113,19.708807809012278,63.94231667578336,0.0,0.0,0.0,0.0,0.0
2022-05-02 04:00:00,300.9800109863281,302.1199951171875,282.6766662597656,286.92333984375,75781500,314.2113372802734,329.43500366210935,312.0336004638672,301.825583190918,309.7298935881969,318.92846859666633,319.772909423291,42.21944391570887,-7.671146041023235,-1.279079151992033,-6.392066889031202,-11.681679791192035,329.43500366210935,379.2587032479753,279.6113040762434,19.88690403529576,65.85771192429804,0.0,0.0,0.0,0.0,0.0
2022-05-03 04:00:00,303.0833435058594,308.02667236328125,296.1966552734375,301.05999755859375,63709500,310.2480041503906,325.4983367919922,312.3820672607422,302.26396659851076,308.5214299368628,317.4194090642085,319.11841664221527,43.17826616287784,-7.863483010647769,-2.5959599237231803,-5.267523086924589,-7.690355091684253,325.4983367919922,370.0594194183529,280.9372541656315,19.654285975864955,61.66226394403128,0.0,0.0,0.0,0.0,0.0
2022-05-04 04:00:00,317.5400085449219,318.5,295.09332275390625,301.3133239746094,81643800,309.4286712646484,323.1876708984375,313.2560009765625,302.7508332824707,310.1611715019644,317.4308947290383,319.05651828545865,49.394138331156796,-6.771323789879659,-3.4310326969544764,-3.340291092925183,-5.144926512314796,323.1876708984375,364.0343292630283,282.34101253384665,20.06095450265067,63.38599288506527,0.0,0.0,0.0,0.0,0.0
2022-05-05 04:00:00,291.09332275390625,315.20001220703125,285.8999938964844,313.00665283203125,92519100,304.91200256347656,320.31300354003906,313.984267578125,303.1141499328613,306.69428991140836,314.92255454093043,317.9599223822605,40.63642198286519,-7.948184534260577,-4.334463064415697,-3.6137214698448794,-15.062982295857397,320.31300354003906,361.72187344131953,278.9041336387586,21.364288330078125,68.04219992011382,0.0,0.0,0.0,0.0,0.0
2022-05-06 04:00:00,288.54998779296875,296.0,281.03668212890625,295.6666564941406,72903000,300.2653350830078,317.11950225830077,314.4168005371094,303.47479988098144,303.39532588987385,312.41088151731503,316.80659161405305,39.90368940400836,-8.982535945867312,-5.26407764070602,-3.718458305161292,-11.415272967116152,317.11950225830077,357.9499836032117,276.28902091338983,21.44476318359375,67.66860381412579,0.0,0.0,0.0,0.0,0.0
2022-05-09 04:00:00,262.3699951171875,281.8766784667969,260.3833312988281,278.8166809082031,90810300,293.23500061035156,313.14650268554686,314.2650671386719,303.71434982299803,295.9361748402945,307.645082812541,314.6718231239799,33.256255457816266,-11.778992610625835,-6.567060634689984,-5.211931975935851,-21.97407140383396,313.14650268554686,359.00685126831866,267.2861541027751,22.51357160295759,73.35533989037745,0.0,0.0,0.0,0.0,0.0
2022-05-10 04:00:00,266.67999267578125,275.1199951171875,258.0833435058594,273.10333251953125,84401700,290.6889984130859,310.2150024414062,313.7958001708984,303.95171646118166,290.61686899220115,303.74364565665906,312.7897905573839,35.17096423492828,-13.491897683917784,-7.9520280445355445,-5.53986963938224,-20.397991369147228,310.2150024414062,360.11886167191255,260.3111432108999,22.33166721888951,72.71016221928497,0.0,0.0,0.0,0.0,0.0
2022-05-11 04:00:00,244.6666717529297,269.92333984375,242.39999389648438,265.0,97224600,285.7719985961914,305.99916915893556,312.92666717529295,304.10041648864745,282.26228767596996,298.11726718963723,310.1182957023073,30.377615137362596,-16.436211901181196,-9.648864815864675,-6.7873470853165205,-26.454379582131615,305.99916915893556,362.97237669868423,249.02596161918692,21.559049333844865,76.77899391154266,0.0,0.0,0.0,0.0,0.0
2022-05-12 04:00:00,242.6666717529297,253.22000122070312,226.6666717529297,233.6666717529297,140313000,280.7883331298828,301.09300231933594,311.9140673828125,304.2354498291016,275.0630847808717,292.836258100427,307.4731339788023,29.977868654681075,-18.715247690761544,-11.46214139084405,-7.253106299917494,-16.934805372363737,301.09300231933594,362.2010835384435,239.98492110022832,22.483096531459264,74.57847573028717,0.0,0.0,0.0,0.0,0.0
2022-05-13 04:00:00,256.5299987792969,262.45001220703125,250.52333068847656,257.82666015625,92150700,277.41600036621094,297.5028350830078,311.44940063476565,304.3891831207275,271.69343278058534,289.37851911746225,305.4753639709786,36.24104082290786,-19.1816314361555,-13.006039399906339,-6.17559203624916,-12.696397339548259,297.5028350830078,360.286469616204,234.71920054981166,23.102859497070312,78.42556348106977,0.0,0.0,0.0,0.0,0.0
2022-05-16 04:00:00,241.4566650390625,256.586669921875,239.69667053222656,255.72000122070312,86098500,271.4636657714844,292.8375015258789,310.68993408203124,304.4511331176758,266.195838645763,284.8145330147575,302.9648267579623,32.80523430875975,-20.530868897594985,-14.511005299444069,-6.019863598150916,-17.451651576895756,292.8375015258789,357.7925452912699,227.8824577604879,21.33309609549386,79.29158746664065,0.0,0.0,0.0,0.0,0.0
2022-05-17 04:00:00,253.8699951171875,254.82666015625,242.9499969482422,249.1199951171875,80236200,266.5423309326172,288.3951675415039,310.4034674072266,304.53769973754885,263.954776186022,281.8674341673699,301.03953924263783,38.016772175183384,-20.36375660163486,-15.681555559882227,-4.682201041752634,-12.535026470869948,288.3951675415039,351.10057254540015,225.68976253760763,21.298096793038503,81.65536565949347,0.0,0.0,0.0,0.0,0.0
2022-05-18 04:00:00,236.60333251953125,253.5,233.60333251953125,248.17333984375,87811800,258.44866333007815,283.9386672973633,309.6395343017578,304.5378163909912,258.9817864284782,277.5565673437662,298.51262917506506,34.05968299795464,-21.37816014846902,-16.820876477599587,-4.557283670869435,-21.389021236271123,283.9386672973633,348.1224404347232,219.75489416000337,20.881429399762833,82.98570110462403,0.0,0.0,0.0,0.0,0.0
2022-05-19 04:00:00,236.47332763671875,244.6666717529297,231.3699951171875,235.6666717529297,90296700,252.98666381835938,278.94933319091797,308.6425341796875,304.5353163909912,254.889339375431,273.6438778478569,296.0797153892476,34.03096125713438,-21.93966576529033,-17.844634335137734,-4.095031430152595,-21.97745844382005,278.94933319091797,341.5011407412372,216.39752564059876,20.297858101981028,81.32928028265535,0.0,0.0,0.0,0.0,0.0
2022-05-20 04:00:00,221.3000030517578,240.52667236328125,211.0,237.99667358398438,144973200,246.26166534423828,273.26350021362305,307.47986785888673,304.4507663726807,248.78218731658131,268.6587469148951,293.1471776505225,30.76960768888101,-23.33997479646868,-18.943702427403924,-4.396272369064757,-30.307993608165805,273.26350021362305,335.02498861926995,211.50201180797615,21.018096923828125,82.91743100457997,0.0,0.0,0.0,0.0,0.0
2022-05-23 04:00:00,224.96665954589844,226.65333557128906,212.68666076660156,218.33999633789062,88903500,242.52133178710938,267.87816619873047,306.67686767578124,304.4104329681397,244.4520913582753,264.49759573689545,290.47343184249803,32.4542051604804,-23.878603578668788,-19.9306826576569,-3.947920921011889,-22.716654089627497,267.87816619873047,326.53292095273866,209.22341144472227,21.17071533203125,83.79395355763293,0.0,0.0,0.0,0.0,0.0
2022-05-24 04:00:00,209.3866729736328,217.97332763671875,206.85667419433594,217.8433380126953,89092500,236.79199981689453,263.74049911499026,305.75546783447265,304.2677663421631,238.07656074288576,259.2489364261085,287.29355894567976,29.202568980417368,-25.271333278992984,-20.998812781924116,-4.272520497068868,-27.434870271467382,263.74049911499026,326.7058495263809,200.77514870359963,20.79238019670759,76.95051388354159,0.0,0.0,0.0,0.0,0.0
2022-05-25 04:00:00,219.60000610351562,223.10667419433594,207.6699981689453,207.9499969482422,92139300,234.28533325195312,260.02866592407224,304.8015347290039,304.18244972229,234.71718717209117,255.4728478239568,284.6389098146145,33.8794118595726,-25.2597720449088,-21.851004634521054,-3.408767410387746,-16.301402526828067,260.02866592407224,324.2635432143379,195.79378863380657,19.634998866489955,79.97155594988257,0.0,0.0,0.0,0.0,0.0
2022-05-26 04:00:00,235.91000366210938,239.55667114257812,217.8866729736328,220.47332763671875,106003200,233.6096664428711,257.19899978637693,303.9182015991211,304.18229972839356,234.934062897549,253.60971980854276,282.7279723184378,40.62486281074686,-23.661771021565812,-22.213157911930004,-1.448613109635808,-11.538169288567811,257.19899978637693,320.3879953699299,194.01000420282395,20.11404745919364,85.78821147726521,0.0,0.0,0.0,0.0,0.0
2022-05-27 04:00:00,253.2100067138672,253.26666259765625,240.17666625976562,241.0833282470703,89295000,233.2776672363281,255.34683380126953,303.1717352294922,304.2445997619629,238.2569617732432,253.57165189476413,281.5704050398272,46.821899511647345,-20.760068882093407,-21.922540105962685,1.1624712238692787,3.491826205722348,255.34683380126953,316.59825132066504,194.09541628187404,19.34190477643694,90.66990216673335,0.0,0.0,0.0,0.0,0.0
2022-05-31 04:00:00,252.75332641601562,259.6000061035156,244.7433319091797,257.9466552734375,101914500,234.40733337402344,252.9354995727539,302.19086853027346,304.3130830383301,240.89266443556545,253.49371613488333,280.4403235251679,46.683385863276825,-18.286503880545126,-21.195332860879173,2.9088289803340466,4.156588372941306,252.9354995727539,310.2963985398064,195.57460060570145,19.186192103794642,89.31156398066345,0.0,0.0,0.0,0.0,0.0
2022-06-01 04:00:00,246.7899932861328,257.32666015625,243.63999938964844,251.72000122070312,77247900,233.69933319091797,250.12083206176757,300.9856015014648,304.4034163665772,241.96490604475952,252.85526633976423,279.12070273148026,44.8188706649797,-16.6158398825074,-20.27943426520482,3.6635943826974184,-3.7968290412474515,250.12083206176757,302.4222044929836,197.8194596305515,18.197857448032924,89.32824573842659,0.0,0.0,0.0,0.0,0.0
2022-06-02 04:00:00,258.3333435058594,264.2099914550781,242.06666564941406,244.1566619873047,93473100,235.8723342895508,247.16049880981444,299.525735168457,304.58556640625,244.9409855831413,253.37698797463042,278.3055121736128,49.0600765300921,-14.196723742499586,-19.062892160663775,4.8661684181641895,6.989526863574702,247.16049880981444,289.0629869376644,205.2580106819645,17.882857186453684,89.2513855414697,0.0,0.0,0.0,0.0,0.0
2022-06-03 04:00:00,234.51666259765625,247.79666137695312,233.4166717529297,243.22666931152344,112393800,235.67666778564453,244.33166580200196,297.55533477783206,304.60983306884765,243.04565413123493,251.5807665101567,276.5883023863204,41.903812492910795,-14.03952497314782,-18.058218723160586,4.0186937500127655,-7.623324099643069,244.33166580200196,281.0664638161964,207.59686778780753,18.24952370779855,90.2880484183636,0.0,0.0,0.0,0.0,0.0
2022-06-06 04:00:00,238.27999877929688,244.86666870117188,234.35000610351562,244.35333251953125,84204600,237.37466735839843,241.81816635131835,295.5614682006836,304.67878303527834,242.17917133997344,250.3140267262653,275.0860159703587,43.310941260104805,-13.456159803488958,-17.13780693922626,3.6816471357373004,0.7086401708341183,241.81816635131835,272.1318758213794,211.50445688125728,17.794285365513392,90.73210786060721,0.0,0.0,0.0,0.0,0.0
2022-06-07 04:00:00,238.8866729736328,239.99667358398438,230.0933380126953,234.0,72808500,238.76666870117188,240.6440002441406,293.6016015625,304.7394497680664,241.58053527336602,249.22570732125266,273.66643389205575,43.548313712925165,-12.797365107444705,-16.269718572869948,3.4723534654252433,1.020557100892816,240.6440002441406,269.3842794449763,211.90372104330496,17.546666826520646,85.32545807420708,0.0,0.0,0.0,0.0,0.0
2022-06-08 04:00:00,241.86666870117188,249.9633331298828,239.17666625976562,240.086669921875,76210500,242.0146682739258,239.40333404541016,291.1600018310547,304.77161643981935,241.6325595329671,248.52484650029257,272.419384276727,44.77162818658248,-11.897656041310654,-15.39530606655809,3.4976500252474363,9.293567720649287,239.40333404541016,265.425002321944,213.38166576887627,16.890238080705917,85.21578890438299,0.0,0.0,0.0,0.0,0.0
2022-06-09 04:00:00,239.7066650390625,255.54666137695312,239.32666015625,249.33999633789062,96491400,244.02533416748048,239.15533370971679,288.6236682128906,304.789333114624,241.2823968977117,247.68501969446112,271.1365325419166,44.02689150122155,-11.229477936430158,-14.562140440532506,3.3326625041023483,6.552084439052952,239.15533370971679,265.06007213842736,213.2505952810062,17.099046979631698,80.00448291658022,0.0,0.0,0.0,0.0,0.0
2022-06-10 04:00:00,232.22999572753906,239.5,227.913330078125,235.1566619873047,97536600,243.65733337402344,238.63349990844728,285.9750015258789,304.76514976501466,239.6365057758621,246.21311264999235,269.6107860001763,41.45632397365066,-11.174434774421059,-13.884599307310218,2.7101645328891593,10.909635474643032,238.63349990844728,264.660603587114,212.60639622978056,15.832380022321429,80.73762541136836,0.0,0.0,0.0,0.0,0.0
2022-06-13 04:00:00,215.73666381835938,226.63333129882812,214.68333435058594,223.1666717529297,102767400,239.90999908447264,236.59383316040038,283.1057345581055,304.6752330780029,235.29107996540705,243.31059371364637,267.49807532637953,36.40651436900082,-12.319673192674145,-13.571614084383004,1.251940891708859,-1.7592632867847624,236.59383316040038,263.10489825947724,210.08276806132352,16.08809334891183,81.32209083444076,0.0,0.0,0.0,0.0,0.0
2022-06-14 04:00:00,220.88999938964844,226.3300018310547,211.73666381835938,218.2866668701172,97988700,236.72366638183593,235.56549987792968,280.2929345703125,304.5931497192383,232.67270167890547,241.17529901612275,265.6703076425861,38.91040950459993,-12.665452327297572,-13.390381732965919,0.7249294056683464,-6.366836522106068,235.56549987792968,262.8661171629814,208.26488259287794,15.83690425327846,79.66917931325852,0.0,0.0,0.0,0.0,0.0
2022-06-15 04:00:00,233.0,235.663330078125,218.14999389648438,220.9166717529297,119131800,235.34466705322265,234.52200012207032,277.31660095214846,304.5399663543701,232.73221046455902,240.39669910982536,264.38911910758276,44.445945650137574,-11.825986331919808,-13.077502652756698,1.25151632083689,-7.981519757512956,234.52200012207032,260.43699071799733,208.6070095261433,15.985237121582031,79.98826635872418,0.0,0.0,0.0,0.0,0.0
2022-06-16 04:00:00,213.10000610351562,225.1666717529297,208.69332885742188,222.73666381835938,107390700,230.8213333129883,233.34683380126953,274.30353454589846,304.3792663574219,229.16271876255112,237.79701406160538,262.37778134271736,38.30370628410841,-12.620979879056534,-12.986198098016665,0.3652182189601305,-15.688545379313112,233.34683380126953,260.94159519995594,205.7520724025831,16.173570905412948,82.0727418889287,0.0,0.0,0.0,0.0,0.0
2022-06-17 04:00:00,216.75999450683594,220.97000122070312,213.19667053222656,213.43333435058594,92641800,229.04566650390626,232.36116714477538,271.66700103759763,304.2395829772949,226.9076779887847,235.79348838972257,260.588848525624,39.94746246575797,-12.80804435385258,-12.95056734918385,0.14252299533126944,-12.168240040624156,232.36116714477538,260.87858220446475,203.843752085086,15.49595206124442,82.41003832732278,0.0,0.0,0.0,0.0,0.0
2022-06-21 04:00:00,237.0366668701172,243.57666015625,224.3333282470703,224.60333251953125,122793000,228.92133331298828,233.14800033569335,269.3593341064453,304.20411628723144,228.74931233084516,235.91188634023635,259.66523355874136,48.18398664078955,-11.1911318951108,-12.59868025836924,1.4075483632584405,-8.243874502115577,233.14800033569335,261.2456978820976,205.05030278928913,16.350237165178573,85.83913073680156,0.0,0.0,0.0,0.0,0.0
2022-06-22 04:00:00,236.086669921875,246.8333282470703,233.82666015625,234.50332641601562,101107500,228.6413330078125,233.7040008544922,267.2444677734375,304.16193298339846,230.08337734739604,235.9285323956305,258.74058400435445,47.852832285230434,-9.872569105413731,-12.05345802777814,2.1808889223644083,0.6694651487993752,233.7040008544922,261.5590829589679,205.84891875001648,16.301666259765625,85.77699891250415,0.0,0.0,0.0,0.0,0.0
2022-06-23 04:00:00,235.07000732421875,239.31666564941406,228.6366729736328,237.9066619873047,104202600,227.9616668701172,234.9881675720215,265.43966796875,304.0824163818359,230.990037343182,235.8467681031151,257.8123260953295,47.47677992650987,-8.808100470502154,-11.404386516322944,2.59628604582079,-1.3471510288412092,234.9881675720215,260.3823378550052,209.59399728903782,15.482856750488281,81.42706919561536,0.0,0.0,0.0,0.0,0.0
2022-06-24 04:00:00,245.7066650390625,246.06666564941406,236.086669921875,237.47000122070312,95770800,228.5616668701172,236.29350051879882,263.77413452148437,304.0544997406006,233.66578783334208,236.78580590653866,257.33759428920143,51.74905776988055,-7.025229551703546,-10.528555123399064,3.503325571695518,2.854906881382391,236.29350051879882,261.0326288838504,211.55437215374724,14.488570077078682,81.19661153888038,0.0,0.0,0.0,0.0,0.0
2022-06-27 04:00:00,244.9199981689453,252.07000732421875,242.56666564941406,249.36666870117188,89178300,229.8306671142578,236.74400024414064,261.85673431396486,304.02099975585935,235.71200789436085,237.56049088391072,256.8506297354659,51.41595639624922,-5.611087818047821,-9.545061662328814,3.9339738442809935,1.2624019192763791,236.74400024414064,261.78008634764586,211.7079141406354,14.416190011160714,77.22874691212247,0.0,0.0,0.0,0.0,0.0
2022-06-28 04:00:00,232.663330078125,249.97000122070312,232.3433380126953,244.48333740234375,90391200,231.52333374023436,235.7166664123535,259.94333404541015,303.95719970703124,235.15770283686342,237.09409461669304,255.90210818027603,46.40412124093874,-5.416937899288456,-8.719436909720743,3.302499010432287,-2.9383141932201706,235.7166664123535,259.56593359283806,211.86739923186897,14.967856270926339,74.70433468907412,0.0,0.0,0.0,0.0,0.0
2022-06-29 04:00:00,228.49000549316406,231.17333984375,222.27333068847656,230.5,82897200,232.28333435058593,234.50350036621094,257.81786743164065,303.86131637573243,233.94539422891808,236.27465755730933,254.82712376117362,44.80272889515004,-5.536009435251202,-8.082751414826836,2.546741979575634,-1.610468200999704,234.50350036621094,257.1415319238374,211.86546880858447,14.918809073311943,74.88480384962982,0.0,0.0,0.0,0.0,0.0
2022-06-30 04:00:00,224.47332763671875,229.4566650390625,218.8633270263672,224.50999450683594,94600500,231.4306671142578,233.38766708374024,255.45300048828125,303.74286636352537,232.22320030306363,235.15072137439594,253.63677881511657,43.25550864617589,-5.886629419949827,-7.643527015851435,1.7568975959016075,4.049688941938601,233.38766708374024,255.6730270373591,211.10230713012137,14.516904558454241,74.70594328950976,0.0,0.0,0.0,0.0,0.0
2022-07-01 04:00:00,227.26333618164062,230.22999572753906,222.1199951171875,227.0,74460300,232.8470001220703,231.83416671752929,253.4836004638672,303.6194664001465,231.32140682644126,234.39954183222878,252.6025261628234,44.684461924736716,-5.871682806999729,-7.289158174081093,1.417475367081364,2.8852989314150257,231.83416671752929,250.89628353448876,212.7720499005698,14.253809247698102,72.59534085926964,0.0,0.0,0.0,0.0,0.0
2022-07-05 04:00:00,233.06666564941406,233.14666748046875,216.1666717529297,223.0,84581100,234.47766723632813,231.76166687011718,251.41973358154297,303.5231497192383,231.6387266124363,234.27260124338926,251.83641398582697,47.638156769291555,-5.3301150722791135,-6.897349553720698,1.5672344814415844,0.028611866701311328,231.76166687011718,250.79182884771083,212.73150489252353,14.213333129882812,65.61564465538443,0.0,0.0,0.0,0.0,0.0
2022-07-06 04:00:00,231.73333740234375,234.56333923339844,227.18666076660156,230.77999877929688,71853600,233.94733428955078,231.43433380126953,249.35406707763673,303.4159997558594,231.65592857423763,234.0307665918611,251.04805804137663,47.01697640842518,-4.951430182195594,-6.5081656794156775,1.5567354972200835,8.743937477775955,231.43433380126953,250.21600331489333,212.65266428764573,13.697857448032924,65.38630285835836,0.0,0.0,0.0,0.0,0.0
2022-07-07 04:00:00,244.5433349609375,245.3633270263672,232.2100067138672,233.9199981689453,81930600,234.79300079345703,231.71716690063477,247.59146697998048,303.42176643371585,233.9990933718194,235.0319635793922,250.7929708617516,53.31541526766961,-3.576433039339804,-5.921819151400504,2.3453861120607,12.817559124465362,231.71716690063477,251.1310872031691,212.30324659810043,13.420475551060267,68.33396613620327,0.0,0.0,0.0,0.0,0.0
2022-07-08 04:00:00,250.76333618164062,254.97999572753906,241.16000366210938,242.3333282470703,101854200,236.36233367919922,232.1620002746582,246.76393341064454,303.4432830810547,237.04713751905962,236.5301895415111,250.79180871743353,56.04756931922858,-1.9622165703301846,-5.12989863518644,3.1676820648562556,5.790947659184265,232.1620002746582,252.91652077175632,211.40747977756007,12.671427045549665,68.74974117512683,0.0,0.0,0.0,0.0,0.0
2022-07-11 04:00:00,234.3433380126953,253.06333923339844,233.6266632080078,252.10333251953125,99241200,235.2260009765625,231.89383392333986,245.57406677246092,303.36176643371584,236.55553760881153,236.32191796733818,250.14677065058106,48.05261435141108,-1.9850130189669528,-4.500921511942543,2.5159084929755906,-0.7384287769218734,231.89383392333986,252.37469060328814,211.41297724339157,13.497618538992745,72.82807048110061,0.0,0.0,0.0,0.0,0.0
2022-07-12 04:00:00,233.07000732421875,239.77333068847656,228.3699951171875,236.84666442871094,87930900,234.04100189208984,231.93583450317382,244.385400390625,303.2710498046875,235.92180482979467,236.012212191803,249.47709365739038,47.4869146139906,-2.0818284906950737,-4.01710290769305,1.9352744169979763,-0.8508103703938397,231.93583450317382,252.42303809480234,211.4486309115453,12.396666390555245,71.93940244206023,0.0,0.0,0.0,0.0,0.0
2022-07-13 04:00:00,237.0399932861328,242.05999755859375,225.03334045410156,225.5,97954500,234.47866821289062,233.0010009765625,243.32113372802735,303.1655997467041,236.12511182185614,236.11009610554868,248.9893642310666,49.483706850315166,-1.8172624902074972,-3.57713482419594,1.7598723339884428,-3.5272432481845195,233.0010009765625,252.11089861025377,213.89110334287122,12.68380846296038,66.82979642992046,0.0,0.0,0.0,0.0,0.0
2022-07-14 04:00:00,238.31333923339844,238.65333557128906,229.3333282470703,234.89666748046875,78557400,235.46100158691405,233.87216796875,242.06780029296874,303.0382330322266,236.52297135122745,236.31992878439152,248.5706965840992,50.13860221328733,-1.4876944371637535,-3.1592467467895027,1.6715523096257492,-2.6974763126486723,233.87216796875,252.2312175411545,215.5131183963455,12.586666652134486,66.47873450214988,0.0,0.0,0.0,0.0,0.0
2022-07-15 04:00:00,240.06666564941406,243.6233367919922,236.88999938964844,240.0,69683100,237.02033538818358,234.2255012512207,240.80746673583985,302.9426329803467,237.1672794054432,236.67676086677463,248.23720517489588,51.07905357558346,-1.0726655711121396,-2.7419305116540302,1.6692649405418907,3.181995017780892,234.2255012512207,252.7847892768657,215.6662132255757,12.282143729073661,63.80763544923783,0.0,0.0,0.0,0.0,0.0
2022-07-18 04:00:00,240.54666137695312,250.51666259765625,239.60333251953125,244.93666076660156,82537500,238.34866790771486,235.59783401489258,239.26759979248047,302.8431829071045,237.78171249117224,237.04532282012497,247.93561522203538,51.349584999935125,-0.6969861385772731,-2.332941637038679,1.635955498461406,5.276666634834393,235.59783401489258,251.44000719718332,219.75566083260185,12.382857186453682,54.78407486083937,0.0,0.0,0.0,0.0,0.0
2022-07-19 04:00:00,245.52999877929688,247.13999938964844,236.97666931152344,245.0,80890200,239.59500122070312,237.0363342285156,238.35633331298828,302.7783661651611,239.1904918162858,237.85338719718897,247.84127732232014,54.18242823329679,0.002823649932764738,-1.8657885796443903,1.868612229577155,9.380478012361282,237.0363342285156,250.7593589464133,223.31330951061793,11.849761962890625,54.888775442102876,0.0,0.0,0.0,0.0,0.0
2022-07-20 04:00:00,247.5,250.663330078125,243.48333740234375,246.78334045410156,88864200,241.17166748046876,237.55950088500975,237.5353335571289,302.72383277893067,240.701311486052,238.77211222602813,247.82789389791546,55.290746017182535,0.708226588451879,-1.3509855460251365,2.059212134477016,8.904500021149552,237.55950088500975,252.05843674030245,223.06056502971705,11.620475769042969,44.34805448346974,0.0,0.0,0.0,0.0,0.0
2022-07-21 04:00:00,271.7066650390625,273.26666259765625,254.86666870117188,255.10667419433594,142032300,243.88800048828125,239.34050064086915,237.72206695556642,302.77981605529783,246.33864849569025,241.90873630346,248.7643162956075,66.13191328044016,3.183837764613429,-0.44402088389742345,3.6278586485108524,16.57894717890369,239.34050064086915,260.36159934296734,218.319401938771,12.70428466796875,55.64270013502197,0.0,0.0,0.0,0.0,0.0
2022-07-22 04:00:00,272.24334716796875,280.78668212890625,270.71331787109375,276.2200012207031,103472700,246.03600158691407,241.19916763305665,237.83333404541017,302.8400495147705,251.0485937088318,244.79774686198465,249.68506260432758,66.32686587456658,5.129948368588771,0.6707729665998154,4.459175401988955,17.481304252434793,241.19916763305665,266.72203103543126,215.676304230682,12.844524928501674,55.50854330411955,0.0,0.0,0.0,0.0,0.0
2022-07-25 04:00:00,268.4333190917969,274.14666748046875,267.3999938964844,272.2166748046875,64073400,249.44499969482422,242.33550033569335,238.3086669921875,302.8776328277588,254.2094528693709,247.04875374101437,250.42028834893424,63.5309787941181,6.292284085073277,1.795075190294508,4.497208894778769,9.769223166387043,242.33550033569335,270.581729985565,214.08927068582167,12.113573346819196,54.19530566408941,0.0,0.0,0.0,0.0,0.0
2022-07-26 04:00:00,258.8599853515625,267.30999755859375,256.2633361816406,266.5133361816406,66820800,252.02399749755858,243.03249969482422,238.63253326416014,302.8492493438721,255.05500422976937,248.17363294201894,250.75125685884123,57.02631080157161,6.367554287256667,2.7095710096869396,3.657983277569727,3.2288010253847643,243.03249969482422,272.2195476105482,213.84545177910022,12.45595223563058,56.038803984065765,0.0,0.0,0.0,0.0,0.0
2022-07-27 04:00:00,274.82000732421875,275.9266662597656,261.7900085449219,263.80999755859375,88110000,255.8019989013672,245.1403335571289,238.99833343505858,302.91419944763186,258.64864115603285,250.71138288318085,251.69512942611092,63.699158981913854,7.627126092629254,3.6930820262754027,3.9340440663538514,17.272378918376006,245.1403335571289,277.12886630376545,213.15180081049238,12.701430184500557,55.94828417945813,0.0,0.0,0.0,0.0,0.0
2022-07-28 04:00:00,280.8999938964844,283.29998779296875,272.79998779296875,280.0666809082031,84723000,260.06066436767577,247.7608329772949,239.78720001220702,302.99879936218264,262.69434165429675,253.58648869397166,252.84041822887067,65.8731541513519,9.012064457673091,4.75687851255494,4.255185945118151,20.52172526245746,247.7608329772949,282.4768056952154,213.04486025937442,12.464287894112724,55.19787591096582,0.0,0.0,0.0,0.0,0.0
2022-07-29 04:00:00,297.1499938964844,298.32000732421875,279.1000061035156,280.70001220703125,95313000,265.7689971923828,251.3946662902832,240.65279998779297,303.1416826629639,268.9590056983308,257.73539395135384,254.57804864720848,70.89087471391522,11.290724835326586,6.06364777710927,5.227077058217316,25.358590243373968,251.3946662902832,290.7515503633041,212.03778221726233,12.44881112234933,56.50656113809257,0.0,0.0,0.0,0.0,0.0
2022-08-01 04:00:00,297.27667236328125,311.8766784667969,295.0,301.27667236328125,117042900,271.44199829101564,254.89533309936525,241.86626678466797,303.27626609802246,274.1076723646854,261.50122999058505,256.2525044792113,70.92676177091037,12.957436235849968,7.44240546885741,5.515030766992559,24.741935688348327,254.89533309936525,297.53291120034856,212.25775499838193,12.839764186314174,56.73113241869476,0.0,0.0,0.0,0.0,0.0
2022-08-02 04:00:00,300.586669921875,307.8333435058594,292.6666564941406,294.0033264160156,95577600,276.9476654052734,258.2713333129883,243.1485336303711,303.4153327178955,278.9220355569017,265.2236528411841,257.99109920245303,71.90152903355887,14.37964655448576,8.82985368598308,5.54979286850268,25.209665868747667,258.2713333129883,304.1970961875454,212.3455704384312,12.7069091796875,56.576705441638985,0.0,0.0,0.0,0.0,0.0
2022-08-03 04:00:00,307.39666748046875,309.54998779296875,301.1499938964844,305.0,80091000,282.9373321533203,262.0544998168945,244.8704669189453,303.5472660064697,284.09924136118656,269.24013042587785,259.9285724682576,73.84453419001885,15.873290950632509,10.238541138912966,5.6347498117195425,27.790868399855718,262.0544998168945,311.1331066009108,212.97589303287825,12.681431361607142,56.20049578910338,0.0,0.0,0.0,0.0,0.0
2022-08-04 04:00:00,308.6333312988281,313.6066589355469,305.0,311.0,72256200,286.6299987792969,265.2589996337891,246.5438003540039,303.64024925231934,288.55998498621227,272.9918638423493,261.8385630106329,74.19352130793835,16.96128420434161,11.583089751998696,5.378194452342914,25.70086459221379,265.2589996337891,317.7725388893007,212.74546037827747,12.815240042550224,54.215647332376435,0.0,0.0,0.0,0.0,0.0
2022-08-05 04:00:00,288.1700134277344,304.6066589355469,285.5433349609375,302.6700134277344,113172900,288.22266540527346,267.12933349609375,248.11946716308594,303.64064933776854,288.489081066489,274.43740189810023,262.87116890934277,59.94131015988436,15.98800815750974,12.464073433100905,3.523934724408834,16.43232865767046,267.12933349609375,320.1313560859703,214.1273109062172,13.685001918247767,60.653906976239,0.0,0.0,0.0,0.0,0.0
2022-08-08 04:00:00,290.42333984375,305.20001220703125,289.086669921875,295.0,98994000,290.4216674804687,269.9333335876465,249.53593383789064,303.64976600646975,288.84076448053645,275.9598721786383,263.95164620088815,60.83351304689496,15.223022955628323,13.01586333760639,2.207159618021933,6.888559322605015,269.9333335876465,321.54771203122027,218.31895514407267,14.175478254045759,54.16353667366356,0.0,0.0,0.0,0.0,0.0
2022-08-09 04:00:00,283.3333435058594,292.39666748046875,279.35333251953125,290.2933349609375,86244600,292.86900329589844,272.44650039672854,250.48440063476562,303.576432723999,287.8394152124133,276.66210754313556,264.71171276186743,56.56459194952083,13.884610078702849,13.189612685825683,0.6949973928771662,4.073560089991224,272.44650039672854,321.3256092469306,223.5673915465265,14.594288417271205,55.348559292028874,0.0,0.0,0.0,0.0,0.0
2022-08-10 04:00:00,294.3566589355469,297.510009765625,283.3699951171875,297.0666809082031,94918800,294.8226684570312,275.31233367919924,251.30733367919922,303.5320827484131,289.0243686166194,278.3473029138414,265.87425967063916,61.13151553804668,13.557119624463382,13.263114073553224,0.2940055509101587,9.657273520089692,275.31233367919924,322.1282528853775,228.49641447302102,13.766431535993304,56.23473846229577,0.0,0.0,0.0,0.0,0.0
2022-08-11 04:00:00,286.6300048828125,298.2366638183594,285.8333435058594,296.5133361816406,70155000,295.3956695556641,277.7281669616699,251.98486724853515,303.2571327972412,288.58902975592724,279.13613167279107,266.68821046327344,56.636414025670426,12.529670431043826,13.116425345051343,-0.5867549140075177,10.727814688521686,277.7281669616699,321.3851021804654,234.07123174287435,13.932856968470983,57.7885097874003,0.0,0.0,0.0,0.0,0.0
2022-08-12 04:00:00,300.0299987792969,300.1600036621094,285.0333251953125,289.4166564941406,79657200,295.6836700439453,280.72633361816406,253.04966735839844,303.059899520874,290.66920594199445,281.12602377817257,267.99573157370577,61.87253941344006,12.650845984283137,13.023309472897703,-0.37246348861456546,9.173273700315665,280.72633361816406,321.6430935882673,239.80957364806085,14.531428745814733,59.23300254233137,0.0,0.0,0.0,0.0,0.0
2022-08-15 04:00:00,309.32000732421875,313.1333312988281,301.2300109863281,301.78668212890625,89359200,296.88800354003905,284.16500091552734,254.06940063476563,302.8767328643799,294.0602607387625,283.8111650682722,269.61629140705924,65.02559335240058,13.342698213518133,13.08718722102179,0.2555109924963439,10.117484530173249,284.16500091552734,322.33102156934297,245.99898026171172,14.598096575055804,59.48510618973438,0.0,0.0,0.0,0.0,0.0
2022-08-16 04:00:00,306.5633239746094,314.6666564941406,302.8833312988281,311.6666564941406,88136400,297.4856689453125,287.21666717529297,255.5103338623047,302.61448280334474,296.3335449634619,285.97803734506624,271.06519464500235,63.35140159216423,13.512787775901302,13.172307331997693,0.34048044390360843,3.167871536758038,287.21666717529297,321.9845668474821,252.44876750310388,14.220714024135045,59.92393197676837,0.0,0.0,0.0,0.0,0.0
2022-08-17 04:00:00,303.9966735839844,309.65667724609375,300.0333251953125,303.39666748046875,68766000,297.1456695556641,290.0415008544922,256.8246673583984,302.2777994537353,297.72684107628413,287.69409793924893,272.3566251916291,61.75709353194441,13.287309905856489,13.195307846769454,0.09200205908703474,2.2605208700974266,290.0415008544922,320.08145243982415,260.00154926916025,14.158096313476562,60.34317739316415,0.0,0.0,0.0,0.0,0.0
2022-08-18 04:00:00,302.8699951171875,306.5,301.85333251953125,306.0,47500500,296.5693359375,291.59966735839845,258.10433380126955,301.77783271789554,298.661959992812,289.139421480005,273.5532279338079,61.03101339457725,12.869353635326377,13.130117004480839,-0.2607633691544624,0.7596229054022796,291.59966735839845,320.85800917213373,262.34132554466316,13.117143903459821,51.01473129822721,0.0,0.0,0.0,0.0,0.0
2022-08-19 04:00:00,296.6666564941406,300.3599853515625,292.5,299.0,61395300,297.41900024414065,292.82083282470705,259.2003335571289,301.3078327178955,298.2991775385081,289.8563010051608,274.45963689695816,57.053683844015964,11.900382494635835,12.884170102511838,-0.9837876078760033,-3.4906074533192166,292.82083282470705,320.6829842234461,264.958681425968,12.652380807059151,51.86160513483375,0.0,0.0,0.0,0.0,0.0
2022-08-22 04:00:00,289.913330078125,292.3999938964844,286.2966613769531,291.913330078125,55843200,297.3679992675781,293.89483337402345,260.2044668579102,300.7342993927002,296.77447800025664,289.8617323454431,275.06566408053334,53.003952721688165,10.46687328290676,12.400710738590822,-1.9338374556840616,-6.065450268097539,293.89483337402345,319.35090796801086,268.43875878003604,12.309759957449776,52.37421876723987,0.0,0.0,0.0,0.0,0.0
2022-08-23 04:00:00,296.4533386230469,298.82666015625,287.92333984375,291.4533386230469,63984900,298.67999877929685,295.77450103759764,261.48893371582034,300.16671607971193,296.71608902258214,290.48950437188154,275.9043964155339,56.24312505146077,9.746183006270599,11.869805192126778,-2.1236221858561795,2.8744577191720078,295.77450103759764,315.1679242194922,276.3810778557031,12.448331560407366,50.515893997191384,0.0,0.0,0.0,0.0,0.0
2022-08-24 04:00:00,297.0966796875,303.64666748046875,296.5,297.5633239746094,57259800,298.95400085449216,296.8883346557617,263.11613403320314,299.61538276672366,296.78528732529446,291.1187591638452,276.73546634776784,56.5603060192226,9.121792669246872,11.320202687550797,-2.1984100183039246,2.2977973627533954,296.8883346557617,313.58591053340837,280.190758778115,12.347379411969866,46.25752933506984,0.0,0.0,0.0,0.0,0.0
2022-08-25 04:00:00,296.07000732421875,302.9599914550781,291.6000061035156,302.3599853515625,53230000,299.8980010986328,297.64683532714844,264.6197341918945,299.1574994659424,296.65523641600794,291.5903066076903,277.493683640962,55.86436731802984,8.446746117878206,10.74551137361628,-2.2987652557380738,4.495292950967489,297.64683532714844,312.5703532905461,282.72331736375077,11.509521484375,45.8402055663482,0.0,0.0,0.0,0.0,0.0
2022-08-26 04:00:00,288.0899963378906,302.0,287.4700012207031,297.42999267578125,57163900,298.70400085449216,297.19383544921874,265.72153411865236,298.89211616516116,295.0979200381684,291.25694372485225,277.9092253153513,50.64789465198804,7.1850222041600205,10.033413539725029,-2.848391335565008,-2.1289352244714843,297.19383544921874,312.7187643816069,281.6689065168306,11.330950055803571,42.12222302977365,0.0,0.0,0.0,0.0,0.0
2022-08-29 04:00:00,284.82000732421875,287.739990234375,280.70001220703125,282.8299865722656,41864700,296.2540008544922,296.5710021972656,267.1559341430664,298.5362995147705,293.22920863563206,290.6439021628872,278.18023637452256,48.6434507104132,5.853757652957881,9.1974823623716,-3.343724709413719,-0.6314752565188542,296.5710021972656,313.0519805312023,280.09002386332895,10.927139282226562,42.268723336181225,0.0,0.0,0.0,0.0,0.0
2022-08-30 04:00:00,277.70001220703125,288.4800109863281,272.6499938964844,287.8699951171875,50541800,293.3676696777344,295.4266693115234,268.37473449707034,298.1522829437256,290.40571837588647,289.41115073851995,278.1614040542288,44.51265165017543,4.176057808303597,8.193197451558,-4.017139643254403,-7.44258462924291,295.4266693115234,313.8028913238887,277.0504472991582,11.045235770089286,42.74557473970665,0.0,0.0,0.0,0.0,0.0
2022-08-31 04:00:00,275.6099853515625,281.25,271.80999755859375,280.6199951171875,52107300,290.5290008544922,293.83733520507815,269.14620086669925,297.8079662322998,287.71558509873665,288.09675403500023,278.06134841883016,43.34894091841698,2.647304416661825,7.084018844578765,-4.4367144279169395,-10.898105901479093,293.83733520507815,313.31961726282134,274.35505314733496,10.833570207868304,41.61383781370044,0.0,0.0,0.0,0.0,0.0
2022-09-01 04:00:00,277.1600036621094,277.5799865722656,266.1499938964844,272.5799865722656,54287000,287.9580017089844,292.2636688232422,269.9676675415039,297.50478294372556,285.7963884738953,287.05515876139157,278.0260015656254,44.5076236683445,1.5430426284200962,5.975823601347032,-4.432780972926936,-9.591271366478038,292.2636688232422,311.7982002548776,272.7291373916068,10.569521222795759,41.66431266018058,0.0,0.0,0.0,0.0,0.0
2022-09-02 04:00:00,270.2099914550781,282.3500061035156,269.0799865722656,281.07000732421875,50890100,285.3123352050781,291.36566772460935,270.67046722412107,297.09794960021975,282.96249810683764,285.4508571131712,277.71949136521175,40.5070644687479,0.10587879914083942,4.801834640905794,-4.695955841764954,-11.114161786896027,291.36566772460935,313.2075331895869,269.5238022596318,10.581427437918526,35.77766100197848,0.0,0.0,0.0,0.0,0.0
2022-09-06 04:00:00,274.4200134277344,275.989990234375,265.739990234375,272.67999267578125,55860000,283.76300354003905,290.5655014038086,271.2447341918945,296.65503303527834,281.4093190742734,284.40030057170105,277.59010007354595,43.802313276861085,-0.6854686453434624,3.7043739836559424,-4.389842628999405,-9.393463250938794,290.5655014038086,313.687742044181,267.4432607634362,10.47190420968192,36.19185156336972,0.0,0.0,0.0,0.0,0.0
2022-09-07 04:00:00,283.70001220703125,283.8399963378906,272.2699890136719,273.1000061035156,50028900,282.4876708984375,290.5838348388672,272.02033447265626,296.2462331390381,281.82580873477485,284.3336064417325,277.8297044709375,50.332735935682635,-0.5573737930115499,2.852024428322444,-3.4093982213339937,-4.370779123054391,290.5838348388672,313.68250041824183,267.4851692594925,10.610951014927455,37.415581833576645,0.0,0.0,0.0,0.0,0.0
2022-09-08 04:00:00,289.260009765625,289.5,279.760009765625,281.29998779296875,53713100,281.70400390625,290.3290023803711,273.15226806640624,295.79743324279787,283.1774816494749,284.8027877106747,278.2779517373958,53.796951050513805,-0.00713017134785332,2.2801935083883844,-2.2873236797362377,-0.2253502149500819,290.3290023803711,313.36478319550616,267.293221565236,10.974759783063616,35.34553700128477,0.0,0.0,0.0,0.0,0.0
2022-09-09 04:00:00,299.67999267578125,299.8500061035156,291.25,291.6700134277344,54338100,282.06500244140625,290.9815017700195,274.5760678100586,295.36771659851075,286.1779381997124,286.2196643740182,279.11724746046974,59.49838439696126,1.2552773446842593,2.0752102756475597,-0.8199329309633003,1.0884188613700108,290.9815017700195,314.31351058250067,267.64949295753837,10.990474155970983,36.26116260892768,0.0,0.0,0.0,0.0,0.0
2022-09-12 04:00:00,304.4200134277344,305.489990234375,300.3999938964844,300.7200012207031,48674600,283.6980041503906,291.2010025024414,276.1750015258789,295.0414333343506,289.49467915026185,287.95303095056255,280.10951279251935,61.80721797457742,2.608159220994196,2.181800064716887,0.426359156277309,2.4649665381442087,291.2010025024414,314.96994377301564,267.4320612318671,10.664760044642858,32.74347220903995,0.0,0.0,0.0,0.0,0.0
2022-09-13 04:00:00,292.1300048828125,297.3999938964844,290.3999938964844,292.8999938964844,68229600,284.42900390625,290.3415023803711,277.47233489990236,294.64208335876464,289.97382928345286,288.35083799172924,280.5809046391975,53.31997147385361,2.657987254736213,2.277037502720752,0.3809497520154608,-1.3307671645009456,290.3415023803711,312.5432666717317,268.13973808901045,10.887381417410714,33.83724729407484,0.0,0.0,0.0,0.0,0.0
2022-09-14 04:00:00,302.6099853515625,306.0,291.6400146484375,292.239990234375,72628700,286.9200012207031,290.1438354492187,278.86320129394534,294.3519332122803,292.2713122049273,289.7088520259991,281.44479015732946,58.5472318049342,3.50274569742885,2.522179141662372,0.9805665557664778,5.040087888592248,290.1438354492187,311.80120972802825,268.4864611704092,11.399285452706474,36.37537735416591,0.0,0.0,0.0,0.0,0.0
2022-09-15 04:00:00,303.75,309.1199951171875,300.7200012207031,301.8299865722656,64795500,289.7340026855469,290.13150177001955,280.30353454589846,293.97569984436035,294.358346349486,291.0461042139992,282.3195042688068,59.0839805468259,4.215617489756482,2.8608668112811944,1.354750678475288,6.6463001857284265,290.13150177001955,311.75591480179145,268.50708873824766,11.187857491629464,36.27758610338043,0.0,0.0,0.0,0.0,0.0
2022-09-16 04:00:00,303.3500061035156,303.7099914550781,295.6000061035156,299.6099853515625,87087800,292.3530029296875,290.15550231933594,281.47966796875,293.58451652526855,295.99319357749135,292.2179043939531,283.14422983095227,58.796310141367094,4.6941857057949505,3.227530590183946,1.4666551156110046,9.236583640249085,290.15550231933594,311.84042557385163,268.47057906482024,10.732142857142858,36.25330559728398,0.0,0.0,0.0,0.0,0.0
2022-09-19 04:00:00,309.07000732421875,309.8399963378906,297.79998779296875,300.0899963378906,60231200,296.23900451660154,290.77566986083986,282.64580139160154,293.30486656188964,298.37079607689634,293.8228665777879,284.16092698755097,61.67031888776006,5.471933713678425,3.676411214882842,1.7955224987955827,12.140351856256348,290.77566986083986,313.9059267549173,267.6454129667624,11.064287458147321,35.946459581978765,0.0,0.0,0.0,0.0,0.0
2022-09-20 04:00:00,308.7300109863281,313.3299865722656,305.5799865722656,306.9100036621094,61642800,299.6700042724609,291.71650390625,284.1335348510742,293.0408499908447,300.254289696793,295.24259461669646,285.1244204776991,61.39618912369816,5.991800009553913,4.139488973817056,1.8523110357368564,11.390535036471672,291.71650390625,316.1907786291765,267.2422291833235,10.487143380301339,34.7460129803037,0.0,0.0,0.0,0.0,0.0
2022-09-21 04:00:00,300.79998779296875,313.79998779296875,300.6300048828125,308.2900085449219,62555700,301.3800018310547,291.93383636474607,285.4881344604492,292.8532332611084,300.3535075324613,295.77187015729385,285.7391486077097,55.229704927991364,5.698225599051,4.451236298863845,1.2469893001871544,11.320823546591964,291.93383636474607,316.66110873097017,267.206563998522,10.753570556640625,35.42706997079831,0.0,0.0,0.0,0.0,0.0
2022-09-22 04:00:00,288.5899963378906,301.2900085449219,285.82000732421875,299.8599853515625,70545400,301.31300048828126,291.5085021972656,286.5191345214844,292.61449989318845,298.21468731526664,295.08788217449353,285.8509465579129,47.3448370647653,4.429263701539128,4.446841779398902,-0.017578077859774055,5.163611331827211,291.5085021972656,316.1543671245582,266.86263726997305,11.042142595563616,38.36409620116324,0.0,0.0,0.0,0.0,0.0
2022-09-23 04:00:00,275.3299865722656,284.5,272.82000732421875,283.0899963378906,63748400,298.8779998779297,290.471501159668,287.25946746826173,292.2382331085205,294.05383263472095,293.2061778314242,285.4383598918091,40.570788412976206,2.326808288264374,4.022835081171997,-1.696026792907623,-2.9503085211915914,290.471501159668,316.0373840232926,264.9056182960434,11.220711844308036,41.53346537031967,0.0,0.0,0.0,0.0,0.0
2022-09-26 04:00:00,276.010009765625,284.0899963378906,270.30999755859375,271.8299865722656,58076900,296.03699951171876,289.8675018310547,287.97833435058595,291.8366831207275,290.7731375676126,291.56844753944335,285.0686206711745,41.03671971329443,0.7073159167841823,3.359731248294434,-2.6524153315102517,-4.580653928185896,289.8675018310547,316.2286978173335,263.5063058447759,11.472854614257812,40.613846444612115,0.0,0.0,0.0,0.0,0.0
2022-09-27 04:00:00,282.94000244140625,288.6700134277344,277.510009765625,283.8399963378906,61925200,295.1179992675781,289.77350158691405,288.826201171875,291.578383102417,289.3489311810296,290.7466908634398,284.98514544647765,45.70815415751124,-0.01675778949021378,2.6844334407375046,-2.7011912302277183,-5.585955233416506,289.77350158691405,316.2237386040884,263.3232645697397,11.550711495535714,41.531445987289196,0.0,0.0,0.0,0.0,0.0
2022-09-28 04:00:00,287.80999755859375,289.0,277.57000732421875,283.0799865722656,54664800,293.63800048828125,290.2790008544922,289.67180114746094,291.32238304138184,289.06912506785943,290.4670057867878,285.0959239606783,48.77926080059735,-0.19537139286984484,2.1084724740160348,-2.3038438668858796,-5.456282483570563,290.2790008544922,316.1375107795276,264.42049092945683,11.671425955636161,40.85951614165437,0.0,0.0,0.0,0.0,0.0
2022-09-29 04:00:00,268.2099914550781,283.6499938964844,265.7799987792969,282.760009765625,77620600,290.08399963378906,289.909001159668,290.0860009765625,291.052749710083,285.276555320081,288.3472901361488,284.4337305290861,39.17468537350291,-1.8966176215204769,1.3074544549087326,-3.2040720764292097,-8.188139878794665,289.909001159668,316.8407676051162,262.9772347142198,12.488568987165179,47.81846026336924,0.0,0.0,0.0,0.0,0.0
2022-09-30 04:00:00,265.25,275.57000732421875,262.4700012207031,266.1499938964844,67726600,286.2739990234375,289.3135009765625,289.95686767578127,290.7814830780029,281.6353634437026,286.14754821842035,283.68142737108275,37.95912079661982,-3.444013641848187,0.3571608355573488,-3.801174477405536,-12.345919553235785,289.3135009765625,317.90760121468116,260.7194007384439,13.009283883231026,47.88160440852148,0.0,0.0,0.0,0.0,0.0
2022-10-03 04:00:00,242.39999389648438,255.16000366210938,241.00999450683594,254.5,98363500,279.60699768066405,287.9230010986328,289.36000061035156,290.366833114624,274.5016598896629,281.98111447347407,282.06254762698086,30.175131410768927,-6.439905442193378,-1.0022524199927967,-5.437653022200582,-20.197532873585388,287.9230010986328,322.5061441548908,253.33985804237483,13.739282880510602,56.03875601383034,0.0,0.0,0.0,0.0,0.0
2022-10-04 04:00:00,249.44000244140625,257.5,242.00999450683594,250.52000427246094,109578500,273.67799682617186,286.6740005493164,288.9801342773437,290.06916648864745,269.94499489907076,278.88196094661043,280.7832321295073,34.623294203264265,-8.152128758627441,-2.4322276877197258,-5.719901070907715,-17.771551863332757,286.6740005493164,324.92079177214754,248.4272093264853,13.819998604910714,56.885756234879715,0.0,0.0,0.0,0.0,0.0
2022-10-05 04:00:00,240.80999755859375,246.6699981689453,233.27000427246094,245.00999450683594,86982700,267.6789978027344,284.52949981689454,288.6191345214844,289.7189331817627,264.64772265534765,275.2560596715612,279.21565430319697,31.937378662584152,-10.089145948666157,-3.9636113399090123,-6.125534608757145,-22.08561431003536,284.52949981689454,327.93957730406277,241.11942232972632,14.374998910086495,56.00878240378569,0.0,0.0,0.0,0.0,0.0
2022-10-06 04:00:00,238.1300048828125,244.5800018310547,235.35000610351562,239.44000244140625,69298400,262.63299865722655,281.9729995727539,287.88533447265627,289.40968315124513,259.8263194239776,271.7202449297756,277.60445236514266,31.129758837528684,-11.705564576551808,-5.512001987237571,-6.1935625893142365,-22.86787924438033,281.9729995727539,329.98810019338936,233.95789895211846,14.452141898018974,55.0873672678325,0.0,0.0,0.0,0.0,0.0
2022-10-07 04:00:00,223.07000732421875,234.57000732421875,222.02000427246094,233.94000244140625,83916800,257.40700073242186,278.14250030517576,286.7287347412109,288.96081657409667,253.14335358765783,267.0868889673416,275.4658466772633,26.99816246139507,-14.039960006759713,-7.217593591142,-6.822366415617713,-25.84108498111014,278.14250030517576,332.0692681227659,224.21573248758563,14.742855616978236,55.571760858664454,0.0,0.0,0.0,0.0,0.0
2022-10-10 04:00:00,222.9600067138672,226.99000549316406,218.36000061035156,223.92999267578125,67925000,252.10200042724608,274.0694999694824,285.2449349975586,288.39416656494143,247.65547233787768,262.88432875272497,273.4067941296791,26.97000600141199,-15.717677728611505,-8.917610418635903,-6.800067309975603,-22.741602431423747,274.0694999694824,331.80988195791076,216.32911798105405,14.805713108607701,54.70370481002812,0.0,0.0,0.0,0.0,0.0
2022-10-11 04:00:00,216.5,225.75,215.0,220.9499969482422,77013200,245.45800018310547,270.2879997253418,283.629401550293,287.6983332824707,241.9908410037181,258.4667736334178,271.1751551442015,25.3011939810727,-17.36833827158324,-10.607755989225371,-6.76058228235787,-21.367082933708915,270.2879997253418,332.76046311587777,207.81553633480587,14.632857186453682,54.14577005935425,0.0,0.0,0.0,0.0,0.0
2022-10-12 04:00:00,217.24000549316406,219.3000030517578,211.50999450683594,215.3300018310547,66860700,238.4010009765625,266.0195007324219,281.96246826171875,286.96129997253416,237.49068909270824,254.54041476291744,269.06005123631763,25.867073762460834,-18.404629275635358,-12.167130646507369,-6.237498629127989,-21.292707580556847,266.0195007324219,330.8160544160752,201.22294704876856,14.084286281040736,51.307962004464294,0.0,0.0,0.0,0.0,0.0
2022-10-13 04:00:00,221.72000122070312,222.99000549316406,206.22000122070312,208.3000030517578,91483000,233.752001953125,261.91800079345705,280.2489349365234,286.25578330993653,234.62329129779818,251.41466109223035,267.2035786866857,29.3561634530691,-18.649420240423666,-13.463588565290628,-5.185831675133038,-21.63709644887739,261.91800079345705,327.04254148458557,196.79346010232854,14.155715942382812,52.50089774610532,0.0,0.0,0.0,0.0,0.0
2022-10-14 04:00:00,204.99000549316406,226.25999450683594,204.16000366210938,224.00999450683594,94124500,227.72600250244142,257.00000076293946,278.17606842041016,285.4704167175293,229.23542115150104,246.9932653208907,264.76383071831236,24.683987211886247,-19.963265581523927,-14.763523968537289,-5.199741612986639,-28.77592605120286,257.00000076293946,323.7850899433825,190.21491158249643,14.750001089913505,56.37559957443893,0.0,0.0,0.0,0.0,0.0
2022-10-17 04:00:00,219.35000610351562,221.86000061035156,209.4499969482422,210.0399932861328,79428800,225.42100372314454,252.5140007019043,276.79966827392576,284.7832667541504,227.4380729609582,244.360573966855,262.9828964196929,34.34322345665001,-19.6196028732237,-15.73473974947457,-3.8848631237491276,-18.21706383363647,252.5140007019043,316.56978434085374,188.45821706295487,15.050714765276227,63.4010193871801,0.0,0.0,0.0,0.0,0.0
2022-10-18 04:00:00,220.19000244140625,229.82000732421875,217.25,229.5,75891900,222.49600372314453,248.0870002746582,275.3950015258789,284.1229167175293,226.1202419574033,242.05861477395513,261.3047437146621,34.86942004826601,-19.05975799078385,-16.399743397736426,-2.660014593047425,-16.987746487688504,248.0870002746582,307.8806201229841,188.29338042633233,15.132144383021764,63.58092232594912,0.0,0.0,0.0,0.0,0.0
2022-10-19 04:00:00,222.0399932861328,222.92999267578125,217.77999877929688,219.8000030517578,66571500,220.61900329589844,244.1490005493164,274.16913452148435,283.23348335266115,225.37837856262684,240.15207939416254,259.76494958021,36.084353608840374,-18.256350246378048,-16.77106476746475,-1.4852854789132977,-8.399340397279953,244.1490005493164,299.5370028838671,188.76099821476572,13.926429748535156,64.04060456347946,0.0,0.0,0.0,0.0,0.0
2022-10-20 04:00:00,207.27999877929688,215.5500030517578,202.0,208.27999877929688,117798100,217.53400268554688,240.08350067138673,272.4276013183594,282.35390007019043,222.0877640565668,237.0214050498896,257.7067162154683,31.099797936876683,-18.596285618156656,-17.136108937603133,-1.4601766805535235,-16.901861469478142,240.08350067138673,293.64301348725326,186.5239878555202,14.422143118722099,66.07778074526519,0.0,0.0,0.0,0.0,0.0
2022-10-21 04:00:00,214.44000244140625,214.66000366210938,203.8000030517578,206.4199981689453,75713800,216.67100219726564,237.03900146484375,270.9838012695312,281.61256675720216,220.6972619447194,234.8707952776531,256.0099823419757,35.73724129423806,-18.079524883761877,-17.324792126834883,-0.7547327569269946,-10.950540004374677,237.03900146484375,289.0629765792262,185.01502635046128,13.466428484235491,67.3352355616155,0.0,0.0,0.0,0.0,0.0
2022-10-24 04:00:00,211.25,213.5,198.58999633789062,205.82000732421875,100446800,215.5000015258789,233.8010009765625,269.2082012939453,280.89431678771973,218.9795779547704,232.62119572740042,254.25468891680015,34.61925047341143,-17.723094020131583,-17.404452505494223,-0.3186415146373598,-11.287953778038418,233.8010009765625,283.6269857470687,183.97501620605627,13.492142813546318,67.13753077912828,0.0,0.0,0.0,0.0,0.0
2022-10-25 04:00:00,222.4199981689453,224.35000610351562,210.0,210.10000610351562,96507900,216.09200134277344,230.77500076293944,267.47020111083987,280.29481674194335,219.6051089028022,231.64965310278566,253.00626967178624,41.51822482089929,-16.350812503580812,-17.19372450511154,0.8429120015307277,-0.2913924480796193,230.77500076293944,275.0807300259498,186.4692714999291,13.362143380301339,69.86405069160512,0.0,0.0,0.0,0.0,0.0
2022-10-26 04:00:00,224.63999938964844,230.60000610351562,218.1999969482422,219.39999389648438,85012500,216.83200073242188,227.6165008544922,265.8317346191406,279.6544834136963,220.5205435367742,230.98206703486784,251.89386691562396,42.809862107067154,-14.912235007154948,-16.737426605520223,1.8251915983652758,0.7534950776787674,227.6165008544922,262.8879706586474,192.34503105033696,13.588572910853795,69.52272410834868,0.0,0.0,0.0,0.0,0.0
2022-10-27 04:00:00,225.08999633789062,233.80999755859375,222.85000610351562,229.77000427246094,61638800,217.16900024414062,225.46050109863282,264.25360107421875,279.0059334564209,221.35135313697717,230.42091744467953,250.84273473610503,43.08426797310098,-13.579307183518182,-16.105802721119815,2.526495537601633,3.967665744984128,225.46050109863282,255.10736589134717,195.81363630591846,13.220715114048549,66.31753896450321,0.0,0.0,0.0,0.0,0.0
2022-10-28 04:00:00,228.52000427246094,228.86000061035156,216.35000610351562,225.39999389648438,69152400,219.52200012207032,223.62400131225587,262.7666012573242,278.30483352661133,222.65474425251966,230.2398780949444,249.96733354145232,45.2410086383107,-12.106621706588953,-15.305966518213642,3.199344811624689,5.19241322687769,223.62400131225587,246.71945777915963,200.52854484535212,13.497857230050224,66.80585158126125,0.0,0.0,0.0,0.0,0.0
2022-10-31 04:00:00,227.5399932861328,229.85000610351562,221.94000244140625,226.19000244140625,61554300,220.34099884033202,222.8810012817383,261.3840679931641,277.72326683044435,223.54297134954024,229.98274620839092,249.08783000202806,44.71959312579471,-10.893018614381845,-14.423376937447284,3.530358323065439,2.62492875400826,222.8810012817383,244.33060750768615,201.43139505579043,13.295000348772321,59.828123205204605,0.0,0.0,0.0,0.0,0.0
2022-11-01 04:00:00,227.82000732421875,237.39999389648438,227.27999877929688,234.0500030517578,62688800,221.10399932861327,221.8000015258789,260.14220153808594,277.1130168914795,224.32061425402722,229.776771076565,248.25379774015317,44.91494563539436,-9.795715714436255,-13.49784469284508,3.7021289784088243,11.137129235218257,221.8000015258789,239.45785299603,204.14215005572783,13.461427961077009,58.688446831911904,0.0,0.0,0.0,0.0,0.0
2022-11-02 04:00:00,214.97999572753906,227.8699951171875,214.82000732421875,226.0399932861328,63070300,220.39799957275392,220.50850143432618,258.51273468017575,276.4704002380371,222.6223199764839,228.36755437665778,246.94894275926637,38.24146270458666,-9.848647806642077,-12.76800531560448,2.9193575089624026,-1.992254503933899,220.50850143432618,235.9515836414781,205.06541922717426,13.195712498256139,60.67466268555398,0.0,0.0,0.0,0.0,0.0
2022-11-03 04:00:00,215.30999755859375,221.1999969482422,210.13999938964844,211.36000061035156,56538800,221.20099945068358,219.36750106811525,256.87700103759767,275.8875335693359,221.2928068095948,227.12397753684215,245.70819981022038,38.49439946735115,-9.751558584022462,-12.164715969288077,2.413157385265615,-2.2162699617168546,219.36750106811525,232.5327756894912,206.2022264467393,12.407141549246651,60.67026864719347,0.0,0.0,0.0,0.0,0.0
2022-11-04 04:00:00,207.47000122070312,223.8000030517578,203.0800018310547,222.60000610351562,98622200,220.50399932861328,218.58750076293944,255.10500091552734,275.26443359375,218.7795694297963,225.25217026863845,244.20866261063148,34.843339847287154,-10.189775469790106,-11.769727869388484,1.579952399598378,-6.561877367134494,218.58750076293944,232.6472612298544,204.5277402960245,12.682141985212054,57.8985256516615,0.0,0.0,0.0,0.0,0.0
2022-11-07 05:00:00,197.0800018310547,208.89999389648438,196.66000366210938,208.64999389648438,93916500,219.08699951171874,217.29350051879882,253.28480102539064,274.67666694641116,214.83419350275238,222.56910660791618,242.3604798349618,30.689114265149144,-11.245816850465616,-11.664945665603911,0.41912881513829525,-4.920878525816052,217.29350051879882,234.14536329395796,200.4416377436397,12.6585693359375,60.24397082051628,0.0,0.0,0.0,0.0,0.0
2022-11-08 05:00:00,191.3000030517578,195.1999969482422,186.75,194.02000427246094,128803400,215.975,216.03350067138672,251.4144009399414,274.0831669616699,210.55524978438973,219.59109674542492,240.3581081964048,28.643194231490895,-12.406124765292418,-11.813181485541612,-0.5929432797508056,-10.790896813187278,216.03350067138672,236.51306866848506,195.55393267428838,13.028569902692523,60.262443422073,0.0,0.0,0.0,0.0,0.0
2022-11-09 05:00:00,177.58999633789062,195.88999938964844,177.1199951171875,190.77999877929688,127062700,211.2699996948242,214.05100021362304,249.4122006225586,273.44045028686526,204.5615673395717,215.59099194470735,237.89661361371796,24.47521603204369,-14.26749332798326,-12.304043854029942,-1.9634494739533181,-15.933729544193787,214.05100021362304,240.76607209077184,187.33592833647424,12.93785640171596,64.53495240328014,0.0,0.0,0.0,0.0,0.0
2022-11-10 05:00:00,190.72000122070312,191.0,180.02999877929688,189.89999389648438,132703000,207.83300018310547,212.50100021362306,247.7144009399414,272.8317002868652,202.04491895432284,213.22232616146886,236.04655038261933,34.330706420733605,-14.515830207496975,-12.746401124723349,-1.7694290827736268,-14.252314184520209,212.50100021362306,240.88751850448136,184.11448192276475,13.119999476841517,70.32111055010837,0.0,0.0,0.0,0.0,0.0
2022-11-11 05:00:00,195.97000122070312,196.52000427246094,182.58999633789062,186.0,114403600,204.5779998779297,212.05,246.09060089111327,272.4297169494629,200.94038845730108,211.57924759568166,234.47492100372068,37.82442299784591,-14.126170153469246,-13.02235493047253,-1.103815222996717,-12.76264166971256,212.05,241.21491894247808,182.88508105752194,12.982856750488281,66.32835946475835,0.0,0.0,0.0,0.0,0.0
2022-11-14 05:00:00,190.9499969482422,195.72999572753906,186.33999633789062,192.77000427246094,92226600,200.91900024414062,210.62999954223633,244.50540100097658,271.9738835906982,199.1239536374722,209.61455705783027,232.76806123683917,35.85987105371352,-14.060355122578699,-13.229954968893765,-0.8304001536849341,-15.167266402368085,210.62999954223633,241.03743067708643,180.22256840738623,12.645713806152344,61.14711342607124,0.0,0.0,0.0,0.0,0.0
2022-11-15 05:00:00,194.4199981689453,200.82000732421875,192.05999755859375,195.8800048828125,91293800,197.5789993286133,209.34149932861328,242.90540069580078,271.3847836303711,198.26868900683093,208.16745621126978,231.26421562633354,38.247442506253265,-13.571749458291208,-13.298313866773253,-0.2734355915179556,-14.922109866083632,209.34149932861328,240.22352342074382,178.45947523648275,12.464999607631139,61.66886461089703,0.0,0.0,0.0,0.0,0.0
2022-11-16 05:00:00,186.9199981689453,192.57000732421875,185.66000366210938,191.50999450683594,66567600,194.77299957275392,207.58549957275392,240.96980041503906,270.76730033874514,196.2052906726699,206.14388877866745,229.52522670643597,35.19773889967806,-13.632565539452969,-13.365164201309195,-0.26740133814377387,-17.85180465664672,207.58549957275392,239.40695367211796,175.76404547338987,12.307856968470983,62.514770913135656,0.0,0.0,0.0,0.0,0.0
2022-11-17 05:00:00,183.1699981689453,186.16000366210938,180.89999389648438,183.9600067138672,64336000,191.55899963378906,206.37999954223633,238.84800018310546,270.1737170410156,193.8352374901745,203.95589919678915,227.70737460692652,33.74874182951953,-13.824001893189887,-13.456931739685334,-0.3670701535045531,-19.598809463529875,206.37999954223633,240.02468236710388,172.7353167173688,11.844286237444196,58.80082353734007,0.0,0.0,0.0,0.0,0.0
2022-11-18 05:00:00,180.19000244140625,185.19000244140625,176.5500030517578,185.0500030517578,76048900,188.83099975585938,204.66749954223633,236.45820037841796,269.5894337463379,191.35428566312572,201.69248045818125,225.84394824749435,32.60021214242947,-14.054169614204113,-13.576379314589092,-0.4777902996150214,-16.18289793354768,204.66749954223633,240.02769547447528,169.30730360999738,11.896428789411273,56.947174054018035,0.0,0.0,0.0,0.0,0.0
2022-11-21 05:00:00,167.8699951171875,176.77000427246094,167.5399932861328,175.85000610351562,92882700,185.90999908447264,202.4984992980957,233.72720001220702,268.8899169921875,187.0844146547733,198.4712913780866,223.5704598894431,28.310636933094457,-15.057131579731788,-13.872529767617632,-1.1846018121141562,-22.033348650471318,202.4984992980957,241.31186432178023,163.68513427441118,12.077144077845983,60.83101507525534,0.0,0.0,0.0,0.0,0.0
2022-11-22 05:00:00,169.91000366210938,170.9199981689453,166.19000244140625,168.6300048828125,78452300,183.7709991455078,199.8729995727539,231.28279998779297,268.22723373413083,183.96179447428895,195.75116873846972,221.46612827268493,29.954182586578085,-15.508601024014922,-14.19974401889709,-1.308857005117833,-18.103820956089955,199.8729995727539,240.0909483036992,159.65505084180862,11.48285893031529,56.765392175329055,0.0,0.0,0.0,0.0,0.0
2022-11-23 05:00:00,183.1999969482422,183.6199951171875,172.5,173.57000732421875,109536700,184.33199920654297,197.8009994506836,228.89460021972656,267.6065670013428,183.82328583318952,194.55581904416232,219.96549567172642,39.65957064411056,-14.625409801992362,-14.284877175516144,-0.34053262647621807,-7.042827660774542,197.8009994506836,236.90078326234388,158.70121563902333,11.672144208635602,64.96675760869263,0.0,0.0,0.0,0.0,0.0
2022-11-25 05:00:00,182.86000061035156,185.1999969482422,180.6300048828125,185.05999755859375,50672700,183.5459991455078,195.68949966430665,226.4768002319336,266.9675337219238,183.6481430654008,193.4419315742756,218.51037821833918,39.508750914572985,-13.793901745572867,-14.186682089527489,0.39278034395462136,-4.4119196585285625,195.68949966430665,233.10928802721384,158.26971130139947,10.518572126116071,64.89170244389805,0.0,0.0,0.0,0.0,0.0
2022-11-28 05:00:00,182.9199981689453,188.5,179.0,179.9600067138672,92905200,182.24099884033203,193.40949935913085,224.0682000732422,266.3745503997803,183.51575308422707,192.43984267852986,217.1146770399316,39.5524359785395,-12.980453728084939,-13.94543641723898,0.9649826891540414,3.001296210915849,193.40949935913085,227.8444655941248,158.97453312413688,10.322858537946429,64.35003388169257,0.0,0.0,0.0,0.0,0.0
2022-11-29 05:00:00,180.8300018310547,186.3800048828125,178.75,184.99000549316406,83357100,181.22899932861327,191.07399978637696,221.5033999633789,265.84536712646485,183.02743467455934,191.3341435501989,215.6917486003678,38.509155576736234,-12.361934861245686,-13.628736106040321,1.2668012447946353,-5.185612062891942,191.07399978637696,221.9102557895597,160.23774378319422,10.130001613071986,64.31161570767672,0.0,0.0,0.0,0.0,0.0
2022-11-30 05:00:00,194.6999969482422,194.75999450683594,180.6300048828125,182.42999267578125,109186400,181.25699920654296,189.41799926757812,219.2227996826172,265.3592670440674,185.14971872431985,191.65470101667918,214.8685426532256,48.262408504680465,-10.630025199972096,-13.028993924826677,2.3989687248545817,-0.6480605524060046,189.41799926757812,215.06617261580027,163.76982591935598,9.798571995326451,71.35434629994776,0.0,0.0,0.0,0.0,0.0
2022-12-01 05:00:00,194.6999969482422,198.9199981689453,191.8000030517578,197.0800018310547,80046200,182.03499908447264,188.40399932861328,217.10079986572265,264.7953837585449,186.88613294685118,191.94472920063757,214.07761929224586,48.262408504680465,-9.151976032877684,-12.253590346436878,3.1016143135591943,1.963864917482283,188.40399932861328,211.24720262703661,165.56079603018995,9.349285670689174,68.93349048198148,0.0,0.0,0.0,0.0,0.0
2022-12-02 05:00:00,194.86000061035156,196.25,191.11000061035156,191.77999877929688,73645900,183.2039993286133,187.38149948120116,215.22619995117188,264.2307004547119,188.3359270674876,192.22237409680082,213.32398718707353,48.37196738541206,-7.876900455608364,-11.378252368271177,3.5013519126628125,0.22631542307900432,187.38149948120116,206.71482927021498,168.04816969218734,8.721427917480469,68.9262840294879,0.0,0.0,0.0,0.0,0.0
2022-12-05 05:00:00,182.4499969482422,191.27000427246094,180.5500030517578,189.44000244140625,93122700,183.42999877929688,186.13049926757813,213.3686001586914,263.68236709594726,187.2657579548975,191.2916715112238,212.11324247182526,41.10202073814789,-7.778116173464696,-10.658225129309882,2.880108955845186,-2.3913980657451983,186.13049926757813,203.0819195022932,169.17907903286306,9.055713108607701,71.2629405631628,0.0,0.0,0.0,0.0,0.0
2022-12-06 05:00:00,179.82000732421875,183.64999389648438,175.3300018310547,181.22000122070312,92150800,184.625,185.26749954223632,211.44480010986328,263.1531671142578,185.9119851129559,190.19913206484236,210.84684109348774,39.73894309873564,-7.821881322152137,-10.090956367878333,2.2690750457261952,-1.8288971328354386,185.26749954223632,201.61858776957737,168.91641131489527,8.94499751499721,69.40097738486834,0.0,0.0,0.0,0.0,0.0
2022-12-07 05:00:00,174.0399932861328,179.3800048828125,172.22000122070312,175.02999877929688,84213300,185.03799896240236,184.40449905395508,209.2667999267578,262.65415046691896,183.7534411444426,188.66016646687,209.40343529712086,36.84681876734763,-8.228115748553364,-9.718388244013338,1.4902724954599744,-3.4130690226686022,184.40449905395508,201.23005174414914,167.57894636376102,8.86214120047433,69.5460557750196,0.0,0.0,0.0,0.0,0.0
2022-12-08 05:00:00,173.44000244140625,175.1999969482422,169.05999755859375,172.1999969482422,97624500,184.06199951171874,184.19699935913087,206.97940002441408,262.24795051574705,181.87827047116326,187.21062703587347,207.99310459689676,36.54945913232166,-8.500485400742747,-9.47480767535922,0.9743222746164726,3.3180481838522846,184.19699935913087,201.47273791171662,166.92126080654512,8.870712280273438,64.76972222009367,0.0,0.0,0.0,0.0,0.0
2022-12-09 05:00:00,179.0500030517578,182.5,173.36000061035156,173.83999633789062,104872300,183.68099975585938,183.6134994506836,205.19620025634765,261.80858383178713,181.36404003127137,186.43342475167196,206.85808100689133,41.31804451038758,-8.169487382677971,-9.21374361682297,1.0442562341449992,5.379317987553378,183.6134994506836,200.74933756168753,166.47766133967968,8.906426565987724,59.941525547302,0.0,0.0,0.0,0.0,0.0
2022-12-12 05:00:00,167.82000732421875,177.3699951171875,167.52000427246094,176.10000610351562,109794500,182.1710006713867,182.20599975585938,203.24760040283203,261.2979005432129,178.90148862998907,184.66071833000976,205.32717615659044,35.557234231358024,-8.712898994850548,-9.113574692428486,0.4006756975779382,-8.39519098265521,182.20599975585938,199.68925882593246,164.7227406857863,8.82642582484654,62.45674378359332,0.0,0.0,0.0,0.0,0.0
2022-12-13 05:00:00,160.9499969482422,175.0500030517578,156.91000366210938,174.8699951171875,175862700,180.18300018310546,180.70599975585938,201.61860046386718,260.65193382263186,175.63758105148963,182.40255438888906,203.58689461900818,32.56587197130122,-9.587391552957087,-9.208338064534207,-0.3790534884228798,-11.981845996378649,180.70599975585938,200.07643746026196,161.3355620514568,9.784283229282924,63.29380745770773,0.0,0.0,0.0,0.0,0.0
2022-12-14 05:00:00,156.8000030517578,161.6199951171875,155.30999755859375,159.25,140682300,176.39300079345702,178.825,199.76580047607422,259.9953172302246,172.2125668697202,179.9642161663051,201.75211455754737,30.876062657605587,-10.494330915831824,-9.46553663479373,-1.0287942810380937,-14.279463906982448,178.825,199.8258799033564,157.82412009664358,9.255712236676898,62.82679455729257,0.0,0.0,0.0,0.0,0.0
2022-12-15 05:00:00,157.6699981689453,160.92999267578125,153.27999877929688,153.44000244140625,122334500,172.69000091552735,177.3625,198.10300048828125,259.31718391418457,169.5684634695793,177.84095730941368,200.02340411093553,31.67644861657851,-11.015901109125195,-9.775609529660024,-1.2402915794651719,-12.807611252333684,177.3625,199.99992837595758,154.72507162404244,9.475712367466517,62.109101866765606,0.0,0.0,0.0,0.0,0.0
2022-12-16 05:00:00,150.22999572753906,160.99000549316406,150.0399932861328,159.63999938964844,139032200,168.22700042724608,175.7154998779297,196.34500030517577,258.66951721191407,166.052378425572,175.21134192066373,198.0707214292337,28.624038736373677,-11.892505858636753,-10.19898879545537,-1.6935170631813818,-22.84026806252326,175.7154998779297,201.18930930348304,150.24169045237633,9.57928466796875,63.55183543901561,0.0,0.0,0.0,0.0,0.0
2022-12-19 05:00:00,149.8699951171875,155.25,145.82000732421875,154.0,139390600,164.96900024414063,174.19949951171876,194.88100006103517,258.0217172241211,163.11012691495662,172.79788032033267,196.18049686797698,28.481025304765723,-12.472495316673673,-10.65369009969903,-1.818805216974642,-23.02516822482129,174.19949951171876,202.0500400621741,146.3489589612634,9.707855224609375,63.535240718171096,0.0,0.0,0.0,0.0,0.0
2022-12-20 05:00:00,137.8000030517578,148.47000122070312,137.66000366210938,146.0500030517578,159563300,160.76699981689453,172.69599990844728,193.17779998779298,257.3697505950928,158.5082862125568,169.46474915189697,193.89106573792918,24.128301601083663,-13.747614682843192,-11.272475016327864,-2.4751396665153287,-29.282560494645992,172.69599990844728,204.89276466269652,140.49923515419803,9.570712498256139,65.18313616918712,0.0,0.0,0.0,0.0,0.0
2022-12-21 05:00:00,137.57000732421875,141.25999450683594,135.88999938964844,139.33999633789062,145417400,157.12000122070313,171.07900009155273,191.59920013427734,256.683600692749,154.70132641467714,166.42715469211808,191.6823967805288,24.05286713853195,-14.608319091208813,-11.939643831304053,-2.6686752599047594,-24.598514866928223,171.07900009155273,206.90836235162956,135.2496378314759,9.445712498256139,64.77100819507669,0.0,0.0,0.0,0.0,0.0
2022-12-22 05:00:00,125.3499984741211,136.6300048828125,122.26000213623047,136.0,210090300,152.3110008239746,168.18650016784667,189.76139999389648,255.87873401641846,149.36472133457602,162.51504457611836,189.08112625870888,20.403025259001595,-16.090999101859666,-12.769914885415176,-3.32108421644449,-30.291406201473027,168.18650016784667,208.90290603699952,127.47009429869382,10.172141483851842,61.765274387683114,0.0,0.0,0.0,0.0,0.0
2022-12-23 05:00:00,123.1500015258789,128.6199951171875,121.0199966430664,126.37000274658203,166989700,146.72100067138672,165.20100021362305,187.79,255.09731742858887,144.59840864208562,158.76599285704793,186.49559195546067,19.819923419876375,-17.24476810776372,-13.664885529884884,-3.579882577878834,-29.240400898308195,165.20100021362305,209.94443843395916,120.45756199328693,9.692855834960938,61.46955747432442,0.0,0.0,0.0,0.0,0.0
2022-12-27 05:00:00,109.0999984741211,119.66999816894531,108.76000213623047,117.5,208643400,140.84899978637696,161.51000022888184,185.87219985961914,254.3172340774536,138.14415224791026,154.03589815391206,183.46047064246696,16.56412588530037,-19.072994573979628,-14.746507338703834,-4.326487235275794,-37.09640397925001,161.51000022888184,211.9194237272477,111.10057673051598,10.126427786690849,69.61290938510803,0.0,0.0,0.0,0.0,0.0
2022-12-28 05:00:00,112.70999908447266,116.2699966430664,108.23999786376953,110.3499984741211,221070500,136.025,158.10400009155273,183.7393997192383,253.60350074768067,133.51976076364886,150.1000982425369,180.68594234607502,20.19172176155398,-20.00003241678195,-15.79721235431946,-4.202820062462489,-37.051104628078846,158.10400009155273,212.0950974159806,104.11290276712487,10.157141549246651,72.46268183916519,0.0,0.0,0.0,0.0,0.0
2022-12-29 05:00:00,121.81999969482422,123.56999969482422,117.5,120.38999938964844,221923300,132.52699966430663,154.46000022888182,181.77199966430663,252.87611743927002,131.39253147840802,147.40675552370712,178.3774740068103,28.62520120085948,-19.77169982422828,-16.592109848301224,-3.1795899759270547,-27.410323931475656,154.46000022888182,207.88603429818335,101.03396615958029,10.494284493582589,73.22132908047664,0.0,0.0,0.0,0.0,0.0
2022-12-30 05:00:00,123.18000030517578,124.4800033569336,119.75,119.94999694824219,157777300,129.0779998779297,150.8840003967285,179.7947998046875,252.09163414001466,129.8993439923658,145.0994455028946,176.2128671949815,29.81752148093078,-19.258998173689776,-17.125487513378935,-2.13351066031084,-23.46691355030741,150.8840003967285,202.51333898804336,99.25466180541366,10.1792847769601,73.77415726292399,0.0,0.0,0.0,0.0,0.0
2023-01-03 05:00:00,108.0999984741211,118.80000305175781,104.63999938964844,118.47000122070312,231402800,124.8650001525879,146.546000289917,177.81119979858397,251.17946750640868,125.9358266254122,141.57568864301143,173.54177430396737,24.85874809441721,-19.84079619271168,-17.668549249245487,-2.1722469434661917,-31.058675784311962,146.546000289917,197.18769975676508,95.90430082306892,10.679999215262276,81.38861395177369,0.0,0.0,0.0,0.0,0.0
2023-01-04 05:00:00,113.63999938964844,114.58999633789062,107.5199966430664,109.11000061035156,180389000,121.24200057983398,143.1055004119873,175.79519973754884,250.23868419647218,123.70022167345515,138.9151468093578,171.19268509164115,29.497492162772176,-19.62857751700058,-18.060554902796508,-1.5680226142040716,-27.925413389120614,143.1055004119873,192.81778910610973,93.39321171786484,9.88928495134626,84.80977276666576,0.0,0.0,0.0,0.0,0.0
2023-01-05 05:00:00,110.33999633789062,111.75,107.16000366210938,110.51000213623047,157986300,118.49599990844726,139.6314998626709,173.77699966430663,249.2551174545288,121.27108979426158,136.1937039073133,168.8063051405137,28.37384647736215,-19.501869937401338,-18.348817909717475,-1.153052027683863,-26.552619665911426,139.6314998626709,188.23944802652633,91.02355169881545,9.901427677699498,84.79527732064314,0.0,0.0,0.0,0.0,0.0
2023-01-06 05:00:00,113.05999755859375,114.38999938964844,101.80999755859375,103.0,220911100,116.04499893188476,136.58250007629394,171.5897996520996,248.16378414154053,119.77816393323107,133.99049377886382,166.6201754314188,30.716528657908952,-18.96337393079429,-18.471729113932838,-0.4916448168614522,-24.56128561945371,136.58250007629394,183.73098286351882,89.43401728906906,10.253571101597377,86.34114883115433,0.0,0.0,0.0,0.0,0.0
2023-01-09 05:00:00,119.7699966430664,123.5199966430664,117.11000061035156,118.95999908447266,190284000,115.4869987487793,133.89899978637695,169.49239959716797,247.09745071411132,119.77667897138295,132.6361607183117,164.78291351815008,36.25542244844934,-17.79009794245991,-18.335402879638252,0.5453049371783436,-13.08418433192583,133.89899978637695,178.240529810973,89.55746976178091,10.218570164271764,90.69453427492691,0.0,0.0,0.0,0.0,0.0
2023-01-10 05:00:00,118.8499984741211,122.76000213623047,114.91999816894531,121.06999969482422,167642500,115.05699844360352,130.8889995574951,167.36759963989257,246.00183406829834,119.60819160824443,131.32319288553163,162.98162273210974,35.83244325422815,-16.74151862670118,-18.01662602905084,1.2751074023496614,-13.607623648648348,130.8889995574951,170.21482051241827,91.56317860257195,10.104999542236328,88.91639195052309,0.0,0.0,0.0,0.0,0.0
2023-01-11 05:00:00,123.22000122070312,125.94999694824219,120.51000213623047,122.08999633789062,183810800,116.46899871826172,128.65899925231935,165.2615995788574,244.9335340499878,120.26488426505509,130.55146034602416,161.42234345715264,39.446262447928156,-15.380591380989642,-17.489419099438603,2.1088277184489606,-1.69923995161253,128.65899925231935,164.02602848354402,93.29197002109467,9.74000004359654,89.40263694243909,0.0,0.0,0.0,0.0,0.0
2023-01-12 05:00:00,123.55999755859375,124.12999725341797,117.0,122.55999755859375,169400900,117.55399856567382,126.78949928283691,163.18199966430663,243.73160076141357,120.8639957729712,129.88560674722126,159.9375455787778,39.730659160021624,-14.111938231258662,-16.813922925802615,2.7019846945439525,0.3329240987696602,126.78949928283691,158.75928033474364,94.81971823093019,9.865714481898717,88.9863068067188,0.0,0.0,0.0,0.0,0.0
2023-01-13 05:00:00,122.4000015258789,122.62999725341797,115.5999984741211,116.55000305175781,180714100,117.6119987487793,125.06949920654297,161.07359954833984,242.51098403930663,121.14326954622713,129.17269196423626,158.4654850276837,39.056680884132085,-13.04969469796795,-16.061077280235683,3.011382582267732,12.190653746812497,125.06949920654297,153.77595227257146,96.36304614051448,9.340714045933314,88.82958711118545,0.0,0.0,0.0,0.0,0.0
2023-01-17 05:00:00,131.49000549316406,131.6999969482422,125.0199966430664,125.69999694824219,186477000,118.44299926757813,123.7604995727539,159.40379974365234,241.34511741638184,123.02449426385202,129.39338849080082,157.40762308515355,46.688580150272585,-11.343609622381635,-15.117583748664874,3.773974126283239,16.662236324406642,123.7604995727539,148.29167369791963,99.22932544758817,9.462142399379186,93.71815553097439,0.0,0.0,0.0,0.0,0.0
2023-01-18 05:00:00,128.77999877929688,136.67999267578125,127.01000213623047,136.55999755859375,195680300,120.5109992980957,122.6879997253418,157.6731997680664,240.19301734924318,124.07094963029654,129.33497042303853,156.28497115159055,44.8839485434468,-10.093844248343188,-14.112835848600538,4.018991600257349,5.713346824748333,122.6879997253418,144.0125786794058,101.36342077127779,9.124998910086495,92.68831771993806,0.0,0.0,0.0,0.0,0.0
2023-01-19 05:00:00,127.16999816894531,129.99000549316406,124.30999755859375,127.26000213623047,170291900,121.86399917602539,121.5529998779297,156.06719970703125,239.0212173461914,124.63441300095994,129.12878258931536,155.1432075052123,43.800770129801315,-9.12808687579593,-13.115886054039617,3.9877991782436872,3.2391604593963397,121.5529998779297,138.81547432666054,104.29052542919887,8.957142421177455,92.70555454672036,0.0,0.0,0.0,0.0,0.0
2023-01-20 05:00:00,133.4199981689453,133.50999450683594,127.3499984741211,128.67999267578125,138858100,124.17199935913087,121.33399963378906,154.79399963378907,237.77923393249512,126.23179212241182,129.53746978737536,154.29131694300577,48.9510886170788,-7.768840081056098,-12.046476859442915,4.277636778386817,23.422756755066708,121.33399963378906,137.82238903272557,104.84561023485257,8.634284973144531,90.37046946593834,0.0,0.0,0.0,0.0,0.0
2023-01-23 05:00:00,143.75,145.3800048828125,134.27000427246094,135.8699951171875,203119200,127.24099960327149,121.64299926757812,153.8429995727539,236.67921730041505,129.41692082742784,130.89104409333962,153.87793196484867,56.11038805575942,-5.791323613400209,-10.795446210234374,5.004122596834165,26.495952808931733,121.64299926757812,139.5804795214911,103.70551901366515,9.150713784354073,94.44878289225727,0.0,0.0,0.0,0.0,0.0
2023-01-24 05:00:00,143.88999938964844,146.5,141.10000610351562,143.0,158699100,129.6529998779297,122.56999931335449,153.16899963378907,235.6557339477539,132.0483896569225,132.12903983584522,153.48624833444867,56.20004174506982,-4.164821317191894,-9.469321231625878,5.304499914433984,30.406021538208794,122.56999931335449,143.0501734462974,102.08982518041157,8.212141854422432,87.90400828327172,0.0,0.0,0.0,0.0,0.0
2023-01-25 05:00:00,144.42999267578125,146.41000366210938,138.07000732421875,141.91000366210938,192734300,132.21099929809571,123.63399887084961,152.24319946289063,234.61578384399414,134.2995902058059,133.30055915393436,153.13110105371663,56.568558779138144,-2.799957417654042,-8.135448468831513,5.3354910511774705,27.746325663000192,123.63399887084961,146.33205946744184,100.93593827425738,8.302855900355748,87.39302249678632,0.0,0.0,0.0,0.0,0.0
2023-01-26 05:00:00,160.27000427246094,161.4199981689453,154.75999450683594,159.97000122070312,234815100,135.91599960327147,126.1924991607666,151.52919952392577,233.70798393249513,139.02148367247045,135.86907773665118,153.411058042687,65.6882238532883,-0.43512058930488706,-6.595382892926188,6.160262303621301,33.81481904027348,126.1924991607666,153.13200462688712,99.25299369464608,9.053570883614677,81.31109690761394,0.0,0.0,0.0,0.0,0.0
2023-01-27 05:00:00,177.89999389648438,180.67999267578125,161.1699981689453,162.42999267578125,306590600,141.34999923706056,129.45199890136718,151.26819946289064,232.97093391418457,146.09030371320026,139.87202213282575,154.3714084683261,72.5875128077696,2.8290113754412403,-4.710504039252703,7.539515414693943,49.684473016817975,129.45199890136718,164.17390452292398,94.73009327981038,9.612855638776507,87.23635198721766,0.0,0.0,0.0,0.0,0.0
2023-01-30 05:00:00,166.66000366210938,179.77000427246094,166.5,178.0500030517578,230878800,145.7759994506836,131.69399909973146,150.71299957275392,232.1593172454834,149.83024915845647,142.423258468948,154.85331416219998,63.781943431397444,4.457502880401108,-2.876902655321941,7.334405535723049,35.25401883708761,131.69399909973146,169.9515965593372,93.43640164012572,9.813570295061384,89.84553419787454,0.0,0.0,0.0,0.0,0.0
2023-01-31 05:00:00,173.22000122070312,174.3000030517578,162.77999877929688,164.57000732421875,196813500,149.9489990234375,134.1959991455078,150.43899963378905,231.32146720886232,154.0829313515922,145.35628158816277,155.57357639978832,66.34779473176977,6.205893433059202,-1.0603434376457124,7.2662368707049145,40.191004081689094,134.1959991455078,176.44595328601685,91.9460450049988,10.076427459716797,90.14640652129312,0.0,0.0,0.0,0.0,0.0
2023-02-01 05:00:00,181.41000366210938,183.80999755859375,169.92999267578125,173.88999938964844,213806300,155.21199951171874,137.86149940490722,150.40379974365234,230.58685050964357,159.05148995350442,148.7899694047291,156.5867696257617,69.27444676376244,8.158326186928463,0.7833904872691226,7.37493569965934,48.21078545800022,137.86149940490722,183.18715519678113,92.53584361303331,10.560713631766182,73.49190048794763,0.0,0.0,0.0,0.0,0.0
2023-02-02 05:00:00,188.27000427246094,196.75,182.61000061035156,187.3300018310547,217448300,161.3220001220703,141.59299964904784,150.56539978027342,229.85438385009766,164.36394710240558,152.54997272546547,157.82924941582831,71.50947406784891,10.142274106176842,2.6551672110506668,7.487106895126175,43.18198829358841,141.59299964904784,190.65649452559342,92.52950477250225,11.147142137799944,73.06261262200331,0.0,0.0,0.0,0.0,0.0
2023-02-03 05:00:00,189.97999572753906,199.0,183.69000244140625,183.9499969482422,232662000,166.97799987792968,145.57499961853028,151.00759979248048,229.0907004547119,169.02141048879346,156.11473682090104,159.0900629966797,72.05515563780365,11.71747736005372,4.467629240851277,7.2498481192024435,47.52290536446326,145.57499961853028,196.83645679954017,94.3135424375204,11.672142028808594,70.42168792456454,0.0,0.0,0.0,0.0,0.0
2023-02-06 05:00:00,194.75999450683594,198.1699981689453,189.9199981689453,193.00999450683594,186188100,172.0789993286133,149.65999946594238,151.504599609375,228.4358337402344,173.70115303752846,159.79523755289483,160.48888384021524,73.57855548018514,13.199388901923356,6.213981173065694,6.985407728857663,53.14932555719418,149.65999946594238,202.99103042829506,96.32896850358968,11.597142355782646,70.41827775764727,0.0,0.0,0.0,0.0,0.0
2023-02-07 05:00:00,196.80999755859375,197.5,189.5500030517578,196.42999267578125,186010300,177.37099914550782,153.51199951171876,151.77679962158203,227.73858367919922,177.90276113226759,163.32045279153283,161.91324124093597,74.22746005767416,14.373543328862581,7.845893604225072,6.527649724637509,47.51161764324099,153.51199951171876,208.8442905807301,98.17970844270741,11.474285670689174,69.70796705479958,0.0,0.0,0.0,0.0,0.0
2023-02-08 05:00:00,201.2899932861328,203.0,194.30999755859375,196.10000610351562,180673600,183.05699920654297,157.63399925231934,152.14539947509766,227.0699503326416,182.15498516024306,166.93659950530426,163.4574275956496,75.63572861833107,15.487042401409383,9.374123363661935,6.112919037747448,40.02782141644021,157.63399925231934,214.3593046643891,100.90869384024958,11.689285278320312,68.5837288720799,0.0,0.0,0.0,0.0,0.0
2023-02-09 05:00:00,207.32000732421875,214.0,204.77000427246094,207.77999877929688,215431400,187.76199951171876,161.83899955749513,152.63339965820313,226.44318367004394,186.73044373551136,170.78263834520087,165.17752876147586,77.42387500769416,16.663978208848505,10.83209433269925,5.831883876149256,44.08229078019825,161.83899955749513,220.26591636853533,103.41208274645493,12.144286019461495,68.50490923446479,0.0,0.0,0.0,0.0,0.0
2023-02-10 05:00:00,196.88999938964844,206.1999969482422,192.88999938964844,202.22999572753906,204754100,189.66100006103517,165.50549964904786,152.954599609375,225.96693359375,188.5776356726272,173.26905368276732,166.4211550606199,68.11224264913002,16.564152602131713,11.978505986585741,4.585646615545972,36.3221002383004,165.50549964904786,223.01435118739727,107.99664811069844,12.320714678083148,73.43024739078865,0.0,0.0,0.0,0.0,0.0
2023-02-13 05:00:00,194.63999938964844,196.3000030517578,187.61000061035156,194.4199981689453,172475500,192.45899963378906,169.11749954223632,152.95339965820312,225.47095024108887,189.67988362117651,175.3043818453274,167.52777640685633,66.26088339404427,16.117689205391997,12.806342630346993,3.311346575045004,21.445057840491533,169.11749954223632,224.25241018895957,113.98258889551306,12.597857883998326,73.5587656551136,0.0,0.0,0.0,0.0,0.0
2023-02-14 05:00:00,209.25,209.82000732421875,189.44000244140625,191.94000244140625,216455700,196.06199951171874,173.00549926757813,153.2443997192383,225.05468360900878,193.23808659914442,178.53729786005812,169.16394203796003,71.64951416254236,16.74968871013516,13.595011846304628,3.1546768638305327,17.62226373192426,173.00549926757813,227.93470866600967,118.07628986914659,13.457858494349889,73.6308419706452,0.0,0.0,0.0,0.0,0.0
2023-02-15 05:00:00,214.24000549316406,214.66000366210938,206.11000061035156,211.75999450683594,181006400,199.34499969482422,177.27849960327148,153.63199981689453,224.67461700439452,197.05661730714797,181.93755572987774,170.9316308009092,73.22258692201142,17.452028490113577,14.366415175066418,3.0856133150471585,28.549142437029793,177.27849960327148,231.0049111955164,123.55208801102657,12.855001177106585,71.68393301886931,0.0,0.0,0.0,0.0,0.0
2023-02-16 05:00:00,202.0399932861328,217.64999389648438,201.83999633789062,210.77999877929688,229586500,200.7219985961914,181.02199935913086,154.02379974365235,224.17991691589356,197.9626856669634,183.85207359237825,172.1515665846435,63.888817281586654,16.83019083694191,14.859170307441516,1.971020529500393,16.63779694165315,181.02199935913086,230.2967362026095,131.7472625156522,12.526430402483259,76.48442571607865,0.0,0.0,0.0,0.0,0.0
2023-02-17 05:00:00,208.30999755859375,208.44000244140625,197.5,199.99000549316406,213738500,202.55499877929688,184.7664993286133,154.59359954833985,223.70605018615723,199.84401510180527,186.18139968439877,173.56954426989645,66.26860678263016,16.651370328847634,15.21761031172274,1.433760017124893,14.828285846125521,184.7664993286133,230.0289091075114,139.5040895497152,12.360001700265068,75.97878300706317,0.0,0.0,0.0,0.0,0.0
2023-02-21 05:00:00,197.3699951171875,209.7100067138672,197.22000122070312,204.99000549316406,180018600,202.81599884033204,187.44749908447267,155.06019958496094,223.10520011901855,199.3941932864202,187.24698020180722,174.50289528351573,58.96667551953867,15.448802837677562,15.263848816913706,0.1849540207638558,4.833478853889672,187.44749908447267,228.65045491946444,146.2445432494809,12.429287501743861,77.74802699017299,0.0,0.0,0.0,0.0,0.0
2023-02-22 05:00:00,200.86000061035156,201.99000549316406,191.77999877929688,197.92999267578125,191828500,203.22099914550782,190.2959991455078,155.60859954833984,222.65403350830078,199.66070370895318,188.54345833595428,175.53650725711714,60.4633360195769,14.608970593763388,15.132873172283643,-0.5239025785202553,5.726921321977563,190.2959991455078,226.37882002041076,154.21317827060486,12.167144775390625,77.51437736584012,0.0,0.0,0.0,0.0,0.0
2023-02-23 05:00:00,202.07000732421875,205.13999938964844,196.3300018310547,203.91000366210938,146360000,203.29900054931642,193.1779998779297,156.06899963378908,222.22163360595704,200.09875891172874,189.83170109674137,176.5770366715133,60.99453641444391,13.88102312520732,14.88250316286838,-1.001480037661059,3.75334412793189,193.1779998779297,222.38930077530887,163.96669898055052,11.700716291155134,77.46345285088067,0.0,0.0,0.0,0.0,0.0
2023-02-24 05:00:00,196.8800048828125,197.6699981689453,192.8000030517578,196.3300018310547,142228100,202.25500030517577,195.00849990844728,156.65019958496094,221.89418365478517,199.51353090647123,190.50296812398625,177.37323150332898,57.4303199753612,12.738488325454881,14.453700195385682,-1.7152118699308012,0.035571020317659574,195.00849990844728,219.78934792337054,170.227651893524,11.269288199288505,70.84606544369218,0.0,0.0,0.0,0.0,0.0
2023-02-27 05:00:00,207.6300048828125,209.4199981689453,201.25999450683594,202.02999877929688,161028300,203.3290008544922,196.49500045776367,157.58379974365235,221.59893371582032,200.98925344762418,192.1341144819697,178.55977163585774,62.33925842763392,12.555721877495472,14.074104531807642,-1.5183826543121697,3.1496904009864934,196.49500045776367,220.5096331321327,172.48036778339463,11.575716291155134,62.889223895035194,0.0,0.0,0.0,0.0,0.0
2023-02-28 05:00:00,205.7100067138672,211.22999572753906,203.75,210.58999633789062,153144900,204.43600158691407,198.44750061035157,158.56199981689454,221.404150390625,201.84757222330472,193.42705659929328,179.62448673695616,60.98656796234306,12.116281394790917,13.682539904404297,-1.5662585096133803,-0.7765775388159923,198.44750061035157,218.2245816380641,178.67041958263903,11.542144775390625,57.41037524017549,0.0,0.0,0.0,0.0,0.0
2023-03-01 05:00:00,202.77000427246094,207.1999969482422,198.52000427246094,206.2100067138672,156852800,203.78800201416016,199.92500076293945,159.46399993896483,221.20466705322266,202.01528714133312,194.31686113959498,180.5321540912897,58.87971580078781,11.399383028174753,13.225908529158389,-1.8265255009836352,2.986441617674984,199.92500076293945,215.79605097079076,184.05395055508814,11.541429792131696,57.07810829686907,0.0,0.0,0.0,0.0,0.0
2023-03-02 05:00:00,190.89999389648438,193.75,186.00999450683594,186.74000549316406,181500700,201.4540008544922,200.3995002746582,160.27739990234375,220.8765170288086,199.99432473317881,193.99144521167966,180.9387360444346,51.19057264181649,9.76090760521322,12.532908344369357,-2.7720007391561374,-1.9214989235984192,200.3995002746582,214.39665224353382,186.4023483057826,11.830715724400111,59.84010303114974,0.0,0.0,0.0,0.0,0.0
2023-03-03 05:00:00,197.7899932861328,200.47999572753906,192.8800048828125,194.8000030517578,154193300,201.02900085449218,200.8754997253418,161.23579986572267,220.65818367004394,199.59353719735225,194.35321169496092,181.59956966175608,54.8743116239887,8.915595956138816,11.80944586672325,-2.893849910584434,-5.476705717499253,200.8754997253418,213.73731259832985,188.01368685235374,11.484286717006139,59.71103264604307,0.0,0.0,0.0,0.0,0.0
2023-03-06 05:00:00,193.80999755859375,198.60000610351562,192.3000030517578,198.5399932861328,128100100,199.5790008544922,201.06699981689454,162.3559997558594,220.35788368225099,198.54198453575978,194.30147701530692,182.07840997143597,52.413510634280705,7.834219979810882,11.014400689340777,-3.1801807095298944,-9.536037813078845,201.06699981689454,213.3466403234168,188.78735931037227,11.271429879324776,60.22346546875465,0.0,0.0,0.0,0.0,0.0
2023-03-07 05:00:00,187.7100067138672,194.1999969482422,186.10000610351562,191.3800048828125,148125800,198.61300201416014,200.7145004272461,163.35879974365236,220.11341705322266,196.5725340226884,193.6737179389793,182.29925690251173,48.80132329004516,6.411100273082212,10.093740606089064,-3.6826403330068516,-7.0926485094321094,200.7145004272461,214.11046442653702,187.31853642795517,10.394286019461495,60.64904440980482,0.0,0.0,0.0,0.0,0.0
2023-03-08 05:00:00,182.0,186.5,180.0,185.0399932861328,151897800,196.727001953125,199.9740005493164,164.49179977416992,219.84105041503906,193.9229823821996,192.56193527812414,182.28752133770735,45.63116673784428,4.767560363022341,9.028504557475719,-4.260944194453378,-12.630213560054038,199.9740005493164,215.71143079958426,184.23657029904854,10.334286281040736,61.34124518928267,0.0,0.0,0.0,0.0,0.0
2023-03-09 05:00:00,172.9199981689453,185.17999267578125,172.50999450683594,180.25,170023800,193.81200103759767,198.55550079345704,165.48719970703124,219.599150390625,190.1042579797897,190.6912746010595,181.920167487952,41.06307724282783,2.70122484168877,7.76304861431833,-5.06182377262956,-12.38789965705026,198.55550079345704,218.37766411188224,178.73333747503185,10.110000610351562,62.670195453212294,0.0,0.0,0.0,0.0,0.0
2023-03-10 05:00:00,173.44000244140625,178.2899932861328,168.44000244140625,175.1300048828125,191488900,191.46800079345704,196.86150054931642,166.77399978637695,219.34151710510253,187.07439333644726,189.04829630014012,181.5876119959306,41.42473100000388,1.0929996334136263,6.42903881813739,-5.336039184723764,-13.651298459436623,196.86150054931642,219.1653364226514,174.55766467598144,10.032142639160156,61.28700014113242,0.0,0.0,0.0,0.0,0.0
2023-03-13 04:00:00,174.47999572753906,177.35000610351562,163.91000366210938,167.4600067138672,167790300,188.1529998779297,195.74100036621093,168.00939971923827,219.16698371887207,184.7845028621003,187.66083910274955,181.30888194618976,42.18878825581982,-0.09649928053963208,5.123931198401986,-5.220430478941618,-13.653689610854459,195.74100036621093,220.18755101022313,171.29444972219872,10.099999564034599,59.38238368713046,0.0,0.0,0.0,0.0,0.0
2023-03-14 04:00:00,183.25999450683594,183.8000030517578,177.13999938964844,177.30999755859375,143717900,185.90799865722656,195.1720001220703,169.23819961547852,218.98528366088868,184.50731952477952,187.24171104599588,181.38539616425433,48.31793568670947,-0.32694440417120063,4.033756077887349,-4.36070048205855,-6.917924643532746,195.1720001220703,220.24808984875457,170.09591039538603,10.03642817905971,62.508530780749304,0.0,0.0,0.0,0.0,0.0
2023-03-15 04:00:00,180.4499969482422,182.33999633789062,176.02999877929688,180.8000030517578,145995600,183.67599792480468,193.73199996948242,170.38359954833984,218.70798362731932,183.76962451086362,186.59488113192413,181.34871384205778,46.61457774178403,-0.7279260652043149,3.0814196492690167,-3.8093457144733316,-13.09059735846505,193.73199996948242,218.71167212192447,168.75232781704037,9.923570905412946,55.5204745401931,0.0,0.0,0.0,0.0,0.0
2023-03-16 04:00:00,184.1300048828125,185.80999755859375,178.83999633789062,180.3699951171875,121136800,182.9989990234375,192.22649993896485,171.90419967651368,218.36258361816405,183.8351482148543,186.36013101296112,181.45778407895014,49.143145192479274,-0.7402281459887092,2.317090090217472,-3.0573182362061813,-10.490496877515266,192.22649993896485,215.57833300689327,168.87466687103642,9.759284973144531,55.280703786804395,0.0,0.0,0.0,0.0,0.0
2023-03-17 04:00:00,180.1300048828125,186.22000122070312,177.3300018310547,184.52000427246094,133197100,181.23300018310547,191.13100051879883,173.23399978637696,217.99946701049805,183.1614857908467,185.76678566723268,181.4057143065526,46.561622843314574,-1.0605191990705976,1.6415682323598582,-2.7020874314304555,-11.16535923095765,191.13100051879883,214.5998227152938,167.66217832230384,9.498571123395648,52.395654492074705,0.0,0.0,0.0,0.0,0.0
2023-03-20 04:00:00,183.25,186.44000244140625,176.35000610351562,178.0800018310547,129684400,180.1770004272461,189.87800064086915,174.69219985961914,217.68176704406739,183.17757928342002,185.5270917941629,181.4780392357074,48.81997687499661,-1.0504852945691425,1.1031575269740581,-2.1536428215432006,-4.007330613448101,189.87800064086915,212.12931037704794,167.62669090469035,9.684999738420759,51.35350546845616,0.0,0.0,0.0,0.0,0.0
2023-03-21 04:00:00,197.5800018310547,198.0,188.0399932861328,188.27999877929688,153391400,181.16399993896485,189.8885009765625,176.38259994506836,217.37800033569337,185.79620156480814,186.6749879881526,182.10948874925043,57.66864571879118,0.11248141821064905,0.9050223052213764,-0.7925408870107273,-0.10616889741956737,189.8885009765625,212.15488992394913,167.6221120291759,10.11857169015067,56.33250169509322,0.0,0.0,0.0,0.0,0.0
2023-03-22 04:00:00,191.14999389648438,200.66000366210938,190.9499969482422,199.3000030517578,150376400,182.0789993286133,189.40300064086915,177.81019989013672,217.1611669921875,186.76961835238563,187.10117902704135,182.46401836286745,53.22213160397201,0.5094207292466422,0.8259019900264296,-0.31648126077978744,-1.3724801071240855,189.40300064086915,211.07770436977876,167.72829691195955,9.61500004359654,57.133381418918496,0.0,0.0,0.0,0.0,0.0
2023-03-23 04:00:00,192.22000122070312,199.30999755859375,188.64999389648438,195.25999450683594,144193900,184.00899963378907,188.91050033569337,179.27759994506835,216.93086700439454,187.7605970557161,187.58868590262819,182.84660592591982,53.85969055939145,0.8999644121413155,0.8407144744494068,0.05924993769190867,2.402639361528913,188.91050033569337,209.80697204081915,168.0140286305676,9.692143031529017,57.12577170998334,0.0,0.0,0.0,0.0,0.0
2023-03-24 04:00:00,190.41000366210938,192.36000061035156,187.14999389648438,191.64999389648438,116312400,185.70599975585938,188.5870002746582,180.6213999938965,216.6884836578369,188.24230734778757,187.8573828321026,183.14320975871158,52.55481717079194,1.0513026557505611,0.8828321107096377,0.1684705450409234,4.620881133027122,188.5870002746582,209.1618417226342,168.01215882668222,9.614286150251116,56.51555196112459,0.0,0.0,0.0,0.0,0.0
2023-03-27 04:00:00,191.80999755859375,197.38999938964844,189.94000244140625,194.4199981689453,120851600,187.43899993896486,187.79599990844727,181.9863999938965,216.43820030212402,188.89097829520688,188.23382232986364,183.48308379007952,53.49335623979458,1.269572272477376,0.9601801430631853,0.3093921294141906,10.924126526529697,187.79599990844727,206.41137291766546,169.18062689922908,9.567858014787946,52.70194414313013,0.0,0.0,0.0,0.0,0.0
2023-03-28 04:00:00,189.19000244140625,192.35000610351562,185.42999267578125,192.0,98654600,188.03200073242186,186.96999969482422,183.32220001220702,216.18561698913575,188.94534632178858,188.3248871023915,183.7068845215041,51.44247228817778,1.2171107118754492,1.0115662568256383,0.2055444550498109,9.080950056674997,186.96999969482422,203.59853325344108,170.34146613620737,9.511429922921318,52.78966691642777,0.0,0.0,0.0,0.0,0.0
2023-03-29 04:00:00,193.8800048828125,195.2899932861328,189.44000244140625,193.1300048828125,123660000,189.3750015258789,186.5254997253418,184.57,215.9938670349121,189.84255696924745,188.85394593862208,184.105830418026,54.78432660214187,1.536269390924815,1.1165068836454737,0.4197625072793414,11.118758385097461,186.5254997253418,201.79549115718035,171.25550829350325,9.04214368547712,53.56252829298687,0.0,0.0,0.0,0.0,0.0
2023-03-30 04:00:00,195.27999877929688,197.3300018310547,194.4199981689453,195.5800018310547,110252200,190.49000091552733,186.74449996948243,185.9,215.8915837097168,190.8311827528928,189.4659509710673,184.54403309886015,55.7630365695491,1.8804955683505682,1.2693046205864926,0.6111909477640756,6.558989759225686,186.74449996948243,202.3994360624359,171.08956387652896,8.585001264299665,49.217613950097,0.0,0.0,0.0,0.0,0.0
2023-03-31 04:00:00,207.4600067138672,207.7899932861328,197.1999969482422,197.52999877929688,170222100,193.2230010986328,187.22800064086914,187.50580017089842,215.8244337463379,193.85460529125177,191.17967056561966,185.4426987308212,63.22172514740252,3.100382858056122,1.6355202680804186,1.4648625899757033,14.968140882469605,187.22800064086914,204.79932718479188,169.6566740969464,8.518572126116071,52.43988759360683,0.0,0.0,0.0,0.0,0.0
2023-04-03 04:00:00,194.77000427246094,202.69000244140625,192.1999969482422,199.91000366210938,169545900,194.3750015258789,187.2760009765625,188.73280029296876,215.6332837677002,194.02104146965343,191.52160710912835,185.80847541872868,53.164119370278115,3.008495122664158,1.9101152389971667,1.0983798836669911,5.778525556668579,187.2760009765625,204.92809349094196,169.62390846218304,8.942858014787946,56.682322454968684,0.0,0.0,0.0,0.0,0.0
2023-04-04 04:00:00,192.5800018310547,198.74000549316406,190.32000732421875,197.32000732421875,126463800,193.8750015258789,187.51950073242188,189.70940032958984,215.5306837463379,193.75903426263548,191.62240660645466,186.07402547411402,51.637396604893,2.7275174130265327,2.07359567380304,0.6539217392234926,6.911673019906828,187.51950073242188,205.3304434339681,169.70855803087565,9.027858189174108,55.59682554339551,0.0,0.0,0.0,0.0,0.0
2023-04-05 04:00:00,185.52000427246094,190.67999267578125,183.75999450683594,190.52000427246094,133882500,193.31200256347657,187.69550094604492,190.54200042724608,215.37448379516601,192.26102880987645,191.0412254317886,186.05229915248057,46.95598186192431,1.913104673872425,2.0414974738169174,-0.12839279994449226,1.2387472155312107,187.69550094604492,205.3456362123443,170.04536567974554,9.160001482282366,56.1190592582381,0.0,0.0,0.0,0.0,0.0
2023-04-06 04:00:00,185.05999755859375,186.38999938964844,179.74000549316406,183.0800018310547,123857900,192.59600219726562,188.30250091552733,191.35460052490234,215.1146004486084,190.95175040055233,190.4715846819605,186.013385364485,46.65916128092818,1.2165345600515138,1.8765048910638369,-0.659970331012323,-6.33667585607498,188.30250091552733,204.5959672999328,172.00903453112187,9.000001089913505,52.77958447933621,0.0,0.0,0.0,0.0,0.0
2023-04-10 04:00:00,184.50999450683594,185.10000610351562,176.11000061035156,179.94000244140625,142154600,192.0060012817383,188.85600051879882,191.83940032958984,214.8567170715332,189.78052205624024,189.90381418909152,185.95442886026348,46.28245308724851,0.6130502153501709,1.6238139559211038,-1.0107637405709329,-3.473711536315438,188.85600051879882,203.71235113779494,173.9996498998027,8.921430315290179,52.83590038611814,0.0,0.0,0.0,0.0,0.0
2023-04-11 04:00:00,186.7899932861328,189.19000244140625,185.64999389648438,186.69000244140625,115770900,191.50400085449218,189.47150039672852,192.01720031738282,214.61531700134276,189.23678955258436,189.60725981738116,185.9871960926505,48.151243852617235,0.31512876283176183,1.3620769173032357,-1.0469481544714738,-2.8248922589151793,189.47150039672852,202.7570291307472,176.18597166270982,8.202145167759486,52.92204465641943,0.0,0.0,0.0,0.0,0.0
2023-04-12 04:00:00,180.5399932861328,191.5800018310547,180.30999755859375,190.74000549316406,150256300,190.63899993896484,189.33550033569335,192.29480010986327,214.28948364257812,187.65555386777498,188.74371062392893,185.77358029631648,43.66663734179907,-0.4204521901422993,1.0055710958141286,-1.426023285956428,-5.183556633658448,189.33550033569335,202.94060111128093,175.73039956010578,8.313573564801898,51.5200307041091,0.0,0.0,0.0,0.0,0.0
2023-04-13 04:00:00,185.89999389648438,186.5,180.94000244140625,182.9600067138672,112933000,189.84099884033202,189.60800018310547,192.5483999633789,213.99438362121583,187.33636114572215,188.47288045941042,185.7785376924015,48.128490036721246,-0.5643921793658251,0.6915784407781379,-1.2559706201439629,-3.0811760269711663,189.60800018310547,202.671283839777,176.54471652643394,7.9778594970703125,52.24568788151869,0.0,0.0,0.0,0.0,0.0
2023-04-14 04:00:00,185.0,186.27999877929688,182.00999450683594,183.9499969482422,96438700,188.81299896240233,189.65149993896483,192.62019989013672,213.7560669708252,186.9115682101363,188.14212993946657,185.7480068025034,47.44891834852555,-0.7425282403930851,0.40475710454389335,-1.1472853449369784,-2.214706055994653,189.65149993896483,202.6435780361983,176.65942184173136,7.910716465541294,51.8335099548474,0.0,0.0,0.0,0.0,0.0
2023-04-17 04:00:00,187.0399932861328,189.69000244140625,182.69000244140625,186.32000732421875,116662200,186.7709976196289,189.99699935913085,192.59559967041017,213.54881690979005,186.93491822395382,188.03716454391096,185.79867293911633,49.19986051993765,-0.7108971629264147,0.18162625104983174,-0.8925234139762465,-3.527961328871443,189.99699935913085,202.27059656707593,177.72340215118578,7.878573826381138,51.25169818875843,0.0,0.0,0.0,0.0,0.0
2023-04-18 04:00:00,184.30999755859375,187.69000244140625,183.5800018310547,187.14999389648438,92067000,185.7249969482422,190.04999923706055,192.48219970703124,213.3480002593994,186.45765992116105,187.68219625959506,185.74029351242916,46.945605720769315,-0.8957910245106291,-0.03385720406226045,-0.8619338204483686,-5.617575424660515,190.04999923706055,202.20954782974368,177.8904506443774,7.677858625139509,51.26933995633836,0.0,0.0,0.0,0.0,0.0
2023-04-19 04:00:00,180.58999633789062,183.5,177.64999389648438,179.10000610351562,125732700,184.52599639892577,189.20049896240235,192.19879974365233,213.11463356018066,185.39081199693004,187.00674864800416,185.53832107421198,43.98800721986284,-1.327194676981577,-0.2925246986461238,-1.0346699783354532,-12.951898923360295,189.20049896240235,201.51794192883273,176.88305599597197,7.717859540666852,42.75090166986077,0.0,0.0,0.0,0.0,0.0
2023-04-20 04:00:00,162.99000549316406,169.6999969482422,160.55999755859375,166.1699981689453,210970800,182.2729965209961,187.79249954223633,191.52239990234375,212.7642502593994,181.3179380871544,184.71943977611463,184.65407340436698,33.299146548481446,-3.054052139585366,-0.8448301868339723,-2.2092219527513937,-16.31668022907691,187.79249954223633,204.73952130143897,170.8454777830337,8.902145385742188,53.36357307329044,0.0,0.0,0.0,0.0,0.0
2023-04-21 04:00:00,165.0800018310547,166.0,161.32000732421875,164.8000030517578,123539000,180.27499694824218,186.4354995727539,190.79820007324219,212.43098358154296,178.3655860405908,182.84901711468035,183.88646275443318,35.30942360385865,-4.205475775473559,-1.5169593045618899,-2.688516470911669,-14.279779695985784,186.4354995727539,206.0294468053578,166.84155234015003,8.342859540666852,53.65755947975549,0.0,0.0,0.0,0.0,0.0
2023-04-24 04:00:00,162.5500030517578,165.64999389648438,158.61000061035156,164.64999389648438,140006600,178.07899780273436,185.04249954223633,189.90279998779297,212.02101692199707,175.4900254971666,180.9157776801163,183.04973884452434,33.97455720835325,-5.261485925296,-2.2658646287087123,-2.995621296587288,-12.381414775610189,185.04249954223633,207.23564418471582,162.84935489975683,7.755715506417411,53.73343506583592,0.0,0.0,0.0,0.0,0.0
2023-04-25 04:00:00,160.6699981689453,163.47000122070312,158.75,159.82000732421875,121999300,175.4669982910156,183.4854995727539,189.1783999633789,211.5705502319336,172.79547507385365,178.9876082028619,182.17210195528594,32.976902222138506,-6.178856250705508,-3.0484629531080714,-3.1303932975974362,-13.179509192377504,183.4854995727539,207.93428274781246,159.03671639769533,7.491430010114398,53.46720308917451,0.0,0.0,0.0,0.0,0.0
2023-04-26 04:00:00,153.75,160.6699981689453,153.13999938964844,160.2899932861328,153364100,172.78799896240236,181.7134994506836,188.36059997558593,211.16758354187013,169.33266142406208,176.584026469256,181.05750972174533,29.53857079861085,-7.379202014851529,-3.914610765456763,-3.464591249394766,-16.671180652870433,181.7134994506836,209.35076695683154,154.07623194453566,7.399286542619977,54.861620846091164,0.0,0.0,0.0,0.0,0.0
2023-04-27 04:00:00,160.19000244140625,160.47999572753906,152.3699951171875,152.63999938964844,127015200,170.21699981689454,180.02899932861328,187.37940002441405,210.80318351745606,167.67035979085193,175.02269084755602,180.23917610290852,36.20494421774686,-7.721817994114758,-4.676052211188362,-3.045765782926396,-14.240586648546838,180.02899932861328,208.63383658271033,151.42416207451623,7.503572736467634,56.59687668474609,0.0,0.0,0.0,0.0,0.0
2023-04-28 04:00:00,164.30999755859375,165.0,157.32000732421875,160.89999389648438,122515800,168.14799957275392,178.48049926757812,186.38079986572265,210.43953353881835,167.05938483953224,174.00243434384532,179.614502434504,40.108823555981274,-7.573590811891592,-5.2555599313290084,-2.318030880562583,-8.98969554176099,178.48049926757812,206.96192951220982,149.99906902294643,7.410000392368862,57.665777031922914,0.0,0.0,0.0,0.0,0.0
2023-05-01 04:00:00,161.8300018310547,163.27999877929688,158.8300018310547,163.1699981689453,109015000,165.6270004272461,176.1989990234375,185.5766000366211,210.05711685180665,166.10858792889996,172.84315505691288,178.9170710382903,38.57846490961292,-7.568984093977491,-5.7182447638587055,-1.8507393301187856,-12.947817566273134,176.1989990234375,202.09955265490305,150.29844539197194,7.467142377580915,51.34463437865886,0.0,0.0,0.0,0.0,0.0
2023-05-02 04:00:00,160.30999755859375,165.49000549316406,158.92999267578125,161.8800048828125,128259700,163.22700042724608,174.47599868774415,184.6166000366211,209.65833351135254,165.05429877066246,171.6495210094539,178.18738188222375,37.63075634679845,-7.6003725151360015,-6.094670314114165,-1.5057022010218368,-13.345947265625002,174.47599868774415,199.752104529272,149.1998928462163,7.130714416503906,47.921087789454184,0.0,0.0,0.0,0.0,0.0
2023-05-03 04:00:00,160.61000061035156,165.0,159.91000366210938,160.00999450683594,119728000,161.2290008544922,172.87749862670898,183.88140014648437,209.25865020751954,164.24624455969683,170.59813811430132,177.49807281273857,37.95472584061246,-7.514418783822094,-6.378620008055751,-1.135798775766343,-14.130663828322954,172.87749862670898,197.36420468658963,148.39079256682834,7.068570818219866,48.07431116369631,0.0,0.0,0.0,0.0,0.0
2023-05-04 04:00:00,161.1999969482422,162.9499969482422,159.64999389648438,162.7100067138672,95108500,161.05,171.66149826049804,183.08820007324218,208.83700019836425,163.69238135761415,169.70307705086714,176.8589325827583,38.629873836425055,-7.314376479811983,-6.565771302406999,-0.7486051774049844,-12.538658193516984,171.66149826049804,195.9191162002817,147.40388032071436,6.999285016741071,47.07179207671483,0.0,0.0,0.0,0.0,0.0
2023-05-05 04:00:00,170.05999755859375,170.7899932861328,163.50999450683594,163.97000122070312,107607300,161.5479995727539,170.91149826049804,182.44799987792967,208.44980018615723,164.85012975779227,169.73706948017445,176.5923076798499,47.81356056870416,-6.3675127857610505,-6.52611959907781,0.15860681331675952,-5.83088708833841,170.91149826049804,194.33819088413645,147.48480563685962,7.184284755161831,51.90209073871381,0.0,0.0,0.0,0.0,0.0
2023-05-08 04:00:00,171.7899932861328,173.8000030517578,169.19000244140625,173.72000122070312,112249400,162.4719985961914,170.2754981994629,181.9461996459961,207.95021682739258,166.11192312658147,169.93258603312287,176.40398162519435,49.40561647955533,-5.415098405766344,-6.303915360415518,0.8888169546491742,5.399096568125361,170.2754981994629,192.8218709332297,147.72912546569611,7.219999040876116,52.13566698681432,0.0,0.0,0.0,0.0,0.0
2023-05-09 04:00:00,169.14999389648438,169.82000732421875,166.55999755859375,168.9499969482422,88965000,163.31999816894532,169.39349822998048,181.17659942626952,207.43475006103515,166.66429963020016,169.85805344868112,176.11951151818613,47.04690310903343,-4.817792521973018,-6.006690792727019,1.1888982707540006,2.4654664528020565,169.39349822998048,190.5574677085779,148.22952875138307,7.117855616978237,51.97828322577145,0.0,0.0,0.0,0.0,0.0
2023-05-10 04:00:00,168.5399932861328,174.42999267578125,166.67999267578125,172.5500030517578,119840700,164.7989974975586,168.79349822998046,180.43319915771485,206.93528343200683,167.00533484036973,169.7325239093908,175.822275509086,46.49455600994648,-4.343575225559334,-5.674067679293483,1.3304924537341485,3.6850139168977503,168.79349822998046,189.2970216144065,148.2899748455544,6.24071284702846,50.83423120026045,0.0,0.0,0.0,0.0,0.0
2023-05-11 04:00:00,172.0800018310547,173.57000732421875,166.7899932861328,168.6999969482422,103889900,165.98799743652344,168.10249862670898,179.81939910888673,206.5013835144043,167.9280015659488,169.95609323526358,175.67551967857497,50.15207700641163,-3.6401441809045707,-5.2672829796157,1.6271387987111297,7.101514776960216,168.10249862670898,187.05114413298492,149.15385312043304,6.390714372907366,50.1843478680331,0.0,0.0,0.0,0.0,0.0
2023-05-12 04:00:00,167.97999572753906,177.3800048828125,167.22999572753906,176.07000732421875,157849600,166.35499725341796,167.25149841308593,179.3609991455078,205.9671834564209,167.93745504987427,169.76789347262317,175.3737344255932,46.2119683441742,-3.374605881459445,-4.888747559984449,1.5141416785250046,9.255281774009138,167.25149841308593,184.45308015192384,150.049916674248,6.612858363560268,50.708005934558166,0.0,0.0,0.0,0.0,0.0
2023-05-15 04:00:00,166.35000610351562,169.75999450683594,164.5500030517578,167.66000366210938,105592500,166.80699768066407,166.21699905395508,178.73219940185547,205.39443351745606,167.64882796871814,169.44238038985102,175.0198627266882,44.70816468421571,-3.25813366949194,-4.5626247818859476,1.3044911123940075,3.8454357751586565,166.21699905395508,180.67800177505143,151.75599633285873,6.647857666015625,50.40904959992364,0.0,0.0,0.0,0.0,0.0
2023-05-16 04:00:00,166.52000427246094,169.52000427246094,164.35000610351562,165.64999389648438,98288800,167.4279983520508,165.32749938964844,178.18639953613283,204.74128356933593,167.44358729667135,169.16405885486148,174.68653494416947,44.90951732733516,-3.1161896760460763,-4.273337760717974,1.1571480846718973,1.345022668556184,165.32749938964844,177.02755672455464,153.62744205474223,6.479286193847656,50.33405833736009,0.0,0.0,0.0,0.0,0.0
2023-05-17 04:00:00,173.86000061035156,174.5,167.19000244140625,168.41000366210938,125473600,168.75299835205078,164.9909996032715,177.9093994140625,204.1242002105713,168.61020789915864,169.6112914030034,174.65412183303937,52.887117849686895,-2.383941088118064,-3.895458426197992,1.511517338079928,7.433725911871281,164.9909996032715,175.12514194386296,154.85685726268002,6.470000130789621,52.79912256338011,0.0,0.0,0.0,0.0,0.0
2023-05-18 04:00:00,176.88999938964844,177.05999755859375,172.4499969482422,174.22000122070312,109520300,170.3219985961914,165.6859992980957,177.80719940185546,203.50571685791016,170.11562453379315,170.3045016874458,174.74180330584758,55.736635944277275,-1.5413653278531285,-3.4246398065290196,1.883274478675891,10.34246278058526,165.6859992980957,177.07159242573226,154.30040617045915,6.250714983258929,39.01526809563233,0.0,0.0,0.0,0.0,0.0
2023-05-19 04:00:00,180.13999938964844,181.9499969482422,176.30999755859375,177.1699981689453,136196700,171.3299987792969,166.4389991760254,177.95159942626952,202.86943351745606,171.93823814394864,171.24121575432224,174.95349726991822,58.62713562818241,-0.6044029478409811,-2.860592434791412,2.2561894869504306,12.159889611530295,166.4389991760254,179.52142154158471,153.35657681046607,6.262143816266741,39.22366353998728,0.0,0.0,0.0,0.0,0.0
2023-05-22 04:00:00,188.8699951171875,189.32000732421875,180.11000061035156,180.6999969482422,132001400,173.03799896240236,167.75499877929687,178.26019927978516,202.27061683654784,175.01673941181025,172.92014712221416,175.4992422835366,65.20087123823137,0.8329820853949172,-2.121877530754146,2.9548596161490632,17.165011596017308,167.75499877929687,184.08288657874095,151.42711097985278,6.451429094587054,41.388068256803805,0.0,0.0,0.0,0.0,0.0
2023-05-23 04:00:00,185.77000427246094,192.9600067138672,185.25999450683594,186.1999969482422,156952100,174.7,169.00999908447267,178.4859994506836,201.7586167907715,176.9718784773831,174.1439430412853,175.90201726349443,61.46610519125348,1.7023530601697132,-1.357031412569374,3.0593844727390875,9.237920110197773,169.00999908447267,186.83483270093154,151.1851654680138,6.637858799525669,41.7241149961055,0.0,0.0,0.0,0.0,0.0
2023-05-24 04:00:00,182.89999389648438,184.22000122070312,178.22000122070312,182.22999572753906,137605100,176.13600006103516,170.46749877929688,178.47879943847656,201.22100006103517,178.0497176444924,174.97785264654235,176.17644771969012,58.14537986741328,2.1351374342296765,-0.6585976432095639,2.7937350774392407,6.4671989315738365,170.46749877929688,187.798763928974,153.13623362961974,6.941430228097098,38.28471371548316,0.0,0.0,0.0,0.0,0.0
2023-05-25 04:00:00,184.47000122070312,186.77999877929688,180.5800018310547,186.5399932861328,96870700,177.375,171.6814987182617,178.55919952392577,200.72668334960937,179.21704193107618,175.88186679646242,176.5016851118867,59.43641046040316,2.5751242097501574,-0.011853272617619703,2.586977482367777,9.057054612484471,171.6814987182617,189.37918097584958,153.98381646067384,6.699287414550781,36.26098083917492,0.0,0.0,0.0,0.0,0.0
2023-05-26 04:00:00,193.1699981689453,198.60000610351562,184.52999877929688,184.6199951171875,162061500,179.8940002441406,173.1244987487793,178.73999938964843,200.22075004577636,181.7539430652342,177.52835549860367,177.15534444745762,65.7423867848965,3.5845138991516308,0.7074201617362305,2.8770937374154,14.613745024302794,173.1244987487793,192.878295956904,153.3707015406546,7.3792877197265625,38.437208824166305,0.0,0.0,0.0,0.0,0.0
2023-05-30 04:00:00,201.16000366210938,204.47999572753906,197.52999877929688,200.10000610351562,128818700,183.375,175.09099884033202,179.16059936523436,199.79340003967286,185.2823177192115,179.7789886570328,178.09670363234594,70.30771711495882,4.971876471223965,1.5603114236337774,3.4115650475901873,16.89911757416469,175.09099884033202,197.73046516091094,152.4515325197531,7.813573564801898,39.079780261024574,0.0,0.0,0.0,0.0,0.0
2023-05-31 04:00:00,203.92999267578125,203.9499969482422,195.1199951171875,199.77999877929688,150711700,187.11599884033203,177.2719985961914,179.57419921875,199.31290000915527,188.67280407495144,182.079084277866,179.10977379091202,71.71501708384707,6.223149672984107,2.4928790735038433,3.7302705994802636,21.40135603203166,177.2719985961914,202.20418107685026,152.33981611553253,7.890716552734375,38.316862674664996,0.0,0.0,0.0,0.0,0.0
2023-06-01 04:00:00,207.52000427246094,209.8000030517578,199.3699951171875,202.58999633789062,148029900,190.48199920654298,179.61749877929688,179.77299926757811,198.8038999938965,192.09956774722588,184.502029039256,180.22390047646297,73.47003765139469,7.418955531956016,3.478094365194278,3.9408611667617377,24.74902113518782,179.61749877929688,206.68450115552383,152.55049640306993,8.151430402483259,38.15130149078511,0.0,0.0,0.0,0.0,0.0
2023-06-02 04:00:00,213.97000122070312,217.25,209.75,210.14999389648438,164398400,194.18999938964845,182.25599899291993,180.2293994140625,198.34093338012696,196.07601019694903,187.3085025803462,181.5472769762371,76.31366392212848,8.785823633495141,4.539640218854451,4.24618341464069,28.495073102811276,182.25599899291993,211.92651888799375,152.5854790978461,8.121429443359375,38.485944601274255,0.0,0.0,0.0,0.0,0.0
2023-06-05 04:00:00,217.61000061035156,221.2899932861328,214.52000427246094,217.8000030517578,151143100,197.93699951171874,184.6334991455078,180.73719940185546,197.90900001525878,199.99128118120402,190.1943595355848,182.9615014324769,77.76227788871432,10.046978665687249,5.641107908221011,4.4058707574662375,25.16392490878385,184.6334991455078,217.62385389664217,151.64314439437345,8.272143772670201,35.43525210555198,0.0,0.0,0.0,0.0,0.0
2023-06-06 04:00:00,221.30999755859375,221.91000366210938,212.52999877929688,216.13999938964844,146911600,201.18099975585938,187.10949935913087,181.35519927978515,197.5012000274658,203.86741143163852,193.15775363301424,184.46536402565795,79.15763845258743,11.215724060960355,6.75603113876888,4.459692922191475,25.11165036023215,187.10949935913087,223.31745140315195,150.90154731510978,8.572858537946429,35.455176360131695,0.0,0.0,0.0,0.0,0.0
2023-06-07 04:00:00,224.57000732421875,230.8300018310547,223.1999969482422,228.0,185710800,205.06100006103514,189.88050003051757,182.01039947509764,197.14071678161622,207.63151977574398,196.14939684170037,186.03809513540543,80.32883159472652,12.263651015073634,7.857555114029832,4.406095901043802,24.66415459370954,189.88050003051757,228.69043346982966,151.07056659120548,8.682859148297991,33.83630196173979,0.0,0.0,0.0,0.0,0.0
2023-06-08 04:00:00,234.86000061035156,235.22999572753906,223.00999450683594,224.22000122070312,164489700,210.2570007324219,193.1965003967285,182.92379943847655,196.86545013427735,212.58215265476352,199.83612101014333,187.9526796638347,83.48366330171899,13.765773865024016,9.03919886422867,4.726575000795346,24.350085604983907,193.1965003967285,235.50445164682645,150.88854914663057,9.22643062046596,34.864515958458504,0.0,0.0,0.0,0.0,0.0
2023-06-09 04:00:00,244.39999389648438,252.4199981689453,242.02000427246094,249.07000732421875,200242400,216.25,196.8125,183.93419921875,196.60518341064454,218.36721469871276,204.08029938027104,190.16629982982096,85.76333346110579,15.546800931371507,10.340719277657238,5.20608165371427,31.560525529209404,196.8125,243.6418771550035,149.9831228449965,10.077859061104911,35.84807255835493,0.0,0.0,0.0,0.0,0.0
2023-06-12 04:00:00,249.8300018310547,250.97000122070312,244.58999633789062,247.94000244140625,150337900,221.91600036621094,200.90500030517578,185.02519927978517,196.3688500213623,224.08772145004764,208.4374138993933,192.5060528494772,86.8738681470376,17.198184013103855,11.712212224746562,5.485971788357293,36.59377264520336,200.90500030517578,251.29563478436734,150.5143658259842,9.889287676130023,32.28212824414282,0.0,0.0,0.0,0.0,0.0
2023-06-13 04:00:00,258.7099914550781,259.67999267578125,251.33999633789062,253.50999450683594,162384300,227.6709991455078,205.52299957275392,186.05019897460937,196.1820499420166,230.38267963278045,213.22527842850613,195.10228573597135,88.45931625592951,19.004387206541537,13.170647221105558,5.8337399854359795,40.245020731339935,205.52299957275392,259.3885773677176,151.65742177779026,10.042857578822545,30.671237962805137,0.0,0.0,0.0,0.0,0.0
2023-06-14 04:00:00,256.7900085449219,261.57000732421875,250.5,260.1700134277344,170575500,232.95700073242188,210.03649978637696,187.29059906005858,196.02555000305176,235.1840121622607,217.37430034435525,197.52141212063609,86.03949812523629,20.049768425586592,14.546471462001765,5.503296963584827,32.93472639593591,210.03649978637696,265.25237492753786,154.82062464521607,10.294286455426898,31.58818021320467,0.0,0.0,0.0,0.0,0.0
2023-06-15 04:00:00,255.89999389648438,258.95001220703125,247.2899932861328,248.39999389648438,160171200,237.7949996948242,214.13849945068358,188.5569989013672,195.8809499359131,238.95055429575592,221.0434140159866,199.81076826870859,84.88037146548078,20.569313586209972,15.751039886843408,4.818273699366564,27.212164067327404,214.13849945068358,270.2210684577538,158.05593044361336,10.684288024902344,31.704440297984256,0.0,0.0,0.0,0.0,0.0
2023-06-16 04:00:00,260.5400085449219,263.6000061035156,257.2099914550781,258.9200134277344,167915600,242.4520004272461,218.32099990844728,190.0573989868164,195.79514991760254,242.8759096137861,224.80499444731376,202.19230710306988,85.94357130061964,21.1121001246226,16.82325193439925,4.2888481902233515,27.75953410597245,218.32099990844728,275.17861002427713,161.4633897926174,10.225002833775111,31.698726873825166,0.0,0.0,0.0,0.0,0.0
2023-06-20 04:00:00,274.45001220703125,274.75,261.1199951171875,261.5,165611200,248.13600158691406,223.0365005493164,191.84519927978516,195.7893500518799,248.61665553983065,229.53309137681066,205.02594259734286,88.54426552974907,22.406396421215334,17.939880831762466,4.466515589452868,32.252316189573385,223.0365005493164,282.1593885895136,163.91361250911922,10.432145254952568,33.8620283927454,0.0,0.0,0.0,0.0,0.0
2023-06-21 04:00:00,259.4599914550781,276.989990234375,257.7799987792969,275.1300048828125,211797100,251.9510009765625,226.56600036621094,193.34419921875,195.70084999084472,250.58817116078473,232.38327233664566,207.16061117999914,72.89269328407957,21.96931754606848,18.74576817462367,3.223549371444811,21.25998503288018,226.56600036621094,285.5287427427754,167.60325798964647,11.173573085239955,41.80759215358796,0.0,0.0,0.0,0.0,0.0
2023-06-22 04:00:00,264.6099853515625,265.0,248.25,250.77000427246094,166875900,255.9549987792969,230.50799942016602,194.9005990600586,195.67284996032714,253.1375919227443,235.4524830999711,209.41352781417808,74.55671818997965,21.78733996274056,19.354082532247048,2.433257430493512,21.598265065661316,230.50799942016602,288.52091642308517,172.49508241724683,11.625001089913505,39.98209248376014,0.0,0.0,0.0,0.0,0.0
2023-06-23 04:00:00,256.6000061035156,262.45001220703125,252.8000030517578,259.2900085449219,177460800,258.1289993286133,234.19300003051757,196.42179931640624,195.58374992370605,253.7671217737936,237.4665329098325,211.2639779431717,67.6054430951423,20.75750345501561,19.634766716800762,1.1227367382148472,15.94596219521376,234.19300003051757,288.7318400660397,179.6541599949954,11.773571559361049,41.93248167595428,0.0,0.0,0.0,0.0,0.0
2023-06-26 04:00:00,241.0500030517578,258.3699951171875,240.6999969482422,250.07000732421875,179990600,257.79400024414065,237.02200012207032,197.52479949951172,195.3704998779297,251.45491836978707,237.80781578049206,212.43205735919472,56.57727260203371,18.473642660446842,19.40254190552998,-0.9288992450831373,7.338466932383536,237.02200012207032,286.3189118293946,187.72508841474604,12.512857709612165,50.23259570815715,0.0,0.0,0.0,0.0,0.0
2023-06-27 04:00:00,250.2100067138672,250.38999938964844,240.85000610351562,243.24000549316406,164968200,257.8320007324219,239.8740005493164,198.82899963378907,195.1752498626709,251.22857079598344,238.9889768217659,213.91354556918188,60.649414123626045,17.204479735634465,18.962929471550876,-1.758449735916411,6.5358111486094606,239.8740005493164,284.90411551873814,194.84388557989465,12.524285452706474,49.52944624293561,0.0,0.0,0.0,0.0,0.0
2023-06-28 04:00:00,256.239990234375,259.8800048828125,248.88999938964844,249.6999969482422,159770800,257.5850006103516,242.62799987792968,200.21299957275392,194.95804985046388,252.13973796660008,240.63193048010962,215.57340614428747,63.10247412983991,16.49508319805122,18.469360216850944,-1.9742770187997252,4.84451580751899,242.62799987792968,284.3009376436096,200.95506211224978,12.629285539899554,48.61143424952735,0.0,0.0,0.0,0.0,0.0
2023-06-29 04:00:00,257.5,260.739990234375,253.61000061035156,258.0299987792969,131283400,257.6559997558594,245.30650024414064,201.67679962158203,194.7234497833252,253.11433106358186,242.23841329152773,217.21758629549188,63.61291646428166,15.851823633407065,17.94585290016217,-2.094029266755104,3.070086904186975,245.30650024414064,283.22376090630814,207.3892395819731,12.265713282993861,48.68528510859226,0.0,0.0,0.0,0.0,0.0
2023-06-30 04:00:00,261.7699890136719,264.45001220703125,259.8900146484375,260.6000061035156,112620800,258.2429992675781,248.01899948120118,203.30039947509766,194.5716497039795,254.6880870545073,244.0985633603034,218.96473934326363,65.36172868629566,15.507823683469866,17.45824705682371,-1.9504233733538427,1.1827906380357467,248.01899948120118,282.12483401526583,213.9131649471365,11.507857186453682,48.671543191677834,0.0,0.0,0.0,0.0,0.0
2023-07-03 04:00:00,279.82000732421875,284.25,275.1099853515625,276.489990234375,119685900,260.17099914550784,251.31149978637694,205.63699951171876,194.45769981384277,259.2575271035457,247.50060564258106,221.351220440556,71.57983448831389,16.501468218309498,17.266891289120867,-0.7654230708113694,8.968416999475304,251.31149978637694,284.272070843979,218.35092872877485,12.644286019461495,52.34520090197906,0.0,0.0,0.0,0.0,0.0
2023-07-05 04:00:00,282.4800109863281,283.8500061035156,277.6000061035156,278.82000732421875,131530900,260.9739990234375,254.55500030517578,207.9849996948242,194.3513498687744,263.47979690041524,250.8319775800808,223.74842791293923,72.36709366866286,17.30410775320047,17.274334581936788,0.029773171263681064,10.386876797111523,254.55500030517578,286.2963084150763,222.8136921952753,12.387143816266741,52.35619522628727,0.0,0.0,0.0,0.0,0.0
2023-07-06 04:00:00,276.5400085449219,279.9700012207031,272.8800048828125,278.0899963378906,120332100,262.6820007324219,257.3165008544922,210.2647998046875,194.21729988098144,265.8543808357801,253.28036148149425,225.81868597693855,67.84735695020018,17.261912233892247,17.271850112327883,-0.009937878435636094,6.141091377619001,257.3165008544922,286.37639623051365,228.25660547847073,12.282143729073661,53.754827226212,0.0,0.0,0.0,0.0,0.0
2023-07-07 04:00:00,274.42999267578125,280.7799987792969,273.7699890136719,278.42999267578125,113879200,263.66400146484375,259.8095001220703,212.53999969482422,194.04409980773926,267.4135829885075,255.29461207142637,227.72501172983436,66.2641616384731,16.863815763575275,17.190243242577363,-0.32642747900208846,-0.007294418057779417,259.8095001220703,285.38706460567454,234.23193563846604,11.950000217982701,54.174622574297004,0.0,0.0,0.0,0.0,0.0
2023-07-10 04:00:00,269.6099853515625,277.5199890136719,265.1000061035156,276.4700012207031,119425400,264.9649993896484,261.54699935913084,214.85719940185547,193.84849967956544,267.81292887269933,256.65798095524883,229.3675597150002,62.66678714883047,15.975234574203228,16.947241508902536,-0.9720069346993085,3.911968793170062,261.54699935913084,284.5833550020521,238.51064371620956,12.28714098249163,53.37996798527249,0.0,0.0,0.0,0.0,0.0
2023-07-11 04:00:00,269.7900085449219,270.8999938964844,266.3699951171875,268.6499938964844,91972400,267.83899993896483,262.8165000915527,217.04919952392578,193.6934497833252,268.1723979040125,257.9086502495034,230.95275378676183,62.74813020129384,15.111359599958007,16.58006512711363,-1.468705527155624,1.9576068478584396,262.8165000915527,284.64065256496275,240.99234761814267,11.59571293422154,51.9530816951694,0.0,0.0,0.0,0.0,0.0
2023-07-12 04:00:00,271.989990234375,276.5199890136719,271.4599914550781,276.3299865722656,95672100,270.0169982910156,263.92449951171875,219.2027993774414,193.61044975280763,268.866505600442,259.24973024806263,232.5620571768643,63.78654379169425,14.43782236630392,16.15161657495169,-1.7137942086477693,5.997655403270286,263.92449951171875,285.21618446220623,242.6328145612313,10.704283578055245,51.590112229904385,0.0,0.0,0.0,0.0,0.0
2023-07-13 04:00:00,277.8999938964844,279.45001220703125,270.6000061035156,274.5899963378906,112681500,272.18299865722656,264.8839996337891,221.52419921875,193.6232997894287,270.5089580179042,261.0259458336266,234.3400154795945,66.48902520288837,14.2170419498338,15.764701649928112,-1.5476597000943126,15.287280804063785,264.8839996337891,286.90339690785373,242.86460235972442,10.139998299734932,50.7225126223288,0.0,0.0,0.0,0.0,0.0
2023-07-14 04:00:00,281.3800048828125,285.29998779296875,276.30999755859375,277.010009765625,120062400,274.5709991455078,266.1134994506836,223.9455993652344,193.65014976501465,272.4855119933421,262.9644276478348,236.1847209463874,68.00320273448266,14.159655981994945,15.443692516341478,-1.2840365343465336,12.457534603957864,266.1134994506836,288.9604866707985,243.2665122305687,9.938570295061384,50.61720943618505,0.0,0.0,0.0,0.0,0.0
2023-07-17 04:00:00,290.3800048828125,292.2300109863281,283.57000732421875,286.6300048828125,131569600,277.4320007324219,267.8375,226.5409994506836,193.68734977722167,275.73905615506396,265.57543500354694,238.3100261987962,71.57975175026915,14.671280582896202,15.289210129652423,-0.6179295467562209,13.323452993114259,267.8375,292.56562994918295,243.109370050817,9.451428004673549,51.38307587327009,0.0,0.0,0.0,0.0,0.0
2023-07-18 04:00:00,293.3399963378906,295.260009765625,286.010009765625,290.1499938964844,112120300,278.78399963378905,269.4774993896484,229.18379943847657,193.71499977111816,278.9392270973961,268.2196789401511,240.46806424346659,72.66207227425292,15.141056661695188,15.259579436060978,-0.11852277436578973,13.91844517976335,269.4774993896484,296.4194015191478,242.53559726014902,9.430714198521205,51.22869864133693,0.0,0.0,0.0,0.0,0.0
2023-07-19 04:00:00,291.260009765625,299.2900085449219,289.5199890136719,296.0400085449219,142355400,279.66199951171876,270.3179992675781,231.60779968261718,193.8302498626709,281.1793694007104,270.4139961616248,242.45990524433554,70.62666426558468,15.17064233405847,15.241792015660478,-0.07114968160200696,11.265623253096791,270.3179992675781,298.91128888467176,241.7247096504844,9.343572344098773,48.291681019683544,0.0,0.0,0.0,0.0,0.0
2023-07-20 04:00:00,262.8999938964844,280.92999267578125,261.20001220703125,279.55999755859375,175158300,278.297998046875,270.48999938964846,233.42999969482423,193.81849983215332,277.8558465817602,269.6983768982781,243.26147734834137,50.0431689677102,12.758599730718629,14.745153558672108,-1.986553827953479,-6.046748976076499,270.48999938964846,298.8487009857989,242.131297793498,10.981430053710938,56.74976553335876,0.0,0.0,0.0,0.0,0.0
2023-07-21 04:00:00,260.0199890136719,268.0,255.8000030517578,268.0,161796100,276.85699768066405,270.26049957275393,235.24739959716797,193.90659980773927,274.6129633875623,268.7766256711728,243.91867388423668,48.49741469550514,10.493681635105872,13.894859173958862,-3.4011775388529895,-7.9510128501599775,270.26049957275393,298.89253514907824,241.62846399642962,11.356428963797432,56.465635356042334,0.0,0.0,0.0,0.0,0.0
2023-07-24 04:00:00,269.05999755859375,269.8500061035156,254.1199951171875,255.85000610351562,136508500,276.8019989013672,270.8834991455078,237.2577996826172,194.0046997833252,273.6033332368407,268.8036134699748,244.9046081459762,53.36656680740585,9.320727322923176,12.980032803751726,-3.65930548082855,-2.7048567133869383,270.8834991455078,298.79723277655273,242.9697655144629,10.874286106654576,56.60017481626486,0.0,0.0,0.0,0.0,0.0
2023-07-25 04:00:00,265.2799987792969,272.8999938964844,265.0,272.3800048828125,112757300,276.3509979248047,272.0949989318848,239.12179962158203,194.12704978942872,272.0899996991054,268.46803111848163,245.7036430727731,51.18737877823458,7.993988545252989,11.98282395205198,-3.988835406798991,-3.334181445427653,272.0949989318848,296.430788419144,247.7592094446256,10.992142813546318,51.878380472996334,0.0,0.0,0.0,0.0,0.0
2023-07-26 04:00:00,264.3500061035156,268.0400085449219,261.75,263.25,95856200,275.5869995117188,272.8019989013672,241.04919982910155,194.25814979553223,270.6827281362709,268.07583825991344,246.43487299554732,50.63949635279356,6.789233807468975,10.944105923135378,-4.154872115666404,-1.9509586194250361,272.8019989013672,295.2056200266311,250.39837777610327,10.755714416503906,50.4838254437619,0.0,0.0,0.0,0.0,0.0
2023-07-27 04:00:00,255.7100067138672,269.1300048828125,255.3000030517578,268.30999755859375,103697300,273.36800079345704,272.7754997253418,242.8363998413086,194.42134979248047,267.9604151503793,266.89814001743287,246.7986037295991,45.74114047238997,5.078736739005592,9.771032086309422,-4.69229534730383,-5.218874452391098,272.7754997253418,295.2627015098713,250.28829794081224,11.242856706891741,51.38824921053677,0.0,0.0,0.0,0.0,0.0
2023-07-28 04:00:00,266.44000244140625,267.25,258.2300109863281,259.8599853515625,111446000,271.8740005493164,273.2224998474121,244.8347998046875,194.63874977111817,267.6839764760205,266.8545078673351,247.5688546594739,51.95649823534567,4.536680441534543,8.724161757354446,-4.187481315819904,-2.0405117806674755,273.2224998474121,294.76684389092253,251.6781558039017,11.180000305175781,53.4602476940677,0.0,0.0,0.0,0.0,0.0
2023-07-31 04:00:00,267.42999267578125,269.0799865722656,263.7799987792969,267.4800109863281,84582200,269.5789993286133,273.50550003051757,246.7061996459961,194.89339973449708,267.63779760324974,266.90931594433,248.34772281697616,52.49716668827669,4.1392659771237845,7.807182601308314,-3.66791662418453,-3.767542803402546,273.50550003051757,294.5595430932901,252.45145696774503,11.234999520438057,53.19741483284864,0.0,0.0,0.0,0.0,0.0
2023-08-01 04:00:00,261.07000732421875,266.4700012207031,260.25,266.260009765625,83166000,266.3520004272461,272.56800003051757,248.3897998046875,195.11254974365235,266.44365391615315,266.3531913138432,248.84663593490725,48.70506162859196,3.2733809871943436,6.900422278485521,-3.627041291291177,-7.217996021804163,272.56800003051757,294.10248065851863,251.0335194025165,11.267143249511719,47.508296839947775,0.0,0.0,0.0,0.0,0.0
2023-08-02 04:00:00,254.11000061035156,259.5199890136719,250.49000549316406,255.57000732421875,101752900,262.6369995117187,271.1494995117188,249.86919982910158,195.2744997406006,264.2011714969165,265.18717315160586,249.05304239276782,44.88407918288841,2.00246336848312,5.92083049648504,-3.91836712800192,-12.490530912105424,271.1494995117188,293.65069350380173,248.64830551963584,11.390714372907366,47.97546840487835,0.0,0.0,0.0,0.0,0.0
2023-08-03 04:00:00,259.32000732421875,260.489990234375,252.0,252.0399932861328,97569100,262.2790008544922,270.2884994506836,251.27820007324217,195.54614974975587,263.31368710188053,264.6283954537595,249.45566846851102,48.162454580462764,1.3995231672545287,5.016569030638938,-3.6170458633844094,-11.597460093537714,270.2884994506836,293.2346405011129,247.34235840025434,11.35500008719308,48.379097600252734,0.0,0.0,0.0,0.0,0.0
2023-08-04 04:00:00,253.86000061035156,264.7699890136719,253.11000061035156,260.9700012207031,99539900,261.66300201416016,269.25999984741213,252.64,195.71869972229004,261.5948350125116,263.6028340401016,249.6283873760342,45.132666945557176,0.4756290476101981,4.108381034033191,-3.632751986422993,-12.840763545043131,269.25999984741213,293.2450082247478,245.2749914700765,11.412855965750557,48.79148358790465,0.0,0.0,0.0,0.0,0.0
2023-08-07 04:00:00,251.4499969482422,253.64999389648438,242.75999450683594,251.4499969482422,111097900,259.902001953125,268.3520004272461,254.01100006103516,195.87499969482423,259.75031900082627,262.44542098373404,249.69982304553255,43.82225598506734,-0.44589090005848675,3.1975266472148554,-3.643417547273342,-4.355267103106353,268.3520004272461,293.6217761414278,243.0822247130644,11.544999258858818,48.56489929801297,0.0,0.0,0.0,0.0,0.0
2023-08-08 04:00:00,249.6999969482422,250.9199981689453,245.00999450683594,247.4499969482422,96642200,258.34400177001953,267.3474998474121,255.31559997558594,196.01329971313476,257.92298771853825,261.23157107559194,249.69982986524667,42.84936114401979,-1.3023992248694185,2.2975414727980006,-3.599940697667419,-3.968922583443024,267.3474998474121,293.93921351599096,240.75578617883323,11.307140895298549,48.563504005168994,0.0,0.0,0.0,0.0,0.0
2023-08-09 04:00:00,242.19000244140625,251.10000610351562,241.89999389648438,250.8699951171875,101596300,256.1280014038086,265.85750045776365,256.29600006103516,196.1878497314453,255.06244494087787,259.4180883485266,249.40532682901764,38.862024996713714,-2.55769848018258,1.3264934822018843,-3.8841919623844645,-9.986618360589251,265.85750045776365,294.6059974081951,237.10900350733223,9.817141941615514,49.24794432837887,0.0,0.0,0.0,0.0,0.0
2023-08-10 04:00:00,245.33999633789062,251.8000030517578,243.0,245.39999389648438,109498600,255.09100036621095,264.229500579834,257.1795999145508,196.34234970092774,253.294727013062,258.077317680847,249.2459021038754,41.328193436618434,-3.2607659223160113,0.40904160129830536,-3.669807523614317,-7.516587203393199,264.229500579834,293.78302034653655,234.67598081313147,9.632142203194755,48.707016903193676,0.0,0.0,0.0,0.0,0.0
2023-08-11 04:00:00,242.64999389648438,243.7899932861328,238.02000427246094,241.77000427246094,99038600,252.71199951171874,262.2930000305176,257.95399993896484,196.49934967041017,251.359320991866,256.60804874900293,248.9872390369189,39.8498805758506,-3.98902960111036,-0.4705726391834278,-3.5184569619269324,-8.208818500474646,262.2930000305176,292.1883777533427,232.39762230769247,9.031426565987724,48.24966158569631,0.0,0.0,0.0,0.0,0.0
2023-08-14 04:00:00,239.75999450683594,240.66000366210938,233.75,235.6999969482422,98595300,249.94499969482422,259.7619995117187,258.59879974365236,196.5860496520996,249.25035254004234,255.00347215451083,248.625386310249,38.26620896136301,-4.744688792489711,-1.3253958698446846,-3.4192929226450266,-6.237539317293472,259.7619995117187,288.17982885764934,231.34417016578814,9.102855137416295,46.01886756233038,0.0,0.0,0.0,0.0,0.0
2023-08-15 04:00:00,232.9600067138672,240.5,232.61000061035156,238.72999572753906,88197600,247.13399963378907,256.7430000305176,258.9785998535156,196.6276496887207,246.28847148073777,252.90409449349715,248.0110576986262,34.76531217368486,-5.825108110616441,-2.225338317999036,-3.599769792617405,-12.56567911002845,256.7430000305176,282.8784756475742,230.60752441346096,9.217140197753906,45.907590673690734,0.0,0.0,0.0,0.0,0.0
2023-08-16 04:00:00,225.60000610351562,233.97000122070312,225.3800048828125,228.02000427246094,112484500,244.28300018310546,253.45999984741212,259.1383999633789,196.63019973754882,242.5269323212428,250.30370512302272,247.1321929301905,31.41520871984885,-7.192330039768109,-3.2187366623528506,-3.9735933774152583,-15.641471681517116,253.45999984741212,277.7713572229907,229.1486424718336,8.84285409109933,46.448175844029414,0.0,0.0,0.0,0.0,0.0
2023-08-17 04:00:00,219.22000122070312,226.74000549316406,218.8300018310547,226.05999755859375,120718400,240.27299957275392,251.27600021362304,259.0966000366211,196.58369972229005,238.28930848478103,247.34335237042086,246.03759717687728,28.822402236344487,-8.690497695256425,-4.313088868933566,-4.37740882632286,-16.030185363860184,251.27600021362304,279.54283736902437,223.0091630582217,8.583569117954799,34.63110202530335,0.0,0.0,0.0,0.0,0.0
2023-08-18 04:00:00,215.49000549316406,217.5800018310547,212.36000061035156,214.1199951171875,136276600,236.43600006103514,249.04950103759765,258.915,196.5234497833252,234.1439806681234,244.30970028687258,244.83965240496696,27.39865964051897,-10.062788278872802,-5.4630287509214135,-4.599759527951388,-15.198140578657037,249.04950103759765,281.16885411339877,216.93014796179654,8.694998604910714,34.74729006089895,0.0,0.0,0.0,0.0,0.0
2023-08-21 04:00:00,231.27999877929688,232.1300048828125,220.5800018310547,221.5500030517578,135702700,234.41900024414062,247.1605010986328,258.8433999633789,196.54074974060057,233.62325668833674,243.06877633377013,244.30790128239167,40.74305387810382,-9.763668465104388,-6.323156693758008,-3.4405117713463795,-10.812898254265601,247.1605010986328,278.7643643656138,215.5566378316518,9.370713370186943,42.92469397337382,0.0,0.0,0.0,0.0,0.0
2023-08-22 04:00:00,233.19000244140625,240.82000732421875,229.5500030517578,240.25,130442800,232.76800079345702,245.55600128173828,258.6192001342773,196.63179977416993,233.54448318889482,242.12794072497357,243.87190524941184,42.128706453020754,-9.265683493065069,-6.911662053619421,-2.3540214394456482,-8.142282407330326,245.55600128173828,276.53881508118906,214.5731874822875,9.419999258858818,43.1819458861841,0.0,0.0,0.0,0.0,0.0
2023-08-23 04:00:00,236.86000061035156,238.97999572753906,229.2899932861328,229.33999633789062,101077600,232.23500061035156,244.18150100708007,258.3598001098633,196.7395497894287,234.14730453825058,241.62623214262862,243.5969285968997,44.799700102966135,-8.477169105562126,-7.224763464007962,-1.252405641554164,-5.80234500495691,244.18150100708007,274.07362585366934,214.2893761604908,9.505714416503906,43.868987841667625,0.0,0.0,0.0,0.0,0.0
2023-08-24 04:00:00,230.0399932861328,238.9199981689453,228.17999267578125,238.66000366210938,99777400,230.7050003051758,242.89800033569335,257.78640014648437,196.85239974975585,233.40052067422914,240.52278082296235,243.06528407490885,41.011611111651895,-8.306827430612174,-7.441176257328805,-0.8656511732833687,-7.873449700595914,242.89800033569335,272.910065188912,212.88593548247474,9.440001351492745,43.56544123769533,0.0,0.0,0.0,0.0,0.0
2023-08-25 04:00:00,238.58999633789062,239.0,230.35000610351562,231.30999755859375,106612200,230.29900054931642,241.50550003051757,257.4223999023437,197.05994972229004,234.34406170398577,240.33870611009837,242.8897825950258,47.055694332888486,-7.396652627811875,-7.432271531425419,0.03561890361354436,-1.4864387741961305,241.50550003051757,269.4301771681015,213.5808228929336,9.287144252232142,42.909424750038674,0.0,0.0,0.0,0.0,0.0
2023-08-28 04:00:00,238.82000732421875,244.3800048828125,235.35000610351562,242.5800018310547,107673700,230.2050018310547,240.07500076293945,257.08080017089844,197.29754974365235,235.15786999857357,240.1940681304908,242.73018356479807,47.21239212479472,-6.580911918699286,-7.261999608880193,0.6810876901809069,-2.657532041653865,240.07500076293945,265.1986824280741,214.9513190978048,9.472143990652901,42.84497097384916,0.0,0.0,0.0,0.0,0.0
2023-08-29 04:00:00,257.17999267578125,257.4800109863281,237.77000427246094,238.5800018310547,134047600,232.6270004272461,239.88050003051757,257.01359985351564,197.6954997253418,239.16189230352043,241.81177523004226,243.29684274562092,57.918728943694006,-4.402188464213481,-6.690037379946851,2.2878489157333703,5.98804827726287,239.88050003051757,264.3720921177038,215.38890794333136,10.222857883998326,51.175428577980455,0.0,0.0,0.0,0.0,0.0
2023-08-30 04:00:00,256.8999938964844,260.510009765625,250.58999633789062,254.1999969482422,121988400,235.75699920654296,240.0199996948242,256.6625994873047,198.02639968872072,242.38700168405933,243.24874843637008,243.83029965349792,57.72644093876746,-2.6673800937857663,-5.885505922714635,3.2181258289288683,7.148815391368291,240.0199996948242,264.8818333726343,215.15816601701414,10.245001656668526,50.222524166794415,0.0,0.0,0.0,0.0,0.0
2023-08-31 04:00:00,258.0799865722656,261.17999267578125,255.0500030517578,255.97999572753906,108861700,239.64299774169922,239.95799865722657,256.63499938964844,198.33694961547852,245.24027166373318,244.66124730645535,244.3891109052143,58.35394265908325,-1.1836717827754057,-4.945139094726788,3.7614673119513826,10.782958076255555,239.95799865722657,264.6225785222245,215.29341879222864,10.160001482282366,49.71850085035842,0.0,0.0,0.0,0.0,0.0
2023-09-01 04:00:00,245.00999450683594,259.0799865722656,242.00999450683594,257.260009765625,132541600,242.5949966430664,239.51549835205077,256.2429995727539,198.6072496032715,245.19840308975185,244.6944613255392,244.41345928174846,49.57590475058278,-1.0503535638952997,-4.166181988560491,3.1158284246651915,8.60371803111304,239.51549835205077,263.4362578804043,215.59473882369724,10.743572780064174,52.432562471862674,0.0,0.0,0.0,0.0,0.0
2023-09-05 04:00:00,256.489990234375,258.0,244.86000061035156,245.0,129469600,245.11599578857422,239.76749801635742,256.2407992553711,198.91759956359863,247.25141893422878,245.8178450311426,244.88704873087107,55.8570607641333,-0.018148991762217292,-3.3365753892008363,3.318426397438619,17.001180916950066,239.76749801635742,264.3155991939387,215.2193968387762,11.118572780064174,55.01137921677118,0.0,0.0,0.0,0.0,0.0
2023-09-06 04:00:00,251.9199981689453,255.38999938964844,245.05999755859375,255.13999938964844,116959800,246.98899536132814,239.87849807739258,256.45819915771483,199.24259956359865,248.10025152235903,246.3990024728381,245.1628506696191,53.0253839113263,0.4262073486127349,-2.5840188416381222,3.010226190250857,16.905653045211366,239.87849807739258,264.634895842408,215.1221003123771,11.321429661342076,55.36806488305346,0.0,0.0,0.0,0.0,0.0
2023-09-07 04:00:00,251.49000549316406,252.80999755859375,243.27000427246094,245.07000732421875,115312900,248.45199584960938,240.34349822998047,256.4837991333008,199.58419960021973,248.71657042614174,246.88385990334532,245.41097438818952,52.75439311670469,0.7351913066947589,-1.9201768119715459,2.6553681186663045,8.738328787848593,240.34349822998047,265.6264689628543,215.06052749710668,11.437857491629464,54.158098996479275,0.0,0.0,0.0,0.0,0.0
2023-09-08 04:00:00,248.5,256.5199890136719,246.6699981689453,251.22000122070312,118367700,250.2979965209961,240.50149841308593,256.3289993286133,199.9257495880127,248.67719398502504,247.03777800778863,245.53211264747623,50.809864387044385,0.7303755501055491,-1.390066339556127,2.1204418896616763,6.565460525024314,240.50149841308593,265.9548619164018,215.04813490977003,11.65142822265625,54.234080240864735,0.0,0.0,0.0,0.0,0.0
2023-09-11 04:00:00,273.5799865722656,274.8500061035156,260.6099853515625,264.2699890136719,174667900,253.7969955444336,242.047998046875,256.6505990600586,200.45429954528808,253.20497445543242,249.56560739488168,246.63202927197776,63.097143295222786,2.718961842871863,-0.5682607030705291,3.2872225459423925,15.50282270847434,242.047998046875,271.49603350439634,212.59996258935368,12.34500013078962,64.48431358129977,0.0,0.0,0.0,0.0,0.0
2023-09-12 04:00:00,267.4800109863281,278.3900146484375,266.6000061035156,270.760009765625,135999900,256.66299591064455,243.43399887084962,256.7647994995117,200.94214958190918,255.80043564286797,251.27174107025752,247.44959718234446,59.2223477043559,3.7593779874103177,0.2972670350256402,3.4621109523846774,16.27543852934561,243.43399887084962,274.96433387076405,211.90366387093522,12.382143293108259,64.98699309990748,0.0,0.0,0.0,0.0,0.0
2023-09-13 04:00:00,271.29998779296875,274.9800109863281,268.1000061035156,270.07000732421875,111673700,258.07499542236326,245.3509979248047,256.5943991088867,201.38264953613282,258.6185360337954,253.17919313908718,248.38490661805523,60.843989211216574,4.836404421553823,1.2050945123312768,3.631309909222546,13.709707849089492,245.3509979248047,278.80349602734844,211.89849982226096,12.225714547293526,63.72457591145928,0.0,0.0,0.0,0.0,0.0
2023-09-14 04:00:00,276.0400085449219,276.7099914550781,270.4200134277344,271.32000732421875,107709800,259.988996887207,247.872998046875,256.4655990600586,201.84854957580566,261.7860764903638,255.35641365392857,249.46942041910884,62.81981383612456,6.0032341445109125,2.164722438767204,3.8385117057437084,15.584959416810396,247.872998046875,282.635605731088,213.11039036266203,11.907855442592076,61.99800951104497,0.0,0.0,0.0,0.0,0.0
2023-09-15 04:00:00,274.3900146484375,278.9800109863281,271.0,277.54998779296875,133692300,261.61999969482423,250.63149871826172,256.4225991821289,202.30589965820312,264.07770161001355,257.1691375581675,250.44669862418056,61.65355524083256,6.71738060642997,3.0752540722997574,3.6421265341302123,6.691819917093,250.63149871826172,284.56659517583256,216.69640226069092,11.837855747767858,60.621493644886556,0.0,0.0,0.0,0.0,0.0
2023-09-18 04:00:00,265.2799987792969,271.44000244140625,263.760009765625,271.1600036621094,101543300,263.6470001220703,253.12099838256836,256.2395993041992,202.72814964294435,264.29630109533775,257.9416005316084,251.02839666947924,55.524362576596374,6.473620806618271,3.7549274191634607,2.7186933874548105,3.2619716161570445,253.12099838256836,283.2985710986171,222.94342566651963,11.952141898018974,61.90620222629868,0.0,0.0,0.0,0.0,0.0
2023-09-19 04:00:00,266.5,267.8500061035156,261.20001220703125,264.3500061035156,103704000,264.6480010986328,254.88199844360352,256.17739959716795,203.08714965820312,264.6969736234581,258.7566861952647,251.6351262118526,56.15301514959967,6.306189484695153,4.2651798322698,2.0410096524253536,3.2625596194289397,254.88199844360352,283.77637596156137,225.98762092564567,11.019283839634486,57.40118764362092,0.0,0.0,0.0,0.0,0.0
2023-09-20 04:00:00,262.5899963378906,273.92999267578125,262.4599914550781,267.0400085449219,122514600,265.71500091552736,256.35199813842775,256.03339935302733,203.42659965515136,264.313886844264,259.1217633517053,252.0647289618933,53.54099492207478,5.791236567297176,4.570391179275275,1.2208453880219006,7.1752182462761604,256.35199813842775,283.54083701198067,229.1631592648748,11.129997253417969,57.94692306407568,0.0,0.0,0.0,0.0,0.0
2023-09-21 04:00:00,255.6999969482422,260.8599853515625,254.2100067138672,257.8500061035156,119951500,266.13600006103513,257.29399795532225,255.7075994873047,203.73079963684083,262.7477250449873,258.7958808370897,252.20728849076974,49.198107654114374,4.772156848027123,4.610744313025645,0.16141253500147812,-0.308001604823227,257.29399795532225,282.89867031452064,231.6893255961239,11.290711539132255,58.97262633539783,0.0,0.0,0.0,0.0,0.0
2023-09-22 04:00:00,244.8800048828125,257.7900085449219,244.47999572753906,257.3999938964844,127524100,265.7740005493164,258.03599853515624,255.04719970703124,204.04294967651367,259.4990486518646,257.47055931763475,251.91994403555574,43.2633293671222,3.0562157425473515,4.299838598929987,-1.2436228563826353,-2.794535303787826,258.03599853515624,281.0436017532261,235.0283953170864,11.022141592843193,60.16743600991581,0.0,0.0,0.0,0.0,0.0
2023-09-25 04:00:00,246.99000549316406,247.10000610351562,238.30999755859375,243.3800048828125,104636600,263.11500244140626,258.45599899291994,254.35939971923827,204.3787996673584,257.2246771684645,256.4724113343518,251.7266131123247,44.6651585367251,1.8453079081106125,3.808932460766112,-1.9636245526554994,-1.789335520978519,258.45599899291994,280.2432503636203,236.66874762221957,10.711427961077009,58.90737670056184,0.0,0.0,0.0,0.0,0.0
2023-09-26 04:00:00,244.1199951171875,249.5500030517578,241.66000366210938,242.97999572753906,101993600,260.7790008544922,258.7209983825684,253.43419952392577,204.72919967651367,254.84200770459591,255.29599074224092,251.42831436741739,43.10508413205151,0.646615097199259,3.1764689880527417,-2.5298538908534827,-1.762577417630784,258.7209983825684,279.6131771037491,237.82881966138768,10.458571297781807,59.11611308046483,0.0,0.0,0.0,0.0,0.0
2023-09-27 04:00:00,240.5,245.3300018310547,234.5800018310547,244.25999450683594,136597200,257.6990020751953,257.8869987487793,252.37739959716797,205.06449966430665,252.2343699401239,253.8868487667894,250.99975301967555,41.15261974801963,-0.5886750642556535,2.423440177591063,-3.0121152418467165,-12.091522843732438,257.8869987487793,280.3135518609665,235.46044563659208,10.545000348772321,52.21587977034453,0.0,0.0,0.0,0.0,0.0
2023-09-28 04:00:00,246.3800048828125,247.5500030517578,238.64999389648438,240.02000427246094,117058900,254.73300170898438,257.3609992980957,251.47979949951173,205.4011496734619,251.16993992970365,253.17191125402968,250.8185864260731,45.472987468193665,-1.0807262250087035,1.7226068970711097,-2.8033331220798132,-7.888442215068592,257.3609992980957,280.37091511100186,234.35108348518952,10.477144513811384,53.10920813795539,0.0,0.0,0.0,0.0,0.0
2023-09-29 04:00:00,250.22000122070312,254.77000427246094,246.35000610351562,250.0,128522700,252.31600036621094,256.9680000305176,251.2261996459961,205.81314964294432,250.99722380079444,252.89077696514144,250.79511249645074,48.15017433623263,-1.1475959311230213,1.1485663314322836,-2.296162262555305,-7.769991714246571,256.9680000305176,280.19368914050483,233.74231092053037,9.196429661342076,53.42084348746749,0.0,0.0,0.0,0.0,0.0
2023-10-02 04:00:00,251.60000610351562,254.27999877929688,242.6199951171875,244.80999755859375,123810400,250.9480010986328,257.29750061035156,251.05779998779298,206.2663996887207,251.10682058310738,252.76784640689138,250.82667695162976,49.11705684136982,-1.0768228506050264,0.7034884950248216,-1.780311345629848,-8.85378991626461,257.29750061035156,279.98974396197497,234.60525725872813,9.18714359828404,50.11938958934204,0.0,0.0,0.0,0.0,0.0
2023-10-03 04:00:00,246.52999877929688,250.02000427246094,244.4499969482422,248.61000061035156,101985300,248.9510009765625,256.7995010375977,250.60720001220704,206.7150496673584,250.27467116423273,252.17376568045378,250.65817976840103,45.74219463023963,-1.4135473991328524,0.28008131619328674,-1.6936287153261391,-10.153436488873801,256.7995010375977,279.9978767327751,233.6011253424202,9.162144252232142,47.71387495968967,0.0,0.0,0.0,0.0,0.0
2023-10-04 04:00:00,261.1600036621094,261.8599853515625,247.60000610351562,248.13999938964844,129721600,248.80800170898436,257.26150131225586,250.5248001098633,207.2324996948242,252.253822527483,253.02959786918288,251.07001599952685,55.28901074352679,-0.49418820975927247,0.1252274110027749,-0.6194156207620474,-1.5530741616955335,257.26150131225586,280.41871033219223,234.10429229231949,9.807859148297991,51.90484174548288,0.0,0.0,0.0,0.0,0.0
2023-10-05 04:00:00,260.04998779296875,263.6000061035156,256.25,260.0,119159200,249.24300079345704,257.6895004272461,250.43879974365234,207.78159965515135,253.6713071212077,253.69820643335296,251.4221717561324,54.505391313333,0.14319095143969207,0.12882011909015834,0.014370832349533735,-2.420267244664631,257.6895004272461,280.71360401494667,234.66539683954556,9.76285879952567,51.93868904722645,0.0,0.0,0.0,0.0,0.0
2023-10-06 04:00:00,260.5299987792969,261.6499938964844,250.64999389648438,253.97999572753906,118121800,250.80800018310546,258.29100036621094,250.53519958496094,208.3348996734619,254.918341968133,254.34885332344285,251.77934144331533,54.80370684595408,0.6792217581096338,0.23890044689405343,0.4403213112155804,-0.7844920169552183,258.29100036621094,280.9296020658031,235.65239866661875,9.78928702218192,51.67382238780915,0.0,0.0,0.0,0.0,0.0
2023-10-09 04:00:00,259.6700134277344,261.3599853515625,252.0500030517578,255.30999755859375,101377900,252.0760009765625,257.5955017089844,250.3997998046875,208.9442497253418,255.78228223351508,254.8556304762325,252.08877956035138,54.11902244140609,1.0228456753690125,0.3956894925890453,0.6271561827799672,1.5526071673343855,257.5955017089844,279.0817473608404,236.10925605712836,9.979286193847656,36.4351329283086,0.0,0.0,0.0,0.0,0.0
2023-10-10 04:00:00,263.6199951171875,268.94000244140625,257.6499938964844,257.75,122656000,254.0260009765625,257.40250091552736,250.32359985351562,209.57449966430664,257.2073209396373,255.69033187060916,252.54098409199202,56.78932379485393,1.5955085866212642,0.6356533113954891,0.9598552752257751,7.65272372619521,257.40250091552736,278.5820595017164,236.2229423293383,9.966429574148995,36.14407569727368,0.0,0.0,0.0,0.0,0.0
2023-10-11 04:00:00,262.989990234375,268.6000061035156,260.8999938964844,266.20001220703125,103706300,256.275,256.9870010375977,250.36199951171875,210.26269962310792,258.25871535686235,256.38553742906305,252.95074903875215,56.227231246236165,1.9757368758780274,0.9036700242919968,1.0720668515860305,6.477988738557983,256.9870010375977,277.32805196765435,236.645950107541,9.917859758649554,35.72291847518104,0.0,0.0,0.0,0.0,0.0
2023-10-12 04:00:00,258.8699951171875,265.4100036621094,256.6300048828125,262.9200134277344,111508100,257.5239990234375,256.1285003662109,250.45719940185546,210.94129959106445,258.3698571314669,256.62215244697967,253.1828763359457,52.56319031385308,1.922460433601259,1.1074281061538493,0.8150323274474096,6.042110558342184,256.1285003662109,274.4308745581031,237.82612617431877,9.594287327357701,35.34610775789023,0.0,0.0,0.0,0.0,0.0
2023-10-13 04:00:00,251.1199951171875,259.6000061035156,250.22000122070312,258.8999938964844,102073800,257.61399841308594,254.96499938964843,250.29319915771484,211.6513995742798,257.05170040159794,256.0981374631899,253.10197903324934,46.43354750537888,1.2405776320043742,1.1340580113239542,0.10651962068041998,4.415798385524949,254.96499938964843,271.2238775184576,238.70612126083927,9.636429922921318,36.61672437126819,0.0,0.0,0.0,0.0,0.0
2023-10-16 04:00:00,253.9199981689453,255.39999389648438,248.47999572753906,250.0500030517578,88917200,257.8459976196289,254.39699935913086,250.29439910888672,212.35744956970214,256.4822999956611,255.89069562564282,253.13405821504134,48.75851376255402,0.9155633997594634,1.0903590890110562,-0.17479568925159272,3.0603105514666717,254.39699935913086,269.915464726726,238.87853399153573,9.567144121442523,35.314168149348035,0.0,0.0,0.0,0.0,0.0
2023-10-17 04:00:00,254.85000610351562,257.17999267578125,247.0800018310547,250.10000610351562,93562900,258.6779983520508,253.81449966430665,250.36239929199218,213.0225996017456,256.18551928799826,255.79158233782118,253.20135028909914,49.54188500284555,0.7246775157184402,1.017222774352533,-0.29254525863409286,1.8503736153085093,253.81449966430665,268.25745181692275,239.37154751169052,9.520714896065849,35.29268637497979,0.0,0.0,0.0,0.0,0.0
2023-10-18 04:00:00,242.67999267578125,254.6300048828125,242.0800018310547,252.6999969482422,125147800,256.82999725341796,252.81899948120116,250.22199920654296,213.62009956359864,253.72996899486787,254.542859512865,252.78874802975335,40.76030907012305,-0.40396266704715345,0.7329856860725957,-1.1369483531197493,-3.5453152668304844,252.81899948120116,267.45847106651155,238.17952789589077,9.797143118722099,38.661011685037366,0.0,0.0,0.0,0.0,0.0
2023-10-19 04:00:00,220.11000061035156,230.61000061035156,216.77999877929688,225.9499969482422,170772700,252.83599853515625,251.03949966430665,249.78039916992188,214.1801495742798,247.61724747041035,251.26353961738752,251.50722852311017,30.103232262235778,-3.0840765628431086,-0.0304267637105452,-3.0536497991325633,-10.716747779079617,251.03949966430665,271.6421984051224,230.4368009234909,11.045714242117745,49.561100341774036,0.0,0.0,0.0,0.0,0.0
2023-10-20 04:00:00,211.99000549316406,218.86000061035156,210.4199981689453,217.00999450683594,138010100,247.98199920654298,249.3949996948242,249.11339935302735,214.67189960479737,241.139567110911,247.52320303412813,249.95753350232798,27.33426933104552,-5.796483623737004,-1.183638135715837,-4.612845488021167,-18.82753770847767,249.3949996948242,276.34162996648735,222.44836942316107,10.90499986921038,49.083421570680116,0.0,0.0,0.0,0.0,0.0
2023-10-23 04:00:00,212.0800018310547,216.97999572753906,202.50999450683594,210.0,150683400,243.222998046875,247.64949951171874,248.50199951171874,215.18059963226318,235.85600978730074,244.14766006240686,248.47214010345454,27.41396062254968,-7.848352882397791,-2.516581085052228,-5.331771797345563,-18.44644807293895,247.64949951171874,279.3546006948931,215.94439832854434,11.4278564453125,48.82939832032191,0.0,0.0,0.0,0.0,0.0
2023-10-24 04:00:00,216.52000427246094,222.0500030517578,214.11000061035156,216.5,118231100,238.51299896240235,246.2694999694824,248.03719970703125,215.69789966583252,232.34037242096622,241.51645474907866,247.21911516890577,31.410481005735335,-9.012314609585161,-3.8157277899588147,-5.196586819626346,-16.892486359744773,246.2694999694824,280.89004130967004,211.64895862929475,11.045000348772321,49.79035756506815,0.0,0.0,0.0,0.0,0.0
2023-10-25 04:00:00,212.4199981689453,220.10000610351562,212.1999969482422,215.8800048828125,107065100,233.45599975585938,244.8654998779297,247.62639953613282,216.16114967346192,228.71848619332604,238.7453636462088,245.85444391400537,29.779915071200904,-10.148612009689487,-5.082304633904949,-5.066307375784538,-18.196176999828527,244.8654998779297,282.60795471085004,207.12304504500938,11.084286281040736,49.91358579941363,0.0,0.0,0.0,0.0,0.0
2023-10-26 04:00:00,205.75999450683594,214.8000030517578,204.8800048828125,211.32000732421875,115112600,228.1449996948242,242.83449935913086,247.2295993041992,216.5956996536255,224.54421497760057,235.6038999186495,244.28211256470462,27.300710439014054,-11.454502150797708,-6.356744137283501,-5.097758013514207,-21.948259495502587,242.83449935913086,284.41078010376236,201.25821861449936,11.007143293108259,49.36927198582895,0.0,0.0,0.0,0.0,0.0
2023-10-27 04:00:00,207.3000030517578,212.41000366210938,205.77000427246094,210.60000610351562,94881200,223.76300048828125,240.6884994506836,246.99119934082032,217.01609966278076,221.40890371835644,232.90829069323124,242.83183376027532,28.777236398982055,-12.224250130694458,-7.5302453359656925,-4.694004794728765,-21.17570601564973,240.6884994506836,285.0004018568942,196.376597044473,10.817145211356026,48.92688528193453,0.0,0.0,0.0,0.0,0.0
2023-10-30 04:00:00,197.36000061035156,210.8800048828125,194.6699981689453,209.27999877929688,136448200,218.10700073242188,237.97649917602538,246.62859924316408,217.38509967803955,217.03637588053735,229.5227392567665,241.04862461714106,25.217190025423577,-13.480956006216417,-8.720387470015838,-4.760568536200578,-23.76095942636808,237.97649917602538,285.96341894008344,189.98957941196733,11.168573651994977,50.492872638558815,0.0,0.0,0.0,0.0,0.0
2023-10-31 04:00:00,200.83999633789062,202.8000030517578,194.07000732421875,196.1199951171875,118068300,212.70599975585938,235.69199905395507,246.01979919433595,217.7772996520996,214.09157960005612,226.7910494549688,239.4718156650136,28.549817836028936,-14.034319001579888,-9.783173776328649,-4.251145225251239,-20.022299998784742,235.69199905395507,286.24601372410035,185.1379843838098,11.242143903459821,51.41465471585826,0.0,0.0,0.0,0.0,0.0
2023-11-01 04:00:00,205.66000366210938,205.99000549316406,197.85000610351562,204.0399932861328,121661700,209.00400085449218,232.91699905395507,245.46919921875,218.14814964294433,212.5585657931567,224.7785689032679,238.14586225313502,33.0032269178368,-13.923428239871924,-10.611224669037306,-3.312203570834619,-19.00598411107668,232.91699905395507,283.67733144269687,182.15666666521327,11.196429661342076,46.407613326817646,0.0,0.0,0.0,0.0,0.0
2023-11-02 04:00:00,218.50999450683594,219.1999969482422,211.4499969482422,212.97000122070312,125987600,208.84400024414063,230.83999938964843,245.1021990966797,218.59679962158202,213.6406437410984,224.18156181789345,237.37582822386838,43.17245420500622,-12.652805971833402,-11.019540929596527,-1.633265042236875,-14.25937246472696,230.83999938964843,280.30873068320614,181.37126809609074,11.49357169015067,53.31309054697103,0.0,0.0,0.0,0.0,0.0
2023-11-03 04:00:00,219.9600067138672,226.3699951171875,218.39999389648438,221.14999389648438,119534800,209.64100036621093,228.81149978637694,244.90059936523437,219.06074966430663,214.78961882705636,223.77950895084334,236.69285483131932,44.20167547030148,-11.397442184383834,-11.095121180553988,-0.30232100382984584,-9.362117458223185,228.81149978637694,276.4473332669137,181.1756663058402,11.56857190813337,53.45873655201776,0.0,0.0,0.0,0.0,0.0
2023-11-06 05:00:00,219.27000427246094,226.32000732421875,215.0,223.97999572753906,117335800,210.36000061035156,226.79149932861327,244.51419952392578,219.4899996948242,215.60423436258446,223.3500323148069,236.00960578979547,43.79519473794763,-10.339052606244849,-10.94390746569216,0.6048548594473111,-0.3816257033126047,226.79149932861327,272.2962804182658,181.28671823896076,11.655715942382812,53.46063017019203,0.0,0.0,0.0,0.0,0.0
2023-11-07 05:00:00,222.17999267578125,223.1199951171875,215.72000122070312,219.97999572753906,116900100,210.9259994506836,224.71949920654296,244.18139923095703,219.88214965820313,216.79982678316568,223.23859996823302,235.46726802061843,46.04855000317966,-9.159870213919561,-10.58710001533764,1.427229801418079,4.806824340096449,224.71949920654296,266.8091739899574,182.62982442312853,11.272143772670201,53.35385282332709,0.0,0.0,0.0,0.0,0.0
2023-11-08 05:00:00,222.11000061035156,224.14999389648438,217.63999938964844,223.14999389648438,106584800,211.8949996948242,222.6754997253418,243.47999938964844,220.27324966430663,217.7653129335631,223.13111431510143,234.94345361237268,46.00077907908587,-8.137206792514718,-10.097121370773056,1.9599145782583385,4.729346799651046,222.6754997253418,260.71547525760934,184.63552419307427,9.887143816266741,53.38769028078102,0.0,0.0,0.0,0.0,0.0
2023-11-09 05:00:00,209.97999572753906,220.8000030517578,206.67999267578125,219.75,142110500,212.31699981689454,220.2309997558594,242.54159942626953,220.60099967956543,216.349800714286,221.8786268305717,233.9644944796341,38.538962757319574,-8.210878783005768,-9.719872853219599,1.5089940702138307,-3.0205100756843573,220.2309997558594,254.58231622776114,185.87968328395763,10.297144208635602,55.87466911838968,0.0,0.0,0.0,0.0,0.0
2023-11-10 05:00:00,214.64999389648438,215.3800048828125,205.69000244140625,210.02999877929688,130994000,213.0519989013672,218.40749969482422,241.6729995727539,220.87289962768554,216.04074492923115,221.19018559875389,233.2070630842165,42.412000903434766,-7.802492268825006,-9.33639673634068,1.5339044675156739,1.0498049838817192,218.40749969482422,249.57960606352935,187.2353933261191,9.955715724400111,56.44855617614171,0.0,0.0,0.0,0.0,0.0
2023-11-13 05:00:00,223.7100067138672,225.39999389648438,211.61000061035156,215.60000610351562,140447600,215.68699951171874,216.89700012207032,241.24699981689454,221.10194969177246,217.43515616280132,221.43016856209803,232.83462950106554,49.11185430750644,-6.670877968649165,-8.803292982802377,2.132415014153212,8.723761997590307,216.89700012207032,243.4019068259862,190.39209341815445,10.228572300502233,58.81473685786579,0.0,0.0,0.0,0.0,0.0
2023-11-14 05:00:00,237.41000366210938,238.13999938964844,230.72000122070312,235.02999877929688,149771600,219.34400024414063,216.025,240.8654000854492,221.45569969177245,221.06694661722096,222.95205761924197,233.01405593875356,57.21731477651278,-4.615386917441896,-7.965711769730281,3.3503248522883853,14.52484330298529,216.025,238.0396737858797,194.0103262141203,10.694999694824219,63.396339837352414,0.0,0.0,0.0,0.0,0.0
2023-11-15 05:00:00,242.83999633789062,246.6999969482422,236.4499969482422,239.2899932861328,150354000,223.06199951171874,216.03300018310546,240.68380004882812,221.8037996673584,225.02568293007,224.84614702101803,233.39938693479814,59.94081040207374,-2.519200644867425,-6.87640954475771,4.357208899890285,23.044180982412122,216.03300018310546,238.0885375377752,193.9774628284357,10.718571254185267,61.68335919844371,0.0,0.0,0.0,0.0,0.0
2023-11-16 05:00:00,233.58999633789062,240.8800048828125,230.9600067138672,239.49000549316406,136816800,224.56999969482422,216.7069999694824,240.32579986572264,222.0646996307373,226.582830822401,225.6788945750059,233.4068618133508,53.6726661289263,-1.5860723612849483,-5.818342108063158,4.2322697467782096,16.306512944215456,216.7069999694824,240.0721229895107,193.34187694945413,11.092141287667411,53.0940648615573,0.0,0.0,0.0,0.0,0.0
2023-11-17 05:00:00,234.3000030517578,237.38999938964844,226.5399932861328,232.0,142532800,226.00399932861328,217.8224998474121,240.04179992675782,222.2948496246338,227.9859530459204,226.49995252517277,233.44188695995499,54.06969411201934,-0.7802753373003384,-4.8107287539105945,4.030453416610256,13.925896566987683,217.8224998474121,242.3411910904108,193.3038086044134,10.709284101213727,50.91153394365824,0.0,0.0,0.0,0.0,0.0
2023-11-20 05:00:00,235.60000610351562,237.10000610351562,231.02000427246094,234.0399932861328,116320100,227.63699951171876,218.99850006103514,239.2822003173828,222.52294967651366,229.37032632911954,227.36662429453878,233.52651908323188,54.83295340987871,-0.03635690882688891,-3.8558543848938536,3.8194974760669647,7.821157853786431,218.99850006103514,244.59020702966586,193.40679309240443,10.519998822893415,50.87621278860117,0.0,0.0,0.0,0.0,0.0
2023-11-21 05:00:00,241.1999969482422,243.6199951171875,233.33999633789062,235.0399932861328,122288000,229.53899993896485,220.2324996948242,238.75660003662108,222.7551496887207,231.52117553259637,228.68408835679625,233.82743978382052,58.065687075377795,0.993622404899213,-2.8859590269352404,3.8795814318344535,9.656296411194809,220.2324996948242,247.6368861365836,192.82811325306483,10.672855922154017,50.99811128463052,0.0,0.0,0.0,0.0,0.0
2023-11-22 05:00:00,234.2100067138672,244.00999450683594,231.39999389648438,242.0399932861328,117950600,230.7490005493164,221.3220001220703,238.01480041503908,222.94214973449706,232.01005392919106,229.2103662955649,233.84244240852826,52.9694713208979,1.231656863852436,-2.0624358487777052,3.294092712630141,6.81351856172816,221.3220001220703,249.14795234369348,193.49604790044714,10.606427873883929,51.765760295756955,0.0,0.0,0.0,0.0,0.0
2023-11-24 05:00:00,235.4499969482422,238.75,232.3300018310547,233.75,65125200,233.2960006713867,222.80650024414064,237.20300018310547,223.11294975280762,232.63549811447305,229.8046168339151,233.90548376302684,53.745027114968465,1.5030317223117606,-1.3493423345598121,2.8523740568715725,5.972636920474361,222.80650024414064,250.30270723325282,195.31029325502845,10.495713370186943,49.91633194967287,0.0,0.0,0.0,0.0,0.0
2023-11-27 05:00:00,236.0800018310547,238.3300018310547,232.10000610351562,236.88999938964844,112031800,235.43900146484376,224.24550018310546,236.4367999267578,223.2567497253418,233.2617715174879,230.4022725479284,233.99075898138088,54.158646563599,1.7487755852912983,-0.72971875058959,2.4784943358808884,6.289676818834811,224.24550018310546,251.3341135103131,197.15688685589782,10.13214111328125,49.94227883017592,0.0,0.0,0.0,0.0,0.0
2023-11-28 05:00:00,246.72000122070312,247.0,234.00999450683594,236.67999267578125,148549900,237.74000091552733,226.71350021362304,236.06559997558594,223.50589973449706,235.70872237261793,231.9563419453355,234.4899449515504,60.571294668270795,2.7701557644604122,-0.02974384757958959,2.7998996120400017,17.49690743914305,226.71350021362304,252.44887109560227,200.9781293316438,10.531427655901227,47.21028616999449,0.0,0.0,0.0,0.0,0.0
2023-11-29 05:00:00,244.13999938964844,252.75,242.75999450683594,249.2100067138672,135401300,238.41300048828126,228.87850036621094,235.61839996337892,223.75339973449707,237.24168183025984,233.11669027336532,234.8683784589268,58.43663677046097,3.333001562022048,0.642805234340738,2.69019632768131,13.738647254462876,228.87850036621094,252.66026870853239,205.0967320238895,10.77999986921038,47.78695713466659,0.0,0.0,0.0,0.0,0.0
2023-11-30 05:00:00,240.0800018310547,245.22000122070312,236.91000366210938,245.13999938964844,132353200,238.13700103759766,230.5995002746582,235.1682000732422,223.90754974365234,237.7577400122225,233.77986280266907,235.0727558460691,55.14323932528483,3.412120241340375,1.1966682357406655,2.2154520055997096,7.317506873139257,230.5995002746582,252.18705825672535,209.01194229259104,10.271427699497767,48.40732822250925,0.0,0.0,0.0,0.0,0.0
2023-12-01 05:00:00,238.8300018310547,240.19000244140625,231.89999389648438,233.13999938964844,121331700,238.66100158691407,231.61550064086913,234.83080017089844,224.0304997253418,237.95269670655563,234.26082842442008,235.22009882587247,54.131707430188555,3.3355081497369383,1.6244362185399202,1.7110719311970182,0.5981206128812921,231.61550064086913,252.71450288475242,210.51649839698584,10.17142813546317,44.11388964023521,0.0,0.0,0.0,0.0,0.0
2023-12-04 05:00:00,235.5800018310547,239.3699951171875,233.2899932861328,235.75,104099800,238.78900146484375,232.39650039672853,234.64480010986327,224.19819976806642,237.52129763828273,234.3864639869567,235.23421266921295,51.48720103751739,2.9782136830990282,1.895191711451742,1.0830219716472862,-2.9896205799370468,232.39650039672853,252.82462869879322,211.96837209466383,9.620714460100446,44.586209707129605,0.0,0.0,0.0,0.0,0.0
2023-12-05 05:00:00,238.72000122070312,246.66000366210938,233.6999969482422,233.8699951171875,137971100,239.1010009765625,233.36900024414064,234.47940002441408,224.35024978637696,237.73924374417732,234.79918181874206,235.37091025946745,53.83384646104232,2.914826645641284,2.099118698289651,0.8157079473516333,2.196157782113195,233.36900024414064,253.00238570040526,213.73561478787602,9.51571546282087,44.62903453567462,0.0,0.0,0.0,0.0,0.0
2023-12-06 05:00:00,239.3699951171875,246.57000732421875,239.1699981689453,242.9199981689453,126436200,238.91800079345703,234.22850036621094,234.38440002441405,224.56024978637694,238.03574399381552,235.23449737097496,235.52773711663295,54.32636335473598,2.88379840409749,2.256054639451219,0.6277437646462714,2.163889030897592,234.22850036621094,253.2963841179544,215.16061661446747,9.344287327357701,44.5151594465995,0.0,0.0,0.0,0.0,0.0
2023-12-07 05:00:00,242.63999938964844,244.0800018310547,236.97999572753906,241.5500030517578,107142300,239.76100006103516,235.25500030517577,234.42720001220704,224.76914978027344,238.8728813385124,235.93978327751532,235.80664936263355,56.82201267334824,3.087479770444986,2.4223396656499725,0.6651401047950136,2.9881125228153227,235.25500030517577,253.77864745743784,216.7313531529137,9.002859933035714,44.60742776267499,0.0,0.0,0.0,0.0,0.0
2023-12-08 05:00:00,243.83999633789062,245.27000427246094,239.27000427246094,240.27000427246094,103126800,240.6,236.94800033569337,234.3763998413086,224.9779997253418,239.77599315658114,236.69218452136056,236.1216825773495,57.73469261020921,3.307600486155991,2.5993918297511764,0.7082086564048145,1.0945271239845678,236.94800033569337,251.51109328051504,222.3849073908717,8.656430925641741,38.70484417841084,0.0,0.0,0.0,0.0,0.0
2023-12-11 05:00:00,239.74000549316406,243.44000244140625,237.4499969482422,242.74000549316406,97913900,240.96600036621095,238.20250091552734,234.16679992675782,225.19229972839355,239.76944994505072,236.98245318534183,236.26357759365595,53.568378242233365,3.1153014867929016,2.7025737611595213,0.41272772563338034,2.3611283125288596,238.20250091552734,248.32299839766176,228.0820034333929,8.678573608398438,39.248759151155525,0.0,0.0,0.0,0.0,0.0
2023-12-12 05:00:00,237.00999450683594,238.99000549316406,233.8699951171875,238.5500030517578,95328300,239.99499969482423,238.86750030517578,233.87499969482423,225.33919967651366,239.2677307744662,236.98507616834127,236.2928488451532,50.932782643574335,2.7113592121797865,2.7043308513635744,0.007028360816212054,0.6625600249791752,238.86750030517578,246.3937551044619,231.34124550588967,8.363574436732701,37.21830550737509,0.0,0.0,0.0,0.0,0.0
2023-12-13 05:00:00,239.2899932861328,240.3000030517578,228.1999969482422,234.19000244140625,146286300,239.50999908447267,238.96149978637695,233.73019958496093,225.507099609375,239.2717785038601,237.2045920843214,236.41038392127004,53.012056147115295,2.5458617861199,2.6726370383148397,-0.12677525219493946,1.35970494331632,238.96149978637695,246.45801005516944,231.46498951758446,8.327146257672991,30.42235849993627,0.0,0.0,0.0,0.0,0.0
2023-12-14 05:00:00,251.0500030517578,253.8800048828125,240.7899932861328,241.22000122070312,160829200,240.60699920654298,239.37200012207032,233.5279995727539,225.74849960327148,241.41327387620512,238.52320265264868,236.98448663226955,61.96492492268236,3.3253063277909973,2.803170896210071,0.5221354315809261,1.7550266738128428,239.37200012207032,248.48714517889417,230.25685506524647,8.910718645368304,34.17511751968662,0.0,0.0,0.0,0.0,0.0
2023-12-15 05:00:00,253.5,254.1300048828125,248.3000030517578,251.2100067138672,135932800,242.0739990234375,240.36750030517578,233.39699981689452,226.06149963378905,243.61086044416783,239.94956430477737,237.63215382316093,63.52420141378903,4.09352837394249,3.061242391756555,1.0322859821859351,3.833866074281822,240.36750030517578,251.0397099632425,229.69529064710906,8.882147652762276,30.80677372856167,0.0,0.0,0.0,0.0,0.0
2023-12-18 05:00:00,252.0800018310547,258.739990234375,251.36000061035156,253.77999877929688,116416500,243.7239990234375,241.25650024414062,233.22799987792968,226.33294967651366,245.1507043326927,241.10484406918474,238.19873609798032,61.939265064844605,4.5354856402257155,3.3560910414503877,1.1793945987753278,4.998333850582215,241.25650024414062,252.73249836769472,229.78050212058653,8.481432233537946,31.004789364529696,0.0,0.0,0.0,0.0,0.0
2023-12-19 05:00:00,257.2200012207031,258.3399963378906,253.00999450683594,253.47999572753906,106737400,245.5739990234375,242.3375,233.17899963378906,226.64999969482423,247.34512194869458,242.6396209407579,238.9446680635773,65.31291759294464,5.240090450986827,3.732890923357676,1.507199527629151,7.700037369114665,242.3375,255.5167041884859,229.1582958115141,8.215002877371651,31.555790814372216,0.0,0.0,0.0,0.0,0.0
2023-12-20 05:00:00,247.13999938964844,259.8399963378906,247.0,256.4100036621094,125097000,246.3509994506836,242.6345001220703,232.84939971923828,226.94714965820313,247.3078269379589,243.06822841208083,239.2660536057762,55.01425873174814,4.928312416473489,3.9719752219808386,0.95633719449265,4.907036874413451,242.6345001220703,255.97253568478536,229.29646455935526,8.53857421875,34.27539604219012,0.0,0.0,0.0,0.0,0.0
2023-12-21 05:00:00,254.5,254.8000030517578,248.5500030517578,251.89999389648438,109594200,247.53699951171876,243.64899978637695,232.67959991455078,227.3096496582031,248.61549476742093,244.15696856331124,239.86346326829477,59.97671042134758,5.215001327962909,4.220580443177253,0.9944208847856562,6.610254146533712,243.64899978637695,257.37008591788253,229.92791365487133,8.493573869977679,33.700844267594334,0.0,0.0,0.0,0.0,0.0
2023-12-22 05:00:00,252.5399932861328,258.2200012207031,251.3699951171875,256.760009765625,93370100,248.40699920654296,244.50349960327148,232.5529998779297,227.70774963378906,249.32903995264127,244.95535187024663,240.3605820925237,58.13745592655996,5.223831121009795,4.421230578743762,0.802600542266033,5.501941946607691,244.50349960327148,258.20326288294314,230.80373632359982,8.54857417515346,33.96848100786365,0.0,0.0,0.0,0.0,0.0
2023-12-26 05:00:00,256.6099853515625,257.9700012207031,252.91000366210938,254.49000549316406,86892400,250.0939971923828,245.52999877929688,232.6627996826172,228.12359954833985,250.65284820699057,246.0653169637053,240.99781359287817,60.82403468933536,5.495889942764478,4.636162451547905,0.8597274912165727,5.7574950531878555,245.52999877929688,259.64258638493885,231.4174111736549,8.010717119489398,34.247300041013055,0.0,0.0,0.0,0.0,0.0
2023-12-27 05:00:00,261.44000244140625,263.3399963378906,257.5199890136719,258.3500061035156,106494400,252.53699798583983,246.26599884033203,232.8131997680664,228.55839958190919,252.6141489768843,247.52957272348635,241.79946805752635,63.793639253556314,6.0317107254627444,4.915272106330873,1.1164386191318716,7.217850380512303,246.26599884033203,262.07347576090604,230.458521919758,7.930717468261719,31.249072368916952,0.0,0.0,0.0,0.0,0.0
2023-12-28 05:00:00,253.17999267578125,265.1300048828125,252.7100067138672,263.6600036621094,113619900,253.92599792480468,246.71799850463867,232.7797994995117,228.9079995727539,252.71702964941102,248.06770795703824,242.24576314059516,55.97881535646319,5.723857730883481,5.076989231241394,0.6468684996420864,5.606067771196588,246.71799850463867,262.78437342400264,230.6516235852747,8.310716901506696,33.29755642637354,0.0,0.0,0.0,0.0,0.0
2023-12-29 05:00:00,248.47999572753906,255.19000244140625,247.42999267578125,255.10000610351562,100891600,253.66899719238282,247.13799819946288,232.89579956054686,229.2481495666504,251.94665984543428,248.1069734589907,242.4902428498871,52.07011772359024,5.042504685346131,5.070092322062342,-0.027587636716210895,4.839458877913394,247.13799819946288,262.91021597221226,231.3657804267135,8.436431884765625,33.44802995219303,0.0,0.0,0.0,0.0,0.0
2024-01-02 05:00:00,248.4199981689453,251.25,244.41000366210938,250.0800018310547,104654200,253.16099700927734,247.61749801635742,233.46199951171874,229.56959953308106,251.30544863152718,248.13678533612924,242.72278227416388,52.020183197153635,4.446430503281249,4.945359958306123,-0.4989294550248742,3.8154561991630143,247.61749801635742,262.9017924856459,232.33320354706893,8.468574523925781,33.35379749612005,0.0,0.0,0.0,0.0,0.0
2024-01-03 05:00:00,238.4499969482422,245.67999267578125,236.32000732421875,244.97999572753906,121082600,251.7979965209961,247.7609977722168,233.99119934082032,229.8611994934082,248.9680937800208,247.21423406109238,242.5552220653042,44.400355669573415,3.1334215110856007,4.582972268862019,-1.449550757776418,-5.018922903943535,247.7609977722168,262.6173328773263,232.9046626671073,8.913573128836495,36.2245282077438,0.0,0.0,0.0,0.0,0.0
2024-01-04 05:00:00,237.92999267578125,242.6999969482422,237.72999572753906,239.25,102629300,249.8689956665039,247.72149734497071,234.50819915771484,230.1345994567871,246.9611663065227,246.33002059582466,242.37384052061702,44.03803130133233,2.027520432660964,4.071881901621808,-2.044361468960844,-6.142014723557687,247.72149734497071,262.6828765909481,232.76011809899333,8.40428706577846,35.933266434284754,0.0,0.0,0.0,0.0,0.0
2024-01-05 05:00:00,237.49000549316406,240.1199951171875,234.89999389648438,236.86000061035156,92488900,248.90399627685548,247.62749786376952,234.92759918212892,230.33414947509766,245.23913706773018,245.48811439557127,242.18231757836398,43.71298936356499,1.1028693802088014,3.4780793973392066,-2.375210017130405,-5.78784363373217,247.62749786376952,262.8314637278246,232.42353199971447,7.7350006103515625,35.9252785450304,0.0,0.0,0.0,0.0,0.0
2024-01-08 05:00:00,240.4499969482422,241.25,235.3000030517578,236.13999938964844,85166600,247.49899597167968,247.51799774169922,235.48819915771483,230.58064949035645,244.36838431873235,245.00829368630184,242.11438343600628,46.5701244895035,0.6019840349011645,2.902860324851598,-2.3008762899504336,-6.519712383513953,247.51799774169922,262.903666523197,232.13232896020145,7.743571690150669,35.866696460134115,0.0,0.0,0.0,0.0,0.0
2024-01-09 05:00:00,234.9600067138672,238.9600067138672,232.0399932861328,238.11000061035156,96705700,245.74099731445312,247.07399826049806,236.07219940185547,230.79434951782227,242.65777020875686,244.0513139746414,241.83381964298124,42.28310672115853,-0.23525565929173808,2.275237128022931,-2.510492787314669,-4.928377723501532,247.07399826049806,263.39090619673874,230.75709032425738,7.817144121442523,36.6830833430722,0.0,0.0,0.0,0.0,0.0
2024-01-10 05:00:00,233.94000244140625,235.5,231.2899932861328,235.10000610351562,91628500,243.4739990234375,246.78399810791015,236.60499938964844,231.01199951171876,241.072721523784,243.0883319238571,241.52425818409594,41.51838497802101,-0.9698995706728795,1.626209788283769,-2.5961093589566486,-8.078584502394403,246.78399810791015,263.8391991750545,229.7287970407658,7.670716421944754,36.26170412447377,0.0,0.0,0.0,0.0,0.0
2024-01-11 05:00:00,227.22000122070312,230.92999267578125,225.3699951171875,230.57000732421875,105873600,240.0519989013672,246.29449844360352,237.20219940185547,231.1890495300293,238.554045105042,241.57706233308056,240.96330693062956,36.79669559319453,-2.0704907716039713,0.8868696763062209,-2.957360447910192,-10.02613159838871,246.29449844360352,265.0118198653586,227.57717702184848,7.365717206682477,37.42553948889309,0.0,0.0,0.0,0.0,0.0
2024-01-12 05:00:00,218.88999938964844,225.33999633789062,217.14999389648438,220.0800018310547,123043800,236.6229995727539,245.2744987487793,237.56319946289062,231.3375495147705,234.97876406587952,239.4163896718013,240.09768702706168,31.946680124622958,-3.5736835591799547,-0.0052409707910141545,-3.5684425883889404,-14.699344575479667,245.2744987487793,267.49464875098977,223.05434874656888,7.5378603254045755,39.11299348705945,0.0,0.0,0.0,0.0,0.0
2024-01-16 05:00:00,219.91000366210938,223.49000549316406,212.17999267578125,215.10000610351562,115355000,233.76600036621093,243.71749877929688,237.84819946289062,231.46769950866698,232.23898944701222,237.55863862325924,239.30601316961258,33.109310206295206,-4.62930510538439,-0.9300537977096893,-3.6992513076747002,-15.88509730396157,243.71749877929688,268.4551017224494,218.97989583614435,7.856432233537946,33.91444253791337,0.0,0.0,0.0,0.0,0.0
2024-01-17 05:00:00,215.5500030517578,215.6699981689453,212.00999450683594,214.86000061035156,103164400,230.4790008544922,241.81999893188475,237.78899963378908,231.5690495300293,229.20462828423868,235.46257809264006,238.37440492969674,30.695329568313,-5.751409726109557,-1.8943249833896632,-3.857084742719894,-14.862939692162747,241.81999893188475,269.09041135048017,214.5495865132893,8.032860892159599,33.6721016900834,0.0,0.0,0.0,0.0,0.0
2024-01-18 05:00:00,211.8800048828125,217.4499969482422,208.74000549316406,216.8800048828125,108595400,227.8220016479492,239.80999908447265,237.62739959716797,231.591149520874,226.05469675670662,233.21661873932314,237.33540884942676,28.792388560894466,-6.857771778888605,-2.8870143424894517,-3.970757436399153,-14.72955226740218,239.80999908447265,269.69677389406604,209.92322427487923,8.174288068498884,33.81436039791642,0.0,0.0,0.0,0.0,0.0
2024-01-19 05:00:00,212.19000244140625,213.19000244140625,207.55999755859375,209.99000549316406,102260300,225.2480026245117,237.55849914550782,237.48579956054687,231.67824951171875,223.5338432448338,231.21408385380724,236.3493144804848,29.191702331307397,-7.62169925968081,-3.8339513259277234,-3.7877479337530864,-14.584170354473546,237.55849914550782,268.68189605165395,206.4351022393617,7.6892885480608255,32.30855916966519,0.0,0.0,0.0,0.0,0.0
2024-01-22 05:00:00,208.8000030517578,217.8000030517578,206.27000427246094,212.25999450683594,117952500,222.3790023803711,235.6414993286133,237.2181997680664,231.75934951782227,220.85496320972908,229.07940949170728,235.26894932641707,27.383281934536015,-8.403788271331194,-4.747918715008418,-3.6558695563227763,-12.434470235250284,235.6414993286133,268.92785152106416,202.3551471361624,7.958573477608817,30.466057533458496,0.0,0.0,0.0,0.0,0.0
2024-01-23 05:00:00,209.13999938964844,215.64999389648438,207.75,211.3000030517578,106605900,219.2480026245117,233.3734992980957,236.95879974365235,231.8774494934082,218.7249697878962,227.18041805341596,234.24428462301438,27.865940095322273,-8.893644190583615,-5.577063810123458,-3.316580380460157,-12.100195087789501,233.3734992980957,267.4221359336131,199.3248626625783,8.034287588936943,27.28152506651375,0.0,0.0,0.0,0.0,0.0
2024-01-24 05:00:00,207.8300018310547,212.72999572753906,206.77000427246094,211.8800048828125,123369900,216.53500213623047,231.13799972534179,236.91579986572265,231.9912995147705,216.74406652301593,225.33752127033395,233.2084303958787,27.118042219726576,-9.280583599907573,-6.317767768080281,-2.9628158318272915,-12.48894815616277,231.13799972534179,265.75435568230984,196.52164376837376,7.595716203962054,27.299736283395585,0.0,0.0,0.0,0.0,0.0
2024-01-25 05:00:00,182.6300048828125,193.0,180.05999755859375,189.6999969482422,198076800,211.40400238037108,227.4390007019043,236.2754000854492,231.98189956665038,210.54150986116076,221.27013875723668,231.22496272869967,17.427925897914236,-11.488235787130463,-7.351861371890317,-4.136374415240146,-24.046576335734226,227.4390007019043,266.1618733393501,188.71612806445847,9.224287850516182,46.77145342207092,0.0,0.0,0.0,0.0,0.0
2024-01-26 05:00:00,183.25,186.77999877929688,182.10000610351562,185.5,107343200,207.0070022583008,223.52950057983398,235.4661999511719,231.96419960021973,205.5794171591315,217.6491731613094,229.3435916412997,18.20235898811694,-13.037499448260178,-8.48898898716429,-4.548510461095887,-22.008003590517134,223.52950057983398,263.5646297588547,183.49437140081324,9.185715811593193,45.53380003559218,0.0,0.0,0.0,0.0,0.0
2024-01-29 05:00:00,190.92999267578125,191.47999572753906,183.6699981689453,185.6300048828125,125013100,204.21100158691405,220.417000579834,234.5365997314453,232.01614959716798,202.91588543488598,215.1044893055448,227.8371759955931,27.298390445683097,-13.49008552830503,-9.489208295392439,-4.0008772329125915,-18.38505997981149,220.417000579834,260.42536301850345,180.40863814116454,9.348572867257255,49.732190553174455,0.0,0.0,0.0,0.0,0.0
2024-01-30 05:00:00,191.58999633789062,196.36000061035156,190.61000061035156,195.3300018310547,109982300,201.37900085449218,217.57250061035157,233.5115997314453,232.044599609375,200.8566328717959,212.86501378481583,226.41571796980085,28.038981900019635,-13.63829272876103,-10.319025182066158,-3.3192675466948725,-15.680840019098675,217.57250061035157,257.2682353255199,177.87676589518318,9.158572605678014,50.04910868290855,0.0,0.0,0.0,0.0,0.0
2024-01-31 05:00:00,187.2899932861328,193.97000122070312,185.85000610351562,187.0,103221400,198.5529998779297,214.51600036621093,232.58559967041015,232.05604957580567,198.38997112894808,210.42929754684604,224.8813758253433,26.16863227506687,-13.94200752836096,-11.043621651325118,-2.8983858770358424,-14.436477770400147,214.51600036621093,253.62027985635615,175.41172087606571,9.437857491629464,49.95316567100025,0.0,0.0,0.0,0.0,0.0
2024-02-01 05:00:00,188.86000061035156,189.8800048828125,184.27999877929688,188.5,91843300,196.2509994506836,212.0365005493164,231.67679962158203,232.06514961242675,196.65724921647598,208.37507879098942,223.46877287573577,28.05564520833387,-13.895834692743904,-11.614064259608877,-2.2817704331350264,-14.119413639529554,212.0365005493164,251.0395313299337,173.0334697686991,9.225714547293526,49.49224801457942,0.0,0.0,0.0,0.0,0.0
2024-02-02 05:00:00,187.91000366210938,188.69000244140625,182.0,185.0399932861328,110612700,193.8229995727539,209.5355010986328,230.7229995727539,232.08314964294433,195.06684093386386,206.42602401681035,222.07431133794648,27.596038956669886,-13.777085536006354,-12.046668514888374,-1.7304170211179795,-12.823010437634519,209.5355010986328,247.95804903011688,171.11295316714873,8.99642835344587,49.434435185773964,0.0,0.0,0.0,0.0,0.0
2024-02-05 05:00:00,181.05999755859375,184.67999267578125,175.00999450683594,184.25999450683594,134294400,191.0489990234375,206.7140007019043,229.52019958496095,232.08549964904785,192.5201421383602,204.01021197317067,220.46590687601108,24.481733133556688,-14.073483856951043,-12.452031583300908,-1.6214522736501351,-14.545972538213226,206.7140007019043,244.77923721555075,168.64876418825784,9.109999520438057,50.08405108586328,0.0,0.0,0.0,0.0,0.0
2024-02-06 05:00:00,185.10000610351562,186.49000549316406,177.11000061035156,177.2100067138672,122676000,188.6449996948242,203.94650115966797,228.5379995727539,232.19604965209962,191.17102649566118,202.20923998558447,219.07900880650146,29.532739383087858,-13.8230432973333,-12.726233926107387,-1.0968093712259126,-12.76685801696581,203.94650115966797,239.66008943884708,168.23291288048887,9.215713500976562,50.863498991142386,0.0,0.0,0.0,0.0,0.0
2024-02-07 05:00:00,187.5800018310547,189.7899932861328,182.67999267578125,188.17999267578125,111535200,186.61999969482423,201.57750091552734,227.58059967041015,232.3085496520996,190.51811292027816,200.81597920896257,217.84375363099375,32.51658451703322,-13.271467207717052,-12.835280582429322,-0.4361866252877302,-10.162835685133143,201.57750091552734,234.83002237847577,168.3249794525789,9.101428440638951,51.50736566438241,0.0,0.0,0.0,0.0,0.0
2024-02-08 05:00:00,189.55999755859375,191.6199951171875,185.5800018310547,189.0,83034000,187.31299896240233,199.3585006713867,226.65019958496094,232.44359962463378,190.3439101272446,199.7439809565465,216.73458672619375,34.88715864953264,-12.530130530091867,-12.774250571961831,0.24412004186996406,-9.362150658982848,199.3585006713867,229.27356645000216,169.44343489277125,9.130713326590401,52.019002453111305,0.0,0.0,0.0,0.0,0.0
2024-02-09 05:00:00,193.57000732421875,194.1199951171875,189.47999572753906,190.17999267578125,84476300,188.34499969482422,197.6760009765625,225.58719970703126,232.60809967041016,190.93047325396716,199.15598346775337,215.82617184768492,39.52085914902298,-11.486630866545426,-12.516726630878551,1.0300957643331259,-6.861374383486707,197.6760009765625,224.63193128968726,170.72007066343775,8.638570513044085,52.637516330928655,0.0,0.0,0.0,0.0,0.0
2024-02-12 05:00:00,188.1300048828125,194.72999572753906,187.27999877929688,192.11000061035156,95498600,188.06500091552735,196.13800125122071,224.46699981689454,232.77999969482423,190.42129718648448,198.10589026918757,214.74004765298406,35.79891754312254,-10.97213268255095,-12.207807841213032,1.235675158662083,3.011553333489303,196.13800125122071,221.45801122925616,170.81799127318527,8.606427873883929,52.09210227370698,0.0,0.0,0.0,0.0,0.0
2024-02-13 05:00:00,184.02000427246094,187.25999450683594,182.11000061035156,183.99000549316406,86759500,187.30800170898436,194.34350128173827,223.34579986572265,232.8991497039795,189.25742574757112,196.76437731711837,213.53534006943414,33.25105451936864,-10.77186056221234,-11.920618385412896,1.1487578232005564,0.4201933274002423,194.34350128173827,217.57040015923798,171.11660240423856,8.610714503696986,52.15467290412492,0.0,0.0,0.0,0.0,0.0
2024-02-14 05:00:00,188.7100067138672,188.88999938964844,183.35000610351562,185.3000030517578,81203000,187.45000305175782,193.00150146484376,222.3433999633789,233.02114974975586,189.1578950141704,195.997294402523,212.5617975849021,38.61954457869748,-10.118064711211389,-11.560107650572593,1.4420429393612046,-1.1627224883854814,193.00150146484376,214.0706768690616,171.9323260606259,7.022856576102121,53.29741789114016,0.0,0.0,0.0,0.0,0.0
2024-02-15 05:00:00,200.4499969482422,200.8800048828125,188.86000061035156,189.16000366210938,120831800,188.60900268554687,192.43000106811525,221.64079986572267,233.2142497253418,191.21100445672892,196.42136131163915,212.08682501091545,49.55641441932157,-8.554002476360665,-10.958886615730208,2.4048841393695426,4.62445888600882,192.43000106811525,211.90264402451243,172.95735811171807,7.557856968470982,58.320535673473614,0.0,0.0,0.0,0.0,0.0
2024-02-16 05:00:00,199.9499969482422,203.1699981689453,197.39999389648438,202.05999755859375,111346700,189.81300201416016,191.81800079345703,220.86539978027344,233.41244972229003,192.7999121824586,196.75742184845848,211.610870969242,49.15470227687175,-7.271002121690003,-10.221309716922168,2.9503075952321645,6.759572916833845,191.81800079345703,209.34827511593198,174.28772647098208,7.382143293108259,58.305377048370765,0.0,0.0,0.0,0.0,0.0
2024-02-20 05:00:00,193.75999450683594,198.60000610351562,189.1300048828125,196.1300048828125,104545800,191.08300170898437,191.06600036621094,219.9531997680664,233.57819969177245,192.97447260507266,196.47195257782778,210.91083659816726,44.36049341275614,-6.676731359120737,-9.512394045361884,2.8356626862411467,2.5945112149998506,191.06600036621094,206.7187976994009,175.41320303302098,7.744285583496094,59.00976549595579,0.0,0.0,0.0,0.0,0.0
2024-02-21 05:00:00,194.77000427246094,199.44000244140625,191.9499969482422,193.36000061035156,103500300,192.0500015258789,190.34750061035157,218.99579986572266,233.74604972839356,193.30093290823416,196.30986226303094,210.27786278147292,45.298000411350294,-6.054475921569406,-8.820810420603388,2.7663344990339827,3.6506840916712857,190.34750061035157,203.64984050690245,177.0451607138007,7.699286324637277,59.06113110143968,0.0,0.0,0.0,0.0,0.0
2024-02-22 05:00:00,197.41000366210938,198.32000732421875,191.36000061035156,194.0,92739500,193.0330017089844,189.8265007019043,218.06720001220702,233.88279975891112,194.04803668166602,196.41463763437176,209.77324085522335,47.775036480975004,-5.287358736603409,-8.114120083803392,2.8267613471999837,9.030159242228276,189.8265007019043,200.87029347401375,178.78270792979487,7.7964292253766745,59.32837634973605,0.0,0.0,0.0,0.0,0.0
2024-02-23 05:00:00,191.97000122070312,197.57000732421875,191.5,195.30999755859375,78841900,193.2740020751953,190.29350051879882,217.1117999267578,233.98369979858398,193.67021205240002,195.9913389283081,209.0750745950461,43.4126386968592,-5.06004650739348,-7.503305368521411,2.443258861127931,3.711504533039034,190.29350051879882,200.8344354627356,179.75256557486205,7.740001133510044,40.73127145489765,0.0,0.0,0.0,0.0,0.0
2024-02-26 05:00:00,199.39999389648438,201.77999877929688,192.0,192.2899932861328,111747100,193.85700073242188,191.10100021362305,216.35959991455078,234.134949798584,194.71199056950624,196.31597273480108,208.69565966569075,50.112828317667756,-4.231582564418574,-6.848960807700844,2.6173782432822703,6.301307148976076,191.10100021362305,201.84250777247505,180.35949265477106,7.519286019461496,42.68054197427893,0.0,0.0,0.0,0.0,0.0
2024-02-27 05:00:00,199.72999572753906,205.60000610351562,198.25999450683594,204.0399932861328,108645400,195.01699981689453,191.54100036621094,215.5683999633789,234.29089981079102,195.624355143694,196.64111778172852,208.3440650014495,50.393770219917684,-3.5079530320957986,-6.180759252579835,2.672806220484037,5.365055022118637,191.54100036621094,202.9530276720686,180.12897306035327,7.373572213309152,40.337495896433495,0.0,0.0,0.0,0.0,0.0
2024-02-28 05:00:00,202.0399932861328,205.3000030517578,198.44000244140625,200.4199981689453,99806200,196.81899871826172,192.06350021362306,214.5881997680664,234.4406997680664,196.79083480595557,197.1552964011956,208.09684650280965,52.41393718169058,-2.716756835065098,-5.487958769076888,2.77120193401179,4.375670631518513,192.06350021362306,204.4041013612872,179.72289906595893,7.355715070452009,40.46390506055211,0.0,0.0,0.0,0.0,0.0
2024-02-29 05:00:00,201.8800048828125,205.27999877929688,198.4499969482422,204.17999267578125,85907000,198.13599853515626,192.79300079345703,213.55579986572266,234.61019981384277,197.7161384562932,197.60526863754006,207.85304879222153,52.25521327840802,-2.078676190533116,-4.806102253368134,2.7274260628350175,7.308775656793798,192.79300079345703,205.65922379357048,179.92677779334358,7.412144252232143,39.37589319100747,0.0,0.0,0.0,0.0,0.0
2024-03-01 05:00:00,202.63999938964844,204.52000427246094,198.5,200.52000427246094,82243100,198.35499877929686,193.48200073242188,212.56699981689454,234.79164978027345,198.6113858987214,198.08476680440754,207.6486154823167,52.98358271808969,-1.494440497656086,-4.143769902225724,2.649329404569638,10.118462495859216,193.48200073242188,206.9243847664845,180.03961669835925,7.510716029575893,39.34257157183772,0.0,0.0,0.0,0.0,0.0
2024-03-04 05:00:00,188.13999938964844,199.75,186.72000122070312,198.72999572753906,134334900,197.1739990234375,193.49350051879884,211.18539978027343,234.89974975585938,196.70749744252632,197.13764609824,206.88357171397678,40.33925233497842,-2.1763704761979454,-3.750290017020169,1.5739195408222235,-0.30205463618208084,193.49350051879884,206.91619302898425,180.07080800861343,8.115716116768974,47.55617124148132,0.0,0.0,0.0,0.0,0.0
2024-03-05 05:00:00,180.74000549316406,184.58999633789062,177.57000732421875,183.0500030517578,119660800,195.87200012207032,193.47750091552734,209.85739990234376,234.93414978027343,193.8043170880968,195.5759660406137,205.8583338229645,35.661833844337224,-3.2761570610862236,-3.6554634258333802,0.3793063647471566,-9.832871915766306,193.47750091552734,206.9632104850606,179.99179134599407,8.44071524483817,47.86277355396222,0.0,0.0,0.0,0.0,0.0
2024-03-06 05:00:00,176.5399932861328,181.5800018310547,173.6999969482422,179.99000549316406,107920900,194.0489990234375,193.04950027465821,208.2981997680664,234.93239974975586,190.66534912410333,193.76301625447266,204.7085949783829,33.30163895244466,-4.435521802957453,-3.8114751012581953,-0.6240467016992577,-11.7079289919515,193.04950027465821,208.10650617482852,177.9924943744879,8.60785893031529,47.821156645516524,0.0,0.0,0.0,0.0,0.0
2024-03-07 05:00:00,178.64999389648438,180.0399932861328,173.6999969482422,174.35000610351562,102129000,192.172998046875,192.60299987792968,206.82039978027345,234.92494972229005,188.48073908271806,192.3236807918071,203.68668905360258,35.6073106534394,-5.124989608407333,-4.074178002688023,-1.0508116057193098,-7.798307720233999,192.60299987792968,208.8272954694462,176.37870428641315,8.191430228097099,47.762392625631975,0.0,0.0,0.0,0.0,0.0
2024-03-08 05:00:00,175.33999633789062,182.72999572753906,174.6999969482422,181.5,85544600,190.50999755859374,191.89199981689453,205.195,234.85729972839354,186.09151312911305,190.70618703429125,202.57505404514328,33.64258702861194,-5.870811886771179,-4.433504779504654,-1.437307107266525,-9.975872828646626,191.89199981689453,209.83326599128384,173.9507336425052,8.352858407156807,47.863727171824685,0.0,0.0,0.0,0.0,0.0
2024-03-11 04:00:00,177.77000427246094,182.8699951171875,174.8000030517578,175.4499969482422,85391500,188.3469985961914,191.10199966430665,203.5216000366211,234.81729972839355,184.57851151881266,189.47416962840265,201.60230699523416,36.4163689963436,-6.194394954677193,-4.785682814539162,-1.4087121401380314,-9.948836951173268,191.10199966430665,210.09288914685334,172.11111018175995,8.156429835728236,47.43431184530321,0.0,0.0,0.0,0.0,0.0
2024-03-12 04:00:00,177.5399932861328,179.42999267578125,172.41000366210938,177.77000427246094,87391700,186.12799835205078,190.57249908447267,202.00880004882814,234.7904997253418,183.29878093105268,188.33758140532933,200.6586868497792,36.261858316639,-6.39567151157928,-5.107680553947186,-1.2879909576320943,-7.5168035853583675,190.57249908447267,210.48067668272262,170.66432148622272,8.122857230050224,46.56067272290812,0.0,0.0,0.0,0.0,0.0
2024-03-13 04:00:00,169.47999572753906,176.0500030517578,169.14999389648438,173.0500030517578,106524500,182.87199859619142,189.84549865722656,200.42880004882812,234.71554969787599,180.78627453041383,186.5416208645874,199.43599308027962,31.25711542047091,-7.123444442469264,-5.510833331651602,-1.612611110817662,-15.005014586147801,189.84549865722656,211.72546647098585,167.96553084346726,8.224999564034599,48.567137329802534,0.0,0.0,0.0,0.0,0.0
2024-03-14 04:00:00,162.5,171.1699981689453,160.50999450683594,167.77000427246094,126325700,178.93399810791016,188.5349983215332,198.7104000854492,234.56219970703125,177.46149734306584,184.25194268700764,197.9875227634059,27.692600873892886,-8.169266831631546,-6.042520031647591,-2.1267467999839553,-18.640162481316136,188.5349983215332,213.6080303512903,163.46196629177612,8.5528564453125,49.02441656232413,0.0,0.0,0.0,0.0,0.0
2024-03-15 04:00:00,163.57000732421875,165.17999267578125,160.75999450683594,163.16000366210938,97146800,175.0269989013672,186.69099884033204,197.21280029296875,234.3742497253418,174.93577188509363,182.28223455721823,196.63781627559467,29.02873579046593,-8.81018957982235,-6.596053941282543,-2.2141356385398065,-19.04077768772846,186.69099884033204,213.44286977745347,159.93912790321062,8.16785648890904,42.096511486765685,0.0,0.0,0.0,0.0,0.0
2024-03-18 04:00:00,173.8000030517578,174.72000122070312,165.89999389648438,170.02000427246094,108214400,173.59299926757814,185.3834991455078,195.93020050048827,234.2235997772217,174.72926846085076,181.47440298526962,195.74221575701284,40.37316645639035,-8.395867976010663,-6.956016748228167,-1.439851227782496,-13.909253592179471,185.3834991455078,211.96241035871975,158.80458793229587,8.439998081752233,49.30160519257241,0.0,0.0,0.0,0.0,0.0
2024-03-19 04:00:00,171.32000732421875,172.82000732421875,167.4199981689453,172.36000061035156,77271400,172.6509994506836,184.26149978637696,194.60680053710936,234.04259979248047,174.10940279964495,180.50731768421716,194.7844820929817,38.75584074742011,-8.173412042730973,-7.199495807128729,-0.9739162356022444,-15.45597718109233,184.26149978637696,211.2430586056515,157.27994096710242,8.405712672642299,48.554788361957954,0.0,0.0,0.0,0.0,0.0
2024-03-20 04:00:00,175.66000366210938,176.25,170.82000732421875,173.0,83846700,172.56300048828126,183.30599975585938,193.31100067138672,233.8510498046875,174.39133022918392,180.0456687297307,194.034502546673,43.054998674597236,-7.559768375255828,-7.27155032075415,-0.28821805450167837,-6.633355888182124,183.30599975585938,210.0732968310738,156.53870268064495,8.305712018694196,49.666393971779776,0.0,0.0,0.0,0.0,0.0
2024-03-21 04:00:00,172.82000732421875,178.17999267578125,171.8000030517578,176.38999938964844,73178000,171.9800018310547,182.07649993896484,192.06820068359374,233.62709983825684,174.10563515555387,179.3575105006343,193.20256155755715,41.025513657067286,-7.219394629968775,-7.261119182597075,0.04172455262829988,-4.381984025802666,182.07649993896484,208.37086047293624,155.78213940499344,8.331425258091517,49.338443335024024,0.0,0.0,0.0,0.0,0.0
2024-03-22 04:00:00,170.8300018310547,171.1999969482422,166.3000030517578,166.69000244140625,75580600,171.52900238037108,181.0194999694824,190.80600067138673,233.37469985961914,173.51006546019036,178.5453668178172,192.3252062741649,39.61636104854854,-7.029194616677557,-7.214734269413172,0.18553965273561435,-3.234389754294076,181.0194999694824,207.33889847424547,154.70010146471935,7.659997122628348,48.74104771275038,0.0,0.0,0.0,0.0,0.0
2024-03-25 04:00:00,172.6300048828125,175.24000549316406,168.72999572753906,168.75999450683594,74228600,171.01500244140624,179.68100051879884,189.7142007446289,233.11499984741212,173.35005444612165,177.98199901448342,191.55284543528833,41.57130293988057,-6.656482743255879,-7.103083964181714,0.4466012209258352,-3.3697112898643855,179.68100051879884,204.7580836156428,154.6039174219549,7.369998386928013,46.32905345765849,0.0,0.0,0.0,0.0,0.0
2024-03-26 04:00:00,177.6699981689453,184.25,177.3800048828125,178.5800018310547,113186200,171.0280029296875,178.57800064086913,188.88980072021485,232.82904983520507,174.1354987593623,177.95228464824172,191.0084200522945,46.76801476208127,-5.886563916544446,-6.859779954654261,0.9732160381098147,1.328847883950357,178.57800064086913,201.81515422153925,155.34084706019902,7.637140546526227,47.995070637636864,0.0,0.0,0.0,0.0,0.0
2024-03-27 04:00:00,179.8300018310547,181.91000366210938,176.0,181.41000366210938,81804000,172.06300354003906,177.46750106811524,188.08820068359375,232.50619987487792,175.17086295421547,178.13111485612868,190.5700507102851,48.86701641062798,-5.043959826655907,-6.496615929054591,1.4526561023986835,1.1587992963292493,177.46750106811524,197.94225280157528,156.9927493346552,7.6064267839704245,48.02326241402485,0.0,0.0,0.0,0.0,0.0
2024-03-28 04:00:00,175.7899932861328,179.57000732421875,175.3000030517578,177.4499969482422,77654800,173.39200286865236,176.16300048828126,187.29300048828125,232.13599983215332,175.28343210547317,177.90815089708147,189.9904406152203,45.27137570623505,-4.648598787430416,-6.127012500729756,1.4784137132993402,-0.9856934021505781,176.16300048828126,193.10924790830205,159.21675306826046,7.3564267839704245,48.364412968579124,0.0,0.0,0.0,0.0,0.0
2024-04-01 04:00:00,175.22000122070312,176.75,170.2100067138672,176.1699981689453,81562100,174.55700225830077,174.792000579834,186.55980041503906,231.71854988098144,175.27189921733316,177.6521366421883,189.41120769778829,44.77084928553281,-4.331336955223264,-5.767877391628458,1.4365404364051937,3.386833631027386,174.792000579834,186.2751474483087,163.3088537113593,7.24714115687779,48.2318849438938,0.0,0.0,0.0,0.0,0.0
2024-04-02 04:00:00,166.6300048828125,167.69000244140625,163.42999267578125,164.75,116650600,173.84000244140626,173.71650085449218,185.64860046386718,231.2677498626709,173.70064570196575,176.60240980796206,188.51782719524022,37.95950666526095,-4.718651900474185,-5.558032293397604,0.8393803929234185,2.5415414663461533,173.71650085449218,183.89038644313464,163.54261526584972,7.587856837681362,44.75781726189427,0.0,0.0,0.0,0.0,0.0
2024-04-03 04:00:00,168.3800048828125,168.82000732421875,163.27999877929688,164.02000427246094,82950100,173.54600219726564,173.0985008239746,184.8402005004883,230.83014991760254,172.7332564621197,175.8193236246145,187.72810867318424,39.963438558673104,-4.828728830223781,-5.41217160076284,0.583442770539059,2.9406354118818756,173.0985008239746,182.9732196762351,163.22378197171412,7.384286063058036,43.25800463169308,0.0,0.0,0.0,0.0,0.0
2024-04-04 04:00:00,171.11000061035156,177.19000244140625,168.00999450683594,170.07000732421875,123162000,173.09100189208985,172.82700119018554,184.07960052490233,230.38299987792968,172.43811903452547,175.37081667087517,187.0764181609163,43.05360959702764,-4.642165753269808,-5.258170431264234,0.6160046779944262,-1.5477574189714849,172.82700119018554,182.60139163463597,163.0526107457351,7.278572082519531,43.09860832164413,0.0,0.0,0.0,0.0,0.0
2024-04-05 04:00:00,164.89999389648438,170.86000061035156,160.50999450683594,169.0800018310547,143157600,172.29900054931642,172.13950119018554,183.22100036621094,229.83524978637695,171.0675508276089,174.37359545426654,186.20675446427188,38.232823466591746,-4.938481077522994,-5.194232560515986,0.25575148299299233,-3.7473810140485564,172.13950119018554,182.1214421599617,162.15756022040938,7.720001220703125,44.52313942990919,0.0,0.0,0.0,0.0,0.0
2024-04-08 04:00:00,172.97999572753906,174.5,167.7899932861328,169.33999633789062,104423300,172.51399993896484,172.02150115966796,183.02800018310546,229.40284980773924,171.41526808214164,174.24087167076868,185.68805804322355,46.609576891380314,-4.469799421084247,-5.049345932629639,0.5795465115453924,-1.5256790838541923,172.02150115966796,181.89939485132265,162.14360746801327,7.609287806919643,47.852651291106326,0.0,0.0,0.0,0.0,0.0
2024-04-09 04:00:00,176.8800048828125,179.22000122070312,171.9199981689453,172.91000366210938,102951700,172.93899993896486,171.97700119018555,182.90060028076172,228.9641999053955,172.40885659135452,174.49221769096332,185.34264419379568,50.125469894720666,-3.7405489665182756,-4.787586539407367,1.0470375728890913,2.3492636190999505,171.97700119018555,181.7533516923072,162.2006506880639,7.675001961844308,48.289639849789815,0.0,0.0,0.0,0.0,0.0
2024-04-10 04:00:00,171.75999450683594,174.92999267578125,170.00999450683594,173.0399932861328,84532400,172.3479995727539,171.6880012512207,182.51720031738282,228.5399998474121,172.29088166689658,174.23200595914167,184.8099912648953,45.856140309145175,-3.5350054327736586,-4.537070318080625,1.0020648853069662,0.5443965730919986,171.6880012512207,181.10713832157631,162.26886418086508,7.777860369001116,49.38728732336063,0.0,0.0,0.0,0.0,0.0
2024-04-11 04:00:00,174.60000610351562,175.8800048828125,168.50999450683594,172.5500030517578,94516000,171.825,171.94400177001953,182.1774005126953,228.2077498626709,172.71072247355457,174.2670535919392,184.40959968993926,48.47753154878613,-3.1071284577938627,-4.251081946023272,1.1439534882294096,1.141169648949747,171.94400177001953,181.38873785357285,162.4992656864662,7.848576136997768,46.86367458575032,0.0,0.0,0.0,0.0,0.0
2024-04-12 04:00:00,171.0500030517578,173.80999755859375,170.36000061035156,172.33999633789062,64722700,171.3510009765625,172.37150192260742,181.8526007080078,227.81194984436036,172.40877348777335,173.96066782620764,183.88569393942234,45.51136335219891,-3.0196794649124,-4.004801449801098,0.9851219848886981,-3.726006183043118,172.37150192260742,180.7276452685441,164.01535857667074,7.685719081333706,44.862704905539815,0.0,0.0,0.0,0.0,0.0
2024-04-15 04:00:00,161.47999572753906,170.69000244140625,161.3800048828125,170.24000549316406,100245300,169.97700042724608,172.26700134277343,181.30500061035156,227.33814987182618,170.42172298591254,172.7720323882392,183.0070391075838,38.64647617407888,-3.680172382792904,-3.9398756363994596,0.2597032536065558,-10.204084922801115,172.26700134277343,181.12386983763787,163.41013284790898,7.911432538713727,49.446854383903315,0.0,0.0,0.0,0.0,0.0
2024-04-16 04:00:00,157.11000061035156,158.19000244140625,153.75,156.74000549316406,97000000,169.025,171.43250122070313,180.6890005493164,226.83619987487793,168.00140982671962,171.28041031415466,181.99146897043747,35.97776768745949,-4.50431690178786,-4.05276388947714,-0.4515530123107201,-10.626311729459982,171.43250122070313,182.54026366230894,160.32473877909732,7.633575439453125,44.33691972348142,0.0,0.0,0.0,0.0,0.0
2024-04-17 04:00:00,155.4499969482422,158.3300018310547,153.77999877929688,157.63999938964844,82439700,167.73199920654298,170.6390007019043,180.1768005371094,226.30459991455078,165.71933475790553,169.77275189835348,180.95062693035138,34.98935137204104,-5.2311048723163935,-4.288432086044991,-0.9426727862714026,-11.282960926109741,170.6390007019043,183.84905478487863,157.42894661892998,7.536432538713727,44.249893074071956,0.0,0.0,0.0,0.0,0.0
2024-04-18 04:00:00,149.92999267578125,152.1999969482422,148.6999969482422,151.25,96098800,165.61399841308594,169.35250015258788,179.47340026855468,225.6551498413086,162.8485452884284,167.88296530572757,179.73413146938785,31.85532409918318,-6.181254137373372,-4.666996496310667,-1.5142576410627049,-10.022211917221046,169.35250015258788,185.24325967594515,153.4617406292306,7.695004054478237,44.083683587768974,0.0,0.0,0.0,0.0,0.0
2024-04-19 04:00:00,147.0500030517578,150.94000244140625,146.22000122070312,148.97000122070312,87074500,163.8289993286133,168.06399993896486,178.66280029296874,224.97799980163575,159.97608306357918,165.89887366249235,178.4524009432063,30.328951808387572,-7.084974196672022,-5.150592036382939,-1.9343821602890827,-12.667775990326014,168.06399993896486,186.71099911352172,149.417000764408,7.565004621233259,44.17593894150771,0.0,0.0,0.0,0.0,0.0
2024-04-22 04:00:00,142.0500030517578,144.44000244140625,138.8000030517578,140.55999755859375,107097600,160.73600006103516,166.625,177.71260040283204,224.30554977416992,156.71679578870257,163.6275526519462,177.02485592785536,27.835287858099974,-8.111136930348465,-5.742701015176045,-2.3684359151724204,-16.983225676428248,166.625,188.5304816384988,144.7195183615012,7.312146868024554,45.14592649818347,0.0,0.0,0.0,0.0,0.0
2024-04-23 04:00:00,144.67999267578125,147.25999450683594,141.11000061035156,143.3300018310547,124545100,157.51599884033203,165.22749938964844,176.73480010986327,223.6567997741699,154.52828613180776,161.82302313040668,175.7564299179701,31.04675829556504,-8.612876231109084,-6.316736058362653,-2.296140172746431,-12.261978149857411,165.22749938964844,189.0060886148455,141.44891016445138,7.355717250279018,45.68462927528505,0.0,0.0,0.0,0.0,0.0
2024-04-24 04:00:00,162.1300048828125,167.97000122070312,157.50999450683594,162.83999633789062,181178000,156.5529998779297,164.45049972534179,176.2148001098633,223.11939987182618,155.9104168138086,161.85225948777867,175.22206030874824,47.68279769113989,-7.5158006213879105,-6.556548970967705,-0.9592516504202058,-6.272396295937243,164.45049972534179,187.52226569292327,141.3787337577603,8.363574436732701,63.65241086803527,0.0,0.0,0.0,0.0,0.0
2024-04-25 04:00:00,170.17999267578125,170.8800048828125,158.36000061035156,158.9600067138672,126427500,156.11099853515626,163.96799926757814,175.93799987792968,222.62134979248046,158.50488515234906,162.6453769342551,175.02433216627895,53.282431796407444,-5.928454030612983,-6.43092998289676,0.5024759522837776,-3.787885584620021,163.96799926757814,186.0687122768584,141.86728625829787,8.500717163085938,66.23993466784233,0.0,0.0,0.0,0.0,0.0
2024-04-26 04:00:00,168.2899932861328,172.1199951171875,166.3699951171875,168.85000610351562,109815700,155.83499755859376,163.59299926757814,175.529599609375,222.10284980773926,160.2839957221279,163.18295944395774,174.7602404454889,51.878475877029025,-4.768014869144594,-6.098346960146327,1.3303320910017336,-2.02026160437786,163.59299926757814,185.09553174234483,142.09046679281144,8.225716727120536,65.89515911076872,0.0,0.0,0.0,0.0,0.0
2024-04-29 04:00:00,194.0500030517578,198.8699951171875,184.5399932861328,188.4199981689453,243869700,159.0919982910156,164.53449935913085,175.40159973144532,221.68359985351563,166.42326978206063,166.12267788279584,175.51670172416613,65.29924491329342,-1.749572982199055,-5.228592164556874,3.4790191823578187,11.139745858147808,164.53449935913085,189.5436271457635,139.5253715724982,9.888573782784599,85.6953162153048,0.0,0.0,0.0,0.0,0.0
2024-04-30 04:00:00,183.27999877929688,190.9499969482422,182.83999633789062,186.97999572753906,127031800,161.70899810791016,165.36699905395508,175.0681997680664,221.19309982299805,169.48812959973995,167.75670844436738,175.82114474593595,58.01427990525997,-0.22390434627334344,-4.227654600900168,4.003750254626825,7.14995352782215,165.36699905395508,191.7410681983273,138.99292990958287,10.198573521205358,86.28009591947712,0.0,0.0,0.0,0.0,0.0
2024-05-01 04:00:00,179.99000549316406,185.86000061035156,179.00999450683594,182.0,92829700,164.16299896240236,165.94749908447267,174.79279998779296,220.6411498260498,171.39756158036252,168.9217843537766,175.98462948112137,55.960450660787934,0.7115220931937074,-3.239819262081393,3.9513413552751,11.462726192324446,165.94749908447267,193.10037716335043,138.7946210055949,10.161430358886719,86.67812407036978,0.0,0.0,0.0,0.0,0.0
2024-05-02 04:00:00,180.00999450683594,184.60000610351562,176.02000427246094,182.86000061035156,89148000,167.1709991455078,166.3924987792969,174.49759979248046,220.07449981689453,172.96345847608495,169.97780436835367,176.14248693311018,55.97064954691348,1.4378921070497483,-2.304276988255165,3.7421690953049134,14.575770993266456,166.3924987792969,194.18578120801496,138.5992163505788,10.471430097307477,86.58249525270976,0.0,0.0,0.0,0.0,0.0
2024-05-03 04:00:00,181.19000244140625,184.77999877929688,178.4199981689453,182.10000610351562,75491500,170.58499908447266,167.20699920654297,174.1731997680664,219.52414978027343,174.45919374250698,171.04563275626344,176.34042871774923,56.60947618250669,2.0847308749990248,-1.4264754156043271,3.5112062906033517,16.55838275875574,167.20699920654297,195.76049997322772,138.65349843985823,10.235001700265068,85.27163361018663,0.0,0.0,0.0,0.0,0.0
2024-05-06 04:00:00,184.75999450683594,187.55999755859375,182.1999969482422,183.8000030517578,84390300,174.85599822998046,167.7959991455078,174.02899963378906,219.1334497833252,176.33206660874862,172.35176244679417,176.67060776830166,58.568063664016414,2.852541460520598,-0.570672040379342,3.4232135008999403,23.23084341528212,167.7959991455078,197.32039820896122,138.2716000820544,10.13785879952567,83.93696324640733,0.0,0.0,0.0,0.0,0.0
2024-05-07 04:00:00,177.80999755859375,183.25999450683594,177.39999389648438,182.39999389648438,75045900,178.16899871826172,167.84249877929688,173.59719970703125,218.7223998260498,176.60078132690228,172.87159436220367,176.71528972086213,53.504668682484315,2.867179154610568,0.11689819861863993,2.7502809559919283,20.918050913612852,167.84249877929688,197.42999942946932,138.25499812912443,10.338572910853795,84.93766043344108,0.0,0.0,0.0,0.0,0.0
2024-05-08 04:00:00,174.72000122070312,176.05999755859375,170.14999389648438,171.58999633789062,79969500,179.4279983520508,167.99049911499023,173.09699981689454,218.25069984436035,176.25882130759334,173.0476331106322,176.63704311301277,51.37792319365873,2.5994775927739795,0.6134140774497079,1.9860635153242716,22.998942250667586,167.99049911499023,197.6899093873836,138.29108884259685,10.403573172433036,84.48483160552566,0.0,0.0,0.0,0.0,0.0
2024-05-09 04:00:00,171.97000122070312,175.6199951171875,171.3699951171875,175.00999450683594,65950300,179.60699920654298,167.8589988708496,172.49559997558595,217.78414985656738,175.47903583724965,172.94500150206753,176.45402186233397,49.49244228666134,2.1407430062322135,0.9188798632062091,1.2218631430260043,18.8623236981198,167.8589988708496,197.4583093823839,138.2596883593153,10.370001656668526,84.5316310284623,0.0,0.0,0.0,0.0,0.0
2024-05-10 04:00:00,168.47000122070312,173.05999755859375,167.75,173.0500030517578,72627200,179.625,167.72999877929686,171.82739990234376,217.30474983215333,174.20466590696847,172.51881099908044,176.14092301364258,47.12220808575648,1.4777373557367355,1.0306513617123143,0.4470859940244212,3.910439861192372,167.72999877929686,197.29321957747288,138.16677798112084,10.160001482282366,84.53229147507895,0.0,0.0,0.0,0.0,0.0
2024-05-13 04:00:00,171.88999938964844,175.39999389648438,169.0,170.0,67018900,177.40899963378905,168.25049896240233,171.21239990234375,216.88564979553223,173.7838174492739,172.45892417913456,175.97422012642713,49.65917729593255,1.214268539273121,1.0673747972244756,0.14689374204864536,1.0048224159493246,168.25049896240233,197.7168000427069,138.78419788209777,10.215715680803571,82.0746688615532,0.0,0.0,0.0,0.0,0.0
2024-05-14 04:00:00,177.5500030517578,179.49000549316406,174.07000732421875,174.5,86407400,176.83600006103515,169.27249908447266,171.00059997558594,216.441199798584,174.46857846790735,172.94378883367008,176.03601553526363,53.6247311095257,1.445519547405496,1.1430037472606798,0.30251580014481627,5.502412582476479,169.27249908447266,198.529002310153,140.0159958587923,9.095001220703125,81.79373522325596,0.0,0.0,0.0,0.0,0.0
2024-05-15 04:00:00,173.99000549316406,180.0,173.11000061035156,179.89999389648438,79663000,176.23600006103516,170.19949951171876,170.86559997558595,215.9739998626709,174.3815651997722,173.04342851552664,175.95577984733816,50.90835279122124,1.3262375457136386,1.1796505069512715,0.14658703876236712,-10.33754044994437,170.19949951171876,198.77897637809716,141.62002264534036,8.692858014787946,82.13747525388459,0.0,0.0,0.0,0.0,0.0
2024-05-16 04:00:00,174.83999633789062,175.7899932861328,171.42999267578125,174.10000610351562,59812200,175.71900024414063,171.44499969482422,170.8316000366211,215.54284980773926,174.46491631579374,173.21453021289463,175.91202363128141,51.53954531133021,1.2854747052698485,1.200815346614987,0.08465935865486163,-4.604977355750406,171.44499969482422,198.43190394422328,144.45809544542516,8.593572344098773,80.61173670090909,0.0,0.0,0.0,0.0,0.0
2024-05-17 04:00:00,177.4600067138672,179.6300048828125,172.75,173.5500030517578,77445800,175.34600067138672,172.9654998779297,170.80780029296875,215.15959983825684,175.00947820635253,173.61886130822535,175.97272885020635,53.52319049953432,1.447892399242022,1.250230757140394,0.19766164210162818,-1.4056329252087107,172.9654998779297,197.47851591206768,148.4524838437917,6.900715419224331,79.94296312847565,0.0,0.0,0.0,0.0,0.0
2024-05-20 04:00:00,174.9499969482422,177.75,173.52000427246094,177.55999755859375,61727400,174.36500091552733,174.6104995727539,170.8000003051758,214.73774978637695,174.99866343215064,173.7456361310841,175.93262171679598,51.35443042981205,1.3584138317430927,1.2718673720609337,0.08654645968215902,-2.810953676464667,174.6104995727539,194.3363447157218,154.884654429786,6.402143205915179,78.77639055111757,0.0,0.0,0.0,0.0,0.0
2024-05-21 04:00:00,186.60000610351562,186.8800048828125,174.7100067138672,175.50999450683594,115266500,175.24400177001954,176.7065002441406,170.97660034179688,214.40144981384276,177.1079984633079,174.96986184274425,176.3509505162752,59.54755926439927,2.202174501140462,1.4579287978768396,0.7442457032636223,2.985817975171612,176.7065002441406,191.276232668249,162.13676782003222,6.782142639160156,81.15083061892709,0.0,0.0,0.0,0.0,0.0
2024-05-22 04:00:00,180.11000061035156,183.8000030517578,178.1199951171875,182.85000610351562,88313500,175.7830017089844,177.6055000305176,171.02800048828124,214.04474983215331,177.65381703549764,175.45939886823066,176.49836424545464,54.08282165143751,2.3204233110296855,1.6304277005074088,0.6899956105222766,-2.5167752948338173,177.6055000305176,190.51214315256027,164.6988569084749,6.775000435965402,72.33617747597273,0.0,0.0,0.0,0.0,0.0
2024-05-23 04:00:00,173.74000549316406,181.89999389648438,173.25999450683594,181.8000030517578,71975500,175.96000213623046,177.78350067138672,171.11320068359376,213.66494987487792,176.9422149368915,175.2956471182243,176.39019331399226,49.30053404313056,1.8784770608706367,1.6800375725800545,0.19843948829058222,-2.288955695018502,177.78350067138672,190.35273653317483,165.2142648095986,6.937857491629464,71.85765526013063,0.0,0.0,0.0,0.0,0.0
2024-05-24 04:00:00,179.24000549316406,180.0800018310547,173.72999572753906,174.83999633789062,65584500,177.03700256347656,178.33100128173828,171.44800079345703,213.3501998901367,177.35999503803197,175.67130029678998,176.50195065435193,53.152406590495254,1.9495621690267058,1.7339424918693849,0.2156196771573209,2.586998764240711,178.33100128173828,190.08668625508113,166.57531630839543,6.936429704938616,72.4275638259166,0.0,0.0,0.0,0.0,0.0
2024-05-28 04:00:00,176.75,178.25,173.16000366210938,176.39999389648438,59736600,177.52300262451172,177.46600112915038,171.71160064697267,213.00724990844728,177.24908684929886,175.7740336018576,176.51167807967147,51.253876263230204,1.7844054803036897,1.744035089556246,0.04037039074744375,2.7795538439069567,177.46600112915038,186.6067676154003,168.32523464290048,6.845001220703125,46.47877308645335,0.0,0.0,0.0,0.0,0.0
2024-05-29 04:00:00,176.19000244140625,178.14999389648438,173.92999267578125,174.19000244140625,54782600,177.38700256347656,177.11150131225585,171.75940063476563,212.67494995117187,177.05652604786383,175.8136496818146,176.4990633487591,50.81428310877772,1.590001939105207,1.7132284594660383,-0.12322652036083137,4.582418926079068,177.11150131225585,185.8436784491548,168.3793241753569,6.599286760602679,42.35478702477351,0.0,0.0,0.0,0.0,0.0
2024-05-30 04:00:00,178.7899932861328,182.6699981689453,175.3800048828125,178.5800018310547,77618400,177.86700134277345,177.0515007019043,171.90880035400392,212.37009994506835,177.37170190936726,176.09711097746396,176.58890373846003,52.836825363734384,1.6269784692086944,1.6959784614145696,-0.06899999220587527,4.014191588216343,177.0515007019043,185.71663235134756,168.38636905246105,6.816429138183594,42.27498568713627,0.0,0.0,0.0,0.0,0.0
2024-05-31 04:00:00,178.0800018310547,180.32000732421875,173.82000732421875,178.5,67314600,178.19100189208984,176.95500106811522,171.9572003173828,212.09569992065428,177.50048371331042,176.28595772542496,176.64737817346375,52.20551780066206,1.580770124933622,1.6729367941183804,-0.09216666918475847,0.2985067700293831,176.95500106811522,185.5238588962936,168.38614323993684,6.901429312569754,42.29837933187934,0.0,0.0,0.0,0.0,0.0
2024-06-03 04:00:00,176.2899932861328,182.63999938964844,174.49000549316406,178.1300048828125,68568900,178.0740005493164,176.71000061035156,172.0266000366211,211.84914985656738,177.28039454473267,176.28634206454,176.63336307984292,50.56514631860361,1.3837598274031393,1.6151014007753322,-0.23134157337219285,1.321907994915894,176.71000061035156,185.04605780671582,168.3739434139873,6.988572256905692,42.35708255882364,0.0,0.0,0.0,0.0,0.0
2024-06-04 04:00:00,174.77000427246094,177.75999450683594,174.0,174.77999877929688,60056300,178.05600128173828,176.21050109863282,172.10540008544922,211.62689987182617,176.82395994977418,176.14192894148488,176.56029018543578,49.15279086025885,1.092385002578908,1.5105581211360475,-0.41817311855713957,-0.04003206754501498,176.21050109863282,183.6663073746832,168.75469482258242,6.714285714285714,41.70604328004877,0.0,0.0,0.0,0.0,0.0
2024-06-05 04:00:00,175.0,176.14999389648438,172.1300048828125,175.35000610351562,57953800,176.89600067138673,176.07000122070312,172.15279998779297,211.42444984436034,176.49233086799703,176.0331738042006,176.49910233502655,49.38317450870512,0.8699982890009039,1.3824461547090188,-0.5124478657081148,-1.3862316132071673,176.07000122070312,183.50477151048787,168.63523093091837,6.509284973144531,39.58810131772517,0.0,0.0,0.0,0.0,0.0
2024-06-06 04:00:00,177.94000244140625,179.72999572753906,172.72999572753906,174.60000610351562,69887000,176.6790008544922,176.2310012817383,172.1582000732422,211.1577498626709,176.75554388134415,176.2147765315535,176.55560822155124,52.35494309011154,0.920379283215766,1.2900327804103684,-0.3696534971946024,1.7090629010120262,176.2310012817383,183.68212028164595,168.77988228183062,6.697856358119419,39.514916437707,0.0,0.0,0.0,0.0,0.0
2024-06-07 04:00:00,177.47999572753906,179.35000610351562,175.5800018310547,176.1300048828125,56244900,177.0529998779297,176.5065010070801,172.11119995117187,210.87919982910157,176.88726239883414,176.33527359783784,176.59185871198216,51.84207740591035,0.9126672270560903,1.2145596697395127,-0.3018924426834224,-4.887465207754216,176.5065010070801,183.69716662005158,169.3158353941086,6.475713457380023,39.0398455561676,0.0,0.0,0.0,0.0,0.0
2024-06-10 04:00:00,173.7899932861328,178.57000732421875,173.1699981689453,176.05999755859375,50774600,176.50799865722655,176.77250061035156,172.07119995117188,210.56384979248048,176.32412256016116,176.09286594910404,176.48198163645864,47.79728407604511,0.6018650825788256,1.0920207523073753,-0.4901556697285496,-3.508970797180444,176.77250061035156,183.04660631556948,170.49839490513364,6.559285845075335,39.07325014292999,0.0,0.0,0.0,0.0,0.0
2024-06-11 04:00:00,170.66000366210938,174.75,167.41000366210938,173.9199981689453,64761900,175.8989990234375,176.71100082397462,171.98,210.26694984436034,175.29428276051536,175.57545049319978,176.25366877471947,44.61734642346874,0.1018144856152503,0.8939794989689503,-0.7921650133537,-1.7727648979358857,176.71100082397462,183.20681433728808,170.21518731066115,6.214285714285714,39.03902095376433,0.0,0.0,0.0,0.0,0.0
2024-06-12 04:00:00,177.2899932861328,180.5500030517578,169.8000030517578,171.1199951171875,90389400,176.00899810791014,176.69800033569337,172.1931997680664,209.96044982910155,175.65713921971854,175.73874028300293,176.29430895163767,51.914947426478165,0.2377647345189473,0.7627365460789497,-0.5249718115600024,-1.0879335791504574,176.69800033569337,183.1877816956938,170.20821897569294,6.376427786690848,39.75298304686783,0.0,0.0,0.0,0.0,0.0
2024-06-13 04:00:00,182.47000122070312,191.0800018310547,181.22999572753906,188.38999938964844,118984100,176.3769989013672,177.12200012207032,172.47499969482422,209.67869979858398,176.89584140171573,176.37981275326007,176.53649296218927,56.714005582472836,0.7547888988449358,0.761147016632147,-0.006358117787211182,3.2362100258575,177.12200012207032,183.96527168117478,170.27872856296585,6.744285583496094,40.26445133645724,0.0,0.0,0.0,0.0,0.0
2024-06-14 04:00:00,178.00999450683594,186.0,176.9199981689453,185.8000030517578,82038200,176.3699981689453,177.28050003051757,172.6129995727539,209.28284980773927,177.09841469355575,176.53506815836255,176.59427733648914,51.91016994997741,0.7954792168106906,0.7680134566678558,0.02746576014283475,1.0329712470688923,177.28050003051757,184.04764644127746,170.51335361975768,6.9392852783203125,41.38203613489,0.0,0.0,0.0,0.0,0.0
2024-06-17 04:00:00,187.44000244140625,188.80999755859375,177.0,177.9199981689453,109786100,177.48499908447266,177.77949981689454,173.06379974365234,208.93554985046387,178.97870337498313,177.57363332817624,177.01959988962315,59.685522382710694,1.5705451505466215,0.9285197954436091,0.6420253551030124,4.8380834946562645,177.77949981689454,185.93232994789543,169.62666968589366,7.348570687430246,45.08943480675603,0.0,0.0,0.0,0.0,0.0
2024-06-18 04:00:00,184.86000061035156,187.1999969482422,182.3699951171875,186.55999755859375,68982300,178.4939987182617,178.275,173.30139984130858,208.5694499206543,180.0480301450501,178.2675730693358,177.32706658455368,56.971477871591404,1.9540804779131804,1.1336319319375234,0.820448545975657,3.807276903404966,178.275,186.89496498114542,169.6550350188546,7.409285409109933,45.070354979369256,0.0,0.0,0.0,0.0,0.0
2024-06-20 04:00:00,181.57000732421875,185.2100067138672,179.66000366210938,184.67999267578125,55893100,179.1509994506836,178.02350006103515,173.39519989013672,208.2522499847412,180.3247532685353,178.5820906174199,177.49345641748172,53.62291783741688,1.9698527887463229,1.3008761032992835,0.6689766854470394,2.9950730269278747,178.02350006103515,185.88050276487797,170.16649735719233,7.285000392368862,38.83538945876335,0.0,0.0,0.0,0.0,0.0
2024-06-21 04:00:00,183.00999450683594,183.9499969482422,180.69000244140625,182.3000030517578,61937300,179.65799865722656,178.1684997558594,173.62019989013672,207.8848500061035,180.8129789482263,179.00379574974525,177.70979124451523,54.87313110510001,2.074632319907039,1.4556273466208347,0.6190049732862042,4.714762277815776,178.1684997558594,186.29021176950258,170.0467877422162,7.053571428571429,36.827554747288545,0.0,0.0,0.0,0.0,0.0
2024-06-24 04:00:00,182.5800018310547,188.8000030517578,182.5500030517578,184.97000122070312,61992100,180.16799926757812,178.6104995727539,173.7797998046875,207.53815002441405,181.13425583601327,179.34438680510806,177.90077989496774,54.401525589061094,2.0987806015813817,1.584257997612944,0.5145226039684376,4.33142961774553,178.6104995727539,186.67945229964315,170.54154684586464,6.917857578822544,34.27327112909655,0.0,0.0,0.0,0.0,0.0
2024-06-25 04:00:00,187.35000610351562,187.97000122070312,182.00999450683594,184.39999389648438,62905700,181.5240005493164,179.0159996032715,174.10579986572264,207.21745002746582,182.2643922482864,180.10682673828973,178.27133778549904,58.64737520856847,2.4742956291683527,1.762265523924026,0.7120301052443267,5.288301412274055,179.0159996032715,187.9832744016302,170.04872480491278,7.075001307896206,33.70507495850763,0.0,0.0,0.0,0.0,0.0
2024-06-26 04:00:00,196.3699951171875,197.75999450683594,186.36000061035156,186.5399932861328,95737100,184.09499969482422,179.99699935913085,174.80359985351564,206.95680000305177,184.82904731535933,181.65569991723237,178.9810890534084,65.23882141666547,3.4598487415688055,2.1017821674529817,1.3580665741158238,10.64345269573237,179.99699935913085,191.773302754591,168.22069596367072,7.602144513811384,36.77526614035096,0.0,0.0,0.0,0.0,0.0
2024-06-27 04:00:00,197.4199981689453,198.72000122070312,194.0500030517578,195.1699981689453,72746500,186.10800018310547,181.05849914550782,175.6097998046875,206.57600006103516,187.11831110692043,183.15706165549076,179.7041835285275,65.91982390308763,4.276338189982056,2.5366933719587967,1.739644818023259,13.596873120253461,181.05849914550782,195.01533715235718,167.10166113865847,7.435715811593192,36.63213146693347,0.0,0.0,0.0,0.0,0.0
2024-06-28 04:00:00,197.8800048828125,203.1999969482422,195.25999450683594,199.5500030517578,95438100,187.6490005493164,182.01299972534179,176.4583999633789,206.2280000305176,189.07498270253717,184.5592467247595,180.4169608365387,66.23194173793375,4.904000393805433,3.010154776328124,1.8938456174773086,15.949842163718774,182.01299972534179,197.80682805534,166.21917139534358,7.733572823660714,36.501411427757546,0.0,0.0,0.0,0.0,0.0
2024-07-01 04:00:00,209.86000061035156,213.22999572753906,200.85000610351562,201.02000427246094,135691400,190.83400115966796,183.60199966430665,177.65700012207031,205.9208000946045,192.85407686759433,186.96884233291112,181.57158984727647,73.13296729304463,6.295541661176657,3.6672321532978307,2.628309507878826,18.371035341883733,183.60199966430665,203.57225324301754,163.63174608559575,8.444285801478795,41.20122204476915,0.0,0.0,0.0,0.0,0.0
2024-07-02 04:00:00,231.25999450683594,231.3000030517578,218.05999755859375,218.88999938964844,205047900,195.21600036621095,186.3504997253418,179.3411999511719,205.69690002441405,199.83697098382007,191.18704730185632,183.52015473588665,80.71478955533884,9.021158501586768,4.738017422955618,4.28314107863115,26.73863811022821,186.3504997253418,215.22805016241267,157.4729492882709,9.451429094587054,52.20884118576515,0.0,0.0,0.0,0.0,0.0
2024-07-03 04:00:00,246.38999938964844,248.35000610351562,234.25,234.55999755859375,166561500,201.36900024414064,189.93149948120117,181.4279998779297,205.5568999481201,208.30115796669796,196.44447131021747,185.98563883995575,84.125624128924,12.260760022456225,6.242565942855739,6.018194079600486,38.413576199614205,189.93149948120117,228.79766343255247,151.06533552984988,9.90428706577846,54.48976156969872,0.0,0.0,0.0,0.0,0.0
2024-07-05 04:00:00,251.52000427246094,252.3699951171875,242.4600067138672,249.80999755859375,154501200,208.36399993896484,193.75749969482422,183.56480010986328,205.48809997558592,216.1591300222912,201.68976016376448,188.55561395495596,85.08860558801373,15.068416759971967,8.007736106278985,7.060680653692982,34.18694035233278,193.75749969482422,240.6676658455388,146.84733354410963,9.627142769949776,54.142987144563236,0.0,0.0,0.0,0.0,0.0
2024-07-08 04:00:00,252.94000244140625,259.44000244140625,244.57000732421875,247.7100067138672,157219600,215.35700073242188,197.50749969482422,185.38100006103517,205.42029998779296,222.84656137122118,206.57073561877797,191.08049193481676,85.35346226764297,17.209704180220996,9.848129721067387,7.3615744591536085,36.82787060817656,197.50749969482422,250.66823497023046,144.34676441941798,10.040713718959264,54.34304845628816,0.0,0.0,0.0,0.0,0.0
2024-07-09 04:00:00,262.3299865722656,265.6099853515625,250.3000030517578,251.0,160210900,223.33199920654297,201.74999923706054,187.22399993896485,205.41899993896484,230.02536595322925,211.88114047149108,193.8745897637363,86.99806975003409,19.44028759763313,11.766561296380537,7.673726301252593,44.47870022048222,201.74999923706054,261.3357283194906,142.16427015463043,10.290712629045759,54.14859443004541,0.0,0.0,0.0,0.0,0.0
2024-07-10 04:00:00,263.260009765625,267.5899963378906,257.8599853515625,262.79998779296875,128519400,230.9229995727539,206.22350006103517,189.1234002685547,205.45680000305177,236.06802846457393,216.77436611855146,196.5955866265555,87.15194832863183,21.040543833564357,13.6213578038173,7.419186029747056,43.85007249196518,206.22350006103517,270.2402019012314,142.20679822083895,10.623570033482142,52.36084282749056,0.0,0.0,0.0,0.0,0.0
2024-07-11 04:00:00,241.02999877929688,271.0,239.64999389648438,263.29998779296875,221707300,235.38899993896484,209.74199981689452,190.06300018310546,205.43754997253419,236.97020488543262,219.08442637195577,198.3381125933297,66.80102773875865,20.281193354731414,14.953324914000124,5.32786844073129,32.01336201230147,209.74199981689452,273.2620576687293,146.22194196505973,12.466427394321986,63.19508277566508,0.0,0.0,0.0,0.0,0.0
2024-07-12 04:00:00,248.22999572753906,251.83999633789062,233.08999633789062,235.8000030517578,155955800,240.46999969482422,213.28899993896485,191.3620001220703,205.44374992370606,239.0174395839974,221.86019488201134,200.29465702996535,69.30139028645944,20.029494663713763,15.968558863942853,4.06093579977091,32.495323000088774,213.28899993896485,277.10099058608375,149.47700929184595,13.57285635811942,62.88485417724202,0.0,0.0,0.0,0.0,0.0
2024-07-15 04:00:00,252.63999938964844,265.6000061035156,251.72999572753906,255.97000122070312,146912900,245.9459991455078,216.7974998474121,192.815,205.48634994506835,241.4942686395703,224.79160483511964,202.3474155538745,70.75427788215323,19.95583364905383,16.76601382096505,3.1898198280887797,28.655092769585664,216.7974998474121,281.18834139588563,152.40665829893857,14.367142813546318,62.738144564074204,0.0,0.0,0.0,0.0,0.0
2024-07-16 04:00:00,256.55999755859375,258.6199951171875,245.8000030517578,255.30999755859375,126332500,250.61599884033203,220.725,194.34600006103517,205.56664993286134,244.23349207939273,227.8171660468791,204.4733991619027,72.02182549155711,19.98341152683949,17.40949336213994,2.573918164699549,29.956438019535604,220.725,284.735587549393,156.71441245060697,14.857141767229352,60.79900729926641,0.0,0.0,0.0,0.0,0.0
2024-07-17 04:00:00,248.5,258.4700012207031,246.17999267578125,252.72999572753906,115584800,252.33999938964843,223.7779998779297,195.69220001220702,205.57724990844727,245.0092207922304,229.78695975670013,206.1999325281026,65.71514099907466,19.13432417254623,17.754459524221197,1.3798646483250323,25.581157200377792,223.7779998779297,286.9229145123925,160.6330852434669,14.920714242117745,61.93840538745475,0.0,0.0,0.0,0.0,0.0
2024-07-18 04:00:00,249.22999572753906,257.1400146484375,247.1999969482422,251.08999633789062,110869000,252.6239990234375,226.99649963378906,196.9816000366211,205.57229988098143,245.77663441683197,231.63867746820858,207.88738598690406,66.00548703089939,18.309263093487175,17.865420238074393,0.44384285541278246,18.76012341688973,226.99649963378906,288.3249506120003,165.66804865557785,15.297144208635602,61.19186355528026,0.0,0.0,0.0,0.0,0.0
2024-07-19 04:00:00,239.1999969482422,249.44000244140625,236.8300018310547,247.7899932861328,87403900,251.39199829101562,229.87799911499025,198.20940002441407,205.51029983520507,244.58088214981564,232.3588031329737,209.1153315147997,58.655485850759995,16.65408128455411,17.623152447370337,-0.9690711628162276,3.4333661809248017,229.87799911499025,287.5246507820974,172.2313474478831,15.630715506417411,63.30633246084244,0.0,0.0,0.0,0.0,0.0
2024-07-22 04:00:00,251.50999450683594,253.2100067138672,243.75,244.2100067138672,101225400,251.2489974975586,233.30299911499023,199.74519989013672,205.53519981384278,245.84072076018296,234.18272612096058,210.77786731840897,63.95987552729493,16.149490427134793,17.32842004332323,-1.1789296161884373,2.078004436004144,233.30299911499023,287.2456958036638,179.36030242631665,15.53500257219587,64.56868533731293,0.0,0.0,0.0,0.0,0.0
2024-07-23 04:00:00,246.3800048828125,255.75999450683594,245.6300048828125,253.60000610351562,111928200,249.65399932861328,236.4929992675781,201.2333999633789,205.46129981994628,245.93877241884286,235.34437171732742,212.17402957583656,60.47765952204241,15.160885991318537,16.894913232922292,-1.734027241603755,-2.043574786234692,236.4929992675781,285.0864417656959,187.8995567694603,14.727144513811384,65.58854670562644,0.0,0.0,0.0,0.0,0.0
2024-07-24 04:00:00,215.99000549316406,225.99000549316406,214.7100067138672,225.4199981689453,167942900,244.9269989013672,237.92499923706055,202.18380004882812,205.24099990844726,240.49354206871942,233.50109874359757,212.32367569024157,44.88691796949372,11.789291271304563,15.873788840598747,-4.084497569294184,-14.608206132520174,237.92499923706055,281.88816349263766,193.9618349814834,15.768572126116071,81.92458888431686,0.0,0.0,0.0,0.0,0.0
2024-07-25 04:00:00,220.25,226.0,216.22999572753906,216.8000030517578,100636500,242.8489990234375,239.11899948120117,203.15100006103515,205.0395999145508,236.81289805622498,232.23908933944543,212.63451193768307,46.95138923657561,9.35320618042806,14.569672308564611,-5.216466128136551,-16.040860262337407,239.11899948120117,279.4796984552248,198.75830050717752,15.77571541922433,80.70935652126754,0.0,0.0,0.0,0.0,0.0
2024-07-26 04:00:00,219.8000030517578,222.27999877929688,215.3300018310547,221.19000244140625,94604100,240.00599975585936,240.2379997253418,203.99600006103515,204.8402498626709,233.71964441904913,231.05441445490374,212.9155115892154,46.75216549651106,7.3021060685661325,13.116159060564916,-5.814052991998784,-16.50839668074112,240.2379997253418,276.79237820774273,203.68362124294086,15.210001264299665,80.77214943171477,0.0,0.0,0.0,0.0,0.0
2024-07-29 04:00:00,232.10000610351562,234.27000427246094,224.6999969482422,224.89999389648438,129201800,237.9520004272461,241.94899978637696,205.1582000732422,204.68264991760253,233.42516472531577,231.15399461191438,213.66784470742328,52.66451146728187,6.593100742107225,11.81154739687338,-5.218446654766154,-3.704929975939697,241.94899978637696,272.93468093971086,210.96331863304306,15.150002615792411,82.61493718088316,0.0,0.0,0.0,0.0,0.0
2024-07-30 04:00:00,222.6199951171875,232.41000366210938,220.0,232.25,100560300,234.55800018310546,242.58699951171874,206.11380004882812,204.4807999420166,231.46058843292877,230.34123275527372,214.01890942937484,48.220474400327554,5.206236994637663,10.490485316426238,-5.284248321788574,-10.317045099763645,242.58699951171874,271.2274190688419,213.94657995459556,15.3414306640625,82.11502462094404,0.0,0.0,0.0,0.0,0.0
2024-07-31 04:00:00,232.07000732421875,234.67999267578125,226.7899932861328,227.89999389648438,67497000,232.91500091552734,242.62750015258788,207.20600006103516,204.34680000305175,231.57139186770877,230.5058779523161,214.72679562132953,52.521434502631465,4.814179625020017,9.355224178144995,-4.541044553124978,-8.14201714499866,242.62750015258788,271.20269377514427,214.0523065300315,13.963572910853795,75.14218253021113,0.0,0.0,0.0,0.0,0.0
2024-08-01 04:00:00,216.86000061035156,231.8699951171875,214.3300018310547,227.69000244140625,83861900,229.6780014038086,241.15100021362304,208.04420013427733,204.17550003051758,228.89659345728018,229.2062705864147,214.81045071893826,45.911321820533246,3.2388158554097117,8.13194251359794,-4.893126658188228,-15.473962163246203,241.15100021362304,271.8782540890596,210.42374633818642,13.891430446079799,74.69233301784554,0.0,0.0,0.0,0.0,0.0
2024-08-02 04:00:00,207.6699981689453,216.1300048828125,205.77999877929688,214.8800048828125,82880100,226.5250015258789,238.95849990844727,208.46559997558595,203.94425003051757,225.03721249576472,227.15519702284618,214.53043297187972,42.436128685275285,1.234541301495625,6.752462271177477,-5.517920969681852,-16.430584237848965,238.95849990844727,272.682143720829,205.2348560960655,13.442144121442523,75.13162123402145,0.0,0.0,0.0,0.0,0.0
2024-08-05 04:00:00,198.8800048828125,203.8800048828125,182.0,185.22000122070312,100308800,221.26200256347656,236.25550003051757,208.84100006103515,203.66440002441405,220.28135656613702,224.4623215809382,213.9166906938771,39.36677728487445,-1.051024167290933,5.191764983483795,-6.242789150774728,-20.202219519262734,236.25550003051757,273.71924785653647,198.79175220449866,14.360001700265068,75.86555665724705,0.0,0.0,0.0,0.0,0.0
2024-08-06 04:00:00,200.63999938964844,202.89999389648438,192.6699981689453,200.75,73783900,216.68800201416016,233.1710006713867,209.37899993896485,203.4542000579834,216.71020071586636,222.19352899129157,213.39603613292695,40.29790209607268,-2.6893334580479973,3.6155452951774367,-6.3048787532254345,-16.1204005228049,233.1710006713867,271.73763805907595,194.6043632836975,14.212857927594866,74.13939507831716,0.0,0.0,0.0,0.0,0.0
2024-08-07 04:00:00,191.75999450683594,203.49000549316406,191.47999572753906,200.77000427246094,71159800,214.26500091552734,229.59599990844725,209.62939971923828,203.31245002746581,212.17379958695173,219.29509713562913,212.54756391229594,37.19433841459235,-4.650637896352123,1.962308656871525,-6.612946553223647,-23.756511194379605,229.59599990844725,269.64594654434336,189.54605327255115,14.360714503696986,74.72856247667531,0.0,0.0,0.0,0.0,0.0
2024-08-08 04:00:00,198.83999633789062,200.6999969482422,192.0399932861328,195.6999969482422,65033900,212.1240005493164,227.48649978637695,210.0711996459961,203.24669998168946,209.74947172348607,217.34699229774927,212.01001224271144,41.0899232029031,-5.569487234468085,0.45594947860360313,-6.025436713071688,-19.295400439468967,227.48649978637695,269.40167021292024,185.57132935983367,14.09857177734375,72.06189832476485,0.0,0.0,0.0,0.0,0.0
2024-08-09 04:00:00,200.0,200.8800048828125,195.11000061035156,197.0500030517578,58648300,210.1440002441406,225.075,210.54739959716798,203.1862999725342,207.97684050103405,215.6948977932017,211.53903137044824,41.72766802100804,-6.13337759488104,-0.8619159360933255,-5.2714616587877146,-7.403122869808032,225.075,267.51156716041226,182.63843283958772,13.50999995640346,70.85636061502328,0.0,0.0,0.0,0.0,0.0
2024-08-12 04:00:00,197.49000549316406,199.25999450683594,194.6699981689453,199.02000427246094,64044900,206.68300018310546,222.31750030517577,210.92139984130858,203.0911499786377,206.07014322687587,213.96109852653146,210.9880891791822,40.70092969588345,-6.705503477859537,-2.030633444446568,-4.674870033412969,-10.333709197201335,222.31750030517577,264.3779136048509,180.25708700550064,13.16714368547712,70.10706593228349,0.0,0.0,0.0,0.0,0.0
2024-08-13 04:00:00,207.8300018310547,208.49000549316406,197.05999755859375,198.47000122070312,76247400,205.2040008544922,219.88100051879883,211.51639984130858,203.06819999694824,206.39011751854474,213.37718455553366,210.86424261651052,46.53700927991778,-6.252491245513994,-2.8750050046600535,-3.3774862408539406,-5.445860352369724,219.88100051879883,259.1418839918988,180.62011704569886,11.721430097307477,73.12950672585843,0.0,0.0,0.0,0.0,0.0
2024-08-14 04:00:00,201.3800048828125,208.44000244140625,198.75,207.38999938964844,70250000,202.13500061035157,217.52500076293944,212.01820007324218,203.04630004882813,205.4791879484116,212.2345960152745,210.49231172499296,43.65103987468548,-6.340843341450437,-3.56817267201813,-2.772670669432307,-13.235674456209246,217.52500076293944,255.17702419048527,179.8729773353936,11.698573521205358,73.11445930482768,0.0,0.0,0.0,0.0,0.0
2024-08-15 04:00:00,214.13999938964844,215.8800048828125,204.82000732421875,205.02000427246094,89848500,201.86300048828124,215.77050094604493,212.80559997558595,203.08050003051758,207.05388093772737,212.41606300331011,210.63535830007748,50.22704763505736,-5.319913446365888,-3.918520826887682,-1.401392619478206,-3.8091797293747898,215.77050094604493,250.34655521040668,181.1944466816832,12.237859453473773,77.48486733071205,0.0,0.0,0.0,0.0,0.0
2024-08-16 04:00:00,216.1199951171875,219.8000030517578,210.8000030517578,211.14999389648438,88765100,202.70800018310547,214.6165008544922,213.62799987792968,203.17430000305177,208.70226533399284,212.768818442727,210.85044209682692,51.17914258728832,-4.301465425554483,-3.995109746621042,-0.3063556789334405,-6.87293131539739,214.6165008544922,247.39386242381804,181.83913928516634,11.847145080566406,76.60444689530016,0.0,0.0,0.0,0.0,0.0
2024-08-19 04:00:00,222.72000122070312,222.97999572753906,214.08999633789062,217.07000732421875,76435200,205.09199981689454,213.17700119018554,214.52359985351563,203.2837000274658,211.25094458612196,213.71655013586758,211.31591500364559,54.31614175117984,-2.9280203021248496,-3.7816918577218037,0.8536715555969541,2.7022044608773443,213.17700119018554,241.33550727349854,185.01849510687254,11.595716203962054,74.93971513872711,0.0,0.0,0.0,0.0,0.0
2024-08-20 04:00:00,221.10000610351562,228.22000122070312,219.55999755859375,224.8800048828125,74001200,207.13800048828125,211.9130012512207,215.39600006103515,203.36090003967286,213.0416830438299,214.41973641850072,211.69960485069933,53.40899518764841,-1.9478219349727226,-3.4149178731719876,1.467095938199265,6.466994776801904,211.9130012512207,235.7310067965125,188.09499570592888,11.352859497070312,74.72597834702474,0.0,0.0,0.0,0.0,0.0
2024-08-21 04:00:00,223.27000427246094,224.66000366210938,218.86000061035156,222.6699981689453,70146000,210.28900146484375,212.27700119018556,216.3856002807617,203.38470008850098,214.90137781267188,215.26261907125883,212.1533460044939,54.50507417768879,-0.9845575832998179,-2.928845815197554,1.944288231897736,12.26367598091116,212.27700119018556,236.57502895794428,187.97897342242683,10.500002179827009,60.11473443430657,0.0,0.0,0.0,0.0,0.0
2024-08-22 04:00:00,210.66000366210938,224.8000030517578,210.32000732421875,223.82000732421875,79514500,211.47100219726562,211.79750137329103,217.18560028076172,203.33820007324218,214.13021887620596,214.82427474657794,212.09478355969452,47.510380380159226,-1.2245692358542044,-2.587990499328884,1.3634212634746796,4.994021283364236,211.79750137329103,235.80986572413784,187.78513702244422,10.74285888671875,63.19857576384828,0.0,0.0,0.0,0.0,0.0
2024-08-23 04:00:00,220.32000732421875,221.47999572753906,214.2100067138672,214.4600067138672,81525200,213.5030029296875,211.82350158691406,218.04620056152345,203.343450088501,215.25563495766283,215.34767784921038,212.41734135438176,52.53551198201857,-0.628058765683221,-2.196004152599752,1.5679453869165307,14.893624131995221,211.82350158691406,235.8734467778231,187.77355639600503,9.682144165039062,65.39005194398067,0.0,0.0,0.0,0.0,0.0
2024-08-26 04:00:00,213.2100067138672,219.08999633789062,211.00999450683594,218.75,59301200,215.07500305175782,210.87900161743164,218.66100067138672,203.2986001586914,214.8837025497,215.14409012203484,212.44842627044,48.83008289607534,-0.720729428731886,-1.9009492078261787,1.1802197790942928,7.226921464813074,210.87900161743164,232.98088774659294,188.77711548827034,9.616431100027901,62.99742630038243,0.0,0.0,0.0,0.0,0.0
2024-08-27 04:00:00,209.2100067138672,215.66000366210938,206.94000244140625,213.25,62821400,215.21300354003907,210.20850219726563,219.28500091552735,203.234100189209,213.85212148863945,214.57893932125697,212.3214294250842,46.82895414168452,-1.1042095273742234,-1.7416012717357878,0.6373917443615644,4.60500335693359,210.20850219726563,231.61330606483563,188.80369832969564,9.381430489676339,61.735574566487614,0.0,0.0,0.0,0.0,0.0
2024-08-28 04:00:00,205.75,211.83999633789062,202.58999633789062,209.72000122070312,64116400,215.6500030517578,208.8925018310547,219.6512008666992,203.21295021057128,212.379008490705,213.73808795732774,212.06372631037502,45.10695582390395,-1.668085245338375,-1.7268980664563054,0.0588128211179304,4.182487354845832,208.8925018310547,227.71914830014924,190.06585536196013,9.403573172433036,59.56691246042956,0.0,0.0,0.0,0.0,0.0
2024-08-29 04:00:00,206.27999877929688,214.88999938964844,205.97000122070312,209.8000030517578,62308800,214.86400299072267,208.36350173950194,220.07960083007814,203.17110023498535,211.27009763408532,213.02779374989623,211.836913466019,45.43792818517404,-2.048579591886778,-1.7912343715424,-0.257345220344378,-0.7458033191078073,208.36350173950194,226.83880386225562,189.88819961674827,9.644287109375,55.180924858495615,0.0,0.0,0.0,0.0,0.0
2024-08-30 04:00:00,214.11000061035156,214.57000732421875,207.02999877929688,208.6300048828125,63370600,214.66300354003906,208.68550186157228,220.73040069580077,203.12310020446776,211.78644362977008,213.13086106993958,211.9260541383458,50.21382416068198,-1.6987265310996804,-1.772732803453856,0.07400627235417567,6.3213801861544905,208.68550186157228,227.33358552776568,190.03741819537888,9.855716160365514,54.73649340613312,0.0,0.0,0.0,0.0,0.0
2024-09-03 04:00:00,210.60000610351562,219.89999389648438,209.63999938964844,215.25999450683594,76714200,213.4510040283203,209.27150192260743,221.28220092773438,202.9890502166748,211.5707277159056,212.88982726361348,211.87405225462697,48.17799205900707,-1.6852659850898704,-1.7552394397810591,0.06997345469118876,-1.6531209938463909,209.27150192260743,227.3500847738139,191.19291907140095,9.772143772670201,52.68079963054446,0.0,0.0,0.0,0.0,0.0
2024-09-04 04:00:00,219.41000366210938,222.22000122070312,210.57000732421875,210.58999633789062,80651800,213.2820037841797,210.21000213623046,222.01880096435548,202.8719002532959,212.99605061521538,213.5107964444226,212.16957976080275,53.29627421010851,-0.9527228348514427,-1.5947361187951359,0.6420132839436932,1.5223064127583008,210.21000213623046,228.3506092669553,192.0693950055056,9.912143162318639,54.407066218941694,0.0,0.0,0.0,0.0,0.0
2024-09-05 04:00:00,230.1699981689453,235.0,222.25,223.49000549316406,119355000,213.9720031738281,212.13050231933593,222.87520080566406,202.85480026245116,216.11858653407535,215.09738708485335,212.87547852190636,58.665849628703995,0.4904113641410959,-1.1777066222078896,1.6681179863489854,3.345005795352729,212.13050231933593,230.17938313971294,194.08162149895892,9.99000004359654,53.26277458895072,0.0,0.0,0.0,0.0,0.0
2024-09-06 04:00:00,210.72999572753906,233.60000610351562,210.50999450683594,232.60000610351562,112177000,213.9790023803711,212.72500228881836,223.1624008178711,202.73695022583007,215.13884275106875,214.6814450508234,212.79134194173508,47.941539919617945,0.06471390233767238,-0.9292225172987773,0.9939364196364496,-4.690189999868877,212.72500228881836,229.68082870441566,195.76917587322106,10.996429443359375,61.78112202554749,0.0,0.0,0.0,0.0,0.0
2024-09-09 04:00:00,216.27000427246094,219.8699951171875,213.6699981689453,216.1999969482422,67443500,213.57400207519532,213.53850250244142,223.5394009399414,202.6403002166748,215.34450848223094,214.83273640526508,212.92776007235182,50.707003872358264,0.17239077314260953,-0.7088998592104999,0.8812906323531094,-3.1352173897295055,213.53850250244142,229.45295101005914,197.6240539948237,11.014286586216517,62.302275140051066,0.0,0.0,0.0,0.0,0.0
2024-09-10 04:00:00,226.1699981689453,226.39999389648438,218.63999938964844,220.07000732421875,78891100,214.87000122070313,214.97250213623047,224.10520080566405,202.56515022277833,217.3127793343608,215.91247562085368,213.44706352712018,55.27891893723147,1.0445315294968793,-0.35821358146902404,1.4027451109659035,7.362572029436287,214.97250213623047,229.9384583541529,200.00654591830803,11.119285583496094,63.592581315258755,0.0,0.0,0.0,0.0,0.0
2024-09-11 04:00:00,228.1300048828125,228.47000122070312,216.8000030517578,224.5500030517578,83548600,216.76200103759766,215.98750228881835,224.4706008911133,202.53475021362306,219.27954761589746,217.07604983627832,214.02286514891205,56.146136595674214,1.8722830106014499,0.08788573694507074,1.7843972736563791,3.5448426375098485,215.98750228881835,231.65109956286332,200.32390501477337,11.538570949009486,61.36363270880619,0.0,0.0,0.0,0.0,0.0
2024-09-12 04:00:00,229.80999755859375,231.4499969482422,223.8300018310547,224.66000366210938,71894900,219.16800079345703,217.40900192260742,224.44160095214843,202.5065502166748,221.19417487820584,218.2888067622131,214.64196838066428,56.91731191934446,2.633486202006708,0.5970058299573981,2.0364803720493097,7.785746598190468,217.40900192260742,232.645201882369,202.17280196284582,11.048570905412946,59.835512519154285,0.0,0.0,0.0,0.0,0.0
2024-09-13 04:00:00,230.2899932861328,232.6699981689453,226.32000732421875,228.0,59515100,221.56900024414062,218.21650161743165,224.11960083007813,202.4776001739502,222.84796004328345,219.4317769073483,215.25561641617284,57.14916837176489,3.2381494874753685,1.1252345614609922,2.1129149260143762,10.075993449537224,218.21650161743165,234.4052953020157,202.0277079328476,10.729285103934151,56.05573311868227,0.0,0.0,0.0,0.0,0.0
2024-09-16 04:00:00,226.77999877929688,229.9600067138672,223.52999877929688,229.3000030517578,54323000,222.83600006103515,218.7495018005371,223.62480072021484,202.37790016174316,223.56287617710407,220.13160756181958,215.70755297943262,54.82560985834049,3.394986978536849,1.5791850448761635,1.8158019336606857,10.221141569524605,218.7495018005371,235.3445061522058,202.1544974488684,10.547140938895089,56.438514554400584,0.0,0.0,0.0,0.0,0.0
2024-09-17 04:00:00,227.8699951171875,234.57000732421875,226.5500030517578,229.4499969482422,66761600,224.56299896240233,219.00700149536132,223.12340057373046,202.29655014038087,224.3459887116647,220.868596852807,216.18451149463868,55.431611657757834,3.566127319245396,1.97657349975001,1.5895538194953862,10.466354695391566,219.00700149536132,236.0160685240677,201.99793446665495,10.49714115687779,55.50580252015177,0.0,0.0,0.0,0.0,0.0
2024-09-18 04:00:00,227.1999969482422,235.67999267578125,226.8800048828125,230.08999633789062,78010200,225.3419982910156,219.31200103759767,222.42080078125,202.2321501159668,224.86489930013332,221.47158733808655,216.61649131634863,54.94370937271395,3.606124856816308,2.3024837711632697,1.3036410856530383,6.113678156356861,219.31200103759767,236.69377447642697,201.93022759876837,10.46499742780413,55.43381217168123,0.0,0.0,0.0,0.0,0.0
2024-09-19 04:00:00,243.9199981689453,244.24000549316406,232.1300048828125,234.0,102694600,226.7169982910156,220.34450073242186,222.0340005493164,202.25760009765625,228.3294627308264,223.60953122673976,217.687217075274,63.56290059848296,4.93015579010526,2.828018174951668,2.1021376151535924,15.821458261996435,220.34450073242186,240.88286200686196,199.80613945798177,11.029283796037946,60.97930763512136,0.0,0.0,0.0,0.0,0.0
2024-09-20 04:00:00,238.25,243.99000549316406,235.9199981689453,241.52000427246094,99879100,229.46899871826173,221.7240005493164,221.97840057373048,202.27095008850097,230.13319677976705,225.00386158609786,218.4936007193809,59.412230323470645,5.459010305101202,3.354216600981575,2.1047937041196274,8.586662423516556,221.7240005493164,243.2080086721645,200.2399924264683,11.01356942313058,57.57125110207974,0.0,0.0,0.0,0.0,0.0
2024-09-23 04:00:00,250.0,250.0,241.9199981689453,242.61000061035156,86927200,232.8419982910156,223.20800018310547,222.01380065917968,202.32735008239746,233.74534281980937,227.38444619694567,219.72914578920913,64.57480563871135,6.748466004256386,4.033066481636537,2.7153995226198493,8.615372111398912,223.20800018310547,248.11176537530753,198.3042349909034,11.119998386928014,57.89496065546975,0.0,0.0,0.0,0.0,0.0
2024-09-24 04:00:00,254.27000427246094,257.19000244140625,249.0500030517578,254.0800018310547,88491000,235.6519989013672,225.26100006103516,222.04640075683594,202.40185012817383,237.47709944756417,229.94497553747092,221.08368925914058,66.25461768892332,8.022444844369119,4.830942154183053,3.1915026901860655,20.661514462903718,225.26100006103516,253.27051076990995,197.25148935216038,10.869284493582589,56.079923406800816,0.0,0.0,0.0,0.0,0.0
2024-09-25 04:00:00,257.0199890136719,257.04998779296875,252.27999877929688,252.5399932861328,65034300,238.54099731445314,227.6514991760254,222.0556005859375,202.47375007629395,241.03035209594736,232.52354824949006,222.49295591618102,67.32909266244042,9.148524543535558,5.694458632053554,3.4540659114820036,18.842180578067303,227.6514991760254,257.95953024546037,197.34346810659042,10.096426827566964,55.08106756089717,0.0,0.0,0.0,0.0,0.0
2024-09-26 04:00:00,254.22000122070312,261.75,251.52999877929688,260.6000061035156,67142200,240.98199768066405,230.07499923706055,222.17000061035156,202.52565010070802,243.42847011863023,234.5898771038913,223.73715377126032,65.05770517516284,9.703163178559805,6.496199541354805,3.206963637205,12.402176804548981,230.07499923706055,260.7583811049007,199.3916173692204,9.177140372140068,54.743285172027534,0.0,0.0,0.0,0.0,0.0
2024-09-27 04:00:00,260.4599914550781,260.70001220703125,254.1199951171875,257.3800048828125,70988100,243.9989974975586,232.78399887084962,222.39460052490233,202.62925003051757,246.52511036162073,237.05369751829005,225.1772650529787,67.67492646287559,10.524908758274677,7.301941384738781,3.222967373535896,14.171737991621548,232.78399887084962,264.1804594776499,201.3875382640493,8.994284493582589,54.83954738961027,0.0,0.0,0.0,0.0,0.0
2024-09-30 04:00:00,261.6300048828125,264.8599853515625,255.77000427246094,259.0400085449219,80705700,247.48399810791017,235.15999908447264,222.84320068359375,202.75235008239747,249.27145482001922,239.39429821967315,226.6067842619918,68.15654240851644,11.142118944499941,8.069976896691013,3.072142047808928,13.846224125260576,235.15999908447264,267.77488290030004,202.54511526864525,8.919998168945312,54.043661531546185,0.0,0.0,0.0,0.0,0.0
2024-10-01 04:00:00,258.0199890136719,263.9800109863281,248.52999877929688,262.6700134277344,87397600,250.4989974975586,237.53099822998047,222.97340057373046,202.84600006103517,250.86209740068333,241.16817353338732,227.83867464441064,64.94150074822733,11.210733990363195,8.69812831542545,2.5126056749377454,12.041337676832908,237.53099822998047,269.516763864739,205.5452325952219,9.189999171665736,53.879168252051535,0.0,0.0,0.0,0.0,0.0
2024-10-02 04:00:00,249.02000427246094,251.16000366210938,241.5,247.5500030517578,93983900,252.68099822998047,239.01149826049806,223.02620056152344,202.83585006713867,250.52717137737014,241.9159669371086,228.66931502198125,57.64136916900851,10.418787064143942,9.042260065169149,1.3765269989747928,9.806863750276374,239.01149826049806,270.19672730214927,207.82626921884682,9.82571302141462,54.882516159839255,0.0,0.0,0.0,0.0,0.0
2024-10-03 04:00:00,240.66000366210938,249.7899932861328,237.80999755859375,244.47999572753906,80729200,252.35499877929686,239.53599853515624,223.51960052490233,202.7716500854492,248.73314088368636,241.7963513871087,229.13953810590786,51.814818011853355,9.01268857395388,9.036345766926097,-0.023657192972216023,5.61285330187693,239.53599853515624,270.4467575536907,208.6252395166218,10.227856227329799,54.304682823042974,0.0,0.0,0.0,0.0,0.0
2024-10-04 04:00:00,250.0800018310547,250.9600067138672,244.5800018310547,246.69000244140625,86573200,253.53799896240236,241.50349884033204,224.11620056152344,202.76165008544922,248.97802469229876,242.58527047700832,229.96073276179598,57.079490261438984,8.559788601396576,8.941034333820193,-0.3812457324236167,10.070424819602763,241.50349884033204,269.5728693673457,213.43412831331844,10.480713980538505,44.86984641537136,0.0,0.0,0.0,0.0,0.0
2024-10-07 04:00:00,240.8300018310547,249.8300018310547,240.6999969482422,249.0,68113300,252.62099914550782,242.73149871826172,224.53680053710937,202.67970008850097,247.4965659902544,242.41810203453656,230.38697860764927,51.167574170166176,7.369513254220379,8.62673011790023,-1.2572168636798509,-1.2668072979200362,242.73149871826172,268.17923709188597,217.28376034463747,10.577856881277901,47.19222214371618,0.0,0.0,0.0,0.0,0.0
2024-10-08 04:00:00,244.5,246.2100067138672,240.55999755859375,243.55999755859375,56303200,251.6439987182617,243.64799880981445,224.78480041503906,202.66650009155273,246.9517358102081,242.61637803124736,230.94043042695716,53.23704322603007,6.645741673707931,8.230532429061771,-1.5847907553538398,2.6232948583420734,243.64799880981445,267.87536455736364,219.4206330622653,10.352858407156807,44.95367244646704,0.0,0.0,0.0,0.0,0.0
2024-10-09 04:00:00,241.0500030517578,247.42999267578125,239.50999450683594,243.82000732421875,66289500,250.0470001220703,244.29399871826172,225.15340057373047,202.59925010681152,245.87869349048987,242.46719946177217,231.33688425538074,51.04697233381451,5.727735787991293,7.729973100847676,-2.0022373128563835,-3.579998779296878,244.29399871826172,267.4442178663314,221.14377957019204,9.701429094587054,45.38385766253074,0.0,0.0,0.0,0.0,0.0
2024-10-10 04:00:00,238.77000427246094,242.7899932861328,232.33999633789062,241.80999755859375,83087100,248.5020004272461,244.74199905395508,225.2874005126953,202.53040016174316,244.5862045417573,242.1150856342187,231.62837915801134,49.59492078585727,4.761346820628461,7.136247844803834,-2.374901024175373,-6.095882227378702,244.74199905395508,267.0432579770964,222.4407401308138,9.87142835344587,45.568693649286594,0.0,0.0,0.0,0.0,0.0
2024-10-11 04:00:00,217.8000030517578,223.33999633789062,214.3800048828125,220.1300048828125,142628900,244.23600158691406,244.11749954223632,225.30620056152344,202.33635025024415,239.7159860890301,239.79936348350813,231.0860898989426,38.69319679516454,2.2771234944547416,6.164422974734016,-3.8872994802792746,-15.259508068778182,244.11749954223632,268.70506548611684,219.52993359835577,10.774285452706474,55.67925382215434,0.0,0.0,0.0,0.0,0.0
2024-10-14 04:00:00,219.16000366210938,221.91000366210938,213.74000549316406,220.1300048828125,86291900,239.98900146484374,243.73649978637695,225.53600067138672,202.12495025634766,235.97853473868088,237.83371016718445,230.6184002425962,39.62018685466754,0.41333462953807043,5.014205305694827,-4.600870676156757,-13.791203441996736,243.73649978637695,269.65535838325894,217.81764118949496,10.77642822265625,55.53372947531396,0.0,0.0,0.0,0.0,0.0
2024-10-15 04:00:00,219.57000732421875,224.25999450683594,217.1199951171875,220.00999450683594,62988800,236.14400329589844,243.3215003967285,225.94980072021485,201.95690032958984,232.99516611786956,236.0943098964258,230.18512993207162,39.91514793713262,-1.0189023329438953,3.807583777967083,-4.826486110910978,-15.699142084135298,243.3215003967285,270.54307947124215,216.09992132221487,10.945714678083148,55.50193258688558,0.0,0.0,0.0,0.0,0.0
2024-10-16 04:00:00,221.3300018310547,222.82000732421875,218.92999267578125,221.39999389648438,49632800,233.3750030517578,243.02800064086915,226.36360076904296,201.82115036010742,230.87422715663047,234.68818531877142,229.83787000654155,41.24207682996623,-1.9890154644520806,2.6482639294832504,-4.637279393935331,-15.403433207062278,243.02800064086915,271.09490768856193,214.96109359317637,10.493572780064174,55.59433977836032,0.0,0.0,0.0,0.0,0.0
2024-10-17 04:00:00,220.88999938964844,222.0800018310547,217.89999389648438,221.58999633789062,50791800,231.39800262451172,241.8765007019043,226.94620086669923,201.68350036621095,229.05891301717918,233.37407237314065,229.48697311960458,40.9983086290642,-2.7615086771766073,1.566309408151279,-4.327818085327886,-14.39035392798812,241.8765007019043,271.62843981936584,212.12456158444274,10.3221435546875,48.17287058574365,0.0,0.0,0.0,0.0,0.0
2024-10-18 04:00:00,220.6999969482422,222.27999877929688,219.22999572753906,220.7100067138672,49611900,228.46000213623046,240.9990005493164,227.38340087890626,201.59475036621095,227.53911009555424,232.16701757076936,229.14238581876685,40.88592601181347,-3.350425107803119,0.5829625049603995,-3.9333876127635183,-11.372583261717761,240.9990005493164,272.20118539004267,209.79681570859017,9.890716552734375,47.6702611959255,0.0,0.0,0.0,0.0,0.0
2024-10-21 04:00:00,218.85000610351562,220.47999572753906,215.72999572753906,218.89999389648438,47329000,226.26200256347656,239.44150085449218,227.76040100097657,201.4993504333496,225.95927300609264,230.89873076436425,228.73876308483543,39.74358614248303,-3.9212230042231226,-0.3178745968763049,-3.6033484073468176,-9.062576758377904,239.44150085449218,271.8388089536046,207.04419275537978,9.142144339425224,43.420697979097305,0.0,0.0,0.0,0.0,0.0
2024-10-22 04:00:00,217.97000122070312,218.22000122070312,215.25999450683594,217.30999755859375,43268700,223.60900268554687,237.6265007019043,228.17000091552734,201.4017504119873,224.50667813602183,229.66742318877746,228.3164586980067,39.182774696017496,-4.39394285099624,-1.133088247700292,-3.2608546032959476,-12.839891384855296,237.6265007019043,270.5883214843795,204.6646799194291,8.218574523925781,42.553327937796105,0.0,0.0,0.0,0.0,0.0
2024-10-23 04:00:00,213.64999389648438,218.72000122070312,212.11000061035156,217.1300048828125,80938900,220.86900177001954,235.45800094604493,228.28640075683595,201.2677503967285,222.53273554701502,228.1419537323686,227.7413032155941,36.46268894961546,-5.0588499493915435,-1.9182405880385422,-3.1406093613530013,-11.285972564845736,235.45800094604493,268.75255686273147,202.1634450293584,7.8350034441266745,42.209681439313066,0.0,0.0,0.0,0.0,0.0
2024-10-24 04:00:00,260.4800109863281,262.1199951171875,242.64999389648438,244.67999267578125,204491900,223.04000244140624,235.77100143432617,229.46840087890624,201.39535041809083,229.43224017234468,231.22176870893617,229.02517410856404,64.90472107558352,-1.7864099885525775,-1.8918744681413493,0.10546447958877181,6.535791814449121,235.77100143432617,269.9150749774478,201.62692789120453,10.561431884765625,91.2542750690451,0.0,0.0,0.0,0.0,0.0
2024-10-25 04:00:00,269.19000244140625,269.489990234375,255.32000732421875,256.010009765625,161611900,228.1790023803711,236.20750198364257,230.5694009399414,201.5716004180908,236.66092422126493,234.8377909691714,230.60026541573436,67.79251806534259,1.4926395553993643,-1.2149716634332066,2.7076112188325707,11.67392617025036,236.20750198364257,271.869975542321,200.54502842496413,10.903573172433036,91.59121949925165,0.0,0.0,0.0,0.0,0.0
2024-10-28 04:00:00,262.510009765625,273.5400085449219,262.239990234375,270.0,107653600,232.51400299072264,236.2515022277832,231.49720123291016,201.74805046081542,241.36075795660312,237.47324037835745,231.8516279392595,63.4784479303387,3.51180841991021,-0.2696156467645233,3.781424066674733,9.942624730229642,236.2515022277832,272.0479637937848,200.4550406617816,11.307145254952568,92.12125043520214,0.0,0.0,0.0,0.0,0.0
2024-10-29 04:00:00,259.5199890136719,264.9800109863281,255.50999450683594,264.510009765625,80521800,236.50900115966797,236.3265022277832,232.23320098876954,201.95120040893553,244.6624363306156,239.57293072457787,232.9366617068835,61.58918335706706,4.815237545283821,0.7473549916451456,4.067882553638675,19.15518153229767,236.3265022277832,272.32074035857664,200.33226409698977,11.417860848563057,92.07170965802737,0.0,0.0,0.0,0.0,0.0
2024-10-30 04:00:00,257.54998779296875,263.3500061035156,255.82000732421875,258.0400085449219,53993600,240.13099975585936,236.75300140380858,232.96220062255858,202.13940032958985,247.00562750558888,241.28503139775796,233.90189018084763,60.315468648090494,5.624417104021518,1.7227674141204203,3.9016496899010975,17.516875109222596,236.75300140380858,273.5731987012635,199.93280410635367,11.20928955078125,91.13645836581723,0.0,0.0,0.0,0.0,0.0
2024-10-31 04:00:00,249.85000610351562,259.75,249.25,257.989990234375,66575300,243.0270004272461,237.2125015258789,233.4938006591797,202.31090034484862,247.52278725066645,242.10074327449678,234.5273064915405,55.48538959476687,5.58005021778817,2.4942239748539703,3.0858262429341994,13.790589684038768,237.2125015258789,274.4648330560933,199.9601699956645,10.217146737234932,90.94940892072842,0.0,0.0,0.0,0.0,0.0
2024-11-01 04:00:00,248.97999572753906,254.0,246.6300048828125,252.0399932861328,57544800,245.8550003051758,237.15750122070312,234.26020050048828,202.49640029907226,247.78773424646147,242.75591017478652,235.09407861844238,54.94994783440436,5.4122969838489325,3.077838576652963,2.3344584071959695,12.492655160952882,237.15750122070312,274.3330104936436,199.98199194776265,10.160003662109375,89.97474909421777,0.0,0.0,0.0,0.0,0.0
2024-11-04 05:00:00,242.83999633789062,248.89999389648438,238.8800048828125,244.55999755859375,68802400,248.25399932861328,237.25800094604492,234.71060028076172,202.6496502685547,246.8881455358122,242.76391838079644,235.39784009763645,51.195114233546676,4.729387268239691,3.4081483149703087,1.3212389532693822,9.937071397027154,237.25800094604492,274.48614341978663,200.0298584723032,10.371431623186384,89.38584648207343,0.0,0.0,0.0,0.0,0.0
2024-11-05 05:00:00,251.44000244140625,255.27999877929688,246.2100067138672,247.33999633789062,69282500,251.6009994506836,237.60500106811523,235.4752001953125,202.86285026550294,247.71575588228384,243.5902121008545,236.02694450327448,55.755464169148894,4.8264882654845565,3.6918163050731585,1.134671960411398,13.928412287369941,237.60500106811523,275.24446453159186,199.9655376046386,10.982145036969866,90.07286138086099,0.0,0.0,0.0,0.0,0.0
2024-11-06 05:00:00,288.5299987792969,289.5899963378906,275.6199951171875,284.6700134277344,165228700,259.08899993896483,239.9790008544922,237.0616000366211,203.25980026245117,255.13652731810438,247.87019178451567,238.08588780821654,69.14580868776432,7.806307976713413,4.51471463940121,3.291593337312203,31.839155006841867,239.9790008544922,283.9843440710646,195.9736576379198,13.408572605678014,103.34258024466834,0.0,0.0,0.0,0.0,0.0
2024-11-07 05:00:00,296.9100036621094,299.75,285.5199890136719,288.8900146484375,117309200,262.731999206543,242.8860008239746,238.88480010986328,203.70520027160646,262.7317048351962,252.5406500585722,240.39271588091822,71.26202671255697,10.720454202923747,5.755862552105718,4.964591650818029,36.21599394380717,242.8860008239746,293.70849487332816,192.06350677462103,14.207144601004464,103.24149581428152,0.0,0.0,0.0,0.0,0.0
2024-11-08 05:00:00,321.2200012207031,328.7099914550781,297.6600036621094,299.1400146484375,204782800,267.9349990844727,248.05700073242187,241.1836001586914,204.3981502532959,273.365940541652,259.0815406454418,243.56241334522352,76.3332255565845,14.820705846903223,7.56883121106522,7.2518746358380035,50.348706013227186,248.05700073242187,308.30389899632036,187.81010246852335,16.123572213309153,98.78131722455169,0.0,0.0,0.0,0.0,0.0
2024-11-11 05:00:00,350.0,358.6400146484375,336.0,346.29998779296875,210521600,276.68399810791016,254.5990005493164,243.90140014648438,205.2319002532959,287.29940589771525,267.7404415363521,247.73643635129318,80.67987792871602,20.16009714185202,10.08708439722258,10.073012744629441,34.36731620007898,254.5990005493164,328.50136144373243,180.69663965490037,18.540000915527344,101.49179055972226,0.0,0.0,0.0,0.0,0.0
2024-11-12 05:00:00,328.489990234375,345.8399963378906,323.30999755859375,342.739990234375,155726000,283.5809982299805,260.04499969482424,246.25919982910156,205.91970024108886,294.78860304983516,273.5261128409257,250.90324238592385,70.28930269248575,22.397738008250997,12.549215119428261,9.848522888822735,22.029045378784605,260.04499969482424,338.9614443139896,181.12855507565888,19.974286760602677,105.83967230931295,0.0,0.0,0.0,0.0,0.0
2024-11-13 05:00:00,330.239990234375,344.6000061035156,322.5,335.8500061035156,125405600,290.8499984741211,265.49049911499026,248.47579956054688,206.61295021057128,301.23430981066053,278.92743449744466,254.0144873995886,70.62081241174313,24.03523170120451,14.846418435783512,9.188813265420997,25.80091346963147,265.49049911499026,348.10245340143524,182.87854482854527,18.090715680803573,105.89203403110565,0.0,0.0,0.0,0.0,0.0
2024-11-14 05:00:00,311.17999267578125,329.9800109863281,310.3699951171875,327.69000244140625,120726100,296.98299713134764,270.0049987792969,250.0959994506836,207.23240020751953,303.042615786137,281.9991067049053,256.25627192022364,62.448001674571344,23.52380693515545,16.5818961356579,6.941910799497549,19.905982525063948,270.0049987792969,352.22191637387886,187.78808118471494,18.497859409877233,109.36758146808123,0.0,0.0,0.0,0.0,0.0
2024-11-15 05:00:00,320.7200012207031,324.67999267578125,309.2200012207031,310.57000732421875,114440300,304.15699768066406,275.0059989929199,252.29579956054687,207.8917002105713,306.256685865149,285.68681094450505,258.7842613045562,64.65296958046292,23.61606676664752,17.988730261855824,5.627336504791696,24.52728263319255,275.0059989929199,356.7617720238084,193.25022596203138,18.795000348772323,109.16655837947982,0.0,0.0,0.0,0.0,0.0
2024-11-18 05:00:00,338.739990234375,348.54998779296875,330.010009765625,340.7300109863281,126085600,313.7469970703125,281.00049819946287,254.74519927978517,208.64585014343263,312.1627412050083,290.7394946863974,261.9197800861177,68.42444013185445,24.856713145498077,19.362326838584277,5.4943863069138,35.577339187268734,281.00049819946287,363.00033927870226,199.00065712022348,20.106426783970424,109.2721343406193,0.0,0.0,0.0,0.0,0.0
2024-11-19 05:00:00,346.0,347.3800048828125,332.75,335.760009765625,88852500,323.2029968261719,287.40199813842776,257.14179931640626,209.47055015563964,318.3149700768249,296.00239995435953,265.21704361215234,69.82152393870899,26.124608231080458,20.714783117083513,5.409825113996945,38.96698768467759,287.40199813842776,368.67008452235996,206.13391175449556,20.613570077078684,108.77358526569083,0.0,0.0,0.0,0.0,0.0
2024-11-20 05:00:00,342.0299987792969,346.6000061035156,334.29998779296875,345.0,66340700,328.55299682617186,293.82099838256835,259.41979919433595,210.25520011901855,322.6267934772743,300.3859807948298,268.2293163638051,68.04844638383197,26.503561739431234,21.87253884155306,4.631022897878175,40.84582603245968,293.82099838256835,370.72445514976505,216.91754161537168,20.742142813546316,108.35253904576585,0.0,0.0,0.0,0.0,0.0
2024-11-21 05:00:00,339.6400146484375,347.989990234375,335.2799987792969,343.80999755859375,58011700,332.8259979248047,297.7789985656738,261.6163995361328,211.01550018310547,325.7201064174858,304.1244602094591,271.02973590437887,66.94626312774761,26.307773739928905,22.759585821228228,3.548187918700677,35.077955516479406,297.7789985656738,375.60014086959086,219.95785626175677,21.123571123395646,81.15897627281662,0.0,0.0,0.0,0.0,0.0
2024-11-22 05:00:00,352.55999755859375,361.5299987792969,337.70001220703125,341.0899963378906,89140700,335.9599975585937,301.9474983215332,264.06179962158205,211.83050018310547,330.60008662495994,308.73736852842427,274.2270010672892,69.79448276893966,26.885228801642597,23.584714417311105,3.3005143843314926,22.191799483656084,301.9474983215332,382.2137890071568,221.68120763590963,22.104285103934153,81.31730910862785,0.0,0.0,0.0,0.0,0.0
2024-11-25 05:00:00,338.5899963378906,361.92999267578125,338.20001220703125,360.1400146484375,95890900,334.8189971923828,305.75149765014646,266.2979995727539,212.55560012817384,332.05279748185643,311.58047593884964,276.7510400975089,63.4299507740215,25.916850432938986,24.05114162043668,1.8657088125023051,14.037921310059343,305.75149765014646,385.3566636904924,226.14633160980054,22.910712105887278,82.43594767534545,0.0,0.0,0.0,0.0,0.0
2024-11-26 05:00:00,338.2300109863281,346.9599914550781,335.6600036621094,341.0,62295900,335.7929992675781,309.6869987487793,268.50519989013674,213.3061001586914,333.1759272099422,314.1185268957524,279.16198013236453,63.26984197536587,24.834083928753785,24.207730082100106,0.6263538466536787,5.295439169722749,309.6869987487793,387.42935968168416,231.9446378158744,20.992854527064733,82.09421431299609,0.0,0.0,0.0,0.0,0.0
2024-11-27 05:00:00,332.8900146484375,342.54998779296875,326.5899963378906,341.79998779296875,57896400,336.05800170898436,313.45400009155276,270.61900024414064,214.05045021057128,333.1239431078504,315.9062876341033,281.26896187809285,60.81745022486527,23.276770476255535,24.021538160931193,-0.7447676846756579,-4.8885672433035765,313.45400009155276,387.7857044548276,239.12229572827792,21.116424560546875,82.43836346026552,0.0,0.0,0.0,0.0,0.0
2024-11-29 05:00:00,345.1600036621094,345.45001220703125,334.6499938964844,336.0799865722656,37167600,339.4560028076172,318.2194999694824,272.64380035400393,214.8327001953125,335.31231775407923,318.69235582724673,283.7744929284465,64.2466856548811,22.77019329973342,23.77126918869164,-1.0010758889582192,5.074740151394086,318.2194999694824,387.4260004685633,249.01299947040152,19.742139543805802,81.1027908571583,0.0,0.0,0.0,0.0,0.0
2024-12-02 05:00:00,357.0899963378906,360.0,351.1499938964844,352.3800048828125,77986500,343.09300231933594,323.625,275.0206002807617,215.61590019226074,339.27189567840855,322.34927397111755,286.649610709209,67.24807366435248,23.065493294546513,23.630114009862616,-0.5646207153161029,8.13045267002941,323.625,386.675074598181,260.574925401819,18.129281180245535,80.9224738523342,0.0,0.0,0.0,0.0,0.0
2024-12-03 05:00:00,351.4200134277344,355.69000244140625,348.20001220703125,351.79998779296875,58267200,344.3610046386719,329.0540008544922,277.0490005493164,216.3732502746582,341.4806443601041,325.11791582412866,289.1896265020923,64.47767994280495,22.58169273588851,23.420429755067797,-0.8387370191792876,12.931429301073116,329.0540008544922,380.4341045332127,277.6738971757717,16.85785130092076,80.34644409557953,0.0,0.0,0.0,0.0,0.0
2024-12-04 05:00:00,357.92999267578125,358.1000061035156,348.6000061035156,353.0,50810900,345.55400390625,334.3785003662109,279.1222003173828,217.19410026550293,344.4714349629545,328.24287552428603,291.88532713635465,66.19942283863513,22.464620070278272,23.229267818109896,-0.7646477478316243,11.602017745526293,334.3785003662109,372.16594121955075,296.5910595128711,15.957850864955358,80.13522883235369,0.0,0.0,0.0,0.0,0.0
2024-12-05 05:00:00,369.489990234375,375.42999267578125,359.5,359.8699951171875,81403600,348.3000030517578,338.42649993896487,281.37160034179686,218.0677001953125,349.02026319412187,332.17117216334213,294.9286472578456,69.06661768580562,23.039054452946914,23.1912251450773,-0.1521706921303867,9.077759014731024,338.42649993896487,372.7177797015447,304.135220176385,15.788565499441964,64.54542625603193,0.0,0.0,0.0,0.0,0.0
2024-12-06 05:00:00,389.2200012207031,389.489990234375,370.79998779296875,377.4200134277344,81455800,353.25800170898435,343.04199981689453,284.07160034179685,219.02675018310546,356.32930647168206,337.60439397832886,298.62634741325184,73.23904655755953,24.800460564169896,23.513072228895822,1.2873883352740734,12.49132983257315,343.04199981689453,378.629667399114,307.45433223467506,16.11285182407924,65.90194699577255,0.0,0.0,0.0,0.0,0.0
2024-12-09 05:00:00,389.7900085449219,404.79998779296875,378.010009765625,397.6099853515625,96359200,356.9810028076172,346.47050018310546,286.65820068359375,220.01585021972656,362.41307048499834,342.5744525084806,302.2013929478272,73.35088269359284,25.943323935701983,23.999122570257054,1.944201365444929,13.963690300874255,346.47050018310546,386.1796382029048,306.7613621633061,16.038565499441965,60.986190615591894,0.0,0.0,0.0,0.0,0.0
2024-12-10 05:00:00,400.989990234375,409.7300109863281,390.8500061035156,392.67999267578125,97563600,363.22100219726565,349.0199996948242,289.445400390625,221.023800201416,369.42705589397593,348.1378370538039,306.0754555865153,75.51601406386881,27.436525128674134,24.686603081940472,2.749922046733662,18.063235466951987,349.0199996948242,395.6310279179851,302.40897147166334,16.417851039341517,53.92359524312509,0.0,0.0,0.0,0.0,0.0
2024-12-11 05:00:00,424.7699890136719,424.8800048828125,402.3800048828125,409.70001220703125,104287600,371.875,353.83399963378906,292.780400390625,222.14900016784668,379.48940737028425,355.436137240458,310.730143171894,79.3518630024921,30.19072510979362,25.787427487511103,4.4032976222825155,20.481617867914004,353.83399963378906,410.35205535556935,297.3159439120088,17.24570792061942,50.4014729544624,0.0,0.0,0.0,0.0,0.0
2024-12-12 05:00:00,418.1000061035156,429.29998779296875,415.0,424.8399963378906,87752200,380.3959991455078,358.2270004272461,296.1620004272461,223.2293002319336,386.5095162308718,361.40412475122537,314.94072603195764,75.76633411615347,31.472441841657826,26.92443035834045,4.548011483317374,23.48268130351945,358.2270004272461,420.39883978916424,296.0551610653279,17.359279087611608,51.39199700437126,0.0,0.0,0.0,0.0,0.0
2024-12-13 05:00:00,436.2300109863281,436.29998779296875,415.7099914550781,420.0,89000200,389.5029998779297,364.47950134277346,300.07340057373045,224.40105026245118,395.5496061864093,368.53039963075895,319.69716857918786,78.59723039723245,33.56424375224117,28.252393037120598,5.3118507151205705,28.974365614162288,364.47950134277346,431.67838449412886,297.28061819141806,17.127851213727677,45.271760160850235,0.0,0.0,0.0,0.0,0.0
2024-12-16 05:00:00,463.0199890136719,463.19000244140625,436.1499938964844,441.0899963378906,114083800,400.0959991455078,371.59450073242186,304.3322003173828,225.7029502105713,407.8169485186388,377.5294081434173,325.31767134132446,81.95219766603948,36.95771365300209,29.993457160296895,6.964256492705193,39.09098159722924,371.59450073242186,448.689652526117,294.4993489387267,17.364281790597097,47.71524655820335,0.0,0.0,0.0,0.0,0.0
2024-12-17 05:00:00,479.8599853515625,483.989990234375,457.510009765625,475.8999938964844,131223000,412.93999633789065,378.65050048828124,309.112799987793,227.16155014038085,420.91568248826127,387.2751774013359,331.37815424368677,83.68359630489903,40.53860614746981,32.10248695773148,8.436119189738328,39.02537381512958,378.65050048828124,467.95029148420406,289.3507094923584,18.44856698172433,46.157414701521695,0.0,0.0,0.0,0.0,0.0
2024-12-18 05:00:00,440.1300048828125,488.5400085449219,427.010009765625,466.5,149340800,421.1599975585938,383.35700073242185,313.02540008544923,228.4585001373291,424.4091956509069,392.30897049480984,335.6429327001231,67.2836225202248,39.7128271111842,33.62455498842202,6.088272122762177,23.254644318388195,383.35700073242185,475.2943954255941,291.41960603924963,21.703567504882812,58.33817996621274,0.0,0.0,0.0,0.0,0.0
2024-12-19 05:00:00,436.1700134277344,456.3599853515625,420.0199890136719,451.8800048828125,118566100,427.8279998779297,388.0640014648437,316.92780029296875,229.7566502380371,426.5475261557846,396.48621267889786,339.58517116002946,65.89740397512722,38.297384649174376,34.55912092057249,3.7382637286018863,24.116440942948138,388.0640014648437,480.7291912961247,295.39881163356273,23.40213884626116,58.2082569942172,0.0,0.0,0.0,0.0,0.0
2024-12-20 05:00:00,421.05999755859375,447.0799865722656,417.6400146484375,425.510009765625,132216200,431.0119995117187,392.13500061035154,320.5736001586914,230.96870025634766,425.54979368356805,398.8265731436308,342.7802623913457,60.75397887566443,35.54662493411644,34.75662172328128,0.7900032108351596,17.63752861582535,392.13500061035154,482.97884610925803,301.29115511144505,24.444994245256698,60.251726760036576,0.0,0.0,0.0,0.0,0.0
2024-12-23 05:00:00,430.6000061035156,434.510009765625,415.4100036621094,431.0,72698100,435.09299926757814,396.03700103759763,324.82960021972656,232.24500030517578,426.4680141235585,401.8526143779056,346.22417390947,62.73181750130294,33.74740789104061,34.55477895683315,-0.8073710657925375,16.539017966461643,396.03700103759763,486.4264902882803,305.64751178691495,25.174281529017858,59.59660030792649,0.0,0.0,0.0,0.0,0.0
2024-12-24 05:00:00,462.2799987792969,462.7799987792969,435.1400146484375,435.8999938964844,59551800,441.2220001220703,402.221501159668,329.69200012207034,233.66755027770995,432.9792840609654,407.6076033685143,350.7753827278946,68.42282865391748,34.480357966573024,34.539894758781124,-0.0595367922080996,18.770874397373483,402.221501159668,492.9863789702854,311.4566233490506,26.794281005859375,60.45226984798197,0.0,0.0,0.0,0.0,0.0
2024-12-26 05:00:00,454.1300048828125,465.3299865722656,451.0199890136719,465.1600036621094,76366400,444.1580017089844,408.01650085449216,334.38320007324216,235.05050033569336,436.8248696649376,412.0383082746379,354.8285051653424,65.64558710222926,34.011526085671505,34.4342210241592,-0.42269493848769457,16.50632261664955,408.01650085449216,496.3456591489657,319.68734256001864,26.566423688616073,61.36550386397944,0.0,0.0,0.0,0.0,0.0
2024-12-27 05:00:00,431.6600036621094,450.0,426.5,449.5199890136719,82666800,445.5140014648438,412.95500030517576,338.5898001098633,236.3614003753662,435.8858031189688,413.90704116868284,357.84150510639205,58.585163294944905,31.46413319173905,33.84020345767517,-2.3760702659361215,7.648573324687735,412.95500030517576,494.3726263971578,331.53737421319374,27.111424037388392,64.72135210039973,0.0,0.0,0.0,0.0,0.0
2024-12-30 05:00:00,417.4100036621094,427.0,415.75,419.3999938964844,64941000,443.6320007324219,416.56750030517577,342.5202001953125,237.63595039367675,432.5265668540852,414.2406566442473,360.1775246575966,54.576261061544265,27.97299479117379,32.666761724374894,-4.693766933201104,-1.7326989999111309,416.56750030517577,491.47041865564694,341.6645819547046,26.334283011300222,66.16563632845897,0.0,0.0,0.0,0.0,0.0
2024-12-31 05:00:00,403.8399963378906,427.92999267578125,402.5400085449219,423.7900085449219,76825100,437.71400146484376,418.9050003051758,346.1830001831055,238.8373003387451,427.31082676023163,413.2501175674514,361.88977844898073,50.997469933962535,23.836484123372486,30.900706204174412,-7.064222080801926,-3.410669590398052,418.9050003051758,488.7390318925439,349.0709687178077,26.723567417689733,67.18928731730004,0.0,0.0,0.0,0.0,0.0
2025-01-02 05:00:00,379.2799987792969,392.7300109863281,373.0400085449219,390.1000061035156,109710700,427.6560028076172,420.2979995727539,349.39160003662107,239.8647003173828,418.5779489455162,410.0148681590557,362.57174787369905,45.21813175468165,18.364785257903918,28.393522014920315,-10.028736757016397,-13.055042242111147,420.2979995727539,485.41630518836604,355.17969395714175,27.217136928013392,71.0058487652297,0.0,0.0,0.0,0.0,0.0
2025-01-03 05:00:00,410.44000244140625,411.8800048828125,379.45001220703125,381.4800109863281,95423300,424.68700256347654,422.92350006103516,353.24100006103515,241.06030029296875,417.0983223084053,410.0553571383272,364.4489343273346,52.56324233735082,16.35425469808513,25.98566855155328,-9.631413853468153,-11.355878324880065,422.92350006103516,481.34378667187605,364.50321345019427,28.524281093052455,76.05303397835445,0.0,0.0,0.0,0.0,0.0
2025-01-06 05:00:00,411.04998779296875,426.42999267578125,401.70001220703125,423.20001220703125,85516500,422.175,425.00149993896486,357.18899993896486,242.23725021362304,415.99862512378047,410.15008386734075,366.27642662010453,52.69695028728048,14.641339219741042,23.716802685190835,-9.075463465449793,-14.339598978685641,425.00149993896486,478.13667139693297,371.86632848099674,28.819994245256698,75.52978240167212,0.0,0.0,0.0,0.0,0.0
2025-01-07 05:00:00,394.3599853515625,414.3299865722656,390.0,405.8299865722656,75699500,419.5049987792969,425.2584991455078,359.86659942626954,243.34495010375977,412.0643269833772,408.64626496107616,367.37774264878914,48.65585561583501,11.801062348564528,21.333654617865573,-9.532592269301045,-10.399204558534148,425.2584991455078,477.7103044161574,372.80669387485824,28.626421247209823,75.1440519665901,0.0,0.0,0.0,0.0,0.0
2025-01-08 05:00:00,394.94000244140625,402.5,387.3999938964844,392.95001220703125,73038800,415.9389984130859,425.51599884033203,362.38159942626953,244.46550010681153,408.95081343029153,407.34090662586954,368.458615581833,48.80279184652801,9.487558330182253,18.96443536032891,-9.476877030146657,-9.452738546218098,425.51599884033203,477.2807149412057,373.75128273945836,27.813565935407365,75.14404920051942,0.0,0.0,0.0,0.0,0.0
2025-01-10 05:00:00,394.739990234375,399.2799987792969,377.2900085449219,391.3999938964844,62287300,409.18499755859375,425.20349884033203,365.02619903564454,245.57605003356935,406.36702739467034,406.1408193504891,369.48925772506993,48.750980876015,7.550908244220011,16.681729937107132,-9.130821692887121,-6.2508923851300136,425.20349884033203,477.66243955508975,372.7445581255743,24.98927961077009,74.46345715326403,0.0,0.0,0.0,0.0,0.0
2025-01-13 05:00:00,403.30999755859375,403.7900085449219,380.07000732421875,383.2099914550781,67580500,404.1029968261719,424.1304992675781,367.901999206543,246.70425003051758,405.81120378811096,405.8712172750705,370.8155612479532,51.14430558811325,6.631186872315936,14.671621324148894,-8.040434451832958,-6.337670264305895,424.1304992675781,477.49681644923896,370.76418208591724,24.08785138811384,71.65223136000847,0.0,0.0,0.0,0.0,0.0
2025-01-14 05:00:00,396.3599853515625,422.6400146484375,394.5400085449219,414.3399963378906,84565000,400.5729949951172,423.04349822998046,370.67819915771486,247.78689994812012,404.0928004360112,404.96538566330776,371.81730336966336,49.14010491130451,5.280621440521713,12.79342134742346,-7.512799906901746,-14.259758934369582,423.04349822998046,477.7946698406656,368.2923266192953,23.992139543805802,71.69414269289898,0.0,0.0,0.0,0.0,0.0
2025-01-15 05:00:00,428.2200012207031,429.79998779296875,405.6600036621094,409.8999938964844,81375500,401.65399475097655,422.6429977416992,374.24559906005857,249.04904998779296,408.479564215046,407.18011095448827,374.0291738736257,57.38446523338785,6.703847836050045,11.575506645148776,-4.871658809098731,-5.705415494137056,422.6429977416992,477.10444778182085,368.1815477015776,25.016424996512278,75.86326329796431,0.0,0.0,0.0,0.0,0.0
2025-01-16 05:00:00,413.82000732421875,424.0,409.1300048828125,423.489990234375,68335200,402.65199584960936,420.18299865722656,377.5423992919922,250.24205001831055,409.4505538712592,407.81248203731974,375.58959871482546,53.18788770060402,6.593796663185401,10.579164648756102,-3.9853679855707007,-4.132881477676875,420.18299865722656,471.30771127886237,369.05828603559075,24.081425258091517,73.13594955752222,0.0,0.0,0.0,0.0,0.0
2025-01-17 05:00:00,426.5,439.739990234375,419.75,421.5,94991400,407.3739959716797,417.51499938964844,381.21559936523437,251.54139999389648,412.55045316739387,409.59224565281306,377.5860850397343,56.22374200801839,7.443940639628011,9.952119846930485,-2.508179207302474,2.1777140600705236,417.51499938964844,460.43829574188885,374.591703037408,24.910709926060267,72.73748091282778,0.0,0.0,0.0,0.0,0.0
2025-01-21 05:00:00,424.07000732421875,433.20001220703125,406.30999755859375,432.6400146484375,87320900,408.73699645996095,416.7119995117188,384.66819946289064,252.8198500061035,414.64491755954384,410.97108009770886,379.4089839528514,55.48116937624165,7.831331055700218,9.527962088684433,-1.6966310329842145,5.009412433086946,416.7119995117188,458.4381190249724,374.9858799984651,24.857853480747767,66.68149014716826,0.0,0.0,0.0,0.0,0.0
2025-01-22 05:00:00,415.1099853515625,428.0,414.5899963378906,416.80999755859375,60963300,409.1429962158203,415.6589981079102,387.1997991943359,254.03984992980958,414.72947533991083,411.36526155045686,380.8090232233891,52.71643133558513,7.330836539924292,9.088536978932405,-1.7577004390081132,9.446843146905604,415.6589981079102,456.3681174546741,374.94987876114624,24.67928205217634,67.01186718709246,0.0,0.0,0.0,0.0,0.0
2025-01-23 05:00:00,412.3800048828125,420.7300109863281,408.95001220703125,416.05999755859375,50690600,410.9449981689453,415.2249984741211,389.50919921875,255.27724998474122,414.3022988931657,411.46190377258597,382.04710093552336,51.868333749063794,6.637392690570891,8.598308121260104,-1.9609154306892123,0.4726640751063771,415.2249984741211,455.87670984693824,374.57328710130395,23.707140241350448,65.9101305915981,0.0,0.0,0.0,0.0,0.0
2025-01-24 05:00:00,406.5799865722656,418.8800048828125,405.7799987792969,414.45001220703125,56427100,412.10899658203124,414.0239974975586,391.2163989257813,256.4452499389648,412.8982421075475,410.9969592773174,383.00917488206227,50.02689253241114,5.555776901312186,7.989801877270521,-2.4340249759583354,-1.0874592758665869,414.0239974975586,454.17939323533983,373.86860175977733,22.442855834960938,65.50604974218818,0.0,0.0,0.0,0.0,0.0
2025-01-27 05:00:00,397.1499938964844,406.69000244140625,389.0,394.79998779296875,58125500,412.34999694824216,410.76749725341796,392.1593988037109,257.5465998840332,410.03492425099057,409.678200669619,383.5637168041965,47.0991346107031,3.8927932985394023,7.170400161524298,-3.2776068629848956,0.7074775962461421,410.76749725341796,444.49444897361633,377.0405455332196,21.377855573381698,59.406796621624736,0.0,0.0,0.0,0.0,0.0
2025-01-28 05:00:00,398.0899963378906,400.5899963378906,386.5,396.9100036621094,48910700,411.8279968261719,407.9654968261719,393.55139892578126,258.6782498931885,407.8631191758815,408.57456216183533,384.13337482512566,47.42941044220749,2.6205095503989355,6.260422039299226,-3.6399124889002907,0.797587956907897,407.9654968261719,435.2130843669624,380.7179092853814,20.61785670689174,59.35231028653188,0.0,0.0,0.0,0.0,0.0
2025-01-29 05:00:00,389.1000061035156,398.5899963378906,384.4800109863281,395.2099914550781,68033600,411.1019989013672,405.8374969482422,394.72859924316407,259.75074989318847,404.45164407181494,406.71984253723343,384.3281446791801,44.56383716537298,0.8766924691945519,5.183676125278292,-4.30698365608374,-1.428784584888565,405.8374969482422,431.9161504235955,379.7588434728888,19.88785661969866,57.471816175736734,0.0,0.0,0.0,0.0,0.0
2025-01-30 05:00:00,400.2799987792969,412.5,384.4100036621094,410.7799987792969,98092900,408.30799865722656,404.9809967041016,396.5105993652344,260.8968998718262,403.69316310953894,406.1065240840966,384.9537075850671,48.713685863136156,0.3923144854734346,4.225403797317321,-3.833089311843886,-0.7512828339586775,404.9809967041016,430.5801242161949,379.38186919200825,20.81571306501116,57.597606664918374,0.0,0.0,0.0,0.0,0.0
2025-01-31 05:00:00,404.6000061035156,419.989990234375,401.3399963378906,401.5299987792969,83283600,407.38599853515626,405.0189971923828,398.1881994628906,262.1124999237061,403.85804365389833,405.9630461811841,385.72415066422195,50.26302370250826,0.35296121371544587,3.450915280596946,-3.0979540668815,2.0789234676765966,405.0189971923828,430.6132490380685,379.42474534669714,20.652856009347097,56.544814168672374,0.0,0.0,0.0,0.0,0.0
2025-02-03 05:00:00,383.67999267578125,389.1700134277344,374.3599853515625,386.67999267578125,93732100,403.1039978027344,405.238996887207,399.0869995117188,263.2453498840332,400.1893071124225,403.840850609241,385.64398760585175,43.42206087366631,-1.35072645171158,2.490586934135241,-3.841313385846821,-10.401197612898539,405.238996887207,429.9625261998745,380.5154675745395,21.11857169015067,55.30950321453714,0.0,0.0,0.0,0.0,0.0
2025-02-04 05:00:00,392.2099914550781,394.0,381.3999938964844,382.6300048828125,57072200,399.9179962158203,404.32749633789064,400.0111993408203,264.4291498565674,398.7385224474508,402.73314973741594,385.90147795288027,46.61270404731855,-1.9896758430656973,1.5945343786950534,-3.5842102217607508,-5.222080974013821,404.32749633789064,429.5821536121883,379.072839063593,20.011428833007812,47.1573488363331,0.0,0.0,0.0,0.0,0.0
2025-02-05 05:00:00,378.1700134277344,388.3900146484375,375.5299987792969,387.510009765625,57223300,396.2239990234375,402.6834976196289,400.73399963378904,265.5703499603271,394.9987935347751,400.3938034222082,385.59828326561967,42.376664322933514,-3.587601096671733,0.5581072836216963,-4.14570838029343,-11.331767074388189,402.6834976196289,430.26879701057726,375.09819822868053,18.814285278320312,48.64067193813641,0.0,0.0,0.0,0.0,0.0
2025-02-06 05:00:00,374.32000732421875,375.3999938964844,363.17999267578125,373.0299987792969,77918200,392.4179992675781,401.6814987182617,401.4275994873047,266.70669998168944,391.2390142237648,397.9105847462092,385.1559979345844,41.26912125940377,-5.105775487707092,-0.5746692706440615,-4.53110621706303,-11.731553550299568,401.6814987182617,431.87258564318245,371.49041179334097,18.521429879324778,46.74268560353377,0.0,0.0,0.0,0.0,0.0
2025-02-07 05:00:00,361.6199951171875,380.54998779296875,360.3399963378906,370.19000244140625,70298300,387.9220001220703,400.01549835205077,401.6087994384766,267.8045499420166,385.8537380225689,394.45433811487385,384.2330174319414,37.76299399082535,-7.250149269418728,-1.909765270398995,-5.340383999019733,-12.885739231031401,400.01549835205077,435.06012665259976,364.9708700515018,18.113573346819198,48.04493357478128,0.0,0.0,0.0,0.0,0.0
2025-02-10 05:00:00,350.7300109863281,362.70001220703125,350.510009765625,356.2099914550781,77514900,383.2800018310547,397.81499938964845,401.85159973144533,268.8348000335693,379.4676058341615,390.29011648358374,382.91917404191736,35.015888145198275,-9.716308097216597,-3.4710738357625157,-6.2452342614540814,-14.949801922138217,397.81499938964845,439.20653866175667,356.42346011754023,17.063572474888392,48.903816033383116,0.0,0.0,0.0,0.0,0.0
2025-02-11 05:00:00,328.5,349.3699951171875,325.1000061035156,345.79998779296875,118543400,376.3210021972656,394.0744995117187,401.65699951171877,269.66665000915526,370.2007684097685,384.40534348514717,380.78508878537156,30.188160728247283,-13.311090868933775,-5.439077242396768,-7.872013626537007,-19.20409000711787,394.0744995117187,445.64464608697386,342.5043529364636,17.936429704938615,51.873739562883046,0.0,0.0,0.0,0.0,0.0
2025-02-12 05:00:00,336.510009765625,346.3999938964844,329.1199951171875,329.94000244140625,105382700,371.06200256347654,391.0820007324219,401.7293994140625,270.4983000946045,364.07517592901513,379.843883130907,379.04881117675404,33.733437063964345,-15.336847636195955,-7.418631321156606,-7.918216315039349,-15.268786368574128,391.0820007324219,448.68659875767145,333.4774027071723,18.373572213309153,53.16001284290333,0.0,0.0,0.0,0.0,0.0
2025-02-13 05:00:00,355.94000244140625,358.69000244140625,342.8500061035156,345.0,89441500,366.6280029296875,387.468000793457,401.94499938964844,271.43655014038086,362.5960534767226,377.56732306524026,378.142583383211,41.49482780658179,-15.19922919041369,-8.974750895008022,-6.224478295405667,-10.588056541041112,387.468000793457,444.3268013293028,330.60920025761123,19.022142682756698,48.60068221314269,0.0,0.0,0.0,0.0,0.0
2025-02-14 05:00:00,355.8399963378906,362.0,347.5,360.6199951171875,68277300,361.752001953125,384.5690002441406,401.9199993896484,272.2455001068115,361.3676794514804,375.49805385311174,377.2679721265318,41.467906522768004,-14.926175576586502,-10.165035831323719,-4.761139745262783,-8.547933498817928,384.5690002441406,441.68237507411226,327.455625414169,18.794285365513392,47.771540661093354,0.0,0.0,0.0,0.0,0.0
2025-02-18 05:00:00,354.1099853515625,359.1000061035156,350.0199890136719,355.010009765625,51631700,358.7950012207031,380.9494995117187,401.973798828125,273.09965003967284,360.0480987060407,373.46109494820234,376.35981578241535,40.972680773302194,-14.680152390000671,-11.06805914305911,-3.612093246941562,-11.534429291629733,380.9494995117187,436.0125842187161,325.88641480472137,18.436429704938615,45.66864314630425,0.0,0.0,0.0,0.0,0.0
2025-02-19 05:00:00,360.55999755859375,367.3399963378906,353.6700134277344,354.0,67094400,355.6300018310547,377.7739990234375,402.0263989257812,274.0025,360.1411712246867,372.23241900633485,375.7402150677557,43.67352798199208,-13.805573108895317,-11.615561936226351,-2.1900111726689655,-10.88482646578467,377.7739990234375,429.59638433438903,325.951613712486,18.405000959123885,46.666322470227314,0.0,0.0,0.0,0.0,0.0
2025-02-20 05:00:00,354.3999938964844,362.29998779296875,348.0,361.510009765625,45965400,353.2529998779297,374.7384994506836,401.72459899902344,274.8744499969482,359.0973208013771,370.5340928053967,374.90334364927446,41.71062527573923,-13.454429256472224,-11.983335400275525,-1.471093856196699,-7.631359293743312,374.7384994506836,424.4206285668781,325.0563703344891,17.420000348772323,46.53348349914912,0.0,0.0,0.0,0.0,0.0
2025-02-21 05:00:00,337.79998779296875,354.9800109863281,334.4200134277344,353.44000244140625,74058600,349.6009979248047,371.0094985961914,400.6961987304687,275.65749992370604,355.2250784362119,367.4165589946893,373.44831008628205,36.89787023349986,-14.35020673355541,-12.456709666931502,-1.8934970666239082,-13.872671489130395,371.0094985961914,419.9862987840475,322.0326984083353,17.48071507045201,48.581303284275734,0.0,0.0,0.0,0.0,0.0
2025-02-24 05:00:00,330.5299987792969,342.3999938964844,324.70001220703125,338.1400146484375,76052300,346.49199829101565,367.20699920654295,399.51099853515626,276.38634994506833,350.73506395313643,363.90355325989003,371.7652390546356,34.993528090761814,-15.468433718303231,-13.059054477205848,-2.4093792410973833,-12.597512482977757,367.20699920654295,416.36432623431966,318.04967217876623,16.584997994559153,48.74651277149328,0.0,0.0,0.0,0.0,0.0
2025-02-25 05:00:00,302.79998779296875,328.8900146484375,297.25,327.0199890136719,134228800,341.69899597167966,362.4894989013672,397.5471984863281,277.01129989624025,342.01959556037866,358.0841660725642,369.0607193973153,28.872445726641743,-18.380339682832073,-14.123311518331095,-4.257028164500978,-19.106651563324707,362.4894989013672,417.32837736525255,307.65062043748185,18.062140328543528,55.27521586354045,0.0,0.0,0.0,0.0,0.0
2025-02-26 05:00:00,290.79998779296875,309.0,288.0400085449219,303.7099914550781,100118300,337.9289947509766,357.12499847412107,394.86779846191405,277.5916998291016,332.7069396026678,351.6761490935551,365.99167109910564,26.69620974731528,-21.409549886575974,-15.580559191980072,-5.828990694595902,-19.584096089948964,357.12499847412107,417.96321464341725,296.2867823048249,18.367854527064733,55.74643430014453,0.0,0.0,0.0,0.0,0.0
2025-02-27 05:00:00,281.95001220703125,297.2300109863281,280.8800048828125,291.1600036621094,101748200,332.4729949951172,351.7674987792969,392.14479858398437,278.1415998840332,323.47840734891565,345.03556462817187,362.69591977000465,25.188328071157343,-24.244860208198475,-17.313419395223754,-6.931440812974721,-19.61052565358543,351.7674987792969,419.2577584810549,284.27723907753887,18.464996337890625,55.95758213160589,0.0,0.0,0.0,0.0,0.0
2025-02-28 05:00:00,292.9800109863281,293.8800048828125,273.6000061035156,279.5,115697000,326.1769958496094,346.4024993896484,389.27979858398436,278.7641499328613,317.93324437389975,340.07789285275817,359.96196256280166,30.46024873361074,-25.310076538093313,-18.912750823797666,-6.397325714295647,-10.812782043735735,346.4024993896484,414.70952096004874,278.0954778192481,18.469996861049108,57.15233994369788,0.0,0.0,0.0,0.0,0.0
2025-03-03 05:00:00,284.6499938964844,303.94000244140625,277.29998779296875,300.3399963378906,115551400,319.05799560546876,340.4049987792969,385.71239868164065,279.3279499053955,311.8817442870969,334.79904533311304,357.0085520268676,28.809106789197486,-26.52071660386065,-20.434343979810265,-6.086372624050384,-15.411136181434982,340.4049987792969,408.25903027832874,272.550967280265,19.502140590122767,56.50976790323793,0.0,0.0,0.0,0.0,0.0
2025-03-04 05:00:00,272.0400085449219,284.3500061035156,261.8399963378906,270.92999267578125,126706600,310.8509979248047,334.82299957275393,381.5559991455078,279.80039993286135,304.6377923339742,328.82199421042816,353.6764522824776,26.469959274372158,-28.172918146636505,-21.982058813175517,-6.190859333460988,-23.571386559816567,334.82299957275393,405.97543496526896,263.6705641802389,19.300711495535715,55.961904863972876,0.0,0.0,0.0,0.0,0.0
2025-03-05 05:00:00,279.1000061035156,279.54998779296875,267.7099914550781,272.9200134277344,94042900,302.7049987792969,329.1675003051758,378.33539916992186,280.32594993591306,299.9945584738908,324.08656677167454,350.7518857656556,29.901666000457055,-28.583128460129956,-23.302272742566405,-5.280855717563551,-21.565869779715808,329.1675003051758,399.0843979998381,259.2506026105135,18.867854527064733,56.31739125109956,0.0,0.0,0.0,0.0,0.0
2025-03-06 05:00:00,263.45001220703125,272.6499938964844,260.0199890136719,272.05999755859375,98451600,293.61000061035156,323.43150024414064,374.8809991455078,280.76900001525877,293.35009551627996,318.31165681313706,347.32828288100364,26.904165959531312,-29.82721721076166,-24.607261636205457,-5.219955574556202,-25.6022074764493,323.43150024414064,395.21960626092664,251.64339422735463,18.646427699497767,57.693236055703615,0.0,0.0,0.0,0.0,0.0
2025-03-07 05:00:00,262.6700134277344,266.25,250.72999572753906,259.32000732421875,102369600,286.0970031738281,317.84900054931643,371.7131994628906,281.19505004882814,287.771898772908,313.01245268119396,344.00835074558137,26.760180946131527,-30.524241436975274,-25.79065759635942,-4.733583840615854,-27.149429996030417,317.84900054931643,390.3361099027283,245.36189119590455,18.71928514753069,57.86768568426518,0.0,0.0,0.0,0.0,0.0
2025-03-10 04:00:00,222.14999389648438,253.3699951171875,220.0,252.5399932861328,189076900,275.2590026855469,310.87550048828126,367.54419921875,281.43105003356936,275.840643340831,304.35888517788834,339.2295916534599,20.59419003564605,-33.95485466585234,-27.423497010258004,-6.531357655594334,-37.31659206479233,310.87550048828126,391.9578052659993,229.79319571056323,21.118570600237167,75.60554819384419,0.0,0.0,0.0,0.0,0.0
2025-03-11 04:00:00,230.5800018310547,237.05999755859375,217.02000427246094,225.30999755859375,174896400,268.0370040893555,304.8680000305176,362.91019927978516,281.65095001220703,267.6114357935989,297.33232485914226,334.96882342513027,24.492248880358872,-35.58322787699143,-29.05544318360469,-6.527784693386739,-31.740671946864364,304.8680000305176,391.1543038359184,218.5816962251167,21.573571341378347,78.55079925156954,0.0,0.0,0.0,0.0,0.0
2025-03-12 04:00:00,248.08999633789062,251.83999633789062,241.10000610351562,247.22000122070312,142215700,263.76600494384763,300.8474998474121,358.7893991088867,281.9908499908447,264.0620831652883,292.64257928568975,331.5618105981797,31.963305478047474,-35.056703305378505,-30.255695207959455,-4.80100809741905,-24.941761034057752,300.8474998474121,389.94505892816653,211.7499407666577,22.070714678083146,83.63791152431789,0.0,0.0,0.0,0.0,0.0
2025-03-13 04:00:00,240.67999267578125,248.2899932861328,232.60000610351562,248.1300048828125,114813500,259.63900299072264,296.0559989929199,354.96979888916013,282.3255499267578,259.8107939853779,287.6937615133175,327.9978177384778,30.58417803645196,-34.835788866985354,-31.171713939764636,-3.6640749272207174,-20.515190760067124,296.0559989929199,387.3581879434652,204.7538100423746,21.722856794084823,82.67066471720636,0.0,0.0,0.0,0.0,0.0
2025-03-14 04:00:00,249.97999572753906,251.5800018310547,240.72999572753906,247.30999755859375,100242300,255.33900146484376,290.75799865722655,351.62119873046873,282.6792498779297,258.0233761203163,284.10197429562436,324.93829530667625,34.409292053344885,-33.523838122041525,-31.642138776220015,-1.8816993458215094,-14.03713678780858,290.75799865722655,379.69553340791606,201.82046390653704,21.237144470214844,80.68753342310701,0.0,0.0,0.0,0.0,0.0
2025-03-17 04:00:00,238.00999450683594,245.39999389648438,232.8000030517578,245.05999755859375,111900600,250.6750015258789,284.86649856567385,348.30459869384765,282.9855498504639,254.38457946331985,279.71226193478736,321.5293423341335,31.96759559180714,-33.06879033523802,-31.92746908802362,-1.1413212472143996,-15.584329064660896,284.86649856567385,371.2249245025932,198.50807262875452,20.08714403424944,81.20705947724969,0.0,0.0,0.0,0.0,0.0
2025-03-18 04:00:00,225.30999755859375,230.10000610351562,222.27999877929688,228.16000366210938,111477600,246.0020004272461,278.4264991760254,345.2251986694336,283.23114982604983,249.09829184427872,274.5310938989594,317.756034695877,29.570074377960722,-33.34852427210086,-32.21168012483907,-1.1368441472617903,-23.097143453548508,278.4264991760254,362.21481481176323,194.63818354028757,19.713572910853795,81.93931624742578,0.0,0.0,0.0,0.0,0.0
2025-03-19 04:00:00,235.86000061035156,241.41000366210938,229.1999969482422,231.61000061035156,111993800,241.6779998779297,272.1914993286133,341.7335986328125,283.5164998626709,246.6913298017465,270.8481326333777,314.5444255160525,33.99841007270216,-32.34605318976372,-32.238554737824,-0.10749845193971908,-17.140345804425262,272.1914993286133,348.46770035969877,195.91529829752784,19.695715767996653,84.35084630655119,0.0,0.0,0.0,0.0,0.0
2025-03-20 04:00:00,236.25999450683594,238.0,230.0500030517578,233.35000610351562,99028300,238.95899810791016,266.28449935913085,338.2377987670898,283.8073998260498,244.79472338449,267.55402424037374,311.4744478294166,34.16741900206404,-31.160117037332583,-32.022867197725716,0.8627501603931336,-13.152482324002568,266.28449935913085,333.5166392212558,199.05235949700588,18.815001351492747,84.68805939065007,0.0,0.0,0.0,0.0,0.0
2025-03-21 04:00:00,248.7100067138672,249.52000427246094,234.5500030517578,234.99000549316406,132728700,237.56299743652343,261.83000030517576,335.3247991943359,284.16949989318846,245.50659308074037,265.759355904516,309.0130971974343,39.37137999336234,-28.882700365353173,-31.39483383125121,2.512133465898035,-10.888569948069826,261.83000030517576,320.35270748428496,203.30729312606655,17.981428963797434,87.61591950627006,0.0,0.0,0.0,0.0,0.0
2025-03-24 04:00:00,278.3900146484375,278.6400146484375,256.3299865722656,258.0799865722656,169079900,243.18699951171874,259.22300109863284,332.9937994384766,284.68759994506837,251.48539700213982,266.96227578488947,307.81219199943445,49.599717299465276,-24.401616010869645,-29.9961902671749,5.594574256305254,5.670905959065098,259.22300109863284,308.8254731325575,209.62052906470817,18.490001133510045,99.41768441512204,0.0,0.0,0.0,0.0,0.0
2025-03-25 04:00:00,288.1400146484375,288.20001220703125,271.2799987792969,283.6000061035156,150361500,248.94300079345703,258.49000244140626,330.86179992675784,285.25330001831054,258.1498729378303,268.9792032957036,307.04073406410123,52.438352195657515,-19.834936063500834,-27.96393942644009,8.129003362939255,9.696577423638963,258.49000244140626,305.759485228515,211.2205196542975,18.852859497070312,96.06739455804707,0.0,0.0,0.0,0.0,0.0
2025-03-26 04:00:00,272.05999755859375,284.8999938964844,266.510009765625,282.6600036621094,153629800,251.34000091552736,257.5530029296875,328.23679992675784,285.7238999938965,260.6789865052418,269.2726122731217,305.66894047565,47.669800721556754,-17.31375016246153,-25.83390157364438,8.520151411182848,22.46680397631071,257.5530029296875,302.826602222564,212.27940363681103,19.035001482282365,97.10280640768477,0.0,0.0,0.0,0.0,0.0
2025-03-27 04:00:00,273.1300048828125,291.8500061035156,271.82000732421875,272.4800109863281,162572100,254.58500213623046,257.11200256347655,325.77220031738284,286.20215003967286,262.9428080284365,269.63998299785413,304.3929037857348,48.00860883743153,-15.055797659573273,-23.678280790830158,8.622483131256885,18.453466351749825,257.11200256347655,301.54908657443497,212.67491855251814,19.35714394705636,96.50958966657488,0.0,0.0,0.0,0.0,0.0
2025-03-28 04:00:00,263.54998779296875,276.1000061035156,260.57000732421875,275.5799865722656,123809400,255.94200134277344,255.6405014038086,322.47880004882813,286.65095001220703,263.05320434926057,269.05998345453173,302.7912208056263,45.18771945049296,-13.879388399126128,-21.718502312489353,7.839113913363224,6.231606144256663,255.6405014038086,296.9129871552042,214.36801565241302,17.41857147216797,96.13469808013522,0.0,0.0,0.0,0.0,0.0
2025-03-31 04:00:00,259.1600036621094,260.55999755859375,243.36000061035156,249.30999755859375,134008900,258.05700225830077,254.36600189208986,319.38559997558593,287.09345001220703,262.3453496788694,268.1171282362058,301.08019268235114,43.914349094537314,-13.149728728028151,-20.004747595597113,6.855018867568962,7.678249770940648,254.36600189208986,293.3790500246721,215.3529537595076,17.429285321916854,95.82004548569493,0.0,0.0,0.0,0.0,0.0
2025-04-01 04:00:00,268.4599914550781,277.45001220703125,259.25,263.79998779296875,146486900,262.3720016479492,254.18700103759767,316.2247998046875,287.54930000305177,263.4571027290892,268.1497818760984,299.80096910481103,47.302248511770486,-11.68632421900486,-18.341062920278663,6.6547387012738035,7.392589824539786,254.18700103759767,292.8902290992035,215.48377297599185,17.21714346749442,95.45317171026107,0.0,0.0,0.0,0.0,0.0
2025-04-02 04:00:00,282.760009765625,284.989990234375,251.27000427246094,254.60000610351562,212787800,267.06200256347654,254.37000122070313,313.39859985351563,288.05075004577634,266.9667221902775,269.5412321512914,299.1326961895488,52.09413306029437,-9.265862539367447,-16.52602284409642,7.260160304728974,18.801737864627267,254.37000122070313,293.600235456325,215.1397669850813,18.505000523158483,96.87833158512919,0.0,0.0,0.0,0.0,0.0
2025-04-03 04:00:00,267.2799987792969,276.29998779296875,261.510009765625,265.2900085449219,136174300,270.1640029907227,254.5615005493164,310.44200012207034,288.49710006713866,267.0236815700992,269.3258765920538,297.8835708009115,47.101097677798776,-8.498768224721914,-14.920571920221521,6.421803695499607,18.62766928919275,254.5615005493164,294.01511506976095,215.10788602887186,19.244285583496094,96.77308010428392,0.0,0.0,0.0,0.0,0.0
2025-04-04 04:00:00,239.42999267578125,261.0,236.0,255.3800048828125,181229400,269.2360015869141,253.39949951171874,306.9829998779297,288.75705001831057,262.00664722567774,266.4786495524088,295.59127361953387,39.7242581282132,-10.022569254556743,-13.940971387088567,3.918402132531824,1.5136064004881655,253.39949951171874,293.2148659982163,213.5841330252212,20.251428876604354,103.94135970509868,0.0,0.0,0.0,0.0,0.0
2025-04-07 04:00:00,233.2899932861328,252.0,214.25,223.77999877929688,183453800,264.7259994506836,253.95649948120118,303.517200012207,288.99919998168946,256.78543741848773,263.3178251460968,293.14808615547895,38.300072427649404,-11.592013667937124,-13.471179843258279,1.8791661753211546,-1.2570901929049194,253.95649948120118,292.2123056460375,215.70069331636483,21.824286324637278,87.8154563410567,0.0,0.0,0.0,0.0,0.0
2025-04-08 04:00:00,221.86000061035156,250.44000244140625,217.8000030517578,245.0,171603500,258.097998046875,253.520499420166,300.0114001464844,289.20064994812014,250.4353579988266,259.3694609045973,290.3524749576308,35.73187206176715,-13.601326926996194,-13.497209260005862,-0.10411766699033187,-10.795708004787151,253.520499420166,293.0748045996264,213.9661942407056,23.005714416503906,88.76205744404248,0.0,0.0,0.0,0.0,0.0
2025-04-09 04:00:00,272.20001220703125,274.69000244140625,223.8800048828125,224.69000244140625,219433400,258.11199951171875,254.72600021362305,297.4936004638672,289.64660003662107,254.39256785486378,260.5914181714958,289.64061367329356,51.239611842626985,-11.00484690940712,-12.998736789886115,1.993889880478994,-2.223500167282666,254.72600021362305,295.04564076538213,214.40635966186395,26.211429050990514,117.51203151017778,0.0,0.0,0.0,0.0,0.0
2025-04-10 04:00:00,252.39999389648438,262.489990234375,239.3300018310547,260.0,181722600,256.03899841308595,255.3120002746582,294.75960021972656,289.99569999694825,254.03028168061297,259.8112825262566,288.1801972114579,46.48810198528466,-10.42464497271385,-12.483918426451662,2.059273453737813,-12.403699220866592,255.3120002746582,295.10938388017763,215.51461666913877,27.490001133510045,120.25420718566033,0.0,0.0,0.0,0.0,0.0
2025-04-11 04:00:00,252.30999755859375,257.739990234375,241.36000061035156,251.83999633789062,128948100,254.91499938964844,255.42850036621093,291.8002001953125,290.32049995422364,253.71750274933675,259.09687443409825,286.7735227152671,46.46701014559369,-9.858450627925947,-11.95882486674652,2.1003742388205726,-7.259428132482593,255.42850036621093,295.1737710578045,215.6832296746173,26.522142682756698,119.60029166754592,0.0,0.0,0.0,0.0,0.0
2025-04-14 04:00:00,252.35000610351562,261.79998779296875,245.92999267578125,258.3599853515625,100135200,254.23399963378907,256.14550094604493,288.7552001953125,290.6004000091553,253.46886699555108,258.45431554547133,285.42358088735534,46.47863566658855,-9.299312489503734,-11.426922391297964,2.12760990179423,-7.608098124632123,256.14550094604493,295.0767549582568,217.2142469338331,26.44714137486049,118.09541339949364,0.0,0.0,0.0,0.0,0.0
2025-04-15 04:00:00,254.11000061035156,258.75,247.5399932861328,249.91000366210938,79594300,252.79900054931642,257.5855010986328,286.1638003540039,290.8838500213623,253.5854367436966,258.0405712659361,284.1955973470807,47.02366027618478,-8.614867805129023,-10.864511474064177,2.2496436689351533,-3.5818583266384985,257.5855010986328,293.74638442431905,221.42461777294653,25.702855791364396,116.03738621614319,0.0,0.0,0.0,0.0,0.0
2025-04-16 04:00:00,241.5500030517578,251.97000122070312,233.88999938964844,247.61000061035156,112378700,248.6779998779297,257.8700012207031,283.1506005859375,291.10220001220705,251.39717607243497,256.4700409598239,282.5232211002053,43.610600244410605,-8.982383965291604,-10.488085972309664,1.5057020070180602,-6.795030236730248,257.8700012207031,293.395132617184,222.34486982422217,25.716427394321986,116.83981499923813,0.0,0.0,0.0,0.0,0.0
2025-04-17 04:00:00,241.3699951171875,244.33999633789062,237.67999267578125,243.47000122070312,83404800,246.08699951171874,258.1255012512207,280.41460021972654,291.25974998474123,249.57405226238996,255.03194135576328,280.9093691008713,43.561800214072306,-9.182320234099336,-10.2269328246676,1.0446125905682635,-10.090887730071184,258.1255012512207,293.0649022325368,223.18610026990467,25.08285631452288,116.84833501589256,0.0,0.0,0.0,0.0,0.0
2025-04-21 04:00:00,227.5,232.2100067138672,222.7899932861328,230.25999450683594,97768000,244.8940002441406,257.0650009155273,277.4782000732422,291.240950012207,245.5605882146827,252.40985170283344,278.81488403809203,39.86061073399883,-10.340761989845703,-10.24969865770322,-0.09106333214248252,-19.543078178356655,257.0650009155273,294.41228952196076,219.71771230909386,24.967857360839844,117.23765677075066,0.0,0.0,0.0,0.0,0.0
2025-04-22 04:00:00,237.97000122070312,242.7899932861328,229.85000610351562,230.9600067138672,120858500,245.36200103759765,255.04400024414062,275.0052001953125,291.1988500213623,244.18048148850457,251.03462784739247,277.2131239276062,43.74607933787726,-10.29531583796873,-10.258822093756322,-0.036493744212407364,-10.966027271945666,255.04400024414062,291.9038165273728,218.18418396090846,24.753570556640625,109.8265319828823,0.0,0.0,0.0,0.0,0.0
2025-04-23 04:00:00,250.74000549316406,259.45001220703125,244.42999267578125,254.86000061035156,150381900,248.2500015258789,253.17399978637695,273.0054000854492,291.19495002746584,245.37312221662444,251.0065685755612,276.17496242037316,48.14647445298413,-9.123694542393366,-10.031796583483732,0.9081020410903662,4.7237243300165765,253.17399978637695,286.59888473342454,219.74911483932937,23.87928662981306,110.93653627296209,0.0,0.0,0.0,0.0,0.0
2025-04-24 04:00:00,259.510009765625,259.5400085449219,249.1999969482422,250.5,94464200,246.9810012817383,252.5465003967285,271.6256002807617,291.2278000640869,247.94346540735182,251.81642011747203,275.52143486528496,50.98233544463705,-7.402182422502477,-9.505873751287481,2.103691328785004,11.239237530146884,252.5465003967285,284.93362563634304,220.15937515711397,23.100001743861608,110.07227820564893,0.0,0.0,0.0,0.0,0.0
2025-04-25 04:00:00,284.95001220703125,286.8500061035156,259.6300048828125,261.69000244140625,167560700,250.23600311279296,253.13750076293945,270.59440032958986,291.34090019226073,254.671928461839,254.97200031647768,275.89118299633384,58.1348862562845,-3.939662106207976,-8.392631422271581,4.452969316063605,28.43685721766649,253.13750076293945,287.4785740017405,218.79642752413838,22.818572998046875,115.47754120319476,0.0,0.0,0.0,0.0,0.0
2025-04-28 04:00:00,285.8800048828125,294.8599853515625,272.4200134277344,288.9800109863281,151731800,253.59300384521484,254.25400161743164,269.19320037841794,291.4540001678467,260.3461241747433,257.91561979898574,276.28290150168596,58.37400850729763,-1.1077774044196644,-6.935660618701198,5.827883214281534,5.025713468879811,254.25400161743164,291.36107126557584,217.14693196928744,21.724999564034597,114.53331822883585,0.0,0.0,0.0,0.0,0.0
2025-04-29 04:00:00,292.0299987792969,293.32000732421875,279.4700012207031,285.5,108906600,257.56100311279295,255.89750137329102,267.9170004272461,291.7090001678467,266.10682864829846,261.1646082733011,276.900434728259,60.001041062266246,1.6141577286602455,-5.22569694922891,6.839854677889155,15.701270143083201,255.89750137329102,296.6518998093494,215.1431029372326,20.382857186453684,114.31498312322124,0.0,0.0,0.0,0.0,0.0
2025-04-30 04:00:00,282.1600036621094,284.45001220703125,270.7799987792969,279.8999938964844,128961100,260.3660034179687,256.5825019836426,266.47800079345706,291.8786502075195,269.0255877417186,263.1641697389019,277.10669233350797,56.204159537739145,2.9409829919111417,-3.5923609610008995,6.533343952912041,11.830687008977359,256.5825019836426,298.6648599927839,214.50014397450133,18.127142769949778,114.7612928033083,0.0,0.0,0.0,0.0,0.0
2025-05-01 04:00:00,280.5199890136719,290.8699951171875,279.80999755859375,280.010009765625,99659000,264.2630020141602,256.4705009460449,264.8772006225586,292.0180501556396,271.1154788820737,264.8171049079276,277.2405471052791,55.57485326954813,3.8161755995182602,-2.1106536488970677,5.926829248415328,11.163060126339253,256.4705009460449,298.27048470613727,214.6705171859526,16.56928471156529,113.36181251059709,0.0,0.0,0.0,0.0,0.0
2025-05-02 04:00:00,287.2099914550781,294.7799987792969,279.80999755859375,284.8999938964844,114454700,268.84700164794924,257.467000579834,263.5334005737305,292.17130012512206,274.04175389534726,266.949760769561,277.631505707232,57.65758099130192,4.992054041265476,-0.690112110864559,5.682166152130035,13.025851310543878,257.467000579834,301.25499305573146,213.67900810393655,16.468571254185267,111.57369164930529,0.0,0.0,0.0,0.0,0.0
2025-05-05 04:00:00,280.260009765625,284.8500061035156,274.3999938964844,284.57000732421875,94618900,274.12300262451174,259.50850143432615,262.3826010131836,292.3301001739502,275.17234587176137,268.2174035310909,277.7345842977572,54.78415093972219,5.302022326196322,0.5083147765476174,4.793707549648705,16.025670140675864,259.50850143432615,303.5621229544065,215.45487991424582,16.25,104.50187885614159,0.0,0.0,0.0,0.0,0.0
2025-05-06 04:00:00,275.3500061035156,277.7300109863281,271.3500061035156,273.1099853515625,76715800,277.86100311279296,261.6115020751953,261.279001159668,292.46070022583007,275.20464773208033,268.896699014179,277.64107142739476,52.78281675584655,5.092771860418964,1.4252061933218867,3.667565667097077,14.077976415349603,261.6115020751953,304.3925070083268,218.8304971420638,16.085714067731583,104.17558493449842,0.0,0.0,0.0,0.0,0.0
2025-05-07 04:00:00,276.2200012207031,277.9200134277344,271.0,276.8800048828125,71592600,280.40900268554685,264.3295021057129,260.74740142822264,292.64580024719237,275.3892574572845,269.59415636718126,277.5853431839951,53.10968109904695,4.940193221532354,2.1282035989639803,2.811989622568374,21.415385151957423,264.3295021057129,303.2058085550494,225.4531956563764,15.135714939662389,101.86334734297272,0.0,0.0,0.0,0.0,0.0
2025-05-08 04:00:00,284.82000732421875,289.79998779296875,279.4100036621094,279.6300048828125,97539400,282.94000244140625,264.96050186157225,260.6278018188477,292.8123503112793,277.1039392512725,271.04423741070866,277.86905550321956,56.32805593765033,5.450393427567917,2.792641564684768,2.657751862883149,19.68735801285517,264.96050186157225,304.7730808733281,225.14792284981638,15.629999433244977,63.938029337060534,0.0,0.0,0.0,0.0,0.0
2025-05-09 04:00:00,298.260009765625,307.0400085449219,290.0,290.2099914550781,132387800,284.2710021972656,267.2535026550293,260.95400177001954,293.07175033569337,280.9504975266093,273.6362157302245,278.66870076841195,60.85042275716172,6.860147135000659,3.606142678747946,3.254004456252713,18.951903657733826,267.2535026550293,309.24317729931056,225.26382801074803,15.889999389648438,59.07380641632843,0.0,0.0,0.0,0.0,0.0
2025-05-12 04:00:00,318.3800048828125,322.2099914550781,311.5,321.989990234375,112826700,287.5210021972656,270.55700302124023,261.4620016479492,293.5837003326416,287.7558625004644,277.8975289828519,280.22600681211395,66.45125700687068,9.491490566012715,4.783212256200899,4.708278309811815,22.685057570748658,270.55700302124023,317.6788591225823,223.43514691989816,16.508569989885604,62.45240015136222,0.0,0.0,0.0,0.0,0.0
2025-05-13 04:00:00,334.07000732421875,337.5899963378906,316.79998779296875,320.0,136992600,291.7250030517578,274.6430030822754,262.4504019165039,294.1528003692627,296.17661610478336,283.2472888248868,282.3375362439612,70.04964095190934,12.696543413943346,6.365878487749389,6.330664926193957,17.238109497429765,274.6430030822754,328.7690320972592,220.51697406729164,16.45928410121373,63.5967946280587,0.0,0.0,0.0,0.0,0.0
2025-05-14 04:00:00,347.67999267578125,350.0,337.0,342.5,136997300,298.277001953125,279.3215026855469,263.9632015991211,294.7922003173828,305.54086639041935,289.3837368106863,284.89998551579725,72.77725256976039,16.148631588783473,8.322429107956207,7.826202480827266,21.617457232905004,279.3215026855469,341.54479975773467,217.09820561335906,16.858568464006698,64.16713656935997,0.0,0.0,0.0,0.0,0.0
2025-05-15 04:00:00,342.82000732421875,346.1400146484375,334.7200012207031,340.3399963378906,97882600,304.5070037841797,284.38500289916993,265.23760162353517,295.34580032348634,312.3188920147465,294.47290543102275,287.1713589200491,70.31468300574994,18.281537947422123,10.31425087584939,7.967287071572732,17.392051760855807,284.38500289916993,350.052990832938,218.7170149654019,15.831425258091517,60.458275853484565,0.0,0.0,0.0,0.0,0.0
2025-05-16 04:00:00,349.9800109863281,351.6199951171875,342.3299865722656,346.239990234375,95895700,310.7840057373047,289.815503692627,266.9682015991211,295.982600402832,319.1663681913977,299.7592964362899,289.6344433148052,71.82715229899439,20.31545019635371,12.314490739950255,8.000959456403454,24.03601022256654,289.815503692627,358.40422372679456,221.2267836584594,14.892142159598214,60.038822568696595,0.0,0.0,0.0,0.0,0.0
2025-05-19 04:00:00,342.0899963378906,343.0,333.3699951171875,336.29998779296875,88869900,316.9670043945313,295.5450035095215,268.55660125732425,296.5327003479004,323.3343005816691,303.7907916650138,291.6915238255144,67.73184024994723,21.048053209215595,14.061203233803326,6.9868499754122695,21.948527639938685,295.5450035095215,361.3018389252189,229.78816809382414,15.089285714285714,55.19187561512896,0.0,0.0,0.0,0.0,0.0
2025-05-20 04:00:00,343.82000732421875,354.989990234375,341.6300048828125,347.8699951171875,131715500,323.8140045166016,300.83750381469724,270.9900015258789,297.1675003814697,327.05897453485994,307.6030979182714,293.73577808036555,68.16050741961294,21.52017264886615,15.552997116815892,5.967175532050259,19.710322604843956,300.83750381469724,364.07340398409167,237.60160364530282,14.525713239397321,54.6578899012662,0.0,0.0,0.0,0.0,0.0
2025-05-21 04:00:00,334.6199951171875,347.3500061035156,332.20001220703125,344.42999267578125,102354800,329.65400390625,305.03150329589846,273.07080139160155,297.80225036621096,328.4337055498286,310.1761357467396,295.33908070926054,63.34148969056634,20.910918556306513,16.624581404714014,4.286337151592498,19.396268985012345,305.03150329589846,365.3358285857763,244.72717800602058,14.817855834960938,55.36652507797396,0.0,0.0,0.0,0.0,0.0
2025-05-22 04:00:00,341.0400085449219,347.2699890136719,331.3900146484375,331.8999938964844,97113400,335.2760040283203,309.1080032348633,274.9298016357422,298.5130503845215,330.72576063984553,313.11555220370934,297.13127395771784,65.1909705447257,20.707419485928824,17.441149020956978,3.2662704649718464,23.856909745885613,309.1080032348633,367.4463166781153,250.7696897916113,14.88285391671317,54.896249243329095,0.0,0.0,0.0,0.0,0.0
2025-05-23 04:00:00,339.3399963378906,343.17999267578125,333.2099914550781,337.9200134277344,84654800,339.3840026855469,311.82750244140624,276.9030017089844,299.2065503692627,332.2919853122173,315.6131183117266,298.7865179726266,64.26635858427778,20.176387394491655,17.988196695663916,2.1881906988277393,22.85134850417796,311.82750244140624,370.49409964603404,253.1609052367784,14.679997035435267,45.41885556580973,0.0,0.0,0.0,0.0,0.0
2025-05-27 04:00:00,362.8900146484375,363.7900085449219,347.32000732421875,347.3500061035156,120146400,343.8350036621094,315.6780029296875,279.16120208740233,300.0622004699707,337.8552633733483,320.1156798676039,301.30038058736426,70.50683010414245,21.409040209227044,18.67236539837654,2.736674810850502,27.41029608757415,315.6780029296875,377.21273625219516,254.1432696071799,15.78999764578683,50.10606389566021,0.0,0.0,0.0,0.0,0.0
2025-05-28 04:00:00,356.8999938964844,365.0,355.9100036621094,364.8399963378906,91404300,346.1180023193359,318.9215026855469,281.5390020751953,300.85250045776365,341.31794165028214,323.6189478703544,303.4807575798788,67.28798969225058,21.652979759542234,19.26848827060968,2.3844914889325537,19.660692754935248,318.9215026855469,382.026435847847,255.8165695232468,15.944996425083705,51.004673779176855,0.0,0.0,0.0,0.0,0.0
2025-05-29 04:00:00,358.42999267578125,367.7099914550781,356.0,365.2900085449219,88087800,347.19300231933596,322.7350021362305,284.20140197753904,301.64465042114256,344.42922365491836,326.93428547087126,305.635629544424,67.69368789195977,21.719394070422084,19.758669430572162,1.9607246398499214,12.579303718432367,322.7350021362305,385.7041043495812,259.7658999228798,15.811425345284599,48.33311063886249,0.0,0.0,0.0,0.0,0.0
2025-05-30 04:00:00,346.4599914550781,363.67999267578125,345.2900085449219,355.5199890136719,123474900,347.5570007324219,326.0320022583008,286.4134017944336,302.3895003509522,344.79845416403833,328.7938765169862,307.23658491346924,61.28942452438215,20.569041720081884,19.920743888474107,0.6482978316077777,3.7087987126107835,326.0320022583008,386.55190033198124,265.51210418462034,15.537852696010045,50.65269580190835,0.0,0.0,0.0,0.0,0.0
2025-06-02 04:00:00,342.69000244140625,348.0199890136719,333.3299865722656,343.5,81873800,346.8279998779297,328.8060028076172,288.542001953125,303.0638003540039,344.4150993053779,330.1173170812167,308.62691501260406,59.38387553134239,19.13262361294028,19.76311983336734,-0.6304962204270623,-1.4352250171117187,328.8060028076172,386.869606163853,270.74239945138135,14.876425606863839,50.99123334251162,0.0,0.0,0.0,0.0,0.0
2025-06-03 04:00:00,344.2699890136719,355.3999938964844,343.0400085449219,346.6000061035156,99324500,347.04599914550784,332.00650177001955,290.4532015991211,303.7782502746582,344.38871561597676,331.4651905985934,310.0246826204891,59.94593104391816,17.91522802920167,19.39354147253421,-1.4783134433325387,0.4229571374117169,332.00650177001955,385.6949249495683,278.3180785904708,14.299281529017858,49.480328629689545,0.0,0.0,0.0,0.0,0.0
2025-06-04 04:00:00,332.04998779296875,345.6000061035156,327.3299865722656,345.1000061035156,98912100,345.86899719238284,334.8415008544922,291.5264010620117,304.3678002166748,342.145310557248,331.52088556948627,310.8884200782334,53.75057357535874,15.782451015456388,18.671323381118647,-2.888872365662259,-5.123156360509917,334.8415008544922,381.4550774069389,288.2279243020455,14.466426304408483,51.22510745019447,0.0,0.0,0.0,0.0,0.0
2025-06-05 04:00:00,284.70001220703125,324.54998779296875,273.2099914550781,322.489990234375,287499800,340.8769989013672,335.26550140380857,291.4576010131836,304.710700302124,331.7007108572086,327.061754773062,309.86142369112747,37.55470592229331,10.15440885235654,16.967940475366227,-6.813531623009688,-16.77628248274582,335.26550140380857,379.73906386500937,290.79193894260777,17.74356951032366,74.57384561821915,0.0,0.0,0.0,0.0,0.0
2025-06-06 04:00:00,295.1400146484375,305.5,291.1400146484375,298.8299865722656,164747700,336.28699951171876,335.78150177001953,291.9192013549805,305.0728003692627,325.05331154652293,324.02158904690725,309.28411353259065,41.72412405249914,6.4620750577624335,14.86676739184547,-8.404692334083036,-14.158568913610814,335.78150177001953,377.9715381026769,293.59146543736216,18.565710885184153,74.879990489927,0.0,0.0,0.0,0.0,0.0
2025-06-09 04:00:00,308.5799865722656,309.8299865722656,281.8500061035156,285.9599914550781,140908900,333.21099853515625,336.29750061035156,292.62820098876955,305.51020027160644,322.0581615512034,322.5509602397985,309.25650071061716,46.66152893888109,4.567713576630808,12.806956628802538,-8.23924305217173,-7.781964295290356,336.29750061035156,376.7729148712798,295.82208634942333,19.377851213727677,74.75267622645426,0.0,0.0,0.0,0.0,0.0
2025-06-10 04:00:00,326.0899963378906,327.8299865722656,310.6700134277344,314.94000244140625,151256500,329.53099670410154,336.6830001831055,293.87900115966795,306.0243002319336,322.79122242151016,322.88801129675966,309.9166377940396,52.328388801279075,4.428283410875167,11.131221985217065,-6.702938574341898,-4.383653481248972,336.6830001831055,376.58265141488647,296.7833489513245,19.798566545758927,73.61155412157953,0.0,0.0,0.0,0.0,0.0
2025-06-11 04:00:00,326.42999267578125,335.5,322.5,334.3999938964844,122611400,326.48399658203124,336.3009994506836,295.2244009399414,306.60315017700196,323.4528170131958,323.2253428566665,310.56422033842165,52.43406337331232,4.295700699292922,9.764117728032238,-5.4684170287393155,-3.8044450407945796,336.3009994506836,376.4514880498149,296.1505108515523,19.644995553152903,71.48579907242568,0.0,0.0,0.0,0.0,0.0
2025-06-12 04:00:00,319.1099853515625,332.55999755859375,316.8599853515625,323.0799865722656,105127500,322.5519958496094,334.8724990844727,296.2374008178711,307.0971000671387,322.6632112565352,322.8334040466566,310.8993483781527,49.87088010454991,3.5589392931378825,8.523082041053367,-4.964142747915485,-12.06426948376864,334.8724990844727,375.34999238389236,294.395005785053,19.63214111328125,70.19844840849187,0.0,0.0,0.0,0.0,0.0
2025-06-13 04:00:00,325.30999755859375,332.989990234375,313.29998779296875,313.9700012207031,128964300,320.43699645996094,333.9969985961914,297.0884005737305,307.6576000213623,323.1444451296367,323.06927009541255,311.46447187542486,52.01069552473584,3.435734728840714,7.505612578610838,-4.069877849770124,-8.851217954084078,333.9969985961914,374.50815100268096,293.4858461897019,20.326426914760045,70.52575307063867,0.0,0.0,0.0,0.0,0.0
2025-06-16 04:00:00,329.1300048828125,332.04998779296875,326.4100036621094,331.2900085449219,83925900,319.08099670410155,332.9544982910156,298.3254006958008,308.257200012207,324.2327287211232,323.6464829323078,312.15723787571454,53.33247006434295,3.6047831931741143,6.725446701523493,-3.120663508349379,-8.174535722927667,332.9544982910156,372.8015051368071,293.1074914452241,19.061425345284597,70.21246910803292,0.0,0.0,0.0,0.0,0.0
2025-06-17 04:00:00,316.3500061035156,327.260009765625,314.739990234375,326.0899963378906,88282700,316.28899841308595,331.66749877929686,299.86380096435545,308.8102000427246,322.7995064270127,322.95158037718477,312.3216601591578,48.517812152664305,2.6766613387544,5.915689628969675,-3.239028290215275,-8.690753938169093,331.66749877929686,371.9326679132365,291.4023296453572,19.439998081752233,71.0742616401157,0.0,0.0,0.0,0.0,0.0
2025-06-18 04:00:00,322.04998779296875,329.32000732421875,315.45001220703125,317.30999755859375,95137700,315.28899841308595,330.57899780273436,301.63900085449217,309.389049987793,322.663230311732,322.86571441678325,312.703163203621,50.657366834595855,2.3736964726126644,5.207290997698273,-2.8335945250856085,-6.022940413024324,330.57899780273436,370.6374147031505,290.5205809023182,19.594284057617188,71.41500067951392,0.0,0.0,0.0,0.0,0.0
2025-06-20 04:00:00,322.1600036621094,332.3599853515625,317.7799987792969,327.95001220703125,108688000,319.0349975585938,329.9559982299805,303.64500091552736,309.92930000305176,322.5717345572551,322.7985038687191,313.07401969218915,50.699954151132616,2.118056359383388,4.589444070035296,-2.471387710651908,-6.422280784597945,329.9559982299805,370.137171788036,289.77482467192493,19.32214137486049,70.82748146878649,0.0,0.0,0.0,0.0,0.0
2025-06-23 04:00:00,348.67999267578125,357.5400085449219,327.4800109863281,327.5400085449219,190716800,324.3889953613281,330.33799743652344,305.17460052490236,310.6196999359131,327.31869057880533,325.2634075646298,314.4703323582124,59.724096452112725,4.009185806127618,4.473392417253761,-0.4642066111261425,5.00828353988112,330.33799743652344,371.1038657214294,289.5721291516175,20.799998692103795,76.51937371226093,0.0,0.0,0.0,0.0,0.0
2025-06-24 04:00:00,340.4700012207031,356.260009765625,340.44000244140625,356.1700134277344,114736200,327.5779968261719,330.3944976806641,306.9360006713867,311.22499992370604,329.7098379682413,326.71165457949394,315.48992721556493,56.289020441011175,4.790223110651709,4.536758555933351,0.2534645547183585,19.5890363970608,330.3944976806641,371.2159929258915,289.57300243543665,21.022142682756698,77.03408851632018,0.0,0.0,0.0,0.0,0.0
2025-06-25 04:00:00,327.54998779296875,343.0,320.3999938964844,342.70001220703125,119845100,327.7239959716797,328.62749633789065,308.44080047607423,311.7118998718262,329.31713793637357,326.79149583792014,315.96287076762,51.28958576433226,4.316901145765598,4.492787073899801,-0.17588592813420245,10.981219602884785,328.62749633789065,366.47778449742134,290.77720817835996,21.331427437918528,73.80861102468009,0.0,0.0,0.0,0.0,0.0
2025-06-26 04:00:00,325.7799987792969,331.04998779296875,323.6099853515625,324.6099853515625,80440900,327.65899658203125,327.0714965820313,309.90940032958986,312.287149887085,328.67402172599594,326.6951627847179,316.34785617984267,50.62620199167876,3.7556736890431353,4.345364396928468,-0.5896907078853326,5.573923441403483,327.0714965820313,362.50984010307457,291.633153060988,17.659999302455358,73.66505236207404,0.0,0.0,0.0,0.0,0.0
2025-06-27 04:00:00,323.6300048828125,329.3399963378906,317.5,324.510009765625,89067000,328.1109985351562,325.3314971923828,311.29980041503904,312.8239498901367,327.756927754508,326.40324298453646,316.63343063878267,49.78388458968534,3.1016563828995345,4.096622794122681,-0.9949664112231469,-0.7543903470528801,325.3314971923828,357.5588100285242,293.10418435624143,17.01999991280692,73.61397736743719,0.0,0.0,0.0,0.0,0.0
2025-06-30 04:00:00,317.6600036621094,325.5799865722656,316.6000061035156,319.8999938964844,76695100,327.3459991455078,323.89149780273436,312.8220004272461,313.2813999176025,325.92112337407184,325.5705535252577,316.6736884044034,47.42436376307144,2.0776637364585895,3.6928309825898635,-1.615167246131274,-2.686637015729876,323.89149780273436,354.6856022226443,293.0973933828244,15.662857055664062,73.01193584046997,0.0,0.0,0.0,0.0,0.0
2025-07-01 04:00:00,300.7099914550781,305.8900146484375,293.2099914550781,298.4599914550781,145085700,324.5039978027344,321.792497253418,314.0088003540039,313.6442998504639,321.3372812069821,323.2028809471454,316.0476610730573,41.42170948452695,-0.10042451001999098,2.9341798840678925,-3.0346043940878835,-5.766035141837744,321.792497253418,352.9126295496499,290.67236495718606,16.034286499023438,75.12439068885313,0.0,0.0,0.0,0.0,0.0
2025-07-02 04:00:00,315.6499938964844,316.8299865722656,303.82000732421875,312.6300048828125,119483700,324.4339965820312,320.3614974975586,315.7718002319336,314.07349983215335,320.3032289687098,322.48355837089196,316.0320662818192,47.7047440278707,-0.6139643999975988,2.2245510272547944,-2.838515427252393,-2.969476417757322,320.3614974975586,349.7114191069703,291.0115758881469,16.25714329310826,77.58506327260429,0.0,0.0,0.0,0.0,0.0
2025-07-03 04:00:00,315.3500061035156,318.45001220703125,312.760009765625,317.989990234375,58042300,323.7639984130859,319.52649841308596,317.3194003295898,314.49879989624026,319.4026429932199,321.80417244066564,316.0053188238465,47.59435502827782,-1.0332443724960854,1.5729919473046183,-2.6062363198007037,-4.186795058142234,319.52649841308596,348.422991694993,290.6300051311789,15.542142595563616,76.63852924433328,0.0,0.0,0.0,0.0,0.0
2025-07-07 04:00:00,293.94000244140625,296.1499938964844,288.7699890136719,291.3699951171875,131177900,320.94199829101564,319.9884979248047,318.1834002685547,314.8345999145508,314.77307198379924,319.1504419645457,315.1400122990449,40.40770839524817,-3.0578857328555955,0.6468164112725755,-3.704702144128171,-7.08392705223353,319.9884979248047,346.7576889851906,293.21930686441874,16.034286499023438,61.474676979561096,0.0,0.0,0.0,0.0,0.0
2025-07-08 04:00:00,297.80999755859375,304.04998779296875,294.3500061035156,297.0,103246700,315.85499877929686,320.1219970703125,318.94940002441405,315.18429992675783,311.6888766337619,317.1180186877884,314.46040387785075,42.10931016599926,-4.300577949055537,-0.3426624607930471,-3.95791548826249,-7.526778808623269,320.1219970703125,346.39138237176365,293.8526117688613,16.275000435965403,60.28675340663171,0.0,0.0,0.0,0.0,0.0
2025-07-09 04:00:00,295.8800048828125,300.1499938964844,293.54998779296875,297.54998779296875,75586800,311.3959991455078,319.4869979858398,319.1679998779297,315.52769996643065,308.81453631540745,315.09535070636207,313.7317607800061,41.47329667484568,-5.379147301137152,-1.3499594288618681,-4.029187872275284,-8.157436826596287,319.4869979858398,347.48803019120356,291.4859657804761,15.718571254185267,57.98872427764174,0.0,0.0,0.0,0.0,0.0
2025-07-10 04:00:00,309.8699951171875,310.4800109863281,300.0,300.04998779296875,104365300,309.6279998779297,318.6759979248047,319.6477996826172,315.8574499511719,309.0064379157311,314.59769779310733,313.58031898930733,47.64611569188931,-5.046868828360516,-2.0893413087615977,-2.9575275195989184,-11.130549034593184,318.6759979248047,346.8110380991089,290.54095775050047,15.770714896065849,56.81436541878831,0.0,0.0,0.0,0.0,0.0
2025-07-11 04:00:00,313.510009765625,314.0899963378906,305.6499938964844,307.8900146484375,79236400,308.4010009765625,318.0299987792969,320.07739990234376,316.23375,309.8252691611663,314.49410845715664,313.5775617648492,49.14891205147478,-4.438650977980842,-2.559203242605447,-1.8794477353753951,-7.918463112291008,318.0299987792969,346.00827609652544,290.0517214620683,15.332144601004464,57.01566817678734,0.0,0.0,0.0,0.0,0.0
2025-07-14 04:00:00,316.8999938964844,322.6000061035156,312.6700134277344,317.7300109863281,78043400,307.7279998779297,317.919499206543,320.77219970703123,316.5682499694824,311.11158274940595,314.7232404037593,313.70785322099175,50.57190999165485,-3.6411180194896247,-2.7755861979822827,-0.865531821507342,-3.251410255956355,317.919499206543,345.89727363635603,289.9417247767299,13.514286586216517,56.60992533684821,0.0,0.0,0.0,0.0,0.0
2025-07-15 04:00:00,310.7799987792969,321.20001220703125,310.5,319.67999267578125,77556300,307.0399993896484,317.1929992675781,321.37739990234377,316.8507999420166,311.0512947548406,314.3476935823819,313.5930353997488,47.9624908400845,-3.462980776236691,-2.9130651136331642,-0.5499156626035266,-4.604334230525275,317.1929992675781,345.1172852526967,289.2687132824595,13.148572649274554,56.53974060528558,0.0,0.0,0.0,0.0,0.0
2025-07-16 04:00:00,321.6700134277344,323.5,312.6199951171875,312.79998779296875,97284800,309.13600158691406,316.8199996948242,322.06660034179686,317.17405006408694,312.98197087718495,315.0450573771774,313.90977963614046,52.64484072160476,-2.4152312743684092,-2.8134983457802134,0.3982670714118042,-0.6056272365066562,316.8199996948242,344.2681566880989,289.37184270154955,12.442858014787946,57.862834799835674,0.0,0.0,0.0,0.0,0.0
2025-07-17 04:00:00,319.4100036621094,324.3399963378906,317.05999755859375,323.1499938964844,73922900,309.5120025634766,316.9729995727539,322.84960021972654,317.50000007629393,314.1507041108075,315.4607665471709,314.1254746959824,51.60701919997759,-1.7471065886882684,-2.600219994361825,0.8531134056735565,0.550903475358977,316.9729995727539,344.4442297997507,289.5017693457571,12.431429181780134,56.14572084892407,0.0,0.0,0.0,0.0,0.0
2025-07-18 04:00:00,329.6499938964844,330.8999938964844,321.4200134277344,321.6600036621094,94255000,310.94200134277344,317.3529998779297,323.93559997558594,317.84595008850096,316.9687567991123,316.81212153281984,314.7342793705119,55.85357028491538,-0.38687171267889653,-2.157550338025239,1.7706786253463425,9.62389121205156,317.3529998779297,345.32560941103196,289.3803903448274,12.406428745814733,56.92362306654045,0.0,0.0,0.0,0.0,0.0
2025-07-21 04:00:00,328.489990234375,338.0,326.8800048828125,334.3999938964844,75768800,314.3970001220703,317.669499206543,324.9809997558594,318.18025001525876,319.06352651461464,317.9242995043966,315.27371901223205,55.2619747593166,0.590712262290424,-1.6078978179621066,2.1986100802525304,4.067795528645379,317.669499206543,346.0119149998464,289.32708341323956,12.559286934988839,56.952997453654696,0.0,0.0,0.0,0.0,0.0
2025-07-22 04:00:00,332.1099853515625,335.4100036621094,321.54998779296875,329.739990234375,77370400,317.8269989013672,316.840998840332,325.92679931640623,318.55069999694825,321.4356099395143,319.2753172041267,315.93396475102935,56.79975220528303,1.6386684085829302,-0.9585845726530993,2.5972529812360294,5.314722981976194,316.840998840332,342.17576052011833,291.5062371605457,11.802858625139509,48.55072802846087,0.0,0.0,0.0,0.0,0.0
2025-07-23 04:00:00,332.55999755859375,336.20001220703125,328.6700134277344,330.8999938964844,92553800,321.4949981689453,316.44549865722655,326.6127990722656,318.9683999633789,323.458225870256,320.5405248569331,316.58596603760054,56.99763589614163,2.476940797166833,-0.27147949868911286,2.748420295855946,13.138734026133768,316.44549865722655,340.4385545334647,292.4524427809884,11.189287458147321,47.88397251584024,0.0,0.0,0.0,0.0,0.0
2025-07-24 04:00:00,305.29998779296875,310.1499938964844,300.4100036621094,310.0,156966000,321.0379974365234,315.33299865722654,326.35119873046875,319.2915998840332,320.1567280380219,319.0890451365555,316.14337865545815,43.88415703572459,0.9308919944159015,-0.031005200068109973,0.9618971944840116,2.5150231005597323,315.33299865722654,339.2212321725428,291.4447651419103,13.079286847795759,54.51213477232283,0.0,0.0,0.0,0.0,0.0
2025-07-25 04:00:00,316.05999755859375,323.6300048828125,308.010009765625,308.739990234375,148227000,321.2929962158203,314.8469985961914,325.9909985351562,319.6214998626709,319.41186795085315,318.80056441484487,316.14010880852226,48.88329655627871,0.5673400989837774,0.0886638597422675,0.47867623924150987,6.820329979301509,314.8469985961914,338.23048972249603,291.46350746988674,12.490001133510045,56.15324893718642,0.0,0.0,0.0,0.0,0.0
2025-07-28 04:00:00,325.5899963378906,330.489990234375,315.69000244140625,318.45001220703125,112673800,322.16199645996096,314.9449981689453,325.54919860839846,320.04529983520507,320.5351640212236,319.44717697894447,316.5106926332034,52.886604808192764,1.036268401492464,0.2781847680923068,0.758083633400157,5.073095642822101,314.9449981689453,338.49928080413986,291.3907155337507,12.825001307896205,57.16540782163151,0.0,0.0,0.0,0.0,0.0
2025-07-29 04:00:00,321.20001220703125,326.25,318.25,325.54998779296875,87358900,323.20399780273436,315.1219985961914,325.1167987060547,320.4287998962402,320.65604550955226,319.61411366733364,316.69458751845156,50.908710507218785,1.0416548798966119,0.4308787904531678,0.6107760894434441,2.452873019000301,315.1219985961914,338.81497982400526,291.4290173683776,12.925000871930804,56.96906148171909,0.0,0.0,0.0,0.0,0.0
2025-07-30 04:00:00,319.0400085449219,324.45001220703125,311.6199951171875,322.17999267578125,83931900,322.9409973144531,316.0384994506836,324.49799865722656,320.81874992370604,320.36222060689215,319.5594369890087,316.78656481360724,49.919466232801035,0.8616963599606606,0.5170423043546664,0.34465405560599427,0.6752965256088039,316.0384994506836,338.78327482873,293.29372407263725,12.798573085239955,53.337095453034586,0.0,0.0,0.0,0.0,0.0
2025-07-31 04:00:00,308.2699890136719,321.3699951171875,306.1000061035156,319.6099853515625,85270900,321.8269958496094,315.669499206543,323.8215985107422,321.16624984741213,318.16363304448845,318.48425146754806,316.45258144890386,45.202914791442076,-0.14826354117099072,0.383981135249535,-0.5322446764205258,-0.807648425086549,315.669499206543,338.6787350065671,292.6602634065189,13.286429268973214,51.962788075954,0.0,0.0,0.0,0.0,0.0
2025-08-01 04:00:00,302.6300048828125,309.30999755859375,297.82000732421875,306.2099914550781,89121400,319.1249969482422,315.0334991455078,322.99779846191404,321.5903998565674,315.3393370150928,316.97432322138275,315.91051962278266,42.91615012675666,-1.387766316984596,0.0296316448027088,-1.4173979617873047,-5.91911205587069,315.0334991455078,338.7715647001053,291.2954335909103,13.397857666015625,52.33896248534982,0.0,0.0,0.0,0.0,0.0
2025-08-04 04:00:00,309.260009765625,312.1199951171875,303.0,309.0799865722656,78683900,317.2019989013672,315.79949951171875,322.4905987548828,322.04089988708495,314.2340047879168,316.23962670178673,315.64971531465886,46.35196311473468,-1.8141824462211957,-0.3391311734020721,-1.4750512728191236,-3.1777319996594833,315.79949951171875,337.5795835456595,294.019415477778,13.311427525111608,46.63275052733294,0.0,0.0,0.0,0.0,0.0
2025-08-05 04:00:00,308.7200012207031,312.45001220703125,305.5,308.95001220703125,57961300,314.8630004882813,316.3449996948242,321.8441986083984,322.4866498565674,313.231458684787,315.52347189406447,315.37796182077824,46.108535938436326,-2.170672318053107,-0.7054394023322792,-1.465232915720828,-6.34915609382769,316.3449996948242,336.72978759391503,295.96021179573336,12.899285452706474,46.50016137414254,0.0,0.0,0.0,0.0,0.0
2025-08-06 04:00:00,319.9100036621094,320.4700012207031,306.92999267578125,307.8900146484375,78523600,313.59800109863284,317.54649963378904,321.4555987548828,322.9795498657227,314.4457395897547,315.94123682435446,315.55568895181085,51.76188137465284,-1.5325867258086987,-0.8708688670275632,-0.6617178587811355,-2.611947647520063,317.54649963378904,335.54552997373156,299.5474692938465,13.346429007393974,47.892915282287056,0.0,0.0,0.0,0.0,0.0
2025-08-07 04:00:00,322.2699890136719,322.3999938964844,316.1600036621094,319.7900085449219,66658700,315.2950012207031,318.16649932861327,320.6431982421875,323.4864498138428,315.8683303941032,316.54397512809896,315.8189948365897,52.88445180616763,-0.8269358009819143,-0.8620822538184335,0.03514645283651918,-2.9628727746545347,318.16649932861327,335.9045276442089,300.42847101301766,12.971429007393974,45.16565196395585,0.0,0.0,0.0,0.0,0.0
2025-08-08 04:00:00,329.6499938964844,335.1499938964844,320.9800109863281,321.42999267578125,91200300,316.6540008544922,318.97349853515624,320.0981982421875,324.031199798584,318.3740873945361,317.79216739175473,316.3613869565856,56.30859028684595,0.32406671824901423,-0.624852459404944,0.9489191776539583,-0.8750311773732422,318.97349853515624,337.2790434445749,300.6679536257376,13.189285278320312,45.64418428408496,0.0,0.0,0.0,0.0,0.0
2025-08-11 04:00:00,339.0299987792969,346.6400146484375,334.1499938964844,335.0,105320200,317.9980010986328,320.0799987792969,319.7101983642578,324.6320997619629,322.1297076463108,319.8148180000921,317.2503521261037,60.26160551309938,1.9704187485460238,-0.10579821781475046,2.076216966360774,11.048153401565553,320.0799987792969,340.4200994533581,299.7398981052357,13.412857055664062,46.47116548754233,0.0,0.0,0.0,0.0,0.0
2025-08-12 04:00:00,340.8399963378906,345.260009765625,332.94000244140625,345.0,80522100,319.9619995117188,321.58299865722654,319.59779846191407,325.2464497375488,325.53157831750707,321.81721593702525,318.1754362128404,60.99495803052261,3.3822280504780338,0.5918070358438063,2.7904210146342274,7.840283164813666,321.58299865722654,343.4171866214391,299.748810693014,13.755000523158483,45.66214026517229,0.0,0.0,0.0,0.0,0.0
2025-08-13 04:00:00,339.3800048828125,348.9800109863281,338.20001220703125,341.5,67838900,321.9959991455078,322.46849822998047,319.5315985107422,325.87509979248046,328.0494740566535,323.4898625032907,319.00698792538833,60.03257828408876,4.333335985199369,1.3401128257149189,2.99322315948445,4.235390736824396,322.46849822998047,345.70875164115887,299.22824481880207,12.228572300502233,44.348751910534006,0.0,0.0,0.0,0.0,0.0
2025-08-14 04:00:00,335.5799865722656,340.4700012207031,330.3999938964844,335.760009765625,75000700,324.7269989013672,323.2769973754883,319.35779846191406,326.25059967041017,329.4186581504011,324.64130289081214,319.6569094409522,57.49005285982028,4.725987909450851,2.017287842462105,2.7087000669887455,4.476953243689685,323.2769973754883,347.1847273238035,299.3692674271731,11.638571602957589,44.49905635593876,0.0,0.0,0.0,0.0,0.0
2025-08-15 04:00:00,330.55999755859375,339.29998779296875,327.0199890136719,337.6600036621094,74319800,327.51999816894534,323.32249755859374,319.32799865722654,326.5574496459961,329.62617440643606,325.2049880972676,320.08448152399694,54.2229471393782,4.5793088073098716,2.5296920354316583,2.0496167718782132,3.610828957224599,323.32249755859374,347.2846979244097,299.36029719277775,11.458572387695312,43.525433715743254,0.0,0.0,0.0,0.0,0.0
2025-08-18 04:00:00,335.1600036621094,336.2699890136719,329.5899963378906,329.6199951171875,56956600,330.10999755859376,323.65599822998047,320.33719848632813,326.9206996154785,330.6323251801948,326.1530848177287,320.6756784705896,56.653816766083686,4.779155481328246,2.9795847246109757,1.7995707567172703,8.722877868998435,323.65599822998047,348.10180332272813,299.2101931372328,11.364286150251116,43.75114781405168,0.0,0.0,0.0,0.0,0.0
2025-08-19 04:00:00,329.30999755859375,340.54998779296875,327.8500061035156,335.7900085449219,75956000,332.1689971923828,323.51599884033203,321.0205981445313,327.26964965820315,330.3919019762674,326.45374317400154,321.0142792191388,52.81288720230753,4.414600046944486,3.2665877890776778,1.148012257866808,8.81604343432918,323.51599884033203,347.7894124969015,299.24258518376257,11.354997907366071,44.08480052316617,0.0,0.0,0.0,0.0,0.0
2025-08-20 04:00:00,323.8999938964844,331.3699951171875,314.6000061035156,329.2200012207031,77481800,332.5679962158203,323.08299865722654,321.3269982910156,327.6013996887207,329.21155505267046,326.2105289570951,321.12744450060336,49.472499000647105,3.647103616225479,3.3426909545072383,0.3044126617182408,4.7338755961219725,323.08299865722654,346.9832173582509,299.1827799562022,11.462140764508929,44.46002383664135,0.0,0.0,0.0,0.0,0.0
2025-08-21 04:00:00,320.1099853515625,324.8999938964844,318.67999267578125,322.0799865722656,55744400,332.35199584960935,323.82349853515626,321.20739807128905,327.95269958496095,327.5567241979236,325.6295248041872,321.08754414181743,47.219278514717594,2.701889450497731,3.2145306537053373,-0.5126412032076062,3.6894221578849695,323.82349853515626,346.2778202977121,301.36917677260044,11.08571297781808,32.991335987832414,0.0,0.0,0.0,0.0,0.0
2025-08-22 04:00:00,340.010009765625,340.25,319.69000244140625,321.6600036621094,94016300,333.38799743652345,325.0209991455078,321.47899841308595,328.4078496551514,329.8209579375056,326.9990948005146,321.8296016172609,58.02846083006463,3.5180126135080627,3.2752270456658827,0.24278556784217997,6.283018934520523,325.0209991455078,348.2724155451167,301.7695827458989,11.876427786690849,37.59063307577411,0.0,0.0,0.0,0.0,0.0
2025-08-25 04:00:00,346.6000061035156,349.5299987792969,335.0299987792969,338.8999938964844,86670000,334.14499816894534,326.0714996337891,322.028798828125,328.9266497039795,332.8716939676892,328.8658482579433,322.8009900284866,60.88522630636553,4.6430317497893725,3.5487879864905807,1.0942437632987918,7.549575796464114,326.0714996337891,351.2497838852051,300.89321538237306,12.415712629045759,36.77945853445949,0.0,0.0,0.0,0.0,0.0
2025-08-26 04:00:00,351.6700134277344,351.8999938964844,343.7200012207031,344.92999267578125,76651600,335.2279998779297,327.5949996948242,322.5559991455078,329.42779975891114,336.28957023315195,331.0376735122091,323.933108593163,62.97328623301461,5.8759899849926,4.014228386190984,1.8617615988016158,6.679817970257473,327.5949996948242,355.11102358045554,300.07897580919285,12.032854352678571,36.42156408951898,0.0,0.0,0.0,0.0,0.0
2025-08-27 04:00:00,349.6000061035156,355.3900146484375,349.1600036621094,351.94000244140625,65519000,336.25,329.1229995727539,322.96539916992185,329.7331497955322,338.709649482309,332.80551471138114,324.939653593569,61.52907570493792,6.609891266083139,4.533360962169415,2.0765303039137235,3.1177203676007625,329.1229995727539,357.9991843356418,300.24681480986595,12.032141549246651,36.38760645853991,0.0,0.0,0.0,0.0,0.0
2025-08-28 04:00:00,345.9800109863281,353.54998779296875,340.260009765625,350.9100036621094,67903200,337.2900024414063,331.00850067138674,323.5579992675781,329.9784998321533,340.0315333921306,334.06022864232847,325.764765648187,58.98159193719439,6.820784211821945,4.990845612099921,1.8299385997220234,1.508043276512061,331.00850067138674,359.0645356437074,302.95246569906607,11.969284057617188,33.96345623378921,0.0,0.0,0.0,0.0,0.0
2025-08-29 04:00:00,333.8699951171875,348.75,331.70001220703125,347.2300109863281,81145700,337.6210021972656,332.5705001831055,323.7943994140625,330.0417498016357,338.91125370577726,334.0421111637436,326.0826177842263,51.32582990596991,5.942242841152279,5.181125057910393,0.7611177832418861,-1.6235516784577797,332.5705001831055,357.2493745709719,307.89162579523907,11.973567417689733,36.00492513984188,0.0,0.0,0.0,0.0,0.0
2025-09-02 04:00:00,329.3599853515625,333.3299865722656,325.6000061035156,328.2300109863281,58392000,337.04100036621094,333.5754989624023,323.9383990478516,329.9385497283936,337.1746594595563,333.5961944197263,326.2111420025532,48.7861113534186,4.826436226519036,5.110187291632122,-0.2837510651130861,-1.8535077983155235,333.5754989624023,355.76938378184974,311.3816141429549,11.684280395507812,36.015353515514974,0.0,0.0,0.0,0.0,0.0
2025-09-03 04:00:00,334.0899963378906,343.3299865722656,328.510009765625,335.20001220703125,88733300,337.5190002441406,334.84399871826173,323.64659912109374,329.9665497589111,336.61381161925345,333.6432231738372,326.5201166823703,51.49685744028201,4.274549456396471,4.943059724584992,-0.6685102681885207,1.0678844401525556,334.84399871826173,353.7063119826535,315.98168545386994,11.972850254603795,36.16396270600002,0.0,0.0,0.0,0.0,0.0
2025-09-04 04:00:00,338.5299987792969,338.8900146484375,331.4800109863281,336.1499938964844,60711000,338.98200073242185,335.7749984741211,323.6077990722656,330.0079998016357,336.96220928471587,334.1086303743572,326.99109245087726,53.9602831705459,4.147634951410907,4.783974769950175,-0.6363398185392679,1.0054884474177683,335.7749984741211,353.32621537722355,318.22378157101866,11.782849993024554,34.33781013346457,0.0,0.0,0.0,0.0,0.0
2025-09-05 04:00:00,350.8399963378906,355.8699951171875,344.67999267578125,348.0,108989800,342.0550018310547,337.20349884033203,324.07359924316404,330.2062998199463,339.485443294384,335.7020937994556,327.92634358370134,60.02266002968993,4.982928122248381,4.823765440409817,0.15916268183856452,6.537912282929126,337.20349884033203,354.7772315378439,319.6297661428202,12.144278390066964,36.30709167497902,0.0,0.0,0.0,0.0,0.0
2025-09-08 04:00:00,346.3999938964844,358.44000244140625,344.8399963378906,354.6400146484375,75208300,342.6940002441406,338.040998840332,324.48599914550783,330.3346997833252,340.7426343129477,336.7209414277441,328.65080045871247,57.10206062311576,5.226386359091521,4.904289624146158,0.3220967349453625,6.946588584126623,338.040998840332,355.69536072132,320.386636959344,12.638565063476562,36.1104279920533,0.0,0.0,0.0,0.0,0.0
2025-09-09 04:00:00,346.9700012207031,350.7699890136719,343.82000732421875,348.44000244140625,53816000,342.7309997558594,338.43799896240233,324.95279907226563,330.37584983825684,341.8748828416305,337.69704236040684,329.36920048859446,57.388718093824004,5.403040703175918,5.00403983995211,0.399000863223808,8.390870981310217,338.43799896240233,356.5374908102219,320.33850711458274,12.227850777762276,34.807149461039934,0.0,0.0,0.0,0.0,0.0
2025-09-10 04:00:00,347.7900085449219,356.3299865722656,346.07000732421875,350.54998779296875,72121700,342.34299926757814,338.7854995727539,325.5553991699219,330.38479988098146,342.9503602422289,338.65827723512257,330.09158511825433,57.82533490632044,5.545285680066627,5.112289007975013,0.43299667209161363,2.2881675703193993,338.7854995727539,357.3403144270397,320.2306847184681,11.762850080217634,34.77831212267191,0.0,0.0,0.0,0.0,0.0
2025-09-11 04:00:00,368.80999755859375,368.989990234375,347.6000061035156,350.1700134277344,103756000,344.2639984130859,340.25699920654296,326.9173992919922,330.51869987487794,347.652112481568,341.5298696468817,331.6099542335618,67.12456176307657,7.270345276384262,5.543900261656864,1.726445014727398,6.407960491623554,340.25699920654296,363.16710408860257,317.34689432448334,12.846420288085938,40.529127986438354,0.0,0.0,0.0,0.0,0.0
2025-09-12 04:00:00,395.94000244140625,396.69000244140625,370.239990234375,370.94000244140625,168156400,349.25999755859374,343.275,328.5231994628906,330.80019981384277,356.4317288379022,346.71178705588403,334.1327012221047,74.83656490095248,10.703251671257703,6.575770543577033,4.127481127680671,12.588502665374124,343.275,376.95992440682625,309.5900755931737,13.369277954101562,46.85649792406055,0.0,0.0,0.0,0.0,0.0
2025-09-15 04:00:00,410.0400085449219,425.70001220703125,402.42999267578125,423.1300048828125,163823700,356.8769989013672,347.2490005493164,330.41699951171876,331.0875998687744,366.17868878463304,352.74304624531624,337.10945837201905,77.75697361675535,14.395663132236564,8.13974906130894,6.2559140709276235,17.288329915964052,347.2490005493164,391.66271014442566,302.83529095420715,14.459278651646205,46.907095675002026,0.0,0.0,0.0,0.0,0.0
2025-09-16 04:00:00,421.6199951171875,423.25,411.42999267578125,414.5,104285700,366.1029998779297,351.57200012207034,332.97059936523436,331.5027498626709,376.25892629964295,359.30275566168496,340.423597067908,79.82761286499571,18.048284566036216,10.121456162254397,7.926828403781819,21.862530125721168,351.57200012207034,406.5952068646969,296.5487933794438,14.818564278738839,47.28967051732892,0.0,0.0,0.0,0.0,0.0
2025-09-17 04:00:00,425.8599853515625,428.30999755859375,409.6700134277344,415.75,106133500,375.2799987792969,356.3994995117188,335.53159912109373,331.94089973449707,385.2773006727192,365.64153944167333,343.77404366726705,80.54186771833362,21.042579388239176,12.305680807451353,8.736898580787823,27.552637727174844,356.3994995117188,419.541596679979,293.2574023434585,15.704990931919642,46.01164862809404,0.0,0.0,0.0,0.0,0.0
2025-09-18 04:00:00,416.8500061035156,432.2200012207031,416.55999755859375,428.8699951171875,90454500,383.11199951171875,361.0470001220703,337.9509991455078,332.3606996917725,391.0177925692276,370.5185362666107,346.6397676843749,74.50482919716677,22.429990612192285,14.330542768399539,8.099447843792746,26.563646053896093,361.0470001220703,427.702361510783,294.3916387333576,15.874278477260045,46.44583984535945,0.0,0.0,0.0,0.0,0.0
2025-09-19 04:00:00,426.07000732421875,429.4700012207031,421.7200012207031,421.82000732421875,93131000,390.63500061035154,366.3450012207031,340.2749993896484,332.765249710083,397.3909225246805,375.80915255781144,349.75467904280015,76.45011291181761,23.996879952129802,16.263810205145592,7.73306974698421,27.531507077303118,366.3450012207031,436.07338807517414,296.6166143662321,15.557850428989955,45.5950342793689,0.0,0.0,0.0,0.0,0.0
2025-09-22 04:00:00,434.2099914550781,444.9800109863281,429.1300048828125,431.1099853515625,97108800,399.41600036621094,371.0550003051758,342.6889990234375,333.15084968566896,404.08529869384364,381.371137214694,353.06665207857577,78.04296682324333,25.600374551384334,18.13112307439334,7.469251476990994,28.263371937728742,371.0550003051758,445.8363249937711,296.2736756165805,16.31785147530692,42.08691624716703,0.0,0.0,0.0,0.0,0.0
2025-09-23 04:00:00,425.8500061035156,440.9700012207031,423.7200012207031,439.8800048828125,83422700,407.3040008544922,375.01750030517576,344.8679992675781,333.52299964904785,408.04251822287483,385.60721996601035,355.92090125602437,72.61101084701296,25.898038160346516,19.684506091583977,6.2135320687625395,21.38011929899337,375.01750030517576,452.6856049480757,297.3493956622758,16.491424560546875,43.47631562500503,0.0,0.0,0.0,0.0,0.0
2025-09-24 04:00:00,442.7900085449219,444.2099914550781,429.0299987792969,429.8299865722656,93133600,416.8040008544922,379.57350006103513,347.5081994628906,333.94729972839355,414.3602437359743,391.0531998306686,359.32753291441253,76.22246377170413,27.187455277675838,21.18509592880235,6.002359348873487,27.826217190189094,379.57350006103513,462.01831902755237,297.1286810945179,17.273566109793528,44.6778914015717,0.0,0.0,0.0,0.0,0.0
2025-09-25 04:00:00,423.3900146484375,435.3500061035156,419.0799865722656,435.239990234375,96746400,422.2620025634766,383.26300048828125,349.5425994873047,334.2167998504639,416.002020265513,394.13289647997993,361.83978710006056,65.56084171942501,26.34027595304127,22.216131933650136,4.124144019391135,22.024962722677756,383.26300048828125,466.6589263903075,299.867074586255,17.728567940848215,48.547504014281806,0.0,0.0,0.0,0.0,0.0
2025-09-26 04:00:00,440.3999938964844,440.4700012207031,421.0199890136719,428.29998779296875,101628200,426.7080017089844,387.98399963378904,351.9623992919922,334.4726998138428,420.4380154711441,398.53928671012324,364.92057952344976,69.57878441184987,26.733278804490453,23.119561307818202,3.613717496672251,26.62813280318852,387.98399963378904,473.1643534619809,302.80364580559717,18.14642551967076,49.0402851259806,0.0,0.0,0.0,0.0,0.0
2025-09-29 04:00:00,443.2099914550781,450.9800109863281,439.5,444.3500061035156,79491500,430.025,393.4509994506836,354.23359924316406,334.73979972839356,424.57837474095027,402.79363954297605,367.9907525403764,70.19736001666504,26.960693620932545,23.887787770441072,3.0729058504914732,20.172987280439504,393.4509994506836,478.0408621875757,308.86113671379144,18.469999040876115,45.807632737136544,0.0,0.0,0.0,0.0,0.0
2025-09-30 04:00:00,444.7200012207031,445.0,433.1199951171875,441.5199890136719,74358000,432.3350006103516,399.2190002441406,356.5581994628906,334.9584497833252,428.24048864635984,406.7866263694263,370.99974268470294,70.54397620599775,26.952079870150044,24.500646190382867,2.4514336797671774,12.320048107924041,399.2190002441406,481.09672545994334,317.34127502833786,18.58571515764509,44.8109570756926,0.0,0.0,0.0,0.0,0.0
2025-10-01 04:00:00,459.4599914550781,462.2900085449219,440.75,443.79998779296875,98122300,435.69500122070315,405.4875,359.1051995849609,335.1318997955322,433.9167618843086,411.8031373299646,374.46877204824705,73.7530195149294,27.814024672476876,25.16332188680167,2.6507027856752075,12.052478265603694,405.4875,485.5468556772469,325.4281443227531,18.596431187220983,45.2415435396323,0.0,0.0,0.0,0.0,0.0
2025-10-02 04:00:00,436.0,470.75,435.57000732421875,470.5400085449219,137009000,437.61000061035156,410.36100006103516,361.17399963378904,335.22139976501467,434.29553245079796,414.1076004413965,376.8817613796884,62.14804333382413,26.30091629984946,25.390840769411227,0.9100755304382346,3.410655341148039,410.36100006103516,484.93743584698717,335.78456427508314,19.11785888671875,51.208622435657446,0.0,0.0,0.0,0.0,0.0
2025-10-03 04:00:00,429.8299865722656,446.7699890136719,416.5799865722656,443.2900085449219,133188200,437.9859985351562,414.3104995727539,363.664599609375,335.18939964294435,433.48361501833756,415.6049705490983,378.9581623676326,59.49649953200538,24.323512186890753,25.17737505290713,-0.8538628660163781,0.9322315684169746,414.3104995727539,483.8081455802186,344.8128535652892,19.148572649274552,51.32021782278077,0.0,0.0,0.0,0.0,0.0
2025-10-06 04:00:00,453.25,453.54998779296875,436.69000244140625,440.75,85324900,439.88999938964844,419.6529998779297,366.4083996582031,335.140549697876,437.07750319682157,419.19021144918423,381.87156776498034,65.51144929476976,24.36533610758977,25.01496726384366,-0.6496311562538892,8.732156258490065,419.6529998779297,483.35582147097915,355.9501782848802,19.899287632533483,52.78133514979817,0.0,0.0,0.0,0.0,0.0
2025-10-07 04:00:00,433.0899963378906,452.67999267578125,432.45001220703125,447.82000732421875,102296100,440.61399841308594,423.95899963378906,368.55839965820314,334.90669975280764,436.3525019497432,420.5140004862039,383.880133591369,57.58406493428486,22.512231068338565,24.51442002474264,-2.0021889564040762,1.6476139819740832,423.95899963378906,477.86464219941115,370.053357068167,20.053573608398438,56.61931088444765,0.0,0.0,0.0,0.0,0.0
2025-10-08 04:00:00,438.69000244140625,441.3299865722656,425.2300109863281,437.57000732421875,71192100,440.20399780273436,428.5039993286133,370.90819946289065,334.89949974060056,436.7775020391365,422.2450482914612,386.0295402129391,59.06583633035267,21.250542637657645,23.861644547325646,-2.611101909668001,1.0317613768663358,428.5039993286133,469.03932173593967,387.96867692128694,20.08500017438616,56.51115699658622,0.0,0.0,0.0,0.0,0.0
2025-10-09 04:00:00,435.5400085449219,436.3500061035156,426.17999267578125,431.80999755859375,69339900,441.4189971923828,431.8404998779297,373.23819946289063,334.89634971618653,436.5525032220065,423.51123498226696,387.97112720635016,57.84178468718642,19.76858731546548,23.043033100953615,-3.2744457854881333,2.2754496424853388,431.8404998779297,461.10614556388043,402.57485419197894,20.077144077845983,53.904918161885995,0.0,0.0,0.0,0.0,0.0
2025-10-10 04:00:00,413.489990234375,443.1300048828125,411.45001220703125,436.5400085449219,112107900,438.7279968261719,432.71799926757814,375.3425994873047,334.85849967956545,432.3593190424371,422.55683072056297,388.9718669329394,50.0264591310272,16.623252342360047,21.759076949234903,-5.135824606874856,-6.617136282462965,432.71799926757814,458.26781013158444,407.16818840357183,20.989286150251115,52.1415332953509,0.0,0.0,0.0,0.0,0.0
2025-10-13 04:00:00,435.8999938964844,436.8900146484375,419.70001220703125,423.5299987792969,79552800,437.9969970703125,434.01099853515626,378.0079992675781,334.8849996185303,433.0030781068093,423.8276081658888,390.81218563739213,56.46466599084576,15.757212386706499,20.558704036729225,-4.801491650022726,2.954717592580569,434.01099853515626,457.2405751976704,410.7814218726421,21.428573608398438,54.07948861686591,0.0,0.0,0.0,0.0,0.0
2025-10-14 04:00:00,429.239990234375,434.20001220703125,417.8599853515625,426.7900085449219,72669400,436.44899597167966,434.3919982910156,380.4075988769531,334.71979957580567,432.31888031182126,424.3430731247923,392.3191583666856,54.228670195146925,14.3678393385851,19.320531097100403,-4.952691758515304,-2.5340608121653396,434.3919982910156,457.00771332022265,411.7762832618086,21.405718122209823,53.65578852798551,0.0,0.0,0.0,0.0,0.0
2025-10-15 04:00:00,435.1499938964844,440.510009765625,426.3299865722656,434.8999938964844,71558200,434.0179962158203,434.8564987182617,382.93619873046873,334.624899520874,432.8336282363054,425.3723036744773,393.99879897569735,55.89766049551403,13.587016423916566,18.173828162463636,-4.58681173854707,-1.818550509687844,434.8564987182617,457.11313245172647,412.59986498479697,20.725003923688615,53.75095612157506,0.0,0.0,0.0,0.0,0.0
2025-10-16 04:00:00,428.75,439.3500061035156,421.30999755859375,434.7300109863281,77189900,433.2929962158203,435.4514984130859,385.11299865722657,334.61034950256345,432.0911503751589,425.6939890388128,395.3615911727288,53.61761119959029,12.309881961434883,17.001038922257887,-4.691156960823005,-3.5910238300205455,435.4514984130859,456.2711467594565,414.63185006671534,20.62428937639509,53.436229259551915,0.0,0.0,0.0,0.0,0.0
2025-10-17 04:00:00,439.30999755859375,441.4599914550781,423.6000061035156,425.5,89331600,434.2409973144531,436.1134979248047,387.453798828125,334.7198494720459,433.4036680448743,426.9907517549824,397.0850580898216,56.752220115317556,12.011387450359166,16.00310862787814,-3.9917211775189756,-4.385581828935903,436.1134979248047,456.51491748610044,415.7120783635089,21.080001831054688,53.56923846286744,0.0,0.0,0.0,0.0,0.0
2025-10-20 04:00:00,447.42999267578125,449.79998779296875,440.6099853515625,443.8699951171875,63719000,433.65899658203125,436.77449798583984,389.80939880371096,334.93779945373535,435.95390888685733,428.9373461283918,399.0593692500553,59.044257464762886,12.28839121940183,15.26016514618288,-2.971773926781049,2.6215579531608357,436.77449798583984,457.7644024037959,415.7845935678838,20.98071507045201,53.54348689930492,0.0,0.0,0.0,0.0,0.0
2025-10-21 04:00:00,442.6000061035156,449.29998779296875,442.04998779296875,445.760009765625,54412200,434.60999755859376,437.6119979858398,391.8807989501953,335.25439949035643,437.16229019897696,430.2385518403084,400.766845205093,57.10555540883134,11.980080243862517,14.604148165718808,-2.624067921856291,2.970946637084615,437.6119979858398,458.09716752484286,417.1268284468368,19.96000017438616,53.180260972973336,0.0,0.0,0.0,0.0,0.0
2025-10-22 04:00:00,438.9700012207031,445.5400085449219,429.0,443.45001220703125,84023500,434.63799743652345,437.4209976196289,393.84339904785156,335.39704948425293,437.4909649301999,431.070118447965,402.2650081860973,55.627240717578864,11.312427890678748,13.945804110710796,-2.633376220032048,-3.1505788812568936,437.4209976196289,457.77369338875906,417.06830185049876,18.628572736467635,51.412912703056115,0.0,0.0,0.0,0.0,0.0
2025-10-23 04:00:00,448.9800109863281,449.3999938964844,413.8999938964844,420.0,126709800,435.98199768066405,438.70049743652345,396.0353991699219,335.58669960021973,439.57988239495046,432.7758224992377,404.096969080224,58.79498817813828,11.458941180562647,13.448431524681167,-1.9894903441185203,3.668986765522142,438.70049743652345,458.550476783357,418.8505180896899,19.007858276367188,49.26530770381604,0.0,0.0,0.0,0.0,0.0
2025-10-24 04:00:00,433.7200012207031,451.67999267578125,430.1700134277344,446.8299865722656,94727800,438.0049987792969,438.3664978027344,397.9981994628906,335.7834996795654,438.51444945417825,432.86574428223435,405.2586566151448,52.626946728243084,10.22582185451796,12.803909590648527,-2.5780877361305663,-1.132918733739996,438.3664978027344,458.32059733964326,418.4123982658255,18.849999564034597,48.954549446934735,0.0,0.0,0.0,0.0,0.0
2025-10-27 04:00:00,452.4200134277344,460.1600036621094,438.69000244140625,439.9800109863281,105867500,439.65700073242186,438.8269989013672,400.4353997802734,336.07089973449706,441.0427338130066,434.72805562942483,407.10812158818754,58.38794682861328,10.634908007556476,12.370109274030117,-1.7352012664736414,3.8756496651607852,438.8269989013672,459.65759161086214,417.9964061918722,19.252857753208705,51.30099363900196,0.0,0.0,0.0,0.0,0.0
2025-10-28 04:00:00,460.54998779296875,467.0,451.6000061035156,454.7799987792969,80185700,442.7880004882812,439.61849822998045,402.9431994628906,336.39994972229005,444.5895072639088,437.18728726404805,409.20388104719854,60.62959943114064,11.482766532576193,12.192640725739334,-0.7098741931631416,11.381169718744367,439.61849822998045,462.4944608443753,416.7425356155856,19.20285906110491,51.631237263508126,0.0,0.0,0.0,0.0,0.0
2025-10-29 04:00:00,461.510009765625,465.70001220703125,452.6499938964844,462.5,67983500,445.4240020751953,439.7209991455078,405.58719970703123,336.6909497833252,447.66596226422075,439.50373702610295,411.2551017812545,60.89747349346532,12.092768365865368,12.172666253764541,-0.07989788789917363,5.875204456924665,439.7209991455078,462.98635267908975,416.45564561192583,19.241431100027903,50.32716427571353,0.0,0.0,0.0,0.0,0.0
2025-10-30 04:00:00,440.1000061035156,455.05999755859375,439.6099853515625,451.04998779296875,72447900,446.5590026855469,439.9259994506836,407.91119995117185,336.909649887085,446.29033387136525,439.56052455728513,412.3862744997745,52.343907304685175,10.724960183962196,11.883125039804073,-1.1581648558418767,2.5300568717306238,439.9259994506836,463.12546185635625,416.72653704501096,18.542861938476562,49.71386404492831,0.0,0.0,0.0,0.0,0.0
2025-10-31 04:00:00,456.55999755859375,458.0,443.69000244140625,446.75,83135800,448.28400268554685,441.2625,410.6402001953125,337.0513498687744,448.15754545086133,441.1795219859812,414.1185773648263,57.30853361911918,10.844141579925065,11.675328347828271,-0.8311867679032066,4.920143390189846,441.2625,465.08445916742795,417.440540832572,18.15000261579241,50.99061896345985,0.0,0.0,0.0,0.0,0.0
2025-11-03 05:00:00,468.3699951171875,474.07000732421875,453.79998779296875,455.989990234375,84595200,450.3780029296875,442.01849975585935,413.20739990234375,337.32409980773923,451.83253629928424,443.7690908556199,416.2460839433503,60.4890015667458,11.756045423830244,11.691471763028666,0.06457366080157811,9.240815187682205,442.01849975585935,468.2773035162046,415.7596959955141,18.309289114815847,48.12750054101657,0.0,0.0,0.0,0.0,0.0
2025-11-04 05:00:00,444.260009765625,460.2200012207031,443.6000061035156,454.4599914550781,87756600,450.54400329589845,442.5770004272461,415.1605999755859,337.4128998565674,450.45571329316437,443.81584503752515,417.344669269714,51.975967773810005,10.413224299997864,11.435822270422506,-1.0225979704246413,1.126769760428914,442.5770004272461,468.50934322733366,416.64465762715855,19.06571524483817,49.0800249246821,0.0,0.0,0.0,0.0,0.0
2025-11-05 05:00:00,462.07000732421875,466.3299865722656,440.7099914550781,452.04998779296875,85573000,452.85400390625,443.7460006713867,417.3685998535156,337.6028998565674,452.5674031169924,445.5543366838769,419.0986040953809,56.81133355144339,10.663227791128179,11.281303374563642,-0.6180755834354628,3.2720235317452273,443.7460006713867,471.01405696966344,416.47794437310995,19.607142857142858,50.81805284826487,0.0,0.0,0.0,0.0,0.0
2025-11-06 05:00:00,445.9100036621094,467.45001220703125,435.0899963378906,461.9599914550781,109622900,452.5470031738281,444.2645004272461,419.2947998046875,337.7568999481201,451.3569668524682,445.58820972942283,420.15003152937027,51.7225613262073,9.448464105536345,10.914735520758184,-1.4662714152218381,0.74785303048992,444.2645004272461,471.26865414316325,417.26034671132896,20.642859322684153,52.49289990175077,0.0,0.0,0.0,0.0,0.0
2025-11-07 05:00:00,429.5199890136719,439.3599853515625,421.8800048828125,437.9200134277344,103471500,452.127001953125,445.0660003662109,420.96559936523437,337.8425998687744,447.38660724541427,444.0579029945894,420.5174808424801,47.11317633170186,7.081585814607138,10.148105579527975,-3.0665197649208373,-2.1527694787234486,445.0660003662109,469.0014293202107,421.1305714122111,21.610002790178573,50.86475241797332,0.0,0.0,0.0,0.0,0.0
2025-11-10 05:00:00,445.2300109863281,449.6700134277344,433.3599853515625,439.6000061035156,76515900,451.4080017089844,445.5325012207031,423.1927996826172,338.0358499908447,446.99449883467133,444.1695323271359,421.4865996716506,51.56844132838798,6.399713284608367,9.398427120544053,-2.9987138359356855,-0.8352264929928466,445.5325012207031,469.0762180948725,421.98878434653375,22.53143310546875,48.82821070189164,0.0,0.0,0.0,0.0,0.0
2025-11-11 05:00:00,439.6199951171875,442.489990234375,432.3599853515625,439.3999938964844,60533200,449.31500244140625,446.05150146484374,425.3979998779297,338.24819999694824,445.653679976947,443.7362430690456,422.19771321853443,49.950228945897166,5.345028830978606,8.587747462630963,-3.242718631652357,1.3603232223275086,446.05150146484374,468.5158871233108,423.5871158063767,22.269291469029017,48.71518223121492,0.0,0.0,0.0,0.0,0.0
2025-11-12 05:00:00,430.6000061035156,442.3299865722656,426.55999755859375,442.1499938964844,58513500,446.2240020751953,445.8240020751953,427.3282000732422,338.41075004577635,442.9166483635958,442.4851728818523,422.52721490029836,47.376059940451064,3.738253809739547,7.61784873205268,-3.8795949223131334,-4.822953599886248,445.8240020751953,468.8386504151271,422.8093537352635,20.86000497000558,49.10218943657461,0.0,0.0,0.0,0.0,0.0
2025-11-13 05:00:00,401.989990234375,424.5,396.3399963378906,423.1300048828125,118948000,442.4130004882812,444.4860015869141,428.59739990234374,338.47519996643064,435.47543779464655,438.62848882018784,421.7218335408504,40.2846034849296,0.1545028398944055,6.125179553621026,-5.97067671372662,-12.715231594994258,444.4860015869141,473.9015213809044,415.0704817929238,21.770721435546875,54.306028066572196,0.0,0.0,0.0,0.0,0.0
2025-11-14 05:00:00,404.3500061035156,412.19000244140625,382.7799987792969,386.29998779296875,105506700,437.19200134277344,442.73800201416014,429.66760009765625,338.49555000305173,429.8162683962591,435.3638714186,421.04058540605297,41.06822710031714,-2.466776600934793,4.406788322709862,-6.873564923644655,-12.385430966305089,442.73800201416014,477.17495550794047,408.3010485203798,21.982864379882812,53.45753439092594,0.0,0.0,0.0,0.0,0.0
2025-11-17 05:00:00,408.9200134277344,423.9599914550781,398.739990234375,398.739990234375,102214300,431.24700317382815,440.8125030517578,430.9180004882812,338.51715003967286,426.0169493110727,432.8454087528033,420.56526885788367,42.637983496805774,-4.127815161465151,2.6998676258748597,-6.82768278734001,-7.084751702649927,440.8125030517578,478.3148778222043,403.3101282813113,22.684293474469865,53.1239035655212,0.0,0.0,0.0,0.0,0.0
2025-11-18 05:00:00,401.25,408.8999938964844,393.7099914550781,405.3800048828125,80688600,426.9460021972656,438.74500274658203,432.0036004638672,338.60500007629395,421.51386761815036,429.8363222049173,419.8078073340451,40.679489862001304,-5.994010943449666,0.9610919120099546,-6.955102855459621,-12.114508028377013,438.74500274658203,480.18497548860114,397.3050300045629,22.838579450334823,53.334660766967225,0.0,0.0,0.0,0.0,0.0
2025-11-19 05:00:00,403.989990234375,411.7799987792969,398.5,406.17999267578125,72047700,421.13800048828125,436.9960021972656,433.1276000976562,338.66390007019044,418.3277080938276,427.37476677915134,419.18750078111685,41.709545125573406,-7.1692476092885045,-0.6649759922497372,-6.504271617038767,-13.74554423937948,436.9960021972656,481.25295307818544,392.7390513163458,22.222863333565847,53.45745225580322,0.0,0.0,0.0,0.0,0.0
2025-11-20 05:00:00,395.2300109863281,428.94000244140625,394.739990234375,414.6300048828125,113548800,416.07000122070315,434.3085021972656,433.65600036621095,338.7492000579834,414.1281268015549,424.3133614655491,418.24799137739967,39.35659913960003,-8.707118012746776,-2.273404396349145,-6.433713616397631,-11.036329559611557,434.3085021972656,481.9033880597249,386.7136163348064,23.387150355747767,52.87237674881236,0.0,0.0,0.0,0.0,0.0
2025-11-21 05:00:00,391.0899963378906,402.79998779296875,383.760009765625,402.32000732421875,100460600,412.227001953125,432.177001953125,433.55900024414063,338.83305000305177,409.93937580816134,421.14923145339117,417.1829719640856,38.25814016409751,-10.143033394673523,-3.8473301960140205,-6.295703198659503,-15.361311026734503,432.177001953125,483.5511190503958,380.8028848558542,23.299290248325892,51.86024642924906,0.0,0.0,0.0,0.0,0.0
2025-11-24 05:00:00,417.7799987792969,421.7200012207031,401.0899963378906,402.1700134277344,96806400,409.48200073242185,430.44500122070315,433.71380004882815,339.1138500213623,411.36494362109505,420.82835215109645,417.2063847803684,48.280152505009475,-9.023331195504795,-4.882530395912175,-4.14080079959262,-6.3084489362853935,430.44500122070315,481.2784179480226,379.6115844933837,23.717862810407365,55.56481288636539,0.0,0.0,0.0,0.0,0.0
2025-11-25 05:00:00,419.3999938964844,420.4800109863281,405.95001220703125,414.4200134277344,71915600,407.4600006103516,428.3875015258789,433.6694000244141,339.4571999359131,412.82586185298396,420.6923180316096,417.2924086672749,48.823150898219346,-7.914011272898904,-5.488826571309521,-2.425184701589383,-2.356117381271716,428.3875015258789,477.38844262793697,379.38656042382087,22.92572021484375,55.06919921683745,0.0,0.0,0.0,0.0,0.0
2025-11-26 05:00:00,426.5799865722656,426.94000244140625,416.8900146484375,423.95001220703125,63463000,407.05799865722656,426.64100036621096,433.6838000488281,339.94759986877443,415.32661180194424,421.2530483688149,417.6566274086471,51.26531290147304,-6.381934866260508,-5.667448230299718,-0.7144866359607898,-4.1888515944256905,426.64100036621096,473.09493752735796,380.18706320506396,21.332146780831472,55.54954113589374,0.0,0.0,0.0,0.0,0.0
2025-11-28 05:00:00,430.1700134277344,432.92999267578125,426.20001220703125,426.5899963378906,36252900,409.8760009765625,426.1445007324219,433.9502001953125,340.41589988708495,418.02541209754247,422.10228313633104,418.1473484290035,52.48620977607233,-4.822477592061773,-5.498454102652129,0.6759765105903561,-2.149579590194506,426.1445007324219,472.20333765683404,380.0856638080097,20.096431187220983,53.2767351313568,0.0,0.0,0.0,0.0,0.0
2025-12-01 05:00:00,430.1400146484375,433.6600036621094,425.2900085449219,425.32000732421875,57463600,412.4550018310547,424.82350158691406,434.0316003417969,340.7868999481201,420.22806710679606,422.8677813755793,418.6176490650597,52.474379941151405,-3.548116637780936,-5.108386609677891,1.5602699718969548,-0.10682569636739636,424.82350158691406,468.6717784872538,380.97522468657434,19.255000523158483,51.3572499601158,0.0,0.0,0.0,0.0,0.0
2025-12-02 05:00:00,429.239990234375,436.79998779296875,422.1199951171875,430.80999755859375,69336600,414.48699951171875,422.86700134277345,433.9322003173828,341.15389991760253,421.86659858453766,423.4746584097503,419.0342114638564,52.09500820334823,-2.581048132411752,-4.602918914224663,2.021870781812911,6.778775756110811,422.86700134277345,461.7442426840075,383.9897600015394,19.384283883231028,50.2577258704507,0.0,0.0,0.0,0.0,0.0
2025-12-03 05:00:00,446.739990234375,447.9200134277344,431.1099853515625,432.1000061035156,87483000,419.03599853515624,422.9910003662109,434.35,341.6170499420166,426.38903342996264,425.6904042978098,420.12071259211206,58.39363498057015,-0.3979483275508642,-3.761924796889903,3.363976469339039,10.483487941386937,422.9910003662109,462.1701859573509,383.81181477507096,19.59214346749442,49.32806294233454,0.0,0.0,0.0,0.0,0.0
2025-12-04 05:00:00,454.5299987792969,454.6300048828125,445.3900146484375,449.94000244140625,71906500,424.0899993896484,422.61399993896487,434.5847998046875,342.0868999481201,431.505572584387,428.4370323436657,421.47009636415856,60.86060452102841,1.9384177092148889,-2.6218562956689446,4.5602740048838335,11.153766960252455,422.61399993896487,460.32756812885043,384.9004317490793,17.804999215262278,47.55471635961622,0.0,0.0,0.0,0.0,0.0
2025-12-05 05:00:00,455.0,458.8699951171875,451.6600036621094,453.0299987792969,56427500,430.06699829101564,423.06849975585936,435.21699951171877,342.5898999786377,435.777286659953,430.9668387871261,422.78499454595624,61.01081282036295,3.7843066649226103,-1.3406237035506336,5.124930368473244,13.395638629283479,423.06849975585936,462.15815548935683,383.9788440223619,16.219284057617188,45.76631515673543,0.0,0.0,0.0,0.0,0.0
2025-12-08 05:00:00,439.5799865722656,449.75,435.25,447.45001220703125,69165800,434.91599731445314,423.5714996337891,435.2005993652344,343.09879997253415,436.46868664400984,431.787138576187,423.4436216842429,53.72575811536297,3.957303417581784,-0.28103827932415026,4.238341696905934,8.809623307063386,423.5714996337891,463.2649378723076,383.87806139527055,15.828569684709821,45.45962498700592,0.0,0.0,0.0,0.0,0.0
2025-12-09 05:00:00,445.1700134277344,452.3900146484375,435.70001220703125,437.5400085449219,62367400,437.6549987792969,423.56849975585936,435.2397998046875,343.6720000457764,438.05074605923244,433.06169808585815,424.29563704673274,55.7868225055998,4.493672777308518,0.6739039320023834,3.8197688453061347,12.635680756321355,423.56849975585936,463.2550543935263,383.88194511819245,15.934282575334821,43.77912769518772,0.0,0.0,0.0,0.0,0.0
2025-12-10 05:00:00,451.45001220703125,456.8800048828125,443.6099853515625,446.07000732421875,63257500,440.86000061035156,424.1600006103516,435.37440002441406,344.4152501678467,440.48697626792307,434.81296609739843,425.36051450399935,58.047509044351,5.363663799063204,1.6118559054145476,3.7518078936486563,15.433791821407606,424.1600006103516,465.18396846562086,383.1360327550823,15.933569771902901,43.75737077239963,0.0,0.0,0.0,0.0,0.0
2025-12-11 05:00:00,446.8900146484375,449.2699890136719,440.3299865722656,448.95001220703125,55979500,442.89100341796876,424.97450103759763,435.12300048828126,345.195700302124,441.6511650643802,435.9631611974974,426.2048086273107,55.81581020287714,5.620395833666294,2.413563891064897,3.2068319426013967,6.967785905068835,424.97450103759763,467.16704180215817,382.7819602730371,14.284999302455358,43.208975576123315,0.0,0.0,0.0,0.0,0.0
2025-12-12 05:00:00,458.9599914550781,463.010009765625,441.6700134277344,448.0899963378906,95656700,445.77000122070314,427.8230010986328,435.5822003173828,346.0807501983643,444.7982244081434,438.1533355077432,427.48932560094863,60.179783874228455,6.720336223316167,3.2749183575151513,3.4454178658010157,9.432522206559192,427.8230010986328,471.1587688149008,384.4872333823648,14.449286324637276,35.574435478945865,0.0,0.0,0.0,0.0,0.0
2025-12-15 05:00:00,475.30999755859375,481.7699890136719,467.6600036621094,469.44000244140625,114542200,450.28699951171876,431.3710006713867,436.4918005371094,346.99240013122557,450.34581952640707,441.6920652268718,429.3646460698759,65.19463036358576,8.80980184485145,4.381895054982412,4.427906789869038,11.423417066021436,431.3710006713867,478.10138962599905,384.64061171677434,13.890714372907366,37.00124062691389,0.0,0.0,0.0,0.0,0.0
2025-12-16 05:00:00,489.8800048828125,491.5,465.8299865722656,472.2099914550781,107608100,456.3510009765625,435.41900024414065,437.22440063476563,348.0185501861572,457.5338532275717,446.28139281315185,431.73779739587343,68.94760528798776,11.508730744056436,5.807262192797217,5.701468551259219,13.880556429140544,435.41900024414065,487.6618434831652,383.17615700511607,14.686429704938616,37.832833979449376,0.0,0.0,0.0,0.0,0.0
2025-12-17 05:00:00,467.260009765625,495.2799987792969,466.20001220703125,488.2200012207031,106490400,458.4030029296875,438.71950073242186,437.9078009033203,348.99465019226074,459.30224532539955,448.27935633243504,433.13082533194216,58.41632720534841,11.687678496261242,6.983345453490022,4.7043330427712196,8.629747024937085,438.71950073242186,490.2082995577616,387.2307019070821,16.04571533203125,41.597800713802776,0.0,0.0,0.0,0.0,0.0
2025-12-18 05:00:00,483.3699951171875,490.8599853515625,473.1199951171875,478.1600036621094,95168400,461.28700256347656,442.6885009765625,438.80140075683596,350.0160001373291,463.67819983299734,451.6213219309829,435.10098885293223,62.77706370581616,12.979813845876663,8.18263913196735,4.797174713909312,12.610662127090322,442.6885009765625,495.1343154437925,390.24268650933254,17.250714983258927,42.64206667404474,0.0,0.0,0.0,0.0,0.0
2025-12-19 05:00:00,481.20001220703125,490.489990234375,474.7200012207031,488.1199951171875,103305400,463.90700378417966,446.9870010375977,439.7146008300781,351.1047501373291,466.86398390100345,454.4383400525113,436.90879369034786,61.836415656250985,13.671148444954667,9.280340994564813,4.390807450389854,7.713664038578094,446.9870010375977,497.0952261875663,396.87877588762905,17.779285975864955,41.40110498978796,0.0,0.0,0.0,0.0,0.0
2025-12-22 05:00:00,488.7300109863281,498.8299865722656,485.3299865722656,489.8800048828125,86916100,468.82200622558594,451.8690017700195,441.2194012451172,352.2350501251221,470.83962518924426,457.7042134747796,438.94099829019024,63.86007180913672,14.657679461441717,10.355808687940195,4.301870773501522,7.524258530543659,451.8690017700195,497.90740154017294,405.8306019998661,17.989998953683035,40.70259791054348,0.0,0.0,0.0,0.0,0.0
2025-12-23 05:00:00,485.55999755859375,491.9700012207031,482.8399963378906,489.3999938964844,58223600,472.8610046386719,455.25800170898435,442.21260131835936,353.5521001434326,473.51605652912593,460.35714529228574,440.7691943399316,62.36090198400809,15.010684976289497,11.286783945610056,3.723901030679441,6.716482979910721,455.25800170898435,500.7057261363708,409.8102772815979,17.307854788643972,35.15413103988419,0.0,0.0,0.0,0.0,0.0
2025-12-24 05:00:00,485.3999938964844,490.8999938964844,476.79998779296875,488.4800109863281,41285400,476.25600280761716,458.55800170898436,443.33580139160154,354.8262001037598,475.6767724141001,462.74217849268564,442.51942177352186,62.281426444497306,15.103430486656862,12.050113253819418,3.0533172328374434,10.423588135008522,458.55800170898436,502.60593572584804,414.5100676921207,17.654998779296875,35.24765950922413,0.0,0.0,0.0,0.0,0.0
2025-12-26 05:00:00,475.19000244140625,489.0899963378906,473.82000732421875,485.2300109863281,58780700,479.08600158691405,460.9885025024414,444.1366015625,355.96170013427735,475.5882687827012,463.9276855354209,443.80062101539966,57.26610385550736,14.189503229284242,12.477991248912383,1.7115119803718581,6.743488579233592,460.9885025024414,502.92060463037546,419.05640037450735,18.230712890625,36.4576105170665,0.0,0.0,0.0,0.0,0.0
2025-12-29 05:00:00,459.6400146484375,469.3999938964844,459.0,469.0,66263000,479.15400390625,462.4620025634766,444.75440185546876,357.05650024414064,472.68858621283505,463.5193359271368,444.4217737068914,50.5849563740225,12.071304748094121,12.396653948748732,-0.32534920065461037,1.8141548831436038,462.4620025634766,501.8268165319453,423.0971885950078,17.976427350725448,38.88892250350982,0.0,0.0,0.0,0.0,0.0
2025-12-30 05:00:00,454.42999267578125,463.1199951171875,453.8299865722656,461.0899963378906,59238500,477.0660034179688,463.67650146484374,445.0568017578125,358.07875022888186,469.36884193337073,462.65368418891245,444.81425288214194,48.54152063401598,9.858568518595462,11.88903686271808,-2.0304683441226175,1.6872111213483532,463.67650146484374,500.2417938308232,427.11120909886426,17.44785635811942,39.23413812771109,0.0,0.0,0.0,0.0,0.0
2025-12-31 05:00:00,449.7200012207031,456.54998779296875,449.29998779296875,456.1000061035156,49078000,473.0500030517578,464.7005020141602,445.10260192871095,359.13730026245116,465.7963254401584,461.4219048586068,445.0066351699287,46.70470532964488,7.63686909429714,11.038603309033892,-3.401734214736752,-2.01324525152633,464.7005020141602,498.2259422473352,431.1750617809852,17.017854963030135,39.486759583191784,0.0,0.0,0.0,0.0,0.0
2026-01-02 05:00:00,438.07000732421875,458.3399963378906,435.29998779296875,457.79998779296875,85535400,470.13100280761716,464.26700286865236,445.012001953125,360.2011003112793,460.75517669180573,459.1979146172365,444.73461054852834,42.42812875927881,4.87984730751424,9.806852108729961,-4.9270048012157215,-7.8348846911818315,464.26700286865236,498.9736888991414,429.5603168381633,17.86928231375558,38.009764964357814,0.0,0.0,0.0,0.0,0.0
2026-01-05 05:00:00,451.6700134277344,457.54998779296875,444.57000732421875,447.989990234375,67940800,466.96100463867185,464.1240036010742,445.2660021972656,361.2801503753662,459.1033288256109,458.48097164680775,445.0065871320266,48.37138161799341,3.7490774793179185,8.595297182847553,-4.846219703529634,-7.799867533727689,464.1240036010742,499.02264685872564,429.2253603434228,17.736424037388392,39.16077868920537,0.0,0.0,0.0,0.0,0.0
2026-01-06 05:00:00,432.9599914550781,448.25,428.7799987792969,446.3800048828125,89093800,462.1370025634766,463.0220031738281,444.94560180664064,362.2636503601074,454.34999475824134,456.0504021047383,444.5341716152835,41.95465041798357,1.3278848072220626,7.141814707722455,-5.813929900500392,-7.340670631700663,463.0220031738281,500.4350822077934,425.60892413986284,17.742139543805802,41.81828027658746,0.0,0.0,0.0,0.0,0.0
2026-01-07 05:00:00,431.4100036621094,438.3699951171875,431.2900085449219,435.8999938964844,59828800,456.4050018310547,462.61350402832034,444.89940185546874,363.17715034484866,450.1790872862173,453.70369749115457,444.01949836221786,41.46392960638914,-0.7078393587561891,5.571883894426727,-6.279723253182916,-10.74952768685632,462.61350402832034,501.2622889429756,423.96471911366507,16.414280482700892,40.11632618157359,0.0,0.0,0.0,0.0,0.0
2026-01-08 05:00:00,435.79998779296875,436.8900146484375,424.3699951171875,427.8900146484375,57041100,451.4290008544922,462.145002746582,444.56700134277344,363.9642002105713,447.5647055601721,451.9985822818035,443.6971646144042,43.480314623145766,-1.9445152349525756,4.068604068550866,-6.013119303503442,-9.43475130140471,462.145002746582,501.8955675293357,422.3944379638283,15.23142569405692,40.01418806997692,0.0,0.0,0.0,0.0,0.0
2026-01-09 05:00:00,445.010009765625,449.04998779296875,430.3900146484375,435.95001220703125,67331500,447.39000244140624,461.82300262451173,444.2562017822266,364.7485501861572,447.10021541570893,451.33300394692935,443.7486487379815,47.56146717457721,-2.156558510678508,2.8235715527049914,-4.980130063383499,-8.945634652652046,461.82300262451173,502.03994493767544,421.606060311348,14.878568376813616,40.43596838431119,0.0,0.0,0.0,0.0,0.0
2026-01-12 05:00:00,448.9599914550781,454.29998779296875,438.0,441.2300109863281,61649600,444.7670013427734,461.92650146484374,444.0052014160156,365.63305015563964,447.43835651377606,451.1070027572293,443.95301511904415,49.25387519896399,-1.983014862465609,1.8622542696708715,-3.8452691321364805,-7.537689737116171,461.92650146484374,501.9920013082883,421.86100162139917,14.916425432477679,40.39375989129602,0.0,0.0,0.0,0.0,0.0
2026-01-13 05:00:00,447.20001220703125,451.80999755859375,443.95001220703125,450.20001220703125,53719200,443.5230010986328,461.33850250244143,444.14720153808594,366.50340019226076,447.39502118527696,450.7349084191152,444.0803483381809,48.50274025354505,-1.9648463617160132,1.0968341433934947,-3.061680505109508,-7.869794431352961,461.33850250244143,501.92905044995126,420.7479545549316,14.218569074358259,39.179430675587206,0.0,0.0,0.0,0.0,0.0
2026-01-14 05:00:00,439.20001220703125,443.9100036621094,434.2200012207031,442.80999755859375,57259500,442.0000030517578,459.53300323486326,443.8000018310547,367.38165031433107,445.9050195528686,449.63634687510717,443.88896260754757,45.13341540853703,-2.566397008003719,0.36418791311405196,-2.930584921117771,-7.573810486219723,459.53300323486326,500.714957111153,418.3510493585735,14.493569510323661,37.09278085755075,0.0,0.0,0.0,0.0,0.0
2026-01-15 05:00:00,438.57000732421875,445.3599853515625,437.6499938964844,441.1300048828125,49465800,440.8850036621094,456.9675033569336,443.2040020751953,368.2787003326416,444.57138096584134,448.58240977502254,443.6803761258484,44.86907573810116,-3.0587074821229976,-0.3203911659333579,-2.7383163161896396,-4.584023725683339,456.9675033569336,496.55125651037025,417.38375020349696,14.037139892578125,34.83316632824716,0.0,0.0,0.0,0.0,0.0
2026-01-16 05:00:00,437.5,447.25,435.260009765625,439.5,60220600,440.8280029296875,455.47950286865233,443.0688018798828,369.1239003753662,443.2856753356884,447.5269421774014,443.4380084346386,44.39350936208572,-3.4949204608478794,-0.9552970249162622,-2.539623435931617,-3.7255447370658445,455.47950286865233,495.66699576422275,415.2920099730819,13.802854265485491,31.305009955351938,0.0,0.0,0.0,0.0,0.0
2026-01-20 05:00:00,419.25,430.7300109863281,417.44000244140625,429.3599853515625,63187300,437.58600158691405,452.273503112793,442.21240173339845,369.8063503265381,438.9155525473814,444.8339000652679,442.48945908426066,37.159282290194916,-5.252695068557159,-1.8147766336444418,-3.437918434912717,-6.775327123098041,452.273503112793,493.31402971093905,411.2329765146469,14.079282488141741,30.85424521211113,0.0,0.0,0.0,0.0,0.0
2026-01-21 05:00:00,431.44000244140625,438.20001220703125,419.6199951171875,421.6600036621094,68124000,437.4340026855469,449.7855026245117,441.9230017089844,370.62715034484864,437.55636161902225,443.5582907677573,442.0561470590507,43.75255535570151,-5.597587286467217,-2.571338764208997,-3.02624852225822,-1.5134578428021905,449.7855026245117,489.45262225686224,410.1183829921612,14.769282749720983,33.398891162092816,0.0,0.0,0.0,0.0,0.0
2026-01-22 05:00:00,449.3599853515625,449.5,432.6300048828125,435.1600036621094,71546700,439.2290008544922,447.81700134277344,442.3198016357422,371.67680030822754,439.7024750249386,444.1108331090721,442.34257209012964,51.764614743501404,-4.37449751237898,-2.9319705138429937,-1.4425269985359863,-0.5114415408366435,447.81700134277344,483.0008439028437,412.63315878270316,15.541425432477679,36.65105278342263,0.0,0.0,0.0,0.0,0.0
2026-01-23 05:00:00,449.05999755859375,452.42999267578125,444.0400085449219,447.42999267578125,56771400,440.5550018310547,445.99200134277345,442.3964013671875,372.75565032958986,441.4038427583304,444.58218210426463,442.6060005398733,51.63202461455159,-3.390315120012474,-3.02363943507689,-0.3666756849355841,3.718589805355288,445.99200134277345,476.39434532574955,415.58965735979734,14.4949951171875,36.65556972496149,0.0,0.0,0.0,0.0,0.0
2026-01-26 05:00:00,435.20001220703125,445.0400085449219,434.2799987792969,445.0,49397400,439.5740020751953,443.4820022583008,442.30800170898436,373.82235038757324,440.2758735671851,443.68864211405196,442.31556962485996,45.79561249641538,-3.686235836431024,-3.156158715347717,-0.5300771210833068,0.8785166112861731,443.4820022583008,467.8817960999354,419.08220841666616,14.15928213936942,37.87147052808522,0.0,0.0,0.0,0.0,0.0
2026-01-27 05:00:00,430.8999938964844,437.5199890136719,430.69000244140625,437.4100036621094,37733100,437.76800231933595,441.2675018310547,442.3140014648437,374.6158502960205,438.5711681725122,442.4706756171407,441.8678999884531,44.12896869871239,-4.21909556966375,-3.368746086210924,-0.8503494834528262,-1.1243676075576636,441.2675018310547,461.1764610872199,421.3585425748895,13.012137276785714,37.45657020637191,0.0,0.0,0.0,0.0,0.0
2026-01-28 05:00:00,431.4599914550781,438.260009765625,430.1000061035156,431.9100036621094,54857400,436.1940002441406,439.8585006713867,442.9034014892578,375.5111502838135,437.27822695116055,441.42203903027763,441.4597467126345,44.412692044564736,-4.54382523553187,-3.603761916075113,-0.9400633194567565,-3.0448794438766247,439.8585006713867,458.22135778105746,421.49564356171595,13.089281354631696,35.988412871878076,0.0,0.0,0.0,0.0,0.0
2026-01-29 05:00:00,416.55999755859375,440.2300109863281,414.6199951171875,437.79998779296875,81686100,433.92999877929685,437.96500091552736,443.14760131835936,376.33240028381346,433.511276152512,439.05422555678393,440.48328596149565,38.77110601399655,-5.935065082464007,-4.070022549352892,-1.8650425331111151,-7.216677323847076,437.96500091552736,457.75579631667165,418.17420551438306,14.024281093052455,37.61382294078103,0.0,0.0,0.0,0.0,0.0
2026-01-30 05:00:00,430.4100036621094,439.8800048828125,422.70001220703125,425.3500061035156,82626100,433.11399841308594,436.99950103759767,443.57740112304685,377.22270027160647,432.94740842698417,438.23096632871966,440.08825528308836,45.678502823561395,-5.852587950492534,-4.426535629580821,-1.4260523209117135,-3.7544740801905285,436.99950103759767,456.2524607194976,417.74654135569773,14.357140677315849,39.770429194509454,0.0,0.0,0.0,0.0,0.0
2026-02-02 05:00:00,421.80999755859375,427.1499938964844,414.5,421.2900085449219,58739500,431.5449981689453,436.1865005493164,443.98860107421876,378.06120025634766,430.92242463273135,436.6670645410886,439.37146086252,42.474315775325834,-6.407313328852467,-4.82269116943515,-1.584622159417317,-3.959474992054446,436.1865005493164,456.58809390704045,415.78490719159237,14.32928466796875,39.349409737141244,0.0,0.0,0.0,0.0,0.0
2026-02-03 05:00:00,421.9599914550781,428.55999755859375,413.69000244140625,424.2699890136719,56886500,431.8159973144531,434.7009994506836,444.34800109863284,378.9632501983643,429.2928913277035,435.26639091384953,438.6886581406596,42.55000873341774,-6.756944088487842,-5.209541753245689,-1.547402335242153,-3.787312308582347,434.7009994506836,454.6777697731708,414.7242291281964,14.829999651227679,37.43413794591046,0.0,0.0,0.0,0.0,0.0
2026-02-04 05:00:00,406.010009765625,423.8999938964844,399.17999267578125,420.4599914550781,74606900,429.272998046875,433.35350036621094,444.56360107421875,379.78645027160644,425.0596401345983,432.4800688997329,437.4071425181092,36.97803791479911,-8.226232321680016,-5.812879866932555,-2.4133524547474607,-7.197712053571426,433.35350036621094,457.10402669421586,409.602974038206,15.668570382254464,36.96153442048157,0.0,0.0,0.0,0.0,0.0
2026-02-05 05:00:00,397.2099914550781,402.1000061035156,387.5299987792969,397.0199890136719,72819800,424.05799865722656,431.64349975585935,444.6860009765625,380.63500022888184,419.9960676474128,429.12101390500385,435.8307836528923,34.308597593129136,-9.985633596712546,-6.647430612888554,-3.338202983823992,-5.257008597476897,431.64349975585935,460.38375080517557,402.90324870654314,16.437857491629465,37.55570629709803,0.0,0.0,0.0,0.0,0.0
2026-02-06 05:00:00,411.1099853515625,414.54998779296875,397.75,400.8699951171875,62677100,420.26299743652345,430.40899963378905,444.5526007080078,381.50070014953616,418.38041632089454,427.4056778522951,434.86134058225196,41.493136286201654,-10.141454072910676,-7.3462353048929785,-2.7952187680176976,-4.712130765529732,430.40899963378905,460.48741873507606,400.33058053250204,16.820000784737722,39.75436595200437,0.0,0.0,0.0,0.0,0.0
2026-02-09 05:00:00,417.32000732421875,421.25,407.2900085449219,409.9100036621094,54484300,418.47499694824216,429.0244995117188,444.5110009765625,382.3336001586914,418.18761468513526,426.44513780200214,434.1734451603683,44.417885480016004,-9.652577148205467,-7.807503673555476,-1.8450734746499906,-7.130135987136654,429.0244995117188,458.8209106884287,399.22808833500886,16.384286063058035,39.33211106488594,0.0,0.0,0.0,0.0,0.0
2026-02-10 05:00:00,425.2099914550781,427.25,417.0,418.0799865722656,64450200,417.90599670410154,427.8369995117188,444.48360107421877,383.1621000671387,419.4644104614885,426.3275048165808,433.8219371719256,47.97625541976627,-8.530152593929643,-7.952033457630309,-0.5781191362993336,-5.311095673892363,427.8369995117188,456.1439544800295,399.53004454340805,15.762856619698661,39.88814554916473,0.0,0.0,0.0,0.0,0.0
2026-02-11 05:00:00,428.2699890136719,436.3500061035156,420.0299987792969,427.9599914550781,57362000,417.5869964599609,426.89049835205077,444.4456005859375,383.8786999511719,421.0654247437036,426.5125033115419,433.6042137147392,49.33109290045316,-7.309448051359311,-7.82351637637611,0.5140683250167992,-1.5923766082209245,426.89049835205077,453.6975732365905,400.08342346751107,15.638571602957589,40.02740934400377,0.0,0.0,0.0,0.0,0.0
2026-02-12 05:00:00,417.07000732421875,436.2300109863281,414.0,430.29998779296875,61933400,417.63799743652345,425.7839981079102,444.18420043945315,384.5346499633789,420.3389852128882,425.6132179794159,432.9558134641306,44.73859610699244,-7.163202882961571,-7.691453677693203,0.5282507947316324,-3.209558312406946,425.7839981079102,452.2767878330068,399.2912083828136,16.627144949776785,40.57008373243615,0.0,0.0,0.0,0.0,0.0
2026-02-13 05:00:00,417.44000244140625,424.05999755859375,410.8800048828125,414.30999755859375,51434100,416.34099731445315,424.72749786376954,443.94820068359377,385.1616999816895,419.8118974362551,424.83481649960544,432.34735028676886,44.921018182017185,-6.9374761133818765,-7.540658164830938,0.6031820514490613,-3.2494296786105603,424.72749786376954,450.7545644915468,398.7004312359923,16.51285879952567,40.58480151745324,0.0,0.0,0.0,0.0,0.0
2026-02-17 05:00:00,410.6300048828125,413.7200012207031,400.510009765625,412.3599853515625,59678800,415.222998046875,423.38399810791014,443.2260009765625,385.80404998779295,418.14246242653826,423.4819772980061,431.4956896826921,42.162251817686,-7.2248127673781255,-7.477489085340375,0.25267631796224954,-1.42356268257543,423.38399810791014,449.40905325248116,397.35894296333913,17.234287806919642,40.8953157051273,0.0,0.0,0.0,0.0,0.0
2026-02-18 05:00:00,411.32000732421875,416.8999938964844,409.5799865722656,411.1099853515625,45921400,414.15899963378905,422.9874984741211,442.36180114746094,386.4580500793457,416.9020160442983,422.32369444335967,430.70448645294806,42.5472551316991,-7.312557099059347,-7.44450268808417,0.13194558902482267,-4.435304982566601,422.9874984741211,449.51453452039385,396.4604624278483,17.174288068498885,38.24025137860219,0.0,0.0,0.0,0.0,0.0
2026-02-19 05:00:00,411.7099914550781,415.25,404.1099853515625,407.25,51019600,414.7289978027344,422.00099792480466,441.4960009765625,387.0805500793457,415.958011573531,421.31286558733285,429.95960429616883,42.77909536354736,-7.266858828837144,-7.408973916234765,0.14211508739762113,-2.3944444565026313,422.00099792480466,448.6715848037609,395.33041104584845,16.140716552734375,36.60595298752084,0.0,0.0,0.0,0.0,0.0
2026-02-20 05:00:00,411.82000732421875,414.70001220703125,405.5,408.29998779296875,57912200,416.18999938964845,420.1239990234375,440.94080139160155,387.7383500671387,415.2056471645651,420.4087838479887,429.2482475521708,42.84915916975731,-7.139465940055402,-7.355072320998893,0.21560638094349116,-2.4030676690206754,420.1239990234375,443.8036454037088,396.44435264316616,15.132145472935267,32.81871774668279,0.0,0.0,0.0,0.0,0.0
2026-02-23 05:00:00,399.8299865722656,407.70001220703125,394.0400085449219,407.2900085449219,69680000,415.06199951171874,417.6624984741211,440.0340008544922,388.3607499694824,412.4100725114197,418.4488983931579,428.0945902588412,37.46504186491315,-7.9147641533873525,-7.467010687476585,-0.44775346591076737,-1.5221356726960678,417.6624984741211,438.77284555723776,396.55215139100443,15.265716552734375,33.95235485419818,0.0,0.0,0.0,0.0,0.0
2026-02-24 05:00:00,409.3800048828125,410.82000732421875,397.6400146484375,399.5,58579500,414.26799926757815,416.37149810791016,439.19260070800783,389.026549987793,411.85915112440017,417.58519424931546,427.3606849499774,43.549336197649,-7.670169963522426,-7.507642542685753,-0.16252742083667293,3.0638739431383843,416.37149810791016,436.0773548627606,396.6656413530597,15.145002092633929,34.10448479200442,0.0,0.0,0.0,0.0,0.0
2026-02-25 05:00:00,417.3999938964844,420.3399963378906,412.1499938964844,412.1499938964844,54809700,413.48699951171875,415.69649810791014,438.60280029296877,389.6894499206543,412.86657708296093,417.5675561204744,426.97006961454633,48.114801889959786,-6.751355791300853,-7.356385192408773,0.6050294011079203,1.5300062681627535,415.69649810791014,434.19481591655796,397.19818029926233,14.162144252232142,34.89217604596628,0.0,0.0,0.0,0.0,0.0
2026-02-26 05:00:00,408.5799865722656,416.80999755859375,403.6600036621094,414.4200134277344,53602500,411.51799926757815,414.55249786376953,437.5952001953125,390.2410498046875,412.08719699010726,416.7115971158831,426.24888988739804,43.90899451343855,-6.658138938172669,-7.216735941561552,0.5585970033888827,-2.094321048250858,414.55249786376953,431.7288227636832,397.3761729638559,13.823571341378349,35.56728449903986,0.0,0.0,0.0,0.0,0.0
2026-02-27 05:00:00,402.510009765625,407.1199951171875,398.1099853515625,402.94000244140625,56890100,410.06199951171874,413.8499984741211,436.13920043945313,390.66169982910156,410.3458902220196,415.35906498728707,425.3179534120344,41.237433634224686,-6.99344423795327,-7.172077600839897,0.178633362886627,-5.33853440550004,413.8499984741211,431.81192023152204,395.88807671672015,13.332857404436384,33.86024061500698,0.0,0.0,0.0,0.0,0.0
2026-03-02 05:00:00,403.32000732421875,404.5400085449219,388.25,390.6000061035156,55088300,408.65,412.49549865722656,434.40800048828123,391.00794982910156,409.068456967874,414.21248806699487,424.45528885957106,41.74677961554782,-7.111835260310045,-7.160029132733927,0.048193872423881956,-5.825759994744029,412.49549865722656,429.24409831276216,395.74689900169096,13.49928719656808,31.329731570264734,0.0,0.0,0.0,0.0,0.0
2026-03-03 05:00:00,392.42999267578125,396.3399963378906,385.3900146484375,395.0899963378906,62617300,406.8299987792969,411.02649841308596,432.91140014648437,391.23169982910156,406.0432816420389,412.13796469640306,423.19939489157935,37.09178388084104,-7.992264320888751,-7.3264761703648915,-0.6657881505238592,-5.907884579502509,411.02649841308596,429.4092962109347,392.6437006152372,14.047858101981026,31.92602598571641,0.0,0.0,0.0,0.0,0.0
2026-03-04 05:00:00,405.94000244140625,408.3299865722656,394.5799865722656,397.8500061035156,68305500,406.2919982910156,410.22549896240236,431.36280029296876,391.5472998046875,406.0245036055602,411.54768257687954,422.5225559719647,45.248317980241815,-7.513257656894609,-7.363832467670836,-0.14942518922377346,-2.7548869137461685,410.22549896240236,427.9879882938382,392.4630096309665,14.017857142857142,34.634871433782145,0.0,0.0,0.0,0.0,0.0
2026-03-05 05:00:00,405.54998779296875,408.6199951171875,399.4200134277344,401.57000732421875,51925900,405.6759979248047,410.2024978637695,429.8497998046875,391.8251496887207,405.93822800327086,410.9764735498404,421.8569650629845,45.06665620188406,-7.083458645300084,-7.307757703196686,0.22429905789660243,-1.237127591612186,410.2024978637695,427.989146339233,392.415849388306,13.087140764508929,31.904109714770296,0.0,0.0,0.0,0.0,0.0
2026-03-06 05:00:00,396.7300109863281,402.3500061035156,394.2099914550781,398.0899963378906,64054600,404.1669982910156,410.17849884033205,428.0097998046875,392.0983497619629,404.2640067274631,409.6196675914107,420.8715943148803,41.05268799956122,-7.369586245916139,-7.320123411740577,-0.04946283417556163,-3.547115646720833,410.17849884033205,428.04009695809077,392.31690072257334,12.955712454659599,31.910810763795933,0.0,0.0,0.0,0.0,0.0
2026-03-09 04:00:00,398.67999267578125,401.5899963378906,381.3999938964844,390.04998779296875,67018900,404.0519989013672,409.55699920654297,426.27219970703123,392.3726496887207,403.2487314453391,408.57779378992217,420.0013354270725,42.27678788019099,-7.354222308255316,-7.326943191043526,-0.02727911721179055,-3.1648488134198183,409.55699920654297,428.13285793583907,390.98114047724687,13.188570295061384,29.225534284790623,0.0,0.0,0.0,0.0,0.0
2026-03-10 04:00:00,399.239990234375,406.5899963378906,398.19000244140625,402.2200012207031,59258700,403.0379974365234,408.65299835205076,424.54899963378904,392.6957496643066,402.51986940698197,407.68847916558434,419.1871650273589,42.64514015485909,-7.213704064009221,-7.304295365636666,0.09059130162744466,-3.054736745691844,408.65299835205076,427.39714289160946,389.90885381249205,13.265712193080358,28.598882504926898,0.0,0.0,0.0,0.0,0.0
2026-03-11 04:00:00,407.82000732421875,416.3800048828125,402.1499938964844,402.2799987792969,62559900,402.0799987792969,407.7834991455078,423.2015997314453,393.02964965820314,403.48353084647954,407.7010056568829,418.7413941370397,48.108909600673584,-6.3369581610481305,-7.110827924718959,0.7738697636708283,1.9983545557579196,407.7834991455078,424.830297332323,390.73670095869255,13.694283621651786,28.863654404802787,0.0,0.0,0.0,0.0,0.0
2026-03-12 04:00:00,395.010009765625,406.5,394.6499938964844,405.17999267578125,60973800,400.72300109863284,406.1205001831055,421.90899963378905,393.3079997253418,401.94289064996053,406.492339381525,417.8107516126705,41.71891201896581,-6.599713077521471,-7.008604955279461,0.4088918777579895,-3.5101849005304997,406.1205001831055,421.1185545330262,391.12244583318477,13.977855137416295,30.454330306951512,0.0,0.0,0.0,0.0,0.0
2026-03-13 04:00:00,391.20001220703125,400.20001220703125,389.95001220703125,399.1700134277344,58504100,399.5920013427734,404.8270004272461,420.64440002441404,393.4495497131348,399.9896400239733,405.0359272696685,416.76719320460626,40.016462632527066,-7.03429621530131,-7.013743207283832,-0.020553008017478724,-6.276948268463734,404.8270004272461,420.30356461339403,389.3504362410982,13.439998081752233,29.397057224809274,0.0,0.0,0.0,0.0,0.0
2026-03-16 04:00:00,395.55999755859375,403.7300109863281,394.4200134277344,396.2200012207031,58068300,398.8160003662109,403.73300018310545,419.5611999511719,393.6428497314453,399.18425048481333,404.13345777337565,415.93553847339007,42.8886242450808,-6.946813560556279,-7.000357277938322,0.053543717382043,-3.186643849812998,403.73300018310545,418.5340810608663,388.9319193053446,13.393569946289062,29.801248276014004,0.0,0.0,0.0,0.0,0.0
2026-03-17 04:00:00,399.2699890136719,400.1199951171875,393.0,395.69000244140625,46890500,399.5,403.1649993896484,418.78519958496094,393.84704971313477,399.19983930824213,403.6702702724515,415.2819875141854,45.28923713080178,-6.5031533182790895,-6.9009164860064764,0.39776316772738696,-0.804954081474829,403.1649993896484,417.7215264031907,388.60847237610614,13.119284493582589,29.61900987985146,0.0,0.0,0.0,0.0,0.0
2026-03-18 04:00:00,392.7799987792969,403.07000732421875,392.30999755859375,399.0,50853100,398.1839996337891,402.23799896240234,417.6073992919922,394.07864974975587,398.03259557570664,402.6331015588177,414.39955658340546,41.96605975203803,-6.599166271735328,-6.840566443152246,0.2414001714169185,-2.6133116020820246,402.23799896240234,416.96818109032006,387.50781683448463,12.906428745814733,30.065599109399795,0.0,0.0,0.0,0.0,0.0
2026-03-19 04:00:00,380.29998779296875,387.2699890136719,378.7300109863281,387.2699890136719,67078300,395.65899963378905,400.66749877929686,416.55419921875,394.26669967651367,394.8084850697543,400.5061383430226,413.06231859162364,36.43030399285442,-7.594742353589197,-6.991401625239638,-0.6033407283495595,-3.0909984224457787,400.66749877929686,417.668272984664,383.66672457392974,13.162142072405134,31.813624139187695,0.0,0.0,0.0,0.0,0.0
2026-03-20 04:00:00,367.9599914550781,379.8900146484375,364.4599914550781,379.8500061035156,78628600,392.78199768066406,398.47449798583983,415.2851989746094,394.38514968872073,389.9269407761768,397.40650530607553,411.2935998803866,31.943419610228403,-9.272589506171585,-7.4476392014260275,-1.824950304745557,-9.356065122409362,398.47449798583983,420.1033898519044,376.84560611977525,13.129998343331474,33.34571180633642,0.0,0.0,0.0,0.0,0.0
2026-03-23 04:00:00,380.8500061035156,385.3299865722656,372.7300109863281,373.0899963378906,74606000,390.9989990234375,397.52549896240237,414.18619934082034,394.62914978027345,388.2765890175111,395.8296958582127,410.0997334577642,40.225192776818965,-9.453208306112288,-7.84875302236328,-1.6044552837490071,-6.090490058666298,397.52549896240237,420.52602965560965,374.5249682691951,13.089998517717634,35.027822888809666,0.0,0.0,0.0,0.0,0.0
2026-03-24 04:00:00,383.0299987792969,387.4800109863281,376.30999755859375,376.55999755859375,60004900,389.3779998779297,396.20799865722654,412.94659912109375,395.1207997131348,387.32266351965393,394.61067708879216,409.0381752350792,41.52128917768729,-9.313087342686003,-8.141619886427826,-1.1714674562581777,-3.4532331378135606,396.20799865722654,419.36758247160435,373.04841484284873,12.752142769949776,33.806121510087216,0.0,0.0,0.0,0.0,0.0
2026-03-25 04:00:00,385.95001220703125,396.2300109863281,385.010009765625,389.989990234375,55157300,387.1910003662109,394.63549957275393,411.6863995361328,395.57484970092776,387.0730905537225,393.7858518619578,408.1327570771166,43.29488973742187,-8.864238367502253,-8.286143582642712,-0.578094784859541,-3.1930321818537832,394.63549957275393,415.93245061739856,373.3385485281093,13.037859235491071,32.997747421584954,0.0,0.0,0.0,0.0,0.0
2026-03-26 04:00:00,372.1099853515625,384.44000244140625,371.8699951171875,381.6000061035156,55522900,384.9009979248047,392.81199951171874,410.1845989990234,395.8924996948242,384.35252597151157,391.7214836228725,406.72009936238896,37.490969143973714,-9.51560682991692,-8.532036232097553,-0.9835705978193658,-6.795412670681045,392.81199951171874,415.2940747663607,370.32992425707675,13.233575003487724,34.4132655216103,0.0,0.0,0.0,0.0,0.0
2026-03-27 04:00:00,361.8299865722656,369.8599853515625,359.4700012207031,369.69000244140625,62065700,381.9639953613281,390.77799835205076,408.63719848632815,396.0711996459961,380.2575188080123,388.8746743799576,404.9597027823841,33.860075257792616,-10.737555165143931,-8.973140018706829,-1.764415146437102,-11.27703887156053,390.77799835205076,416.66824492192825,364.88775178217327,12.694287981305804,35.215096082433064,0.0,0.0,0.0,0.0,0.0
2026-03-30 04:00:00,355.2799987792969,367.2900085449219,352.1400146484375,365.8599853515625,67954400,377.9359954833984,388.37599792480466,406.97139831542967,396.2154496765137,375.71615153006405,385.67518146560894,403.01147909598853,31.750160428333643,-12.095062942152424,-9.597524603395948,-2.497538338756476,-10.05797574848838,388.37599792480466,418.0101247097072,358.7418711399021,13.176430838448661,35.401224298380086,0.0,0.0,0.0,0.0,0.0
2026-03-31 04:00:00,371.75,373.3299865722656,361.0,361.510009765625,75534900,375.1839965820312,387.3419982910156,405.65639831542967,396.47864974975585,374.9950330700524,384.34897370697956,401.7855387392831,41.603853278027664,-11.70695568497024,-10.019410819710806,-1.687544865259433,-4.971884355856792,387.3419982910156,417.81188959942074,356.8721069826105,13.241428920200892,39.04223777463656,0.0,0.0,0.0,0.0,0.0
2026-04-01 04:00:00,381.260009765625,383.1400146484375,374.0799865722656,378.6300048828125,58683800,374.03199768066406,386.1079986572266,404.8965985107422,396.758399810791,376.13411974197464,384.0547866649458,400.98061603443375,46.41463440854044,-10.51083718952151,-10.117696093672949,-0.39314109584856105,-3.615124856211105,386.1079986572266,415.3820846891271,356.83391262532604,13.114286150251116,38.04880946964409,0.0,0.0,0.0,0.0,0.0
2026-04-02 04:00:00,360.5899963378906,370.2799987792969,359.0299987792969,364.20001220703125,83031200,372.0609985351563,383.85999908447263,403.4795983886719,396.9156997680664,373.3079154866866,381.8200447290358,399.39667016398107,38.9113387446051,-11.102815653823768,-10.314720005703114,-0.7880956481206542,-9.687678448193305,383.85999908447263,413.74653890284867,353.9734592660966,13.970001220703125,42.16914471112214,0.0,0.0,0.0,0.0,0.0
2026-04-06 04:00:00,352.82000732421875,367.7200012207031,346.6400146484375,362.5899963378906,77697600,370.5470001220703,381.6644989013672,401.548798828125,397.0980497741699,369.5828412753288,379.05813640476754,397.5701343663433,36.52128583617417,-12.059916814651785,-10.66375936749285,-1.3961574471589362,-10.173631951542328,381.6644989013672,413.9271201184659,349.4018776842685,14.580714634486608,42.15898594941175,0.0,0.0,0.0,0.0,0.0
2026-04-07 04:00:00,346.6499938964844,348.0199890136719,337.239990234375,346.44000244140625,74515400,367.1269989013672,379.06299896240233,399.5005987548828,397.2210498046875,365.41323266099346,375.9716466420739,395.57326611262334,34.69867231640386,-13.16454225039439,-11.163915944073157,-2.0006263063212337,-8.848276354613793,379.06299896240233,413.8413859312673,344.28461199353734,15.185001918247767,42.17411334838291,0.0,0.0,0.0,0.0,0.0
2026-04-08 04:00:00,343.25,364.5,339.6700134277344,363.7900085449219,78838600,363.1489990234375,376.2634994506836,397.6615985107422,397.3264997863769,361.3835539953583,372.8552993428288,393.521373323893,33.70059807441994,-14.151190839936248,-11.761370923245776,-2.389819916690472,-6.715401681950195,376.2634994506836,413.15312976744855,339.3738691339186,16.19000026157924,42.07843464849655,0.0,0.0,0.0,0.0,0.0
2026-04-09 04:00:00,345.6199951171875,348.8800048828125,337.25,343.1499938964844,62164000,359.1159973144531,373.153498840332,395.95599853515625,397.31119979858397,358.5174523811454,370.2614608451487,391.6428879040222,35.10191342555049,-14.573879545016155,-12.323872647599853,-2.250006897416302,-9.250363770967763,373.153498840332,409.3220574777009,336.9849402029631,16.017144339425222,41.066058727042595,0.0,0.0,0.0,0.0,0.0
2026-04-10 04:00:00,348.95001220703125,350.3599853515625,342.739990234375,346.2900085449219,51336000,356.8,370.85049896240236,394.3057989501953,397.3535998535156,356.7779178040337,368.2317990700899,389.96865748453234,37.11317982772319,-14.473319423082444,-12.753762002696373,-1.7195574203860708,-8.897471916266964,370.85049896240236,407.024952110486,334.6760458143187,15.430001395089286,40.53333142225332,0.0,0.0,0.0,0.0,0.0
2026-04-13 04:00:00,352.4200134277344,356.3500061035156,348.57000732421875,350.07000732421875,53617500,355.8590026855469,368.9114990234375,393.02299926757814,397.47794998168945,355.9855715537974,366.7259147231989,388.4961616391677,39.226756328577615,-13.95278567549326,-12.993566737255751,-0.9592189382375089,-8.687653250108129,368.9114990234375,404.647941370322,333.175056676553,14.745001656668526,40.88620386380666,0.0,0.0,0.0,0.0,0.0
2026-04-14 04:00:00,364.20001220703125,367.6300048828125,354.7699890136719,357.6700134277344,59979600,356.7510040283203,367.3434997558594,391.69879943847656,397.6700500488281,357.47910621802174,366.485352578802,387.54337146535846,45.87704009529944,-12.446238982874206,-12.884101186379443,0.43786220350523664,-2.125708380832092,367.3434997558594,400.83843709503714,333.84856241668166,15.033571515764509,42.76686140528728,0.0,0.0,0.0,0.0,0.0
2026-04-15 04:00:00,391.95001220703125,394.6499938964844,362.5,366.8299865722656,113810400,358.77100524902346,366.97750091552734,391.10159973144533,398.0116500854492,363.74654367056894,368.910558257681,387.71618090620836,57.63723425309978,-8.91038343757009,-12.089357636617574,3.1789741990474845,8.324358608334958,366.97750091552734,399.1368969087959,334.8181049222588,16.387141636439733,51.23141052350707,0.0,0.0,0.0,0.0,0.0
2026-04-16 04:00:00,388.8999938964844,394.05999755859375,381.79998779296875,393.80999755859375,63515100,359.5350036621094,366.7835006713867,390.4403997802734,398.3678500366211,368.319898257099,370.8143140328051,387.76260494504277,56.192021611344074,-6.2818897167336445,-10.927864052640789,4.645974335907145,9.462957451222165,366.7835006713867,398.32845988565595,335.2385414571175,16.25714111328125,50.97202687580317,0.0,0.0,0.0,0.0,0.0
2026-04-17 04:00:00,400.6199951171875,409.2799987792969,391.6499938964844,395.9200134277344,90640000,363.5380035400391,367.7995010375977,390.33259948730466,398.86740005493164,374.19264314075144,373.6529503265558,388.2668163243426,60.310305395911556,-3.2160111803329414,-9.385493478179221,6.1694822978462796,7.765970441745118,367.7995010375977,402.3438095598483,333.25519251534706,16.80999973842076,50.591239098799456,0.0,0.0,0.0,0.0,0.0
2026-04-20 04:00:00,392.5,406.79998779296875,388.3299865722656,402.5799865722656,64603900,367.50600280761716,369.02650146484376,390.23839965820315,399.2516500854492,377.5212534787966,375.4479074383124,388.43282352730955,56.357311707550295,-1.4250687901612196,-7.793408540575621,6.3683397504144015,2.948116756668151,369.02650146484376,405.2950821386254,332.75792079106213,17.047143118722097,49.63232993615837,0.0,0.0,0.0,0.0,0.0
2026-04-21 04:00:00,386.4200134277344,393.95001220703125,385.2200012207031,393.0,50530600,371.4830047607422,369.3050018310547,389.7446002197266,399.6070001220703,379.1392098331489,376.49286991349544,388.35388979791446,53.52820821466232,-0.4906818715446093,-6.332863206769419,5.84218133522481,7.163265024590348,369.3050018310547,406.03842267226605,332.57158098984337,16.38143048967634,48.63123948465637,0.0,0.0,0.0,0.0,0.0
2026-04-22 04:00:00,387.510009765625,393.010009765625,385.29998779296875,387.57000732421875,62362800,375.9090057373047,369.5290023803711,389.14840026855467,400.0748501586914,380.66117345723546,377.542121327984,388.3207964633149,53.9742815309365,0.3339307426054461,-4.999504416894446,5.333435159499892,9.832209546305126,369.5290023803711,406.6672313140239,332.39077344671824,16.118573869977677,48.60606949786078,0.0,0.0,0.0,0.0,0.0
2026-04-23 04:00:00,373.7200012207031,386.0,368.3900146484375,375.2799987792969,93969500,378.71900634765626,368.91750183105466,388.1186004638672,400.45440017700196,379.3991421415023,377.1781098891953,387.7482162577223,47.731907370007264,-0.12386838371065778,-4.024377210257689,3.900508826547031,7.80903153060557,368.91750183105466,405.31259831591547,332.52240534619386,15.896429879324776,50.22085040005433,0.0,0.0,0.0,0.0,0.0
2026-04-24 04:00:00,376.29998779296875,382.760009765625,370.7300109863281,373.5,62893300,381.45400390625,369.127001953125,387.07920043945313,400.85650009155273,378.83565953267805,377.0944792133642,387.2992661218496,48.92214364553953,-0.2753204127096751,-3.274565850748086,2.999245438038411,9.62854706277312,369.127001953125,405.64749604271583,332.60650786353415,15.250002179827009,48.566361827169324,0.0,0.0,0.0,0.0,0.0
2026-04-27 04:00:00,378.6700134277344,380.7799987792969,364.0199890136719,372.0899963378906,66735800,384.07900390625,369.96900329589846,386.31120056152344,401.2005001831055,378.80554205905196,377.24453009092326,386.96086405541377,50.0474593845141,-0.20177998122949248,-2.6600086768443676,2.458228695614875,9.562530749802466,369.96900329589846,406.5575811221852,333.38042546961174,15.334287370954241,47.393044523702,0.0,0.0,0.0,0.0,0.0
2026-04-28 04:00:00,376.0199890136719,382.2900085449219,372.5400085449219,374.67999267578125,50864400,385.26100158691406,371.00600280761716,385.48280029296876,401.5130500793457,378.29907786898286,377.127907131185,386.5318101322082,48.75405598738217,-0.3532613060493759,-2.198659202685369,1.8453978966359932,7.757551471464086,371.00600280761716,407.0126669411984,334.9993386740359,14.257145472935267,46.9081599383324,0.0,0.0,0.0,0.0,0.0
2026-04-29 04:00:00,372.79998779296875,376.3999938964844,370.0400085449219,375.3999938964844,45384800,383.3459991455078,371.0585021972656,384.72619995117185,401.7925500488281,377.29924330970755,376.71572433706916,385.99330729537525,47.15924346997381,-0.7247836800691516,-1.9038840981621257,1.179100418092974,5.782865214439181,371.0585021972656,407.07279488991935,335.0442095046119,13.880715506417411,44.18629140455811,0.0,0.0,0.0,0.0,0.0
2026-04-30 04:00:00,381.6300048828125,384.75,368.1700134277344,372.75,51076000,382.61900024414064,371.077001953125,384.13239990234376,402.1468000793457,378.0866545048175,377.18375105571135,385.82219739684336,51.814126881132836,-0.30321399237550395,-1.5837500770048014,1.2805360846292975,4.785829789009743,371.077001953125,407.113732159275,335.04027174697495,14.520714896065849,44.04848187267486,0.0,0.0,0.0,0.0,0.0
2026-05-01 04:00:00,390.82000732421875,397.82000732421875,378.79998779296875,382.489990234375,65338300,381.6390014648438,372.58850250244143,383.71460021972655,402.49255004882815,380.40180956289043,378.4824421289025,386.018189943015,56.14429396302535,0.7636366869538733,-1.1142727242130666,1.8779094111669399,-0.28830331614216886,372.58850250244143,409.30271725959665,335.8742877452862,15.323573521205358,39.726202993553436,0.0,0.0,0.0,0.0,0.0
2026-05-04 04:00:00,392.510009765625,394.6400146484375,384.79998779296875,390.2300109863281,48765100,381.64000244140624,374.57300262451173,383.3284002685547,402.85805007934573,382.60330050884215,379.8184009514475,386.27277111252914,56.91113676743297,1.7256009559770291,-0.5462979881750475,2.2718989441520767,0.9282632876825181,374.57300262451173,411.0782082235973,338.06779702542616,14.940004621233259,38.53502418182396,0.0,0.0,0.0,0.0,0.0
2026-05-05 04:00:00,389.3699951171875,402.1199951171875,389.0,395.19000244140625,47780600,381.93500061035155,376.70900268554686,383.11920043945315,403.1566500854492,383.8336086194504,380.7280765862798,386.3942308774177,54.987285276742,2.209126198145782,0.004786849089118417,2.2043393490566636,-2.8081474058001543,376.70900268554686,411.2831010385584,342.1349043325353,13.580718994140625,37.92278117601428,0.0492,0.0543,0.0559,9.0,-0.0067
2026-05-06 04:00:00,398.7300109863281,401.67999267578125,384.0199890136719,386.25,53465400,383.0570007324219,379.4830032348633,382.90620056152346,403.50785018920897,386.5420454134281,382.44254652914157,386.8779869601201,59.39380916975756,3.309449221335967,0.6657193235384882,2.643729897797479,1.5872639455613013,379.4830032348633,411.5668331686876,347.399173301039,13.966432843889509,37.943648409113855,-0.5365,-0.1748,-0.16,14.0,-0.3765
2026-05-07 04:00:00,411.7900085449219,415.8299865722656,402.1199951171875,407.4800109863281,64294200,386.86400146484374,382.79150390625,382.7940008544922,403.9062503051758,391.1325841646088,385.23754291159685,387.85492898305347,64.60099599852003,5.1756343100328195,1.5677023208373546,3.607931989195465,6.565393674137954,382.79150390625,413.8012932596724,351.7817145528276,13.732145036969866,38.959905264183554,0.0,-0.1748,-0.16,14.0,0.16
2026-05-08 04:00:00,428.3500061035156,431.20001220703125,416.3900146484375,416.4800109863281,65050000,392.0690032958984,386.7615036010742,383.1894012451172,404.38520034790037,397.8993881535009,389.3434917870177,389.4429712230716,69.87602698056781,7.899788993201241,2.834119655310132,5.065669337891109,10.53908165174664,386.7615036010742,419.79337347588046,353.72963372626793,13.799288068498884,40.499624318230246,0.0,-0.5261,-0.16,14.0,0.16
2026-05-11 04:00:00,445.0,449.1600036621094,416.79998779296875,422.1600036621094,78376100,398.702001953125,391.3905029296875,384.03920104980466,405.08370040893556,406.4631357619553,394.6441116168255,391.6216782339315,74.06127409438292,11.272276773828253,4.5217510790137565,6.750525694814496,19.073102468819148,391.3905029296875,429.68734311834845,353.09366274102655,15.487145560128349,41.72003528714996,0.1473,0.1549,0.018,22.0,0.1292
2026-05-12 04:00:00,433.45001220703125,447.79998779296875,422.260009765625,441.4100036621094,60569300,404.44500427246095,394.8530029296875,384.6418011474609,405.67065048217773,411.36984057015087,398.3399116730356,393.262005056406,67.09717094991754,12.864713737856675,6.190343610782341,6.674370127074335,15.187357498800957,394.8530029296875,435.26269238780566,354.4433134715693,16.760713849748885,42.99059441096152,0.5059,0.2356,0.0897,15.0,0.4163
2026-05-13 04:00:00,445.2699890136719,453.3999938964844,430.2099914550781,436.6700134277344,68283200,411.69200439453124,397.51900177001954,385.69860107421874,406.2690504455566,417.5335039235183,402.8094428483343,395.3015338390439,70.18677455009436,14.908647244245117,7.934004337474896,6.974642906770221,17.58786627519622,397.51900177001954,443.7399206939194,351.2980828461197,17.051428658621653,35.76077067246891,0.0,0.2356,0.2296,10.0,-0.2296
2026-05-14 04:00:00,443.29998779296875,451.9800109863281,441.1600036621094,446.489990234375,46070400,417.8590026855469,400.23900146484374,386.44580078125,406.87955032348634,422.21831917250927,406.66568522401377,397.18382615096255,69.02345040753923,16.182969441111595,9.583797358202236,6.599172082909359,17.892665481900917,400.23900146484374,450.5463030422882,349.9316998873993,16.965000697544642,35.60072101942786,0.0,0.4973,0.2296,10.0,-0.2296
2026-05-15 04:00:00,422.239990234375,434.6600036621094,422.0,433.9800109863281,52688700,421.0010009765625,401.32000122070315,386.77960083007815,407.3955502319336,422.2222593655757,408.1489523678577,398.16642082090027,57.96299992771261,15.316948913286012,10.730427669218992,4.58652124406702,13.26180366423786,401.32000122070315,452.58185520949553,350.05814723191077,17.28928484235491,39.3253913818188,-0.2841,-0.2546,-0.0632,19.0,-0.2209
2026-05-18 04:00:00,409.989990234375,421.1300048828125,405.3299865722656,419.2699890136719,52474200,422.7489990234375,402.1945007324219,387.04480041503905,407.9041502380371,419.9982104326301,408.324289307526,398.630090209664,52.67553432101595,13.48668270016583,11.28167867540836,2.2050040247574696,7.4312776743723274,402.1945007324219,453.4195465253034,350.96945493954036,17.800713675362722,40.123653072543455,0.0,0.0554,-0.1214,13.0,0.1214
2026-05-19 04:00:00,404.1099853515625,405.6300048828125,393.6300048828125,403.1600036621094,46354700,424.222998046875,403.0789993286133,387.15340026855466,408.4115501403809,417.10944223607237,407.9229270260057,398.8449880583659,50.303498868706434,11.429958836554874,11.311334707637663,0.11862412891721164,3.4005367632877093,403.0789993286133,453.7652647361189,352.39273392110766,18.514999389648438,40.05741745371006,-0.0038,-0.0216,-0.0658,31.0,0.062
